{"type": "FeatureCollection", "features": [{"type": "Feature", "properties": {"from": "kr_424", "to": "kr_350", "line": "Line 3", "stroke": "#EF7C1C"}, "geometry": {"type": "LineString", "coordinates": [[126.74747, 37.67617], [126.76124, 37.67014]]}}, {"type": "Feature", "properties": {"from": "kr_350", "to": "kr_302", "line": "Line 3", "stroke": "#EF7C1C"}, "geometry": {"type": "LineString", "coordinates": [[126.76124, 37.67014], [126.77326, 37.65973]]}}, {"type": "Feature", "properties": {"from": "kr_302", "to": "kr_261", "line": "Line 3", "stroke": "#EF7C1C"}, "geometry": {"type": "LineString", "coordinates": [[126.77326, 37.65973], [126.77776, 37.65201]]}}, {"type": "Feature", "properties": {"from": "kr_261", "to": "kr_228", "line": "Line 3", "stroke": "#EF7C1C"}, "geometry": {"type": "LineString", "coordinates": [[126.77776, 37.65201], [126.78796, 37.64309]]}}, {"type": "Feature", "properties": {"from": "kr_228", "to": "kr_198", "line": "Line 3", "stroke": "#EF7C1C"}, "geometry": {"type": "LineString", "coordinates": [[126.78796, 37.64309], [126.811, 37.63169]]}}, {"type": "Feature", "properties": {"from": "kr_198", "to": "kr_167", "line": "Line 3", "stroke": "#EF7C1C"}, "geometry": {"type": "LineString", "coordinates": [[126.811, 37.63169], [126.83263, 37.63462]]}}, {"type": "Feature", "properties": {"from": "kr_167", "to": "kr_145", "line": "Line 3", "stroke": "#EF7C1C"}, "geometry": {"type": "LineString", "coordinates": [[126.83263, 37.63462], [126.84291, 37.65311]]}}, {"type": "Feature", "properties": {"from": "kr_145", "to": "kr_126", "line": "Line 3", "stroke": "#EF7C1C"}, "geometry": {"type": "LineString", "coordinates": [[126.84291, 37.65311], [126.87375, 37.65051]]}}, {"type": "Feature", "properties": {"from": "kr_126", "to": "kr_115", "line": "Line 3", "stroke": "#EF7C1C"}, "geometry": {"type": "LineString", "coordinates": [[126.87375, 37.65051], [126.89547, 37.65313]]}}, {"type": "Feature", "properties": {"from": "kr_115", "to": "kr_104", "line": "Line 3", "stroke": "#EF7C1C"}, "geometry": {"type": "LineString", "coordinates": [[126.89547, 37.65313], [126.91374, 37.64814]]}}, {"type": "Feature", "properties": {"from": "kr_104", "to": "kr_188", "line": "Line 3", "stroke": "#EF7C1C"}, "geometry": {"type": "LineString", "coordinates": [[126.91374, 37.64814], [126.91877, 37.63685]]}}, {"type": "Feature", "properties": {"from": "kr_104", "to": "kr_192", "line": "Line 3", "stroke": "#EF7C1C"}, "geometry": {"type": "LineString", "coordinates": [[126.91374, 37.64814], [126.91884, 37.63686]]}}, {"type": "Feature", "properties": {"from": "kr_188", "to": "kr_134", "line": "Line 3", "stroke": "#EF7C1C"}, "geometry": {"type": "LineString", "coordinates": [[126.91877, 37.63685], [126.92069, 37.61904]]}}, {"type": "Feature", "properties": {"from": "kr_134", "to": "kr_123", "line": "Line 3", "stroke": "#EF7C1C"}, "geometry": {"type": "LineString", "coordinates": [[126.92069, 37.61904], [126.9304, 37.60988]]}}, {"type": "Feature", "properties": {"from": "kr_134", "to": "kr_409", "line": "Line 6", "stroke": "#CD7C2F"}, "geometry": {"type": "LineString", "coordinates": [[126.92069, 37.61904], [126.93306, 37.61845]]}}, {"type": "Feature", "properties": {"from": "kr_134", "to": "kr_390", "line": "Line 6", "stroke": "#CD7C2F"}, "geometry": {"type": "LineString", "coordinates": [[126.92069, 37.61904], [126.9171, 37.61104]]}}, {"type": "Feature", "properties": {"from": "kr_123", "to": "kr_113", "line": "Line 3", "stroke": "#EF7C1C"}, "geometry": {"type": "LineString", "coordinates": [[126.9304, 37.60988], [126.93572, 37.60094]]}}, {"type": "Feature", "properties": {"from": "kr_113", "to": "kr_110", "line": "Line 3", "stroke": "#EF7C1C"}, "geometry": {"type": "LineString", "coordinates": [[126.93572, 37.60094], [126.9442, 37.58867]]}}, {"type": "Feature", "properties": {"from": "kr_110", "to": "kr_096", "line": "Line 3", "stroke": "#EF7C1C"}, "geometry": {"type": "LineString", "coordinates": [[126.9442, 37.58867], [126.95031, 37.58231]]}}, {"type": "Feature", "properties": {"from": "kr_096", "to": "kr_083", "line": "Line 3", "stroke": "#EF7C1C"}, "geometry": {"type": "LineString", "coordinates": [[126.95031, 37.58231], [126.95782, 37.57451]]}}, {"type": "Feature", "properties": {"from": "kr_083", "to": "kr_077", "line": "Line 3", "stroke": "#EF7C1C"}, "geometry": {"type": "LineString", "coordinates": [[126.95782, 37.57451], [126.97357, 37.57576]]}}, {"type": "Feature", "properties": {"from": "kr_077", "to": "kr_022", "line": "Line 3", "stroke": "#EF7C1C"}, "geometry": {"type": "LineString", "coordinates": [[126.97357, 37.57576], [126.98621, 37.57685]]}}, {"type": "Feature", "properties": {"from": "kr_022", "to": "kr_007", "line": "Line 3", "stroke": "#EF7C1C"}, "geometry": {"type": "LineString", "coordinates": [[126.98621, 37.57685], [126.99154, 37.57166]]}}, {"type": "Feature", "properties": {"from": "kr_022", "to": "kr_058", "line": "Line 3", "stroke": "#EF7C1C"}, "geometry": {"type": "LineString", "coordinates": [[126.98621, 37.57685], [126.97358, 37.57582]]}}, {"type": "Feature", "properties": {"from": "kr_007", "to": "kr_278", "line": "Line 3", "stroke": "#EF7C1C"}, "geometry": {"type": "LineString", "coordinates": [[126.99154, 37.57166], [126.99166, 37.56631]]}}, {"type": "Feature", "properties": {"from": "kr_007", "to": "kr_335", "line": "Line 3", "stroke": "#EF7C1C"}, "geometry": {"type": "LineString", "coordinates": [[126.99154, 37.57166], [126.99268, 37.56637]]}}, {"type": "Feature", "properties": {"from": "kr_007", "to": "kr_144", "line": "Line 5", "stroke": "#996CAC"}, "geometry": {"type": "LineString", "coordinates": [[126.99154, 37.57166], [126.9981, 37.56693]]}}, {"type": "Feature", "properties": {"from": "kr_007", "to": "kr_246", "line": "Line 5", "stroke": "#996CAC"}, "geometry": {"type": "LineString", "coordinates": [[126.99154, 37.57166], [126.97691, 37.57161]]}}, {"type": "Feature", "properties": {"from": "kr_007", "to": "kr_050", "line": "Line 1", "stroke": "#0052A4"}, "geometry": {"type": "LineString", "coordinates": [[126.99154, 37.57166], [127.00212, 37.57098]]}}, {"type": "Feature", "properties": {"from": "kr_007", "to": "kr_018", "line": "Line 1", "stroke": "#0052A4"}, "geometry": {"type": "LineString", "coordinates": [[126.99154, 37.57166], [126.98318, 37.57016]]}}, {"type": "Feature", "properties": {"from": "kr_278", "to": "kr_030", "line": "Line 3", "stroke": "#EF7C1C"}, "geometry": {"type": "LineString", "coordinates": [[126.99166, 37.56631], [126.99441, 37.56111]]}}, {"type": "Feature", "properties": {"from": "kr_278", "to": "kr_338", "line": "Line 2", "stroke": "#00A84D"}, "geometry": {"type": "LineString", "coordinates": [[126.99166, 37.56631], [126.998, 37.56663]]}}, {"type": "Feature", "properties": {"from": "kr_278", "to": "kr_312", "line": "Line 2", "stroke": "#00A84D"}, "geometry": {"type": "LineString", "coordinates": [[126.99166, 37.56631], [126.98261, 37.56595]]}}, {"type": "Feature", "properties": {"from": "kr_030", "to": "kr_329", "line": "Line 3", "stroke": "#EF7C1C"}, "geometry": {"type": "LineString", "coordinates": [[126.99441, 37.56111], [127.00577, 37.55902]]}}, {"type": "Feature", "properties": {"from": "kr_030", "to": "kr_009", "line": "Line 4", "stroke": "#00A5DE"}, "geometry": {"type": "LineString", "coordinates": [[126.99441, 37.56111], [127.00777, 37.56495]]}}, {"type": "Feature", "properties": {"from": "kr_030", "to": "kr_035", "line": "Line 4", "stroke": "#00A5DE"}, "geometry": {"type": "LineString", "coordinates": [[126.99441, 37.56111], [126.98629, 37.5609]]}}, {"type": "Feature", "properties": {"from": "kr_329", "to": "kr_349", "line": "Line 3", "stroke": "#EF7C1C"}, "geometry": {"type": "LineString", "coordinates": [[127.00577, 37.55902], [127.01055, 37.55483]]}}, {"type": "Feature", "properties": {"from": "kr_349", "to": "kr_372", "line": "Line 3", "stroke": "#EF7C1C"}, "geometry": {"type": "LineString", "coordinates": [[127.01055, 37.55483], [127.01586, 37.54802]]}}, {"type": "Feature", "properties": {"from": "kr_372", "to": "kr_059", "line": "Line 3", "stroke": "#EF7C1C"}, "geometry": {"type": "LineString", "coordinates": [[127.01586, 37.54802], [127.01745, 37.54169]]}}, {"type": "Feature", "properties": {"from": "kr_059", "to": "kr_137", "line": "Line 3", "stroke": "#EF7C1C"}, "geometry": {"type": "LineString", "coordinates": [[127.01745, 37.54169], [127.02847, 37.52614]]}}, {"type": "Feature", "properties": {"from": "kr_059", "to": "kr_138", "line": "Line 3", "stroke": "#EF7C1C"}, "geometry": {"type": "LineString", "coordinates": [[127.01745, 37.54169], [127.02851, 37.52613]]}}, {"type": "Feature", "properties": {"from": "kr_059", "to": "kr_068", "line": "Line 3", "stroke": "#EF7C1C"}, "geometry": {"type": "LineString", "coordinates": [[127.01745, 37.54169], [127.01593, 37.54804]]}}, {"type": "Feature", "properties": {"from": "kr_137", "to": "kr_056", "line": "Line 3", "stroke": "#EF7C1C"}, "geometry": {"type": "LineString", "coordinates": [[127.02847, 37.52614], [127.01963, 37.51595]]}}, {"type": "Feature", "properties": {"from": "kr_056", "to": "kr_216", "line": "Line 3", "stroke": "#EF7C1C"}, "geometry": {"type": "LineString", "coordinates": [[127.01963, 37.51595], [127.0111, 37.51274]]}}, {"type": "Feature", "properties": {"from": "kr_056", "to": "kr_138", "line": "Line 3", "stroke": "#EF7C1C"}, "geometry": {"type": "LineString", "coordinates": [[127.01963, 37.51595], [127.02851, 37.52613]]}}, {"type": "Feature", "properties": {"from": "kr_056", "to": "kr_084", "line": "Seoul Metropolitan Subway Shinbundang Line: Sinsa→ Gwangyo", "stroke": "#8A8A8A"}, "geometry": {"type": "LineString", "coordinates": [[127.01963, 37.51595], [127.02186, 37.50994]]}}, {"type": "Feature", "properties": {"from": "kr_216", "to": "kr_002", "line": "Line 3", "stroke": "#EF7C1C"}, "geometry": {"type": "LineString", "coordinates": [[127.0111, 37.51274], [127.00489, 37.50495]]}}, {"type": "Feature", "properties": {"from": "kr_002", "to": "kr_052", "line": "Line 3", "stroke": "#EF7C1C"}, "geometry": {"type": "LineString", "coordinates": [[127.00489, 37.50495], [127.01422, 37.49342]]}}, {"type": "Feature", "properties": {"from": "kr_002", "to": "kr_403", "line": "Line 9", "stroke": "#BDB092"}, "geometry": {"type": "LineString", "coordinates": [[127.00489, 37.50495], [126.99642, 37.5036]]}}, {"type": "Feature", "properties": {"from": "kr_002", "to": "kr_433", "line": "Line 9", "stroke": "#BDB092"}, "geometry": {"type": "LineString", "coordinates": [[127.00489, 37.50495], [127.01514, 37.5043]]}}, {"type": "Feature", "properties": {"from": "kr_002", "to": "kr_006", "line": "Line 9", "stroke": "#BDB092"}, "geometry": {"type": "LineString", "coordinates": [[127.00489, 37.50495], [127.02466, 37.50413]]}}, {"type": "Feature", "properties": {"from": "kr_002", "to": "kr_003", "line": "Line 9", "stroke": "#BDB092"}, "geometry": {"type": "LineString", "coordinates": [[127.00489, 37.50495], [126.97941, 37.50294]]}}, {"type": "Feature", "properties": {"from": "kr_002", "to": "kr_121", "line": "Line 7", "stroke": "#747F00"}, "geometry": {"type": "LineString", "coordinates": [[127.00489, 37.50495], [127.01163, 37.50817]]}}, {"type": "Feature", "properties": {"from": "kr_002", "to": "kr_135", "line": "Line 7", "stroke": "#747F00"}, "geometry": {"type": "LineString", "coordinates": [[127.00489, 37.50495], [126.99319, 37.48754]]}}, {"type": "Feature", "properties": {"from": "kr_052", "to": "kr_152", "line": "Line 3", "stroke": "#EF7C1C"}, "geometry": {"type": "LineString", "coordinates": [[127.01422, 37.49342], [127.01631, 37.48498]]}}, {"type": "Feature", "properties": {"from": "kr_052", "to": "kr_333", "line": "Line 2", "stroke": "#00A84D"}, "geometry": {"type": "LineString", "coordinates": [[127.01422, 37.49342], [127.00763, 37.49182]]}}, {"type": "Feature", "properties": {"from": "kr_052", "to": "kr_027", "line": "Line 2", "stroke": "#00A84D"}, "geometry": {"type": "LineString", "coordinates": [[127.01422, 37.49342], [127.02778, 37.49752]]}}, {"type": "Feature", "properties": {"from": "kr_152", "to": "kr_020", "line": "Line 3", "stroke": "#EF7C1C"}, "geometry": {"type": "LineString", "coordinates": [[127.01631, 37.48498], [127.03449, 37.48417]]}}, {"type": "Feature", "properties": {"from": "kr_020", "to": "kr_250", "line": "Line 3", "stroke": "#EF7C1C"}, "geometry": {"type": "LineString", "coordinates": [[127.03449, 37.48417], [127.04699, 37.48704]]}}, {"type": "Feature", "properties": {"from": "kr_020", "to": "kr_251", "line": "Line 3", "stroke": "#EF7C1C"}, "geometry": {"type": "LineString", "coordinates": [[127.03449, 37.48417], [127.04696, 37.48708]]}}, {"type": "Feature", "properties": {"from": "kr_020", "to": "kr_027", "line": "Seoul Metropolitan Subway Shinbundang Line: Sinsa→ Gwangyo", "stroke": "#8A8A8A"}, "geometry": {"type": "LineString", "coordinates": [[127.03449, 37.48417], [127.02778, 37.49752]]}}, {"type": "Feature", "properties": {"from": "kr_020", "to": "kr_038", "line": "Seoul Metropolitan Subway Shinbundang Line: Sinsa→ Gwangyo", "stroke": "#8A8A8A"}, "geometry": {"type": "LineString", "coordinates": [[127.03449, 37.48417], [127.03832, 37.47014]]}}, {"type": "Feature", "properties": {"from": "kr_250", "to": "kr_164", "line": "Line 3", "stroke": "#EF7C1C"}, "geometry": {"type": "LineString", "coordinates": [[127.04699, 37.48704], [127.05547, 37.49091]]}}, {"type": "Feature", "properties": {"from": "kr_164", "to": "kr_289", "line": "Line 3", "stroke": "#EF7C1C"}, "geometry": {"type": "LineString", "coordinates": [[127.05547, 37.49091], [127.06322, 37.49445]]}}, {"type": "Feature", "properties": {"from": "kr_164", "to": "kr_290", "line": "Line 3", "stroke": "#EF7C1C"}, "geometry": {"type": "LineString", "coordinates": [[127.05547, 37.49091], [127.06318, 37.4945]]}}, {"type": "Feature", "properties": {"from": "kr_164", "to": "kr_251", "line": "Line 3", "stroke": "#EF7C1C"}, "geometry": {"type": "LineString", "coordinates": [[127.05547, 37.49091], [127.04696, 37.48708]]}}, {"type": "Feature", "properties": {"from": "kr_289", "to": "kr_321", "line": "Line 3", "stroke": "#EF7C1C"}, "geometry": {"type": "LineString", "coordinates": [[127.06322, 37.49445], [127.06991, 37.49648]]}}, {"type": "Feature", "properties": {"from": "kr_321", "to": "kr_347", "line": "Line 3", "stroke": "#EF7C1C"}, "geometry": {"type": "LineString", "coordinates": [[127.06991, 37.49648], [127.07951, 37.49365]]}}, {"type": "Feature", "properties": {"from": "kr_347", "to": "kr_298", "line": "Line 3", "stroke": "#EF7C1C"}, "geometry": {"type": "LineString", "coordinates": [[127.07951, 37.49365], [127.08421, 37.48379]]}}, {"type": "Feature", "properties": {"from": "kr_298", "to": "kr_286", "line": "Line 3", "stroke": "#EF7C1C"}, "geometry": {"type": "LineString", "coordinates": [[127.08421, 37.48379], [127.10196, 37.48746]]}}, {"type": "Feature", "properties": {"from": "kr_298", "to": "kr_348", "line": "Line 3", "stroke": "#EF7C1C"}, "geometry": {"type": "LineString", "coordinates": [[127.08421, 37.48379], [127.07957, 37.49367]]}}, {"type": "Feature", "properties": {"from": "kr_286", "to": "kr_064", "line": "Line 3", "stroke": "#EF7C1C"}, "geometry": {"type": "LineString", "coordinates": [[127.10196, 37.48746], [127.11793, 37.49273]]}}, {"type": "Feature", "properties": {"from": "kr_064", "to": "kr_406", "line": "Line 3", "stroke": "#EF7C1C"}, "geometry": {"type": "LineString", "coordinates": [[127.11793, 37.49273], [127.12383, 37.49531]]}}, {"type": "Feature", "properties": {"from": "kr_064", "to": "kr_066", "line": "Line 8", "stroke": "#E6186C"}, "geometry": {"type": "LineString", "coordinates": [[127.11793, 37.49273], [127.11227, 37.49963]]}}, {"type": "Feature", "properties": {"from": "kr_064", "to": "kr_117", "line": "Line 8", "stroke": "#E6186C"}, "geometry": {"type": "LineString", "coordinates": [[127.11793, 37.49273], [127.12251, 37.48586]]}}, {"type": "Feature", "properties": {"from": "kr_064", "to": "kr_407", "line": "Line 3", "stroke": "#EF7C1C"}, "geometry": {"type": "LineString", "coordinates": [[127.11793, 37.49273], [127.12378, 37.49535]]}}, {"type": "Feature", "properties": {"from": "kr_406", "to": "kr_253", "line": "Line 3", "stroke": "#EF7C1C"}, "geometry": {"type": "LineString", "coordinates": [[127.12383, 37.49531], [127.12808, 37.50219]]}}, {"type": "Feature", "properties": {"from": "kr_253", "to": "kr_407", "line": "Line 3", "stroke": "#EF7C1C"}, "geometry": {"type": "LineString", "coordinates": [[127.12808, 37.50219], [127.12378, 37.49535]]}}, {"type": "Feature", "properties": {"from": "kr_253", "to": "kr_306", "line": "Line 5", "stroke": "#996CAC"}, "geometry": {"type": "LineString", "coordinates": [[127.12808, 37.50219], [127.13483, 37.49807]]}}, {"type": "Feature", "properties": {"from": "kr_253", "to": "kr_223", "line": "Line 5", "stroke": "#996CAC"}, "geometry": {"type": "LineString", "coordinates": [[127.12808, 37.50219], [127.12604, 37.50863]]}}, {"type": "Feature", "properties": {"from": "kr_014", "to": "kr_283", "line": "Line 2", "stroke": "#00A84D"}, "geometry": {"type": "LineString", "coordinates": [[126.97613, 37.56452], [126.96368, 37.55934]]}}, {"type": "Feature", "properties": {"from": "kr_014", "to": "kr_312", "line": "Line 2", "stroke": "#00A84D"}, "geometry": {"type": "LineString", "coordinates": [[126.97613, 37.56452], [126.98261, 37.56595]]}}, {"type": "Feature", "properties": {"from": "kr_014", "to": "kr_018", "line": "Line 1", "stroke": "#0052A4"}, "geometry": {"type": "LineString", "coordinates": [[126.97613, 37.56452], [126.98318, 37.57016]]}}, {"type": "Feature", "properties": {"from": "kr_014", "to": "kr_005", "line": "Line 1", "stroke": "#0052A4"}, "geometry": {"type": "LineString", "coordinates": [[126.97613, 37.56452], [126.97234, 37.55433]]}}, {"type": "Feature", "properties": {"from": "kr_283", "to": "kr_326", "line": "Line 2", "stroke": "#00A84D"}, "geometry": {"type": "LineString", "coordinates": [[126.96368, 37.55934], [126.95613, 37.55743]]}}, {"type": "Feature", "properties": {"from": "kr_326", "to": "kr_373", "line": "Line 2", "stroke": "#00A84D"}, "geometry": {"type": "LineString", "coordinates": [[126.95613, 37.55743], [126.94584, 37.55677]]}}, {"type": "Feature", "properties": {"from": "kr_373", "to": "kr_376", "line": "Line 2", "stroke": "#00A84D"}, "geometry": {"type": "LineString", "coordinates": [[126.94584, 37.55677], [126.93691, 37.55515]]}}, {"type": "Feature", "properties": {"from": "kr_376", "to": "kr_368", "line": "Line 2", "stroke": "#00A84D"}, "geometry": {"type": "LineString", "coordinates": [[126.93691, 37.55515], [126.92349, 37.55665]]}}, {"type": "Feature", "properties": {"from": "kr_368", "to": "kr_323", "line": "Line 2", "stroke": "#00A84D"}, "geometry": {"type": "LineString", "coordinates": [[126.92349, 37.55665], [126.91466, 37.55006]]}}, {"type": "Feature", "properties": {"from": "kr_323", "to": "kr_049", "line": "Line 2", "stroke": "#00A84D"}, "geometry": {"type": "LineString", "coordinates": [[126.91466, 37.55006], [126.90268, 37.53419]]}}, {"type": "Feature", "properties": {"from": "kr_049", "to": "kr_300", "line": "Line 2", "stroke": "#00A84D"}, "geometry": {"type": "LineString", "coordinates": [[126.90268, 37.53419], [126.89657, 37.52531]]}}, {"type": "Feature", "properties": {"from": "kr_049", "to": "kr_387", "line": "Line 9", "stroke": "#BDB092"}, "geometry": {"type": "LineString", "coordinates": [[126.90268, 37.53419], [126.8939, 37.5379]]}}, {"type": "Feature", "properties": {"from": "kr_049", "to": "kr_431", "line": "Line 9", "stroke": "#BDB092"}, "geometry": {"type": "LineString", "coordinates": [[126.90268, 37.53419], [126.91803, 37.52795]]}}, {"type": "Feature", "properties": {"from": "kr_049", "to": "kr_073", "line": "Line 9", "stroke": "#BDB092"}, "geometry": {"type": "LineString", "coordinates": [[126.90268, 37.53419], [126.87544, 37.54704]]}}, {"type": "Feature", "properties": {"from": "kr_049", "to": "kr_036", "line": "Line 9", "stroke": "#BDB092"}, "geometry": {"type": "LineString", "coordinates": [[126.90268, 37.53419], [126.92415, 37.52168]]}}, {"type": "Feature", "properties": {"from": "kr_300", "to": "kr_282", "line": "Line 2", "stroke": "#00A84D"}, "geometry": {"type": "LineString", "coordinates": [[126.89657, 37.52531], [126.89487, 37.5184]]}}, {"type": "Feature", "properties": {"from": "kr_282", "to": "kr_013", "line": "Line 2", "stroke": "#00A84D"}, "geometry": {"type": "LineString", "coordinates": [[126.89487, 37.5184], [126.89152, 37.50903]]}}, {"type": "Feature", "properties": {"from": "kr_013", "to": "kr_255", "line": "Line 2", "stroke": "#00A84D"}, "geometry": {"type": "LineString", "coordinates": [[126.89152, 37.50903], [126.89499, 37.49329]]}}, {"type": "Feature", "properties": {"from": "kr_013", "to": "kr_151", "line": "Line 2", "stroke": "#00A84D"}, "geometry": {"type": "LineString", "coordinates": [[126.89152, 37.50903], [126.88262, 37.51448]]}}, {"type": "Feature", "properties": {"from": "kr_013", "to": "kr_019", "line": "Line 1", "stroke": "#0052A4"}, "geometry": {"type": "LineString", "coordinates": [[126.89152, 37.50903], [126.88228, 37.50327]]}}, {"type": "Feature", "properties": {"from": "kr_013", "to": "kr_001", "line": "Line 1", "stroke": "#0052A4"}, "geometry": {"type": "LineString", "coordinates": [[126.89152, 37.50903], [126.90723, 37.51553]]}}, {"type": "Feature", "properties": {"from": "kr_255", "to": "kr_288", "line": "Line 2", "stroke": "#00A84D"}, "geometry": {"type": "LineString", "coordinates": [[126.89499, 37.49329], [126.90167, 37.48532]]}}, {"type": "Feature", "properties": {"from": "kr_288", "to": "kr_336", "line": "Line 2", "stroke": "#00A84D"}, "geometry": {"type": "LineString", "coordinates": [[126.90167, 37.48532], [126.91341, 37.48761]]}}, {"type": "Feature", "properties": {"from": "kr_336", "to": "kr_375", "line": "Line 2", "stroke": "#00A84D"}, "geometry": {"type": "LineString", "coordinates": [[126.91341, 37.48761], [126.9297, 37.48424]]}}, {"type": "Feature", "properties": {"from": "kr_375", "to": "kr_377", "line": "Line 2", "stroke": "#00A84D"}, "geometry": {"type": "LineString", "coordinates": [[126.9297, 37.48424], [126.94199, 37.48237]]}}, {"type": "Feature", "properties": {"from": "kr_377", "to": "kr_370", "line": "Line 2", "stroke": "#00A84D"}, "geometry": {"type": "LineString", "coordinates": [[126.94199, 37.48237], [126.95275, 37.48121]]}}, {"type": "Feature", "properties": {"from": "kr_370", "to": "kr_319", "line": "Line 2", "stroke": "#00A84D"}, "geometry": {"type": "LineString", "coordinates": [[126.95275, 37.48121], [126.96355, 37.47705]]}}, {"type": "Feature", "properties": {"from": "kr_319", "to": "kr_133", "line": "Line 2", "stroke": "#00A84D"}, "geometry": {"type": "LineString", "coordinates": [[126.96355, 37.47705], [126.98153, 37.47695]]}}, {"type": "Feature", "properties": {"from": "kr_133", "to": "kr_344", "line": "Line 2", "stroke": "#00A84D"}, "geometry": {"type": "LineString", "coordinates": [[126.98153, 37.47695], [126.99767, 37.48146]]}}, {"type": "Feature", "properties": {"from": "kr_133", "to": "kr_139", "line": "Line 4", "stroke": "#00A5DE"}, "geometry": {"type": "LineString", "coordinates": [[126.98153, 37.47695], [126.98223, 37.48703]]}}, {"type": "Feature", "properties": {"from": "kr_133", "to": "kr_247", "line": "Line 4", "stroke": "#00A5DE"}, "geometry": {"type": "LineString", "coordinates": [[126.98153, 37.47695], [126.98852, 37.46504]]}}, {"type": "Feature", "properties": {"from": "kr_344", "to": "kr_333", "line": "Line 2", "stroke": "#00A84D"}, "geometry": {"type": "LineString", "coordinates": [[126.99767, 37.48146], [127.00763, 37.49182]]}}, {"type": "Feature", "properties": {"from": "kr_027", "to": "kr_252", "line": "Line 2", "stroke": "#00A84D"}, "geometry": {"type": "LineString", "coordinates": [[127.02778, 37.49752], [127.03691, 37.50081]]}}, {"type": "Feature", "properties": {"from": "kr_027", "to": "kr_006", "line": "Seoul Metropolitan Subway Shinbundang Line: Sinsa→ Gwangyo", "stroke": "#8A8A8A"}, "geometry": {"type": "LineString", "coordinates": [[127.02778, 37.49752], [127.02466, 37.50413]]}}, {"type": "Feature", "properties": {"from": "kr_252", "to": "kr_275", "line": "Line 2", "stroke": "#00A84D"}, "geometry": {"type": "LineString", "coordinates": [[127.03691, 37.50081], [127.0489, 37.50446]]}}, {"type": "Feature", "properties": {"from": "kr_275", "to": "kr_279", "line": "Line 2", "stroke": "#00A84D"}, "geometry": {"type": "LineString", "coordinates": [[127.0489, 37.50446], [127.06315, 37.50885]]}}, {"type": "Feature", "properties": {"from": "kr_279", "to": "kr_012", "line": "Line 2", "stroke": "#00A84D"}, "geometry": {"type": "LineString", "coordinates": [[127.06315, 37.50885], [127.07511, 37.51122]]}}, {"type": "Feature", "properties": {"from": "kr_012", "to": "kr_157", "line": "Line 2", "stroke": "#00A84D"}, "geometry": {"type": "LineString", "coordinates": [[127.07511, 37.51122], [127.0855, 37.5116]]}}, {"type": "Feature", "properties": {"from": "kr_012", "to": "kr_017", "line": "Line 9", "stroke": "#BDB092"}, "geometry": {"type": "LineString", "coordinates": [[127.07511, 37.51122], [127.06017, 37.51418]]}}, {"type": "Feature", "properties": {"from": "kr_012", "to": "kr_394", "line": "Line 9", "stroke": "#BDB092"}, "geometry": {"type": "LineString", "coordinates": [[127.07511, 37.51122], [127.08721, 37.50453]]}}, {"type": "Feature", "properties": {"from": "kr_012", "to": "kr_015", "line": "Line 9", "stroke": "#BDB092"}, "geometry": {"type": "LineString", "coordinates": [[127.07511, 37.51122], [127.10698, 37.50519]]}}, {"type": "Feature", "properties": {"from": "kr_157", "to": "kr_178", "line": "Line 2", "stroke": "#00A84D"}, "geometry": {"type": "LineString", "coordinates": [[127.0855, 37.5116], [127.10029, 37.5133]]}}, {"type": "Feature", "properties": {"from": "kr_178", "to": "kr_191", "line": "Line 2", "stroke": "#00A84D"}, "geometry": {"type": "LineString", "coordinates": [[127.10029, 37.5133], [127.10384, 37.52067]]}}, {"type": "Feature", "properties": {"from": "kr_191", "to": "kr_196", "line": "Line 2", "stroke": "#00A84D"}, "geometry": {"type": "LineString", "coordinates": [[127.10384, 37.52067], [127.09472, 37.53514]]}}, {"type": "Feature", "properties": {"from": "kr_196", "to": "kr_210", "line": "Line 2", "stroke": "#00A84D"}, "geometry": {"type": "LineString", "coordinates": [[127.09472, 37.53514], [127.08618, 37.53715]]}}, {"type": "Feature", "properties": {"from": "kr_210", "to": "kr_209", "line": "Line 2", "stroke": "#00A84D"}, "geometry": {"type": "LineString", "coordinates": [[127.08618, 37.53715], [127.06922, 37.54042]]}}, {"type": "Feature", "properties": {"from": "kr_209", "to": "kr_186", "line": "Line 2", "stroke": "#00A84D"}, "geometry": {"type": "LineString", "coordinates": [[127.06922, 37.54042], [127.0561, 37.54457]]}}, {"type": "Feature", "properties": {"from": "kr_186", "to": "kr_285", "line": "Line 2", "stroke": "#00A84D"}, "geometry": {"type": "LineString", "coordinates": [[127.0561, 37.54457], [127.0474, 37.54724]]}}, {"type": "Feature", "properties": {"from": "kr_186", "to": "kr_243", "line": "Line 2", "stroke": "#00A84D"}, "geometry": {"type": "LineString", "coordinates": [[127.0561, 37.54457], [127.05085, 37.56212]]}}, {"type": "Feature", "properties": {"from": "kr_285", "to": "kr_272", "line": "Line 2", "stroke": "#00A84D"}, "geometry": {"type": "LineString", "coordinates": [[127.0474, 37.54724], [127.04366, 37.55573]]}}, {"type": "Feature", "properties": {"from": "kr_272", "to": "kr_071", "line": "Line 2", "stroke": "#00A84D"}, "geometry": {"type": "LineString", "coordinates": [[127.04366, 37.55573], [127.03623, 37.5611]]}}, {"type": "Feature", "properties": {"from": "kr_272", "to": "kr_345", "line": "Line 2", "stroke": "#00A84D"}, "geometry": {"type": "LineString", "coordinates": [[127.04366, 37.55573], [127.03713, 37.5612]]}}, {"type": "Feature", "properties": {"from": "kr_071", "to": "kr_076", "line": "Line 2", "stroke": "#00A84D"}, "geometry": {"type": "LineString", "coordinates": [[127.03623, 37.5611], [127.02921, 37.56441]]}}, {"type": "Feature", "properties": {"from": "kr_071", "to": "kr_094", "line": "Line 5", "stroke": "#996CAC"}, "geometry": {"type": "LineString", "coordinates": [[127.03623, 37.5611], [127.04291, 37.5661]]}}, {"type": "Feature", "properties": {"from": "kr_071", "to": "kr_296", "line": "Line 5", "stroke": "#996CAC"}, "geometry": {"type": "LineString", "coordinates": [[127.03623, 37.5611], [127.02996, 37.55758]]}}, {"type": "Feature", "properties": {"from": "kr_076", "to": "kr_069", "line": "Line 2", "stroke": "#00A84D"}, "geometry": {"type": "LineString", "coordinates": [[127.02921, 37.56441], [127.01981, 37.56563]]}}, {"type": "Feature", "properties": {"from": "kr_076", "to": "kr_345", "line": "Line 2", "stroke": "#00A84D"}, "geometry": {"type": "LineString", "coordinates": [[127.02921, 37.56441], [127.03713, 37.5612]]}}, {"type": "Feature", "properties": {"from": "kr_069", "to": "kr_009", "line": "Line 2", "stroke": "#00A84D"}, "geometry": {"type": "LineString", "coordinates": [[127.01981, 37.56563], [127.00777, 37.56495]]}}, {"type": "Feature", "properties": {"from": "kr_069", "to": "kr_402", "line": "Line 2", "stroke": "#00A84D"}, "geometry": {"type": "LineString", "coordinates": [[127.01981, 37.56563], [127.00814, 37.56585]]}}, {"type": "Feature", "properties": {"from": "kr_009", "to": "kr_338", "line": "Line 2", "stroke": "#00A84D"}, "geometry": {"type": "LineString", "coordinates": [[127.00777, 37.56495], [126.998, 37.56663]]}}, {"type": "Feature", "properties": {"from": "kr_009", "to": "kr_011", "line": "Line 4", "stroke": "#00A5DE"}, "geometry": {"type": "LineString", "coordinates": [[127.00777, 37.56495], [127.01023, 37.57127]]}}, {"type": "Feature", "properties": {"from": "kr_009", "to": "kr_029", "line": "Line 5", "stroke": "#996CAC"}, "geometry": {"type": "LineString", "coordinates": [[127.00777, 37.56495], [127.01377, 37.56028]]}}, {"type": "Feature", "properties": {"from": "kr_009", "to": "kr_144", "line": "Line 5", "stroke": "#996CAC"}, "geometry": {"type": "LineString", "coordinates": [[127.00777, 37.56495], [126.9981, 37.56693]]}}, {"type": "Feature", "properties": {"from": "kr_338", "to": "kr_402", "line": "Line 2", "stroke": "#00A84D"}, "geometry": {"type": "LineString", "coordinates": [[126.998, 37.56663], [127.00814, 37.56585]]}}, {"type": "Feature", "properties": {"from": "kr_262", "to": "kr_229", "line": "Line 4", "stroke": "#00A5DE"}, "geometry": {"type": "LineString", "coordinates": [[127.07908, 37.67025], [127.07342, 37.6607]]}}, {"type": "Feature", "properties": {"from": "kr_262", "to": "kr_310", "line": "Line 4", "stroke": "#00A5DE"}, "geometry": {"type": "LineString", "coordinates": [[127.07908, 37.67025], [127.11619, 37.6678]]}}, {"type": "Feature", "properties": {"from": "kr_229", "to": "kr_199", "line": "Line 4", "stroke": "#00A5DE"}, "geometry": {"type": "LineString", "coordinates": [[127.07342, 37.6607], [127.06344, 37.65636]]}}, {"type": "Feature", "properties": {"from": "kr_199", "to": "kr_270", "line": "Line 4", "stroke": "#00A5DE"}, "geometry": {"type": "LineString", "coordinates": [[127.06344, 37.65636], [127.04666, 37.65296]]}}, {"type": "Feature", "properties": {"from": "kr_199", "to": "kr_271", "line": "Line 4", "stroke": "#00A5DE"}, "geometry": {"type": "LineString", "coordinates": [[127.06344, 37.65636], [127.04882, 37.65344]]}}, {"type": "Feature", "properties": {"from": "kr_270", "to": "kr_125", "line": "Line 4", "stroke": "#00A5DE"}, "geometry": {"type": "LineString", "coordinates": [[127.04666, 37.65296], [127.03457, 37.64842]]}}, {"type": "Feature", "properties": {"from": "kr_125", "to": "kr_116", "line": "Line 4", "stroke": "#00A5DE"}, "geometry": {"type": "LineString", "coordinates": [[127.03457, 37.64842], [127.02571, 37.63798]]}}, {"type": "Feature", "properties": {"from": "kr_125", "to": "kr_271", "line": "Line 4", "stroke": "#00A5DE"}, "geometry": {"type": "LineString", "coordinates": [[127.03457, 37.64842], [127.04882, 37.65344]]}}, {"type": "Feature", "properties": {"from": "kr_116", "to": "kr_106", "line": "Line 4", "stroke": "#00A5DE"}, "geometry": {"type": "LineString", "coordinates": [[127.02571, 37.63798], [127.02611, 37.62654]]}}, {"type": "Feature", "properties": {"from": "kr_106", "to": "kr_091", "line": "Line 4", "stroke": "#00A5DE"}, "geometry": {"type": "LineString", "coordinates": [[127.02611, 37.62654], [127.0301, 37.61317]]}}, {"type": "Feature", "properties": {"from": "kr_091", "to": "kr_082", "line": "Line 4", "stroke": "#00A5DE"}, "geometry": {"type": "LineString", "coordinates": [[127.0301, 37.61317], [127.02494, 37.60331]]}}, {"type": "Feature", "properties": {"from": "kr_082", "to": "kr_160", "line": "Line 4", "stroke": "#00A5DE"}, "geometry": {"type": "LineString", "coordinates": [[127.02494, 37.60331], [127.01641, 37.59266]]}}, {"type": "Feature", "properties": {"from": "kr_082", "to": "kr_161", "line": "Line 4", "stroke": "#00A5DE"}, "geometry": {"type": "LineString", "coordinates": [[127.02494, 37.60331], [127.01642, 37.59263]]}}, {"type": "Feature", "properties": {"from": "kr_160", "to": "kr_061", "line": "Line 4", "stroke": "#00A5DE"}, "geometry": {"type": "LineString", "coordinates": [[127.01641, 37.59266], [127.00637, 37.5886]]}}, {"type": "Feature", "properties": {"from": "kr_061", "to": "kr_057", "line": "Line 4", "stroke": "#00A5DE"}, "geometry": {"type": "LineString", "coordinates": [[127.00637, 37.5886], [127.00196, 37.58214]]}}, {"type": "Feature", "properties": {"from": "kr_061", "to": "kr_161", "line": "Line 4", "stroke": "#00A5DE"}, "geometry": {"type": "LineString", "coordinates": [[127.00637, 37.5886], [127.01642, 37.59263]]}}, {"type": "Feature", "properties": {"from": "kr_057", "to": "kr_011", "line": "Line 4", "stroke": "#00A5DE"}, "geometry": {"type": "LineString", "coordinates": [[127.00196, 37.58214], [127.01023, 37.57127]]}}, {"type": "Feature", "properties": {"from": "kr_011", "to": "kr_025", "line": "Line 1", "stroke": "#0052A4"}, "geometry": {"type": "LineString", "coordinates": [[127.01023, 37.57127], [127.01714, 37.57344]]}}, {"type": "Feature", "properties": {"from": "kr_011", "to": "kr_050", "line": "Line 1", "stroke": "#0052A4"}, "geometry": {"type": "LineString", "coordinates": [[127.01023, 37.57127], [127.00212, 37.57098]]}}, {"type": "Feature", "properties": {"from": "kr_035", "to": "kr_033", "line": "Line 4", "stroke": "#00A5DE"}, "geometry": {"type": "LineString", "coordinates": [[126.98629, 37.5609], [126.97846, 37.55875]]}}, {"type": "Feature", "properties": {"from": "kr_033", "to": "kr_005", "line": "Line 4", "stroke": "#00A5DE"}, "geometry": {"type": "LineString", "coordinates": [[126.97846, 37.55875], [126.97234, 37.55433]]}}, {"type": "Feature", "properties": {"from": "kr_005", "to": "kr_242", "line": "Line 4", "stroke": "#00A5DE"}, "geometry": {"type": "LineString", "coordinates": [[126.97234, 37.55433], [126.97195, 37.54514]]}}, {"type": "Feature", "properties": {"from": "kr_005", "to": "kr_398", "line": "Line 1", "stroke": "#0052A4"}, "geometry": {"type": "LineString", "coordinates": [[126.97234, 37.55433], [126.97133, 37.54055]]}}, {"type": "Feature", "properties": {"from": "kr_005", "to": "kr_001", "line": "Line 1", "stroke": "#0052A4"}, "geometry": {"type": "LineString", "coordinates": [[126.97234, 37.55433], [126.90723, 37.51553]]}}, {"type": "Feature", "properties": {"from": "kr_242", "to": "kr_136", "line": "Line 4", "stroke": "#00A5DE"}, "geometry": {"type": "LineString", "coordinates": [[126.97195, 37.54514], [126.97342, 37.53503]]}}, {"type": "Feature", "properties": {"from": "kr_136", "to": "kr_238", "line": "Line 4", "stroke": "#00A5DE"}, "geometry": {"type": "LineString", "coordinates": [[126.97342, 37.53503], [126.96783, 37.52914]]}}, {"type": "Feature", "properties": {"from": "kr_136", "to": "kr_245", "line": "Line 6", "stroke": "#CD7C2F"}, "geometry": {"type": "LineString", "coordinates": [[126.97342, 37.53503], [126.96138, 37.53932]]}}, {"type": "Feature", "properties": {"from": "kr_136", "to": "kr_295", "line": "Line 6", "stroke": "#CD7C2F"}, "geometry": {"type": "LineString", "coordinates": [[126.97342, 37.53503], [126.98651, 37.53475]]}}, {"type": "Feature", "properties": {"from": "kr_238", "to": "kr_219", "line": "Line 4", "stroke": "#00A5DE"}, "geometry": {"type": "LineString", "coordinates": [[126.96783, 37.52914], [126.97362, 37.52264]]}}, {"type": "Feature", "properties": {"from": "kr_219", "to": "kr_003", "line": "Line 4", "stroke": "#00A5DE"}, "geometry": {"type": "LineString", "coordinates": [[126.97362, 37.52264], [126.97941, 37.50294]]}}, {"type": "Feature", "properties": {"from": "kr_003", "to": "kr_139", "line": "Line 4", "stroke": "#00A5DE"}, "geometry": {"type": "LineString", "coordinates": [[126.97941, 37.50294], [126.98223, 37.48703]]}}, {"type": "Feature", "properties": {"from": "kr_003", "to": "kr_404", "line": "Line 9", "stroke": "#BDB092"}, "geometry": {"type": "LineString", "coordinates": [[126.97941, 37.50294], [126.96395, 37.50838]]}}, {"type": "Feature", "properties": {"from": "kr_003", "to": "kr_400", "line": "Line 9", "stroke": "#BDB092"}, "geometry": {"type": "LineString", "coordinates": [[126.97941, 37.50294], [126.98678, 37.50129]]}}, {"type": "Feature", "properties": {"from": "kr_003", "to": "kr_004", "line": "Line 9", "stroke": "#BDB092"}, "geometry": {"type": "LineString", "coordinates": [[126.97941, 37.50294], [126.94159, 37.51394]]}}, {"type": "Feature", "properties": {"from": "kr_247", "to": "kr_281", "line": "Line 4", "stroke": "#00A5DE"}, "geometry": {"type": "LineString", "coordinates": [[126.98852, 37.46504], [127.00211, 37.45157]]}}, {"type": "Feature", "properties": {"from": "kr_281", "to": "kr_317", "line": "Line 4", "stroke": "#00A5DE"}, "geometry": {"type": "LineString", "coordinates": [[127.00211, 37.45157], [127.00789, 37.44381]]}}, {"type": "Feature", "properties": {"from": "kr_317", "to": "kr_346", "line": "Line 4", "stroke": "#00A5DE"}, "geometry": {"type": "LineString", "coordinates": [[127.00789, 37.44381], [127.00655, 37.43573]]}}, {"type": "Feature", "properties": {"from": "kr_346", "to": "kr_374", "line": "Line 4", "stroke": "#00A5DE"}, "geometry": {"type": "LineString", "coordinates": [[127.00655, 37.43573], [126.99683, 37.43307]]}}, {"type": "Feature", "properties": {"from": "kr_374", "to": "kr_367", "line": "Line 4", "stroke": "#00A5DE"}, "geometry": {"type": "LineString", "coordinates": [[126.99683, 37.43307], [126.98972, 37.42645]]}}, {"type": "Feature", "properties": {"from": "kr_367", "to": "kr_325", "line": "Line 4", "stroke": "#00A5DE"}, "geometry": {"type": "LineString", "coordinates": [[126.98972, 37.42645], [126.97695, 37.40137]]}}, {"type": "Feature", "properties": {"from": "kr_325", "to": "kr_284", "line": "Line 4", "stroke": "#00A5DE"}, "geometry": {"type": "LineString", "coordinates": [[126.97695, 37.40137], [126.96388, 37.39429]]}}, {"type": "Feature", "properties": {"from": "kr_284", "to": "kr_249", "line": "Line 4", "stroke": "#00A5DE"}, "geometry": {"type": "LineString", "coordinates": [[126.96388, 37.39429], [126.95091, 37.38991]]}}, {"type": "Feature", "properties": {"from": "kr_249", "to": "kr_023", "line": "Line 4", "stroke": "#00A5DE"}, "geometry": {"type": "LineString", "coordinates": [[126.95091, 37.38991], [126.94338, 37.37233]]}}, {"type": "Feature", "properties": {"from": "kr_023", "to": "kr_081", "line": "Line 4", "stroke": "#00A5DE"}, "geometry": {"type": "LineString", "coordinates": [[126.94338, 37.37233], [126.93302, 37.35803]]}}, {"type": "Feature", "properties": {"from": "kr_023", "to": "kr_459", "line": "Line 1", "stroke": "#0052A4"}, "geometry": {"type": "LineString", "coordinates": [[126.94338, 37.37233], [126.93565, 37.38431]]}}, {"type": "Feature", "properties": {"from": "kr_023", "to": "kr_072", "line": "Line 1", "stroke": "#0052A4"}, "geometry": {"type": "LineString", "coordinates": [[126.94338, 37.37233], [126.94848, 37.35419]]}}, {"type": "Feature", "properties": {"from": "kr_023", "to": "kr_032", "line": "Line 1", "stroke": "#0052A4"}, "geometry": {"type": "LineString", "coordinates": [[126.94338, 37.37233], [126.94807, 37.32038]]}}, {"type": "Feature", "properties": {"from": "kr_023", "to": "kr_010", "line": "Line 1", "stroke": "#0052A4"}, "geometry": {"type": "LineString", "coordinates": [[126.94338, 37.37233], [126.92304, 37.40145]]}}, {"type": "Feature", "properties": {"from": "kr_081", "to": "kr_364", "line": "Line 4", "stroke": "#00A5DE"}, "geometry": {"type": "LineString", "coordinates": [[126.93302, 37.35803], [126.9256, 37.35054]]}}, {"type": "Feature", "properties": {"from": "kr_081", "to": "kr_114", "line": "Line 4", "stroke": "#00A5DE"}, "geometry": {"type": "LineString", "coordinates": [[126.93302, 37.35803], [126.86661, 37.30282]]}}, {"type": "Feature", "properties": {"from": "kr_364", "to": "kr_423", "line": "Line 4", "stroke": "#00A5DE"}, "geometry": {"type": "LineString", "coordinates": [[126.9256, 37.35054], [126.9169, 37.32797]]}}, {"type": "Feature", "properties": {"from": "kr_423", "to": "kr_415", "line": "Line 4", "stroke": "#00A5DE"}, "geometry": {"type": "LineString", "coordinates": [[126.9169, 37.32797], [126.90385, 37.31243]]}}, {"type": "Feature", "properties": {"from": "kr_415", "to": "kr_114", "line": "Line 4", "stroke": "#00A5DE"}, "geometry": {"type": "LineString", "coordinates": [[126.90385, 37.31243], [126.86661, 37.30282]]}}, {"type": "Feature", "properties": {"from": "kr_114", "to": "kr_425", "line": "Line 4", "stroke": "#00A5DE"}, "geometry": {"type": "LineString", "coordinates": [[126.86661, 37.30282], [126.85362, 37.30973]]}}, {"type": "Feature", "properties": {"from": "kr_114", "to": "kr_168", "line": "Line 4", "stroke": "#00A5DE"}, "geometry": {"type": "LineString", "coordinates": [[126.86661, 37.30282], [126.83849, 37.31603]]}}, {"type": "Feature", "properties": {"from": "kr_425", "to": "kr_168", "line": "Line 4", "stroke": "#00A5DE"}, "geometry": {"type": "LineString", "coordinates": [[126.85362, 37.30973], [126.83849, 37.31603]]}}, {"type": "Feature", "properties": {"from": "kr_168", "to": "kr_426", "line": "Line 4", "stroke": "#00A5DE"}, "geometry": {"type": "LineString", "coordinates": [[126.83849, 37.31603], [126.82301, 37.31686]]}}, {"type": "Feature", "properties": {"from": "kr_168", "to": "kr_230", "line": "Line 4", "stroke": "#00A5DE"}, "geometry": {"type": "LineString", "coordinates": [[126.83849, 37.31603], [126.80592, 37.32071]]}}, {"type": "Feature", "properties": {"from": "kr_426", "to": "kr_230", "line": "Line 4", "stroke": "#00A5DE"}, "geometry": {"type": "LineString", "coordinates": [[126.82301, 37.31686], [126.80592, 37.32071]]}}, {"type": "Feature", "properties": {"from": "kr_230", "to": "kr_263", "line": "Line 4", "stroke": "#00A5DE"}, "geometry": {"type": "LineString", "coordinates": [[126.80592, 37.32071], [126.7887, 37.32709]]}}, {"type": "Feature", "properties": {"from": "kr_263", "to": "kr_427", "line": "Line 4", "stroke": "#00A5DE"}, "geometry": {"type": "LineString", "coordinates": [[126.7887, 37.32709], [126.76713, 37.33762]]}}, {"type": "Feature", "properties": {"from": "kr_263", "to": "kr_351", "line": "Line 4", "stroke": "#00A5DE"}, "geometry": {"type": "LineString", "coordinates": [[126.7887, 37.32709], [126.743, 37.35178]]}}, {"type": "Feature", "properties": {"from": "kr_427", "to": "kr_351", "line": "Line 4", "stroke": "#00A5DE"}, "geometry": {"type": "LineString", "coordinates": [[126.76713, 37.33762], [126.743, 37.35178]]}}, {"type": "Feature", "properties": {"from": "kr_351", "to": "kr_428", "line": "Line 4", "stroke": "#00A5DE"}, "geometry": {"type": "LineString", "coordinates": [[126.743, 37.35178], [126.7385, 37.36195]]}}, {"type": "Feature", "properties": {"from": "kr_429", "to": "kr_189", "line": "Line 9", "stroke": "#BDB092"}, "geometry": {"type": "LineString", "coordinates": [[126.79686, 37.57837], [126.80143, 37.56203]]}}, {"type": "Feature", "properties": {"from": "kr_189", "to": "kr_418", "line": "Line 9", "stroke": "#BDB092"}, "geometry": {"type": "LineString", "coordinates": [[126.80143, 37.56203], [126.81038, 37.56347]]}}, {"type": "Feature", "properties": {"from": "kr_189", "to": "kr_341", "line": "Line 5", "stroke": "#996CAC"}, "geometry": {"type": "LineString", "coordinates": [[126.80143, 37.56203], [126.812, 37.56127]]}}, {"type": "Feature", "properties": {"from": "kr_189", "to": "kr_356", "line": "Line 5", "stroke": "#996CAC"}, "geometry": {"type": "LineString", "coordinates": [[126.80143, 37.56203], [126.80816, 37.57285]]}}, {"type": "Feature", "properties": {"from": "kr_189", "to": "kr_132", "line": "Line 9", "stroke": "#BDB092"}, "geometry": {"type": "LineString", "coordinates": [[126.80143, 37.56203], [126.82772, 37.56671]]}}, {"type": "Feature", "properties": {"from": "kr_418", "to": "kr_384", "line": "Line 9", "stroke": "#BDB092"}, "geometry": {"type": "LineString", "coordinates": [[126.81038, 37.56347], [126.81701, 37.56749]]}}, {"type": "Feature", "properties": {"from": "kr_384", "to": "kr_132", "line": "Line 9", "stroke": "#BDB092"}, "geometry": {"type": "LineString", "coordinates": [[126.81701, 37.56749], [126.82772, 37.56671]]}}, {"type": "Feature", "properties": {"from": "kr_132", "to": "kr_430", "line": "Line 9", "stroke": "#BDB092"}, "geometry": {"type": "LineString", "coordinates": [[126.82772, 37.56671], [126.84121, 37.56851]]}}, {"type": "Feature", "properties": {"from": "kr_132", "to": "kr_102", "line": "Line 9", "stroke": "#BDB092"}, "geometry": {"type": "LineString", "coordinates": [[126.82772, 37.56671], [126.85508, 37.56116]]}}, {"type": "Feature", "properties": {"from": "kr_430", "to": "kr_102", "line": "Line 9", "stroke": "#BDB092"}, "geometry": {"type": "LineString", "coordinates": [[126.84121, 37.56851], [126.85508, 37.56116]]}}, {"type": "Feature", "properties": {"from": "kr_102", "to": "kr_419", "line": "Line 9", "stroke": "#BDB092"}, "geometry": {"type": "LineString", "coordinates": [[126.85508, 37.56116], [126.86195, 37.55744]]}}, {"type": "Feature", "properties": {"from": "kr_102", "to": "kr_073", "line": "Line 9", "stroke": "#BDB092"}, "geometry": {"type": "LineString", "coordinates": [[126.85508, 37.56116], [126.87544, 37.54704]]}}, {"type": "Feature", "properties": {"from": "kr_419", "to": "kr_385", "line": "Line 9", "stroke": "#BDB092"}, "geometry": {"type": "LineString", "coordinates": [[126.86195, 37.55744], [126.8646, 37.55121]]}}, {"type": "Feature", "properties": {"from": "kr_385", "to": "kr_073", "line": "Line 9", "stroke": "#BDB092"}, "geometry": {"type": "LineString", "coordinates": [[126.8646, 37.55121], [126.87544, 37.54704]]}}, {"type": "Feature", "properties": {"from": "kr_073", "to": "kr_417", "line": "Line 9", "stroke": "#BDB092"}, "geometry": {"type": "LineString", "coordinates": [[126.87544, 37.54704], [126.88322, 37.54424]]}}, {"type": "Feature", "properties": {"from": "kr_417", "to": "kr_387", "line": "Line 9", "stroke": "#BDB092"}, "geometry": {"type": "LineString", "coordinates": [[126.88322, 37.54424], [126.8939, 37.5379]]}}, {"type": "Feature", "properties": {"from": "kr_431", "to": "kr_036", "line": "Line 9", "stroke": "#BDB092"}, "geometry": {"type": "LineString", "coordinates": [[126.91803, 37.52795], [126.92415, 37.52168]]}}, {"type": "Feature", "properties": {"from": "kr_036", "to": "kr_432", "line": "Line 9", "stroke": "#BDB092"}, "geometry": {"type": "LineString", "coordinates": [[126.92415, 37.52168], [126.92842, 37.5173]]}}, {"type": "Feature", "properties": {"from": "kr_036", "to": "kr_180", "line": "Line 5", "stroke": "#996CAC"}, "geometry": {"type": "LineString", "coordinates": [[126.92415, 37.52168], [126.93253, 37.52685]]}}, {"type": "Feature", "properties": {"from": "kr_036", "to": "kr_095", "line": "Line 5", "stroke": "#996CAC"}, "geometry": {"type": "LineString", "coordinates": [[126.92415, 37.52168], [126.91801, 37.51696]]}}, {"type": "Feature", "properties": {"from": "kr_036", "to": "kr_004", "line": "Line 9", "stroke": "#BDB092"}, "geometry": {"type": "LineString", "coordinates": [[126.92415, 37.52168], [126.94159, 37.51394]]}}, {"type": "Feature", "properties": {"from": "kr_432", "to": "kr_004", "line": "Line 9", "stroke": "#BDB092"}, "geometry": {"type": "LineString", "coordinates": [[126.92842, 37.5173], [126.94159, 37.51394]]}}, {"type": "Feature", "properties": {"from": "kr_004", "to": "kr_399", "line": "Line 9", "stroke": "#BDB092"}, "geometry": {"type": "LineString", "coordinates": [[126.94159, 37.51394], [126.95358, 37.51297]]}}, {"type": "Feature", "properties": {"from": "kr_004", "to": "kr_397", "line": "Line 1", "stroke": "#0052A4"}, "geometry": {"type": "LineString", "coordinates": [[126.94159, 37.51394], [126.96444, 37.52946]]}}, {"type": "Feature", "properties": {"from": "kr_004", "to": "kr_380", "line": "Line 1", "stroke": "#0052A4"}, "geometry": {"type": "LineString", "coordinates": [[126.94159, 37.51394], [126.9261, 37.51339]]}}, {"type": "Feature", "properties": {"from": "kr_004", "to": "kr_381", "line": "Line 1", "stroke": "#0052A4"}, "geometry": {"type": "LineString", "coordinates": [[126.94159, 37.51394], [126.92749, 37.51335]]}}, {"type": "Feature", "properties": {"from": "kr_004", "to": "kr_001", "line": "Line 1", "stroke": "#0052A4"}, "geometry": {"type": "LineString", "coordinates": [[126.94159, 37.51394], [126.90723, 37.51553]]}}, {"type": "Feature", "properties": {"from": "kr_399", "to": "kr_404", "line": "Line 9", "stroke": "#BDB092"}, "geometry": {"type": "LineString", "coordinates": [[126.95358, 37.51297], [126.96395, 37.50838]]}}, {"type": "Feature", "properties": {"from": "kr_400", "to": "kr_403", "line": "Line 9", "stroke": "#BDB092"}, "geometry": {"type": "LineString", "coordinates": [[126.98678, 37.50129], [126.99642, 37.5036]]}}, {"type": "Feature", "properties": {"from": "kr_433", "to": "kr_006", "line": "Line 9", "stroke": "#BDB092"}, "geometry": {"type": "LineString", "coordinates": [[127.01514, 37.5043], [127.02466, 37.50413]]}}, {"type": "Feature", "properties": {"from": "kr_006", "to": "kr_434", "line": "Line 9", "stroke": "#BDB092"}, "geometry": {"type": "LineString", "coordinates": [[127.02466, 37.50413], [127.03387, 37.50732]]}}, {"type": "Feature", "properties": {"from": "kr_006", "to": "kr_016", "line": "Line 9", "stroke": "#BDB092"}, "geometry": {"type": "LineString", "coordinates": [[127.02466, 37.50413], [127.04384, 37.51026]]}}, {"type": "Feature", "properties": {"from": "kr_006", "to": "kr_084", "line": "Seoul Metropolitan Subway Shinbundang Line: Sinsa→ Gwangyo", "stroke": "#8A8A8A"}, "geometry": {"type": "LineString", "coordinates": [[127.02466, 37.50413], [127.02186, 37.50994]]}}, {"type": "Feature", "properties": {"from": "kr_434", "to": "kr_016", "line": "Line 9", "stroke": "#BDB092"}, "geometry": {"type": "LineString", "coordinates": [[127.03387, 37.50732], [127.04384, 37.51026]]}}, {"type": "Feature", "properties": {"from": "kr_016", "to": "kr_435", "line": "Line 9", "stroke": "#BDB092"}, "geometry": {"type": "LineString", "coordinates": [[127.04384, 37.51026], [127.05342, 37.51308]]}}, {"type": "Feature", "properties": {"from": "kr_016", "to": "kr_017", "line": "Line 9", "stroke": "#BDB092"}, "geometry": {"type": "LineString", "coordinates": [[127.04384, 37.51026], [127.06017, 37.51418]]}}, {"type": "Feature", "properties": {"from": "kr_435", "to": "kr_017", "line": "Line 9", "stroke": "#BDB092"}, "geometry": {"type": "LineString", "coordinates": [[127.05342, 37.51308], [127.06017, 37.51418]]}}, {"type": "Feature", "properties": {"from": "kr_394", "to": "kr_408", "line": "Line 9", "stroke": "#BDB092"}, "geometry": {"type": "LineString", "coordinates": [[127.08721, 37.50453], [127.09657, 37.50244]]}}, {"type": "Feature", "properties": {"from": "kr_408", "to": "kr_015", "line": "Line 9", "stroke": "#BDB092"}, "geometry": {"type": "LineString", "coordinates": [[127.09657, 37.50244], [127.10698, 37.50519]]}}, {"type": "Feature", "properties": {"from": "kr_015", "to": "kr_396", "line": "Line 9", "stroke": "#BDB092"}, "geometry": {"type": "LineString", "coordinates": [[127.10698, 37.50519], [127.11281, 37.51127]]}}, {"type": "Feature", "properties": {"from": "kr_015", "to": "kr_207", "line": "Line 8", "stroke": "#E6186C"}, "geometry": {"type": "LineString", "coordinates": [[127.10698, 37.50519], [127.10352, 37.5143]]}}, {"type": "Feature", "properties": {"from": "kr_015", "to": "kr_066", "line": "Line 8", "stroke": "#E6186C"}, "geometry": {"type": "LineString", "coordinates": [[127.10698, 37.50519], [127.11227, 37.49963]]}}, {"type": "Feature", "properties": {"from": "kr_015", "to": "kr_048", "line": "Line 9", "stroke": "#BDB092"}, "geometry": {"type": "LineString", "coordinates": [[127.10698, 37.50519], [127.13061, 37.51612]]}}, {"type": "Feature", "properties": {"from": "kr_396", "to": "kr_414", "line": "Line 9", "stroke": "#BDB092"}, "geometry": {"type": "LineString", "coordinates": [[127.11281, 37.51127], [127.11626, 37.51672]]}}, {"type": "Feature", "properties": {"from": "kr_414", "to": "kr_048", "line": "Line 9", "stroke": "#BDB092"}, "geometry": {"type": "LineString", "coordinates": [[127.11626, 37.51672], [127.13061, 37.51612]]}}, {"type": "Feature", "properties": {"from": "kr_048", "to": "kr_436", "line": "Line 9", "stroke": "#BDB092"}, "geometry": {"type": "LineString", "coordinates": [[127.13061, 37.51612], [127.13834, 37.51987]]}}, {"type": "Feature", "properties": {"from": "kr_048", "to": "kr_223", "line": "Line 5", "stroke": "#996CAC"}, "geometry": {"type": "LineString", "coordinates": [[127.13061, 37.51612], [127.12604, 37.50863]]}}, {"type": "Feature", "properties": {"from": "kr_048", "to": "kr_074", "line": "Line 5", "stroke": "#996CAC"}, "geometry": {"type": "LineString", "coordinates": [[127.13061, 37.51612], [127.13625, 37.5278]]}}, {"type": "Feature", "properties": {"from": "kr_048", "to": "kr_437", "line": "Line 9", "stroke": "#BDB092"}, "geometry": {"type": "LineString", "coordinates": [[127.13061, 37.51612], [127.14824, 37.52828]]}}, {"type": "Feature", "properties": {"from": "kr_436", "to": "kr_437", "line": "Line 9", "stroke": "#BDB092"}, "geometry": {"type": "LineString", "coordinates": [[127.13834, 37.51987], [127.14824, 37.52828]]}}, {"type": "Feature", "properties": {"from": "kr_438", "to": "kr_352", "line": "Line 8", "stroke": "#E6186C"}, "geometry": {"type": "LineString", "coordinates": [[127.12736, 37.6424], [127.14977, 37.62432]]}}, {"type": "Feature", "properties": {"from": "kr_352", "to": "kr_303", "line": "Line 8", "stroke": "#E6186C"}, "geometry": {"type": "LineString", "coordinates": [[127.14977, 37.62432], [127.13808, 37.61097]]}}, {"type": "Feature", "properties": {"from": "kr_303", "to": "kr_264", "line": "Line 8", "stroke": "#E6186C"}, "geometry": {"type": "LineString", "coordinates": [[127.13808, 37.61097], [127.14079, 37.60237]]}}, {"type": "Feature", "properties": {"from": "kr_264", "to": "kr_231", "line": "Line 8", "stroke": "#E6186C"}, "geometry": {"type": "LineString", "coordinates": [[127.14079, 37.60237], [127.13791, 37.58724]]}}, {"type": "Feature", "properties": {"from": "kr_231", "to": "kr_200", "line": "Line 8", "stroke": "#E6186C"}, "geometry": {"type": "LineString", "coordinates": [[127.13791, 37.58724], [127.13731, 37.55706]]}}, {"type": "Feature", "properties": {"from": "kr_200", "to": "kr_169", "line": "Line 8", "stroke": "#E6186C"}, "geometry": {"type": "LineString", "coordinates": [[127.13731, 37.55706], [127.12744, 37.54984]]}}, {"type": "Feature", "properties": {"from": "kr_169", "to": "kr_055", "line": "Line 8", "stroke": "#E6186C"}, "geometry": {"type": "LineString", "coordinates": [[127.12744, 37.54984], [127.12332, 37.53833]]}}, {"type": "Feature", "properties": {"from": "kr_055", "to": "kr_226", "line": "Line 8", "stroke": "#E6186C"}, "geometry": {"type": "LineString", "coordinates": [[127.12332, 37.53833], [127.12062, 37.53068]]}}, {"type": "Feature", "properties": {"from": "kr_055", "to": "kr_051", "line": "Line 5", "stroke": "#996CAC"}, "geometry": {"type": "LineString", "coordinates": [[127.12332, 37.53833], [127.13262, 37.53582]]}}, {"type": "Feature", "properties": {"from": "kr_055", "to": "kr_088", "line": "Line 5", "stroke": "#996CAC"}, "geometry": {"type": "LineString", "coordinates": [[127.12332, 37.53833], [127.10351, 37.5453]]}}, {"type": "Feature", "properties": {"from": "kr_226", "to": "kr_217", "line": "Line 8", "stroke": "#E6186C"}, "geometry": {"type": "LineString", "coordinates": [[127.12062, 37.53068], [127.11267, 37.51751]]}}, {"type": "Feature", "properties": {"from": "kr_217", "to": "kr_207", "line": "Line 8", "stroke": "#E6186C"}, "geometry": {"type": "LineString", "coordinates": [[127.11267, 37.51751], [127.10352, 37.5143]]}}, {"type": "Feature", "properties": {"from": "kr_117", "to": "kr_127", "line": "Line 8", "stroke": "#E6186C"}, "geometry": {"type": "LineString", "coordinates": [[127.12251, 37.48586], [127.12606, 37.4789]]}}, {"type": "Feature", "properties": {"from": "kr_127", "to": "kr_146", "line": "Line 8", "stroke": "#E6186C"}, "geometry": {"type": "LineString", "coordinates": [[127.12606, 37.4789], [127.12673, 37.4709]]}}, {"type": "Feature", "properties": {"from": "kr_146", "to": "kr_170", "line": "Line 8", "stroke": "#E6186C"}, "geometry": {"type": "LineString", "coordinates": [[127.12673, 37.4709], [127.13923, 37.46276]]}}, {"type": "Feature", "properties": {"from": "kr_170", "to": "kr_201", "line": "Line 8", "stroke": "#E6186C"}, "geometry": {"type": "LineString", "coordinates": [[127.13923, 37.46276], [127.14991, 37.45687]]}}, {"type": "Feature", "properties": {"from": "kr_201", "to": "kr_232", "line": "Line 8", "stroke": "#E6186C"}, "geometry": {"type": "LineString", "coordinates": [[127.14991, 37.45687], [127.15983, 37.45158]]}}, {"type": "Feature", "properties": {"from": "kr_232", "to": "kr_265", "line": "Line 8", "stroke": "#E6186C"}, "geometry": {"type": "LineString", "coordinates": [[127.15983, 37.45158], [127.15678, 37.44508]]}}, {"type": "Feature", "properties": {"from": "kr_265", "to": "kr_304", "line": "Line 8", "stroke": "#E6186C"}, "geometry": {"type": "LineString", "coordinates": [[127.15678, 37.44508], [127.14764, 37.441]]}}, {"type": "Feature", "properties": {"from": "kr_304", "to": "kr_353", "line": "Line 8", "stroke": "#E6186C"}, "geometry": {"type": "LineString", "coordinates": [[127.14764, 37.441], [127.14068, 37.43744]]}}, {"type": "Feature", "properties": {"from": "kr_353", "to": "kr_439", "line": "Line 8", "stroke": "#E6186C"}, "geometry": {"type": "LineString", "coordinates": [[127.14068, 37.43744], [127.13032, 37.43401]]}}, {"type": "Feature", "properties": {"from": "kr_318", "to": "kr_294", "line": "Line 6", "stroke": "#CD7C2F"}, "geometry": {"type": "LineString", "coordinates": [[126.91559, 37.59861], [126.9228, 37.60605]]}}, {"type": "Feature", "properties": {"from": "kr_318", "to": "kr_390", "line": "Line 6", "stroke": "#CD7C2F"}, "geometry": {"type": "LineString", "coordinates": [[126.91559, 37.59861], [126.9171, 37.61104]]}}, {"type": "Feature", "properties": {"from": "kr_318", "to": "kr_340", "line": "Line 6", "stroke": "#CD7C2F"}, "geometry": {"type": "LineString", "coordinates": [[126.91559, 37.59861], [126.91374, 37.59167]]}}, {"type": "Feature", "properties": {"from": "kr_294", "to": "kr_089", "line": "Line 6", "stroke": "#CD7C2F"}, "geometry": {"type": "LineString", "coordinates": [[126.9228, 37.60605], [126.92985, 37.61033]]}}, {"type": "Feature", "properties": {"from": "kr_089", "to": "kr_409", "line": "Line 6", "stroke": "#CD7C2F"}, "geometry": {"type": "LineString", "coordinates": [[126.92985, 37.61033], [126.93306, 37.61845]]}}, {"type": "Feature", "properties": {"from": "kr_089", "to": "kr_080", "line": "Line 3", "stroke": "#EF7C1C"}, "geometry": {"type": "LineString", "coordinates": [[126.92985, 37.61033], [126.93578, 37.60097]]}}, {"type": "Feature", "properties": {"from": "kr_089", "to": "kr_162", "line": "Line 3", "stroke": "#EF7C1C"}, "geometry": {"type": "LineString", "coordinates": [[126.92985, 37.61033], [126.92091, 37.61949]]}}, {"type": "Feature", "properties": {"from": "kr_340", "to": "kr_339", "line": "Line 6", "stroke": "#CD7C2F"}, "geometry": {"type": "LineString", "coordinates": [[126.91374, 37.59167], [126.90988, 37.58411]]}}, {"type": "Feature", "properties": {"from": "kr_339", "to": "kr_327", "line": "Line 6", "stroke": "#CD7C2F"}, "geometry": {"type": "LineString", "coordinates": [[126.90988, 37.58411], [126.90146, 37.5762]]}}, {"type": "Feature", "properties": {"from": "kr_327", "to": "kr_293", "line": "Line 6", "stroke": "#CD7C2F"}, "geometry": {"type": "LineString", "coordinates": [[126.90146, 37.5762], [126.89931, 37.57015]]}}, {"type": "Feature", "properties": {"from": "kr_293", "to": "kr_259", "line": "Line 6", "stroke": "#CD7C2F"}, "geometry": {"type": "LineString", "coordinates": [[126.89931, 37.57015], [126.90339, 37.56352]]}}, {"type": "Feature", "properties": {"from": "kr_259", "to": "kr_240", "line": "Line 6", "stroke": "#CD7C2F"}, "geometry": {"type": "LineString", "coordinates": [[126.90339, 37.56352], [126.91015, 37.55599]]}}, {"type": "Feature", "properties": {"from": "kr_240", "to": "kr_211", "line": "Line 6", "stroke": "#CD7C2F"}, "geometry": {"type": "LineString", "coordinates": [[126.91015, 37.55599], [126.91352, 37.54918]]}}, {"type": "Feature", "properties": {"from": "kr_211", "to": "kr_184", "line": "Line 6", "stroke": "#CD7C2F"}, "geometry": {"type": "LineString", "coordinates": [[126.91352, 37.54918], [126.92292, 37.54776]]}}, {"type": "Feature", "properties": {"from": "kr_184", "to": "kr_156", "line": "Line 6", "stroke": "#CD7C2F"}, "geometry": {"type": "LineString", "coordinates": [[126.92292, 37.54776], [126.932, 37.54747]]}}, {"type": "Feature", "properties": {"from": "kr_156", "to": "kr_140", "line": "Line 6", "stroke": "#CD7C2F"}, "geometry": {"type": "LineString", "coordinates": [[126.932, 37.54747], [126.94234, 37.54771]]}}, {"type": "Feature", "properties": {"from": "kr_140", "to": "kr_100", "line": "Line 6", "stroke": "#CD7C2F"}, "geometry": {"type": "LineString", "coordinates": [[126.94234, 37.54771], [126.95117, 37.54366]]}}, {"type": "Feature", "properties": {"from": "kr_100", "to": "kr_245", "line": "Line 6", "stroke": "#CD7C2F"}, "geometry": {"type": "LineString", "coordinates": [[126.95117, 37.54366], [126.96138, 37.53932]]}}, {"type": "Feature", "properties": {"from": "kr_100", "to": "kr_257", "line": "Line 5", "stroke": "#996CAC"}, "geometry": {"type": "LineString", "coordinates": [[126.95117, 37.54366], [126.9567, 37.55344]]}}, {"type": "Feature", "properties": {"from": "kr_100", "to": "kr_193", "line": "Line 5", "stroke": "#996CAC"}, "geometry": {"type": "LineString", "coordinates": [[126.95117, 37.54366], [126.94598, 37.53962]]}}, {"type": "Feature", "properties": {"from": "kr_295", "to": "kr_320", "line": "Line 6", "stroke": "#CD7C2F"}, "geometry": {"type": "LineString", "coordinates": [[126.98651, 37.53475], [126.99438, 37.5345]]}}, {"type": "Feature", "properties": {"from": "kr_320", "to": "kr_334", "line": "Line 6", "stroke": "#CD7C2F"}, "geometry": {"type": "LineString", "coordinates": [[126.99438, 37.5345], [127.00174, 37.53982]]}}, {"type": "Feature", "properties": {"from": "kr_334", "to": "kr_324", "line": "Line 6", "stroke": "#CD7C2F"}, "geometry": {"type": "LineString", "coordinates": [[127.00174, 37.53982], [127.00664, 37.54827]]}}, {"type": "Feature", "properties": {"from": "kr_324", "to": "kr_054", "line": "Line 6", "stroke": "#CD7C2F"}, "geometry": {"type": "LineString", "coordinates": [[127.00664, 37.54827], [127.01043, 37.55442]]}}, {"type": "Feature", "properties": {"from": "kr_054", "to": "kr_029", "line": "Line 6", "stroke": "#CD7C2F"}, "geometry": {"type": "LineString", "coordinates": [[127.01043, 37.55442], [127.01377, 37.56028]]}}, {"type": "Feature", "properties": {"from": "kr_054", "to": "kr_068", "line": "Line 3", "stroke": "#EF7C1C"}, "geometry": {"type": "LineString", "coordinates": [[127.01043, 37.55442], [127.01593, 37.54804]]}}, {"type": "Feature", "properties": {"from": "kr_054", "to": "kr_371", "line": "Line 3", "stroke": "#EF7C1C"}, "geometry": {"type": "LineString", "coordinates": [[127.01043, 37.55442], [127.00576, 37.55908]]}}, {"type": "Feature", "properties": {"from": "kr_029", "to": "kr_079", "line": "Line 6", "stroke": "#CD7C2F"}, "geometry": {"type": "LineString", "coordinates": [[127.01377, 37.56028], [127.0162, 37.5664]]}}, {"type": "Feature", "properties": {"from": "kr_029", "to": "kr_277", "line": "Line 5", "stroke": "#996CAC"}, "geometry": {"type": "LineString", "coordinates": [[127.01377, 37.56028], [127.02026, 37.55443]]}}, {"type": "Feature", "properties": {"from": "kr_079", "to": "kr_090", "line": "Line 6", "stroke": "#CD7C2F"}, "geometry": {"type": "LineString", "coordinates": [[127.0162, 37.5664], [127.01568, 37.57239]]}}, {"type": "Feature", "properties": {"from": "kr_090", "to": "kr_101", "line": "Line 6", "stroke": "#CD7C2F"}, "geometry": {"type": "LineString", "coordinates": [[127.01568, 37.57239], [127.01525, 37.57978]]}}, {"type": "Feature", "properties": {"from": "kr_101", "to": "kr_112", "line": "Line 6", "stroke": "#CD7C2F"}, "geometry": {"type": "LineString", "coordinates": [[127.01525, 37.57978], [127.01932, 37.58528]]}}, {"type": "Feature", "properties": {"from": "kr_112", "to": "kr_122", "line": "Line 6", "stroke": "#CD7C2F"}, "geometry": {"type": "LineString", "coordinates": [[127.01932, 37.58528], [127.02933, 37.5863]]}}, {"type": "Feature", "properties": {"from": "kr_122", "to": "kr_131", "line": "Line 6", "stroke": "#CD7C2F"}, "geometry": {"type": "LineString", "coordinates": [[127.02933, 37.5863], [127.036, 37.59034]]}}, {"type": "Feature", "properties": {"from": "kr_131", "to": "kr_142", "line": "Line 6", "stroke": "#CD7C2F"}, "geometry": {"type": "LineString", "coordinates": [[127.036, 37.59034], [127.04147, 37.60194]]}}, {"type": "Feature", "properties": {"from": "kr_142", "to": "kr_154", "line": "Line 6", "stroke": "#CD7C2F"}, "geometry": {"type": "LineString", "coordinates": [[127.04147, 37.60194], [127.04824, 37.60622]]}}, {"type": "Feature", "properties": {"from": "kr_154", "to": "kr_165", "line": "Line 6", "stroke": "#CD7C2F"}, "geometry": {"type": "LineString", "coordinates": [[127.04824, 37.60622], [127.05648, 37.61055]]}}, {"type": "Feature", "properties": {"from": "kr_165", "to": "kr_187", "line": "Line 6", "stroke": "#CD7C2F"}, "geometry": {"type": "LineString", "coordinates": [[127.05648, 37.61055], [127.06576, 37.6149]]}}, {"type": "Feature", "properties": {"from": "kr_187", "to": "kr_097", "line": "Line 6", "stroke": "#CD7C2F"}, "geometry": {"type": "LineString", "coordinates": [[127.06576, 37.6149], [127.07493, 37.61791]]}}, {"type": "Feature", "properties": {"from": "kr_097", "to": "kr_305", "line": "Line 6", "stroke": "#CD7C2F"}, "geometry": {"type": "LineString", "coordinates": [[127.07493, 37.61791], [127.08371, 37.61978]]}}, {"type": "Feature", "properties": {"from": "kr_097", "to": "kr_176", "line": "Line 7", "stroke": "#747F00"}, "geometry": {"type": "LineString", "coordinates": [[127.07493, 37.61791], [127.07301, 37.62561]]}}, {"type": "Feature", "properties": {"from": "kr_097", "to": "kr_163", "line": "Line 7", "stroke": "#747F00"}, "geometry": {"type": "LineString", "coordinates": [[127.07493, 37.61791], [127.07761, 37.61144]]}}, {"type": "Feature", "properties": {"from": "kr_305", "to": "kr_354", "line": "Line 6", "stroke": "#CD7C2F"}, "geometry": {"type": "LineString", "coordinates": [[127.08371, 37.61978], [127.09109, 37.61742]]}}, {"type": "Feature", "properties": {"from": "kr_354", "to": "kr_468", "line": "Line 6", "stroke": "#CD7C2F"}, "geometry": {"type": "LineString", "coordinates": [[127.09109, 37.61742], [127.10465, 37.6124]]}}, {"type": "Feature", "properties": {"from": "kr_021", "to": "kr_214", "line": "Line 2", "stroke": "#00A84D"}, "geometry": {"type": "LineString", "coordinates": [[127.02494, 37.57527], [127.03819, 37.57398]]}}, {"type": "Feature", "properties": {"from": "kr_021", "to": "kr_026", "line": "Line 1", "stroke": "#0052A4"}, "geometry": {"type": "LineString", "coordinates": [[127.02494, 37.57527], [127.03473, 37.57829]]}}, {"type": "Feature", "properties": {"from": "kr_021", "to": "kr_025", "line": "Line 1", "stroke": "#0052A4"}, "geometry": {"type": "LineString", "coordinates": [[127.02494, 37.57527], [127.01714, 37.57344]]}}, {"type": "Feature", "properties": {"from": "kr_214", "to": "kr_221", "line": "Line 2", "stroke": "#00A84D"}, "geometry": {"type": "LineString", "coordinates": [[127.03819, 37.57398], [127.04708, 37.56974]]}}, {"type": "Feature", "properties": {"from": "kr_221", "to": "kr_243", "line": "Line 2", "stroke": "#00A84D"}, "geometry": {"type": "LineString", "coordinates": [[127.04708, 37.56974], [127.05085, 37.56212]]}}, {"type": "Feature", "properties": {"from": "kr_151", "to": "kr_179", "line": "Line 2", "stroke": "#00A84D"}, "geometry": {"type": "LineString", "coordinates": [[126.88262, 37.51448], [126.86592, 37.51228]]}}, {"type": "Feature", "properties": {"from": "kr_179", "to": "kr_208", "line": "Line 2", "stroke": "#00A84D"}, "geometry": {"type": "LineString", "coordinates": [[126.86592, 37.51228], [126.85303, 37.52002]]}}, {"type": "Feature", "properties": {"from": "kr_208", "to": "kr_225", "line": "Line 2", "stroke": "#00A84D"}, "geometry": {"type": "LineString", "coordinates": [[126.85303, 37.52002], [126.84658, 37.53186]]}}, {"type": "Feature", "properties": {"from": "kr_225", "to": "kr_401", "line": "Line 5", "stroke": "#996CAC"}, "geometry": {"type": "LineString", "coordinates": [[126.84658, 37.53186], [126.85595, 37.52504]]}}, {"type": "Feature", "properties": {"from": "kr_225", "to": "kr_297", "line": "Line 5", "stroke": "#996CAC"}, "geometry": {"type": "LineString", "coordinates": [[126.84658, 37.53186], [126.84038, 37.5417]]}}, {"type": "Feature", "properties": {"from": "kr_348", "to": "kr_322", "line": "Line 3", "stroke": "#EF7C1C"}, "geometry": {"type": "LineString", "coordinates": [[127.07957, 37.49367], [127.06989, 37.49653]]}}, {"type": "Feature", "properties": {"from": "kr_322", "to": "kr_290", "line": "Line 3", "stroke": "#EF7C1C"}, "geometry": {"type": "LineString", "coordinates": [[127.06989, 37.49653], [127.06318, 37.4945]]}}, {"type": "Feature", "properties": {"from": "kr_371", "to": "kr_369", "line": "Line 3", "stroke": "#EF7C1C"}, "geometry": {"type": "LineString", "coordinates": [[127.00576, 37.55908], [126.99355, 37.56197]]}}, {"type": "Feature", "properties": {"from": "kr_369", "to": "kr_335", "line": "Line 3", "stroke": "#EF7C1C"}, "geometry": {"type": "LineString", "coordinates": [[126.99355, 37.56197], [126.99268, 37.56637]]}}, {"type": "Feature", "properties": {"from": "kr_058", "to": "kr_063", "line": "Line 3", "stroke": "#EF7C1C"}, "geometry": {"type": "LineString", "coordinates": [[126.97358, 37.57582], [126.95788, 37.57456]]}}, {"type": "Feature", "properties": {"from": "kr_063", "to": "kr_067", "line": "Line 3", "stroke": "#EF7C1C"}, "geometry": {"type": "LineString", "coordinates": [[126.95788, 37.57456], [126.95036, 37.58233]]}}, {"type": "Feature", "properties": {"from": "kr_067", "to": "kr_075", "line": "Line 3", "stroke": "#EF7C1C"}, "geometry": {"type": "LineString", "coordinates": [[126.95036, 37.58233], [126.94425, 37.58873]]}}, {"type": "Feature", "properties": {"from": "kr_075", "to": "kr_080", "line": "Line 3", "stroke": "#EF7C1C"}, "geometry": {"type": "LineString", "coordinates": [[126.94425, 37.58873], [126.93578, 37.60097]]}}, {"type": "Feature", "properties": {"from": "kr_162", "to": "kr_192", "line": "Line 3", "stroke": "#EF7C1C"}, "geometry": {"type": "LineString", "coordinates": [[126.92091, 37.61949], [126.91884, 37.63686]]}}, {"type": "Feature", "properties": {"from": "kr_440", "to": "kr_355", "line": "Line 5", "stroke": "#996CAC"}, "geometry": {"type": "LineString", "coordinates": [[127.15277, 37.49497], [127.14375, 37.49336]]}}, {"type": "Feature", "properties": {"from": "kr_355", "to": "kr_306", "line": "Line 5", "stroke": "#996CAC"}, "geometry": {"type": "LineString", "coordinates": [[127.14375, 37.49336], [127.13483, 37.49807]]}}, {"type": "Feature", "properties": {"from": "kr_074", "to": "kr_051", "line": "Line 5", "stroke": "#996CAC"}, "geometry": {"type": "LineString", "coordinates": [[127.13625, 37.5278], [127.13262, 37.53582]]}}, {"type": "Feature", "properties": {"from": "kr_051", "to": "kr_107", "line": "Line 5", "stroke": "#996CAC"}, "geometry": {"type": "LineString", "coordinates": [[127.13262, 37.53582], [127.14019, 37.53835]]}}, {"type": "Feature", "properties": {"from": "kr_171", "to": "kr_147", "line": "Line 5", "stroke": "#996CAC"}, "geometry": {"type": "LineString", "coordinates": [[127.16655, 37.55676], [127.15379, 37.55498]]}}, {"type": "Feature", "properties": {"from": "kr_171", "to": "kr_205", "line": "Line 5", "stroke": "#996CAC"}, "geometry": {"type": "LineString", "coordinates": [[127.16655, 37.55676], [127.17612, 37.55754]]}}, {"type": "Feature", "properties": {"from": "kr_147", "to": "kr_128", "line": "Line 5", "stroke": "#996CAC"}, "geometry": {"type": "LineString", "coordinates": [[127.15379, 37.55498], [127.14408, 37.55192]]}}, {"type": "Feature", "properties": {"from": "kr_128", "to": "kr_118", "line": "Line 5", "stroke": "#996CAC"}, "geometry": {"type": "LineString", "coordinates": [[127.14408, 37.55192], [127.14296, 37.54565]]}}, {"type": "Feature", "properties": {"from": "kr_118", "to": "kr_107", "line": "Line 5", "stroke": "#996CAC"}, "geometry": {"type": "LineString", "coordinates": [[127.14296, 37.54565], [127.14019, 37.53835]]}}, {"type": "Feature", "properties": {"from": "kr_088", "to": "kr_087", "line": "Line 5", "stroke": "#996CAC"}, "geometry": {"type": "LineString", "coordinates": [[127.10351, 37.5453], [127.08979, 37.55169]]}}, {"type": "Feature", "properties": {"from": "kr_087", "to": "kr_046", "line": "Line 5", "stroke": "#996CAC"}, "geometry": {"type": "LineString", "coordinates": [[127.08979, 37.55169], [127.07954, 37.55718]]}}, {"type": "Feature", "properties": {"from": "kr_046", "to": "kr_103", "line": "Line 5", "stroke": "#996CAC"}, "geometry": {"type": "LineString", "coordinates": [[127.07954, 37.55718], [127.06459, 37.56148]]}}, {"type": "Feature", "properties": {"from": "kr_046", "to": "kr_098", "line": "Line 7", "stroke": "#747F00"}, "geometry": {"type": "LineString", "coordinates": [[127.07954, 37.55718], [127.08451, 37.56629]]}}, {"type": "Feature", "properties": {"from": "kr_046", "to": "kr_185", "line": "Line 7", "stroke": "#747F00"}, "geometry": {"type": "LineString", "coordinates": [[127.07954, 37.55718], [127.0744, 37.54762]]}}, {"type": "Feature", "properties": {"from": "kr_103", "to": "kr_099", "line": "Line 5", "stroke": "#996CAC"}, "geometry": {"type": "LineString", "coordinates": [[127.06459, 37.56148], [127.05268, 37.56682]]}}, {"type": "Feature", "properties": {"from": "kr_099", "to": "kr_094", "line": "Line 5", "stroke": "#996CAC"}, "geometry": {"type": "LineString", "coordinates": [[127.05268, 37.56682], [127.04291, 37.5661]]}}, {"type": "Feature", "properties": {"from": "kr_296", "to": "kr_277", "line": "Line 5", "stroke": "#996CAC"}, "geometry": {"type": "LineString", "coordinates": [[127.02996, 37.55758], [127.02026, 37.55443]]}}, {"type": "Feature", "properties": {"from": "kr_246", "to": "kr_260", "line": "Line 5", "stroke": "#996CAC"}, "geometry": {"type": "LineString", "coordinates": [[126.97691, 37.57161], [126.96664, 37.56579]]}}, {"type": "Feature", "properties": {"from": "kr_260", "to": "kr_276", "line": "Line 5", "stroke": "#996CAC"}, "geometry": {"type": "LineString", "coordinates": [[126.96664, 37.56579], [126.96214, 37.55947]]}}, {"type": "Feature", "properties": {"from": "kr_276", "to": "kr_257", "line": "Line 5", "stroke": "#996CAC"}, "geometry": {"type": "LineString", "coordinates": [[126.96214, 37.55947], [126.9567, 37.55344]]}}, {"type": "Feature", "properties": {"from": "kr_193", "to": "kr_180", "line": "Line 5", "stroke": "#996CAC"}, "geometry": {"type": "LineString", "coordinates": [[126.94598, 37.53962], [126.93253, 37.52685]]}}, {"type": "Feature", "properties": {"from": "kr_095", "to": "kr_241", "line": "Line 5", "stroke": "#996CAC"}, "geometry": {"type": "LineString", "coordinates": [[126.91801, 37.51696], [126.90513, 37.5227]]}}, {"type": "Feature", "properties": {"from": "kr_095", "to": "kr_380", "line": "Line 1", "stroke": "#0052A4"}, "geometry": {"type": "LineString", "coordinates": [[126.91801, 37.51696], [126.9261, 37.51339]]}}, {"type": "Feature", "properties": {"from": "kr_095", "to": "kr_001", "line": "Line 1", "stroke": "#0052A4"}, "geometry": {"type": "LineString", "coordinates": [[126.91801, 37.51696], [126.90723, 37.51553]]}}, {"type": "Feature", "properties": {"from": "kr_095", "to": "kr_381", "line": "Line 1", "stroke": "#0052A4"}, "geometry": {"type": "LineString", "coordinates": [[126.91801, 37.51696], [126.92749, 37.51335]]}}, {"type": "Feature", "properties": {"from": "kr_241", "to": "kr_274", "line": "Line 5", "stroke": "#996CAC"}, "geometry": {"type": "LineString", "coordinates": [[126.90513, 37.5227], [126.89641, 37.52403]]}}, {"type": "Feature", "properties": {"from": "kr_274", "to": "kr_314", "line": "Line 5", "stroke": "#996CAC"}, "geometry": {"type": "LineString", "coordinates": [[126.89641, 37.52403], [126.88612, 37.52564]]}}, {"type": "Feature", "properties": {"from": "kr_314", "to": "kr_366", "line": "Line 5", "stroke": "#996CAC"}, "geometry": {"type": "LineString", "coordinates": [[126.88612, 37.52564], [126.87515, 37.52455]]}}, {"type": "Feature", "properties": {"from": "kr_366", "to": "kr_405", "line": "Line 5", "stroke": "#996CAC"}, "geometry": {"type": "LineString", "coordinates": [[126.87515, 37.52455], [126.86451, 37.52612]]}}, {"type": "Feature", "properties": {"from": "kr_405", "to": "kr_401", "line": "Line 5", "stroke": "#996CAC"}, "geometry": {"type": "LineString", "coordinates": [[126.86451, 37.52612], [126.85595, 37.52504]]}}, {"type": "Feature", "properties": {"from": "kr_297", "to": "kr_342", "line": "Line 5", "stroke": "#996CAC"}, "geometry": {"type": "LineString", "coordinates": [[126.84038, 37.5417], [126.83632, 37.54887]]}}, {"type": "Feature", "properties": {"from": "kr_342", "to": "kr_389", "line": "Line 5", "stroke": "#996CAC"}, "geometry": {"type": "LineString", "coordinates": [[126.83632, 37.54887], [126.83749, 37.55845]]}}, {"type": "Feature", "properties": {"from": "kr_389", "to": "kr_391", "line": "Line 5", "stroke": "#996CAC"}, "geometry": {"type": "LineString", "coordinates": [[126.83749, 37.55845], [126.82474, 37.56025]]}}, {"type": "Feature", "properties": {"from": "kr_391", "to": "kr_341", "line": "Line 5", "stroke": "#996CAC"}, "geometry": {"type": "LineString", "coordinates": [[126.82474, 37.56025], [126.812, 37.56127]]}}, {"type": "Feature", "properties": {"from": "kr_356", "to": "kr_441", "line": "Line 5", "stroke": "#996CAC"}, "geometry": {"type": "LineString", "coordinates": [[126.80816, 37.57285], [126.81273, 37.57739]]}}, {"type": "Feature", "properties": {"from": "kr_442", "to": "kr_008", "line": "Line 1", "stroke": "#0052A4"}, "geometry": {"type": "LineString", "coordinates": [[126.88474, 37.41637], [126.89402, 37.45556]]}}, {"type": "Feature", "properties": {"from": "kr_008", "to": "kr_443", "line": "Line 1", "stroke": "#0052A4"}, "geometry": {"type": "LineString", "coordinates": [[126.89402, 37.45556], [126.88951, 37.46603]]}}, {"type": "Feature", "properties": {"from": "kr_008", "to": "kr_392", "line": "Line 1", "stroke": "#0052A4"}, "geometry": {"type": "LineString", "coordinates": [[126.89402, 37.45556], [126.90225, 37.43539]]}}, {"type": "Feature", "properties": {"from": "kr_008", "to": "kr_010", "line": "Line 1", "stroke": "#0052A4"}, "geometry": {"type": "LineString", "coordinates": [[126.89402, 37.45556], [126.92304, 37.40145]]}}, {"type": "Feature", "properties": {"from": "kr_008", "to": "kr_212", "line": "Line 1", "stroke": "#0052A4"}, "geometry": {"type": "LineString", "coordinates": [[126.89402, 37.45556], [126.88259, 37.48164]]}}, {"type": "Feature", "properties": {"from": "kr_008", "to": "kr_001", "line": "Line 1", "stroke": "#0052A4"}, "geometry": {"type": "LineString", "coordinates": [[126.89402, 37.45556], [126.90723, 37.51553]]}}, {"type": "Feature", "properties": {"from": "kr_443", "to": "kr_212", "line": "Line 1", "stroke": "#0052A4"}, "geometry": {"type": "LineString", "coordinates": [[126.88951, 37.46603], [126.88259, 37.48164]]}}, {"type": "Feature", "properties": {"from": "kr_212", "to": "kr_019", "line": "Line 1", "stroke": "#0052A4"}, "geometry": {"type": "LineString", "coordinates": [[126.88259, 37.48164], [126.88228, 37.50327]]}}, {"type": "Feature", "properties": {"from": "kr_019", "to": "kr_450", "line": "Line 1", "stroke": "#0052A4"}, "geometry": {"type": "LineString", "coordinates": [[126.88228, 37.50327], [126.86957, 37.49613]]}}, {"type": "Feature", "properties": {"from": "kr_019", "to": "kr_383", "line": "Line 1", "stroke": "#0052A4"}, "geometry": {"type": "LineString", "coordinates": [[126.88228, 37.50327], [126.86042, 37.49429]]}}, {"type": "Feature", "properties": {"from": "kr_019", "to": "kr_382", "line": "Line 1", "stroke": "#0052A4"}, "geometry": {"type": "LineString", "coordinates": [[126.88228, 37.50327], [126.85895, 37.49455]]}}, {"type": "Feature", "properties": {"from": "kr_019", "to": "kr_024", "line": "Line 1", "stroke": "#0052A4"}, "geometry": {"type": "LineString", "coordinates": [[126.88228, 37.50327], [126.812, 37.48528]]}}, {"type": "Feature", "properties": {"from": "kr_001", "to": "kr_381", "line": "Line 1", "stroke": "#0052A4"}, "geometry": {"type": "LineString", "coordinates": [[126.90723, 37.51553], [126.92749, 37.51335]]}}, {"type": "Feature", "properties": {"from": "kr_038", "to": "kr_040", "line": "Seoul Metropolitan Subway Shinbundang Line: Sinsa→ Gwangyo", "stroke": "#8A8A8A"}, "geometry": {"type": "LineString", "coordinates": [[127.03832, 37.47014], [127.05454, 37.44837]]}}, {"type": "Feature", "properties": {"from": "kr_040", "to": "kr_041", "line": "Seoul Metropolitan Subway Shinbundang Line: Sinsa→ Gwangyo", "stroke": "#8A8A8A"}, "geometry": {"type": "LineString", "coordinates": [[127.05454, 37.44837], [127.11136, 37.39454]]}}, {"type": "Feature", "properties": {"from": "kr_041", "to": "kr_148", "line": "Seoul Metropolitan Subway Shinbundang Line: Sinsa→ Gwangyo", "stroke": "#8A8A8A"}, "geometry": {"type": "LineString", "coordinates": [[127.11136, 37.39454], [127.10842, 37.36737]]}}, {"type": "Feature", "properties": {"from": "kr_041", "to": "kr_108", "line": "Seoul Metropolitan Subway Gyeonggang Line: Pangyo → Yeoju", "stroke": "#8A8A8A"}, "geometry": {"type": "LineString", "coordinates": [[127.11136, 37.39454], [127.1276, 37.39465]]}}, {"type": "Feature", "properties": {"from": "kr_041", "to": "kr_239", "line": "Seoul Metropolitan Subway Gyeonggang Line: Pangyo→ Bubal", "stroke": "#8A8A8A"}, "geometry": {"type": "LineString", "coordinates": [[127.11136, 37.39454], [126.89697, 37.45051]]}}, {"type": "Feature", "properties": {"from": "kr_148", "to": "kr_172", "line": "Seoul Metropolitan Subway Shinbundang Line: Sinsa→ Gwangyo", "stroke": "#8A8A8A"}, "geometry": {"type": "LineString", "coordinates": [[127.10842, 37.36737], [127.10889, 37.34999]]}}, {"type": "Feature", "properties": {"from": "kr_172", "to": "kr_202", "line": "Seoul Metropolitan Subway Shinbundang Line: Sinsa→ Gwangyo", "stroke": "#8A8A8A"}, "geometry": {"type": "LineString", "coordinates": [[127.10889, 37.34999], [127.10281, 37.33788]]}}, {"type": "Feature", "properties": {"from": "kr_202", "to": "kr_233", "line": "Seoul Metropolitan Subway Shinbundang Line: Sinsa→ Gwangyo", "stroke": "#8A8A8A"}, "geometry": {"type": "LineString", "coordinates": [[127.10281, 37.33788], [127.09472, 37.32252]]}}, {"type": "Feature", "properties": {"from": "kr_233", "to": "kr_266", "line": "Seoul Metropolitan Subway Shinbundang Line: Sinsa→ Gwangyo", "stroke": "#8A8A8A"}, "geometry": {"type": "LineString", "coordinates": [[127.09472, 37.32252], [127.08028, 37.31343]]}}, {"type": "Feature", "properties": {"from": "kr_266", "to": "kr_307", "line": "Seoul Metropolitan Subway Shinbundang Line: Sinsa→ Gwangyo", "stroke": "#8A8A8A"}, "geometry": {"type": "LineString", "coordinates": [[127.08028, 37.31343], [127.06929, 37.29743]]}}, {"type": "Feature", "properties": {"from": "kr_307", "to": "kr_357", "line": "Seoul Metropolitan Subway Shinbundang Line: Sinsa→ Gwangyo", "stroke": "#8A8A8A"}, "geometry": {"type": "LineString", "coordinates": [[127.06929, 37.29743], [127.05152, 37.28856]]}}, {"type": "Feature", "properties": {"from": "kr_357", "to": "kr_444", "line": "Seoul Metropolitan Subway Shinbundang Line: Sinsa→ Gwangyo", "stroke": "#8A8A8A"}, "geometry": {"type": "LineString", "coordinates": [[127.05152, 37.28856], [127.04414, 37.30218]]}}, {"type": "Feature", "properties": {"from": "kr_108", "to": "kr_236", "line": "Seoul Metropolitan Subway Gyeonggang Line: Pangyo → Yeoju", "stroke": "#8A8A8A"}, "geometry": {"type": "LineString", "coordinates": [[127.1276, 37.39465], [127.20337, 37.40867]]}}, {"type": "Feature", "properties": {"from": "kr_108", "to": "kr_237", "line": "Seoul Metropolitan Subway Gyeonggang Line: Yeoju → Pangyo", "stroke": "#8A8A8A"}, "geometry": {"type": "LineString", "coordinates": [[127.1276, 37.39465], [127.2034, 37.40864]]}}, {"type": "Feature", "properties": {"from": "kr_108", "to": "kr_239", "line": "Seoul Metropolitan Subway Gyeonggang Line: Pangyo→ Bubal", "stroke": "#8A8A8A"}, "geometry": {"type": "LineString", "coordinates": [[127.1276, 37.39465], [126.89697, 37.45051]]}}, {"type": "Feature", "properties": {"from": "kr_236", "to": "kr_149", "line": "Seoul Metropolitan Subway Gyeonggang Line: Pangyo → Yeoju", "stroke": "#8A8A8A"}, "geometry": {"type": "LineString", "coordinates": [[127.20337, 37.40867], [127.25328, 37.3989]]}}, {"type": "Feature", "properties": {"from": "kr_149", "to": "kr_173", "line": "Seoul Metropolitan Subway Gyeonggang Line: Pangyo → Yeoju", "stroke": "#8A8A8A"}, "geometry": {"type": "LineString", "coordinates": [[127.25328, 37.3989], [127.29996, 37.37336]]}}, {"type": "Feature", "properties": {"from": "kr_149", "to": "kr_237", "line": "Seoul Metropolitan Subway Gyeonggang Line: Yeoju → Pangyo", "stroke": "#8A8A8A"}, "geometry": {"type": "LineString", "coordinates": [[127.25328, 37.3989], [127.2034, 37.40864]]}}, {"type": "Feature", "properties": {"from": "kr_173", "to": "kr_203", "line": "Seoul Metropolitan Subway Gyeonggang Line: Pangyo → Yeoju", "stroke": "#8A8A8A"}, "geometry": {"type": "LineString", "coordinates": [[127.29996, 37.37336], [127.34628, 37.3505]]}}, {"type": "Feature", "properties": {"from": "kr_203", "to": "kr_234", "line": "Seoul Metropolitan Subway Gyeonggang Line: Pangyo → Yeoju", "stroke": "#8A8A8A"}, "geometry": {"type": "LineString", "coordinates": [[127.34628, 37.3505], [127.40525, 37.31567]]}}, {"type": "Feature", "properties": {"from": "kr_234", "to": "kr_267", "line": "Seoul Metropolitan Subway Gyeonggang Line: Pangyo → Yeoju", "stroke": "#8A8A8A"}, "geometry": {"type": "LineString", "coordinates": [[127.40525, 37.31567], [127.44218, 37.26424]]}}, {"type": "Feature", "properties": {"from": "kr_267", "to": "kr_308", "line": "Seoul Metropolitan Subway Gyeonggang Line: Pangyo → Yeoju", "stroke": "#8A8A8A"}, "geometry": {"type": "LineString", "coordinates": [[127.44218, 37.26424], [127.49033, 37.2604]]}}, {"type": "Feature", "properties": {"from": "kr_308", "to": "kr_358", "line": "Seoul Metropolitan Subway Gyeonggang Line: Pangyo → Yeoju", "stroke": "#8A8A8A"}, "geometry": {"type": "LineString", "coordinates": [[127.49033, 37.2604], [127.57065, 37.29362]]}}, {"type": "Feature", "properties": {"from": "kr_358", "to": "kr_445", "line": "Seoul Metropolitan Subway Gyeonggang Line: Pangyo → Yeoju", "stroke": "#8A8A8A"}, "geometry": {"type": "LineString", "coordinates": [[127.57065, 37.29362], [127.62857, 37.28282]]}}, {"type": "Feature", "properties": {"from": "kr_268", "to": "kr_227", "line": "Line 1", "stroke": "#0052A4"}, "geometry": {"type": "LineString", "coordinates": [[127.06081, 37.94801], [127.05487, 37.92756]]}}, {"type": "Feature", "properties": {"from": "kr_268", "to": "kr_311", "line": "Line 1", "stroke": "#0052A4"}, "geometry": {"type": "LineString", "coordinates": [[127.06081, 37.94801], [127.07423, 37.99508]]}}, {"type": "Feature", "properties": {"from": "kr_227", "to": "kr_446", "line": "Line 1", "stroke": "#0052A4"}, "geometry": {"type": "LineString", "coordinates": [[127.05487, 37.92756], [127.05722, 37.91412]]}}, {"type": "Feature", "properties": {"from": "kr_227", "to": "kr_422", "line": "Line 1", "stroke": "#0052A4"}, "geometry": {"type": "LineString", "coordinates": [[127.05487, 37.92756], [127.05649, 37.90086]]}}, {"type": "Feature", "properties": {"from": "kr_227", "to": "kr_175", "line": "Line 1", "stroke": "#0052A4"}, "geometry": {"type": "LineString", "coordinates": [[127.05487, 37.92756], [127.05656, 37.9026]]}}, {"type": "Feature", "properties": {"from": "kr_446", "to": "kr_422", "line": "Line 1", "stroke": "#0052A4"}, "geometry": {"type": "LineString", "coordinates": [[127.05722, 37.91412], [127.05649, 37.90086]]}}, {"type": "Feature", "properties": {"from": "kr_446", "to": "kr_175", "line": "Line 1", "stroke": "#0052A4"}, "geometry": {"type": "LineString", "coordinates": [[127.05722, 37.91412], [127.05656, 37.9026]]}}, {"type": "Feature", "properties": {"from": "kr_422", "to": "kr_363", "line": "Line 1", "stroke": "#0052A4"}, "geometry": {"type": "LineString", "coordinates": [[127.05649, 37.90086], [127.05581, 37.89235]]}}, {"type": "Feature", "properties": {"from": "kr_363", "to": "kr_119", "line": "Line 1", "stroke": "#0052A4"}, "geometry": {"type": "LineString", "coordinates": [[127.05581, 37.89235], [127.06156, 37.84326]]}}, {"type": "Feature", "properties": {"from": "kr_363", "to": "kr_175", "line": "Line 1", "stroke": "#0052A4"}, "geometry": {"type": "LineString", "coordinates": [[127.05581, 37.89235], [127.05656, 37.9026]]}}, {"type": "Feature", "properties": {"from": "kr_119", "to": "kr_447", "line": "Line 1", "stroke": "#0052A4"}, "geometry": {"type": "LineString", "coordinates": [[127.06156, 37.84326], [127.0567, 37.81877]]}}, {"type": "Feature", "properties": {"from": "kr_119", "to": "kr_092", "line": "Line 1", "stroke": "#0052A4"}, "geometry": {"type": "LineString", "coordinates": [[127.06156, 37.84326], [127.0448, 37.77416]]}}, {"type": "Feature", "properties": {"from": "kr_119", "to": "kr_175", "line": "Line 1", "stroke": "#0052A4"}, "geometry": {"type": "LineString", "coordinates": [[127.06156, 37.84326], [127.05656, 37.9026]]}}, {"type": "Feature", "properties": {"from": "kr_447", "to": "kr_092", "line": "Line 1", "stroke": "#0052A4"}, "geometry": {"type": "LineString", "coordinates": [[127.0567, 37.81877], [127.0448, 37.77416]]}}, {"type": "Feature", "properties": {"from": "kr_092", "to": "kr_421", "line": "Line 1", "stroke": "#0052A4"}, "geometry": {"type": "LineString", "coordinates": [[127.0448, 37.77416], [127.04233, 37.7594]]}}, {"type": "Feature", "properties": {"from": "kr_092", "to": "kr_065", "line": "Line 1", "stroke": "#0052A4"}, "geometry": {"type": "LineString", "coordinates": [[127.0448, 37.77416], [127.04617, 37.73766]]}}, {"type": "Feature", "properties": {"from": "kr_421", "to": "kr_448", "line": "Line 1", "stroke": "#0052A4"}, "geometry": {"type": "LineString", "coordinates": [[127.04233, 37.7594], [127.04441, 37.74838]]}}, {"type": "Feature", "properties": {"from": "kr_421", "to": "kr_065", "line": "Line 1", "stroke": "#0052A4"}, "geometry": {"type": "LineString", "coordinates": [[127.04233, 37.7594], [127.04617, 37.73766]]}}, {"type": "Feature", "properties": {"from": "kr_448", "to": "kr_065", "line": "Line 1", "stroke": "#0052A4"}, "geometry": {"type": "LineString", "coordinates": [[127.04441, 37.74838], [127.04617, 37.73766]]}}, {"type": "Feature", "properties": {"from": "kr_065", "to": "kr_062", "line": "Line 1", "stroke": "#0052A4"}, "geometry": {"type": "LineString", "coordinates": [[127.04617, 37.73766], [127.04726, 37.7239]]}}, {"type": "Feature", "properties": {"from": "kr_062", "to": "kr_449", "line": "Line 1", "stroke": "#0052A4"}, "geometry": {"type": "LineString", "coordinates": [[127.04726, 37.7239], [127.04739, 37.71031]]}}, {"type": "Feature", "properties": {"from": "kr_062", "to": "kr_044", "line": "Line 1", "stroke": "#0052A4"}, "geometry": {"type": "LineString", "coordinates": [[127.04726, 37.7239], [127.04631, 37.68956]]}}, {"type": "Feature", "properties": {"from": "kr_449", "to": "kr_044", "line": "Line 1", "stroke": "#0052A4"}, "geometry": {"type": "LineString", "coordinates": [[127.04739, 37.71031], [127.04631, 37.68956]]}}, {"type": "Feature", "properties": {"from": "kr_044", "to": "kr_410", "line": "Line 1", "stroke": "#0052A4"}, "geometry": {"type": "LineString", "coordinates": [[127.04631, 37.68956], [127.04551, 37.67902]]}}, {"type": "Feature", "properties": {"from": "kr_044", "to": "kr_045", "line": "Line 1", "stroke": "#0052A4"}, "geometry": {"type": "LineString", "coordinates": [[127.04631, 37.68956], [127.04773, 37.65317]]}}, {"type": "Feature", "properties": {"from": "kr_044", "to": "kr_195", "line": "Line 7", "stroke": "#747F00"}, "geometry": {"type": "LineString", "coordinates": [[127.04631, 37.68956], [127.05531, 37.67787]]}}, {"type": "Feature", "properties": {"from": "kr_044", "to": "kr_467", "line": "Line 7", "stroke": "#747F00"}, "geometry": {"type": "LineString", "coordinates": [[127.04631, 37.68956], [127.05308, 37.70018]]}}, {"type": "Feature", "properties": {"from": "kr_410", "to": "kr_395", "line": "Line 1", "stroke": "#0052A4"}, "geometry": {"type": "LineString", "coordinates": [[127.04551, 37.67902], [127.04432, 37.66749]]}}, {"type": "Feature", "properties": {"from": "kr_395", "to": "kr_045", "line": "Line 1", "stroke": "#0052A4"}, "geometry": {"type": "LineString", "coordinates": [[127.04432, 37.66749], [127.04773, 37.65317]]}}, {"type": "Feature", "properties": {"from": "kr_045", "to": "kr_411", "line": "Line 1", "stroke": "#0052A4"}, "geometry": {"type": "LineString", "coordinates": [[127.04773, 37.65317], [127.0514, 37.64461]]}}, {"type": "Feature", "properties": {"from": "kr_045", "to": "kr_042", "line": "Line 1", "stroke": "#0052A4"}, "geometry": {"type": "LineString", "coordinates": [[127.04773, 37.65317], [127.06176, 37.6238]]}}, {"type": "Feature", "properties": {"from": "kr_411", "to": "kr_393", "line": "Line 1", "stroke": "#0052A4"}, "geometry": {"type": "LineString", "coordinates": [[127.0514, 37.64461], [127.05887, 37.63299]]}}, {"type": "Feature", "properties": {"from": "kr_393", "to": "kr_042", "line": "Line 1", "stroke": "#0052A4"}, "geometry": {"type": "LineString", "coordinates": [[127.05887, 37.63299], [127.06176, 37.6238]]}}, {"type": "Feature", "properties": {"from": "kr_042", "to": "kr_039", "line": "Line 1", "stroke": "#0052A4"}, "geometry": {"type": "LineString", "coordinates": [[127.06176, 37.6238], [127.06573, 37.61499]]}}, {"type": "Feature", "properties": {"from": "kr_039", "to": "kr_037", "line": "Line 1", "stroke": "#0052A4"}, "geometry": {"type": "LineString", "coordinates": [[127.06573, 37.61499], [127.0673, 37.6018]]}}, {"type": "Feature", "properties": {"from": "kr_037", "to": "kr_034", "line": "Line 1", "stroke": "#0052A4"}, "geometry": {"type": "LineString", "coordinates": [[127.0673, 37.6018], [127.06379, 37.59631]]}}, {"type": "Feature", "properties": {"from": "kr_034", "to": "kr_031", "line": "Line 1", "stroke": "#0052A4"}, "geometry": {"type": "LineString", "coordinates": [[127.06379, 37.59631], [127.05753, 37.58955]]}}, {"type": "Feature", "properties": {"from": "kr_031", "to": "kr_028", "line": "Line 1", "stroke": "#0052A4"}, "geometry": {"type": "LineString", "coordinates": [[127.05753, 37.58955], [127.04489, 37.5801]]}}, {"type": "Feature", "properties": {"from": "kr_028", "to": "kr_026", "line": "Line 1", "stroke": "#0052A4"}, "geometry": {"type": "LineString", "coordinates": [[127.04489, 37.5801], [127.03473, 37.57829]]}}, {"type": "Feature", "properties": {"from": "kr_398", "to": "kr_397", "line": "Line 1", "stroke": "#0052A4"}, "geometry": {"type": "LineString", "coordinates": [[126.97133, 37.54055], [126.96444, 37.52946]]}}, {"type": "Feature", "properties": {"from": "kr_450", "to": "kr_382", "line": "Line 1", "stroke": "#0052A4"}, "geometry": {"type": "LineString", "coordinates": [[126.86957, 37.49613], [126.85895, 37.49455]]}}, {"type": "Feature", "properties": {"from": "kr_450", "to": "kr_383", "line": "Line 1", "stroke": "#0052A4"}, "geometry": {"type": "LineString", "coordinates": [[126.86957, 37.49613], [126.86042, 37.49429]]}}, {"type": "Feature", "properties": {"from": "kr_382", "to": "kr_412", "line": "Line 1", "stroke": "#0052A4"}, "geometry": {"type": "LineString", "coordinates": [[126.85895, 37.49455], [126.84461, 37.49436]]}}, {"type": "Feature", "properties": {"from": "kr_382", "to": "kr_024", "line": "Line 1", "stroke": "#0052A4"}, "geometry": {"type": "LineString", "coordinates": [[126.85895, 37.49455], [126.812, 37.48528]]}}, {"type": "Feature", "properties": {"from": "kr_412", "to": "kr_078", "line": "Line 1", "stroke": "#0052A4"}, "geometry": {"type": "LineString", "coordinates": [[126.84461, 37.49436], [126.8235, 37.49228]]}}, {"type": "Feature", "properties": {"from": "kr_412", "to": "kr_383", "line": "Line 1", "stroke": "#0052A4"}, "geometry": {"type": "LineString", "coordinates": [[126.84461, 37.49436], [126.86042, 37.49429]]}}, {"type": "Feature", "properties": {"from": "kr_078", "to": "kr_024", "line": "Line 1", "stroke": "#0052A4"}, "geometry": {"type": "LineString", "coordinates": [[126.8235, 37.49228], [126.812, 37.48528]]}}, {"type": "Feature", "properties": {"from": "kr_078", "to": "kr_194", "line": "Line 7", "stroke": "#747F00"}, "geometry": {"type": "LineString", "coordinates": [[126.8235, 37.49228], [126.83893, 37.48635]]}}, {"type": "Feature", "properties": {"from": "kr_078", "to": "kr_177", "line": "Line 7", "stroke": "#747F00"}, "geometry": {"type": "LineString", "coordinates": [[126.8235, 37.49228], [126.81137, 37.50624]]}}, {"type": "Feature", "properties": {"from": "kr_024", "to": "kr_451", "line": "Line 1", "stroke": "#0052A4"}, "geometry": {"type": "LineString", "coordinates": [[126.812, 37.48528], [126.79568, 37.48278]]}}, {"type": "Feature", "properties": {"from": "kr_024", "to": "kr_060", "line": "Line 1", "stroke": "#0052A4"}, "geometry": {"type": "LineString", "coordinates": [[126.812, 37.48528], [126.78273, 37.48411]]}}, {"type": "Feature", "properties": {"from": "kr_024", "to": "kr_383", "line": "Line 1", "stroke": "#0052A4"}, "geometry": {"type": "LineString", "coordinates": [[126.812, 37.48528], [126.86042, 37.49429]]}}, {"type": "Feature", "properties": {"from": "kr_451", "to": "kr_060", "line": "Line 1", "stroke": "#0052A4"}, "geometry": {"type": "LineString", "coordinates": [[126.79568, 37.48278], [126.78273, 37.48411]]}}, {"type": "Feature", "properties": {"from": "kr_060", "to": "kr_452", "line": "Line 1", "stroke": "#0052A4"}, "geometry": {"type": "LineString", "coordinates": [[126.78273, 37.48411], [126.76414, 37.4867]]}}, {"type": "Feature", "properties": {"from": "kr_060", "to": "kr_190", "line": "Line 1", "stroke": "#0052A4"}, "geometry": {"type": "LineString", "coordinates": [[126.78273, 37.48411], [126.75371, 37.48763]]}}, {"type": "Feature", "properties": {"from": "kr_060", "to": "kr_159", "line": "Line 1", "stroke": "#0052A4"}, "geometry": {"type": "LineString", "coordinates": [[126.78273, 37.48411], [126.75233, 37.48769]]}}, {"type": "Feature", "properties": {"from": "kr_452", "to": "kr_159", "line": "Line 1", "stroke": "#0052A4"}, "geometry": {"type": "LineString", "coordinates": [[126.76414, 37.4867], [126.75233, 37.48769]]}}, {"type": "Feature", "properties": {"from": "kr_159", "to": "kr_453", "line": "Line 1", "stroke": "#0052A4"}, "geometry": {"type": "LineString", "coordinates": [[126.75233, 37.48769], [126.74076, 37.48848]]}}, {"type": "Feature", "properties": {"from": "kr_159", "to": "kr_105", "line": "Line 1", "stroke": "#0052A4"}, "geometry": {"type": "LineString", "coordinates": [[126.75233, 37.48769], [126.72456, 37.48946]]}}, {"type": "Feature", "properties": {"from": "kr_453", "to": "kr_105", "line": "Line 1", "stroke": "#0052A4"}, "geometry": {"type": "LineString", "coordinates": [[126.74076, 37.48848], [126.72456, 37.48946]]}}, {"type": "Feature", "properties": {"from": "kr_105", "to": "kr_454", "line": "Line 1", "stroke": "#0052A4"}, "geometry": {"type": "LineString", "coordinates": [[126.72456, 37.48946], [126.70696, 37.48301]]}}, {"type": "Feature", "properties": {"from": "kr_105", "to": "kr_378", "line": "Line 1", "stroke": "#0052A4"}, "geometry": {"type": "LineString", "coordinates": [[126.72456, 37.48946], [126.70286, 37.47073]]}}, {"type": "Feature", "properties": {"from": "kr_105", "to": "kr_190", "line": "Line 1", "stroke": "#0052A4"}, "geometry": {"type": "LineString", "coordinates": [[126.72456, 37.48946], [126.75371, 37.48763]]}}, {"type": "Feature", "properties": {"from": "kr_105", "to": "kr_248", "line": "Line 1", "stroke": "#0052A4"}, "geometry": {"type": "LineString", "coordinates": [[126.72456, 37.48946], [126.67902, 37.46516]]}}, {"type": "Feature", "properties": {"from": "kr_105", "to": "kr_313", "line": "Line 1", "stroke": "#0052A4"}, "geometry": {"type": "LineString", "coordinates": [[126.72456, 37.48946], [126.68016, 37.46508]]}}, {"type": "Feature", "properties": {"from": "kr_454", "to": "kr_378", "line": "Line 1", "stroke": "#0052A4"}, "geometry": {"type": "LineString", "coordinates": [[126.70696, 37.48301], [126.70286, 37.47073]]}}, {"type": "Feature", "properties": {"from": "kr_378", "to": "kr_455", "line": "Line 1", "stroke": "#0052A4"}, "geometry": {"type": "LineString", "coordinates": [[126.70286, 37.47073], [126.6934, 37.46473]]}}, {"type": "Feature", "properties": {"from": "kr_378", "to": "kr_313", "line": "Line 1", "stroke": "#0052A4"}, "geometry": {"type": "LineString", "coordinates": [[126.70286, 37.47073], [126.68016, 37.46508]]}}, {"type": "Feature", "properties": {"from": "kr_378", "to": "kr_248", "line": "Line 1", "stroke": "#0052A4"}, "geometry": {"type": "LineString", "coordinates": [[126.70286, 37.47073], [126.67902, 37.46516]]}}, {"type": "Feature", "properties": {"from": "kr_455", "to": "kr_248", "line": "Line 1", "stroke": "#0052A4"}, "geometry": {"type": "LineString", "coordinates": [[126.6934, 37.46473], [126.67902, 37.46516]]}}, {"type": "Feature", "properties": {"from": "kr_248", "to": "kr_456", "line": "Line 1", "stroke": "#0052A4"}, "geometry": {"type": "LineString", "coordinates": [[126.67902, 37.46516], [126.66862, 37.4661]]}}, {"type": "Feature", "properties": {"from": "kr_248", "to": "kr_379", "line": "Line 1", "stroke": "#0052A4"}, "geometry": {"type": "LineString", "coordinates": [[126.67902, 37.46516], [126.65766, 37.46681]]}}, {"type": "Feature", "properties": {"from": "kr_248", "to": "kr_330", "line": "Line 1", "stroke": "#0052A4"}, "geometry": {"type": "LineString", "coordinates": [[126.67902, 37.46516], [126.63308, 37.4751]]}}, {"type": "Feature", "properties": {"from": "kr_456", "to": "kr_379", "line": "Line 1", "stroke": "#0052A4"}, "geometry": {"type": "LineString", "coordinates": [[126.66862, 37.4661], [126.65766, 37.46681]]}}, {"type": "Feature", "properties": {"from": "kr_379", "to": "kr_457", "line": "Line 1", "stroke": "#0052A4"}, "geometry": {"type": "LineString", "coordinates": [[126.65766, 37.46681], [126.64252, 37.46877]]}}, {"type": "Feature", "properties": {"from": "kr_379", "to": "kr_330", "line": "Line 1", "stroke": "#0052A4"}, "geometry": {"type": "LineString", "coordinates": [[126.65766, 37.46681], [126.63308, 37.4751]]}}, {"type": "Feature", "properties": {"from": "kr_379", "to": "kr_313", "line": "Line 1", "stroke": "#0052A4"}, "geometry": {"type": "LineString", "coordinates": [[126.65766, 37.46681], [126.68016, 37.46508]]}}, {"type": "Feature", "properties": {"from": "kr_457", "to": "kr_330", "line": "Line 1", "stroke": "#0052A4"}, "geometry": {"type": "LineString", "coordinates": [[126.64252, 37.46877], [126.63308, 37.4751]]}}, {"type": "Feature", "properties": {"from": "kr_330", "to": "kr_458", "line": "Line 1", "stroke": "#0052A4"}, "geometry": {"type": "LineString", "coordinates": [[126.63308, 37.4751], [126.61704, 37.47694]]}}, {"type": "Feature", "properties": {"from": "kr_330", "to": "kr_313", "line": "Line 1", "stroke": "#0052A4"}, "geometry": {"type": "LineString", "coordinates": [[126.63308, 37.4751], [126.68016, 37.46508]]}}, {"type": "Feature", "properties": {"from": "kr_392", "to": "kr_413", "line": "Line 1", "stroke": "#0052A4"}, "geometry": {"type": "LineString", "coordinates": [[126.90225, 37.43539], [126.90835, 37.41973]]}}, {"type": "Feature", "properties": {"from": "kr_413", "to": "kr_010", "line": "Line 1", "stroke": "#0052A4"}, "geometry": {"type": "LineString", "coordinates": [[126.90835, 37.41973], [126.92304, 37.40145]]}}, {"type": "Feature", "properties": {"from": "kr_010", "to": "kr_459", "line": "Line 1", "stroke": "#0052A4"}, "geometry": {"type": "LineString", "coordinates": [[126.92304, 37.40145], [126.93565, 37.38431]]}}, {"type": "Feature", "properties": {"from": "kr_010", "to": "kr_072", "line": "Line 1", "stroke": "#0052A4"}, "geometry": {"type": "LineString", "coordinates": [[126.92304, 37.40145], [126.94848, 37.35419]]}}, {"type": "Feature", "properties": {"from": "kr_072", "to": "kr_460", "line": "Line 1", "stroke": "#0052A4"}, "geometry": {"type": "LineString", "coordinates": [[126.94848, 37.35419], [126.94836, 37.34334]]}}, {"type": "Feature", "properties": {"from": "kr_072", "to": "kr_032", "line": "Line 1", "stroke": "#0052A4"}, "geometry": {"type": "LineString", "coordinates": [[126.94848, 37.35419], [126.94807, 37.32038]]}}, {"type": "Feature", "properties": {"from": "kr_460", "to": "kr_032", "line": "Line 1", "stroke": "#0052A4"}, "geometry": {"type": "LineString", "coordinates": [[126.94836, 37.34334], [126.94807, 37.32038]]}}, {"type": "Feature", "properties": {"from": "kr_032", "to": "kr_085", "line": "Line 1", "stroke": "#0052A4"}, "geometry": {"type": "LineString", "coordinates": [[126.94807, 37.32038], [126.97135, 37.30032]]}}, {"type": "Feature", "properties": {"from": "kr_032", "to": "kr_086", "line": "Line 1", "stroke": "#0052A4"}, "geometry": {"type": "LineString", "coordinates": [[126.94807, 37.32038], [126.96979, 37.30032]]}}, {"type": "Feature", "properties": {"from": "kr_085", "to": "kr_461", "line": "Line 1", "stroke": "#0052A4"}, "geometry": {"type": "LineString", "coordinates": [[126.97135, 37.30032], [126.98956, 37.28406]]}}, {"type": "Feature", "properties": {"from": "kr_085", "to": "kr_043", "line": "Line 1", "stroke": "#0052A4"}, "geometry": {"type": "LineString", "coordinates": [[126.97135, 37.30032], [126.99974, 37.26612]]}}, {"type": "Feature", "properties": {"from": "kr_461", "to": "kr_043", "line": "Line 1", "stroke": "#0052A4"}, "geometry": {"type": "LineString", "coordinates": [[126.98956, 37.28406], [126.99974, 37.26612]]}}, {"type": "Feature", "properties": {"from": "kr_461", "to": "kr_086", "line": "Line 1", "stroke": "#0052A4"}, "geometry": {"type": "LineString", "coordinates": [[126.98956, 37.28406], [126.96979, 37.30032]]}}, {"type": "Feature", "properties": {"from": "kr_043", "to": "kr_462", "line": "Line 1", "stroke": "#0052A4"}, "geometry": {"type": "LineString", "coordinates": [[126.99974, 37.26612], [127.01371, 37.24415]]}}, {"type": "Feature", "properties": {"from": "kr_043", "to": "kr_047", "line": "Line 1", "stroke": "#0052A4"}, "geometry": {"type": "LineString", "coordinates": [[126.99974, 37.26612], [127.03312, 37.20683]]}}, {"type": "Feature", "properties": {"from": "kr_043", "to": "kr_086", "line": "Line 1", "stroke": "#0052A4"}, "geometry": {"type": "LineString", "coordinates": [[126.99974, 37.26612], [126.96979, 37.30032]]}}, {"type": "Feature", "properties": {"from": "kr_462", "to": "kr_047", "line": "Line 1", "stroke": "#0052A4"}, "geometry": {"type": "LineString", "coordinates": [[127.01371, 37.24415], [127.03312, 37.20683]]}}, {"type": "Feature", "properties": {"from": "kr_047", "to": "kr_388", "line": "Line 1", "stroke": "#0052A4"}, "geometry": {"type": "LineString", "coordinates": [[127.03312, 37.20683], [127.04343, 37.18719]]}}, {"type": "Feature", "properties": {"from": "kr_047", "to": "kr_466", "line": "Line 1", "stroke": "#0052A4"}, "geometry": {"type": "LineString", "coordinates": [[127.03312, 37.20683], [127.05188, 37.19572]]}}, {"type": "Feature", "properties": {"from": "kr_047", "to": "kr_053", "line": "Line 1", "stroke": "#0052A4"}, "geometry": {"type": "LineString", "coordinates": [[127.03312, 37.20683], [127.06667, 37.14483]]}}, {"type": "Feature", "properties": {"from": "kr_388", "to": "kr_416", "line": "Line 1", "stroke": "#0052A4"}, "geometry": {"type": "LineString", "coordinates": [[127.04343, 37.18719], [127.06308, 37.16945]]}}, {"type": "Feature", "properties": {"from": "kr_416", "to": "kr_053", "line": "Line 1", "stroke": "#0052A4"}, "geometry": {"type": "LineString", "coordinates": [[127.06308, 37.16945], [127.06667, 37.14483]]}}, {"type": "Feature", "properties": {"from": "kr_053", "to": "kr_386", "line": "Line 1", "stroke": "#0052A4"}, "geometry": {"type": "LineString", "coordinates": [[127.06667, 37.14483], [127.06239, 37.1101]]}}, {"type": "Feature", "properties": {"from": "kr_053", "to": "kr_070", "line": "Line 1", "stroke": "#0052A4"}, "geometry": {"type": "LineString", "coordinates": [[127.06667, 37.14483], [127.05288, 37.05649]]}}, {"type": "Feature", "properties": {"from": "kr_386", "to": "kr_420", "line": "Line 1", "stroke": "#0052A4"}, "geometry": {"type": "LineString", "coordinates": [[127.06239, 37.1101], [127.05432, 37.07596]]}}, {"type": "Feature", "properties": {"from": "kr_420", "to": "kr_070", "line": "Line 1", "stroke": "#0052A4"}, "geometry": {"type": "LineString", "coordinates": [[127.05432, 37.07596], [127.05288, 37.05649]]}}, {"type": "Feature", "properties": {"from": "kr_070", "to": "kr_463", "line": "Line 1", "stroke": "#0052A4"}, "geometry": {"type": "LineString", "coordinates": [[127.05288, 37.05649], [127.07043, 37.019]]}}, {"type": "Feature", "properties": {"from": "kr_070", "to": "kr_093", "line": "Line 1", "stroke": "#0052A4"}, "geometry": {"type": "LineString", "coordinates": [[127.05288, 37.05649], [127.08552, 36.99061]]}}, {"type": "Feature", "properties": {"from": "kr_463", "to": "kr_093", "line": "Line 1", "stroke": "#0052A4"}, "geometry": {"type": "LineString", "coordinates": [[127.07043, 37.019], [127.08552, 36.99061]]}}, {"type": "Feature", "properties": {"from": "kr_093", "to": "kr_109", "line": "Line 1", "stroke": "#0052A4"}, "geometry": {"type": "LineString", "coordinates": [[127.08552, 36.99061], [127.12686, 36.91622]]}}, {"type": "Feature", "properties": {"from": "kr_109", "to": "kr_464", "line": "Line 1", "stroke": "#0052A4"}, "geometry": {"type": "LineString", "coordinates": [[127.12686, 36.91622], [127.14381, 36.87095]]}}, {"type": "Feature", "properties": {"from": "kr_109", "to": "kr_129", "line": "Line 1", "stroke": "#0052A4"}, "geometry": {"type": "LineString", "coordinates": [[127.12686, 36.91622], [127.14892, 36.83412]]}}, {"type": "Feature", "properties": {"from": "kr_464", "to": "kr_129", "line": "Line 1", "stroke": "#0052A4"}, "geometry": {"type": "LineString", "coordinates": [[127.14381, 36.87095], [127.14892, 36.83412]]}}, {"type": "Feature", "properties": {"from": "kr_129", "to": "kr_150", "line": "Line 1", "stroke": "#0052A4"}, "geometry": {"type": "LineString", "coordinates": [[127.14892, 36.83412], [127.14657, 36.81093]]}}, {"type": "Feature", "properties": {"from": "kr_150", "to": "kr_174", "line": "Line 1", "stroke": "#0052A4"}, "geometry": {"type": "LineString", "coordinates": [[127.14657, 36.81093], [127.13607, 36.8014]]}}, {"type": "Feature", "properties": {"from": "kr_174", "to": "kr_204", "line": "Line 1", "stroke": "#0052A4"}, "geometry": {"type": "LineString", "coordinates": [[127.13607, 36.8014], [127.12136, 36.79375]]}}, {"type": "Feature", "properties": {"from": "kr_204", "to": "kr_235", "line": "Line 1", "stroke": "#0052A4"}, "geometry": {"type": "LineString", "coordinates": [[127.12136, 36.79375], [127.10445, 36.79209]]}}, {"type": "Feature", "properties": {"from": "kr_235", "to": "kr_269", "line": "Line 1", "stroke": "#0052A4"}, "geometry": {"type": "LineString", "coordinates": [[127.10445, 36.79209], [127.0845, 36.78821]]}}, {"type": "Feature", "properties": {"from": "kr_269", "to": "kr_309", "line": "Line 1", "stroke": "#0052A4"}, "geometry": {"type": "LineString", "coordinates": [[127.0845, 36.78821], [127.05282, 36.77762]]}}, {"type": "Feature", "properties": {"from": "kr_309", "to": "kr_359", "line": "Line 1", "stroke": "#0052A4"}, "geometry": {"type": "LineString", "coordinates": [[127.05282, 36.77762], [127.0032, 36.78054]]}}, {"type": "Feature", "properties": {"from": "kr_359", "to": "kr_465", "line": "Line 1", "stroke": "#0052A4"}, "geometry": {"type": "LineString", "coordinates": [[127.0032, 36.78054], [126.95186, 36.76981]]}}, {"type": "Feature", "properties": {"from": "kr_195", "to": "kr_215", "line": "Line 7", "stroke": "#747F00"}, "geometry": {"type": "LineString", "coordinates": [[127.05531, 37.67787], [127.05762, 37.66552]]}}, {"type": "Feature", "properties": {"from": "kr_215", "to": "kr_224", "line": "Line 7", "stroke": "#747F00"}, "geometry": {"type": "LineString", "coordinates": [[127.05762, 37.66552], [127.06055, 37.65441]]}}, {"type": "Feature", "properties": {"from": "kr_224", "to": "kr_218", "line": "Line 7", "stroke": "#747F00"}, "geometry": {"type": "LineString", "coordinates": [[127.06055, 37.65441], [127.06387, 37.64553]]}}, {"type": "Feature", "properties": {"from": "kr_218", "to": "kr_197", "line": "Line 7", "stroke": "#747F00"}, "geometry": {"type": "LineString", "coordinates": [[127.06387, 37.64553], [127.06823, 37.63598]]}}, {"type": "Feature", "properties": {"from": "kr_197", "to": "kr_176", "line": "Line 7", "stroke": "#747F00"}, "geometry": {"type": "LineString", "coordinates": [[127.06823, 37.63598], [127.07301, 37.62561]]}}, {"type": "Feature", "properties": {"from": "kr_163", "to": "kr_158", "line": "Line 7", "stroke": "#747F00"}, "geometry": {"type": "LineString", "coordinates": [[127.07761, 37.61144], [127.07947, 37.60163]]}}, {"type": "Feature", "properties": {"from": "kr_158", "to": "kr_141", "line": "Line 7", "stroke": "#747F00"}, "geometry": {"type": "LineString", "coordinates": [[127.07947, 37.60163], [127.08566, 37.59584]]}}, {"type": "Feature", "properties": {"from": "kr_141", "to": "kr_124", "line": "Line 7", "stroke": "#747F00"}, "geometry": {"type": "LineString", "coordinates": [[127.08566, 37.59584], [127.08757, 37.58838]]}}, {"type": "Feature", "properties": {"from": "kr_124", "to": "kr_120", "line": "Line 7", "stroke": "#747F00"}, "geometry": {"type": "LineString", "coordinates": [[127.08757, 37.58838], [127.08842, 37.58072]]}}, {"type": "Feature", "properties": {"from": "kr_120", "to": "kr_111", "line": "Line 7", "stroke": "#747F00"}, "geometry": {"type": "LineString", "coordinates": [[127.08842, 37.58072], [127.08651, 37.57388]]}}, {"type": "Feature", "properties": {"from": "kr_111", "to": "kr_098", "line": "Line 7", "stroke": "#747F00"}, "geometry": {"type": "LineString", "coordinates": [[127.08651, 37.57388], [127.08451, 37.56629]]}}, {"type": "Feature", "properties": {"from": "kr_185", "to": "kr_183", "line": "Line 7", "stroke": "#747F00"}, "geometry": {"type": "LineString", "coordinates": [[127.0744, 37.54762], [127.07112, 37.541]]}}, {"type": "Feature", "properties": {"from": "kr_183", "to": "kr_181", "line": "Line 7", "stroke": "#747F00"}, "geometry": {"type": "LineString", "coordinates": [[127.07112, 37.541], [127.06674, 37.53154]]}}, {"type": "Feature", "properties": {"from": "kr_181", "to": "kr_166", "line": "Line 7", "stroke": "#747F00"}, "geometry": {"type": "LineString", "coordinates": [[127.06674, 37.53154], [127.05117, 37.519]]}}, {"type": "Feature", "properties": {"from": "kr_166", "to": "kr_155", "line": "Line 7", "stroke": "#747F00"}, "geometry": {"type": "LineString", "coordinates": [[127.05117, 37.519], [127.04131, 37.51718]]}}, {"type": "Feature", "properties": {"from": "kr_155", "to": "kr_143", "line": "Line 7", "stroke": "#747F00"}, "geometry": {"type": "LineString", "coordinates": [[127.04131, 37.51718], [127.03074, 37.51395]]}}, {"type": "Feature", "properties": {"from": "kr_143", "to": "kr_130", "line": "Line 7", "stroke": "#747F00"}, "geometry": {"type": "LineString", "coordinates": [[127.03074, 37.51395], [127.02148, 37.51111]]}}, {"type": "Feature", "properties": {"from": "kr_130", "to": "kr_121", "line": "Line 7", "stroke": "#747F00"}, "geometry": {"type": "LineString", "coordinates": [[127.02148, 37.51111], [127.01163, 37.50817]]}}, {"type": "Feature", "properties": {"from": "kr_135", "to": "kr_153", "line": "Line 7", "stroke": "#747F00"}, "geometry": {"type": "LineString", "coordinates": [[126.99319, 37.48754], [126.98196, 37.48532]]}}, {"type": "Feature", "properties": {"from": "kr_153", "to": "kr_182", "line": "Line 7", "stroke": "#747F00"}, "geometry": {"type": "LineString", "coordinates": [[126.98196, 37.48532], [126.97187, 37.48436]]}}, {"type": "Feature", "properties": {"from": "kr_182", "to": "kr_213", "line": "Line 7", "stroke": "#747F00"}, "geometry": {"type": "LineString", "coordinates": [[126.97187, 37.48436], [126.95412, 37.49565]]}}, {"type": "Feature", "properties": {"from": "kr_213", "to": "kr_244", "line": "Line 7", "stroke": "#747F00"}, "geometry": {"type": "LineString", "coordinates": [[126.95412, 37.49565], [126.94767, 37.5032]]}}, {"type": "Feature", "properties": {"from": "kr_244", "to": "kr_273", "line": "Line 7", "stroke": "#747F00"}, "geometry": {"type": "LineString", "coordinates": [[126.94767, 37.5032], [126.93921, 37.50498]]}}, {"type": "Feature", "properties": {"from": "kr_273", "to": "kr_299", "line": "Line 7", "stroke": "#747F00"}, "geometry": {"type": "LineString", "coordinates": [[126.93921, 37.50498], [126.92821, 37.4997]]}}, {"type": "Feature", "properties": {"from": "kr_299", "to": "kr_337", "line": "Line 7", "stroke": "#747F00"}, "geometry": {"type": "LineString", "coordinates": [[126.92821, 37.4997], [126.92029, 37.49992]]}}, {"type": "Feature", "properties": {"from": "kr_337", "to": "kr_365", "line": "Line 7", "stroke": "#747F00"}, "geometry": {"type": "LineString", "coordinates": [[126.92029, 37.49992], [126.90894, 37.50013]]}}, {"type": "Feature", "properties": {"from": "kr_365", "to": "kr_343", "line": "Line 7", "stroke": "#747F00"}, "geometry": {"type": "LineString", "coordinates": [[126.90894, 37.50013], [126.89627, 37.4925]]}}, {"type": "Feature", "properties": {"from": "kr_343", "to": "kr_328", "line": "Line 7", "stroke": "#747F00"}, "geometry": {"type": "LineString", "coordinates": [[126.89627, 37.4925], [126.88669, 37.48539]]}}, {"type": "Feature", "properties": {"from": "kr_328", "to": "kr_291", "line": "Line 7", "stroke": "#747F00"}, "geometry": {"type": "LineString", "coordinates": [[126.88669, 37.48539], [126.88277, 37.48042]]}}, {"type": "Feature", "properties": {"from": "kr_291", "to": "kr_256", "line": "Line 7", "stroke": "#747F00"}, "geometry": {"type": "LineString", "coordinates": [[126.88277, 37.48042], [126.86777, 37.47604]]}}, {"type": "Feature", "properties": {"from": "kr_256", "to": "kr_220", "line": "Line 7", "stroke": "#747F00"}, "geometry": {"type": "LineString", "coordinates": [[126.86777, 37.47604], [126.85432, 37.47946]]}}, {"type": "Feature", "properties": {"from": "kr_220", "to": "kr_194", "line": "Line 7", "stroke": "#747F00"}, "geometry": {"type": "LineString", "coordinates": [[126.85432, 37.47946], [126.83893, 37.48635]]}}, {"type": "Feature", "properties": {"from": "kr_239", "to": "kr_258", "line": "Line 7", "stroke": "#747F00"}, "geometry": {"type": "LineString", "coordinates": [[126.89697, 37.45051], [126.70368, 37.50858]]}}, {"type": "Feature", "properties": {"from": "kr_469", "to": "kr_360", "line": "Line 5", "stroke": "#996CAC"}, "geometry": {"type": "LineString", "coordinates": [[127.22369, 37.53968], [127.20701, 37.54165]]}}, {"type": "Feature", "properties": {"from": "kr_360", "to": "kr_301", "line": "Line 5", "stroke": "#996CAC"}, "geometry": {"type": "LineString", "coordinates": [[127.20701, 37.54165], [127.20431, 37.55281]]}}, {"type": "Feature", "properties": {"from": "kr_301", "to": "kr_331", "line": "Line 5", "stroke": "#996CAC"}, "geometry": {"type": "LineString", "coordinates": [[127.20431, 37.55281], [127.19277, 37.56306]]}}, {"type": "Feature", "properties": {"from": "kr_301", "to": "kr_332", "line": "Line 5", "stroke": "#996CAC"}, "geometry": {"type": "LineString", "coordinates": [[127.20431, 37.55281], [127.19282, 37.56295]]}}, {"type": "Feature", "properties": {"from": "kr_331", "to": "kr_205", "line": "Line 5", "stroke": "#996CAC"}, "geometry": {"type": "LineString", "coordinates": [[127.19277, 37.56306], [127.17612, 37.55754]]}}, {"type": "Feature", "properties": {"from": "kr_205", "to": "kr_332", "line": "Line 5", "stroke": "#996CAC"}, "geometry": {"type": "LineString", "coordinates": [[127.17612, 37.55754], [127.19282, 37.56295]]}}, {"type": "Feature", "properties": {"from": "kr_177", "to": "kr_206", "line": "Line 7", "stroke": "#747F00"}, "geometry": {"type": "LineString", "coordinates": [[126.81137, 37.50624], [126.79726, 37.50545]]}}, {"type": "Feature", "properties": {"from": "kr_206", "to": "kr_222", "line": "Line 7", "stroke": "#747F00"}, "geometry": {"type": "LineString", "coordinates": [[126.79726, 37.50545], [126.78718, 37.50373]]}}, {"type": "Feature", "properties": {"from": "kr_222", "to": "kr_254", "line": "Line 7", "stroke": "#747F00"}, "geometry": {"type": "LineString", "coordinates": [[126.78718, 37.50373], [126.77621, 37.50304]]}}, {"type": "Feature", "properties": {"from": "kr_254", "to": "kr_280", "line": "Line 7", "stroke": "#747F00"}, "geometry": {"type": "LineString", "coordinates": [[126.77621, 37.50304], [126.76318, 37.50477]]}}, {"type": "Feature", "properties": {"from": "kr_280", "to": "kr_292", "line": "Line 7", "stroke": "#747F00"}, "geometry": {"type": "LineString", "coordinates": [[126.76318, 37.50477], [126.75317, 37.50583]]}}, {"type": "Feature", "properties": {"from": "kr_292", "to": "kr_315", "line": "Line 7", "stroke": "#747F00"}, "geometry": {"type": "LineString", "coordinates": [[126.75317, 37.50583], [126.7423, 37.5065]]}}, {"type": "Feature", "properties": {"from": "kr_315", "to": "kr_316", "line": "Line 7", "stroke": "#747F00"}, "geometry": {"type": "LineString", "coordinates": [[126.7423, 37.5065], [126.73132, 37.50702]]}}, {"type": "Feature", "properties": {"from": "kr_316", "to": "kr_287", "line": "Line 7", "stroke": "#747F00"}, "geometry": {"type": "LineString", "coordinates": [[126.73132, 37.50702], [126.72096, 37.50749]]}}, {"type": "Feature", "properties": {"from": "kr_287", "to": "kr_258", "line": "Line 7", "stroke": "#747F00"}, "geometry": {"type": "LineString", "coordinates": [[126.72096, 37.50749], [126.70368, 37.50858]]}}, {"type": "Feature", "properties": {"from": "kr_310", "to": "kr_361", "line": "Line 4", "stroke": "#00A5DE"}, "geometry": {"type": "LineString", "coordinates": [[127.11619, 37.6678], [127.19108, 37.70521]]}}, {"type": "Feature", "properties": {"from": "kr_361", "to": "kr_470", "line": "Line 4", "stroke": "#00A5DE"}, "geometry": {"type": "LineString", "coordinates": [[127.19108, 37.70521], [127.20324, 37.72004]]}}, {"type": "Feature", "properties": {"from": "kr_471", "to": "kr_362", "line": "Line 1", "stroke": "#0052A4"}, "geometry": {"type": "LineString", "coordinates": [[127.07386, 38.10046], [127.07193, 38.02453]]}}, {"type": "Feature", "properties": {"from": "kr_362", "to": "kr_311", "line": "Line 1", "stroke": "#0052A4"}, "geometry": {"type": "LineString", "coordinates": [[127.07193, 38.02453], [127.07423, 37.99508]]}}]}