{"type":"FeatureCollection","features":[{"type":"Feature","geometry":{"type":"Polygon","coordinates":[[[126.90703,37.51054],[126.91378,37.51054],[126.91378,37.5173],[126.90703,37.5173],[126.90703,37.51054]]]},"properties":{"row":6,"col":4,"walk_min":5.2,"nearest_station_id":"kr_001","nearest_station_name":"Yeongdeungpo","a":1,"A":"10-20","c":2,"C":"20-30","e":2,"E":"20-30","g":3,"G":"30-45","i":2,"I":"20-30","k":3,"K":"30-45","m":3,"M":"30-45","o":2,"O":"20-30","b":1,"B":"10-20","d":2,"D":"20-30","f":2,"F":"20-30","h":3,"H":"30-45","j":2,"J":"20-30","l":3,"L":"30-45","n":3,"N":"30-45","p":2,"P":"20-30"}},{"type":"Feature","geometry":{"type":"Polygon","coordinates":[[[127.00162,37.50378],[127.00838,37.50378],[127.00838,37.51054],[127.00162,37.51054],[127.00162,37.50378]]]},"properties":{"row":5,"col":18,"walk_min":3.6,"nearest_station_id":"kr_002","nearest_station_name":"Express Bus Terminal","a":2,"A":"20-30","c":2,"C":"20-30","e":0,"E":"<10","g":2,"G":"20-30","i":1,"I":"10-20","k":2,"K":"20-30","m":3,"M":"30-45","o":3,"O":"30-45","b":2,"B":"20-30","d":2,"D":"20-30","f":0,"F":"<10","h":2,"H":"20-30","j":1,"J":"10-20","l":2,"L":"20-30","n":3,"N":"30-45","p":3,"P":"30-45"}},{"type":"Feature","geometry":{"type":"Polygon","coordinates":[[[126.97459,37.49703],[126.98135,37.49703],[126.98135,37.50378],[126.97459,37.50378],[126.97459,37.49703]]]},"properties":{"row":4,"col":14,"walk_min":22.2,"nearest_station_id":"kr_003","nearest_station_name":"Dongjak","a":3,"A":"30-45","c":3,"C":"30-45","e":3,"E":"30-45","g":4,"G":"45-60","i":2,"I":"20-30","k":4,"K":"45-60","m":4,"M":"45-60","o":3,"O":"30-45","b":3,"B":"30-45","d":3,"D":"30-45","f":3,"F":"30-45","h":4,"H":"45-60","j":2,"J":"20-30","l":4,"L":"45-60","n":4,"N":"45-60","p":3,"P":"30-45"}},{"type":"Feature","geometry":{"type":"Polygon","coordinates":[[[126.94081,37.51054],[126.94757,37.51054],[126.94757,37.5173],[126.94081,37.5173],[126.94081,37.51054]]]},"properties":{"row":6,"col":9,"walk_min":8.6,"nearest_station_id":"kr_004","nearest_station_name":"Noryangjin","a":2,"A":"20-30","c":2,"C":"20-30","e":2,"E":"20-30","g":3,"G":"30-45","i":2,"I":"20-30","k":3,"K":"30-45","m":3,"M":"30-45","o":2,"O":"20-30","b":2,"B":"20-30","d":2,"D":"20-30","f":2,"F":"20-30","h":3,"H":"30-45","j":2,"J":"20-30","l":3,"L":"30-45","n":3,"N":"30-45","p":2,"P":"20-30"}},{"type":"Feature","geometry":{"type":"Polygon","coordinates":[[[126.96784,37.55108],[126.97459,37.55108],[126.97459,37.55784],[126.96784,37.55784],[126.96784,37.55108]]]},"properties":{"row":12,"col":13,"walk_min":3.7,"nearest_station_id":"kr_005","nearest_station_name":"Seoul Station","a":0,"A":"<10","c":0,"C":"<10","e":2,"E":"20-30","g":1,"G":"10-20","i":2,"I":"20-30","k":3,"K":"30-45","m":2,"M":"20-30","o":1,"O":"10-20","b":0,"B":"<10","d":0,"D":"<10","f":2,"F":"20-30","h":1,"H":"10-20","j":2,"J":"20-30","l":3,"L":"30-45","n":2,"N":"20-30","p":1,"P":"10-20"}},{"type":"Feature","geometry":{"type":"Polygon","coordinates":[[[127.02189,37.50378],[127.02865,37.50378],[127.02865,37.51054],[127.02189,37.51054],[127.02189,37.50378]]]},"properties":{"row":5,"col":21,"walk_min":2.6,"nearest_station_id":"kr_006","nearest_station_name":"Sinnonhyeon","a":2,"A":"20-30","c":2,"C":"20-30","e":0,"E":"<10","g":2,"G":"20-30","i":1,"I":"10-20","k":1,"K":"10-20","m":2,"M":"20-30","o":3,"O":"30-45","b":2,"B":"20-30","d":2,"D":"20-30","f":0,"F":"<10","h":2,"H":"20-30","j":1,"J":"10-20","l":1,"L":"10-20","n":2,"N":"20-30","p":3,"P":"30-45"}},{"type":"Feature","geometry":{"type":"Polygon","coordinates":[[[126.98811,37.57135],[126.99486,37.57135],[126.99486,37.57811],[126.98811,37.57811],[126.98811,37.57135]]]},"properties":{"row":15,"col":16,"walk_min":5.1,"nearest_station_id":"kr_007","nearest_station_name":"Jongno 3(sam)-ga","a":1,"A":"10-20","c":0,"C":"<10","e":2,"E":"20-30","g":1,"G":"10-20","i":3,"I":"30-45","k":3,"K":"30-45","m":2,"M":"20-30","o":2,"O":"20-30","b":1,"B":"10-20","d":0,"D":"<10","f":2,"F":"20-30","h":1,"H":"10-20","j":3,"J":"30-45","l":3,"L":"30-45","n":2,"N":"20-30","p":2,"P":"20-30"}},{"type":"Feature","geometry":{"type":"Polygon","coordinates":[[[127.00162,37.56459],[127.00838,37.56459],[127.00838,37.57135],[127.00162,37.57135],[127.00162,37.56459]]]},"properties":{"row":14,"col":18,"walk_min":3.7,"nearest_station_id":"kr_402","nearest_station_name":"Dongdaemun History & Culture Park Station","a":1,"A":"10-20","c":1,"C":"10-20","e":2,"E":"20-30","g":1,"G":"10-20","i":3,"I":"30-45","k":3,"K":"30-45","m":2,"M":"20-30","o":2,"O":"20-30","b":1,"B":"10-20","d":1,"D":"10-20","f":2,"F":"20-30","h":1,"H":"10-20","j":3,"J":"30-45","l":3,"L":"30-45","n":2,"N":"20-30","p":2,"P":"20-30"}},{"type":"Feature","geometry":{"type":"Polygon","coordinates":[[[127.00838,37.56459],[127.01514,37.56459],[127.01514,37.57135],[127.00838,37.57135],[127.00838,37.56459]]]},"properties":{"row":14,"col":19,"walk_min":2.3,"nearest_station_id":"kr_011","nearest_station_name":"Dongdaemun","a":1,"A":"10-20","c":1,"C":"10-20","e":2,"E":"20-30","g":0,"G":"<10","i":3,"I":"30-45","k":2,"K":"20-30","m":1,"M":"10-20","o":2,"O":"20-30","b":1,"B":"10-20","d":1,"D":"10-20","f":2,"F":"20-30","h":0,"H":"<10","j":3,"J":"30-45","l":2,"L":"20-30","n":1,"N":"10-20","p":2,"P":"20-30"}},{"type":"Feature","geometry":{"type":"Polygon","coordinates":[[[127.06919,37.51054],[127.07595,37.51054],[127.07595,37.5173],[127.06919,37.5173],[127.06919,37.51054]]]},"properties":{"row":6,"col":28,"walk_min":11.4,"nearest_station_id":"kr_012","nearest_station_name":"Sports Complex","a":3,"A":"30-45","c":4,"C":"45-60","e":2,"E":"20-30","g":3,"G":"30-45","i":3,"I":"30-45","k":1,"K":"10-20","m":2,"M":"20-30","o":4,"O":"45-60","b":3,"B":"30-45","d":4,"D":"45-60","f":2,"F":"20-30","h":3,"H":"30-45","j":3,"J":"30-45","l":1,"L":"10-20","n":2,"N":"20-30","p":4,"P":"45-60"}},{"type":"Feature","geometry":{"type":"Polygon","coordinates":[[[126.88676,37.50378],[126.89351,37.50378],[126.89351,37.51054],[126.88676,37.51054],[126.88676,37.50378]]]},"properties":{"row":5,"col":1,"walk_min":12.7,"nearest_station_id":"kr_013","nearest_station_name":"Sindorim","a":2,"A":"20-30","c":3,"C":"30-45","e":3,"E":"30-45","g":3,"G":"30-45","i":3,"I":"30-45","k":4,"K":"45-60","m":4,"M":"45-60","o":2,"O":"20-30","b":2,"B":"20-30","d":3,"D":"30-45","f":3,"F":"30-45","h":3,"H":"30-45","j":3,"J":"30-45","l":4,"L":"45-60","n":4,"N":"45-60","p":2,"P":"20-30"}},{"type":"Feature","geometry":{"type":"Polygon","coordinates":[[[126.97459,37.55784],[126.98135,37.55784],[126.98135,37.56459],[126.97459,37.56459],[126.97459,37.55784]]]},"properties":{"row":13,"col":14,"walk_min":3.6,"nearest_station_id":"kr_033","nearest_station_name":"Hoehyeon (Namdaemun Market)","a":0,"A":"<10","c":0,"C":"<10","e":2,"E":"20-30","g":1,"G":"10-20","i":2,"I":"20-30","k":3,"K":"30-45","m":2,"M":"20-30","o":1,"O":"10-20","b":0,"B":"<10","d":0,"D":"<10","f":2,"F":"20-30","h":1,"H":"10-20","j":2,"J":"20-30","l":3,"L":"30-45","n":2,"N":"20-30","p":1,"P":"10-20"}},{"type":"Feature","geometry":{"type":"Polygon","coordinates":[[[127.04216,37.50378],[127.04892,37.50378],[127.04892,37.51054],[127.04216,37.51054],[127.04216,37.50378]]]},"properties":{"row":5,"col":24,"walk_min":3.4,"nearest_station_id":"kr_016","nearest_station_name":"Seonjeongneung","a":3,"A":"30-45","c":3,"C":"30-45","e":0,"E":"<10","g":3,"G":"30-45","i":1,"I":"10-20","k":1,"K":"10-20","m":2,"M":"20-30","o":3,"O":"30-45","b":3,"B":"30-45","d":3,"D":"30-45","f":0,"F":"<10","h":3,"H":"30-45","j":1,"J":"10-20","l":1,"L":"10-20","n":2,"N":"20-30","p":3,"P":"30-45"}},{"type":"Feature","geometry":{"type":"Polygon","coordinates":[[[127.05568,37.51054],[127.06243,37.51054],[127.06243,37.5173],[127.05568,37.5173],[127.05568,37.51054]]]},"properties":{"row":6,"col":26,"walk_min":3.6,"nearest_station_id":"kr_017","nearest_station_name":"Bongeunsa","a":3,"A":"30-45","c":3,"C":"30-45","e":1,"E":"10-20","g":3,"G":"30-45","i":2,"I":"20-30","k":1,"K":"10-20","m":2,"M":"20-30","o":3,"O":"30-45","b":3,"B":"30-45","d":3,"D":"30-45","f":1,"F":"10-20","h":3,"H":"30-45","j":2,"J":"20-30","l":1,"L":"10-20","n":2,"N":"20-30","p":3,"P":"30-45"}},{"type":"Feature","geometry":{"type":"Polygon","coordinates":[[[126.98135,37.56459],[126.98811,37.56459],[126.98811,37.57135],[126.98135,37.57135],[126.98135,37.56459]]]},"properties":{"row":14,"col":15,"walk_min":3.5,"nearest_station_id":"kr_018","nearest_station_name":"Jonggak","a":0,"A":"<10","c":0,"C":"<10","e":2,"E":"20-30","g":1,"G":"10-20","i":2,"I":"20-30","k":3,"K":"30-45","m":2,"M":"20-30","o":1,"O":"10-20","b":0,"B":"<10","d":0,"D":"<10","f":2,"F":"20-30","h":1,"H":"10-20","j":2,"J":"20-30","l":3,"L":"30-45","n":2,"N":"20-30","p":1,"P":"10-20"}},{"type":"Feature","geometry":{"type":"Polygon","coordinates":[[[126.88,37.49703],[126.88676,37.49703],[126.88676,37.50378],[126.88,37.50378],[126.88,37.49703]]]},"properties":{"row":4,"col":0,"walk_min":13.5,"nearest_station_id":"kr_019","nearest_station_name":"Guro","a":3,"A":"30-45","c":3,"C":"30-45","e":3,"E":"30-45","g":4,"G":"45-60","i":3,"I":"30-45","k":4,"K":"45-60","m":4,"M":"45-60","o":2,"O":"20-30","b":3,"B":"30-45","d":3,"D":"30-45","f":3,"F":"30-45","h":4,"H":"45-60","j":3,"J":"30-45","l":4,"L":"45-60","n":4,"N":"45-60","p":2,"P":"20-30"}},{"type":"Feature","geometry":{"type":"Polygon","coordinates":[[[127.02865,37.48351],[127.03541,37.48351],[127.03541,37.49027],[127.02865,37.49027],[127.02865,37.48351]]]},"properties":{"row":2,"col":22,"walk_min":5.3,"nearest_station_id":"kr_020","nearest_station_name":"Yangjae","a":3,"A":"30-45","c":3,"C":"30-45","e":0,"E":"<10","g":3,"G":"30-45","i":1,"I":"10-20","k":2,"K":"20-30","m":3,"M":"30-45","o":3,"O":"30-45","b":3,"B":"30-45","d":3,"D":"30-45","f":0,"F":"<10","h":3,"H":"30-45","j":1,"J":"10-20","l":2,"L":"20-30","n":3,"N":"30-45","p":3,"P":"30-45"}},{"type":"Feature","geometry":{"type":"Polygon","coordinates":[[[127.02189,37.57135],[127.02865,37.57135],[127.02865,37.57811],[127.02189,37.57811],[127.02189,37.57135]]]},"properties":{"row":15,"col":21,"walk_min":4.1,"nearest_station_id":"kr_021","nearest_station_name":"Sinseol-dong","a":1,"A":"10-20","c":1,"C":"10-20","e":2,"E":"20-30","g":1,"G":"10-20","i":3,"I":"30-45","k":2,"K":"20-30","m":1,"M":"10-20","o":2,"O":"20-30","b":1,"B":"10-20","d":1,"D":"10-20","f":2,"F":"20-30","h":1,"H":"10-20","j":3,"J":"30-45","l":2,"L":"20-30","n":1,"N":"10-20","p":2,"P":"20-30"}},{"type":"Feature","geometry":{"type":"Polygon","coordinates":[[[126.98135,37.57135],[126.98811,37.57135],[126.98811,37.57811],[126.98135,37.57811],[126.98135,37.57135]]]},"properties":{"row":15,"col":15,"walk_min":3.9,"nearest_station_id":"kr_022","nearest_station_name":"Anguk","a":1,"A":"10-20","c":0,"C":"<10","e":2,"E":"20-30","g":1,"G":"10-20","i":3,"I":"30-45","k":3,"K":"30-45","m":2,"M":"20-30","o":1,"O":"10-20","b":1,"B":"10-20","d":0,"D":"<10","f":2,"F":"20-30","h":1,"H":"10-20","j":3,"J":"30-45","l":3,"L":"30-45","n":2,"N":"20-30","p":1,"P":"10-20"}},{"type":"Feature","geometry":{"type":"Polygon","coordinates":[[[127.01514,37.57135],[127.02189,37.57135],[127.02189,37.57811],[127.01514,37.57811],[127.01514,37.57135]]]},"properties":{"row":15,"col":20,"walk_min":2.6,"nearest_station_id":"kr_025","nearest_station_name":"Dongmyo","a":1,"A":"10-20","c":1,"C":"10-20","e":2,"E":"20-30","g":1,"G":"10-20","i":3,"I":"30-45","k":3,"K":"30-45","m":1,"M":"10-20","o":2,"O":"20-30","b":1,"B":"10-20","d":1,"D":"10-20","f":2,"F":"20-30","h":1,"H":"10-20","j":3,"J":"30-45","l":3,"L":"30-45","n":1,"N":"10-20","p":2,"P":"20-30"}},{"type":"Feature","geometry":{"type":"Polygon","coordinates":[[[127.02865,37.57811],[127.03541,37.57811],[127.03541,37.58486],[127.02865,37.58486],[127.02865,37.57811]]]},"properties":{"row":16,"col":22,"walk_min":4.0,"nearest_station_id":"kr_026","nearest_station_name":"Jegidong","a":2,"A":"20-30","c":1,"C":"10-20","e":3,"E":"30-45","g":1,"G":"10-20","i":3,"I":"30-45","k":3,"K":"30-45","m":2,"M":"20-30","o":3,"O":"30-45","b":2,"B":"20-30","d":1,"D":"10-20","f":3,"F":"30-45","h":1,"H":"10-20","j":3,"J":"30-45","l":3,"L":"30-45","n":2,"N":"20-30","p":3,"P":"30-45"}},{"type":"Feature","geometry":{"type":"Polygon","coordinates":[[[127.02189,37.49703],[127.02865,37.49703],[127.02865,37.50378],[127.02189,37.50378],[127.02189,37.49703]]]},"properties":{"row":4,"col":21,"walk_min":2.9,"nearest_station_id":"kr_027","nearest_station_name":"Gangnam","a":2,"A":"20-30","c":2,"C":"20-30","e":0,"E":"<10","g":2,"G":"20-30","i":1,"I":"10-20","k":1,"K":"10-20","m":2,"M":"20-30","o":3,"O":"30-45","b":2,"B":"20-30","d":2,"D":"20-30","f":0,"F":"<10","h":2,"H":"20-30","j":1,"J":"10-20","l":1,"L":"10-20","n":2,"N":"20-30","p":3,"P":"30-45"}},{"type":"Feature","geometry":{"type":"Polygon","coordinates":[[[127.04216,37.57811],[127.04892,37.57811],[127.04892,37.58486],[127.04216,37.58486],[127.04216,37.57811]]]},"properties":{"row":16,"col":24,"walk_min":2.6,"nearest_station_id":"kr_028","nearest_station_name":"Cheongnyangni (University of Seoul)","a":2,"A":"20-30","c":1,"C":"10-20","e":3,"E":"30-45","g":1,"G":"10-20","i":3,"I":"30-45","k":3,"K":"30-45","m":2,"M":"20-30","o":2,"O":"20-30","b":2,"B":"20-30","d":1,"D":"10-20","f":3,"F":"30-45","h":1,"H":"10-20","j":3,"J":"30-45","l":3,"L":"30-45","n":2,"N":"20-30","p":2,"P":"20-30"}},{"type":"Feature","geometry":{"type":"Polygon","coordinates":[[[127.00838,37.55784],[127.01514,37.55784],[127.01514,37.56459],[127.00838,37.56459],[127.00838,37.55784]]]},"properties":{"row":13,"col":19,"walk_min":3.0,"nearest_station_id":"kr_029","nearest_station_name":"청구","a":1,"A":"10-20","c":1,"C":"10-20","e":2,"E":"20-30","g":0,"G":"<10","i":3,"I":"30-45","k":2,"K":"20-30","m":1,"M":"10-20","o":2,"O":"20-30","b":1,"B":"10-20","d":1,"D":"10-20","f":2,"F":"20-30","h":0,"H":"<10","j":3,"J":"30-45","l":2,"L":"20-30","n":1,"N":"10-20","p":2,"P":"20-30"}},{"type":"Feature","geometry":{"type":"Polygon","coordinates":[[[126.98811,37.55784],[126.99486,37.55784],[126.99486,37.56459],[126.98811,37.56459],[126.98811,37.55784]]]},"properties":{"row":13,"col":16,"walk_min":3.0,"nearest_station_id":"kr_369","nearest_station_name":"충무로","a":0,"A":"<10","c":0,"C":"<10","e":2,"E":"20-30","g":1,"G":"10-20","i":2,"I":"20-30","k":3,"K":"30-45","m":2,"M":"20-30","o":1,"O":"10-20","b":0,"B":"<10","d":0,"D":"<10","f":2,"F":"20-30","h":1,"H":"10-20","j":2,"J":"20-30","l":3,"L":"30-45","n":2,"N":"20-30","p":1,"P":"10-20"}},{"type":"Feature","geometry":{"type":"Polygon","coordinates":[[[127.05568,37.58486],[127.06243,37.58486],[127.06243,37.59162],[127.05568,37.59162],[127.05568,37.58486]]]},"properties":{"row":17,"col":26,"walk_min":3.8,"nearest_station_id":"kr_031","nearest_station_name":"Hoegi","a":2,"A":"20-30","c":2,"C":"20-30","e":3,"E":"30-45","g":2,"G":"20-30","i":3,"I":"30-45","k":3,"K":"30-45","m":2,"M":"20-30","o":3,"O":"30-45","b":2,"B":"20-30","d":2,"D":"20-30","f":3,"F":"30-45","h":2,"H":"20-30","j":3,"J":"30-45","l":3,"L":"30-45","n":2,"N":"20-30","p":3,"P":"30-45"}},{"type":"Feature","geometry":{"type":"Polygon","coordinates":[[[127.06243,37.59162],[127.06919,37.59162],[127.06919,37.59838],[127.06243,37.59838],[127.06243,37.59162]]]},"properties":{"row":18,"col":27,"walk_min":3.1,"nearest_station_id":"kr_034","nearest_station_name":"Hankuk University of Foreign Studies","a":2,"A":"20-30","c":2,"C":"20-30","e":3,"E":"30-45","g":2,"G":"20-30","i":4,"I":"45-60","k":3,"K":"30-45","m":2,"M":"20-30","o":3,"O":"30-45","b":2,"B":"20-30","d":2,"D":"20-30","f":3,"F":"30-45","h":2,"H":"20-30","j":4,"J":"45-60","l":3,"L":"30-45","n":2,"N":"20-30","p":3,"P":"30-45"}},{"type":"Feature","geometry":{"type":"Polygon","coordinates":[[[126.98135,37.55784],[126.98811,37.55784],[126.98811,37.56459],[126.98135,37.56459],[126.98135,37.55784]]]},"properties":{"row":13,"col":15,"walk_min":4.3,"nearest_station_id":"kr_035","nearest_station_name":"Myeong-dong","a":0,"A":"<10","c":0,"C":"<10","e":2,"E":"20-30","g":1,"G":"10-20","i":2,"I":"20-30","k":3,"K":"30-45","m":2,"M":"20-30","o":2,"O":"20-30","b":0,"B":"<10","d":0,"D":"<10","f":2,"F":"20-30","h":1,"H":"10-20","j":2,"J":"20-30","l":3,"L":"30-45","n":2,"N":"20-30","p":2,"P":"20-30"}},{"type":"Feature","geometry":{"type":"Polygon","coordinates":[[[126.92054,37.5173],[126.9273,37.5173],[126.9273,37.52405],[126.92054,37.52405],[126.92054,37.5173]]]},"properties":{"row":7,"col":6,"walk_min":2.6,"nearest_station_id":"kr_036","nearest_station_name":"여의도","a":1,"A":"10-20","c":2,"C":"20-30","e":2,"E":"20-30","g":3,"G":"30-45","i":1,"I":"10-20","k":3,"K":"30-45","m":3,"M":"30-45","o":1,"O":"10-20","b":1,"B":"10-20","d":2,"D":"20-30","f":2,"F":"20-30","h":3,"H":"30-45","j":1,"J":"10-20","l":3,"L":"30-45","n":3,"N":"30-45","p":1,"P":"10-20"}},{"type":"Feature","geometry":{"type":"Polygon","coordinates":[[[127.06243,37.59838],[127.06919,37.59838],[127.06919,37.60514],[127.06243,37.60514],[127.06243,37.59838]]]},"properties":{"row":19,"col":27,"walk_min":2.3,"nearest_station_id":"kr_037","nearest_station_name":"Sinimun (Korea National University of Arts)","a":2,"A":"20-30","c":2,"C":"20-30","e":3,"E":"30-45","g":2,"G":"20-30","i":4,"I":"45-60","k":3,"K":"30-45","m":2,"M":"20-30","o":3,"O":"30-45","b":2,"B":"20-30","d":2,"D":"20-30","f":3,"F":"30-45","h":2,"H":"20-30","j":4,"J":"45-60","l":3,"L":"30-45","n":2,"N":"20-30","p":3,"P":"30-45"}},{"type":"Feature","geometry":{"type":"Polygon","coordinates":[[[127.03541,37.47],[127.04216,37.47],[127.04216,37.47676],[127.03541,37.47676],[127.03541,37.47]]]},"properties":{"row":0,"col":23,"walk_min":19.9,"nearest_station_id":"kr_038","nearest_station_name":"Yangjae Citizen's Forest","a":4,"A":"45-60","c":4,"C":"45-60","e":2,"E":"20-30","g":4,"G":"45-60","i":3,"I":"30-45","k":3,"K":"30-45","m":4,"M":"45-60","o":4,"O":"45-60","b":4,"B":"45-60","d":4,"D":"45-60","f":2,"F":"20-30","h":4,"H":"45-60","j":3,"J":"30-45","l":3,"L":"30-45","n":4,"N":"45-60","p":4,"P":"45-60"}},{"type":"Feature","geometry":{"type":"Polygon","coordinates":[[[127.07595,37.55108],[127.0827,37.55108],[127.0827,37.55784],[127.07595,37.55784],[127.07595,37.55108]]]},"properties":{"row":12,"col":29,"walk_min":4.0,"nearest_station_id":"kr_046","nearest_station_name":"군자","a":2,"A":"20-30","c":2,"C":"20-30","e":3,"E":"30-45","g":1,"G":"10-20","i":3,"I":"30-45","k":3,"K":"30-45","m":2,"M":"20-30","o":3,"O":"30-45","b":2,"B":"20-30","d":2,"D":"20-30","f":3,"F":"30-45","h":1,"H":"10-20","j":3,"J":"30-45","l":3,"L":"30-45","n":2,"N":"20-30","p":3,"P":"30-45"}},{"type":"Feature","geometry":{"type":"Polygon","coordinates":[[[126.90027,37.53081],[126.90703,37.53081],[126.90703,37.53757],[126.90027,37.53757],[126.90027,37.53081]]]},"properties":{"row":9,"col":3,"walk_min":2.3,"nearest_station_id":"kr_049","nearest_station_name":"Dangsan","a":2,"A":"20-30","c":2,"C":"20-30","e":2,"E":"20-30","g":3,"G":"30-45","i":2,"I":"20-30","k":3,"K":"30-45","m":3,"M":"30-45","o":0,"O":"<10","b":2,"B":"20-30","d":2,"D":"20-30","f":2,"F":"20-30","h":3,"H":"30-45","j":2,"J":"20-30","l":3,"L":"30-45","n":3,"N":"30-45","p":0,"P":"<10"}},{"type":"Feature","geometry":{"type":"Polygon","coordinates":[[[127.00838,37.49027],[127.01514,37.49027],[127.01514,37.49703],[127.00838,37.49703],[127.00838,37.49027]]]},"properties":{"row":3,"col":19,"walk_min":2.7,"nearest_station_id":"kr_052","nearest_station_name":"Seoul Nat'l Univ. of Education (Court & Public Prosecutors' Office)","a":2,"A":"20-30","c":2,"C":"20-30","e":0,"E":"<10","g":2,"G":"20-30","i":0,"I":"<10","k":2,"K":"20-30","m":3,"M":"30-45","o":3,"O":"30-45","b":2,"B":"20-30","d":2,"D":"20-30","f":0,"F":"<10","h":2,"H":"20-30","j":0,"J":"<10","l":2,"L":"20-30","n":3,"N":"30-45","p":3,"P":"30-45"}},{"type":"Feature","geometry":{"type":"Polygon","coordinates":[[[127.00838,37.55108],[127.01514,37.55108],[127.01514,37.55784],[127.00838,37.55784],[127.00838,37.55108]]]},"properties":{"row":12,"col":19,"walk_min":2.6,"nearest_station_id":"kr_349","nearest_station_name":"Yaksu","a":1,"A":"10-20","c":1,"C":"10-20","e":1,"E":"10-20","g":1,"G":"10-20","i":2,"I":"20-30","k":3,"K":"30-45","m":2,"M":"20-30","o":2,"O":"20-30","b":1,"B":"10-20","d":1,"D":"10-20","f":1,"F":"10-20","h":1,"H":"10-20","j":2,"J":"20-30","l":3,"L":"30-45","n":2,"N":"20-30","p":2,"P":"20-30"}},{"type":"Feature","geometry":{"type":"Polygon","coordinates":[[[127.01514,37.51054],[127.02189,37.51054],[127.02189,37.5173],[127.01514,37.5173],[127.01514,37.51054]]]},"properties":{"row":6,"col":20,"walk_min":2.4,"nearest_station_id":"kr_056","nearest_station_name":"Sinsa","a":2,"A":"20-30","c":2,"C":"20-30","e":0,"E":"<10","g":2,"G":"20-30","i":1,"I":"10-20","k":2,"K":"20-30","m":3,"M":"30-45","o":3,"O":"30-45","b":2,"B":"20-30","d":2,"D":"20-30","f":0,"F":"<10","h":2,"H":"20-30","j":1,"J":"10-20","l":2,"L":"20-30","n":3,"N":"30-45","p":3,"P":"30-45"}},{"type":"Feature","geometry":{"type":"Polygon","coordinates":[[[127.00162,37.57811],[127.00838,37.57811],[127.00838,37.58486],[127.00162,37.58486],[127.00162,37.57811]]]},"properties":{"row":16,"col":18,"walk_min":7.3,"nearest_station_id":"kr_057","nearest_station_name":"Hyehwa","a":2,"A":"20-30","c":1,"C":"10-20","e":3,"E":"30-45","g":1,"G":"10-20","i":3,"I":"30-45","k":3,"K":"30-45","m":2,"M":"20-30","o":2,"O":"20-30","b":2,"B":"20-30","d":1,"D":"10-20","f":3,"F":"30-45","h":1,"H":"10-20","j":3,"J":"30-45","l":3,"L":"30-45","n":2,"N":"20-30","p":2,"P":"20-30"}},{"type":"Feature","geometry":{"type":"Polygon","coordinates":[[[126.96784,37.57135],[126.97459,37.57135],[126.97459,37.57811],[126.96784,37.57811],[126.96784,37.57135]]]},"properties":{"row":15,"col":13,"walk_min":5.5,"nearest_station_id":"kr_077","nearest_station_name":"Gyeongbokgung (Government Complex Seoul)","a":1,"A":"10-20","c":1,"C":"10-20","e":3,"E":"30-45","g":2,"G":"20-30","i":3,"I":"30-45","k":3,"K":"30-45","m":2,"M":"20-30","o":2,"O":"20-30","b":1,"B":"10-20","d":1,"D":"10-20","f":3,"F":"30-45","h":2,"H":"20-30","j":3,"J":"30-45","l":3,"L":"30-45","n":2,"N":"20-30","p":2,"P":"20-30"}},{"type":"Feature","geometry":{"type":"Polygon","coordinates":[[[127.01514,37.53757],[127.02189,37.53757],[127.02189,37.54432],[127.01514,37.54432],[127.01514,37.53757]]]},"properties":{"row":10,"col":20,"walk_min":4.7,"nearest_station_id":"kr_059","nearest_station_name":"Oksu","a":1,"A":"10-20","c":1,"C":"10-20","e":1,"E":"10-20","g":1,"G":"10-20","i":2,"I":"20-30","k":3,"K":"30-45","m":2,"M":"20-30","o":2,"O":"20-30","b":1,"B":"10-20","d":1,"D":"10-20","f":1,"F":"10-20","h":1,"H":"10-20","j":2,"J":"20-30","l":3,"L":"30-45","n":2,"N":"20-30","p":2,"P":"20-30"}},{"type":"Feature","geometry":{"type":"Polygon","coordinates":[[[127.00162,37.58486],[127.00838,37.58486],[127.00838,37.59162],[127.00162,37.59162],[127.00162,37.58486]]]},"properties":{"row":17,"col":18,"walk_min":3.0,"nearest_station_id":"kr_061","nearest_station_name":"Hansung Univ. (Samseongyo)","a":1,"A":"10-20","c":1,"C":"10-20","e":2,"E":"20-30","g":1,"G":"10-20","i":3,"I":"30-45","k":3,"K":"30-45","m":2,"M":"20-30","o":2,"O":"20-30","b":1,"B":"10-20","d":1,"D":"10-20","f":2,"F":"20-30","h":1,"H":"10-20","j":3,"J":"30-45","l":3,"L":"30-45","n":2,"N":"20-30","p":2,"P":"20-30"}},{"type":"Feature","geometry":{"type":"Polygon","coordinates":[[[126.95432,37.57135],[126.96108,37.57135],[126.96108,37.57811],[126.95432,37.57811],[126.95432,37.57135]]]},"properties":{"row":15,"col":11,"walk_min":5.0,"nearest_station_id":"kr_063","nearest_station_name":"독립문","a":1,"A":"10-20","c":1,"C":"10-20","e":3,"E":"30-45","g":2,"G":"20-30","i":3,"I":"30-45","k":3,"K":"30-45","m":3,"M":"30-45","o":2,"O":"20-30","b":1,"B":"10-20","d":1,"D":"10-20","f":3,"F":"30-45","h":2,"H":"20-30","j":3,"J":"30-45","l":3,"L":"30-45","n":3,"N":"30-45","p":2,"P":"20-30"}},{"type":"Feature","geometry":{"type":"Polygon","coordinates":[[[126.94757,37.57811],[126.95432,37.57811],[126.95432,37.58486],[126.94757,37.58486],[126.94757,37.57811]]]},"properties":{"row":16,"col":10,"walk_min":9.8,"nearest_station_id":"kr_067","nearest_station_name":"무악재","a":2,"A":"20-30","c":2,"C":"20-30","e":3,"E":"30-45","g":2,"G":"20-30","i":4,"I":"45-60","k":4,"K":"45-60","m":3,"M":"30-45","o":3,"O":"30-45","b":2,"B":"20-30","d":2,"D":"20-30","f":3,"F":"30-45","h":2,"H":"20-30","j":4,"J":"45-60","l":4,"L":"45-60","n":3,"N":"30-45","p":3,"P":"30-45"}},{"type":"Feature","geometry":{"type":"Polygon","coordinates":[[[127.01514,37.54432],[127.02189,37.54432],[127.02189,37.55108],[127.01514,37.55108],[127.01514,37.54432]]]},"properties":{"row":11,"col":20,"walk_min":4.3,"nearest_station_id":"kr_068","nearest_station_name":"금호","a":1,"A":"10-20","c":1,"C":"10-20","e":1,"E":"10-20","g":1,"G":"10-20","i":2,"I":"20-30","k":3,"K":"30-45","m":2,"M":"20-30","o":2,"O":"20-30","b":1,"B":"10-20","d":1,"D":"10-20","f":1,"F":"10-20","h":1,"H":"10-20","j":2,"J":"20-30","l":3,"L":"30-45","n":2,"N":"20-30","p":2,"P":"20-30"}},{"type":"Feature","geometry":{"type":"Polygon","coordinates":[[[127.01514,37.56459],[127.02189,37.56459],[127.02189,37.57135],[127.01514,37.57135],[127.01514,37.56459]]]},"properties":{"row":14,"col":20,"walk_min":1.8,"nearest_station_id":"kr_079","nearest_station_name":"신당","a":1,"A":"10-20","c":1,"C":"10-20","e":2,"E":"20-30","g":0,"G":"<10","i":3,"I":"30-45","k":2,"K":"20-30","m":1,"M":"10-20","o":2,"O":"20-30","b":1,"B":"10-20","d":1,"D":"10-20","f":2,"F":"20-30","h":0,"H":"<10","j":3,"J":"30-45","l":2,"L":"20-30","n":1,"N":"10-20","p":2,"P":"20-30"}},{"type":"Feature","geometry":{"type":"Polygon","coordinates":[[[127.03541,37.55784],[127.04216,37.55784],[127.04216,37.56459],[127.03541,37.56459],[127.03541,37.55784]]]},"properties":{"row":13,"col":23,"walk_min":2.7,"nearest_station_id":"kr_345","nearest_station_name":"Wangsimni(Seongdong-Gu Office)","a":1,"A":"10-20","c":1,"C":"10-20","e":2,"E":"20-30","g":0,"G":"<10","i":3,"I":"30-45","k":2,"K":"20-30","m":1,"M":"10-20","o":2,"O":"20-30","b":1,"B":"10-20","d":1,"D":"10-20","f":2,"F":"20-30","h":0,"H":"<10","j":3,"J":"30-45","l":2,"L":"20-30","n":1,"N":"10-20","p":2,"P":"20-30"}},{"type":"Feature","geometry":{"type":"Polygon","coordinates":[[[126.94081,37.58486],[126.94757,37.58486],[126.94757,37.59162],[126.94081,37.59162],[126.94081,37.58486]]]},"properties":{"row":17,"col":9,"walk_min":13.7,"nearest_station_id":"kr_110","nearest_station_name":"Hongje (Seoul Culture Arts Univ.)","a":3,"A":"30-45","c":2,"C":"20-30","e":4,"E":"45-60","g":3,"G":"30-45","i":4,"I":"45-60","k":4,"K":"45-60","m":4,"M":"45-60","o":3,"O":"30-45","b":3,"B":"30-45","d":2,"D":"20-30","f":4,"F":"45-60","h":3,"H":"30-45","j":4,"J":"45-60","l":4,"L":"45-60","n":4,"N":"45-60","p":3,"P":"30-45"}},{"type":"Feature","geometry":{"type":"Polygon","coordinates":[[[127.02865,37.55784],[127.03541,37.55784],[127.03541,37.56459],[127.02865,37.56459],[127.02865,37.55784]]]},"properties":{"row":13,"col":22,"walk_min":3.0,"nearest_station_id":"kr_071","nearest_station_name":"Wangsimni","a":1,"A":"10-20","c":1,"C":"10-20","e":2,"E":"20-30","g":0,"G":"<10","i":3,"I":"30-45","k":2,"K":"20-30","m":1,"M":"10-20","o":2,"O":"20-30","b":1,"B":"10-20","d":1,"D":"10-20","f":2,"F":"20-30","h":0,"H":"<10","j":3,"J":"30-45","l":2,"L":"20-30","n":1,"N":"10-20","p":2,"P":"20-30"}},{"type":"Feature","geometry":{"type":"Polygon","coordinates":[[[126.93405,37.59838],[126.94081,37.59838],[126.94081,37.60514],[126.93405,37.60514],[126.93405,37.59838]]]},"properties":{"row":19,"col":8,"walk_min":15.4,"nearest_station_id":"kr_080","nearest_station_name":"녹번","a":3,"A":"30-45","c":3,"C":"30-45","e":4,"E":"45-60","g":3,"G":"30-45","i":4,"I":"45-60","k":5,"K":"60-90","m":4,"M":"45-60","o":4,"O":"45-60","b":3,"B":"30-45","d":3,"D":"30-45","f":4,"F":"45-60","h":3,"H":"30-45","j":4,"J":"45-60","l":5,"L":"60-90","n":4,"N":"45-60","p":4,"P":"45-60"}},{"type":"Feature","geometry":{"type":"Polygon","coordinates":[[[127.02189,37.59838],[127.02865,37.59838],[127.02865,37.60514],[127.02189,37.60514],[127.02189,37.59838]]]},"properties":{"row":19,"col":21,"walk_min":7.7,"nearest_station_id":"kr_082","nearest_station_name":"Gireum","a":2,"A":"20-30","c":2,"C":"20-30","e":3,"E":"30-45","g":2,"G":"20-30","i":4,"I":"45-60","k":4,"K":"45-60","m":3,"M":"30-45","o":3,"O":"30-45","b":2,"B":"20-30","d":2,"D":"20-30","f":3,"F":"30-45","h":2,"H":"20-30","j":4,"J":"45-60","l":4,"L":"45-60","n":3,"N":"30-45","p":3,"P":"30-45"}},{"type":"Feature","geometry":{"type":"Polygon","coordinates":[[[127.04216,37.56459],[127.04892,37.56459],[127.04892,37.57135],[127.04216,37.57135],[127.04216,37.56459]]]},"properties":{"row":14,"col":24,"walk_min":2.6,"nearest_station_id":"kr_221","nearest_station_name":"신답","a":1,"A":"10-20","c":1,"C":"10-20","e":3,"E":"30-45","g":1,"G":"10-20","i":3,"I":"30-45","k":2,"K":"20-30","m":1,"M":"10-20","o":3,"O":"30-45","b":1,"B":"10-20","d":1,"D":"10-20","f":3,"F":"30-45","h":1,"H":"10-20","j":3,"J":"30-45","l":2,"L":"20-30","n":1,"N":"10-20","p":3,"P":"30-45"}},{"type":"Feature","geometry":{"type":"Polygon","coordinates":[[[126.91378,37.51054],[126.92054,37.51054],[126.92054,37.5173],[126.91378,37.5173],[126.91378,37.51054]]]},"properties":{"row":6,"col":5,"walk_min":5.8,"nearest_station_id":"kr_095","nearest_station_name":"Singil","a":2,"A":"20-30","c":2,"C":"20-30","e":2,"E":"20-30","g":3,"G":"30-45","i":2,"I":"20-30","k":3,"K":"30-45","m":4,"M":"45-60","o":1,"O":"10-20","b":2,"B":"20-30","d":2,"D":"20-30","f":2,"F":"20-30","h":3,"H":"30-45","j":2,"J":"20-30","l":3,"L":"30-45","n":4,"N":"45-60","p":1,"P":"10-20"}},{"type":"Feature","geometry":{"type":"Polygon","coordinates":[[[127.04892,37.56459],[127.05568,37.56459],[127.05568,37.57135],[127.04892,37.57135],[127.04892,37.56459]]]},"properties":{"row":14,"col":25,"walk_min":4.8,"nearest_station_id":"kr_099","nearest_station_name":"답십리","a":2,"A":"20-30","c":2,"C":"20-30","e":3,"E":"30-45","g":0,"G":"<10","i":3,"I":"30-45","k":2,"K":"20-30","m":1,"M":"10-20","o":3,"O":"30-45","b":2,"B":"20-30","d":2,"D":"20-30","f":3,"F":"30-45","h":0,"H":"<10","j":3,"J":"30-45","l":2,"L":"20-30","n":1,"N":"10-20","p":3,"P":"30-45"}},{"type":"Feature","geometry":{"type":"Polygon","coordinates":[[[126.94757,37.53757],[126.95432,37.53757],[126.95432,37.54432],[126.94757,37.54432],[126.94757,37.53757]]]},"properties":{"row":10,"col":10,"walk_min":3.9,"nearest_station_id":"kr_100","nearest_station_name":"공덕","a":1,"A":"10-20","c":1,"C":"10-20","e":2,"E":"20-30","g":2,"G":"20-30","i":2,"I":"20-30","k":3,"K":"30-45","m":3,"M":"30-45","o":2,"O":"20-30","b":1,"B":"10-20","d":1,"D":"10-20","f":2,"F":"20-30","h":2,"H":"20-30","j":2,"J":"20-30","l":3,"L":"30-45","n":3,"N":"30-45","p":2,"P":"20-30"}},{"type":"Feature","geometry":{"type":"Polygon","coordinates":[[[127.01514,37.57811],[127.02189,37.57811],[127.02189,37.58486],[127.01514,37.58486],[127.01514,37.57811]]]},"properties":{"row":16,"col":20,"walk_min":3.0,"nearest_station_id":"kr_101","nearest_station_name":"창신","a":1,"A":"10-20","c":1,"C":"10-20","e":2,"E":"20-30","g":1,"G":"10-20","i":3,"I":"30-45","k":3,"K":"30-45","m":2,"M":"20-30","o":2,"O":"20-30","b":1,"B":"10-20","d":1,"D":"10-20","f":2,"F":"20-30","h":1,"H":"10-20","j":3,"J":"30-45","l":3,"L":"30-45","n":2,"N":"20-30","p":2,"P":"20-30"}},{"type":"Feature","geometry":{"type":"Polygon","coordinates":[[[127.06243,37.55784],[127.06919,37.55784],[127.06919,37.56459],[127.06243,37.56459],[127.06243,37.55784]]]},"properties":{"row":13,"col":27,"walk_min":2.7,"nearest_station_id":"kr_103","nearest_station_name":"장한평","a":2,"A":"20-30","c":2,"C":"20-30","e":3,"E":"30-45","g":0,"G":"<10","i":3,"I":"30-45","k":2,"K":"20-30","m":1,"M":"10-20","o":3,"O":"30-45","b":2,"B":"20-30","d":2,"D":"20-30","f":3,"F":"30-45","h":0,"H":"<10","j":3,"J":"30-45","l":2,"L":"20-30","n":1,"N":"10-20","p":3,"P":"30-45"}},{"type":"Feature","geometry":{"type":"Polygon","coordinates":[[[127.01514,37.58486],[127.02189,37.58486],[127.02189,37.59162],[127.01514,37.59162],[127.01514,37.58486]]]},"properties":{"row":17,"col":20,"walk_min":2.9,"nearest_station_id":"kr_112","nearest_station_name":"Bomun","a":1,"A":"10-20","c":1,"C":"10-20","e":2,"E":"20-30","g":1,"G":"10-20","i":3,"I":"30-45","k":3,"K":"30-45","m":2,"M":"20-30","o":3,"O":"30-45","b":1,"B":"10-20","d":1,"D":"10-20","f":2,"F":"20-30","h":1,"H":"10-20","j":3,"J":"30-45","l":3,"L":"30-45","n":2,"N":"20-30","p":3,"P":"30-45"}},{"type":"Feature","geometry":{"type":"Polygon","coordinates":[[[127.00838,37.50378],[127.01514,37.50378],[127.01514,37.51054],[127.00838,37.51054],[127.00838,37.50378]]]},"properties":{"row":5,"col":19,"walk_min":1.9,"nearest_station_id":"kr_121","nearest_station_name":"반포","a":2,"A":"20-30","c":2,"C":"20-30","e":0,"E":"<10","g":2,"G":"20-30","i":1,"I":"10-20","k":2,"K":"20-30","m":3,"M":"30-45","o":3,"O":"30-45","b":2,"B":"20-30","d":2,"D":"20-30","f":0,"F":"<10","h":2,"H":"20-30","j":1,"J":"10-20","l":2,"L":"20-30","n":3,"N":"30-45","p":3,"P":"30-45"}},{"type":"Feature","geometry":{"type":"Polygon","coordinates":[[[127.02865,37.58486],[127.03541,37.58486],[127.03541,37.59162],[127.02865,37.59162],[127.02865,37.58486]]]},"properties":{"row":17,"col":22,"walk_min":2.6,"nearest_station_id":"kr_122","nearest_station_name":"안암","a":2,"A":"20-30","c":2,"C":"20-30","e":3,"E":"30-45","g":1,"G":"10-20","i":3,"I":"30-45","k":3,"K":"30-45","m":2,"M":"20-30","o":3,"O":"30-45","b":2,"B":"20-30","d":2,"D":"20-30","f":3,"F":"30-45","h":1,"H":"10-20","j":3,"J":"30-45","l":3,"L":"30-45","n":2,"N":"20-30","p":3,"P":"30-45"}},{"type":"Feature","geometry":{"type":"Polygon","coordinates":[[[126.9273,37.60514],[126.93405,37.60514],[126.93405,37.61189],[126.9273,37.61189],[126.9273,37.60514]]]},"properties":{"row":20,"col":7,"walk_min":2.9,"nearest_station_id":"kr_123","nearest_station_name":"Bulgwang","a":2,"A":"20-30","c":2,"C":"20-30","e":3,"E":"30-45","g":3,"G":"30-45","i":4,"I":"45-60","k":4,"K":"45-60","m":3,"M":"30-45","o":3,"O":"30-45","b":2,"B":"20-30","d":2,"D":"20-30","f":3,"F":"30-45","h":3,"H":"30-45","j":4,"J":"45-60","l":4,"L":"45-60","n":3,"N":"30-45","p":3,"P":"30-45"}},{"type":"Feature","geometry":{"type":"Polygon","coordinates":[[[127.03541,37.58486],[127.04216,37.58486],[127.04216,37.59162],[127.03541,37.59162],[127.03541,37.58486]]]},"properties":{"row":17,"col":23,"walk_min":5.4,"nearest_station_id":"kr_131","nearest_station_name":"Korea Univ.","a":2,"A":"20-30","c":2,"C":"20-30","e":3,"E":"30-45","g":2,"G":"20-30","i":3,"I":"30-45","k":3,"K":"30-45","m":3,"M":"30-45","o":3,"O":"30-45","b":2,"B":"20-30","d":2,"D":"20-30","f":3,"F":"30-45","h":2,"H":"20-30","j":3,"J":"30-45","l":3,"L":"30-45","n":3,"N":"30-45","p":3,"P":"30-45"}},{"type":"Feature","geometry":{"type":"Polygon","coordinates":[[[126.98135,37.47676],[126.98811,37.47676],[126.98811,37.48351],[126.98135,37.48351],[126.98135,37.47676]]]},"properties":{"row":1,"col":15,"walk_min":10.2,"nearest_station_id":"kr_133","nearest_station_name":"Sadang","a":3,"A":"30-45","c":3,"C":"30-45","e":2,"E":"20-30","g":3,"G":"30-45","i":1,"I":"10-20","k":3,"K":"30-45","m":4,"M":"45-60","o":3,"O":"30-45","b":3,"B":"30-45","d":3,"D":"30-45","f":2,"F":"20-30","h":3,"H":"30-45","j":1,"J":"10-20","l":3,"L":"30-45","n":4,"N":"45-60","p":3,"P":"30-45"}},{"type":"Feature","geometry":{"type":"Polygon","coordinates":[[[126.98811,37.48351],[126.99486,37.48351],[126.99486,37.49027],[126.98811,37.49027],[126.98811,37.48351]]]},"properties":{"row":2,"col":16,"walk_min":3.0,"nearest_station_id":"kr_135","nearest_station_name":"Naebang","a":2,"A":"20-30","c":2,"C":"20-30","e":1,"E":"10-20","g":3,"G":"30-45","i":1,"I":"10-20","k":2,"K":"20-30","m":3,"M":"30-45","o":3,"O":"30-45","b":2,"B":"20-30","d":2,"D":"20-30","f":1,"F":"10-20","h":3,"H":"30-45","j":1,"J":"10-20","l":2,"L":"20-30","n":3,"N":"30-45","p":3,"P":"30-45"}},{"type":"Feature","geometry":{"type":"Polygon","coordinates":[[[126.96784,37.53081],[126.97459,37.53081],[126.97459,37.53757],[126.96784,37.53757],[126.96784,37.53081]]]},"properties":{"row":9,"col":13,"walk_min":5.1,"nearest_station_id":"kr_136","nearest_station_name":"Samgakji","a":1,"A":"10-20","c":1,"C":"10-20","e":2,"E":"20-30","g":2,"G":"20-30","i":1,"I":"10-20","k":3,"K":"30-45","m":3,"M":"30-45","o":2,"O":"20-30","b":1,"B":"10-20","d":1,"D":"10-20","f":2,"F":"20-30","h":2,"H":"20-30","j":1,"J":"10-20","l":3,"L":"30-45","n":3,"N":"30-45","p":2,"P":"20-30"}},{"type":"Feature","geometry":{"type":"Polygon","coordinates":[[[127.02189,37.52405],[127.02865,37.52405],[127.02865,37.53081],[127.02189,37.53081],[127.02189,37.52405]]]},"properties":{"row":8,"col":21,"walk_min":4.1,"nearest_station_id":"kr_137","nearest_station_name":"Apgujeong","a":2,"A":"20-30","c":2,"C":"20-30","e":1,"E":"10-20","g":2,"G":"20-30","i":2,"I":"20-30","k":2,"K":"20-30","m":2,"M":"20-30","o":3,"O":"30-45","b":2,"B":"20-30","d":2,"D":"20-30","f":1,"F":"10-20","h":2,"H":"20-30","j":2,"J":"20-30","l":2,"L":"20-30","n":2,"N":"20-30","p":3,"P":"30-45"}},{"type":"Feature","geometry":{"type":"Polygon","coordinates":[[[126.98135,37.48351],[126.98811,37.48351],[126.98811,37.49027],[126.98135,37.49027],[126.98135,37.48351]]]},"properties":{"row":2,"col":15,"walk_min":4.1,"nearest_station_id":"kr_139","nearest_station_name":"Chongsin Univ. (Isu)","a":2,"A":"20-30","c":2,"C":"20-30","e":1,"E":"10-20","g":3,"G":"30-45","i":1,"I":"10-20","k":3,"K":"30-45","m":3,"M":"30-45","o":3,"O":"30-45","b":2,"B":"20-30","d":2,"D":"20-30","f":1,"F":"10-20","h":3,"H":"30-45","j":1,"J":"10-20","l":3,"L":"30-45","n":3,"N":"30-45","p":3,"P":"30-45"}},{"type":"Feature","geometry":{"type":"Polygon","coordinates":[[[126.94081,37.54432],[126.94757,37.54432],[126.94757,37.55108],[126.94081,37.55108],[126.94081,37.54432]]]},"properties":{"row":11,"col":9,"walk_min":2.8,"nearest_station_id":"kr_140","nearest_station_name":"대흥","a":1,"A":"10-20","c":1,"C":"10-20","e":2,"E":"20-30","g":2,"G":"20-30","i":2,"I":"20-30","k":3,"K":"30-45","m":3,"M":"30-45","o":2,"O":"20-30","b":1,"B":"10-20","d":1,"D":"10-20","f":2,"F":"20-30","h":2,"H":"20-30","j":2,"J":"20-30","l":3,"L":"30-45","n":3,"N":"30-45","p":2,"P":"20-30"}},{"type":"Feature","geometry":{"type":"Polygon","coordinates":[[[127.03541,37.59838],[127.04216,37.59838],[127.04216,37.60514],[127.03541,37.60514],[127.03541,37.59838]]]},"properties":{"row":19,"col":23,"walk_min":4.1,"nearest_station_id":"kr_142","nearest_station_name":"월곡","a":2,"A":"20-30","c":2,"C":"20-30","e":3,"E":"30-45","g":2,"G":"20-30","i":4,"I":"45-60","k":4,"K":"45-60","m":3,"M":"30-45","o":3,"O":"30-45","b":2,"B":"20-30","d":2,"D":"20-30","f":3,"F":"30-45","h":2,"H":"20-30","j":4,"J":"45-60","l":4,"L":"45-60","n":3,"N":"30-45","p":3,"P":"30-45"}},{"type":"Feature","geometry":{"type":"Polygon","coordinates":[[[127.02865,37.51054],[127.03541,37.51054],[127.03541,37.5173],[127.02865,37.5173],[127.02865,37.51054]]]},"properties":{"row":6,"col":22,"walk_min":2.9,"nearest_station_id":"kr_143","nearest_station_name":"학동","a":2,"A":"20-30","c":2,"C":"20-30","e":1,"E":"10-20","g":2,"G":"20-30","i":1,"I":"10-20","k":2,"K":"20-30","m":3,"M":"30-45","o":3,"O":"30-45","b":2,"B":"20-30","d":2,"D":"20-30","f":1,"F":"10-20","h":2,"H":"20-30","j":1,"J":"10-20","l":2,"L":"20-30","n":3,"N":"30-45","p":3,"P":"30-45"}},{"type":"Feature","geometry":{"type":"Polygon","coordinates":[[[126.99486,37.56459],[127.00162,37.56459],[127.00162,37.57135],[126.99486,37.57135],[126.99486,37.56459]]]},"properties":{"row":14,"col":17,"walk_min":3.2,"nearest_station_id":"kr_144","nearest_station_name":"을지로4가","a":1,"A":"10-20","c":0,"C":"<10","e":2,"E":"20-30","g":1,"G":"10-20","i":3,"I":"30-45","k":3,"K":"30-45","m":2,"M":"20-30","o":1,"O":"10-20","b":1,"B":"10-20","d":0,"D":"<10","f":2,"F":"20-30","h":1,"H":"10-20","j":3,"J":"30-45","l":3,"L":"30-45","n":2,"N":"20-30","p":1,"P":"10-20"}},{"type":"Feature","geometry":{"type":"Polygon","coordinates":[[[126.88,37.51054],[126.88676,37.51054],[126.88676,37.5173],[126.88,37.5173],[126.88,37.51054]]]},"properties":{"row":6,"col":0,"walk_min":11.0,"nearest_station_id":"kr_151","nearest_station_name":"Dorimcheon","a":2,"A":"20-30","c":3,"C":"30-45","e":3,"E":"30-45","g":3,"G":"30-45","i":3,"I":"30-45","k":4,"K":"45-60","m":4,"M":"45-60","o":2,"O":"20-30","b":2,"B":"20-30","d":3,"D":"30-45","f":3,"F":"30-45","h":3,"H":"30-45","j":3,"J":"30-45","l":4,"L":"45-60","n":4,"N":"45-60","p":2,"P":"20-30"}},{"type":"Feature","geometry":{"type":"Polygon","coordinates":[[[127.01514,37.48351],[127.02189,37.48351],[127.02189,37.49027],[127.01514,37.49027],[127.01514,37.48351]]]},"properties":{"row":2,"col":20,"walk_min":3.7,"nearest_station_id":"kr_152","nearest_station_name":"Nambu Bus Terminal (Seoul Arts Center)","a":2,"A":"20-30","c":2,"C":"20-30","e":0,"E":"<10","g":3,"G":"30-45","i":1,"I":"10-20","k":2,"K":"20-30","m":3,"M":"30-45","o":3,"O":"30-45","b":2,"B":"20-30","d":2,"D":"20-30","f":0,"F":"<10","h":3,"H":"30-45","j":1,"J":"10-20","l":2,"L":"20-30","n":3,"N":"30-45","p":3,"P":"30-45"}},{"type":"Feature","geometry":{"type":"Polygon","coordinates":[[[127.04216,37.60514],[127.04892,37.60514],[127.04892,37.61189],[127.04216,37.61189],[127.04216,37.60514]]]},"properties":{"row":20,"col":24,"walk_min":9.2,"nearest_station_id":"kr_154","nearest_station_name":"상월곡","a":3,"A":"30-45","c":3,"C":"30-45","e":3,"E":"30-45","g":3,"G":"30-45","i":4,"I":"45-60","k":4,"K":"45-60","m":3,"M":"30-45","o":4,"O":"45-60","b":3,"B":"30-45","d":3,"D":"30-45","f":3,"F":"30-45","h":3,"H":"30-45","j":4,"J":"45-60","l":4,"L":"45-60","n":3,"N":"30-45","p":4,"P":"45-60"}},{"type":"Feature","geometry":{"type":"Polygon","coordinates":[[[127.03541,37.51054],[127.04216,37.51054],[127.04216,37.5173],[127.03541,37.5173],[127.03541,37.51054]]]},"properties":{"row":6,"col":23,"walk_min":4.3,"nearest_station_id":"kr_155","nearest_station_name":"Gangnam-gu Office","a":3,"A":"30-45","c":3,"C":"30-45","e":1,"E":"10-20","g":2,"G":"20-30","i":2,"I":"20-30","k":2,"K":"20-30","m":3,"M":"30-45","o":3,"O":"30-45","b":3,"B":"30-45","d":3,"D":"30-45","f":1,"F":"10-20","h":2,"H":"20-30","j":2,"J":"20-30","l":2,"L":"20-30","n":3,"N":"30-45","p":3,"P":"30-45"}},{"type":"Feature","geometry":{"type":"Polygon","coordinates":[[[126.9273,37.54432],[126.93405,37.54432],[126.93405,37.55108],[126.9273,37.55108],[126.9273,37.54432]]]},"properties":{"row":11,"col":7,"walk_min":3.0,"nearest_station_id":"kr_156","nearest_station_name":"광흥창","a":1,"A":"10-20","c":1,"C":"10-20","e":3,"E":"30-45","g":2,"G":"20-30","i":2,"I":"20-30","k":3,"K":"30-45","m":3,"M":"30-45","o":2,"O":"20-30","b":1,"B":"10-20","d":1,"D":"10-20","f":3,"F":"30-45","h":2,"H":"20-30","j":2,"J":"20-30","l":3,"L":"30-45","n":3,"N":"30-45","p":2,"P":"20-30"}},{"type":"Feature","geometry":{"type":"Polygon","coordinates":[[[127.07595,37.59838],[127.0827,37.59838],[127.0827,37.60514],[127.07595,37.60514],[127.07595,37.59838]]]},"properties":{"row":19,"col":29,"walk_min":2.3,"nearest_station_id":"kr_158","nearest_station_name":"중화","a":3,"A":"30-45","c":3,"C":"30-45","e":3,"E":"30-45","g":2,"G":"20-30","i":4,"I":"45-60","k":4,"K":"45-60","m":3,"M":"30-45","o":4,"O":"45-60","b":3,"B":"30-45","d":3,"D":"30-45","f":3,"F":"30-45","h":2,"H":"20-30","j":4,"J":"45-60","l":4,"L":"45-60","n":3,"N":"30-45","p":4,"P":"45-60"}},{"type":"Feature","geometry":{"type":"Polygon","coordinates":[[[127.01514,37.59162],[127.02189,37.59162],[127.02189,37.59838],[127.01514,37.59838],[127.01514,37.59162]]]},"properties":{"row":18,"col":20,"walk_min":3.8,"nearest_station_id":"kr_160","nearest_station_name":"Sungshin Women's Univ.","a":2,"A":"20-30","c":1,"C":"10-20","e":3,"E":"30-45","g":1,"G":"10-20","i":3,"I":"30-45","k":3,"K":"30-45","m":2,"M":"20-30","o":3,"O":"30-45","b":2,"B":"20-30","d":1,"D":"10-20","f":3,"F":"30-45","h":1,"H":"10-20","j":3,"J":"30-45","l":3,"L":"30-45","n":2,"N":"20-30","p":3,"P":"30-45"}},{"type":"Feature","geometry":{"type":"Polygon","coordinates":[[[127.04892,37.49027],[127.05568,37.49027],[127.05568,37.49703],[127.04892,37.49703],[127.04892,37.49027]]]},"properties":{"row":3,"col":25,"walk_min":6.4,"nearest_station_id":"kr_164","nearest_station_name":"Dogok","a":3,"A":"30-45","c":3,"C":"30-45","e":1,"E":"10-20","g":3,"G":"30-45","i":2,"I":"20-30","k":2,"K":"20-30","m":3,"M":"30-45","o":4,"O":"45-60","b":3,"B":"30-45","d":3,"D":"30-45","f":1,"F":"10-20","h":3,"H":"30-45","j":2,"J":"20-30","l":2,"L":"20-30","n":3,"N":"30-45","p":4,"P":"45-60"}},{"type":"Feature","geometry":{"type":"Polygon","coordinates":[[[127.04892,37.5173],[127.05568,37.5173],[127.05568,37.52405],[127.04892,37.52405],[127.04892,37.5173]]]},"properties":{"row":7,"col":25,"walk_min":3.3,"nearest_station_id":"kr_166","nearest_station_name":"청담","a":3,"A":"30-45","c":3,"C":"30-45","e":1,"E":"10-20","g":2,"G":"20-30","i":2,"I":"20-30","k":3,"K":"30-45","m":3,"M":"30-45","o":3,"O":"30-45","b":3,"B":"30-45","d":3,"D":"30-45","f":1,"F":"10-20","h":2,"H":"20-30","j":2,"J":"20-30","l":3,"L":"30-45","n":3,"N":"30-45","p":3,"P":"30-45"}},{"type":"Feature","geometry":{"type":"Polygon","coordinates":[[[126.9273,37.52405],[126.93405,37.52405],[126.93405,37.53081],[126.9273,37.53081],[126.9273,37.52405]]]},"properties":{"row":8,"col":7,"walk_min":3.1,"nearest_station_id":"kr_180","nearest_station_name":"여의나루","a":1,"A":"10-20","c":2,"C":"20-30","e":2,"E":"20-30","g":3,"G":"30-45","i":2,"I":"20-30","k":3,"K":"30-45","m":3,"M":"30-45","o":1,"O":"10-20","b":1,"B":"10-20","d":2,"D":"20-30","f":2,"F":"20-30","h":3,"H":"30-45","j":2,"J":"20-30","l":3,"L":"30-45","n":3,"N":"30-45","p":1,"P":"10-20"}},{"type":"Feature","geometry":{"type":"Polygon","coordinates":[[[127.06243,37.53081],[127.06919,37.53081],[127.06919,37.53757],[127.06243,37.53757],[127.06243,37.53081]]]},"properties":{"row":9,"col":27,"walk_min":3.5,"nearest_station_id":"kr_181","nearest_station_name":"Jayang","a":3,"A":"30-45","c":3,"C":"30-45","e":2,"E":"20-30","g":1,"G":"10-20","i":3,"I":"30-45","k":3,"K":"30-45","m":2,"M":"20-30","o":3,"O":"30-45","b":3,"B":"30-45","d":3,"D":"30-45","f":2,"F":"20-30","h":1,"H":"10-20","j":3,"J":"30-45","l":3,"L":"30-45","n":2,"N":"20-30","p":3,"P":"30-45"}},{"type":"Feature","geometry":{"type":"Polygon","coordinates":[[[126.96784,37.48351],[126.97459,37.48351],[126.97459,37.49027],[126.96784,37.49027],[126.96784,37.48351]]]},"properties":{"row":2,"col":13,"walk_min":5.2,"nearest_station_id":"kr_182","nearest_station_name":"남성","a":3,"A":"30-45","c":3,"C":"30-45","e":2,"E":"20-30","g":3,"G":"30-45","i":2,"I":"20-30","k":3,"K":"30-45","m":3,"M":"30-45","o":3,"O":"30-45","b":3,"B":"30-45","d":3,"D":"30-45","f":2,"F":"20-30","h":3,"H":"30-45","j":2,"J":"20-30","l":3,"L":"30-45","n":3,"N":"30-45","p":3,"P":"30-45"}},{"type":"Feature","geometry":{"type":"Polygon","coordinates":[[[127.06919,37.53757],[127.07595,37.53757],[127.07595,37.54432],[127.06919,37.54432],[127.06919,37.53757]]]},"properties":{"row":10,"col":28,"walk_min":3.3,"nearest_station_id":"kr_183","nearest_station_name":"Konkuk Univ.","a":3,"A":"30-45","c":3,"C":"30-45","e":2,"E":"20-30","g":1,"G":"10-20","i":3,"I":"30-45","k":3,"K":"30-45","m":2,"M":"20-30","o":3,"O":"30-45","b":3,"B":"30-45","d":3,"D":"30-45","f":2,"F":"20-30","h":1,"H":"10-20","j":3,"J":"30-45","l":3,"L":"30-45","n":2,"N":"20-30","p":3,"P":"30-45"}},{"type":"Feature","geometry":{"type":"Polygon","coordinates":[[[126.92054,37.54432],[126.9273,37.54432],[126.9273,37.55108],[126.92054,37.55108],[126.92054,37.54432]]]},"properties":{"row":11,"col":6,"walk_min":2.2,"nearest_station_id":"kr_184","nearest_station_name":"상수","a":1,"A":"10-20","c":2,"C":"20-30","e":3,"E":"30-45","g":3,"G":"30-45","i":2,"I":"20-30","k":4,"K":"45-60","m":3,"M":"30-45","o":2,"O":"20-30","b":1,"B":"10-20","d":2,"D":"20-30","f":3,"F":"30-45","h":3,"H":"30-45","j":2,"J":"20-30","l":4,"L":"45-60","n":3,"N":"30-45","p":2,"P":"20-30"}},{"type":"Feature","geometry":{"type":"Polygon","coordinates":[[[127.06919,37.54432],[127.07595,37.54432],[127.07595,37.55108],[127.06919,37.55108],[127.06919,37.54432]]]},"properties":{"row":11,"col":28,"walk_min":3.1,"nearest_station_id":"kr_185","nearest_station_name":"어린이대공원","a":3,"A":"30-45","c":2,"C":"20-30","e":2,"E":"20-30","g":1,"G":"10-20","i":3,"I":"30-45","k":3,"K":"30-45","m":2,"M":"20-30","o":3,"O":"30-45","b":3,"B":"30-45","d":2,"D":"20-30","f":2,"F":"20-30","h":1,"H":"10-20","j":3,"J":"30-45","l":3,"L":"30-45","n":2,"N":"20-30","p":3,"P":"30-45"}},{"type":"Feature","geometry":{"type":"Polygon","coordinates":[[[127.05568,37.54432],[127.06243,37.54432],[127.06243,37.55108],[127.05568,37.55108],[127.05568,37.54432]]]},"properties":{"row":11,"col":26,"walk_min":7.3,"nearest_station_id":"kr_186","nearest_station_name":"Seongsu","a":2,"A":"20-30","c":2,"C":"20-30","e":3,"E":"30-45","g":1,"G":"10-20","i":4,"I":"45-60","k":2,"K":"20-30","m":1,"M":"10-20","o":3,"O":"30-45","b":2,"B":"20-30","d":2,"D":"20-30","f":3,"F":"30-45","h":1,"H":"10-20","j":4,"J":"45-60","l":2,"L":"20-30","n":1,"N":"10-20","p":3,"P":"30-45"}},{"type":"Feature","geometry":{"type":"Polygon","coordinates":[[[126.94081,37.53757],[126.94757,37.53757],[126.94757,37.54432],[126.94081,37.54432],[126.94081,37.53757]]]},"properties":{"row":10,"col":9,"walk_min":4.0,"nearest_station_id":"kr_193","nearest_station_name":"마포","a":1,"A":"10-20","c":1,"C":"10-20","e":2,"E":"20-30","g":2,"G":"20-30","i":2,"I":"20-30","k":3,"K":"30-45","m":3,"M":"30-45","o":2,"O":"20-30","b":1,"B":"10-20","d":1,"D":"10-20","f":2,"F":"20-30","h":2,"H":"20-30","j":2,"J":"20-30","l":3,"L":"30-45","n":3,"N":"30-45","p":2,"P":"20-30"}},{"type":"Feature","geometry":{"type":"Polygon","coordinates":[[[126.90703,37.54432],[126.91378,37.54432],[126.91378,37.55108],[126.90703,37.55108],[126.90703,37.54432]]]},"properties":{"row":11,"col":4,"walk_min":5.7,"nearest_station_id":"kr_211","nearest_station_name":"합정","a":2,"A":"20-30","c":2,"C":"20-30","e":3,"E":"30-45","g":3,"G":"30-45","i":3,"I":"30-45","k":4,"K":"45-60","m":4,"M":"45-60","o":3,"O":"30-45","b":2,"B":"20-30","d":2,"D":"20-30","f":3,"F":"30-45","h":3,"H":"30-45","j":3,"J":"30-45","l":4,"L":"45-60","n":4,"N":"45-60","p":3,"P":"30-45"}},{"type":"Feature","geometry":{"type":"Polygon","coordinates":[[[126.88,37.47676],[126.88676,37.47676],[126.88676,37.48351],[126.88,37.48351],[126.88,37.47676]]]},"properties":{"row":1,"col":0,"walk_min":2.9,"nearest_station_id":"kr_291","nearest_station_name":"가산디지털단지","a":3,"A":"30-45","c":3,"C":"30-45","e":3,"E":"30-45","g":4,"G":"45-60","i":3,"I":"30-45","k":4,"K":"45-60","m":4,"M":"45-60","o":3,"O":"30-45","b":3,"B":"30-45","d":3,"D":"30-45","f":3,"F":"30-45","h":4,"H":"45-60","j":3,"J":"30-45","l":4,"L":"45-60","n":4,"N":"45-60","p":3,"P":"30-45"}},{"type":"Feature","geometry":{"type":"Polygon","coordinates":[[[126.94757,37.49027],[126.95432,37.49027],[126.95432,37.49703],[126.94757,37.49703],[126.94757,37.49027]]]},"properties":{"row":3,"col":10,"walk_min":5.5,"nearest_station_id":"kr_213","nearest_station_name":"숭실대입구","a":3,"A":"30-45","c":3,"C":"30-45","e":2,"E":"20-30","g":3,"G":"30-45","i":2,"I":"20-30","k":3,"K":"30-45","m":4,"M":"45-60","o":4,"O":"45-60","b":3,"B":"30-45","d":3,"D":"30-45","f":2,"F":"20-30","h":3,"H":"30-45","j":2,"J":"20-30","l":3,"L":"30-45","n":4,"N":"45-60","p":4,"P":"45-60"}},{"type":"Feature","geometry":{"type":"Polygon","coordinates":[[[127.03541,37.57135],[127.04216,37.57135],[127.04216,37.57811],[127.03541,37.57811],[127.03541,37.57135]]]},"properties":{"row":15,"col":23,"walk_min":4.1,"nearest_station_id":"kr_214","nearest_station_name":"용두","a":2,"A":"20-30","c":1,"C":"10-20","e":3,"E":"30-45","g":1,"G":"10-20","i":3,"I":"30-45","k":2,"K":"20-30","m":1,"M":"10-20","o":2,"O":"20-30","b":2,"B":"20-30","d":1,"D":"10-20","f":3,"F":"30-45","h":1,"H":"10-20","j":3,"J":"30-45","l":2,"L":"20-30","n":1,"N":"10-20","p":2,"P":"20-30"}},{"type":"Feature","geometry":{"type":"Polygon","coordinates":[[[127.00838,37.51054],[127.01514,37.51054],[127.01514,37.5173],[127.00838,37.5173],[127.00838,37.51054]]]},"properties":{"row":6,"col":19,"walk_min":2.9,"nearest_station_id":"kr_216","nearest_station_name":"Jamwon","a":2,"A":"20-30","c":2,"C":"20-30","e":0,"E":"<10","g":2,"G":"20-30","i":1,"I":"10-20","k":2,"K":"20-30","m":3,"M":"30-45","o":3,"O":"30-45","b":2,"B":"20-30","d":2,"D":"20-30","f":0,"F":"<10","h":2,"H":"20-30","j":1,"J":"10-20","l":2,"L":"20-30","n":3,"N":"30-45","p":3,"P":"30-45"}},{"type":"Feature","geometry":{"type":"Polygon","coordinates":[[[126.96784,37.5173],[126.97459,37.5173],[126.97459,37.52405],[126.96784,37.52405],[126.96784,37.5173]]]},"properties":{"row":7,"col":13,"walk_min":4.1,"nearest_station_id":"kr_219","nearest_station_name":"Ichon","a":1,"A":"10-20","c":1,"C":"10-20","e":1,"E":"10-20","g":2,"G":"20-30","i":1,"I":"10-20","k":3,"K":"30-45","m":3,"M":"30-45","o":2,"O":"20-30","b":1,"B":"10-20","d":1,"D":"10-20","f":1,"F":"10-20","h":2,"H":"20-30","j":1,"J":"10-20","l":3,"L":"30-45","n":3,"N":"30-45","p":2,"P":"20-30"}},{"type":"Feature","geometry":{"type":"Polygon","coordinates":[[[126.96784,37.52405],[126.97459,37.52405],[126.97459,37.53081],[126.96784,37.53081],[126.96784,37.52405]]]},"properties":{"row":8,"col":13,"walk_min":10.8,"nearest_station_id":"kr_238","nearest_station_name":"Sinyongsan","a":1,"A":"10-20","c":2,"C":"20-30","e":2,"E":"20-30","g":3,"G":"30-45","i":2,"I":"20-30","k":3,"K":"30-45","m":3,"M":"30-45","o":3,"O":"30-45","b":1,"B":"10-20","d":2,"D":"20-30","f":2,"F":"20-30","h":3,"H":"30-45","j":2,"J":"20-30","l":3,"L":"30-45","n":3,"N":"30-45","p":3,"P":"30-45"}},{"type":"Feature","geometry":{"type":"Polygon","coordinates":[[[126.90703,37.55108],[126.91378,37.55108],[126.91378,37.55784],[126.90703,37.55784],[126.90703,37.55108]]]},"properties":{"row":12,"col":4,"walk_min":2.6,"nearest_station_id":"kr_240","nearest_station_name":"망원","a":2,"A":"20-30","c":2,"C":"20-30","e":3,"E":"30-45","g":3,"G":"30-45","i":3,"I":"30-45","k":4,"K":"45-60","m":3,"M":"30-45","o":2,"O":"20-30","b":2,"B":"20-30","d":2,"D":"20-30","f":3,"F":"30-45","h":3,"H":"30-45","j":3,"J":"30-45","l":4,"L":"45-60","n":3,"N":"30-45","p":2,"P":"20-30"}},{"type":"Feature","geometry":{"type":"Polygon","coordinates":[[[126.90027,37.5173],[126.90703,37.5173],[126.90703,37.52405],[126.90027,37.52405],[126.90027,37.5173]]]},"properties":{"row":7,"col":3,"walk_min":3.4,"nearest_station_id":"kr_241","nearest_station_name":"영등포시장","a":2,"A":"20-30","c":2,"C":"20-30","e":2,"E":"20-30","g":3,"G":"30-45","i":2,"I":"20-30","k":3,"K":"30-45","m":3,"M":"30-45","o":1,"O":"10-20","b":2,"B":"20-30","d":2,"D":"20-30","f":2,"F":"20-30","h":3,"H":"30-45","j":2,"J":"20-30","l":3,"L":"30-45","n":3,"N":"30-45","p":1,"P":"10-20"}},{"type":"Feature","geometry":{"type":"Polygon","coordinates":[[[126.96784,37.54432],[126.97459,37.54432],[126.97459,37.55108],[126.96784,37.55108],[126.96784,37.54432]]]},"properties":{"row":11,"col":13,"walk_min":4.0,"nearest_station_id":"kr_242","nearest_station_name":"Sookmyung Women's Univ.","a":0,"A":"<10","c":0,"C":"<10","e":2,"E":"20-30","g":2,"G":"20-30","i":2,"I":"20-30","k":3,"K":"30-45","m":2,"M":"20-30","o":1,"O":"10-20","b":0,"B":"<10","d":0,"D":"<10","f":2,"F":"20-30","h":2,"H":"20-30","j":2,"J":"20-30","l":3,"L":"30-45","n":2,"N":"20-30","p":1,"P":"10-20"}},{"type":"Feature","geometry":{"type":"Polygon","coordinates":[[[127.04892,37.55784],[127.05568,37.55784],[127.05568,37.56459],[127.04892,37.56459],[127.04892,37.55784]]]},"properties":{"row":13,"col":25,"walk_min":3.7,"nearest_station_id":"kr_243","nearest_station_name":"용답","a":2,"A":"20-30","c":2,"C":"20-30","e":3,"E":"30-45","g":1,"G":"10-20","i":3,"I":"30-45","k":2,"K":"20-30","m":1,"M":"10-20","o":3,"O":"30-45","b":2,"B":"20-30","d":2,"D":"20-30","f":3,"F":"30-45","h":1,"H":"10-20","j":3,"J":"30-45","l":2,"L":"20-30","n":1,"N":"10-20","p":3,"P":"30-45"}},{"type":"Feature","geometry":{"type":"Polygon","coordinates":[[[126.94757,37.49703],[126.95432,37.49703],[126.95432,37.50378],[126.94757,37.50378],[126.94757,37.49703]]]},"properties":{"row":4,"col":10,"walk_min":4.8,"nearest_station_id":"kr_244","nearest_station_name":"상도","a":3,"A":"30-45","c":3,"C":"30-45","e":2,"E":"20-30","g":3,"G":"30-45","i":2,"I":"20-30","k":3,"K":"30-45","m":4,"M":"45-60","o":4,"O":"45-60","b":3,"B":"30-45","d":3,"D":"30-45","f":2,"F":"20-30","h":3,"H":"30-45","j":2,"J":"20-30","l":3,"L":"30-45","n":4,"N":"45-60","p":4,"P":"45-60"}},{"type":"Feature","geometry":{"type":"Polygon","coordinates":[[[126.96108,37.53757],[126.96784,37.53757],[126.96784,37.54432],[126.96108,37.54432],[126.96108,37.53757]]]},"properties":{"row":10,"col":12,"walk_min":3.6,"nearest_station_id":"kr_245","nearest_station_name":"효창공원앞","a":0,"A":"<10","c":1,"C":"10-20","e":2,"E":"20-30","g":2,"G":"20-30","i":2,"I":"20-30","k":3,"K":"30-45","m":3,"M":"30-45","o":2,"O":"20-30","b":0,"B":"<10","d":1,"D":"10-20","f":2,"F":"20-30","h":2,"H":"20-30","j":2,"J":"20-30","l":3,"L":"30-45","n":3,"N":"30-45","p":2,"P":"20-30"}},{"type":"Feature","geometry":{"type":"Polygon","coordinates":[[[126.97459,37.57135],[126.98135,37.57135],[126.98135,37.57811],[126.97459,37.57811],[126.97459,37.57135]]]},"properties":{"row":15,"col":14,"walk_min":3.5,"nearest_station_id":"kr_246","nearest_station_name":"Gwanghwamun","a":1,"A":"10-20","c":1,"C":"10-20","e":3,"E":"30-45","g":1,"G":"10-20","i":3,"I":"30-45","k":3,"K":"30-45","m":2,"M":"20-30","o":2,"O":"20-30","b":1,"B":"10-20","d":1,"D":"10-20","f":3,"F":"30-45","h":1,"H":"10-20","j":3,"J":"30-45","l":3,"L":"30-45","n":2,"N":"20-30","p":2,"P":"20-30"}},{"type":"Feature","geometry":{"type":"Polygon","coordinates":[[[127.04216,37.48351],[127.04892,37.48351],[127.04892,37.49027],[127.04216,37.49027],[127.04216,37.48351]]]},"properties":{"row":2,"col":24,"walk_min":3.5,"nearest_station_id":"kr_251","nearest_station_name":"매봉","a":3,"A":"30-45","c":3,"C":"30-45","e":0,"E":"<10","g":3,"G":"30-45","i":1,"I":"10-20","k":2,"K":"20-30","m":3,"M":"30-45","o":3,"O":"30-45","b":3,"B":"30-45","d":3,"D":"30-45","f":0,"F":"<10","h":3,"H":"30-45","j":1,"J":"10-20","l":2,"L":"20-30","n":3,"N":"30-45","p":3,"P":"30-45"}},{"type":"Feature","geometry":{"type":"Polygon","coordinates":[[[127.03541,37.49703],[127.04216,37.49703],[127.04216,37.50378],[127.03541,37.50378],[127.03541,37.49703]]]},"properties":{"row":4,"col":23,"walk_min":6.2,"nearest_station_id":"kr_252","nearest_station_name":"Yeoksam","a":3,"A":"30-45","c":3,"C":"30-45","e":0,"E":"<10","g":3,"G":"30-45","i":1,"I":"10-20","k":1,"K":"10-20","m":3,"M":"30-45","o":3,"O":"30-45","b":3,"B":"30-45","d":3,"D":"30-45","f":0,"F":"<10","h":3,"H":"30-45","j":1,"J":"10-20","l":1,"L":"10-20","n":3,"N":"30-45","p":3,"P":"30-45"}},{"type":"Feature","geometry":{"type":"Polygon","coordinates":[[[126.89351,37.49027],[126.90027,37.49027],[126.90027,37.49703],[126.89351,37.49703],[126.89351,37.49027]]]},"properties":{"row":3,"col":2,"walk_min":2.4,"nearest_station_id":"kr_343","nearest_station_name":"대림","a":3,"A":"30-45","c":3,"C":"30-45","e":3,"E":"30-45","g":4,"G":"45-60","i":3,"I":"30-45","k":4,"K":"45-60","m":4,"M":"45-60","o":3,"O":"30-45","b":3,"B":"30-45","d":3,"D":"30-45","f":3,"F":"30-45","h":4,"H":"45-60","j":3,"J":"30-45","l":4,"L":"45-60","n":4,"N":"45-60","p":3,"P":"30-45"}},{"type":"Feature","geometry":{"type":"Polygon","coordinates":[[[126.95432,37.55108],[126.96108,37.55108],[126.96108,37.55784],[126.95432,37.55784],[126.95432,37.55108]]]},"properties":{"row":12,"col":11,"walk_min":1.8,"nearest_station_id":"kr_257","nearest_station_name":"애오개","a":1,"A":"10-20","c":1,"C":"10-20","e":2,"E":"20-30","g":2,"G":"20-30","i":2,"I":"20-30","k":3,"K":"30-45","m":3,"M":"30-45","o":1,"O":"10-20","b":1,"B":"10-20","d":1,"D":"10-20","f":2,"F":"20-30","h":2,"H":"20-30","j":2,"J":"20-30","l":3,"L":"30-45","n":3,"N":"30-45","p":1,"P":"10-20"}},{"type":"Feature","geometry":{"type":"Polygon","coordinates":[[[126.90027,37.55784],[126.90703,37.55784],[126.90703,37.56459],[126.90027,37.56459],[126.90027,37.55784]]]},"properties":{"row":13,"col":3,"walk_min":7.8,"nearest_station_id":"kr_259","nearest_station_name":"마포구청","a":3,"A":"30-45","c":3,"C":"30-45","e":3,"E":"30-45","g":3,"G":"30-45","i":3,"I":"30-45","k":4,"K":"45-60","m":4,"M":"45-60","o":3,"O":"30-45","b":3,"B":"30-45","d":3,"D":"30-45","f":3,"F":"30-45","h":3,"H":"30-45","j":3,"J":"30-45","l":4,"L":"45-60","n":4,"N":"45-60","p":3,"P":"30-45"}},{"type":"Feature","geometry":{"type":"Polygon","coordinates":[[[126.96108,37.56459],[126.96784,37.56459],[126.96784,37.57135],[126.96108,37.57135],[126.96108,37.56459]]]},"properties":{"row":14,"col":12,"walk_min":8.6,"nearest_station_id":"kr_260","nearest_station_name":"서대문","a":2,"A":"20-30","c":1,"C":"10-20","e":3,"E":"30-45","g":2,"G":"20-30","i":3,"I":"30-45","k":3,"K":"30-45","m":3,"M":"30-45","o":2,"O":"20-30","b":2,"B":"20-30","d":1,"D":"10-20","f":3,"F":"30-45","h":2,"H":"20-30","j":3,"J":"30-45","l":3,"L":"30-45","n":3,"N":"30-45","p":2,"P":"20-30"}},{"type":"Feature","geometry":{"type":"Polygon","coordinates":[[[127.04216,37.55108],[127.04892,37.55108],[127.04892,37.55784],[127.04216,37.55784],[127.04216,37.55108]]]},"properties":{"row":12,"col":24,"walk_min":10.5,"nearest_station_id":"kr_272","nearest_station_name":"Hanyang University","a":2,"A":"20-30","c":2,"C":"20-30","e":3,"E":"30-45","g":1,"G":"10-20","i":4,"I":"45-60","k":2,"K":"20-30","m":1,"M":"10-20","o":3,"O":"30-45","b":2,"B":"20-30","d":2,"D":"20-30","f":3,"F":"30-45","h":1,"H":"10-20","j":4,"J":"45-60","l":2,"L":"20-30","n":1,"N":"10-20","p":3,"P":"30-45"}},{"type":"Feature","geometry":{"type":"Polygon","coordinates":[[[126.93405,37.50378],[126.94081,37.50378],[126.94081,37.51054],[126.93405,37.51054],[126.93405,37.50378]]]},"properties":{"row":5,"col":8,"walk_min":4.1,"nearest_station_id":"kr_273","nearest_station_name":"장승배기","a":3,"A":"30-45","c":3,"C":"30-45","e":2,"E":"20-30","g":4,"G":"45-60","i":3,"I":"30-45","k":3,"K":"30-45","m":4,"M":"45-60","o":4,"O":"45-60","b":3,"B":"30-45","d":3,"D":"30-45","f":2,"F":"20-30","h":4,"H":"45-60","j":3,"J":"30-45","l":3,"L":"30-45","n":4,"N":"45-60","p":4,"P":"45-60"}},{"type":"Feature","geometry":{"type":"Polygon","coordinates":[[[126.89351,37.5173],[126.90027,37.5173],[126.90027,37.52405],[126.89351,37.52405],[126.89351,37.5173]]]},"properties":{"row":7,"col":2,"walk_min":2.6,"nearest_station_id":"kr_282","nearest_station_name":"Mullae","a":2,"A":"20-30","c":2,"C":"20-30","e":3,"E":"30-45","g":3,"G":"30-45","i":2,"I":"20-30","k":3,"K":"30-45","m":4,"M":"45-60","o":1,"O":"10-20","b":2,"B":"20-30","d":2,"D":"20-30","f":3,"F":"30-45","h":3,"H":"30-45","j":2,"J":"20-30","l":3,"L":"30-45","n":4,"N":"45-60","p":1,"P":"10-20"}},{"type":"Feature","geometry":{"type":"Polygon","coordinates":[[[127.04892,37.50378],[127.05568,37.50378],[127.05568,37.51054],[127.04892,37.51054],[127.04892,37.50378]]]},"properties":{"row":5,"col":25,"walk_min":5.0,"nearest_station_id":"kr_275","nearest_station_name":"Seolleung","a":3,"A":"30-45","c":3,"C":"30-45","e":1,"E":"10-20","g":3,"G":"30-45","i":2,"I":"20-30","k":1,"K":"10-20","m":2,"M":"20-30","o":3,"O":"30-45","b":3,"B":"30-45","d":3,"D":"30-45","f":1,"F":"10-20","h":3,"H":"30-45","j":2,"J":"20-30","l":1,"L":"10-20","n":2,"N":"20-30","p":3,"P":"30-45"}},{"type":"Feature","geometry":{"type":"Polygon","coordinates":[[[126.96108,37.55784],[126.96784,37.55784],[126.96784,37.56459],[126.96108,37.56459],[126.96108,37.55784]]]},"properties":{"row":13,"col":12,"walk_min":3.0,"nearest_station_id":"kr_283","nearest_station_name":"Chungjeongno(Kyonggi University)","a":1,"A":"10-20","c":1,"C":"10-20","e":3,"E":"30-45","g":1,"G":"10-20","i":2,"I":"20-30","k":3,"K":"30-45","m":2,"M":"20-30","o":1,"O":"10-20","b":1,"B":"10-20","d":1,"D":"10-20","f":3,"F":"30-45","h":1,"H":"10-20","j":2,"J":"20-30","l":3,"L":"30-45","n":2,"N":"20-30","p":1,"P":"10-20"}},{"type":"Feature","geometry":{"type":"Polygon","coordinates":[[[127.01514,37.55108],[127.02189,37.55108],[127.02189,37.55784],[127.01514,37.55784],[127.01514,37.55108]]]},"properties":{"row":12,"col":20,"walk_min":3.2,"nearest_station_id":"kr_277","nearest_station_name":"신금호","a":1,"A":"10-20","c":1,"C":"10-20","e":2,"E":"20-30","g":0,"G":"<10","i":3,"I":"30-45","k":2,"K":"20-30","m":1,"M":"10-20","o":2,"O":"20-30","b":1,"B":"10-20","d":1,"D":"10-20","f":2,"F":"20-30","h":0,"H":"<10","j":3,"J":"30-45","l":2,"L":"20-30","n":1,"N":"10-20","p":2,"P":"20-30"}},{"type":"Feature","geometry":{"type":"Polygon","coordinates":[[[126.98811,37.56459],[126.99486,37.56459],[126.99486,37.57135],[126.98811,37.57135],[126.98811,37.56459]]]},"properties":{"row":14,"col":16,"walk_min":1.8,"nearest_station_id":"kr_278","nearest_station_name":"Euljiro 3(sam)-ga","a":0,"A":"<10","c":0,"C":"<10","e":2,"E":"20-30","g":1,"G":"10-20","i":2,"I":"20-30","k":3,"K":"30-45","m":2,"M":"20-30","o":1,"O":"10-20","b":0,"B":"<10","d":0,"D":"<10","f":2,"F":"20-30","h":1,"H":"10-20","j":2,"J":"20-30","l":3,"L":"30-45","n":2,"N":"20-30","p":1,"P":"10-20"}},{"type":"Feature","geometry":{"type":"Polygon","coordinates":[[[127.06243,37.50378],[127.06919,37.50378],[127.06919,37.51054],[127.06243,37.51054],[127.06243,37.50378]]]},"properties":{"row":5,"col":27,"walk_min":7.2,"nearest_station_id":"kr_279","nearest_station_name":"Samseong(World Trade Center Seoul)","a":3,"A":"30-45","c":3,"C":"30-45","e":1,"E":"10-20","g":3,"G":"30-45","i":2,"I":"20-30","k":1,"K":"10-20","m":2,"M":"20-30","o":4,"O":"45-60","b":3,"B":"30-45","d":3,"D":"30-45","f":1,"F":"10-20","h":3,"H":"30-45","j":2,"J":"20-30","l":1,"L":"10-20","n":2,"N":"20-30","p":4,"P":"45-60"}},{"type":"Feature","geometry":{"type":"Polygon","coordinates":[[[127.04216,37.54432],[127.04892,37.54432],[127.04892,37.55108],[127.04216,37.55108],[127.04216,37.54432]]]},"properties":{"row":11,"col":24,"walk_min":5.9,"nearest_station_id":"kr_285","nearest_station_name":"Ttukseom","a":2,"A":"20-30","c":2,"C":"20-30","e":3,"E":"30-45","g":0,"G":"<10","i":3,"I":"30-45","k":2,"K":"20-30","m":1,"M":"10-20","o":3,"O":"30-45","b":2,"B":"20-30","d":2,"D":"20-30","f":3,"F":"30-45","h":0,"H":"<10","j":3,"J":"30-45","l":2,"L":"20-30","n":1,"N":"10-20","p":3,"P":"30-45"}},{"type":"Feature","geometry":{"type":"Polygon","coordinates":[[[126.90027,37.48351],[126.90703,37.48351],[126.90703,37.49027],[126.90027,37.49027],[126.90027,37.48351]]]},"properties":{"row":2,"col":3,"walk_min":4.4,"nearest_station_id":"kr_288","nearest_station_name":"Guro Digital Complex","a":2,"A":"20-30","c":3,"C":"30-45","e":3,"E":"30-45","g":3,"G":"30-45","i":2,"I":"20-30","k":4,"K":"45-60","m":4,"M":"45-60","o":2,"O":"20-30","b":2,"B":"20-30","d":3,"D":"30-45","f":3,"F":"30-45","h":3,"H":"30-45","j":2,"J":"20-30","l":4,"L":"45-60","n":4,"N":"45-60","p":2,"P":"20-30"}},{"type":"Feature","geometry":{"type":"Polygon","coordinates":[[[127.06243,37.49027],[127.06919,37.49027],[127.06919,37.49703],[127.06243,37.49703],[127.06243,37.49027]]]},"properties":{"row":3,"col":27,"walk_min":7.2,"nearest_station_id":"kr_289","nearest_station_name":"Daechi","a":3,"A":"30-45","c":3,"C":"30-45","e":1,"E":"10-20","g":3,"G":"30-45","i":2,"I":"20-30","k":3,"K":"30-45","m":3,"M":"30-45","o":4,"O":"45-60","b":3,"B":"30-45","d":3,"D":"30-45","f":1,"F":"10-20","h":3,"H":"30-45","j":2,"J":"20-30","l":3,"L":"30-45","n":3,"N":"30-45","p":4,"P":"45-60"}},{"type":"Feature","geometry":{"type":"Polygon","coordinates":[[[126.89351,37.56459],[126.90027,37.56459],[126.90027,37.57135],[126.89351,37.57135],[126.89351,37.56459]]]},"properties":{"row":14,"col":2,"walk_min":19.0,"nearest_station_id":"kr_293","nearest_station_name":"월드컵경기장","a":3,"A":"30-45","c":4,"C":"45-60","e":4,"E":"45-60","g":4,"G":"45-60","i":4,"I":"45-60","k":5,"K":"60-90","m":5,"M":"60-90","o":4,"O":"45-60","b":3,"B":"30-45","d":4,"D":"45-60","f":4,"F":"45-60","h":4,"H":"45-60","j":4,"J":"45-60","l":5,"L":"60-90","n":5,"N":"60-90","p":4,"P":"45-60"}},{"type":"Feature","geometry":{"type":"Polygon","coordinates":[[[126.92054,37.60514],[126.9273,37.60514],[126.9273,37.61189],[126.92054,37.61189],[126.92054,37.60514]]]},"properties":{"row":20,"col":6,"walk_min":4.6,"nearest_station_id":"kr_294","nearest_station_name":"역촌","a":3,"A":"30-45","c":2,"C":"20-30","e":4,"E":"45-60","g":3,"G":"30-45","i":4,"I":"45-60","k":4,"K":"45-60","m":3,"M":"30-45","o":3,"O":"30-45","b":3,"B":"30-45","d":2,"D":"20-30","f":4,"F":"45-60","h":3,"H":"30-45","j":4,"J":"45-60","l":4,"L":"45-60","n":3,"N":"30-45","p":3,"P":"30-45"}},{"type":"Feature","geometry":{"type":"Polygon","coordinates":[[[126.98135,37.53081],[126.98811,37.53081],[126.98811,37.53757],[126.98135,37.53757],[126.98135,37.53081]]]},"properties":{"row":9,"col":15,"walk_min":3.7,"nearest_station_id":"kr_295","nearest_station_name":"녹사평","a":1,"A":"10-20","c":1,"C":"10-20","e":2,"E":"20-30","g":1,"G":"10-20","i":2,"I":"20-30","k":3,"K":"30-45","m":2,"M":"20-30","o":2,"O":"20-30","b":1,"B":"10-20","d":1,"D":"10-20","f":2,"F":"20-30","h":1,"H":"10-20","j":2,"J":"20-30","l":3,"L":"30-45","n":2,"N":"20-30","p":2,"P":"20-30"}},{"type":"Feature","geometry":{"type":"Polygon","coordinates":[[[127.02865,37.55108],[127.03541,37.55108],[127.03541,37.55784],[127.02865,37.55784],[127.02865,37.55108]]]},"properties":{"row":12,"col":22,"walk_min":5.9,"nearest_station_id":"kr_296","nearest_station_name":"행당","a":1,"A":"10-20","c":1,"C":"10-20","e":2,"E":"20-30","g":0,"G":"<10","i":3,"I":"30-45","k":2,"K":"20-30","m":1,"M":"10-20","o":3,"O":"30-45","b":1,"B":"10-20","d":1,"D":"10-20","f":2,"F":"20-30","h":0,"H":"<10","j":3,"J":"30-45","l":2,"L":"20-30","n":1,"N":"10-20","p":3,"P":"30-45"}},{"type":"Feature","geometry":{"type":"Polygon","coordinates":[[[126.9273,37.49703],[126.93405,37.49703],[126.93405,37.50378],[126.9273,37.50378],[126.9273,37.49703]]]},"properties":{"row":4,"col":7,"walk_min":3.9,"nearest_station_id":"kr_299","nearest_station_name":"신대방삼거리","a":3,"A":"30-45","c":3,"C":"30-45","e":2,"E":"20-30","g":4,"G":"45-60","i":3,"I":"30-45","k":3,"K":"30-45","m":4,"M":"45-60","o":4,"O":"45-60","b":3,"B":"30-45","d":3,"D":"30-45","f":2,"F":"20-30","h":4,"H":"45-60","j":3,"J":"30-45","l":3,"L":"30-45","n":4,"N":"45-60","p":4,"P":"45-60"}},{"type":"Feature","geometry":{"type":"Polygon","coordinates":[[[126.89351,37.52405],[126.90027,37.52405],[126.90027,37.53081],[126.89351,37.53081],[126.89351,37.52405]]]},"properties":{"row":8,"col":2,"walk_min":3.2,"nearest_station_id":"kr_300","nearest_station_name":"Yeongdeungpo-gu Office","a":2,"A":"20-30","c":2,"C":"20-30","e":3,"E":"30-45","g":3,"G":"30-45","i":2,"I":"20-30","k":3,"K":"30-45","m":4,"M":"45-60","o":1,"O":"10-20","b":2,"B":"20-30","d":2,"D":"20-30","f":3,"F":"30-45","h":3,"H":"30-45","j":2,"J":"20-30","l":3,"L":"30-45","n":4,"N":"45-60","p":1,"P":"10-20"}},{"type":"Feature","geometry":{"type":"Polygon","coordinates":[[[126.88,37.52405],[126.88676,37.52405],[126.88676,37.53081],[126.88,37.53081],[126.88,37.52405]]]},"properties":{"row":8,"col":0,"walk_min":12.4,"nearest_station_id":"kr_314","nearest_station_name":"Yangpyeong","a":3,"A":"30-45","c":3,"C":"30-45","e":3,"E":"30-45","g":4,"G":"45-60","i":3,"I":"30-45","k":4,"K":"45-60","m":4,"M":"45-60","o":3,"O":"30-45","b":3,"B":"30-45","d":3,"D":"30-45","f":3,"F":"30-45","h":4,"H":"45-60","j":3,"J":"30-45","l":4,"L":"45-60","n":4,"N":"45-60","p":3,"P":"30-45"}},{"type":"Feature","geometry":{"type":"Polygon","coordinates":[[[126.91378,37.59838],[126.92054,37.59838],[126.92054,37.60514],[126.91378,37.60514],[126.91378,37.59838]]]},"properties":{"row":19,"col":5,"walk_min":4.1,"nearest_station_id":"kr_318","nearest_station_name":"응암","a":3,"A":"30-45","c":2,"C":"20-30","e":4,"E":"45-60","g":3,"G":"30-45","i":4,"I":"45-60","k":4,"K":"45-60","m":4,"M":"45-60","o":3,"O":"30-45","b":3,"B":"30-45","d":2,"D":"20-30","f":4,"F":"45-60","h":3,"H":"30-45","j":4,"J":"45-60","l":4,"L":"45-60","n":4,"N":"45-60","p":3,"P":"30-45"}},{"type":"Feature","geometry":{"type":"Polygon","coordinates":[[[126.96108,37.47676],[126.96784,37.47676],[126.96784,37.48351],[126.96108,37.48351],[126.96108,37.47676]]]},"properties":{"row":1,"col":12,"walk_min":7.7,"nearest_station_id":"kr_319","nearest_station_name":"Nakseongdae","a":3,"A":"30-45","c":3,"C":"30-45","e":2,"E":"20-30","g":3,"G":"30-45","i":1,"I":"10-20","k":3,"K":"30-45","m":4,"M":"45-60","o":3,"O":"30-45","b":3,"B":"30-45","d":3,"D":"30-45","f":2,"F":"20-30","h":3,"H":"30-45","j":1,"J":"10-20","l":3,"L":"30-45","n":4,"N":"45-60","p":3,"P":"30-45"}},{"type":"Feature","geometry":{"type":"Polygon","coordinates":[[[126.98811,37.53081],[126.99486,37.53081],[126.99486,37.53757],[126.98811,37.53757],[126.98811,37.53081]]]},"properties":{"row":9,"col":16,"walk_min":3.2,"nearest_station_id":"kr_320","nearest_station_name":"이태원","a":1,"A":"10-20","c":1,"C":"10-20","e":2,"E":"20-30","g":1,"G":"10-20","i":2,"I":"20-30","k":3,"K":"30-45","m":2,"M":"20-30","o":2,"O":"20-30","b":1,"B":"10-20","d":1,"D":"10-20","f":2,"F":"20-30","h":1,"H":"10-20","j":2,"J":"20-30","l":3,"L":"30-45","n":2,"N":"20-30","p":2,"P":"20-30"}},{"type":"Feature","geometry":{"type":"Polygon","coordinates":[[[127.06919,37.49027],[127.07595,37.49027],[127.07595,37.49703],[127.06919,37.49703],[127.06919,37.49027]]]},"properties":{"row":3,"col":28,"walk_min":4.4,"nearest_station_id":"kr_321","nearest_station_name":"Hangnyeoul","a":3,"A":"30-45","c":3,"C":"30-45","e":1,"E":"10-20","g":3,"G":"30-45","i":2,"I":"20-30","k":2,"K":"20-30","m":3,"M":"30-45","o":4,"O":"45-60","b":3,"B":"30-45","d":3,"D":"30-45","f":1,"F":"10-20","h":3,"H":"30-45","j":2,"J":"20-30","l":2,"L":"20-30","n":3,"N":"30-45","p":4,"P":"45-60"}},{"type":"Feature","geometry":{"type":"Polygon","coordinates":[[[126.91378,37.54432],[126.92054,37.54432],[126.92054,37.55108],[126.91378,37.55108],[126.91378,37.54432]]]},"properties":{"row":11,"col":5,"walk_min":3.5,"nearest_station_id":"kr_323","nearest_station_name":"Hapjeong","a":2,"A":"20-30","c":2,"C":"20-30","e":3,"E":"30-45","g":3,"G":"30-45","i":3,"I":"30-45","k":4,"K":"45-60","m":3,"M":"30-45","o":2,"O":"20-30","b":2,"B":"20-30","d":2,"D":"20-30","f":3,"F":"30-45","h":3,"H":"30-45","j":3,"J":"30-45","l":4,"L":"45-60","n":3,"N":"30-45","p":2,"P":"20-30"}},{"type":"Feature","geometry":{"type":"Polygon","coordinates":[[[127.00162,37.54432],[127.00838,37.54432],[127.00838,37.55108],[127.00162,37.55108],[127.00162,37.54432]]]},"properties":{"row":11,"col":18,"walk_min":5.8,"nearest_station_id":"kr_324","nearest_station_name":"버티고개","a":1,"A":"10-20","c":1,"C":"10-20","e":2,"E":"20-30","g":1,"G":"10-20","i":2,"I":"20-30","k":3,"K":"30-45","m":2,"M":"20-30","o":2,"O":"20-30","b":1,"B":"10-20","d":1,"D":"10-20","f":2,"F":"20-30","h":1,"H":"10-20","j":2,"J":"20-30","l":3,"L":"30-45","n":2,"N":"20-30","p":2,"P":"20-30"}},{"type":"Feature","geometry":{"type":"Polygon","coordinates":[[[126.90027,37.57135],[126.90703,37.57135],[126.90703,37.57811],[126.90027,37.57811],[126.90027,37.57135]]]},"properties":{"row":15,"col":3,"walk_min":7.5,"nearest_station_id":"kr_327","nearest_station_name":"디지털미디어시티","a":3,"A":"30-45","c":3,"C":"30-45","e":4,"E":"45-60","g":4,"G":"45-60","i":3,"I":"30-45","k":5,"K":"60-90","m":4,"M":"45-60","o":3,"O":"30-45","b":3,"B":"30-45","d":3,"D":"30-45","f":4,"F":"45-60","h":4,"H":"45-60","j":3,"J":"30-45","l":5,"L":"60-90","n":4,"N":"45-60","p":3,"P":"30-45"}},{"type":"Feature","geometry":{"type":"Polygon","coordinates":[[[126.88,37.48351],[126.88676,37.48351],[126.88676,37.49027],[126.88,37.49027],[126.88,37.48351]]]},"properties":{"row":2,"col":0,"walk_min":4.2,"nearest_station_id":"kr_328","nearest_station_name":"남구로","a":4,"A":"45-60","c":4,"C":"45-60","e":3,"E":"30-45","g":4,"G":"45-60","i":3,"I":"30-45","k":4,"K":"45-60","m":5,"M":"60-90","o":3,"O":"30-45","b":4,"B":"45-60","d":4,"D":"45-60","f":3,"F":"30-45","h":4,"H":"45-60","j":3,"J":"30-45","l":4,"L":"45-60","n":5,"N":"60-90","p":3,"P":"30-45"}},{"type":"Feature","geometry":{"type":"Polygon","coordinates":[[[127.00162,37.55784],[127.00838,37.55784],[127.00838,37.56459],[127.00162,37.56459],[127.00162,37.55784]]]},"properties":{"row":13,"col":18,"walk_min":3.5,"nearest_station_id":"kr_371","nearest_station_name":"동대입구","a":1,"A":"10-20","c":1,"C":"10-20","e":2,"E":"20-30","g":1,"G":"10-20","i":3,"I":"30-45","k":3,"K":"30-45","m":2,"M":"20-30","o":2,"O":"20-30","b":1,"B":"10-20","d":1,"D":"10-20","f":2,"F":"20-30","h":1,"H":"10-20","j":3,"J":"30-45","l":3,"L":"30-45","n":2,"N":"20-30","p":2,"P":"20-30"}},{"type":"Feature","geometry":{"type":"Polygon","coordinates":[[[127.00162,37.49027],[127.00838,37.49027],[127.00838,37.49703],[127.00162,37.49703],[127.00162,37.49027]]]},"properties":{"row":3,"col":18,"walk_min":5.3,"nearest_station_id":"kr_333","nearest_station_name":"Seocho","a":2,"A":"20-30","c":3,"C":"30-45","e":0,"E":"<10","g":3,"G":"30-45","i":1,"I":"10-20","k":2,"K":"20-30","m":3,"M":"30-45","o":3,"O":"30-45","b":2,"B":"20-30","d":3,"D":"30-45","f":0,"F":"<10","h":3,"H":"30-45","j":1,"J":"10-20","l":2,"L":"20-30","n":3,"N":"30-45","p":3,"P":"30-45"}},{"type":"Feature","geometry":{"type":"Polygon","coordinates":[[[127.00162,37.53757],[127.00838,37.53757],[127.00838,37.54432],[127.00162,37.54432],[127.00162,37.53757]]]},"properties":{"row":10,"col":18,"walk_min":9.0,"nearest_station_id":"kr_334","nearest_station_name":"한강진","a":2,"A":"20-30","c":2,"C":"20-30","e":2,"E":"20-30","g":2,"G":"20-30","i":3,"I":"30-45","k":3,"K":"30-45","m":2,"M":"20-30","o":3,"O":"30-45","b":2,"B":"20-30","d":2,"D":"20-30","f":2,"F":"20-30","h":2,"H":"20-30","j":3,"J":"30-45","l":3,"L":"30-45","n":2,"N":"20-30","p":3,"P":"30-45"}},{"type":"Feature","geometry":{"type":"Polygon","coordinates":[[[126.90703,37.48351],[126.91378,37.48351],[126.91378,37.49027],[126.90703,37.49027],[126.90703,37.48351]]]},"properties":{"row":2,"col":4,"walk_min":4.4,"nearest_station_id":"kr_336","nearest_station_name":"Sindaebang","a":3,"A":"30-45","c":3,"C":"30-45","e":2,"E":"20-30","g":3,"G":"30-45","i":1,"I":"10-20","k":3,"K":"30-45","m":4,"M":"45-60","o":2,"O":"20-30","b":3,"B":"30-45","d":3,"D":"30-45","f":2,"F":"20-30","h":3,"H":"30-45","j":1,"J":"10-20","l":3,"L":"30-45","n":4,"N":"45-60","p":2,"P":"20-30"}},{"type":"Feature","geometry":{"type":"Polygon","coordinates":[[[126.91378,37.49703],[126.92054,37.49703],[126.92054,37.50378],[126.91378,37.50378],[126.91378,37.49703]]]},"properties":{"row":4,"col":5,"walk_min":4.5,"nearest_station_id":"kr_337","nearest_station_name":"보라매","a":3,"A":"30-45","c":4,"C":"45-60","e":3,"E":"30-45","g":4,"G":"45-60","i":3,"I":"30-45","k":3,"K":"30-45","m":4,"M":"45-60","o":4,"O":"45-60","b":3,"B":"30-45","d":4,"D":"45-60","f":3,"F":"30-45","h":4,"H":"45-60","j":3,"J":"30-45","l":3,"L":"30-45","n":4,"N":"45-60","p":4,"P":"45-60"}},{"type":"Feature","geometry":{"type":"Polygon","coordinates":[[[126.90703,37.57811],[126.91378,37.57811],[126.91378,37.58486],[126.90703,37.58486],[126.90703,37.57811]]]},"properties":{"row":16,"col":4,"walk_min":4.9,"nearest_station_id":"kr_339","nearest_station_name":"증산","a":3,"A":"30-45","c":3,"C":"30-45","e":4,"E":"45-60","g":3,"G":"30-45","i":3,"I":"30-45","k":5,"K":"60-90","m":4,"M":"45-60","o":3,"O":"30-45","b":3,"B":"30-45","d":3,"D":"30-45","f":4,"F":"45-60","h":3,"H":"30-45","j":3,"J":"30-45","l":5,"L":"60-90","n":4,"N":"45-60","p":3,"P":"30-45"}},{"type":"Feature","geometry":{"type":"Polygon","coordinates":[[[126.90703,37.58486],[126.91378,37.58486],[126.91378,37.59162],[126.90703,37.59162],[126.90703,37.58486]]]},"properties":{"row":17,"col":4,"walk_min":3.3,"nearest_station_id":"kr_339","nearest_station_name":"증산","a":3,"A":"30-45","c":3,"C":"30-45","e":4,"E":"45-60","g":3,"G":"30-45","i":3,"I":"30-45","k":4,"K":"45-60","m":4,"M":"45-60","o":3,"O":"30-45","b":3,"B":"30-45","d":3,"D":"30-45","f":4,"F":"45-60","h":3,"H":"30-45","j":3,"J":"30-45","l":4,"L":"45-60","n":4,"N":"45-60","p":3,"P":"30-45"}},{"type":"Feature","geometry":{"type":"Polygon","coordinates":[[[126.99486,37.47676],[127.00162,37.47676],[127.00162,37.48351],[126.99486,37.48351],[126.99486,37.47676]]]},"properties":{"row":1,"col":17,"walk_min":2.6,"nearest_station_id":"kr_344","nearest_station_name":"Bangbae","a":2,"A":"20-30","c":2,"C":"20-30","e":1,"E":"10-20","g":3,"G":"30-45","i":0,"I":"<10","k":2,"K":"20-30","m":3,"M":"30-45","o":3,"O":"30-45","b":2,"B":"20-30","d":2,"D":"20-30","f":1,"F":"10-20","h":3,"H":"30-45","j":0,"J":"<10","l":2,"L":"20-30","n":3,"N":"30-45","p":3,"P":"30-45"}},{"type":"Feature","geometry":{"type":"Polygon","coordinates":[[[127.07595,37.49027],[127.0827,37.49027],[127.0827,37.49703],[127.07595,37.49703],[127.07595,37.49027]]]},"properties":{"row":3,"col":29,"walk_min":2.5,"nearest_station_id":"kr_347","nearest_station_name":"Daecheong","a":3,"A":"30-45","c":3,"C":"30-45","e":1,"E":"10-20","g":3,"G":"30-45","i":2,"I":"20-30","k":2,"K":"20-30","m":3,"M":"30-45","o":4,"O":"45-60","b":3,"B":"30-45","d":3,"D":"30-45","f":1,"F":"10-20","h":3,"H":"30-45","j":2,"J":"20-30","l":2,"L":"20-30","n":3,"N":"30-45","p":4,"P":"45-60"}},{"type":"Feature","geometry":{"type":"Polygon","coordinates":[[[126.90703,37.49703],[126.91378,37.49703],[126.91378,37.50378],[126.90703,37.50378],[126.90703,37.49703]]]},"properties":{"row":4,"col":4,"walk_min":3.1,"nearest_station_id":"kr_365","nearest_station_name":"신풍","a":4,"A":"45-60","c":4,"C":"45-60","e":3,"E":"30-45","g":4,"G":"45-60","i":3,"I":"30-45","k":4,"K":"45-60","m":4,"M":"45-60","o":4,"O":"45-60","b":4,"B":"45-60","d":4,"D":"45-60","f":3,"F":"30-45","h":4,"H":"45-60","j":3,"J":"30-45","l":4,"L":"45-60","n":4,"N":"45-60","p":4,"P":"45-60"}},{"type":"Feature","geometry":{"type":"Polygon","coordinates":[[[126.92054,37.55108],[126.9273,37.55108],[126.9273,37.55784],[126.92054,37.55784],[126.92054,37.55108]]]},"properties":{"row":12,"col":6,"walk_min":3.5,"nearest_station_id":"kr_368","nearest_station_name":"Hongik University","a":1,"A":"10-20","c":1,"C":"10-20","e":3,"E":"30-45","g":2,"G":"20-30","i":3,"I":"30-45","k":4,"K":"45-60","m":3,"M":"30-45","o":0,"O":"<10","b":1,"B":"10-20","d":1,"D":"10-20","f":3,"F":"30-45","h":2,"H":"20-30","j":3,"J":"30-45","l":4,"L":"45-60","n":3,"N":"30-45","p":0,"P":"<10"}},{"type":"Feature","geometry":{"type":"Polygon","coordinates":[[[126.94757,37.47676],[126.95432,37.47676],[126.95432,37.48351],[126.94757,37.48351],[126.94757,37.47676]]]},"properties":{"row":1,"col":10,"walk_min":7.9,"nearest_station_id":"kr_370","nearest_station_name":"Seoul Nat'l University (Gwanak-gu Office)","a":3,"A":"30-45","c":3,"C":"30-45","e":2,"E":"20-30","g":4,"G":"45-60","i":1,"I":"10-20","k":3,"K":"30-45","m":4,"M":"45-60","o":3,"O":"30-45","b":3,"B":"30-45","d":3,"D":"30-45","f":2,"F":"20-30","h":4,"H":"45-60","j":1,"J":"10-20","l":3,"L":"30-45","n":4,"N":"45-60","p":3,"P":"30-45"}},{"type":"Feature","geometry":{"type":"Polygon","coordinates":[[[126.94081,37.55108],[126.94757,37.55108],[126.94757,37.55784],[126.94081,37.55784],[126.94081,37.55108]]]},"properties":{"row":12,"col":9,"walk_min":3.6,"nearest_station_id":"kr_373","nearest_station_name":"Ewha Womans University","a":1,"A":"10-20","c":1,"C":"10-20","e":3,"E":"30-45","g":2,"G":"20-30","i":3,"I":"30-45","k":3,"K":"30-45","m":3,"M":"30-45","o":1,"O":"10-20","b":1,"B":"10-20","d":1,"D":"10-20","f":3,"F":"30-45","h":2,"H":"20-30","j":3,"J":"30-45","l":3,"L":"30-45","n":3,"N":"30-45","p":1,"P":"10-20"}},{"type":"Feature","geometry":{"type":"Polygon","coordinates":[[[126.9273,37.48351],[126.93405,37.48351],[126.93405,37.49027],[126.9273,37.49027],[126.9273,37.48351]]]},"properties":{"row":2,"col":7,"walk_min":4.4,"nearest_station_id":"kr_375","nearest_station_name":"Sillim","a":3,"A":"30-45","c":3,"C":"30-45","e":2,"E":"20-30","g":4,"G":"45-60","i":1,"I":"10-20","k":3,"K":"30-45","m":4,"M":"45-60","o":2,"O":"20-30","b":3,"B":"30-45","d":3,"D":"30-45","f":2,"F":"20-30","h":4,"H":"45-60","j":1,"J":"10-20","l":3,"L":"30-45","n":4,"N":"45-60","p":2,"P":"20-30"}},{"type":"Feature","geometry":{"type":"Polygon","coordinates":[[[126.93405,37.55108],[126.94081,37.55108],[126.94081,37.55784],[126.93405,37.55784],[126.93405,37.55108]]]},"properties":{"row":12,"col":8,"walk_min":2.4,"nearest_station_id":"kr_376","nearest_station_name":"Sinchon","a":1,"A":"10-20","c":1,"C":"10-20","e":3,"E":"30-45","g":2,"G":"20-30","i":3,"I":"30-45","k":3,"K":"30-45","m":3,"M":"30-45","o":0,"O":"<10","b":1,"B":"10-20","d":1,"D":"10-20","f":3,"F":"30-45","h":2,"H":"20-30","j":3,"J":"30-45","l":3,"L":"30-45","n":3,"N":"30-45","p":0,"P":"<10"}},{"type":"Feature","geometry":{"type":"Polygon","coordinates":[[[126.94081,37.47676],[126.94757,37.47676],[126.94757,37.48351],[126.94081,37.48351],[126.94081,37.47676]]]},"properties":{"row":1,"col":9,"walk_min":4.2,"nearest_station_id":"kr_377","nearest_station_name":"Bongcheon","a":3,"A":"30-45","c":3,"C":"30-45","e":2,"E":"20-30","g":4,"G":"45-60","i":1,"I":"10-20","k":3,"K":"30-45","m":4,"M":"45-60","o":3,"O":"30-45","b":3,"B":"30-45","d":3,"D":"30-45","f":2,"F":"20-30","h":4,"H":"45-60","j":1,"J":"10-20","l":3,"L":"30-45","n":4,"N":"45-60","p":3,"P":"30-45"}},{"type":"Feature","geometry":{"type":"Polygon","coordinates":[[[126.92054,37.51054],[126.9273,37.51054],[126.9273,37.5173],[126.92054,37.5173],[126.92054,37.51054]]]},"properties":{"row":6,"col":6,"walk_min":7.8,"nearest_station_id":"kr_380","nearest_station_name":"Daebang","a":2,"A":"20-30","c":2,"C":"20-30","e":2,"E":"20-30","g":3,"G":"30-45","i":2,"I":"20-30","k":3,"K":"30-45","m":4,"M":"45-60","o":2,"O":"20-30","b":2,"B":"20-30","d":2,"D":"20-30","f":2,"F":"20-30","h":3,"H":"30-45","j":2,"J":"20-30","l":3,"L":"30-45","n":4,"N":"45-60","p":2,"P":"20-30"}},{"type":"Feature","geometry":{"type":"Polygon","coordinates":[[[126.89351,37.53757],[126.90027,37.53757],[126.90027,37.54432],[126.89351,37.54432],[126.89351,37.53757]]]},"properties":{"row":10,"col":2,"walk_min":6.3,"nearest_station_id":"kr_387","nearest_station_name":"Seonyudo","a":2,"A":"20-30","c":2,"C":"20-30","e":3,"E":"30-45","g":3,"G":"30-45","i":3,"I":"30-45","k":4,"K":"45-60","m":4,"M":"45-60","o":1,"O":"10-20","b":2,"B":"20-30","d":2,"D":"20-30","f":3,"F":"30-45","h":3,"H":"30-45","j":3,"J":"30-45","l":4,"L":"45-60","n":4,"N":"45-60","p":1,"P":"10-20"}},{"type":"Feature","geometry":{"type":"Polygon","coordinates":[[[126.96108,37.52405],[126.96784,37.52405],[126.96784,37.53081],[126.96108,37.53081],[126.96108,37.52405]]]},"properties":{"row":8,"col":12,"walk_min":4.8,"nearest_station_id":"kr_397","nearest_station_name":"Yongsan","a":1,"A":"10-20","c":1,"C":"10-20","e":2,"E":"20-30","g":2,"G":"20-30","i":2,"I":"20-30","k":3,"K":"30-45","m":3,"M":"30-45","o":2,"O":"20-30","b":1,"B":"10-20","d":1,"D":"10-20","f":2,"F":"20-30","h":2,"H":"20-30","j":2,"J":"20-30","l":3,"L":"30-45","n":3,"N":"30-45","p":2,"P":"20-30"}},{"type":"Feature","geometry":{"type":"Polygon","coordinates":[[[126.96784,37.53757],[126.97459,37.53757],[126.97459,37.54432],[126.96784,37.54432],[126.96784,37.53757]]]},"properties":{"row":10,"col":13,"walk_min":5.1,"nearest_station_id":"kr_398","nearest_station_name":"Namyeong","a":0,"A":"<10","c":1,"C":"10-20","e":2,"E":"20-30","g":2,"G":"20-30","i":2,"I":"20-30","k":3,"K":"30-45","m":3,"M":"30-45","o":2,"O":"20-30","b":0,"B":"<10","d":1,"D":"10-20","f":2,"F":"20-30","h":2,"H":"20-30","j":2,"J":"20-30","l":3,"L":"30-45","n":3,"N":"30-45","p":2,"P":"20-30"}},{"type":"Feature","geometry":{"type":"Polygon","coordinates":[[[126.94757,37.51054],[126.95432,37.51054],[126.95432,37.5173],[126.94757,37.5173],[126.94757,37.51054]]]},"properties":{"row":6,"col":10,"walk_min":6.2,"nearest_station_id":"kr_399","nearest_station_name":"Nodeul","a":2,"A":"20-30","c":2,"C":"20-30","e":2,"E":"20-30","g":3,"G":"30-45","i":1,"I":"10-20","k":3,"K":"30-45","m":3,"M":"30-45","o":2,"O":"20-30","b":2,"B":"20-30","d":2,"D":"20-30","f":2,"F":"20-30","h":3,"H":"30-45","j":1,"J":"10-20","l":3,"L":"30-45","n":3,"N":"30-45","p":2,"P":"20-30"}},{"type":"Feature","geometry":{"type":"Polygon","coordinates":[[[126.98135,37.49703],[126.98811,37.49703],[126.98811,37.50378],[126.98135,37.50378],[126.98135,37.49703]]]},"properties":{"row":4,"col":15,"walk_min":16.7,"nearest_station_id":"kr_400","nearest_station_name":"Gubanpo","a":3,"A":"30-45","c":3,"C":"30-45","e":2,"E":"20-30","g":3,"G":"30-45","i":2,"I":"20-30","k":3,"K":"30-45","m":4,"M":"45-60","o":3,"O":"30-45","b":3,"B":"30-45","d":3,"D":"30-45","f":2,"F":"20-30","h":3,"H":"30-45","j":2,"J":"20-30","l":3,"L":"30-45","n":4,"N":"45-60","p":3,"P":"30-45"}},{"type":"Feature","geometry":{"type":"Polygon","coordinates":[[[126.99486,37.49703],[127.00162,37.49703],[127.00162,37.50378],[126.99486,37.50378],[126.99486,37.49703]]]},"properties":{"row":4,"col":17,"walk_min":5.9,"nearest_station_id":"kr_403","nearest_station_name":"Sinbanpo","a":2,"A":"20-30","c":2,"C":"20-30","e":1,"E":"10-20","g":3,"G":"30-45","i":1,"I":"10-20","k":2,"K":"20-30","m":3,"M":"30-45","o":3,"O":"30-45","b":2,"B":"20-30","d":2,"D":"20-30","f":1,"F":"10-20","h":3,"H":"30-45","j":1,"J":"10-20","l":2,"L":"20-30","n":3,"N":"30-45","p":3,"P":"30-45"}},{"type":"Feature","geometry":{"type":"Polygon","coordinates":[[[126.96108,37.50378],[126.96784,37.50378],[126.96784,37.51054],[126.96108,37.51054],[126.96108,37.50378]]]},"properties":{"row":5,"col":12,"walk_min":3.8,"nearest_station_id":"kr_404","nearest_station_name":"Heukseok","a":1,"A":"10-20","c":2,"C":"20-30","e":1,"E":"10-20","g":3,"G":"30-45","i":1,"I":"10-20","k":3,"K":"30-45","m":3,"M":"30-45","o":2,"O":"20-30","b":1,"B":"10-20","d":2,"D":"20-30","f":1,"F":"10-20","h":3,"H":"30-45","j":1,"J":"10-20","l":3,"L":"30-45","n":3,"N":"30-45","p":2,"P":"20-30"}},{"type":"Feature","geometry":{"type":"Polygon","coordinates":[[[126.88,37.53757],[126.88676,37.53757],[126.88676,37.54432],[126.88,37.54432],[126.88,37.53757]]]},"properties":{"row":10,"col":0,"walk_min":8.8,"nearest_station_id":"kr_417","nearest_station_name":"Sinmokdong","a":3,"A":"30-45","c":3,"C":"30-45","e":3,"E":"30-45","g":3,"G":"30-45","i":3,"I":"30-45","k":4,"K":"45-60","m":4,"M":"45-60","o":1,"O":"10-20","b":3,"B":"30-45","d":3,"D":"30-45","f":3,"F":"30-45","h":3,"H":"30-45","j":3,"J":"30-45","l":4,"L":"45-60","n":4,"N":"45-60","p":1,"P":"10-20"}},{"type":"Feature","geometry":{"type":"Polygon","coordinates":[[[126.91378,37.52405],[126.92054,37.52405],[126.92054,37.53081],[126.91378,37.53081],[126.91378,37.52405]]]},"properties":{"row":8,"col":5,"walk_min":6.2,"nearest_station_id":"kr_431","nearest_station_name":"National Assembly","a":2,"A":"20-30","c":2,"C":"20-30","e":2,"E":"20-30","g":3,"G":"30-45","i":2,"I":"20-30","k":3,"K":"30-45","m":4,"M":"45-60","o":1,"O":"10-20","b":2,"B":"20-30","d":2,"D":"20-30","f":2,"F":"20-30","h":3,"H":"30-45","j":2,"J":"20-30","l":3,"L":"30-45","n":4,"N":"45-60","p":1,"P":"10-20"}},{"type":"Feature","geometry":{"type":"Polygon","coordinates":[[[126.9273,37.5173],[126.93405,37.5173],[126.93405,37.52405],[126.9273,37.52405],[126.9273,37.5173]]]},"properties":{"row":7,"col":7,"walk_min":5.5,"nearest_station_id":"kr_432","nearest_station_name":"Saetgang","a":1,"A":"10-20","c":2,"C":"20-30","e":2,"E":"20-30","g":3,"G":"30-45","i":2,"I":"20-30","k":3,"K":"30-45","m":3,"M":"30-45","o":1,"O":"10-20","b":1,"B":"10-20","d":2,"D":"20-30","f":2,"F":"20-30","h":3,"H":"30-45","j":2,"J":"20-30","l":3,"L":"30-45","n":3,"N":"30-45","p":1,"P":"10-20"}},{"type":"Feature","geometry":{"type":"Polygon","coordinates":[[[127.01514,37.50378],[127.02189,37.50378],[127.02189,37.51054],[127.01514,37.51054],[127.01514,37.50378]]]},"properties":{"row":5,"col":20,"walk_min":4.4,"nearest_station_id":"kr_084","nearest_station_name":"Nonhyeon","a":2,"A":"20-30","c":2,"C":"20-30","e":0,"E":"<10","g":2,"G":"20-30","i":1,"I":"10-20","k":2,"K":"20-30","m":3,"M":"30-45","o":3,"O":"30-45","b":2,"B":"20-30","d":2,"D":"20-30","f":0,"F":"<10","h":2,"H":"20-30","j":1,"J":"10-20","l":2,"L":"20-30","n":3,"N":"30-45","p":3,"P":"30-45"}},{"type":"Feature","geometry":{"type":"Polygon","coordinates":[[[127.02865,37.50378],[127.03541,37.50378],[127.03541,37.51054],[127.02865,37.51054],[127.02865,37.50378]]]},"properties":{"row":5,"col":22,"walk_min":3.1,"nearest_station_id":"kr_434","nearest_station_name":"Eonju","a":2,"A":"20-30","c":2,"C":"20-30","e":0,"E":"<10","g":2,"G":"20-30","i":1,"I":"10-20","k":1,"K":"10-20","m":2,"M":"20-30","o":3,"O":"30-45","b":2,"B":"20-30","d":2,"D":"20-30","f":0,"F":"<10","h":2,"H":"20-30","j":1,"J":"10-20","l":1,"L":"10-20","n":2,"N":"20-30","p":3,"P":"30-45"}},{"type":"Feature","geometry":{"type":"Polygon","coordinates":[[[127.04892,37.51054],[127.05568,37.51054],[127.05568,37.5173],[127.04892,37.5173],[127.04892,37.51054]]]},"properties":{"row":6,"col":25,"walk_min":3.5,"nearest_station_id":"kr_435","nearest_station_name":"Samseong Jungang","a":3,"A":"30-45","c":3,"C":"30-45","e":1,"E":"10-20","g":2,"G":"20-30","i":2,"I":"20-30","k":1,"K":"10-20","m":2,"M":"20-30","o":3,"O":"30-45","b":3,"B":"30-45","d":3,"D":"30-45","f":1,"F":"10-20","h":2,"H":"20-30","j":2,"J":"20-30","l":1,"L":"10-20","n":2,"N":"20-30","p":3,"P":"30-45"}},{"type":"Feature","geometry":{"type":"Polygon","coordinates":[[[126.93405,37.52405],[126.94081,37.52405],[126.94081,37.53081],[126.93405,37.53081],[126.93405,37.52405]]]},"properties":{"row":8,"col":8,"walk_min":6.9,"nearest_station_id":"kr_180","nearest_station_name":"여의나루","a":2,"A":"20-30","c":2,"C":"20-30","e":2,"E":"20-30","g":3,"G":"30-45","i":2,"I":"20-30","k":3,"K":"30-45","m":3,"M":"30-45","o":2,"O":"20-30","b":2,"B":"20-30","d":2,"D":"20-30","f":2,"F":"20-30","h":3,"H":"30-45","j":2,"J":"20-30","l":3,"L":"30-45","n":3,"N":"30-45","p":2,"P":"20-30"}},{"type":"Feature","geometry":{"type":"Polygon","coordinates":[[[126.94081,37.49703],[126.94757,37.49703],[126.94757,37.50378],[126.94081,37.50378],[126.94081,37.49703]]]},"properties":{"row":4,"col":9,"walk_min":5.4,"nearest_station_id":"kr_244","nearest_station_name":"상도","a":3,"A":"30-45","c":3,"C":"30-45","e":2,"E":"20-30","g":3,"G":"30-45","i":3,"I":"30-45","k":3,"K":"30-45","m":4,"M":"45-60","o":4,"O":"45-60","b":3,"B":"30-45","d":3,"D":"30-45","f":2,"F":"20-30","h":3,"H":"30-45","j":3,"J":"30-45","l":3,"L":"30-45","n":4,"N":"45-60","p":4,"P":"45-60"}},{"type":"Feature","geometry":{"type":"Polygon","coordinates":[[[126.90027,37.51054],[126.90703,37.51054],[126.90703,37.5173],[126.90027,37.5173],[126.90027,37.51054]]]},"properties":{"row":6,"col":3,"walk_min":6.8,"nearest_station_id":"kr_001","nearest_station_name":"Yeongdeungpo","a":2,"A":"20-30","c":2,"C":"20-30","e":2,"E":"20-30","g":3,"G":"30-45","i":2,"I":"20-30","k":3,"K":"30-45","m":3,"M":"30-45","o":2,"O":"20-30","b":2,"B":"20-30","d":2,"D":"20-30","f":2,"F":"20-30","h":3,"H":"30-45","j":2,"J":"20-30","l":3,"L":"30-45","n":3,"N":"30-45","p":2,"P":"20-30"}},{"type":"Feature","geometry":{"type":"Polygon","coordinates":[[[127.00838,37.48351],[127.01514,37.48351],[127.01514,37.49027],[127.00838,37.49027],[127.00838,37.48351]]]},"properties":{"row":2,"col":19,"walk_min":4.7,"nearest_station_id":"kr_152","nearest_station_name":"Nambu Bus Terminal (Seoul Arts Center)","a":2,"A":"20-30","c":3,"C":"30-45","e":0,"E":"<10","g":3,"G":"30-45","i":1,"I":"10-20","k":2,"K":"20-30","m":3,"M":"30-45","o":3,"O":"30-45","b":2,"B":"20-30","d":3,"D":"30-45","f":0,"F":"<10","h":3,"H":"30-45","j":1,"J":"10-20","l":2,"L":"20-30","n":3,"N":"30-45","p":3,"P":"30-45"}},{"type":"Feature","geometry":{"type":"Polygon","coordinates":[[[126.89351,37.51054],[126.90027,37.51054],[126.90027,37.5173],[126.89351,37.5173],[126.89351,37.51054]]]},"properties":{"row":6,"col":2,"walk_min":6.2,"nearest_station_id":"kr_282","nearest_station_name":"Mullae","a":2,"A":"20-30","c":2,"C":"20-30","e":3,"E":"30-45","g":3,"G":"30-45","i":3,"I":"30-45","k":4,"K":"45-60","m":4,"M":"45-60","o":1,"O":"10-20","b":2,"B":"20-30","d":2,"D":"20-30","f":3,"F":"30-45","h":3,"H":"30-45","j":3,"J":"30-45","l":4,"L":"45-60","n":4,"N":"45-60","p":1,"P":"10-20"}},{"type":"Feature","geometry":{"type":"Polygon","coordinates":[[[127.06243,37.51054],[127.06919,37.51054],[127.06919,37.5173],[127.06243,37.5173],[127.06243,37.51054]]]},"properties":{"row":6,"col":27,"walk_min":4.8,"nearest_station_id":"kr_017","nearest_station_name":"Bongeunsa","a":3,"A":"30-45","c":3,"C":"30-45","e":1,"E":"10-20","g":3,"G":"30-45","i":2,"I":"20-30","k":1,"K":"10-20","m":2,"M":"20-30","o":3,"O":"30-45","b":3,"B":"30-45","d":3,"D":"30-45","f":1,"F":"10-20","h":3,"H":"30-45","j":2,"J":"20-30","l":1,"L":"10-20","n":2,"N":"20-30","p":3,"P":"30-45"}},{"type":"Feature","geometry":{"type":"Polygon","coordinates":[[[127.04216,37.51054],[127.04892,37.51054],[127.04892,37.5173],[127.04216,37.5173],[127.04216,37.51054]]]},"properties":{"row":6,"col":24,"walk_min":4.0,"nearest_station_id":"kr_016","nearest_station_name":"Seonjeongneung","a":3,"A":"30-45","c":3,"C":"30-45","e":1,"E":"10-20","g":2,"G":"20-30","i":2,"I":"20-30","k":2,"K":"20-30","m":3,"M":"30-45","o":3,"O":"30-45","b":3,"B":"30-45","d":3,"D":"30-45","f":1,"F":"10-20","h":2,"H":"20-30","j":2,"J":"20-30","l":2,"L":"20-30","n":3,"N":"30-45","p":3,"P":"30-45"}},{"type":"Feature","geometry":{"type":"Polygon","coordinates":[[[126.99486,37.53081],[127.00162,37.53081],[127.00162,37.53757],[126.99486,37.53757],[126.99486,37.53081]]]},"properties":{"row":9,"col":17,"walk_min":4.4,"nearest_station_id":"kr_320","nearest_station_name":"이태원","a":1,"A":"10-20","c":1,"C":"10-20","e":2,"E":"20-30","g":1,"G":"10-20","i":2,"I":"20-30","k":3,"K":"30-45","m":2,"M":"20-30","o":2,"O":"20-30","b":1,"B":"10-20","d":1,"D":"10-20","f":2,"F":"20-30","h":1,"H":"10-20","j":2,"J":"20-30","l":3,"L":"30-45","n":2,"N":"20-30","p":2,"P":"20-30"}},{"type":"Feature","geometry":{"type":"Polygon","coordinates":[[[127.04892,37.54432],[127.05568,37.54432],[127.05568,37.55108],[127.04892,37.55108],[127.04892,37.54432]]]},"properties":{"row":11,"col":25,"walk_min":5.6,"nearest_station_id":"kr_285","nearest_station_name":"Ttukseom","a":2,"A":"20-30","c":2,"C":"20-30","e":3,"E":"30-45","g":1,"G":"10-20","i":3,"I":"30-45","k":2,"K":"20-30","m":0,"M":"<10","o":3,"O":"30-45","b":2,"B":"20-30","d":2,"D":"20-30","f":3,"F":"30-45","h":1,"H":"10-20","j":3,"J":"30-45","l":2,"L":"20-30","n":0,"N":"<10","p":3,"P":"30-45"}},{"type":"Feature","geometry":{"type":"Polygon","coordinates":[[[127.05568,37.53757],[127.06243,37.53757],[127.06243,37.54432],[127.05568,37.54432],[127.05568,37.53757]]]},"properties":{"row":10,"col":26,"walk_min":6.1,"nearest_station_id":"kr_186","nearest_station_name":"Seongsu","a":2,"A":"20-30","c":2,"C":"20-30","e":3,"E":"30-45","g":1,"G":"10-20","i":4,"I":"45-60","k":1,"K":"10-20","m":0,"M":"<10","o":3,"O":"30-45","b":2,"B":"20-30","d":2,"D":"20-30","f":3,"F":"30-45","h":1,"H":"10-20","j":4,"J":"45-60","l":1,"L":"10-20","n":0,"N":"<10","p":3,"P":"30-45"}},{"type":"Feature","geometry":{"type":"Polygon","coordinates":[[[126.89351,37.53081],[126.90027,37.53081],[126.90027,37.53757],[126.89351,37.53757],[126.89351,37.53081]]]},"properties":{"row":9,"col":2,"walk_min":5.1,"nearest_station_id":"kr_387","nearest_station_name":"Seonyudo","a":2,"A":"20-30","c":2,"C":"20-30","e":3,"E":"30-45","g":3,"G":"30-45","i":2,"I":"20-30","k":4,"K":"45-60","m":4,"M":"45-60","o":1,"O":"10-20","b":2,"B":"20-30","d":2,"D":"20-30","f":3,"F":"30-45","h":3,"H":"30-45","j":2,"J":"20-30","l":4,"L":"45-60","n":4,"N":"45-60","p":1,"P":"10-20"}},{"type":"Feature","geometry":{"type":"Polygon","coordinates":[[[126.88,37.54432],[126.88676,37.54432],[126.88676,37.55108],[126.88,37.55108],[126.88,37.54432]]]},"properties":{"row":11,"col":0,"walk_min":19.7,"nearest_station_id":"kr_417","nearest_station_name":"Sinmokdong","a":3,"A":"30-45","c":3,"C":"30-45","e":4,"E":"45-60","g":4,"G":"45-60","i":4,"I":"45-60","k":5,"K":"60-90","m":5,"M":"60-90","o":3,"O":"30-45","b":3,"B":"30-45","d":3,"D":"30-45","f":4,"F":"45-60","h":4,"H":"45-60","j":4,"J":"45-60","l":5,"L":"60-90","n":5,"N":"60-90","p":3,"P":"30-45"}},{"type":"Feature","geometry":{"type":"Polygon","coordinates":[[[126.90703,37.59162],[126.91378,37.59162],[126.91378,37.59838],[126.90703,37.59838],[126.90703,37.59162]]]},"properties":{"row":18,"col":4,"walk_min":4.9,"nearest_station_id":"kr_340","nearest_station_name":"Saejeol","a":3,"A":"30-45","c":3,"C":"30-45","e":4,"E":"45-60","g":3,"G":"30-45","i":4,"I":"45-60","k":4,"K":"45-60","m":4,"M":"45-60","o":3,"O":"30-45","b":3,"B":"30-45","d":3,"D":"30-45","f":4,"F":"45-60","h":3,"H":"30-45","j":4,"J":"45-60","l":4,"L":"45-60","n":4,"N":"45-60","p":3,"P":"30-45"}},{"type":"Feature","geometry":{"type":"Polygon","coordinates":[[[127.03541,37.56459],[127.04216,37.56459],[127.04216,37.57135],[127.03541,37.57135],[127.03541,37.56459]]]},"properties":{"row":14,"col":23,"walk_min":6.4,"nearest_station_id":"kr_094","nearest_station_name":"마장","a":2,"A":"20-30","c":2,"C":"20-30","e":3,"E":"30-45","g":1,"G":"10-20","i":3,"I":"30-45","k":2,"K":"20-30","m":1,"M":"10-20","o":3,"O":"30-45","b":2,"B":"20-30","d":2,"D":"20-30","f":3,"F":"30-45","h":1,"H":"10-20","j":3,"J":"30-45","l":2,"L":"20-30","n":1,"N":"10-20","p":3,"P":"30-45"}},{"type":"Feature","geometry":{"type":"Polygon","coordinates":[[[126.91378,37.5173],[126.92054,37.5173],[126.92054,37.52405],[126.91378,37.52405],[126.91378,37.5173]]]},"properties":{"row":7,"col":5,"walk_min":5.6,"nearest_station_id":"kr_095","nearest_station_name":"Singil","a":2,"A":"20-30","c":2,"C":"20-30","e":2,"E":"20-30","g":3,"G":"30-45","i":2,"I":"20-30","k":3,"K":"30-45","m":4,"M":"45-60","o":1,"O":"10-20","b":2,"B":"20-30","d":2,"D":"20-30","f":2,"F":"20-30","h":3,"H":"30-45","j":2,"J":"20-30","l":3,"L":"30-45","n":4,"N":"45-60","p":1,"P":"10-20"}},{"type":"Feature","geometry":{"type":"Polygon","coordinates":[[[127.07595,37.51054],[127.0827,37.51054],[127.0827,37.5173],[127.07595,37.5173],[127.07595,37.51054]]]},"properties":{"row":6,"col":29,"walk_min":7.8,"nearest_station_id":"kr_012","nearest_station_name":"Sports Complex","a":3,"A":"30-45","c":3,"C":"30-45","e":1,"E":"10-20","g":3,"G":"30-45","i":2,"I":"20-30","k":1,"K":"10-20","m":2,"M":"20-30","o":4,"O":"45-60","b":3,"B":"30-45","d":3,"D":"30-45","f":1,"F":"10-20","h":3,"H":"30-45","j":2,"J":"20-30","l":1,"L":"10-20","n":2,"N":"20-30","p":4,"P":"45-60"}},{"type":"Feature","geometry":{"type":"Polygon","coordinates":[[[126.9273,37.51054],[126.93405,37.51054],[126.93405,37.5173],[126.9273,37.5173],[126.9273,37.51054]]]},"properties":{"row":6,"col":7,"walk_min":12.2,"nearest_station_id":"kr_381","nearest_station_name":"대방","a":2,"A":"20-30","c":2,"C":"20-30","e":3,"E":"30-45","g":3,"G":"30-45","i":2,"I":"20-30","k":4,"K":"45-60","m":4,"M":"45-60","o":2,"O":"20-30","b":2,"B":"20-30","d":2,"D":"20-30","f":3,"F":"30-45","h":3,"H":"30-45","j":2,"J":"20-30","l":4,"L":"45-60","n":4,"N":"45-60","p":2,"P":"20-30"}},{"type":"Feature","geometry":{"type":"Polygon","coordinates":[[[127.02865,37.52405],[127.03541,37.52405],[127.03541,37.53081],[127.02865,37.53081],[127.02865,37.52405]]]},"properties":{"row":8,"col":22,"walk_min":4.2,"nearest_station_id":"kr_138","nearest_station_name":"압구정","a":2,"A":"20-30","c":2,"C":"20-30","e":1,"E":"10-20","g":2,"G":"20-30","i":2,"I":"20-30","k":2,"K":"20-30","m":2,"M":"20-30","o":3,"O":"30-45","b":2,"B":"20-30","d":2,"D":"20-30","f":1,"F":"10-20","h":2,"H":"20-30","j":2,"J":"20-30","l":2,"L":"20-30","n":2,"N":"20-30","p":3,"P":"30-45"}},{"type":"Feature","geometry":{"type":"Polygon","coordinates":[[[127.06243,37.53757],[127.06919,37.53757],[127.06919,37.54432],[127.06243,37.54432],[127.06243,37.53757]]]},"properties":{"row":10,"col":27,"walk_min":4.4,"nearest_station_id":"kr_209","nearest_station_name":"Konkuk University","a":2,"A":"20-30","c":2,"C":"20-30","e":3,"E":"30-45","g":1,"G":"10-20","i":3,"I":"30-45","k":1,"K":"10-20","m":0,"M":"<10","o":3,"O":"30-45","b":2,"B":"20-30","d":2,"D":"20-30","f":3,"F":"30-45","h":1,"H":"10-20","j":3,"J":"30-45","l":1,"L":"10-20","n":0,"N":"<10","p":3,"P":"30-45"}},{"type":"Feature","geometry":{"type":"Polygon","coordinates":[[[126.99486,37.50378],[127.00162,37.50378],[127.00162,37.51054],[126.99486,37.51054],[126.99486,37.50378]]]},"properties":{"row":5,"col":17,"walk_min":6.6,"nearest_station_id":"kr_403","nearest_station_name":"Sinbanpo","a":2,"A":"20-30","c":2,"C":"20-30","e":1,"E":"10-20","g":3,"G":"30-45","i":1,"I":"10-20","k":2,"K":"20-30","m":3,"M":"30-45","o":3,"O":"30-45","b":2,"B":"20-30","d":2,"D":"20-30","f":1,"F":"10-20","h":3,"H":"30-45","j":1,"J":"10-20","l":2,"L":"20-30","n":3,"N":"30-45","p":3,"P":"30-45"}},{"type":"Feature","geometry":{"type":"Polygon","coordinates":[[[126.99486,37.53757],[127.00162,37.53757],[127.00162,37.54432],[126.99486,37.54432],[126.99486,37.53757]]]},"properties":{"row":10,"col":17,"walk_min":6.0,"nearest_station_id":"kr_334","nearest_station_name":"한강진","a":1,"A":"10-20","c":1,"C":"10-20","e":2,"E":"20-30","g":1,"G":"10-20","i":2,"I":"20-30","k":3,"K":"30-45","m":2,"M":"20-30","o":3,"O":"30-45","b":1,"B":"10-20","d":1,"D":"10-20","f":2,"F":"20-30","h":1,"H":"10-20","j":2,"J":"20-30","l":3,"L":"30-45","n":2,"N":"20-30","p":3,"P":"30-45"}},{"type":"Feature","geometry":{"type":"Polygon","coordinates":[[[126.99486,37.55784],[127.00162,37.55784],[127.00162,37.56459],[126.99486,37.56459],[126.99486,37.55784]]]},"properties":{"row":13,"col":17,"walk_min":6.3,"nearest_station_id":"kr_030","nearest_station_name":"Chungmuro","a":1,"A":"10-20","c":1,"C":"10-20","e":2,"E":"20-30","g":1,"G":"10-20","i":3,"I":"30-45","k":3,"K":"30-45","m":2,"M":"20-30","o":2,"O":"20-30","b":1,"B":"10-20","d":1,"D":"10-20","f":2,"F":"20-30","h":1,"H":"10-20","j":3,"J":"30-45","l":3,"L":"30-45","n":2,"N":"20-30","p":2,"P":"20-30"}},{"type":"Feature","geometry":{"type":"Polygon","coordinates":[[[126.97459,37.56459],[126.98135,37.56459],[126.98135,37.57135],[126.97459,37.57135],[126.97459,37.56459]]]},"properties":{"row":14,"col":14,"walk_min":3.1,"nearest_station_id":"kr_246","nearest_station_name":"Gwanghwamun","a":0,"A":"<10","c":0,"C":"<10","e":2,"E":"20-30","g":1,"G":"10-20","i":2,"I":"20-30","k":3,"K":"30-45","m":2,"M":"20-30","o":1,"O":"10-20","b":0,"B":"<10","d":0,"D":"<10","f":2,"F":"20-30","h":1,"H":"10-20","j":2,"J":"20-30","l":3,"L":"30-45","n":2,"N":"20-30","p":1,"P":"10-20"}},{"type":"Feature","geometry":{"type":"Polygon","coordinates":[[[126.95432,37.49027],[126.96108,37.49027],[126.96108,37.49703],[126.95432,37.49703],[126.95432,37.49027]]]},"properties":{"row":3,"col":11,"walk_min":4.8,"nearest_station_id":"kr_213","nearest_station_name":"숭실대입구","a":3,"A":"30-45","c":3,"C":"30-45","e":2,"E":"20-30","g":3,"G":"30-45","i":2,"I":"20-30","k":3,"K":"30-45","m":4,"M":"45-60","o":3,"O":"30-45","b":3,"B":"30-45","d":3,"D":"30-45","f":2,"F":"20-30","h":3,"H":"30-45","j":2,"J":"20-30","l":3,"L":"30-45","n":4,"N":"45-60","p":3,"P":"30-45"}},{"type":"Feature","geometry":{"type":"Polygon","coordinates":[[[127.03541,37.5173],[127.04216,37.5173],[127.04216,37.52405],[127.03541,37.52405],[127.03541,37.5173]]]},"properties":{"row":7,"col":23,"walk_min":5.6,"nearest_station_id":"kr_155","nearest_station_name":"Gangnam-gu Office","a":3,"A":"30-45","c":3,"C":"30-45","e":1,"E":"10-20","g":2,"G":"20-30","i":2,"I":"20-30","k":3,"K":"30-45","m":3,"M":"30-45","o":3,"O":"30-45","b":3,"B":"30-45","d":3,"D":"30-45","f":1,"F":"10-20","h":2,"H":"20-30","j":2,"J":"20-30","l":3,"L":"30-45","n":3,"N":"30-45","p":3,"P":"30-45"}},{"type":"Feature","geometry":{"type":"Polygon","coordinates":[[[126.88676,37.52405],[126.89351,37.52405],[126.89351,37.53081],[126.88676,37.53081],[126.88676,37.52405]]]},"properties":{"row":8,"col":1,"walk_min":6.9,"nearest_station_id":"kr_314","nearest_station_name":"Yangpyeong","a":2,"A":"20-30","c":3,"C":"30-45","e":3,"E":"30-45","g":3,"G":"30-45","i":3,"I":"30-45","k":4,"K":"45-60","m":4,"M":"45-60","o":2,"O":"20-30","b":2,"B":"20-30","d":3,"D":"30-45","f":3,"F":"30-45","h":3,"H":"30-45","j":3,"J":"30-45","l":4,"L":"45-60","n":4,"N":"45-60","p":2,"P":"20-30"}},{"type":"Feature","geometry":{"type":"Polygon","coordinates":[[[126.99486,37.57811],[127.00162,37.57811],[127.00162,37.58486],[126.99486,37.58486],[126.99486,37.57811]]]},"properties":{"row":16,"col":17,"walk_min":6.9,"nearest_station_id":"kr_057","nearest_station_name":"Hyehwa","a":1,"A":"10-20","c":1,"C":"10-20","e":3,"E":"30-45","g":1,"G":"10-20","i":3,"I":"30-45","k":3,"K":"30-45","m":2,"M":"20-30","o":2,"O":"20-30","b":1,"B":"10-20","d":1,"D":"10-20","f":3,"F":"30-45","h":1,"H":"10-20","j":3,"J":"30-45","l":3,"L":"30-45","n":2,"N":"20-30","p":2,"P":"20-30"}},{"type":"Feature","geometry":{"type":"Polygon","coordinates":[[[126.91378,37.59162],[126.92054,37.59162],[126.92054,37.59838],[126.91378,37.59838],[126.91378,37.59162]]]},"properties":{"row":18,"col":5,"walk_min":4.3,"nearest_station_id":"kr_318","nearest_station_name":"응암","a":3,"A":"30-45","c":3,"C":"30-45","e":4,"E":"45-60","g":3,"G":"30-45","i":4,"I":"45-60","k":4,"K":"45-60","m":4,"M":"45-60","o":3,"O":"30-45","b":3,"B":"30-45","d":3,"D":"30-45","f":4,"F":"45-60","h":3,"H":"30-45","j":4,"J":"45-60","l":4,"L":"45-60","n":4,"N":"45-60","p":3,"P":"30-45"}},{"type":"Feature","geometry":{"type":"Polygon","coordinates":[[[126.88676,37.48351],[126.89351,37.48351],[126.89351,37.49027],[126.88676,37.49027],[126.88676,37.48351]]]},"properties":{"row":2,"col":1,"walk_min":4.4,"nearest_station_id":"kr_328","nearest_station_name":"남구로","a":4,"A":"45-60","c":4,"C":"45-60","e":3,"E":"30-45","g":4,"G":"45-60","i":4,"I":"45-60","k":4,"K":"45-60","m":5,"M":"60-90","o":4,"O":"45-60","b":4,"B":"45-60","d":4,"D":"45-60","f":3,"F":"30-45","h":4,"H":"45-60","j":4,"J":"45-60","l":4,"L":"45-60","n":5,"N":"60-90","p":4,"P":"45-60"}},{"type":"Feature","geometry":{"type":"Polygon","coordinates":[[[127.07595,37.55784],[127.0827,37.55784],[127.0827,37.56459],[127.07595,37.56459],[127.07595,37.55784]]]},"properties":{"row":13,"col":29,"walk_min":6.0,"nearest_station_id":"kr_046","nearest_station_name":"군자","a":3,"A":"30-45","c":2,"C":"20-30","e":3,"E":"30-45","g":1,"G":"10-20","i":3,"I":"30-45","k":3,"K":"30-45","m":2,"M":"20-30","o":3,"O":"30-45","b":3,"B":"30-45","d":2,"D":"20-30","f":3,"F":"30-45","h":1,"H":"10-20","j":3,"J":"30-45","l":3,"L":"30-45","n":2,"N":"20-30","p":3,"P":"30-45"}},{"type":"Feature","geometry":{"type":"Polygon","coordinates":[[[126.97459,37.47676],[126.98135,37.47676],[126.98135,37.48351],[126.97459,37.48351],[126.97459,37.47676]]]},"properties":{"row":1,"col":14,"walk_min":5.4,"nearest_station_id":"kr_133","nearest_station_name":"Sadang","a":2,"A":"20-30","c":3,"C":"30-45","e":1,"E":"10-20","g":3,"G":"30-45","i":1,"I":"10-20","k":3,"K":"30-45","m":3,"M":"30-45","o":3,"O":"30-45","b":2,"B":"20-30","d":3,"D":"30-45","f":1,"F":"10-20","h":3,"H":"30-45","j":1,"J":"10-20","l":3,"L":"30-45","n":3,"N":"30-45","p":3,"P":"30-45"}},{"type":"Feature","geometry":{"type":"Polygon","coordinates":[[[126.96108,37.47],[126.96784,37.47],[126.96784,37.47676],[126.96108,37.47676],[126.96108,37.47]]]},"properties":{"row":0,"col":12,"walk_min":5.6,"nearest_station_id":"kr_319","nearest_station_name":"Nakseongdae","a":2,"A":"20-30","c":3,"C":"30-45","e":1,"E":"10-20","g":3,"G":"30-45","i":0,"I":"<10","k":3,"K":"30-45","m":4,"M":"45-60","o":3,"O":"30-45","b":2,"B":"20-30","d":3,"D":"30-45","f":1,"F":"10-20","h":3,"H":"30-45","j":0,"J":"<10","l":3,"L":"30-45","n":4,"N":"45-60","p":3,"P":"30-45"}},{"type":"Feature","geometry":{"type":"Polygon","coordinates":[[[127.00838,37.57135],[127.01514,37.57135],[127.01514,37.57811],[127.00838,37.57811],[127.00838,37.57135]]]},"properties":{"row":15,"col":19,"walk_min":4.5,"nearest_station_id":"kr_011","nearest_station_name":"Dongdaemun","a":1,"A":"10-20","c":1,"C":"10-20","e":2,"E":"20-30","g":1,"G":"10-20","i":3,"I":"30-45","k":3,"K":"30-45","m":2,"M":"20-30","o":2,"O":"20-30","b":1,"B":"10-20","d":1,"D":"10-20","f":2,"F":"20-30","h":1,"H":"10-20","j":3,"J":"30-45","l":3,"L":"30-45","n":2,"N":"20-30","p":2,"P":"20-30"}},{"type":"Feature","geometry":{"type":"Polygon","coordinates":[[[126.88676,37.53757],[126.89351,37.53757],[126.89351,37.54432],[126.88676,37.54432],[126.88676,37.53757]]]},"properties":{"row":10,"col":1,"walk_min":6.2,"nearest_station_id":"kr_387","nearest_station_name":"Seonyudo","a":2,"A":"20-30","c":2,"C":"20-30","e":3,"E":"30-45","g":3,"G":"30-45","i":3,"I":"30-45","k":4,"K":"45-60","m":4,"M":"45-60","o":1,"O":"10-20","b":2,"B":"20-30","d":2,"D":"20-30","f":3,"F":"30-45","h":3,"H":"30-45","j":3,"J":"30-45","l":4,"L":"45-60","n":4,"N":"45-60","p":1,"P":"10-20"}},{"type":"Feature","geometry":{"type":"Polygon","coordinates":[[[126.95432,37.53757],[126.96108,37.53757],[126.96108,37.54432],[126.95432,37.54432],[126.95432,37.53757]]]},"properties":{"row":10,"col":11,"walk_min":4.4,"nearest_station_id":"kr_245","nearest_station_name":"효창공원앞","a":1,"A":"10-20","c":1,"C":"10-20","e":2,"E":"20-30","g":2,"G":"20-30","i":2,"I":"20-30","k":3,"K":"30-45","m":3,"M":"30-45","o":2,"O":"20-30","b":1,"B":"10-20","d":1,"D":"10-20","f":2,"F":"20-30","h":2,"H":"20-30","j":2,"J":"20-30","l":3,"L":"30-45","n":3,"N":"30-45","p":2,"P":"20-30"}},{"type":"Feature","geometry":{"type":"Polygon","coordinates":[[[127.02865,37.57135],[127.03541,37.57135],[127.03541,37.57811],[127.02865,37.57811],[127.02865,37.57135]]]},"properties":{"row":15,"col":22,"walk_min":5.5,"nearest_station_id":"kr_026","nearest_station_name":"Jegidong","a":2,"A":"20-30","c":1,"C":"10-20","e":3,"E":"30-45","g":1,"G":"10-20","i":3,"I":"30-45","k":3,"K":"30-45","m":1,"M":"10-20","o":3,"O":"30-45","b":2,"B":"20-30","d":1,"D":"10-20","f":3,"F":"30-45","h":1,"H":"10-20","j":3,"J":"30-45","l":3,"L":"30-45","n":1,"N":"10-20","p":3,"P":"30-45"}},{"type":"Feature","geometry":{"type":"Polygon","coordinates":[[[127.00838,37.57811],[127.01514,37.57811],[127.01514,37.58486],[127.00838,37.58486],[127.00838,37.57811]]]},"properties":{"row":16,"col":19,"walk_min":6.0,"nearest_station_id":"kr_101","nearest_station_name":"창신","a":2,"A":"20-30","c":2,"C":"20-30","e":3,"E":"30-45","g":1,"G":"10-20","i":3,"I":"30-45","k":3,"K":"30-45","m":2,"M":"20-30","o":3,"O":"30-45","b":2,"B":"20-30","d":2,"D":"20-30","f":3,"F":"30-45","h":1,"H":"10-20","j":3,"J":"30-45","l":3,"L":"30-45","n":2,"N":"20-30","p":3,"P":"30-45"}},{"type":"Feature","geometry":{"type":"Polygon","coordinates":[[[126.95432,37.55784],[126.96108,37.55784],[126.96108,37.56459],[126.95432,37.56459],[126.95432,37.55784]]]},"properties":{"row":13,"col":11,"walk_min":3.9,"nearest_station_id":"kr_276","nearest_station_name":"Chungjeongno","a":1,"A":"10-20","c":1,"C":"10-20","e":3,"E":"30-45","g":2,"G":"20-30","i":2,"I":"20-30","k":3,"K":"30-45","m":3,"M":"30-45","o":1,"O":"10-20","b":1,"B":"10-20","d":1,"D":"10-20","f":3,"F":"30-45","h":2,"H":"20-30","j":2,"J":"20-30","l":3,"L":"30-45","n":3,"N":"30-45","p":1,"P":"10-20"}},{"type":"Feature","geometry":{"type":"Polygon","coordinates":[[[127.02189,37.56459],[127.02865,37.56459],[127.02865,37.57135],[127.02189,37.57135],[127.02189,37.56459]]]},"properties":{"row":14,"col":21,"walk_min":5.8,"nearest_station_id":"kr_076","nearest_station_name":"Sangwangsimni","a":1,"A":"10-20","c":1,"C":"10-20","e":3,"E":"30-45","g":1,"G":"10-20","i":3,"I":"30-45","k":2,"K":"20-30","m":1,"M":"10-20","o":2,"O":"20-30","b":1,"B":"10-20","d":1,"D":"10-20","f":3,"F":"30-45","h":1,"H":"10-20","j":3,"J":"30-45","l":2,"L":"20-30","n":1,"N":"10-20","p":2,"P":"20-30"}},{"type":"Feature","geometry":{"type":"Polygon","coordinates":[[[127.05568,37.48351],[127.06243,37.48351],[127.06243,37.49027],[127.05568,37.49027],[127.05568,37.48351]]]},"properties":{"row":2,"col":26,"walk_min":8.3,"nearest_station_id":"kr_164","nearest_station_name":"Dogok","a":3,"A":"30-45","c":3,"C":"30-45","e":1,"E":"10-20","g":3,"G":"30-45","i":2,"I":"20-30","k":3,"K":"30-45","m":3,"M":"30-45","o":4,"O":"45-60","b":3,"B":"30-45","d":3,"D":"30-45","f":1,"F":"10-20","h":3,"H":"30-45","j":2,"J":"20-30","l":3,"L":"30-45","n":3,"N":"30-45","p":4,"P":"45-60"}},{"type":"Feature","geometry":{"type":"Polygon","coordinates":[[[126.98135,37.47],[126.98811,37.47],[126.98811,37.47676],[126.98135,37.47676],[126.98135,37.47]]]},"properties":{"row":0,"col":15,"walk_min":12.2,"nearest_station_id":"kr_133","nearest_station_name":"Sadang","a":3,"A":"30-45","c":3,"C":"30-45","e":2,"E":"20-30","g":4,"G":"45-60","i":1,"I":"10-20","k":3,"K":"30-45","m":4,"M":"45-60","o":3,"O":"30-45","b":3,"B":"30-45","d":3,"D":"30-45","f":2,"F":"20-30","h":4,"H":"45-60","j":1,"J":"10-20","l":3,"L":"30-45","n":4,"N":"45-60","p":3,"P":"30-45"}},{"type":"Feature","geometry":{"type":"Polygon","coordinates":[[[126.90703,37.5173],[126.91378,37.5173],[126.91378,37.52405],[126.90703,37.52405],[126.90703,37.5173]]]},"properties":{"row":7,"col":4,"walk_min":5.7,"nearest_station_id":"kr_241","nearest_station_name":"영등포시장","a":2,"A":"20-30","c":2,"C":"20-30","e":2,"E":"20-30","g":3,"G":"30-45","i":2,"I":"20-30","k":3,"K":"30-45","m":4,"M":"45-60","o":2,"O":"20-30","b":2,"B":"20-30","d":2,"D":"20-30","f":2,"F":"20-30","h":3,"H":"30-45","j":2,"J":"20-30","l":3,"L":"30-45","n":4,"N":"45-60","p":2,"P":"20-30"}},{"type":"Feature","geometry":{"type":"Polygon","coordinates":[[[127.04216,37.59838],[127.04892,37.59838],[127.04892,37.60514],[127.04216,37.60514],[127.04216,37.59838]]]},"properties":{"row":19,"col":24,"walk_min":5.4,"nearest_station_id":"kr_142","nearest_station_name":"월곡","a":3,"A":"30-45","c":2,"C":"20-30","e":3,"E":"30-45","g":2,"G":"20-30","i":4,"I":"45-60","k":4,"K":"45-60","m":3,"M":"30-45","o":3,"O":"30-45","b":3,"B":"30-45","d":2,"D":"20-30","f":3,"F":"30-45","h":2,"H":"20-30","j":4,"J":"45-60","l":4,"L":"45-60","n":3,"N":"30-45","p":3,"P":"30-45"}},{"type":"Feature","geometry":{"type":"Polygon","coordinates":[[[127.00162,37.49703],[127.00838,37.49703],[127.00838,37.50378],[127.00162,37.50378],[127.00162,37.49703]]]},"properties":{"row":4,"col":18,"walk_min":6.1,"nearest_station_id":"kr_002","nearest_station_name":"Express Bus Terminal","a":2,"A":"20-30","c":2,"C":"20-30","e":1,"E":"10-20","g":3,"G":"30-45","i":1,"I":"10-20","k":2,"K":"20-30","m":3,"M":"30-45","o":3,"O":"30-45","b":2,"B":"20-30","d":2,"D":"20-30","f":1,"F":"10-20","h":3,"H":"30-45","j":1,"J":"10-20","l":2,"L":"20-30","n":3,"N":"30-45","p":3,"P":"30-45"}},{"type":"Feature","geometry":{"type":"Polygon","coordinates":[[[126.95432,37.51054],[126.96108,37.51054],[126.96108,37.5173],[126.95432,37.5173],[126.95432,37.51054]]]},"properties":{"row":6,"col":11,"walk_min":8.4,"nearest_station_id":"kr_399","nearest_station_name":"Nodeul","a":2,"A":"20-30","c":2,"C":"20-30","e":2,"E":"20-30","g":3,"G":"30-45","i":1,"I":"10-20","k":3,"K":"30-45","m":4,"M":"45-60","o":2,"O":"20-30","b":2,"B":"20-30","d":2,"D":"20-30","f":2,"F":"20-30","h":3,"H":"30-45","j":1,"J":"10-20","l":3,"L":"30-45","n":4,"N":"45-60","p":2,"P":"20-30"}},{"type":"Feature","geometry":{"type":"Polygon","coordinates":[[[127.02189,37.51054],[127.02865,37.51054],[127.02865,37.5173],[127.02189,37.5173],[127.02189,37.51054]]]},"properties":{"row":6,"col":21,"walk_min":3.7,"nearest_station_id":"kr_130","nearest_station_name":"논현","a":2,"A":"20-30","c":2,"C":"20-30","e":1,"E":"10-20","g":2,"G":"20-30","i":1,"I":"10-20","k":2,"K":"20-30","m":3,"M":"30-45","o":3,"O":"30-45","b":2,"B":"20-30","d":2,"D":"20-30","f":1,"F":"10-20","h":2,"H":"20-30","j":1,"J":"10-20","l":2,"L":"20-30","n":3,"N":"30-45","p":3,"P":"30-45"}},{"type":"Feature","geometry":{"type":"Polygon","coordinates":[[[126.9273,37.47676],[126.93405,37.47676],[126.93405,37.48351],[126.9273,37.48351],[126.9273,37.47676]]]},"properties":{"row":1,"col":7,"walk_min":5.4,"nearest_station_id":"kr_375","nearest_station_name":"Sillim","a":3,"A":"30-45","c":3,"C":"30-45","e":2,"E":"20-30","g":4,"G":"45-60","i":1,"I":"10-20","k":3,"K":"30-45","m":4,"M":"45-60","o":3,"O":"30-45","b":3,"B":"30-45","d":3,"D":"30-45","f":2,"F":"20-30","h":4,"H":"45-60","j":1,"J":"10-20","l":3,"L":"30-45","n":4,"N":"45-60","p":3,"P":"30-45"}},{"type":"Feature","geometry":{"type":"Polygon","coordinates":[[[127.00162,37.48351],[127.00838,37.48351],[127.00838,37.49027],[127.00162,37.49027],[127.00162,37.48351]]]},"properties":{"row":2,"col":18,"walk_min":7.0,"nearest_station_id":"kr_333","nearest_station_name":"Seocho","a":3,"A":"30-45","c":3,"C":"30-45","e":1,"E":"10-20","g":3,"G":"30-45","i":1,"I":"10-20","k":2,"K":"20-30","m":3,"M":"30-45","o":3,"O":"30-45","b":3,"B":"30-45","d":3,"D":"30-45","f":1,"F":"10-20","h":3,"H":"30-45","j":1,"J":"10-20","l":2,"L":"20-30","n":3,"N":"30-45","p":3,"P":"30-45"}},{"type":"Feature","geometry":{"type":"Polygon","coordinates":[[[127.05568,37.49027],[127.06243,37.49027],[127.06243,37.49703],[127.05568,37.49703],[127.05568,37.49027]]]},"properties":{"row":3,"col":26,"walk_min":4.7,"nearest_station_id":"kr_290","nearest_station_name":"대치","a":3,"A":"30-45","c":3,"C":"30-45","e":1,"E":"10-20","g":3,"G":"30-45","i":2,"I":"20-30","k":2,"K":"20-30","m":3,"M":"30-45","o":4,"O":"45-60","b":3,"B":"30-45","d":3,"D":"30-45","f":1,"F":"10-20","h":3,"H":"30-45","j":2,"J":"20-30","l":2,"L":"20-30","n":3,"N":"30-45","p":4,"P":"45-60"}},{"type":"Feature","geometry":{"type":"Polygon","coordinates":[[[126.92054,37.59838],[126.9273,37.59838],[126.9273,37.60514],[126.92054,37.60514],[126.92054,37.59838]]]},"properties":{"row":19,"col":6,"walk_min":5.6,"nearest_station_id":"kr_294","nearest_station_name":"역촌","a":3,"A":"30-45","c":2,"C":"20-30","e":4,"E":"45-60","g":3,"G":"30-45","i":4,"I":"45-60","k":4,"K":"45-60","m":3,"M":"30-45","o":3,"O":"30-45","b":3,"B":"30-45","d":2,"D":"20-30","f":4,"F":"45-60","h":3,"H":"30-45","j":4,"J":"45-60","l":4,"L":"45-60","n":3,"N":"30-45","p":3,"P":"30-45"}},{"type":"Feature","geometry":{"type":"Polygon","coordinates":[[[126.91378,37.55108],[126.92054,37.55108],[126.92054,37.55784],[126.91378,37.55784],[126.91378,37.55108]]]},"properties":{"row":12,"col":5,"walk_min":5.2,"nearest_station_id":"kr_323","nearest_station_name":"Hapjeong","a":2,"A":"20-30","c":2,"C":"20-30","e":3,"E":"30-45","g":3,"G":"30-45","i":3,"I":"30-45","k":4,"K":"45-60","m":3,"M":"30-45","o":1,"O":"10-20","b":2,"B":"20-30","d":2,"D":"20-30","f":3,"F":"30-45","h":3,"H":"30-45","j":3,"J":"30-45","l":4,"L":"45-60","n":3,"N":"30-45","p":1,"P":"10-20"}},{"type":"Feature","geometry":{"type":"Polygon","coordinates":[[[127.04216,37.5173],[127.04892,37.5173],[127.04892,37.52405],[127.04216,37.52405],[127.04216,37.5173]]]},"properties":{"row":7,"col":24,"walk_min":5.3,"nearest_station_id":"kr_166","nearest_station_name":"청담","a":3,"A":"30-45","c":3,"C":"30-45","e":2,"E":"20-30","g":2,"G":"20-30","i":2,"I":"20-30","k":3,"K":"30-45","m":3,"M":"30-45","o":3,"O":"30-45","b":3,"B":"30-45","d":3,"D":"30-45","f":2,"F":"20-30","h":2,"H":"20-30","j":2,"J":"20-30","l":3,"L":"30-45","n":3,"N":"30-45","p":3,"P":"30-45"}},{"type":"Feature","geometry":{"type":"Polygon","coordinates":[[[126.97459,37.5173],[126.98135,37.5173],[126.98135,37.52405],[126.97459,37.52405],[126.97459,37.5173]]]},"properties":{"row":7,"col":14,"walk_min":8.4,"nearest_station_id":"kr_219","nearest_station_name":"Ichon","a":1,"A":"10-20","c":2,"C":"20-30","e":2,"E":"20-30","g":3,"G":"30-45","i":1,"I":"10-20","k":3,"K":"30-45","m":3,"M":"30-45","o":3,"O":"30-45","b":1,"B":"10-20","d":2,"D":"20-30","f":2,"F":"20-30","h":3,"H":"30-45","j":1,"J":"10-20","l":3,"L":"30-45","n":3,"N":"30-45","p":3,"P":"30-45"}},{"type":"Feature","geometry":{"type":"Polygon","coordinates":[[[126.88,37.50378],[126.88676,37.50378],[126.88676,37.51054],[126.88,37.51054],[126.88,37.50378]]]},"properties":{"row":5,"col":0,"walk_min":10.0,"nearest_station_id":"kr_019","nearest_station_name":"Guro","a":2,"A":"20-30","c":3,"C":"30-45","e":3,"E":"30-45","g":3,"G":"30-45","i":3,"I":"30-45","k":4,"K":"45-60","m":4,"M":"45-60","o":2,"O":"20-30","b":2,"B":"20-30","d":3,"D":"30-45","f":3,"F":"30-45","h":3,"H":"30-45","j":3,"J":"30-45","l":4,"L":"45-60","n":4,"N":"45-60","p":2,"P":"20-30"}},{"type":"Feature","geometry":{"type":"Polygon","coordinates":[[[127.02189,37.58486],[127.02865,37.58486],[127.02865,37.59162],[127.02189,37.59162],[127.02189,37.58486]]]},"properties":{"row":17,"col":21,"walk_min":4.6,"nearest_station_id":"kr_122","nearest_station_name":"안암","a":2,"A":"20-30","c":2,"C":"20-30","e":3,"E":"30-45","g":1,"G":"10-20","i":3,"I":"30-45","k":3,"K":"30-45","m":2,"M":"20-30","o":3,"O":"30-45","b":2,"B":"20-30","d":2,"D":"20-30","f":3,"F":"30-45","h":1,"H":"10-20","j":3,"J":"30-45","l":3,"L":"30-45","n":2,"N":"20-30","p":3,"P":"30-45"}},{"type":"Feature","geometry":{"type":"Polygon","coordinates":[[[127.03541,37.57811],[127.04216,37.57811],[127.04216,37.58486],[127.03541,37.58486],[127.03541,37.57811]]]},"properties":{"row":16,"col":23,"walk_min":5.4,"nearest_station_id":"kr_026","nearest_station_name":"Jegidong","a":2,"A":"20-30","c":2,"C":"20-30","e":3,"E":"30-45","g":2,"G":"20-30","i":3,"I":"30-45","k":3,"K":"30-45","m":2,"M":"20-30","o":3,"O":"30-45","b":2,"B":"20-30","d":2,"D":"20-30","f":3,"F":"30-45","h":2,"H":"20-30","j":3,"J":"30-45","l":3,"L":"30-45","n":2,"N":"20-30","p":3,"P":"30-45"}},{"type":"Feature","geometry":{"type":"Polygon","coordinates":[[[126.90027,37.52405],[126.90703,37.52405],[126.90703,37.53081],[126.90027,37.53081],[126.90027,37.52405]]]},"properties":{"row":8,"col":3,"walk_min":5.4,"nearest_station_id":"kr_241","nearest_station_name":"영등포시장","a":2,"A":"20-30","c":2,"C":"20-30","e":3,"E":"30-45","g":3,"G":"30-45","i":2,"I":"20-30","k":3,"K":"30-45","m":4,"M":"45-60","o":1,"O":"10-20","b":2,"B":"20-30","d":2,"D":"20-30","f":3,"F":"30-45","h":3,"H":"30-45","j":2,"J":"20-30","l":3,"L":"30-45","n":4,"N":"45-60","p":1,"P":"10-20"}},{"type":"Feature","geometry":{"type":"Polygon","coordinates":[[[127.06919,37.50378],[127.07595,37.50378],[127.07595,37.51054],[127.06919,37.51054],[127.06919,37.50378]]]},"properties":{"row":5,"col":28,"walk_min":7.9,"nearest_station_id":"kr_012","nearest_station_name":"Sports Complex","a":3,"A":"30-45","c":3,"C":"30-45","e":1,"E":"10-20","g":3,"G":"30-45","i":2,"I":"20-30","k":1,"K":"10-20","m":2,"M":"20-30","o":4,"O":"45-60","b":3,"B":"30-45","d":3,"D":"30-45","f":1,"F":"10-20","h":3,"H":"30-45","j":2,"J":"20-30","l":1,"L":"10-20","n":2,"N":"20-30","p":4,"P":"45-60"}},{"type":"Feature","geometry":{"type":"Polygon","coordinates":[[[126.88676,37.53081],[126.89351,37.53081],[126.89351,37.53757],[126.88676,37.53757],[126.88676,37.53081]]]},"properties":{"row":9,"col":1,"walk_min":8.6,"nearest_station_id":"kr_387","nearest_station_name":"Seonyudo","a":3,"A":"30-45","c":2,"C":"20-30","e":3,"E":"30-45","g":3,"G":"30-45","i":3,"I":"30-45","k":4,"K":"45-60","m":4,"M":"45-60","o":1,"O":"10-20","b":3,"B":"30-45","d":2,"D":"20-30","f":3,"F":"30-45","h":3,"H":"30-45","j":3,"J":"30-45","l":4,"L":"45-60","n":4,"N":"45-60","p":1,"P":"10-20"}},{"type":"Feature","geometry":{"type":"Polygon","coordinates":[[[127.03541,37.48351],[127.04216,37.48351],[127.04216,37.49027],[127.03541,37.49027],[127.03541,37.48351]]]},"properties":{"row":2,"col":23,"walk_min":6.0,"nearest_station_id":"kr_020","nearest_station_name":"Yangjae","a":3,"A":"30-45","c":3,"C":"30-45","e":0,"E":"<10","g":3,"G":"30-45","i":2,"I":"20-30","k":2,"K":"20-30","m":3,"M":"30-45","o":3,"O":"30-45","b":3,"B":"30-45","d":3,"D":"30-45","f":0,"F":"<10","h":3,"H":"30-45","j":2,"J":"20-30","l":2,"L":"20-30","n":3,"N":"30-45","p":3,"P":"30-45"}},{"type":"Feature","geometry":{"type":"Polygon","coordinates":[[[127.04892,37.53757],[127.05568,37.53757],[127.05568,37.54432],[127.04892,37.54432],[127.04892,37.53757]]]},"properties":{"row":10,"col":25,"walk_min":6.6,"nearest_station_id":"kr_186","nearest_station_name":"Seongsu","a":2,"A":"20-30","c":2,"C":"20-30","e":3,"E":"30-45","g":1,"G":"10-20","i":4,"I":"45-60","k":2,"K":"20-30","m":0,"M":"<10","o":3,"O":"30-45","b":2,"B":"20-30","d":2,"D":"20-30","f":3,"F":"30-45","h":1,"H":"10-20","j":4,"J":"45-60","l":2,"L":"20-30","n":0,"N":"<10","p":3,"P":"30-45"}},{"type":"Feature","geometry":{"type":"Polygon","coordinates":[[[126.92054,37.49703],[126.9273,37.49703],[126.9273,37.50378],[126.92054,37.50378],[126.92054,37.49703]]]},"properties":{"row":4,"col":6,"walk_min":4.6,"nearest_station_id":"kr_337","nearest_station_name":"보라매","a":3,"A":"30-45","c":4,"C":"45-60","e":3,"E":"30-45","g":4,"G":"45-60","i":3,"I":"30-45","k":3,"K":"30-45","m":4,"M":"45-60","o":4,"O":"45-60","b":3,"B":"30-45","d":4,"D":"45-60","f":3,"F":"30-45","h":4,"H":"45-60","j":3,"J":"30-45","l":3,"L":"30-45","n":4,"N":"45-60","p":4,"P":"45-60"}},{"type":"Feature","geometry":{"type":"Polygon","coordinates":[[[127.04892,37.49703],[127.05568,37.49703],[127.05568,37.50378],[127.04892,37.50378],[127.04892,37.49703]]]},"properties":{"row":4,"col":25,"walk_min":6.8,"nearest_station_id":"kr_275","nearest_station_name":"Seolleung","a":3,"A":"30-45","c":3,"C":"30-45","e":1,"E":"10-20","g":3,"G":"30-45","i":2,"I":"20-30","k":1,"K":"10-20","m":3,"M":"30-45","o":3,"O":"30-45","b":3,"B":"30-45","d":3,"D":"30-45","f":1,"F":"10-20","h":3,"H":"30-45","j":2,"J":"20-30","l":1,"L":"10-20","n":3,"N":"30-45","p":3,"P":"30-45"}},{"type":"Feature","geometry":{"type":"Polygon","coordinates":[[[126.97459,37.48351],[126.98135,37.48351],[126.98135,37.49027],[126.97459,37.49027],[126.97459,37.48351]]]},"properties":{"row":2,"col":14,"walk_min":5.0,"nearest_station_id":"kr_139","nearest_station_name":"Chongsin Univ. (Isu)","a":2,"A":"20-30","c":2,"C":"20-30","e":1,"E":"10-20","g":3,"G":"30-45","i":1,"I":"10-20","k":3,"K":"30-45","m":3,"M":"30-45","o":3,"O":"30-45","b":2,"B":"20-30","d":2,"D":"20-30","f":1,"F":"10-20","h":3,"H":"30-45","j":1,"J":"10-20","l":3,"L":"30-45","n":3,"N":"30-45","p":3,"P":"30-45"}},{"type":"Feature","geometry":{"type":"Polygon","coordinates":[[[127.01514,37.49027],[127.02189,37.49027],[127.02189,37.49703],[127.01514,37.49703],[127.01514,37.49027]]]},"properties":{"row":3,"col":20,"walk_min":5.5,"nearest_station_id":"kr_052","nearest_station_name":"Seoul Nat'l Univ. of Education (Court & Public Prosecutors' Office)","a":2,"A":"20-30","c":2,"C":"20-30","e":0,"E":"<10","g":3,"G":"30-45","i":1,"I":"10-20","k":2,"K":"20-30","m":3,"M":"30-45","o":3,"O":"30-45","b":2,"B":"20-30","d":2,"D":"20-30","f":0,"F":"<10","h":3,"H":"30-45","j":1,"J":"10-20","l":2,"L":"20-30","n":3,"N":"30-45","p":3,"P":"30-45"}},{"type":"Feature","geometry":{"type":"Polygon","coordinates":[[[126.93405,37.54432],[126.94081,37.54432],[126.94081,37.55108],[126.93405,37.55108],[126.93405,37.54432]]]},"properties":{"row":11,"col":8,"walk_min":3.9,"nearest_station_id":"kr_140","nearest_station_name":"대흥","a":1,"A":"10-20","c":1,"C":"10-20","e":3,"E":"30-45","g":2,"G":"20-30","i":2,"I":"20-30","k":3,"K":"30-45","m":3,"M":"30-45","o":2,"O":"20-30","b":1,"B":"10-20","d":1,"D":"10-20","f":3,"F":"30-45","h":2,"H":"20-30","j":2,"J":"20-30","l":3,"L":"30-45","n":3,"N":"30-45","p":2,"P":"20-30"}},{"type":"Feature","geometry":{"type":"Polygon","coordinates":[[[126.94081,37.55784],[126.94757,37.55784],[126.94757,37.56459],[126.94081,37.56459],[126.94081,37.55784]]]},"properties":{"row":13,"col":9,"walk_min":6.8,"nearest_station_id":"kr_373","nearest_station_name":"Ewha Womans University","a":1,"A":"10-20","c":1,"C":"10-20","e":3,"E":"30-45","g":2,"G":"20-30","i":3,"I":"30-45","k":4,"K":"45-60","m":3,"M":"30-45","o":1,"O":"10-20","b":1,"B":"10-20","d":1,"D":"10-20","f":3,"F":"30-45","h":2,"H":"20-30","j":3,"J":"30-45","l":4,"L":"45-60","n":3,"N":"30-45","p":1,"P":"10-20"}},{"type":"Feature","geometry":{"type":"Polygon","coordinates":[[[126.98811,37.49703],[126.99486,37.49703],[126.99486,37.50378],[126.98811,37.50378],[126.98811,37.49703]]]},"properties":{"row":4,"col":16,"walk_min":6.1,"nearest_station_id":"kr_400","nearest_station_name":"Gubanpo","a":2,"A":"20-30","c":2,"C":"20-30","e":1,"E":"10-20","g":3,"G":"30-45","i":1,"I":"10-20","k":2,"K":"20-30","m":3,"M":"30-45","o":3,"O":"30-45","b":2,"B":"20-30","d":2,"D":"20-30","f":1,"F":"10-20","h":3,"H":"30-45","j":1,"J":"10-20","l":2,"L":"20-30","n":3,"N":"30-45","p":3,"P":"30-45"}},{"type":"Feature","geometry":{"type":"Polygon","coordinates":[[[127.04216,37.49703],[127.04892,37.49703],[127.04892,37.50378],[127.04216,37.50378],[127.04216,37.49703]]]},"properties":{"row":4,"col":24,"walk_min":8.7,"nearest_station_id":"kr_275","nearest_station_name":"Seolleung","a":3,"A":"30-45","c":3,"C":"30-45","e":1,"E":"10-20","g":3,"G":"30-45","i":2,"I":"20-30","k":1,"K":"10-20","m":3,"M":"30-45","o":4,"O":"45-60","b":3,"B":"30-45","d":3,"D":"30-45","f":1,"F":"10-20","h":3,"H":"30-45","j":2,"J":"20-30","l":1,"L":"10-20","n":3,"N":"30-45","p":4,"P":"45-60"}},{"type":"Feature","geometry":{"type":"Polygon","coordinates":[[[126.88676,37.49027],[126.89351,37.49027],[126.89351,37.49703],[126.88676,37.49703],[126.88676,37.49027]]]},"properties":{"row":3,"col":1,"walk_min":5.8,"nearest_station_id":"kr_255","nearest_station_name":"Daerim(Guro-gu Office)","a":2,"A":"20-30","c":2,"C":"20-30","e":3,"E":"30-45","g":3,"G":"30-45","i":2,"I":"20-30","k":4,"K":"45-60","m":4,"M":"45-60","o":2,"O":"20-30","b":2,"B":"20-30","d":2,"D":"20-30","f":3,"F":"30-45","h":3,"H":"30-45","j":2,"J":"20-30","l":4,"L":"45-60","n":4,"N":"45-60","p":2,"P":"20-30"}},{"type":"Feature","geometry":{"type":"Polygon","coordinates":[[[126.97459,37.50378],[126.98135,37.50378],[126.98135,37.51054],[126.97459,37.51054],[126.97459,37.50378]]]},"properties":{"row":5,"col":14,"walk_min":2.7,"nearest_station_id":"kr_003","nearest_station_name":"Dongjak","a":1,"A":"10-20","c":1,"C":"10-20","e":1,"E":"10-20","g":2,"G":"20-30","i":0,"I":"<10","k":2,"K":"20-30","m":3,"M":"30-45","o":2,"O":"20-30","b":1,"B":"10-20","d":1,"D":"10-20","f":1,"F":"10-20","h":2,"H":"20-30","j":0,"J":"<10","l":2,"L":"20-30","n":3,"N":"30-45","p":2,"P":"20-30"}},{"type":"Feature","geometry":{"type":"Polygon","coordinates":[[[127.02189,37.55784],[127.02865,37.55784],[127.02865,37.56459],[127.02189,37.56459],[127.02189,37.55784]]]},"properties":{"row":13,"col":21,"walk_min":5.0,"nearest_station_id":"kr_076","nearest_station_name":"Sangwangsimni","a":1,"A":"10-20","c":1,"C":"10-20","e":2,"E":"20-30","g":0,"G":"<10","i":3,"I":"30-45","k":2,"K":"20-30","m":1,"M":"10-20","o":2,"O":"20-30","b":1,"B":"10-20","d":1,"D":"10-20","f":2,"F":"20-30","h":0,"H":"<10","j":3,"J":"30-45","l":2,"L":"20-30","n":1,"N":"10-20","p":2,"P":"20-30"}},{"type":"Feature","geometry":{"type":"Polygon","coordinates":[[[127.02189,37.55108],[127.02865,37.55108],[127.02865,37.55784],[127.02189,37.55784],[127.02189,37.55108]]]},"properties":{"row":12,"col":21,"walk_min":4.5,"nearest_station_id":"kr_277","nearest_station_name":"신금호","a":1,"A":"10-20","c":1,"C":"10-20","e":2,"E":"20-30","g":0,"G":"<10","i":3,"I":"30-45","k":2,"K":"20-30","m":1,"M":"10-20","o":2,"O":"20-30","b":1,"B":"10-20","d":1,"D":"10-20","f":2,"F":"20-30","h":0,"H":"<10","j":3,"J":"30-45","l":2,"L":"20-30","n":1,"N":"10-20","p":2,"P":"20-30"}},{"type":"Feature","geometry":{"type":"Polygon","coordinates":[[[127.01514,37.49703],[127.02189,37.49703],[127.02189,37.50378],[127.01514,37.50378],[127.01514,37.49703]]]},"properties":{"row":4,"col":20,"walk_min":6.1,"nearest_station_id":"kr_433","nearest_station_name":"Sapyeong","a":2,"A":"20-30","c":2,"C":"20-30","e":0,"E":"<10","g":3,"G":"30-45","i":1,"I":"10-20","k":2,"K":"20-30","m":3,"M":"30-45","o":3,"O":"30-45","b":2,"B":"20-30","d":2,"D":"20-30","f":0,"F":"<10","h":3,"H":"30-45","j":1,"J":"10-20","l":2,"L":"20-30","n":3,"N":"30-45","p":3,"P":"30-45"}},{"type":"Feature","geometry":{"type":"Polygon","coordinates":[[[127.01514,37.55784],[127.02189,37.55784],[127.02189,37.56459],[127.01514,37.56459],[127.01514,37.55784]]]},"properties":{"row":13,"col":20,"walk_min":3.7,"nearest_station_id":"kr_029","nearest_station_name":"청구","a":1,"A":"10-20","c":1,"C":"10-20","e":2,"E":"20-30","g":0,"G":"<10","i":3,"I":"30-45","k":2,"K":"20-30","m":1,"M":"10-20","o":2,"O":"20-30","b":1,"B":"10-20","d":1,"D":"10-20","f":2,"F":"20-30","h":0,"H":"<10","j":3,"J":"30-45","l":2,"L":"20-30","n":1,"N":"10-20","p":2,"P":"20-30"}},{"type":"Feature","geometry":{"type":"Polygon","coordinates":[[[126.98811,37.50378],[126.99486,37.50378],[126.99486,37.51054],[126.98811,37.51054],[126.98811,37.50378]]]},"properties":{"row":5,"col":16,"walk_min":8.6,"nearest_station_id":"kr_403","nearest_station_name":"Sinbanpo","a":2,"A":"20-30","c":2,"C":"20-30","e":1,"E":"10-20","g":3,"G":"30-45","i":1,"I":"10-20","k":3,"K":"30-45","m":3,"M":"30-45","o":3,"O":"30-45","b":2,"B":"20-30","d":2,"D":"20-30","f":1,"F":"10-20","h":3,"H":"30-45","j":1,"J":"10-20","l":3,"L":"30-45","n":3,"N":"30-45","p":3,"P":"30-45"}},{"type":"Feature","geometry":{"type":"Polygon","coordinates":[[[127.03541,37.50378],[127.04216,37.50378],[127.04216,37.51054],[127.03541,37.51054],[127.03541,37.50378]]]},"properties":{"row":5,"col":23,"walk_min":4.8,"nearest_station_id":"kr_434","nearest_station_name":"Eonju","a":2,"A":"20-30","c":3,"C":"30-45","e":0,"E":"<10","g":2,"G":"20-30","i":1,"I":"10-20","k":1,"K":"10-20","m":2,"M":"20-30","o":3,"O":"30-45","b":2,"B":"20-30","d":3,"D":"30-45","f":0,"F":"<10","h":2,"H":"20-30","j":1,"J":"10-20","l":1,"L":"10-20","n":2,"N":"20-30","p":3,"P":"30-45"}},{"type":"Feature","geometry":{"type":"Polygon","coordinates":[[[126.93405,37.49703],[126.94081,37.49703],[126.94081,37.50378],[126.93405,37.50378],[126.93405,37.49703]]]},"properties":{"row":4,"col":8,"walk_min":6.9,"nearest_station_id":"kr_273","nearest_station_name":"장승배기","a":3,"A":"30-45","c":4,"C":"45-60","e":3,"E":"30-45","g":4,"G":"45-60","i":3,"I":"30-45","k":3,"K":"30-45","m":4,"M":"45-60","o":4,"O":"45-60","b":3,"B":"30-45","d":4,"D":"45-60","f":3,"F":"30-45","h":4,"H":"45-60","j":3,"J":"30-45","l":3,"L":"30-45","n":4,"N":"45-60","p":4,"P":"45-60"}},{"type":"Feature","geometry":{"type":"Polygon","coordinates":[[[127.03541,37.47676],[127.04216,37.47676],[127.04216,37.48351],[127.03541,37.48351],[127.03541,37.47676]]]},"properties":{"row":1,"col":23,"walk_min":8.5,"nearest_station_id":"kr_020","nearest_station_name":"Yangjae","a":3,"A":"30-45","c":3,"C":"30-45","e":1,"E":"10-20","g":3,"G":"30-45","i":2,"I":"20-30","k":2,"K":"20-30","m":3,"M":"30-45","o":3,"O":"30-45","b":3,"B":"30-45","d":3,"D":"30-45","f":1,"F":"10-20","h":3,"H":"30-45","j":2,"J":"20-30","l":2,"L":"20-30","n":3,"N":"30-45","p":3,"P":"30-45"}},{"type":"Feature","geometry":{"type":"Polygon","coordinates":[[[126.94757,37.54432],[126.95432,37.54432],[126.95432,37.55108],[126.94757,37.55108],[126.94757,37.54432]]]},"properties":{"row":11,"col":10,"walk_min":6.0,"nearest_station_id":"kr_100","nearest_station_name":"공덕","a":1,"A":"10-20","c":1,"C":"10-20","e":3,"E":"30-45","g":2,"G":"20-30","i":2,"I":"20-30","k":3,"K":"30-45","m":3,"M":"30-45","o":2,"O":"20-30","b":1,"B":"10-20","d":1,"D":"10-20","f":3,"F":"30-45","h":2,"H":"20-30","j":2,"J":"20-30","l":3,"L":"30-45","n":3,"N":"30-45","p":2,"P":"20-30"}},{"type":"Feature","geometry":{"type":"Polygon","coordinates":[[[126.96108,37.53081],[126.96784,37.53081],[126.96784,37.53757],[126.96108,37.53757],[126.96108,37.53081]]]},"properties":{"row":9,"col":12,"walk_min":6.0,"nearest_station_id":"kr_397","nearest_station_name":"Yongsan","a":1,"A":"10-20","c":1,"C":"10-20","e":2,"E":"20-30","g":2,"G":"20-30","i":2,"I":"20-30","k":3,"K":"30-45","m":3,"M":"30-45","o":2,"O":"20-30","b":1,"B":"10-20","d":1,"D":"10-20","f":2,"F":"20-30","h":2,"H":"20-30","j":2,"J":"20-30","l":3,"L":"30-45","n":3,"N":"30-45","p":2,"P":"20-30"}},{"type":"Feature","geometry":{"type":"Polygon","coordinates":[[[127.01514,37.5173],[127.02189,37.5173],[127.02189,37.52405],[127.01514,37.52405],[127.01514,37.5173]]]},"properties":{"row":7,"col":20,"walk_min":7.2,"nearest_station_id":"kr_056","nearest_station_name":"Sinsa","a":2,"A":"20-30","c":2,"C":"20-30","e":1,"E":"10-20","g":2,"G":"20-30","i":2,"I":"20-30","k":2,"K":"20-30","m":3,"M":"30-45","o":3,"O":"30-45","b":2,"B":"20-30","d":2,"D":"20-30","f":1,"F":"10-20","h":2,"H":"20-30","j":2,"J":"20-30","l":2,"L":"20-30","n":3,"N":"30-45","p":3,"P":"30-45"}},{"type":"Feature","geometry":{"type":"Polygon","coordinates":[[[126.92054,37.55784],[126.9273,37.55784],[126.9273,37.56459],[126.92054,37.56459],[126.92054,37.55784]]]},"properties":{"row":13,"col":6,"walk_min":6.0,"nearest_station_id":"kr_368","nearest_station_name":"Hongik University","a":2,"A":"20-30","c":1,"C":"10-20","e":3,"E":"30-45","g":3,"G":"30-45","i":3,"I":"30-45","k":4,"K":"45-60","m":3,"M":"30-45","o":0,"O":"<10","b":2,"B":"20-30","d":1,"D":"10-20","f":3,"F":"30-45","h":3,"H":"30-45","j":3,"J":"30-45","l":4,"L":"45-60","n":3,"N":"30-45","p":0,"P":"<10"}},{"type":"Feature","geometry":{"type":"Polygon","coordinates":[[[126.88676,37.51054],[126.89351,37.51054],[126.89351,37.5173],[126.88676,37.5173],[126.88676,37.51054]]]},"properties":{"row":6,"col":1,"walk_min":6.5,"nearest_station_id":"kr_013","nearest_station_name":"Sindorim","a":2,"A":"20-30","c":2,"C":"20-30","e":3,"E":"30-45","g":3,"G":"30-45","i":3,"I":"30-45","k":4,"K":"45-60","m":4,"M":"45-60","o":1,"O":"10-20","b":2,"B":"20-30","d":2,"D":"20-30","f":3,"F":"30-45","h":3,"H":"30-45","j":3,"J":"30-45","l":4,"L":"45-60","n":4,"N":"45-60","p":1,"P":"10-20"}},{"type":"Feature","geometry":{"type":"Polygon","coordinates":[[[126.93405,37.47676],[126.94081,37.47676],[126.94081,37.48351],[126.93405,37.48351],[126.93405,37.47676]]]},"properties":{"row":1,"col":8,"walk_min":6.3,"nearest_station_id":"kr_377","nearest_station_name":"Bongcheon","a":3,"A":"30-45","c":3,"C":"30-45","e":2,"E":"20-30","g":4,"G":"45-60","i":1,"I":"10-20","k":3,"K":"30-45","m":4,"M":"45-60","o":3,"O":"30-45","b":3,"B":"30-45","d":3,"D":"30-45","f":2,"F":"20-30","h":4,"H":"45-60","j":1,"J":"10-20","l":3,"L":"30-45","n":4,"N":"45-60","p":3,"P":"30-45"}},{"type":"Feature","geometry":{"type":"Polygon","coordinates":[[[127.04216,37.55784],[127.04892,37.55784],[127.04892,37.56459],[127.04216,37.56459],[127.04216,37.55784]]]},"properties":{"row":13,"col":24,"walk_min":5.2,"nearest_station_id":"kr_243","nearest_station_name":"용답","a":2,"A":"20-30","c":2,"C":"20-30","e":3,"E":"30-45","g":1,"G":"10-20","i":3,"I":"30-45","k":2,"K":"20-30","m":1,"M":"10-20","o":3,"O":"30-45","b":2,"B":"20-30","d":2,"D":"20-30","f":3,"F":"30-45","h":1,"H":"10-20","j":3,"J":"30-45","l":2,"L":"20-30","n":1,"N":"10-20","p":3,"P":"30-45"}},{"type":"Feature","geometry":{"type":"Polygon","coordinates":[[[126.98135,37.57811],[126.98811,37.57811],[126.98811,37.58486],[126.98135,37.58486],[126.98135,37.57811]]]},"properties":{"row":16,"col":15,"walk_min":6.2,"nearest_station_id":"kr_022","nearest_station_name":"Anguk","a":1,"A":"10-20","c":1,"C":"10-20","e":3,"E":"30-45","g":1,"G":"10-20","i":3,"I":"30-45","k":3,"K":"30-45","m":2,"M":"20-30","o":2,"O":"20-30","b":1,"B":"10-20","d":1,"D":"10-20","f":3,"F":"30-45","h":1,"H":"10-20","j":3,"J":"30-45","l":3,"L":"30-45","n":2,"N":"20-30","p":2,"P":"20-30"}},{"type":"Feature","geometry":{"type":"Polygon","coordinates":[[[126.96784,37.56459],[126.97459,37.56459],[126.97459,37.57135],[126.96784,37.57135],[126.96784,37.56459]]]},"properties":{"row":14,"col":13,"walk_min":5.4,"nearest_station_id":"kr_260","nearest_station_name":"서대문","a":1,"A":"10-20","c":1,"C":"10-20","e":3,"E":"30-45","g":2,"G":"20-30","i":3,"I":"30-45","k":3,"K":"30-45","m":2,"M":"20-30","o":2,"O":"20-30","b":1,"B":"10-20","d":1,"D":"10-20","f":3,"F":"30-45","h":2,"H":"20-30","j":3,"J":"30-45","l":3,"L":"30-45","n":2,"N":"20-30","p":2,"P":"20-30"}},{"type":"Feature","geometry":{"type":"Polygon","coordinates":[[[126.90027,37.56459],[126.90703,37.56459],[126.90703,37.57135],[126.90027,37.57135],[126.90027,37.56459]]]},"properties":{"row":14,"col":3,"walk_min":7.4,"nearest_station_id":"kr_293","nearest_station_name":"월드컵경기장","a":3,"A":"30-45","c":3,"C":"30-45","e":3,"E":"30-45","g":3,"G":"30-45","i":3,"I":"30-45","k":4,"K":"45-60","m":4,"M":"45-60","o":3,"O":"30-45","b":3,"B":"30-45","d":3,"D":"30-45","f":3,"F":"30-45","h":3,"H":"30-45","j":3,"J":"30-45","l":4,"L":"45-60","n":4,"N":"45-60","p":3,"P":"30-45"}},{"type":"Feature","geometry":{"type":"Polygon","coordinates":[[[126.9273,37.59838],[126.93405,37.59838],[126.93405,37.60514],[126.9273,37.60514],[126.9273,37.59838]]]},"properties":{"row":19,"col":7,"walk_min":6.2,"nearest_station_id":"kr_113","nearest_station_name":"Nokbeon","a":2,"A":"20-30","c":2,"C":"20-30","e":4,"E":"45-60","g":3,"G":"30-45","i":4,"I":"45-60","k":4,"K":"45-60","m":3,"M":"30-45","o":3,"O":"30-45","b":2,"B":"20-30","d":2,"D":"20-30","f":4,"F":"45-60","h":3,"H":"30-45","j":4,"J":"45-60","l":4,"L":"45-60","n":3,"N":"30-45","p":3,"P":"30-45"}},{"type":"Feature","geometry":{"type":"Polygon","coordinates":[[[127.04892,37.48351],[127.05568,37.48351],[127.05568,37.49027],[127.04892,37.49027],[127.04892,37.48351]]]},"properties":{"row":2,"col":25,"walk_min":7.3,"nearest_station_id":"kr_250","nearest_station_name":"Maebong","a":3,"A":"30-45","c":3,"C":"30-45","e":1,"E":"10-20","g":3,"G":"30-45","i":2,"I":"20-30","k":2,"K":"20-30","m":3,"M":"30-45","o":4,"O":"45-60","b":3,"B":"30-45","d":3,"D":"30-45","f":1,"F":"10-20","h":3,"H":"30-45","j":2,"J":"20-30","l":2,"L":"20-30","n":3,"N":"30-45","p":4,"P":"45-60"}},{"type":"Feature","geometry":{"type":"Polygon","coordinates":[[[126.94757,37.55108],[126.95432,37.55108],[126.95432,37.55784],[126.94757,37.55784],[126.94757,37.55108]]]},"properties":{"row":12,"col":10,"walk_min":5.5,"nearest_station_id":"kr_373","nearest_station_name":"Ewha Womans University","a":1,"A":"10-20","c":1,"C":"10-20","e":3,"E":"30-45","g":2,"G":"20-30","i":3,"I":"30-45","k":4,"K":"45-60","m":3,"M":"30-45","o":1,"O":"10-20","b":1,"B":"10-20","d":1,"D":"10-20","f":3,"F":"30-45","h":2,"H":"20-30","j":3,"J":"30-45","l":4,"L":"45-60","n":3,"N":"30-45","p":1,"P":"10-20"}},{"type":"Feature","geometry":{"type":"Polygon","coordinates":[[[127.03541,37.59162],[127.04216,37.59162],[127.04216,37.59838],[127.03541,37.59838],[127.03541,37.59162]]]},"properties":{"row":18,"col":23,"walk_min":6.3,"nearest_station_id":"kr_131","nearest_station_name":"Korea Univ.","a":2,"A":"20-30","c":2,"C":"20-30","e":3,"E":"30-45","g":2,"G":"20-30","i":4,"I":"45-60","k":4,"K":"45-60","m":3,"M":"30-45","o":3,"O":"30-45","b":2,"B":"20-30","d":2,"D":"20-30","f":3,"F":"30-45","h":2,"H":"20-30","j":4,"J":"45-60","l":4,"L":"45-60","n":3,"N":"30-45","p":3,"P":"30-45"}},{"type":"Feature","geometry":{"type":"Polygon","coordinates":[[[127.02865,37.47676],[127.03541,37.47676],[127.03541,37.48351],[127.02865,37.48351],[127.02865,37.47676]]]},"properties":{"row":1,"col":22,"walk_min":8.0,"nearest_station_id":"kr_020","nearest_station_name":"Yangjae","a":3,"A":"30-45","c":3,"C":"30-45","e":1,"E":"10-20","g":3,"G":"30-45","i":2,"I":"20-30","k":2,"K":"20-30","m":3,"M":"30-45","o":3,"O":"30-45","b":3,"B":"30-45","d":3,"D":"30-45","f":1,"F":"10-20","h":3,"H":"30-45","j":2,"J":"20-30","l":2,"L":"20-30","n":3,"N":"30-45","p":3,"P":"30-45"}},{"type":"Feature","geometry":{"type":"Polygon","coordinates":[[[127.00838,37.59162],[127.01514,37.59162],[127.01514,37.59838],[127.00838,37.59838],[127.00838,37.59162]]]},"properties":{"row":18,"col":19,"walk_min":7.1,"nearest_station_id":"kr_160","nearest_station_name":"Sungshin Women's Univ.","a":2,"A":"20-30","c":2,"C":"20-30","e":3,"E":"30-45","g":2,"G":"20-30","i":3,"I":"30-45","k":3,"K":"30-45","m":3,"M":"30-45","o":3,"O":"30-45","b":2,"B":"20-30","d":2,"D":"20-30","f":3,"F":"30-45","h":2,"H":"20-30","j":3,"J":"30-45","l":3,"L":"30-45","n":3,"N":"30-45","p":3,"P":"30-45"}},{"type":"Feature","geometry":{"type":"Polygon","coordinates":[[[127.04892,37.58486],[127.05568,37.58486],[127.05568,37.59162],[127.04892,37.59162],[127.04892,37.58486]]]},"properties":{"row":17,"col":25,"walk_min":5.9,"nearest_station_id":"kr_031","nearest_station_name":"Hoegi","a":2,"A":"20-30","c":2,"C":"20-30","e":3,"E":"30-45","g":2,"G":"20-30","i":4,"I":"45-60","k":3,"K":"30-45","m":2,"M":"20-30","o":3,"O":"30-45","b":2,"B":"20-30","d":2,"D":"20-30","f":3,"F":"30-45","h":2,"H":"20-30","j":4,"J":"45-60","l":3,"L":"30-45","n":2,"N":"20-30","p":3,"P":"30-45"}},{"type":"Feature","geometry":{"type":"Polygon","coordinates":[[[127.00162,37.51054],[127.00838,37.51054],[127.00838,37.5173],[127.00162,37.5173],[127.00162,37.51054]]]},"properties":{"row":6,"col":18,"walk_min":11.4,"nearest_station_id":"kr_216","nearest_station_name":"Jamwon","a":3,"A":"30-45","c":3,"C":"30-45","e":1,"E":"10-20","g":3,"G":"30-45","i":2,"I":"20-30","k":3,"K":"30-45","m":3,"M":"30-45","o":3,"O":"30-45","b":3,"B":"30-45","d":3,"D":"30-45","f":1,"F":"10-20","h":3,"H":"30-45","j":2,"J":"20-30","l":3,"L":"30-45","n":3,"N":"30-45","p":3,"P":"30-45"}},{"type":"Feature","geometry":{"type":"Polygon","coordinates":[[[127.00162,37.55108],[127.00838,37.55108],[127.00838,37.55784],[127.00162,37.55784],[127.00162,37.55108]]]},"properties":{"row":12,"col":18,"walk_min":9.7,"nearest_station_id":"kr_054","nearest_station_name":"약수","a":2,"A":"20-30","c":1,"C":"10-20","e":2,"E":"20-30","g":1,"G":"10-20","i":3,"I":"30-45","k":3,"K":"30-45","m":2,"M":"20-30","o":3,"O":"30-45","b":2,"B":"20-30","d":1,"D":"10-20","f":2,"F":"20-30","h":1,"H":"10-20","j":3,"J":"30-45","l":3,"L":"30-45","n":2,"N":"20-30","p":3,"P":"30-45"}},{"type":"Feature","geometry":{"type":"Polygon","coordinates":[[[127.02865,37.49703],[127.03541,37.49703],[127.03541,37.50378],[127.02865,37.50378],[127.02865,37.49703]]]},"properties":{"row":4,"col":22,"walk_min":4.6,"nearest_station_id":"kr_252","nearest_station_name":"Yeoksam","a":2,"A":"20-30","c":3,"C":"30-45","e":0,"E":"<10","g":2,"G":"20-30","i":1,"I":"10-20","k":1,"K":"10-20","m":2,"M":"20-30","o":3,"O":"30-45","b":2,"B":"20-30","d":3,"D":"30-45","f":0,"F":"<10","h":2,"H":"20-30","j":1,"J":"10-20","l":1,"L":"10-20","n":2,"N":"20-30","p":3,"P":"30-45"}},{"type":"Feature","geometry":{"type":"Polygon","coordinates":[[[127.02189,37.49027],[127.02865,37.49027],[127.02865,37.49703],[127.02189,37.49703],[127.02189,37.49027]]]},"properties":{"row":3,"col":21,"walk_min":7.3,"nearest_station_id":"kr_027","nearest_station_name":"Gangnam","a":3,"A":"30-45","c":3,"C":"30-45","e":0,"E":"<10","g":3,"G":"30-45","i":1,"I":"10-20","k":2,"K":"20-30","m":3,"M":"30-45","o":3,"O":"30-45","b":3,"B":"30-45","d":3,"D":"30-45","f":0,"F":"<10","h":3,"H":"30-45","j":1,"J":"10-20","l":2,"L":"20-30","n":3,"N":"30-45","p":3,"P":"30-45"}},{"type":"Feature","geometry":{"type":"Polygon","coordinates":[[[126.97459,37.55108],[126.98135,37.55108],[126.98135,37.55784],[126.97459,37.55784],[126.97459,37.55108]]]},"properties":{"row":12,"col":14,"walk_min":6.0,"nearest_station_id":"kr_033","nearest_station_name":"Hoehyeon (Namdaemun Market)","a":0,"A":"<10","c":0,"C":"<10","e":3,"E":"30-45","g":1,"G":"10-20","i":2,"I":"20-30","k":3,"K":"30-45","m":2,"M":"20-30","o":2,"O":"20-30","b":0,"B":"<10","d":0,"D":"<10","f":3,"F":"30-45","h":1,"H":"10-20","j":2,"J":"20-30","l":3,"L":"30-45","n":2,"N":"20-30","p":2,"P":"20-30"}},{"type":"Feature","geometry":{"type":"Polygon","coordinates":[[[126.88,37.5173],[126.88676,37.5173],[126.88676,37.52405],[126.88,37.52405],[126.88,37.5173]]]},"properties":{"row":7,"col":0,"walk_min":7.7,"nearest_station_id":"kr_314","nearest_station_name":"Yangpyeong","a":2,"A":"20-30","c":3,"C":"30-45","e":3,"E":"30-45","g":3,"G":"30-45","i":3,"I":"30-45","k":4,"K":"45-60","m":4,"M":"45-60","o":2,"O":"20-30","b":2,"B":"20-30","d":3,"D":"30-45","f":3,"F":"30-45","h":3,"H":"30-45","j":3,"J":"30-45","l":4,"L":"45-60","n":4,"N":"45-60","p":2,"P":"20-30"}},{"type":"Feature","geometry":{"type":"Polygon","coordinates":[[[126.97459,37.53081],[126.98135,37.53081],[126.98135,37.53757],[126.97459,37.53757],[126.97459,37.53081]]]},"properties":{"row":9,"col":14,"walk_min":5.8,"nearest_station_id":"kr_136","nearest_station_name":"Samgakji","a":1,"A":"10-20","c":1,"C":"10-20","e":2,"E":"20-30","g":2,"G":"20-30","i":2,"I":"20-30","k":3,"K":"30-45","m":3,"M":"30-45","o":2,"O":"20-30","b":1,"B":"10-20","d":1,"D":"10-20","f":2,"F":"20-30","h":2,"H":"20-30","j":2,"J":"20-30","l":3,"L":"30-45","n":3,"N":"30-45","p":2,"P":"20-30"}},{"type":"Feature","geometry":{"type":"Polygon","coordinates":[[[127.05568,37.49703],[127.06243,37.49703],[127.06243,37.50378],[127.05568,37.50378],[127.05568,37.49703]]]},"properties":{"row":4,"col":26,"walk_min":9.1,"nearest_station_id":"kr_290","nearest_station_name":"대치","a":3,"A":"30-45","c":3,"C":"30-45","e":1,"E":"10-20","g":3,"G":"30-45","i":2,"I":"20-30","k":2,"K":"20-30","m":3,"M":"30-45","o":4,"O":"45-60","b":3,"B":"30-45","d":3,"D":"30-45","f":1,"F":"10-20","h":3,"H":"30-45","j":2,"J":"20-30","l":2,"L":"20-30","n":3,"N":"30-45","p":4,"P":"45-60"}},{"type":"Feature","geometry":{"type":"Polygon","coordinates":[[[126.94081,37.50378],[126.94757,37.50378],[126.94757,37.51054],[126.94081,37.51054],[126.94081,37.50378]]]},"properties":{"row":5,"col":9,"walk_min":5.6,"nearest_station_id":"kr_273","nearest_station_name":"장승배기","a":3,"A":"30-45","c":3,"C":"30-45","e":2,"E":"20-30","g":3,"G":"30-45","i":2,"I":"20-30","k":3,"K":"30-45","m":4,"M":"45-60","o":3,"O":"30-45","b":3,"B":"30-45","d":3,"D":"30-45","f":2,"F":"20-30","h":3,"H":"30-45","j":2,"J":"20-30","l":3,"L":"30-45","n":4,"N":"45-60","p":3,"P":"30-45"}},{"type":"Feature","geometry":{"type":"Polygon","coordinates":[[[126.94757,37.50378],[126.95432,37.50378],[126.95432,37.51054],[126.94757,37.51054],[126.94757,37.50378]]]},"properties":{"row":5,"col":10,"walk_min":7.2,"nearest_station_id":"kr_244","nearest_station_name":"상도","a":3,"A":"30-45","c":3,"C":"30-45","e":2,"E":"20-30","g":3,"G":"30-45","i":2,"I":"20-30","k":3,"K":"30-45","m":4,"M":"45-60","o":3,"O":"30-45","b":3,"B":"30-45","d":3,"D":"30-45","f":2,"F":"20-30","h":3,"H":"30-45","j":2,"J":"20-30","l":3,"L":"30-45","n":4,"N":"45-60","p":3,"P":"30-45"}},{"type":"Feature","geometry":{"type":"Polygon","coordinates":[[[126.92054,37.52405],[126.9273,37.52405],[126.9273,37.53081],[126.92054,37.53081],[126.92054,37.52405]]]},"properties":{"row":8,"col":6,"walk_min":6.1,"nearest_station_id":"kr_431","nearest_station_name":"National Assembly","a":2,"A":"20-30","c":2,"C":"20-30","e":2,"E":"20-30","g":3,"G":"30-45","i":2,"I":"20-30","k":3,"K":"30-45","m":4,"M":"45-60","o":1,"O":"10-20","b":2,"B":"20-30","d":2,"D":"20-30","f":2,"F":"20-30","h":3,"H":"30-45","j":2,"J":"20-30","l":3,"L":"30-45","n":4,"N":"45-60","p":1,"P":"10-20"}},{"type":"Feature","geometry":{"type":"Polygon","coordinates":[[[126.95432,37.53081],[126.96108,37.53081],[126.96108,37.53757],[126.95432,37.53757],[126.95432,37.53081]]]},"properties":{"row":9,"col":11,"walk_min":8.6,"nearest_station_id":"kr_245","nearest_station_name":"효창공원앞","a":1,"A":"10-20","c":1,"C":"10-20","e":3,"E":"30-45","g":2,"G":"20-30","i":2,"I":"20-30","k":3,"K":"30-45","m":3,"M":"30-45","o":2,"O":"20-30","b":1,"B":"10-20","d":1,"D":"10-20","f":3,"F":"30-45","h":2,"H":"20-30","j":2,"J":"20-30","l":3,"L":"30-45","n":3,"N":"30-45","p":2,"P":"20-30"}},{"type":"Feature","geometry":{"type":"Polygon","coordinates":[[[126.88676,37.5173],[126.89351,37.5173],[126.89351,37.52405],[126.88676,37.52405],[126.88676,37.5173]]]},"properties":{"row":7,"col":1,"walk_min":5.3,"nearest_station_id":"kr_282","nearest_station_name":"Mullae","a":2,"A":"20-30","c":2,"C":"20-30","e":3,"E":"30-45","g":3,"G":"30-45","i":3,"I":"30-45","k":4,"K":"45-60","m":4,"M":"45-60","o":2,"O":"20-30","b":2,"B":"20-30","d":2,"D":"20-30","f":3,"F":"30-45","h":3,"H":"30-45","j":3,"J":"30-45","l":4,"L":"45-60","n":4,"N":"45-60","p":2,"P":"20-30"}},{"type":"Feature","geometry":{"type":"Polygon","coordinates":[[[126.91378,37.58486],[126.92054,37.58486],[126.92054,37.59162],[126.91378,37.59162],[126.91378,37.58486]]]},"properties":{"row":17,"col":5,"walk_min":7.3,"nearest_station_id":"kr_340","nearest_station_name":"Saejeol","a":3,"A":"30-45","c":3,"C":"30-45","e":4,"E":"45-60","g":3,"G":"30-45","i":4,"I":"45-60","k":5,"K":"60-90","m":4,"M":"45-60","o":4,"O":"45-60","b":3,"B":"30-45","d":3,"D":"30-45","f":4,"F":"45-60","h":3,"H":"30-45","j":4,"J":"45-60","l":5,"L":"60-90","n":4,"N":"45-60","p":4,"P":"45-60"}},{"type":"Feature","geometry":{"type":"Polygon","coordinates":[[[127.02189,37.5173],[127.02865,37.5173],[127.02865,37.52405],[127.02189,37.52405],[127.02189,37.5173]]]},"properties":{"row":7,"col":21,"walk_min":6.2,"nearest_station_id":"kr_137","nearest_station_name":"Apgujeong","a":2,"A":"20-30","c":2,"C":"20-30","e":1,"E":"10-20","g":2,"G":"20-30","i":2,"I":"20-30","k":2,"K":"20-30","m":3,"M":"30-45","o":3,"O":"30-45","b":2,"B":"20-30","d":2,"D":"20-30","f":1,"F":"10-20","h":2,"H":"20-30","j":2,"J":"20-30","l":2,"L":"20-30","n":3,"N":"30-45","p":3,"P":"30-45"}},{"type":"Feature","geometry":{"type":"Polygon","coordinates":[[[126.99486,37.48351],[127.00162,37.48351],[127.00162,37.49027],[126.99486,37.49027],[126.99486,37.48351]]]},"properties":{"row":2,"col":17,"walk_min":5.6,"nearest_station_id":"kr_135","nearest_station_name":"Naebang","a":2,"A":"20-30","c":3,"C":"30-45","e":1,"E":"10-20","g":3,"G":"30-45","i":1,"I":"10-20","k":2,"K":"20-30","m":3,"M":"30-45","o":3,"O":"30-45","b":2,"B":"20-30","d":3,"D":"30-45","f":1,"F":"10-20","h":3,"H":"30-45","j":1,"J":"10-20","l":2,"L":"20-30","n":3,"N":"30-45","p":3,"P":"30-45"}},{"type":"Feature","geometry":{"type":"Polygon","coordinates":[[[126.96108,37.55108],[126.96784,37.55108],[126.96784,37.55784],[126.96108,37.55784],[126.96108,37.55108]]]},"properties":{"row":12,"col":12,"walk_min":7.1,"nearest_station_id":"kr_283","nearest_station_name":"Chungjeongno(Kyonggi University)","a":1,"A":"10-20","c":1,"C":"10-20","e":3,"E":"30-45","g":2,"G":"20-30","i":3,"I":"30-45","k":3,"K":"30-45","m":3,"M":"30-45","o":2,"O":"20-30","b":1,"B":"10-20","d":1,"D":"10-20","f":3,"F":"30-45","h":2,"H":"20-30","j":3,"J":"30-45","l":3,"L":"30-45","n":3,"N":"30-45","p":2,"P":"20-30"}},{"type":"Feature","geometry":{"type":"Polygon","coordinates":[[[127.07595,37.54432],[127.0827,37.54432],[127.0827,37.55108],[127.07595,37.55108],[127.07595,37.54432]]]},"properties":{"row":11,"col":29,"walk_min":5.2,"nearest_station_id":"kr_185","nearest_station_name":"어린이대공원","a":3,"A":"30-45","c":3,"C":"30-45","e":3,"E":"30-45","g":1,"G":"10-20","i":3,"I":"30-45","k":3,"K":"30-45","m":2,"M":"20-30","o":3,"O":"30-45","b":3,"B":"30-45","d":3,"D":"30-45","f":3,"F":"30-45","h":1,"H":"10-20","j":3,"J":"30-45","l":3,"L":"30-45","n":2,"N":"20-30","p":3,"P":"30-45"}},{"type":"Feature","geometry":{"type":"Polygon","coordinates":[[[126.91378,37.48351],[126.92054,37.48351],[126.92054,37.49027],[126.91378,37.49027],[126.91378,37.48351]]]},"properties":{"row":2,"col":5,"walk_min":6.9,"nearest_station_id":"kr_336","nearest_station_name":"Sindaebang","a":3,"A":"30-45","c":3,"C":"30-45","e":3,"E":"30-45","g":4,"G":"45-60","i":2,"I":"20-30","k":4,"K":"45-60","m":4,"M":"45-60","o":2,"O":"20-30","b":3,"B":"30-45","d":3,"D":"30-45","f":3,"F":"30-45","h":4,"H":"45-60","j":2,"J":"20-30","l":4,"L":"45-60","n":4,"N":"45-60","p":2,"P":"20-30"}},{"type":"Feature","geometry":{"type":"Polygon","coordinates":[[[127.06919,37.49703],[127.07595,37.49703],[127.07595,37.50378],[127.06919,37.50378],[127.06919,37.49703]]]},"properties":{"row":4,"col":28,"walk_min":6.5,"nearest_station_id":"kr_322","nearest_station_name":"학여울","a":3,"A":"30-45","c":3,"C":"30-45","e":1,"E":"10-20","g":3,"G":"30-45","i":2,"I":"20-30","k":3,"K":"30-45","m":3,"M":"30-45","o":4,"O":"45-60","b":3,"B":"30-45","d":3,"D":"30-45","f":1,"F":"10-20","h":3,"H":"30-45","j":2,"J":"20-30","l":3,"L":"30-45","n":3,"N":"30-45","p":4,"P":"45-60"}},{"type":"Feature","geometry":{"type":"Polygon","coordinates":[[[127.07595,37.50378],[127.0827,37.50378],[127.0827,37.51054],[127.07595,37.51054],[127.07595,37.50378]]]},"properties":{"row":5,"col":29,"walk_min":8.7,"nearest_station_id":"kr_012","nearest_station_name":"Sports Complex","a":3,"A":"30-45","c":3,"C":"30-45","e":1,"E":"10-20","g":3,"G":"30-45","i":3,"I":"30-45","k":1,"K":"10-20","m":2,"M":"20-30","o":4,"O":"45-60","b":3,"B":"30-45","d":3,"D":"30-45","f":1,"F":"10-20","h":3,"H":"30-45","j":3,"J":"30-45","l":1,"L":"10-20","n":2,"N":"20-30","p":4,"P":"45-60"}},{"type":"Feature","geometry":{"type":"Polygon","coordinates":[[[127.04216,37.57135],[127.04892,37.57135],[127.04892,37.57811],[127.04216,37.57811],[127.04216,37.57135]]]},"properties":{"row":15,"col":24,"walk_min":8.0,"nearest_station_id":"kr_221","nearest_station_name":"신답","a":2,"A":"20-30","c":2,"C":"20-30","e":3,"E":"30-45","g":2,"G":"20-30","i":4,"I":"45-60","k":3,"K":"30-45","m":2,"M":"20-30","o":3,"O":"30-45","b":2,"B":"20-30","d":2,"D":"20-30","f":3,"F":"30-45","h":2,"H":"20-30","j":4,"J":"45-60","l":3,"L":"30-45","n":2,"N":"20-30","p":3,"P":"30-45"}},{"type":"Feature","geometry":{"type":"Polygon","coordinates":[[[127.01514,37.47676],[127.02189,37.47676],[127.02189,37.48351],[127.01514,37.48351],[127.01514,37.47676]]]},"properties":{"row":1,"col":20,"walk_min":9.3,"nearest_station_id":"kr_152","nearest_station_name":"Nambu Bus Terminal (Seoul Arts Center)","a":3,"A":"30-45","c":3,"C":"30-45","e":1,"E":"10-20","g":3,"G":"30-45","i":1,"I":"10-20","k":2,"K":"20-30","m":3,"M":"30-45","o":3,"O":"30-45","b":3,"B":"30-45","d":3,"D":"30-45","f":1,"F":"10-20","h":3,"H":"30-45","j":1,"J":"10-20","l":2,"L":"20-30","n":3,"N":"30-45","p":3,"P":"30-45"}},{"type":"Feature","geometry":{"type":"Polygon","coordinates":[[[127.00162,37.47676],[127.00838,37.47676],[127.00838,37.48351],[127.00162,37.48351],[127.00162,37.47676]]]},"properties":{"row":1,"col":18,"walk_min":9.1,"nearest_station_id":"kr_344","nearest_station_name":"Bangbae","a":3,"A":"30-45","c":3,"C":"30-45","e":1,"E":"10-20","g":3,"G":"30-45","i":1,"I":"10-20","k":3,"K":"30-45","m":3,"M":"30-45","o":3,"O":"30-45","b":3,"B":"30-45","d":3,"D":"30-45","f":1,"F":"10-20","h":3,"H":"30-45","j":1,"J":"10-20","l":3,"L":"30-45","n":3,"N":"30-45","p":3,"P":"30-45"}},{"type":"Feature","geometry":{"type":"Polygon","coordinates":[[[126.96784,37.55784],[126.97459,37.55784],[126.97459,37.56459],[126.96784,37.56459],[126.96784,37.55784]]]},"properties":{"row":13,"col":13,"walk_min":8.2,"nearest_station_id":"kr_014","nearest_station_name":"City Hall","a":1,"A":"10-20","c":1,"C":"10-20","e":3,"E":"30-45","g":2,"G":"20-30","i":3,"I":"30-45","k":3,"K":"30-45","m":3,"M":"30-45","o":2,"O":"20-30","b":1,"B":"10-20","d":1,"D":"10-20","f":3,"F":"30-45","h":2,"H":"20-30","j":3,"J":"30-45","l":3,"L":"30-45","n":3,"N":"30-45","p":2,"P":"20-30"}},{"type":"Feature","geometry":{"type":"Polygon","coordinates":[[[126.89351,37.57135],[126.90027,37.57135],[126.90027,37.57811],[126.89351,37.57811],[126.89351,37.57135]]]},"properties":{"row":15,"col":2,"walk_min":8.7,"nearest_station_id":"kr_327","nearest_station_name":"디지털미디어시티","a":3,"A":"30-45","c":3,"C":"30-45","e":4,"E":"45-60","g":4,"G":"45-60","i":3,"I":"30-45","k":5,"K":"60-90","m":4,"M":"45-60","o":3,"O":"30-45","b":3,"B":"30-45","d":3,"D":"30-45","f":4,"F":"45-60","h":4,"H":"45-60","j":3,"J":"30-45","l":5,"L":"60-90","n":4,"N":"45-60","p":3,"P":"30-45"}},{"type":"Feature","geometry":{"type":"Polygon","coordinates":[[[127.02865,37.59162],[127.03541,37.59162],[127.03541,37.59838],[127.02865,37.59838],[127.02865,37.59162]]]},"properties":{"row":18,"col":22,"walk_min":8.7,"nearest_station_id":"kr_131","nearest_station_name":"Korea Univ.","a":2,"A":"20-30","c":2,"C":"20-30","e":3,"E":"30-45","g":2,"G":"20-30","i":4,"I":"45-60","k":4,"K":"45-60","m":3,"M":"30-45","o":3,"O":"30-45","b":2,"B":"20-30","d":2,"D":"20-30","f":3,"F":"30-45","h":2,"H":"20-30","j":4,"J":"45-60","l":4,"L":"45-60","n":3,"N":"30-45","p":3,"P":"30-45"}},{"type":"Feature","geometry":{"type":"Polygon","coordinates":[[[126.95432,37.47676],[126.96108,37.47676],[126.96108,37.48351],[126.95432,37.48351],[126.95432,37.47676]]]},"properties":{"row":1,"col":11,"walk_min":8.1,"nearest_station_id":"kr_370","nearest_station_name":"Seoul Nat'l University (Gwanak-gu Office)","a":3,"A":"30-45","c":3,"C":"30-45","e":2,"E":"20-30","g":4,"G":"45-60","i":1,"I":"10-20","k":3,"K":"30-45","m":4,"M":"45-60","o":3,"O":"30-45","b":3,"B":"30-45","d":3,"D":"30-45","f":2,"F":"20-30","h":4,"H":"45-60","j":1,"J":"10-20","l":3,"L":"30-45","n":4,"N":"45-60","p":3,"P":"30-45"}},{"type":"Feature","geometry":{"type":"Polygon","coordinates":[[[127.06919,37.53081],[127.07595,37.53081],[127.07595,37.53757],[127.06919,37.53757],[127.06919,37.53081]]]},"properties":{"row":9,"col":28,"walk_min":7.2,"nearest_station_id":"kr_181","nearest_station_name":"Jayang","a":3,"A":"30-45","c":3,"C":"30-45","e":2,"E":"20-30","g":2,"G":"20-30","i":3,"I":"30-45","k":3,"K":"30-45","m":2,"M":"20-30","o":4,"O":"45-60","b":3,"B":"30-45","d":3,"D":"30-45","f":2,"F":"20-30","h":2,"H":"20-30","j":3,"J":"30-45","l":3,"L":"30-45","n":2,"N":"20-30","p":4,"P":"45-60"}},{"type":"Feature","geometry":{"type":"Polygon","coordinates":[[[127.00838,37.58486],[127.01514,37.58486],[127.01514,37.59162],[127.00838,37.59162],[127.00838,37.58486]]]},"properties":{"row":17,"col":19,"walk_min":5.4,"nearest_station_id":"kr_061","nearest_station_name":"Hansung Univ. (Samseongyo)","a":2,"A":"20-30","c":1,"C":"10-20","e":3,"E":"30-45","g":1,"G":"10-20","i":3,"I":"30-45","k":3,"K":"30-45","m":2,"M":"20-30","o":3,"O":"30-45","b":2,"B":"20-30","d":1,"D":"10-20","f":3,"F":"30-45","h":1,"H":"10-20","j":3,"J":"30-45","l":3,"L":"30-45","n":2,"N":"20-30","p":3,"P":"30-45"}},{"type":"Feature","geometry":{"type":"Polygon","coordinates":[[[126.88676,37.47676],[126.89351,37.47676],[126.89351,37.48351],[126.88676,37.48351],[126.88676,37.47676]]]},"properties":{"row":1,"col":1,"walk_min":8.8,"nearest_station_id":"kr_291","nearest_station_name":"가산디지털단지","a":4,"A":"45-60","c":4,"C":"45-60","e":3,"E":"30-45","g":5,"G":"60-90","i":4,"I":"45-60","k":4,"K":"45-60","m":5,"M":"60-90","o":4,"O":"45-60","b":4,"B":"45-60","d":4,"D":"45-60","f":3,"F":"30-45","h":5,"H":"60-90","j":4,"J":"45-60","l":4,"L":"45-60","n":5,"N":"60-90","p":4,"P":"45-60"}},{"type":"Feature","geometry":{"type":"Polygon","coordinates":[[[126.90027,37.49703],[126.90703,37.49703],[126.90703,37.50378],[126.90027,37.50378],[126.90027,37.49703]]]},"properties":{"row":4,"col":3,"walk_min":7.4,"nearest_station_id":"kr_365","nearest_station_name":"신풍","a":4,"A":"45-60","c":4,"C":"45-60","e":3,"E":"30-45","g":4,"G":"45-60","i":3,"I":"30-45","k":4,"K":"45-60","m":5,"M":"60-90","o":4,"O":"45-60","b":4,"B":"45-60","d":4,"D":"45-60","f":3,"F":"30-45","h":4,"H":"45-60","j":3,"J":"30-45","l":4,"L":"45-60","n":5,"N":"60-90","p":4,"P":"45-60"}},{"type":"Feature","geometry":{"type":"Polygon","coordinates":[[[127.0827,37.59838],[127.08946,37.59838],[127.08946,37.60514],[127.0827,37.60514],[127.0827,37.59838]]]},"properties":{"row":19,"col":30,"walk_min":6.7,"nearest_station_id":"kr_158","nearest_station_name":"중화","a":3,"A":"30-45","c":3,"C":"30-45","e":4,"E":"45-60","g":2,"G":"20-30","i":4,"I":"45-60","k":4,"K":"45-60","m":3,"M":"30-45","o":4,"O":"45-60","b":3,"B":"30-45","d":3,"D":"30-45","f":4,"F":"45-60","h":2,"H":"20-30","j":4,"J":"45-60","l":4,"L":"45-60","n":3,"N":"30-45","p":4,"P":"45-60"}},{"type":"Feature","geometry":{"type":"Polygon","coordinates":[[[127.05568,37.55784],[127.06243,37.55784],[127.06243,37.56459],[127.05568,37.56459],[127.05568,37.55784]]]},"properties":{"row":13,"col":26,"walk_min":7.0,"nearest_station_id":"kr_103","nearest_station_name":"장한평","a":2,"A":"20-30","c":2,"C":"20-30","e":3,"E":"30-45","g":1,"G":"10-20","i":3,"I":"30-45","k":3,"K":"30-45","m":2,"M":"20-30","o":3,"O":"30-45","b":2,"B":"20-30","d":2,"D":"20-30","f":3,"F":"30-45","h":1,"H":"10-20","j":3,"J":"30-45","l":3,"L":"30-45","n":2,"N":"20-30","p":3,"P":"30-45"}},{"type":"Feature","geometry":{"type":"Polygon","coordinates":[[[126.90703,37.59838],[126.91378,37.59838],[126.91378,37.60514],[126.90703,37.60514],[126.90703,37.59838]]]},"properties":{"row":19,"col":4,"walk_min":8.2,"nearest_station_id":"kr_318","nearest_station_name":"응암","a":3,"A":"30-45","c":3,"C":"30-45","e":4,"E":"45-60","g":3,"G":"30-45","i":4,"I":"45-60","k":5,"K":"60-90","m":4,"M":"45-60","o":4,"O":"45-60","b":3,"B":"30-45","d":3,"D":"30-45","f":4,"F":"45-60","h":3,"H":"30-45","j":4,"J":"45-60","l":5,"L":"60-90","n":4,"N":"45-60","p":4,"P":"45-60"}},{"type":"Feature","geometry":{"type":"Polygon","coordinates":[[[126.96784,37.57811],[126.97459,37.57811],[126.97459,37.58486],[126.96784,37.58486],[126.96784,37.57811]]]},"properties":{"row":16,"col":13,"walk_min":7.7,"nearest_station_id":"kr_058","nearest_station_name":"경복궁","a":1,"A":"10-20","c":1,"C":"10-20","e":3,"E":"30-45","g":2,"G":"20-30","i":3,"I":"30-45","k":3,"K":"30-45","m":3,"M":"30-45","o":2,"O":"20-30","b":1,"B":"10-20","d":1,"D":"10-20","f":3,"F":"30-45","h":2,"H":"20-30","j":3,"J":"30-45","l":3,"L":"30-45","n":3,"N":"30-45","p":2,"P":"20-30"}},{"type":"Feature","geometry":{"type":"Polygon","coordinates":[[[126.97459,37.54432],[126.98135,37.54432],[126.98135,37.55108],[126.97459,37.55108],[126.97459,37.54432]]]},"properties":{"row":11,"col":14,"walk_min":7.4,"nearest_station_id":"kr_242","nearest_station_name":"Sookmyung Women's Univ.","a":0,"A":"<10","c":1,"C":"10-20","e":2,"E":"20-30","g":2,"G":"20-30","i":2,"I":"20-30","k":3,"K":"30-45","m":3,"M":"30-45","o":2,"O":"20-30","b":0,"B":"<10","d":1,"D":"10-20","f":2,"F":"20-30","h":2,"H":"20-30","j":2,"J":"20-30","l":3,"L":"30-45","n":3,"N":"30-45","p":2,"P":"20-30"}},{"type":"Feature","geometry":{"type":"Polygon","coordinates":[[[126.89351,37.48351],[126.90027,37.48351],[126.90027,37.49027],[126.89351,37.49027],[126.89351,37.48351]]]},"properties":{"row":2,"col":2,"walk_min":7.5,"nearest_station_id":"kr_288","nearest_station_name":"Guro Digital Complex","a":3,"A":"30-45","c":3,"C":"30-45","e":3,"E":"30-45","g":4,"G":"45-60","i":3,"I":"30-45","k":4,"K":"45-60","m":4,"M":"45-60","o":3,"O":"30-45","b":3,"B":"30-45","d":3,"D":"30-45","f":3,"F":"30-45","h":4,"H":"45-60","j":3,"J":"30-45","l":4,"L":"45-60","n":4,"N":"45-60","p":3,"P":"30-45"}},{"type":"Feature","geometry":{"type":"Polygon","coordinates":[[[126.91378,37.60514],[126.92054,37.60514],[126.92054,37.61189],[126.91378,37.61189],[126.91378,37.60514]]]},"properties":{"row":20,"col":5,"walk_min":8.5,"nearest_station_id":"kr_390","nearest_station_name":"구산","a":3,"A":"30-45","c":3,"C":"30-45","e":4,"E":"45-60","g":3,"G":"30-45","i":4,"I":"45-60","k":5,"K":"60-90","m":4,"M":"45-60","o":4,"O":"45-60","b":3,"B":"30-45","d":3,"D":"30-45","f":4,"F":"45-60","h":3,"H":"30-45","j":4,"J":"45-60","l":5,"L":"60-90","n":4,"N":"45-60","p":4,"P":"45-60"}},{"type":"Feature","geometry":{"type":"Polygon","coordinates":[[[127.05568,37.59162],[127.06243,37.59162],[127.06243,37.59838],[127.05568,37.59838],[127.05568,37.59162]]]},"properties":{"row":18,"col":26,"walk_min":6.6,"nearest_station_id":"kr_034","nearest_station_name":"Hankuk University of Foreign Studies","a":2,"A":"20-30","c":2,"C":"20-30","e":3,"E":"30-45","g":2,"G":"20-30","i":4,"I":"45-60","k":3,"K":"30-45","m":2,"M":"20-30","o":3,"O":"30-45","b":2,"B":"20-30","d":2,"D":"20-30","f":3,"F":"30-45","h":2,"H":"20-30","j":4,"J":"45-60","l":3,"L":"30-45","n":2,"N":"20-30","p":3,"P":"30-45"}},{"type":"Feature","geometry":{"type":"Polygon","coordinates":[[[126.98135,37.50378],[126.98811,37.50378],[126.98811,37.51054],[126.98135,37.51054],[126.98135,37.50378]]]},"properties":{"row":5,"col":15,"walk_min":9.4,"nearest_station_id":"kr_003","nearest_station_name":"Dongjak","a":2,"A":"20-30","c":2,"C":"20-30","e":1,"E":"10-20","g":3,"G":"30-45","i":1,"I":"10-20","k":3,"K":"30-45","m":3,"M":"30-45","o":3,"O":"30-45","b":2,"B":"20-30","d":2,"D":"20-30","f":1,"F":"10-20","h":3,"H":"30-45","j":1,"J":"10-20","l":3,"L":"30-45","n":3,"N":"30-45","p":3,"P":"30-45"}},{"type":"Feature","geometry":{"type":"Polygon","coordinates":[[[127.02865,37.5173],[127.03541,37.5173],[127.03541,37.52405],[127.02865,37.52405],[127.02865,37.5173]]]},"properties":{"row":7,"col":22,"walk_min":7.8,"nearest_station_id":"kr_138","nearest_station_name":"압구정","a":2,"A":"20-30","c":2,"C":"20-30","e":1,"E":"10-20","g":2,"G":"20-30","i":2,"I":"20-30","k":3,"K":"30-45","m":3,"M":"30-45","o":3,"O":"30-45","b":2,"B":"20-30","d":2,"D":"20-30","f":1,"F":"10-20","h":2,"H":"20-30","j":2,"J":"20-30","l":3,"L":"30-45","n":3,"N":"30-45","p":3,"P":"30-45"}},{"type":"Feature","geometry":{"type":"Polygon","coordinates":[[[126.90703,37.55784],[126.91378,37.55784],[126.91378,37.56459],[126.90703,37.56459],[126.90703,37.55784]]]},"properties":{"row":13,"col":4,"walk_min":7.4,"nearest_station_id":"kr_240","nearest_station_name":"망원","a":2,"A":"20-30","c":3,"C":"30-45","e":3,"E":"30-45","g":3,"G":"30-45","i":3,"I":"30-45","k":4,"K":"45-60","m":4,"M":"45-60","o":3,"O":"30-45","b":2,"B":"20-30","d":3,"D":"30-45","f":3,"F":"30-45","h":3,"H":"30-45","j":3,"J":"30-45","l":4,"L":"45-60","n":4,"N":"45-60","p":3,"P":"30-45"}},{"type":"Feature","geometry":{"type":"Polygon","coordinates":[[[126.98811,37.47676],[126.99486,37.47676],[126.99486,37.48351],[126.98811,37.48351],[126.98811,37.47676]]]},"properties":{"row":1,"col":16,"walk_min":7.5,"nearest_station_id":"kr_344","nearest_station_name":"Bangbae","a":3,"A":"30-45","c":3,"C":"30-45","e":1,"E":"10-20","g":3,"G":"30-45","i":1,"I":"10-20","k":3,"K":"30-45","m":3,"M":"30-45","o":3,"O":"30-45","b":3,"B":"30-45","d":3,"D":"30-45","f":1,"F":"10-20","h":3,"H":"30-45","j":1,"J":"10-20","l":3,"L":"30-45","n":3,"N":"30-45","p":3,"P":"30-45"}},{"type":"Feature","geometry":{"type":"Polygon","coordinates":[[[127.02189,37.60514],[127.02865,37.60514],[127.02865,37.61189],[127.02189,37.61189],[127.02189,37.60514]]]},"properties":{"row":20,"col":21,"walk_min":7.7,"nearest_station_id":"kr_082","nearest_station_name":"Gireum","a":2,"A":"20-30","c":2,"C":"20-30","e":3,"E":"30-45","g":2,"G":"20-30","i":4,"I":"45-60","k":4,"K":"45-60","m":3,"M":"30-45","o":3,"O":"30-45","b":2,"B":"20-30","d":2,"D":"20-30","f":3,"F":"30-45","h":2,"H":"20-30","j":4,"J":"45-60","l":4,"L":"45-60","n":3,"N":"30-45","p":3,"P":"30-45"}},{"type":"Feature","geometry":{"type":"Polygon","coordinates":[[[127.00838,37.47676],[127.01514,37.47676],[127.01514,37.48351],[127.00838,37.48351],[127.00838,37.47676]]]},"properties":{"row":1,"col":19,"walk_min":8.8,"nearest_station_id":"kr_152","nearest_station_name":"Nambu Bus Terminal (Seoul Arts Center)","a":3,"A":"30-45","c":3,"C":"30-45","e":1,"E":"10-20","g":3,"G":"30-45","i":1,"I":"10-20","k":2,"K":"20-30","m":3,"M":"30-45","o":3,"O":"30-45","b":3,"B":"30-45","d":3,"D":"30-45","f":1,"F":"10-20","h":3,"H":"30-45","j":1,"J":"10-20","l":2,"L":"20-30","n":3,"N":"30-45","p":3,"P":"30-45"}},{"type":"Feature","geometry":{"type":"Polygon","coordinates":[[[127.00162,37.53081],[127.00838,37.53081],[127.00838,37.53757],[127.00162,37.53757],[127.00162,37.53081]]]},"properties":{"row":9,"col":18,"walk_min":11.3,"nearest_station_id":"kr_334","nearest_station_name":"한강진","a":2,"A":"20-30","c":2,"C":"20-30","e":3,"E":"30-45","g":2,"G":"20-30","i":3,"I":"30-45","k":3,"K":"30-45","m":3,"M":"30-45","o":3,"O":"30-45","b":2,"B":"20-30","d":2,"D":"20-30","f":3,"F":"30-45","h":2,"H":"20-30","j":3,"J":"30-45","l":3,"L":"30-45","n":3,"N":"30-45","p":3,"P":"30-45"}},{"type":"Feature","geometry":{"type":"Polygon","coordinates":[[[127.00838,37.53757],[127.01514,37.53757],[127.01514,37.54432],[127.00838,37.54432],[127.00838,37.53757]]]},"properties":{"row":10,"col":19,"walk_min":9.3,"nearest_station_id":"kr_059","nearest_station_name":"Oksu","a":2,"A":"20-30","c":2,"C":"20-30","e":2,"E":"20-30","g":2,"G":"20-30","i":3,"I":"30-45","k":3,"K":"30-45","m":3,"M":"30-45","o":3,"O":"30-45","b":2,"B":"20-30","d":2,"D":"20-30","f":2,"F":"20-30","h":2,"H":"20-30","j":3,"J":"30-45","l":3,"L":"30-45","n":3,"N":"30-45","p":3,"P":"30-45"}},{"type":"Feature","geometry":{"type":"Polygon","coordinates":[[[126.9273,37.55108],[126.93405,37.55108],[126.93405,37.55784],[126.9273,37.55784],[126.9273,37.55108]]]},"properties":{"row":12,"col":7,"walk_min":5.9,"nearest_station_id":"kr_376","nearest_station_name":"Sinchon","a":1,"A":"10-20","c":1,"C":"10-20","e":3,"E":"30-45","g":2,"G":"20-30","i":3,"I":"30-45","k":4,"K":"45-60","m":3,"M":"30-45","o":1,"O":"10-20","b":1,"B":"10-20","d":1,"D":"10-20","f":3,"F":"30-45","h":2,"H":"20-30","j":3,"J":"30-45","l":4,"L":"45-60","n":3,"N":"30-45","p":1,"P":"10-20"}},{"type":"Feature","geometry":{"type":"Polygon","coordinates":[[[126.94081,37.57811],[126.94757,37.57811],[126.94757,37.58486],[126.94081,37.58486],[126.94081,37.57811]]]},"properties":{"row":16,"col":9,"walk_min":11.7,"nearest_station_id":"kr_096","nearest_station_name":"Muakjae","a":2,"A":"20-30","c":2,"C":"20-30","e":4,"E":"45-60","g":3,"G":"30-45","i":4,"I":"45-60","k":4,"K":"45-60","m":3,"M":"30-45","o":3,"O":"30-45","b":2,"B":"20-30","d":2,"D":"20-30","f":4,"F":"45-60","h":3,"H":"30-45","j":4,"J":"45-60","l":4,"L":"45-60","n":3,"N":"30-45","p":3,"P":"30-45"}},{"type":"Feature","geometry":{"type":"Polygon","coordinates":[[[126.92054,37.48351],[126.9273,37.48351],[126.9273,37.49027],[126.92054,37.49027],[126.92054,37.48351]]]},"properties":{"row":2,"col":6,"walk_min":8.3,"nearest_station_id":"kr_375","nearest_station_name":"Sillim","a":3,"A":"30-45","c":3,"C":"30-45","e":3,"E":"30-45","g":4,"G":"45-60","i":2,"I":"20-30","k":4,"K":"45-60","m":4,"M":"45-60","o":3,"O":"30-45","b":3,"B":"30-45","d":3,"D":"30-45","f":3,"F":"30-45","h":4,"H":"45-60","j":2,"J":"20-30","l":4,"L":"45-60","n":4,"N":"45-60","p":3,"P":"30-45"}},{"type":"Feature","geometry":{"type":"Polygon","coordinates":[[[127.0827,37.49027],[127.08946,37.49027],[127.08946,37.49703],[127.0827,37.49703],[127.0827,37.49027]]]},"properties":{"row":3,"col":30,"walk_min":7.1,"nearest_station_id":"kr_348","nearest_station_name":"대청","a":4,"A":"45-60","c":4,"C":"45-60","e":2,"E":"20-30","g":4,"G":"45-60","i":3,"I":"30-45","k":3,"K":"30-45","m":3,"M":"30-45","o":4,"O":"45-60","b":4,"B":"45-60","d":4,"D":"45-60","f":2,"F":"20-30","h":4,"H":"45-60","j":3,"J":"30-45","l":3,"L":"30-45","n":3,"N":"30-45","p":4,"P":"45-60"}},{"type":"Feature","geometry":{"type":"Polygon","coordinates":[[[126.94081,37.53081],[126.94757,37.53081],[126.94757,37.53757],[126.94081,37.53757],[126.94081,37.53081]]]},"properties":{"row":9,"col":9,"walk_min":5.8,"nearest_station_id":"kr_193","nearest_station_name":"마포","a":1,"A":"10-20","c":1,"C":"10-20","e":3,"E":"30-45","g":2,"G":"20-30","i":2,"I":"20-30","k":3,"K":"30-45","m":3,"M":"30-45","o":2,"O":"20-30","b":1,"B":"10-20","d":1,"D":"10-20","f":3,"F":"30-45","h":2,"H":"20-30","j":2,"J":"20-30","l":3,"L":"30-45","n":3,"N":"30-45","p":2,"P":"20-30"}},{"type":"Feature","geometry":{"type":"Polygon","coordinates":[[[126.90027,37.55108],[126.90703,37.55108],[126.90703,37.55784],[126.90027,37.55784],[126.90027,37.55108]]]},"properties":{"row":12,"col":3,"walk_min":7.3,"nearest_station_id":"kr_240","nearest_station_name":"망원","a":2,"A":"20-30","c":3,"C":"30-45","e":3,"E":"30-45","g":3,"G":"30-45","i":3,"I":"30-45","k":4,"K":"45-60","m":4,"M":"45-60","o":3,"O":"30-45","b":2,"B":"20-30","d":3,"D":"30-45","f":3,"F":"30-45","h":3,"H":"30-45","j":3,"J":"30-45","l":4,"L":"45-60","n":4,"N":"45-60","p":3,"P":"30-45"}},{"type":"Feature","geometry":{"type":"Polygon","coordinates":[[[126.98811,37.49027],[126.99486,37.49027],[126.99486,37.49703],[126.98811,37.49703],[126.98811,37.49027]]]},"properties":{"row":3,"col":16,"walk_min":9.0,"nearest_station_id":"kr_135","nearest_station_name":"Naebang","a":2,"A":"20-30","c":3,"C":"30-45","e":1,"E":"10-20","g":3,"G":"30-45","i":2,"I":"20-30","k":3,"K":"30-45","m":3,"M":"30-45","o":3,"O":"30-45","b":2,"B":"20-30","d":3,"D":"30-45","f":1,"F":"10-20","h":3,"H":"30-45","j":2,"J":"20-30","l":3,"L":"30-45","n":3,"N":"30-45","p":3,"P":"30-45"}},{"type":"Feature","geometry":{"type":"Polygon","coordinates":[[[127.05568,37.53081],[127.06243,37.53081],[127.06243,37.53757],[127.05568,37.53757],[127.05568,37.53081]]]},"properties":{"row":9,"col":26,"walk_min":10.3,"nearest_station_id":"kr_181","nearest_station_name":"Jayang","a":3,"A":"30-45","c":3,"C":"30-45","e":3,"E":"30-45","g":2,"G":"20-30","i":3,"I":"30-45","k":3,"K":"30-45","m":3,"M":"30-45","o":4,"O":"45-60","b":3,"B":"30-45","d":3,"D":"30-45","f":3,"F":"30-45","h":2,"H":"20-30","j":3,"J":"30-45","l":3,"L":"30-45","n":3,"N":"30-45","p":4,"P":"45-60"}},{"type":"Feature","geometry":{"type":"Polygon","coordinates":[[[126.90027,37.57811],[126.90703,37.57811],[126.90703,37.58486],[126.90027,37.58486],[126.90027,37.57811]]]},"properties":{"row":16,"col":3,"walk_min":8.5,"nearest_station_id":"kr_327","nearest_station_name":"디지털미디어시티","a":3,"A":"30-45","c":3,"C":"30-45","e":4,"E":"45-60","g":4,"G":"45-60","i":4,"I":"45-60","k":5,"K":"60-90","m":4,"M":"45-60","o":4,"O":"45-60","b":3,"B":"30-45","d":3,"D":"30-45","f":4,"F":"45-60","h":4,"H":"45-60","j":4,"J":"45-60","l":5,"L":"60-90","n":4,"N":"45-60","p":4,"P":"45-60"}},{"type":"Feature","geometry":{"type":"Polygon","coordinates":[[[126.90703,37.56459],[126.91378,37.56459],[126.91378,37.57135],[126.90703,37.57135],[126.90703,37.56459]]]},"properties":{"row":14,"col":4,"walk_min":9.9,"nearest_station_id":"kr_259","nearest_station_name":"마포구청","a":3,"A":"30-45","c":3,"C":"30-45","e":4,"E":"45-60","g":4,"G":"45-60","i":3,"I":"30-45","k":5,"K":"60-90","m":4,"M":"45-60","o":3,"O":"30-45","b":3,"B":"30-45","d":3,"D":"30-45","f":4,"F":"45-60","h":4,"H":"45-60","j":3,"J":"30-45","l":5,"L":"60-90","n":4,"N":"45-60","p":3,"P":"30-45"}},{"type":"Feature","geometry":{"type":"Polygon","coordinates":[[[126.94757,37.55784],[126.95432,37.55784],[126.95432,37.56459],[126.94757,37.56459],[126.94757,37.55784]]]},"properties":{"row":13,"col":10,"walk_min":8.4,"nearest_station_id":"kr_326","nearest_station_name":"Ahyeon","a":1,"A":"10-20","c":1,"C":"10-20","e":3,"E":"30-45","g":2,"G":"20-30","i":3,"I":"30-45","k":4,"K":"45-60","m":3,"M":"30-45","o":1,"O":"10-20","b":1,"B":"10-20","d":1,"D":"10-20","f":3,"F":"30-45","h":2,"H":"20-30","j":3,"J":"30-45","l":4,"L":"45-60","n":3,"N":"30-45","p":1,"P":"10-20"}},{"type":"Feature","geometry":{"type":"Polygon","coordinates":[[[127.06919,37.52405],[127.07595,37.52405],[127.07595,37.53081],[127.06919,37.53081],[127.06919,37.52405]]]},"properties":{"row":8,"col":28,"walk_min":9.3,"nearest_station_id":"kr_181","nearest_station_name":"Jayang","a":3,"A":"30-45","c":3,"C":"30-45","e":2,"E":"20-30","g":2,"G":"20-30","i":3,"I":"30-45","k":3,"K":"30-45","m":3,"M":"30-45","o":4,"O":"45-60","b":3,"B":"30-45","d":3,"D":"30-45","f":2,"F":"20-30","h":2,"H":"20-30","j":3,"J":"30-45","l":3,"L":"30-45","n":3,"N":"30-45","p":4,"P":"45-60"}},{"type":"Feature","geometry":{"type":"Polygon","coordinates":[[[127.06243,37.49703],[127.06919,37.49703],[127.06919,37.50378],[127.06243,37.50378],[127.06243,37.49703]]]},"properties":{"row":4,"col":27,"walk_min":10.2,"nearest_station_id":"kr_322","nearest_station_name":"학여울","a":3,"A":"30-45","c":4,"C":"45-60","e":2,"E":"20-30","g":3,"G":"30-45","i":3,"I":"30-45","k":3,"K":"30-45","m":3,"M":"30-45","o":4,"O":"45-60","b":3,"B":"30-45","d":4,"D":"45-60","f":2,"F":"20-30","h":3,"H":"30-45","j":3,"J":"30-45","l":3,"L":"30-45","n":3,"N":"30-45","p":4,"P":"45-60"}},{"type":"Feature","geometry":{"type":"Polygon","coordinates":[[[126.9273,37.49027],[126.93405,37.49027],[126.93405,37.49703],[126.9273,37.49703],[126.9273,37.49027]]]},"properties":{"row":3,"col":7,"walk_min":8.4,"nearest_station_id":"kr_299","nearest_station_name":"신대방삼거리","a":3,"A":"30-45","c":4,"C":"45-60","e":3,"E":"30-45","g":4,"G":"45-60","i":3,"I":"30-45","k":4,"K":"45-60","m":4,"M":"45-60","o":4,"O":"45-60","b":3,"B":"30-45","d":4,"D":"45-60","f":3,"F":"30-45","h":4,"H":"45-60","j":3,"J":"30-45","l":4,"L":"45-60","n":4,"N":"45-60","p":4,"P":"45-60"}},{"type":"Feature","geometry":{"type":"Polygon","coordinates":[[[127.06919,37.59838],[127.07595,37.59838],[127.07595,37.60514],[127.06919,37.60514],[127.06919,37.59838]]]},"properties":{"row":19,"col":28,"walk_min":8.0,"nearest_station_id":"kr_037","nearest_station_name":"Sinimun (Korea National University of Arts)","a":3,"A":"30-45","c":3,"C":"30-45","e":4,"E":"45-60","g":3,"G":"30-45","i":4,"I":"45-60","k":4,"K":"45-60","m":3,"M":"30-45","o":4,"O":"45-60","b":3,"B":"30-45","d":3,"D":"30-45","f":4,"F":"45-60","h":3,"H":"30-45","j":4,"J":"45-60","l":4,"L":"45-60","n":3,"N":"30-45","p":4,"P":"45-60"}},{"type":"Feature","geometry":{"type":"Polygon","coordinates":[[[126.92054,37.47676],[126.9273,37.47676],[126.9273,37.48351],[126.92054,37.48351],[126.92054,37.47676]]]},"properties":{"row":1,"col":6,"walk_min":10.0,"nearest_station_id":"kr_375","nearest_station_name":"Sillim","a":3,"A":"30-45","c":3,"C":"30-45","e":3,"E":"30-45","g":4,"G":"45-60","i":2,"I":"20-30","k":4,"K":"45-60","m":4,"M":"45-60","o":3,"O":"30-45","b":3,"B":"30-45","d":3,"D":"30-45","f":3,"F":"30-45","h":4,"H":"45-60","j":2,"J":"20-30","l":4,"L":"45-60","n":4,"N":"45-60","p":3,"P":"30-45"}},{"type":"Feature","geometry":{"type":"Polygon","coordinates":[[[127.02189,37.57811],[127.02865,37.57811],[127.02865,37.58486],[127.02189,37.58486],[127.02189,37.57811]]]},"properties":{"row":16,"col":21,"walk_min":7.3,"nearest_station_id":"kr_122","nearest_station_name":"안암","a":2,"A":"20-30","c":2,"C":"20-30","e":3,"E":"30-45","g":2,"G":"20-30","i":3,"I":"30-45","k":3,"K":"30-45","m":2,"M":"20-30","o":3,"O":"30-45","b":2,"B":"20-30","d":2,"D":"20-30","f":3,"F":"30-45","h":2,"H":"20-30","j":3,"J":"30-45","l":3,"L":"30-45","n":2,"N":"20-30","p":3,"P":"30-45"}},{"type":"Feature","geometry":{"type":"Polygon","coordinates":[[[127.04216,37.53757],[127.04892,37.53757],[127.04892,37.54432],[127.04216,37.54432],[127.04216,37.53757]]]},"properties":{"row":10,"col":24,"walk_min":9.5,"nearest_station_id":"kr_285","nearest_station_name":"Ttukseom","a":2,"A":"20-30","c":2,"C":"20-30","e":3,"E":"30-45","g":1,"G":"10-20","i":4,"I":"45-60","k":2,"K":"20-30","m":1,"M":"10-20","o":3,"O":"30-45","b":2,"B":"20-30","d":2,"D":"20-30","f":3,"F":"30-45","h":1,"H":"10-20","j":4,"J":"45-60","l":2,"L":"20-30","n":1,"N":"10-20","p":3,"P":"30-45"}},{"type":"Feature","geometry":{"type":"Polygon","coordinates":[[[126.95432,37.47],[126.96108,37.47],[126.96108,37.47676],[126.95432,37.47676],[126.95432,37.47]]]},"properties":{"row":0,"col":11,"walk_min":10.8,"nearest_station_id":"kr_319","nearest_station_name":"Nakseongdae","a":3,"A":"30-45","c":3,"C":"30-45","e":2,"E":"20-30","g":4,"G":"45-60","i":1,"I":"10-20","k":3,"K":"30-45","m":4,"M":"45-60","o":3,"O":"30-45","b":3,"B":"30-45","d":3,"D":"30-45","f":2,"F":"20-30","h":4,"H":"45-60","j":1,"J":"10-20","l":3,"L":"30-45","n":4,"N":"45-60","p":3,"P":"30-45"}},{"type":"Feature","geometry":{"type":"Polygon","coordinates":[[[126.90703,37.49027],[126.91378,37.49027],[126.91378,37.49703],[126.90703,37.49703],[126.90703,37.49027]]]},"properties":{"row":3,"col":4,"walk_min":7.6,"nearest_station_id":"kr_336","nearest_station_name":"Sindaebang","a":3,"A":"30-45","c":3,"C":"30-45","e":3,"E":"30-45","g":4,"G":"45-60","i":3,"I":"30-45","k":4,"K":"45-60","m":4,"M":"45-60","o":3,"O":"30-45","b":3,"B":"30-45","d":3,"D":"30-45","f":3,"F":"30-45","h":4,"H":"45-60","j":3,"J":"30-45","l":4,"L":"45-60","n":4,"N":"45-60","p":3,"P":"30-45"}},{"type":"Feature","geometry":{"type":"Polygon","coordinates":[[[126.90027,37.58486],[126.90703,37.58486],[126.90703,37.59162],[126.90027,37.59162],[126.90027,37.58486]]]},"properties":{"row":17,"col":3,"walk_min":9.2,"nearest_station_id":"kr_339","nearest_station_name":"증산","a":3,"A":"30-45","c":3,"C":"30-45","e":4,"E":"45-60","g":4,"G":"45-60","i":4,"I":"45-60","k":5,"K":"60-90","m":4,"M":"45-60","o":4,"O":"45-60","b":3,"B":"30-45","d":3,"D":"30-45","f":4,"F":"45-60","h":4,"H":"45-60","j":4,"J":"45-60","l":5,"L":"60-90","n":4,"N":"45-60","p":4,"P":"45-60"}},{"type":"Feature","geometry":{"type":"Polygon","coordinates":[[[127.0827,37.55108],[127.08946,37.55108],[127.08946,37.55784],[127.0827,37.55784],[127.0827,37.55108]]]},"properties":{"row":12,"col":30,"walk_min":9.3,"nearest_station_id":"kr_087","nearest_station_name":"아차산","a":3,"A":"30-45","c":3,"C":"30-45","e":3,"E":"30-45","g":2,"G":"20-30","i":3,"I":"30-45","k":3,"K":"30-45","m":2,"M":"20-30","o":4,"O":"45-60","b":3,"B":"30-45","d":3,"D":"30-45","f":3,"F":"30-45","h":2,"H":"20-30","j":3,"J":"30-45","l":3,"L":"30-45","n":2,"N":"20-30","p":4,"P":"45-60"}},{"type":"Feature","geometry":{"type":"Polygon","coordinates":[[[126.96108,37.57135],[126.96784,37.57135],[126.96784,37.57811],[126.96108,37.57811],[126.96108,37.57135]]]},"properties":{"row":15,"col":12,"walk_min":8.6,"nearest_station_id":"kr_063","nearest_station_name":"독립문","a":2,"A":"20-30","c":1,"C":"10-20","e":3,"E":"30-45","g":2,"G":"20-30","i":3,"I":"30-45","k":4,"K":"45-60","m":3,"M":"30-45","o":3,"O":"30-45","b":2,"B":"20-30","d":1,"D":"10-20","f":3,"F":"30-45","h":2,"H":"20-30","j":3,"J":"30-45","l":4,"L":"45-60","n":3,"N":"30-45","p":3,"P":"30-45"}},{"type":"Feature","geometry":{"type":"Polygon","coordinates":[[[126.95432,37.54432],[126.96108,37.54432],[126.96108,37.55108],[126.95432,37.55108],[126.95432,37.54432]]]},"properties":{"row":11,"col":11,"walk_min":8.3,"nearest_station_id":"kr_257","nearest_station_name":"애오개","a":1,"A":"10-20","c":2,"C":"20-30","e":3,"E":"30-45","g":2,"G":"20-30","i":2,"I":"20-30","k":4,"K":"45-60","m":3,"M":"30-45","o":2,"O":"20-30","b":1,"B":"10-20","d":2,"D":"20-30","f":3,"F":"30-45","h":2,"H":"20-30","j":2,"J":"20-30","l":4,"L":"45-60","n":3,"N":"30-45","p":2,"P":"20-30"}},{"type":"Feature","geometry":{"type":"Polygon","coordinates":[[[126.95432,37.50378],[126.96108,37.50378],[126.96108,37.51054],[126.95432,37.51054],[126.95432,37.50378]]]},"properties":{"row":5,"col":11,"walk_min":7.6,"nearest_station_id":"kr_404","nearest_station_name":"Heukseok","a":2,"A":"20-30","c":2,"C":"20-30","e":2,"E":"20-30","g":3,"G":"30-45","i":2,"I":"20-30","k":3,"K":"30-45","m":4,"M":"45-60","o":2,"O":"20-30","b":2,"B":"20-30","d":2,"D":"20-30","f":2,"F":"20-30","h":3,"H":"30-45","j":2,"J":"20-30","l":3,"L":"30-45","n":4,"N":"45-60","p":2,"P":"20-30"}},{"type":"Feature","geometry":{"type":"Polygon","coordinates":[[[126.9273,37.55784],[126.93405,37.55784],[126.93405,37.56459],[126.9273,37.56459],[126.9273,37.55784]]]},"properties":{"row":13,"col":7,"walk_min":9.5,"nearest_station_id":"kr_368","nearest_station_name":"Hongik University","a":2,"A":"20-30","c":1,"C":"10-20","e":3,"E":"30-45","g":3,"G":"30-45","i":3,"I":"30-45","k":4,"K":"45-60","m":3,"M":"30-45","o":1,"O":"10-20","b":2,"B":"20-30","d":1,"D":"10-20","f":3,"F":"30-45","h":3,"H":"30-45","j":3,"J":"30-45","l":4,"L":"45-60","n":3,"N":"30-45","p":1,"P":"10-20"}},{"type":"Feature","geometry":{"type":"Polygon","coordinates":[[[127.02865,37.56459],[127.03541,37.56459],[127.03541,37.57135],[127.02865,37.57135],[127.02865,37.56459]]]},"properties":{"row":14,"col":22,"walk_min":8.4,"nearest_station_id":"kr_076","nearest_station_name":"Sangwangsimni","a":2,"A":"20-30","c":2,"C":"20-30","e":3,"E":"30-45","g":1,"G":"10-20","i":3,"I":"30-45","k":3,"K":"30-45","m":1,"M":"10-20","o":3,"O":"30-45","b":2,"B":"20-30","d":2,"D":"20-30","f":3,"F":"30-45","h":1,"H":"10-20","j":3,"J":"30-45","l":3,"L":"30-45","n":1,"N":"10-20","p":3,"P":"30-45"}},{"type":"Feature","geometry":{"type":"Polygon","coordinates":[[[126.96108,37.54432],[126.96784,37.54432],[126.96784,37.55108],[126.96108,37.55108],[126.96108,37.54432]]]},"properties":{"row":11,"col":12,"walk_min":8.9,"nearest_station_id":"kr_242","nearest_station_name":"Sookmyung Women's Univ.","a":1,"A":"10-20","c":1,"C":"10-20","e":3,"E":"30-45","g":2,"G":"20-30","i":2,"I":"20-30","k":4,"K":"45-60","m":3,"M":"30-45","o":2,"O":"20-30","b":1,"B":"10-20","d":1,"D":"10-20","f":3,"F":"30-45","h":2,"H":"20-30","j":2,"J":"20-30","l":4,"L":"45-60","n":3,"N":"30-45","p":2,"P":"20-30"}},{"type":"Feature","geometry":{"type":"Polygon","coordinates":[[[126.90027,37.49027],[126.90703,37.49027],[126.90703,37.49703],[126.90027,37.49703],[126.90027,37.49027]]]},"properties":{"row":3,"col":3,"walk_min":7.3,"nearest_station_id":"kr_343","nearest_station_name":"대림","a":4,"A":"45-60","c":4,"C":"45-60","e":3,"E":"30-45","g":4,"G":"45-60","i":3,"I":"30-45","k":4,"K":"45-60","m":5,"M":"60-90","o":4,"O":"45-60","b":4,"B":"45-60","d":4,"D":"45-60","f":3,"F":"30-45","h":4,"H":"45-60","j":3,"J":"30-45","l":4,"L":"45-60","n":5,"N":"60-90","p":4,"P":"45-60"}},{"type":"Feature","geometry":{"type":"Polygon","coordinates":[[[127.03541,37.60514],[127.04216,37.60514],[127.04216,37.61189],[127.03541,37.61189],[127.03541,37.60514]]]},"properties":{"row":20,"col":23,"walk_min":11.4,"nearest_station_id":"kr_142","nearest_station_name":"월곡","a":3,"A":"30-45","c":3,"C":"30-45","e":3,"E":"30-45","g":3,"G":"30-45","i":4,"I":"45-60","k":4,"K":"45-60","m":3,"M":"30-45","o":4,"O":"45-60","b":3,"B":"30-45","d":3,"D":"30-45","f":3,"F":"30-45","h":3,"H":"30-45","j":4,"J":"45-60","l":4,"L":"45-60","n":3,"N":"30-45","p":4,"P":"45-60"}},{"type":"Feature","geometry":{"type":"Polygon","coordinates":[[[127.02865,37.49027],[127.03541,37.49027],[127.03541,37.49703],[127.02865,37.49703],[127.02865,37.49027]]]},"properties":{"row":3,"col":22,"walk_min":9.5,"nearest_station_id":"kr_027","nearest_station_name":"Gangnam","a":3,"A":"30-45","c":3,"C":"30-45","e":1,"E":"10-20","g":3,"G":"30-45","i":2,"I":"20-30","k":2,"K":"20-30","m":3,"M":"30-45","o":3,"O":"30-45","b":3,"B":"30-45","d":3,"D":"30-45","f":1,"F":"10-20","h":3,"H":"30-45","j":2,"J":"20-30","l":2,"L":"20-30","n":3,"N":"30-45","p":3,"P":"30-45"}},{"type":"Feature","geometry":{"type":"Polygon","coordinates":[[[127.04892,37.57811],[127.05568,37.57811],[127.05568,37.58486],[127.04892,37.58486],[127.04892,37.57811]]]},"properties":{"row":16,"col":25,"walk_min":8.9,"nearest_station_id":"kr_028","nearest_station_name":"Cheongnyangni (University of Seoul)","a":2,"A":"20-30","c":2,"C":"20-30","e":3,"E":"30-45","g":2,"G":"20-30","i":4,"I":"45-60","k":3,"K":"30-45","m":2,"M":"20-30","o":3,"O":"30-45","b":2,"B":"20-30","d":2,"D":"20-30","f":3,"F":"30-45","h":2,"H":"20-30","j":4,"J":"45-60","l":3,"L":"30-45","n":2,"N":"20-30","p":3,"P":"30-45"}},{"type":"Feature","geometry":{"type":"Polygon","coordinates":[[[126.97459,37.57811],[126.98135,37.57811],[126.98135,37.58486],[126.97459,37.58486],[126.97459,37.57811]]]},"properties":{"row":16,"col":14,"walk_min":9.4,"nearest_station_id":"kr_058","nearest_station_name":"경복궁","a":1,"A":"10-20","c":1,"C":"10-20","e":3,"E":"30-45","g":2,"G":"20-30","i":3,"I":"30-45","k":3,"K":"30-45","m":3,"M":"30-45","o":2,"O":"20-30","b":1,"B":"10-20","d":1,"D":"10-20","f":3,"F":"30-45","h":2,"H":"20-30","j":3,"J":"30-45","l":3,"L":"30-45","n":3,"N":"30-45","p":2,"P":"20-30"}},{"type":"Feature","geometry":{"type":"Polygon","coordinates":[[[126.91378,37.53081],[126.92054,37.53081],[126.92054,37.53757],[126.91378,37.53757],[126.91378,37.53081]]]},"properties":{"row":9,"col":5,"walk_min":16.7,"nearest_station_id":"kr_431","nearest_station_name":"National Assembly","a":3,"A":"30-45","c":3,"C":"30-45","e":3,"E":"30-45","g":4,"G":"45-60","i":3,"I":"30-45","k":4,"K":"45-60","m":4,"M":"45-60","o":2,"O":"20-30","b":3,"B":"30-45","d":3,"D":"30-45","f":3,"F":"30-45","h":4,"H":"45-60","j":3,"J":"30-45","l":4,"L":"45-60","n":4,"N":"45-60","p":2,"P":"20-30"}},{"type":"Feature","geometry":{"type":"Polygon","coordinates":[[[127.07595,37.60514],[127.0827,37.60514],[127.0827,37.61189],[127.07595,37.61189],[127.07595,37.60514]]]},"properties":{"row":20,"col":29,"walk_min":9.8,"nearest_station_id":"kr_163","nearest_station_name":"먹골","a":4,"A":"45-60","c":3,"C":"30-45","e":4,"E":"45-60","g":3,"G":"30-45","i":4,"I":"45-60","k":4,"K":"45-60","m":3,"M":"30-45","o":4,"O":"45-60","b":4,"B":"45-60","d":3,"D":"30-45","f":4,"F":"45-60","h":3,"H":"30-45","j":4,"J":"45-60","l":4,"L":"45-60","n":3,"N":"30-45","p":4,"P":"45-60"}},{"type":"Feature","geometry":{"type":"Polygon","coordinates":[[[126.96784,37.47676],[126.97459,37.47676],[126.97459,37.48351],[126.96784,37.48351],[126.96784,37.47676]]]},"properties":{"row":1,"col":13,"walk_min":10.4,"nearest_station_id":"kr_182","nearest_station_name":"남성","a":3,"A":"30-45","c":3,"C":"30-45","e":2,"E":"20-30","g":3,"G":"30-45","i":2,"I":"20-30","k":3,"K":"30-45","m":4,"M":"45-60","o":3,"O":"30-45","b":3,"B":"30-45","d":3,"D":"30-45","f":2,"F":"20-30","h":3,"H":"30-45","j":2,"J":"20-30","l":3,"L":"30-45","n":4,"N":"45-60","p":3,"P":"30-45"}},{"type":"Feature","geometry":{"type":"Polygon","coordinates":[[[127.05568,37.5173],[127.06243,37.5173],[127.06243,37.52405],[127.05568,37.52405],[127.05568,37.5173]]]},"properties":{"row":7,"col":26,"walk_min":8.6,"nearest_station_id":"kr_166","nearest_station_name":"청담","a":3,"A":"30-45","c":3,"C":"30-45","e":2,"E":"20-30","g":3,"G":"30-45","i":2,"I":"20-30","k":2,"K":"20-30","m":3,"M":"30-45","o":4,"O":"45-60","b":3,"B":"30-45","d":3,"D":"30-45","f":2,"F":"20-30","h":3,"H":"30-45","j":2,"J":"20-30","l":2,"L":"20-30","n":3,"N":"30-45","p":4,"P":"45-60"}},{"type":"Feature","geometry":{"type":"Polygon","coordinates":[[[126.89351,37.50378],[126.90027,37.50378],[126.90027,37.51054],[126.89351,37.51054],[126.89351,37.50378]]]},"properties":{"row":5,"col":2,"walk_min":16.4,"nearest_station_id":"kr_013","nearest_station_name":"Sindorim","a":3,"A":"30-45","c":3,"C":"30-45","e":3,"E":"30-45","g":4,"G":"45-60","i":3,"I":"30-45","k":4,"K":"45-60","m":4,"M":"45-60","o":3,"O":"30-45","b":3,"B":"30-45","d":3,"D":"30-45","f":3,"F":"30-45","h":4,"H":"45-60","j":3,"J":"30-45","l":4,"L":"45-60","n":4,"N":"45-60","p":3,"P":"30-45"}},{"type":"Feature","geometry":{"type":"Polygon","coordinates":[[[126.94081,37.48351],[126.94757,37.48351],[126.94757,37.49027],[126.94081,37.49027],[126.94081,37.48351]]]},"properties":{"row":2,"col":9,"walk_min":10.3,"nearest_station_id":"kr_377","nearest_station_name":"Bongcheon","a":3,"A":"30-45","c":3,"C":"30-45","e":2,"E":"20-30","g":4,"G":"45-60","i":1,"I":"10-20","k":3,"K":"30-45","m":4,"M":"45-60","o":3,"O":"30-45","b":3,"B":"30-45","d":3,"D":"30-45","f":2,"F":"20-30","h":4,"H":"45-60","j":1,"J":"10-20","l":3,"L":"30-45","n":4,"N":"45-60","p":3,"P":"30-45"}},{"type":"Feature","geometry":{"type":"Polygon","coordinates":[[[126.88,37.47],[126.88676,37.47],[126.88676,37.47676],[126.88,37.47676],[126.88,37.47]]]},"properties":{"row":0,"col":0,"walk_min":11.6,"nearest_station_id":"kr_291","nearest_station_name":"가산디지털단지","a":4,"A":"45-60","c":4,"C":"45-60","e":4,"E":"45-60","g":5,"G":"60-90","i":4,"I":"45-60","k":5,"K":"60-90","m":5,"M":"60-90","o":4,"O":"45-60","b":4,"B":"45-60","d":4,"D":"45-60","f":4,"F":"45-60","h":5,"H":"60-90","j":4,"J":"45-60","l":5,"L":"60-90","n":5,"N":"60-90","p":4,"P":"45-60"}},{"type":"Feature","geometry":{"type":"Polygon","coordinates":[[[127.06919,37.55108],[127.07595,37.55108],[127.07595,37.55784],[127.06919,37.55784],[127.06919,37.55108]]]},"properties":{"row":12,"col":28,"walk_min":8.5,"nearest_station_id":"kr_046","nearest_station_name":"군자","a":3,"A":"30-45","c":3,"C":"30-45","e":3,"E":"30-45","g":1,"G":"10-20","i":3,"I":"30-45","k":3,"K":"30-45","m":2,"M":"20-30","o":3,"O":"30-45","b":3,"B":"30-45","d":3,"D":"30-45","f":3,"F":"30-45","h":1,"H":"10-20","j":3,"J":"30-45","l":3,"L":"30-45","n":2,"N":"20-30","p":3,"P":"30-45"}},{"type":"Feature","geometry":{"type":"Polygon","coordinates":[[[127.00162,37.57135],[127.00838,37.57135],[127.00838,37.57811],[127.00162,37.57811],[127.00162,37.57135]]]},"properties":{"row":15,"col":18,"walk_min":10.4,"nearest_station_id":"kr_050","nearest_station_name":"Jongno 5(o)-ga","a":2,"A":"20-30","c":1,"C":"10-20","e":3,"E":"30-45","g":2,"G":"20-30","i":3,"I":"30-45","k":3,"K":"30-45","m":2,"M":"20-30","o":2,"O":"20-30","b":2,"B":"20-30","d":1,"D":"10-20","f":3,"F":"30-45","h":2,"H":"20-30","j":3,"J":"30-45","l":3,"L":"30-45","n":2,"N":"20-30","p":2,"P":"20-30"}},{"type":"Feature","geometry":{"type":"Polygon","coordinates":[[[127.00162,37.59162],[127.00838,37.59162],[127.00838,37.59838],[127.00162,37.59838],[127.00162,37.59162]]]},"properties":{"row":18,"col":18,"walk_min":10.9,"nearest_station_id":"kr_061","nearest_station_name":"Hansung Univ. (Samseongyo)","a":2,"A":"20-30","c":2,"C":"20-30","e":3,"E":"30-45","g":2,"G":"20-30","i":4,"I":"45-60","k":3,"K":"30-45","m":3,"M":"30-45","o":3,"O":"30-45","b":2,"B":"20-30","d":2,"D":"20-30","f":3,"F":"30-45","h":2,"H":"20-30","j":4,"J":"45-60","l":3,"L":"30-45","n":3,"N":"30-45","p":3,"P":"30-45"}},{"type":"Feature","geometry":{"type":"Polygon","coordinates":[[[126.98811,37.57811],[126.99486,37.57811],[126.99486,37.58486],[126.98811,37.58486],[126.98811,37.57811]]]},"properties":{"row":16,"col":16,"walk_min":12.6,"nearest_station_id":"kr_022","nearest_station_name":"Anguk","a":2,"A":"20-30","c":1,"C":"10-20","e":3,"E":"30-45","g":2,"G":"20-30","i":3,"I":"30-45","k":3,"K":"30-45","m":3,"M":"30-45","o":3,"O":"30-45","b":2,"B":"20-30","d":1,"D":"10-20","f":3,"F":"30-45","h":2,"H":"20-30","j":3,"J":"30-45","l":3,"L":"30-45","n":3,"N":"30-45","p":3,"P":"30-45"}},{"type":"Feature","geometry":{"type":"Polygon","coordinates":[[[126.93405,37.48351],[126.94081,37.48351],[126.94081,37.49027],[126.93405,37.49027],[126.93405,37.48351]]]},"properties":{"row":2,"col":8,"walk_min":8.8,"nearest_station_id":"kr_377","nearest_station_name":"Bongcheon","a":3,"A":"30-45","c":3,"C":"30-45","e":2,"E":"20-30","g":4,"G":"45-60","i":1,"I":"10-20","k":3,"K":"30-45","m":4,"M":"45-60","o":3,"O":"30-45","b":3,"B":"30-45","d":3,"D":"30-45","f":2,"F":"20-30","h":4,"H":"45-60","j":1,"J":"10-20","l":3,"L":"30-45","n":4,"N":"45-60","p":3,"P":"30-45"}},{"type":"Feature","geometry":{"type":"Polygon","coordinates":[[[126.93405,37.58486],[126.94081,37.58486],[126.94081,37.59162],[126.93405,37.59162],[126.93405,37.58486]]]},"properties":{"row":17,"col":8,"walk_min":9.5,"nearest_station_id":"kr_110","nearest_station_name":"Hongje (Seoul Culture Arts Univ.)","a":2,"A":"20-30","c":2,"C":"20-30","e":4,"E":"45-60","g":3,"G":"30-45","i":4,"I":"45-60","k":4,"K":"45-60","m":3,"M":"30-45","o":3,"O":"30-45","b":2,"B":"20-30","d":2,"D":"20-30","f":4,"F":"45-60","h":3,"H":"30-45","j":4,"J":"45-60","l":4,"L":"45-60","n":3,"N":"30-45","p":3,"P":"30-45"}},{"type":"Feature","geometry":{"type":"Polygon","coordinates":[[[127.07595,37.59162],[127.0827,37.59162],[127.0827,37.59838],[127.07595,37.59838],[127.07595,37.59162]]]},"properties":{"row":18,"col":29,"walk_min":10.0,"nearest_station_id":"kr_141","nearest_station_name":"상봉","a":4,"A":"45-60","c":3,"C":"30-45","e":4,"E":"45-60","g":3,"G":"30-45","i":4,"I":"45-60","k":4,"K":"45-60","m":3,"M":"30-45","o":4,"O":"45-60","b":4,"B":"45-60","d":3,"D":"30-45","f":4,"F":"45-60","h":3,"H":"30-45","j":4,"J":"45-60","l":4,"L":"45-60","n":3,"N":"30-45","p":4,"P":"45-60"}},{"type":"Feature","geometry":{"type":"Polygon","coordinates":[[[127.04892,37.59162],[127.05568,37.59162],[127.05568,37.59838],[127.04892,37.59838],[127.04892,37.59162]]]},"properties":{"row":18,"col":25,"walk_min":10.0,"nearest_station_id":"kr_031","nearest_station_name":"Hoegi","a":3,"A":"30-45","c":2,"C":"20-30","e":3,"E":"30-45","g":2,"G":"20-30","i":4,"I":"45-60","k":3,"K":"30-45","m":3,"M":"30-45","o":3,"O":"30-45","b":3,"B":"30-45","d":2,"D":"20-30","f":3,"F":"30-45","h":2,"H":"20-30","j":4,"J":"45-60","l":3,"L":"30-45","n":3,"N":"30-45","p":3,"P":"30-45"}},{"type":"Feature","geometry":{"type":"Polygon","coordinates":[[[127.07595,37.49703],[127.0827,37.49703],[127.0827,37.50378],[127.07595,37.50378],[127.07595,37.49703]]]},"properties":{"row":4,"col":29,"walk_min":12.5,"nearest_station_id":"kr_348","nearest_station_name":"대청","a":4,"A":"45-60","c":4,"C":"45-60","e":2,"E":"20-30","g":4,"G":"45-60","i":3,"I":"30-45","k":2,"K":"20-30","m":3,"M":"30-45","o":4,"O":"45-60","b":4,"B":"45-60","d":4,"D":"45-60","f":2,"F":"20-30","h":4,"H":"45-60","j":3,"J":"30-45","l":2,"L":"20-30","n":3,"N":"30-45","p":4,"P":"45-60"}},{"type":"Feature","geometry":{"type":"Polygon","coordinates":[[[126.93405,37.60514],[126.94081,37.60514],[126.94081,37.61189],[126.93405,37.61189],[126.93405,37.60514]]]},"properties":{"row":20,"col":8,"walk_min":13.8,"nearest_station_id":"kr_123","nearest_station_name":"Bulgwang","a":3,"A":"30-45","c":3,"C":"30-45","e":4,"E":"45-60","g":3,"G":"30-45","i":4,"I":"45-60","k":5,"K":"60-90","m":4,"M":"45-60","o":4,"O":"45-60","b":3,"B":"30-45","d":3,"D":"30-45","f":4,"F":"45-60","h":3,"H":"30-45","j":4,"J":"45-60","l":5,"L":"60-90","n":4,"N":"45-60","p":4,"P":"45-60"}},{"type":"Feature","geometry":{"type":"Polygon","coordinates":[[[127.06243,37.56459],[127.06919,37.56459],[127.06919,37.57135],[127.06243,37.57135],[127.06243,37.56459]]]},"properties":{"row":14,"col":27,"walk_min":9.8,"nearest_station_id":"kr_103","nearest_station_name":"장한평","a":3,"A":"30-45","c":2,"C":"20-30","e":3,"E":"30-45","g":1,"G":"10-20","i":4,"I":"45-60","k":3,"K":"30-45","m":2,"M":"20-30","o":3,"O":"30-45","b":3,"B":"30-45","d":2,"D":"20-30","f":3,"F":"30-45","h":1,"H":"10-20","j":4,"J":"45-60","l":3,"L":"30-45","n":2,"N":"20-30","p":3,"P":"30-45"}},{"type":"Feature","geometry":{"type":"Polygon","coordinates":[[[126.92054,37.49027],[126.9273,37.49027],[126.9273,37.49703],[126.92054,37.49703],[126.92054,37.49027]]]},"properties":{"row":3,"col":6,"walk_min":9.7,"nearest_station_id":"kr_337","nearest_station_name":"보라매","a":4,"A":"45-60","c":4,"C":"45-60","e":3,"E":"30-45","g":4,"G":"45-60","i":3,"I":"30-45","k":4,"K":"45-60","m":5,"M":"60-90","o":4,"O":"45-60","b":4,"B":"45-60","d":4,"D":"45-60","f":3,"F":"30-45","h":4,"H":"45-60","j":3,"J":"30-45","l":4,"L":"45-60","n":5,"N":"60-90","p":4,"P":"45-60"}},{"type":"Feature","geometry":{"type":"Polygon","coordinates":[[[127.06243,37.60514],[127.06919,37.60514],[127.06919,37.61189],[127.06243,37.61189],[127.06243,37.60514]]]},"properties":{"row":20,"col":27,"walk_min":9.1,"nearest_station_id":"kr_187","nearest_station_name":"석계","a":3,"A":"30-45","c":3,"C":"30-45","e":4,"E":"45-60","g":3,"G":"30-45","i":4,"I":"45-60","k":4,"K":"45-60","m":3,"M":"30-45","o":4,"O":"45-60","b":3,"B":"30-45","d":3,"D":"30-45","f":4,"F":"45-60","h":3,"H":"30-45","j":4,"J":"45-60","l":4,"L":"45-60","n":3,"N":"30-45","p":4,"P":"45-60"}},{"type":"Feature","geometry":{"type":"Polygon","coordinates":[[[126.96108,37.51054],[126.96784,37.51054],[126.96784,37.5173],[126.96108,37.5173],[126.96108,37.51054]]]},"properties":{"row":6,"col":12,"walk_min":6.4,"nearest_station_id":"kr_404","nearest_station_name":"Heukseok","a":2,"A":"20-30","c":2,"C":"20-30","e":1,"E":"10-20","g":3,"G":"30-45","i":1,"I":"10-20","k":3,"K":"30-45","m":3,"M":"30-45","o":2,"O":"20-30","b":2,"B":"20-30","d":2,"D":"20-30","f":1,"F":"10-20","h":3,"H":"30-45","j":1,"J":"10-20","l":3,"L":"30-45","n":3,"N":"30-45","p":2,"P":"20-30"}},{"type":"Feature","geometry":{"type":"Polygon","coordinates":[[[127.00838,37.49703],[127.01514,37.49703],[127.01514,37.50378],[127.00838,37.50378],[127.00838,37.49703]]]},"properties":{"row":4,"col":19,"walk_min":7.5,"nearest_station_id":"kr_433","nearest_station_name":"Sapyeong","a":2,"A":"20-30","c":3,"C":"30-45","e":1,"E":"10-20","g":3,"G":"30-45","i":1,"I":"10-20","k":2,"K":"20-30","m":3,"M":"30-45","o":3,"O":"30-45","b":2,"B":"20-30","d":3,"D":"30-45","f":1,"F":"10-20","h":3,"H":"30-45","j":1,"J":"10-20","l":2,"L":"20-30","n":3,"N":"30-45","p":3,"P":"30-45"}},{"type":"Feature","geometry":{"type":"Polygon","coordinates":[[[126.95432,37.49703],[126.96108,37.49703],[126.96108,37.50378],[126.95432,37.50378],[126.95432,37.49703]]]},"properties":{"row":4,"col":11,"walk_min":10.6,"nearest_station_id":"kr_213","nearest_station_name":"숭실대입구","a":3,"A":"30-45","c":3,"C":"30-45","e":2,"E":"20-30","g":4,"G":"45-60","i":3,"I":"30-45","k":3,"K":"30-45","m":4,"M":"45-60","o":4,"O":"45-60","b":3,"B":"30-45","d":3,"D":"30-45","f":2,"F":"20-30","h":4,"H":"45-60","j":3,"J":"30-45","l":3,"L":"30-45","n":4,"N":"45-60","p":4,"P":"45-60"}},{"type":"Feature","geometry":{"type":"Polygon","coordinates":[[[126.9273,37.53757],[126.93405,37.53757],[126.93405,37.54432],[126.9273,37.54432],[126.9273,37.53757]]]},"properties":{"row":10,"col":7,"walk_min":8.2,"nearest_station_id":"kr_156","nearest_station_name":"광흥창","a":2,"A":"20-30","c":2,"C":"20-30","e":3,"E":"30-45","g":3,"G":"30-45","i":3,"I":"30-45","k":4,"K":"45-60","m":3,"M":"30-45","o":3,"O":"30-45","b":2,"B":"20-30","d":2,"D":"20-30","f":3,"F":"30-45","h":3,"H":"30-45","j":3,"J":"30-45","l":4,"L":"45-60","n":3,"N":"30-45","p":3,"P":"30-45"}},{"type":"Feature","geometry":{"type":"Polygon","coordinates":[[[127.05568,37.50378],[127.06243,37.50378],[127.06243,37.51054],[127.05568,37.51054],[127.05568,37.50378]]]},"properties":{"row":5,"col":26,"walk_min":11.2,"nearest_station_id":"kr_279","nearest_station_name":"Samseong(World Trade Center Seoul)","a":3,"A":"30-45","c":3,"C":"30-45","e":1,"E":"10-20","g":3,"G":"30-45","i":2,"I":"20-30","k":1,"K":"10-20","m":3,"M":"30-45","o":4,"O":"45-60","b":3,"B":"30-45","d":3,"D":"30-45","f":1,"F":"10-20","h":3,"H":"30-45","j":2,"J":"20-30","l":1,"L":"10-20","n":3,"N":"30-45","p":4,"P":"45-60"}},{"type":"Feature","geometry":{"type":"Polygon","coordinates":[[[127.06919,37.55784],[127.07595,37.55784],[127.07595,37.56459],[127.06919,37.56459],[127.06919,37.55784]]]},"properties":{"row":13,"col":28,"walk_min":8.1,"nearest_station_id":"kr_103","nearest_station_name":"장한평","a":3,"A":"30-45","c":2,"C":"20-30","e":3,"E":"30-45","g":1,"G":"10-20","i":3,"I":"30-45","k":3,"K":"30-45","m":2,"M":"20-30","o":3,"O":"30-45","b":3,"B":"30-45","d":2,"D":"20-30","f":3,"F":"30-45","h":1,"H":"10-20","j":3,"J":"30-45","l":3,"L":"30-45","n":2,"N":"20-30","p":3,"P":"30-45"}},{"type":"Feature","geometry":{"type":"Polygon","coordinates":[[[127.02865,37.59838],[127.03541,37.59838],[127.03541,37.60514],[127.02865,37.60514],[127.02865,37.59838]]]},"properties":{"row":19,"col":22,"walk_min":10.7,"nearest_station_id":"kr_082","nearest_station_name":"Gireum","a":3,"A":"30-45","c":3,"C":"30-45","e":3,"E":"30-45","g":3,"G":"30-45","i":4,"I":"45-60","k":4,"K":"45-60","m":3,"M":"30-45","o":3,"O":"30-45","b":3,"B":"30-45","d":3,"D":"30-45","f":3,"F":"30-45","h":3,"H":"30-45","j":4,"J":"45-60","l":4,"L":"45-60","n":3,"N":"30-45","p":3,"P":"30-45"}},{"type":"Feature","geometry":{"type":"Polygon","coordinates":[[[126.94757,37.53081],[126.95432,37.53081],[126.95432,37.53757],[126.94757,37.53757],[126.94757,37.53081]]]},"properties":{"row":9,"col":10,"walk_min":10.1,"nearest_station_id":"kr_193","nearest_station_name":"마포","a":2,"A":"20-30","c":2,"C":"20-30","e":3,"E":"30-45","g":3,"G":"30-45","i":3,"I":"30-45","k":4,"K":"45-60","m":3,"M":"30-45","o":2,"O":"20-30","b":2,"B":"20-30","d":2,"D":"20-30","f":3,"F":"30-45","h":3,"H":"30-45","j":3,"J":"30-45","l":4,"L":"45-60","n":3,"N":"30-45","p":2,"P":"20-30"}},{"type":"Feature","geometry":{"type":"Polygon","coordinates":[[[126.93405,37.5173],[126.94081,37.5173],[126.94081,37.52405],[126.93405,37.52405],[126.93405,37.5173]]]},"properties":{"row":7,"col":8,"walk_min":10.9,"nearest_station_id":"kr_180","nearest_station_name":"여의나루","a":2,"A":"20-30","c":2,"C":"20-30","e":3,"E":"30-45","g":3,"G":"30-45","i":2,"I":"20-30","k":3,"K":"30-45","m":4,"M":"45-60","o":2,"O":"20-30","b":2,"B":"20-30","d":2,"D":"20-30","f":3,"F":"30-45","h":3,"H":"30-45","j":2,"J":"20-30","l":3,"L":"30-45","n":4,"N":"45-60","p":2,"P":"20-30"}},{"type":"Feature","geometry":{"type":"Polygon","coordinates":[[[126.90703,37.52405],[126.91378,37.52405],[126.91378,37.53081],[126.90703,37.53081],[126.90703,37.52405]]]},"properties":{"row":8,"col":4,"walk_min":11.2,"nearest_station_id":"kr_431","nearest_station_name":"National Assembly","a":2,"A":"20-30","c":3,"C":"30-45","e":3,"E":"30-45","g":3,"G":"30-45","i":3,"I":"30-45","k":4,"K":"45-60","m":4,"M":"45-60","o":2,"O":"20-30","b":2,"B":"20-30","d":3,"D":"30-45","f":3,"F":"30-45","h":3,"H":"30-45","j":3,"J":"30-45","l":4,"L":"45-60","n":4,"N":"45-60","p":2,"P":"20-30"}},{"type":"Feature","geometry":{"type":"Polygon","coordinates":[[[126.93405,37.55784],[126.94081,37.55784],[126.94081,37.56459],[126.93405,37.56459],[126.93405,37.55784]]]},"properties":{"row":13,"col":8,"walk_min":9.5,"nearest_station_id":"kr_376","nearest_station_name":"Sinchon","a":2,"A":"20-30","c":1,"C":"10-20","e":3,"E":"30-45","g":3,"G":"30-45","i":3,"I":"30-45","k":4,"K":"45-60","m":3,"M":"30-45","o":1,"O":"10-20","b":2,"B":"20-30","d":1,"D":"10-20","f":3,"F":"30-45","h":3,"H":"30-45","j":3,"J":"30-45","l":4,"L":"45-60","n":3,"N":"30-45","p":1,"P":"10-20"}},{"type":"Feature","geometry":{"type":"Polygon","coordinates":[[[126.99486,37.58486],[127.00162,37.58486],[127.00162,37.59162],[126.99486,37.59162],[126.99486,37.58486]]]},"properties":{"row":17,"col":17,"walk_min":8.6,"nearest_station_id":"kr_061","nearest_station_name":"Hansung Univ. (Samseongyo)","a":2,"A":"20-30","c":2,"C":"20-30","e":3,"E":"30-45","g":2,"G":"20-30","i":3,"I":"30-45","k":3,"K":"30-45","m":2,"M":"20-30","o":3,"O":"30-45","b":2,"B":"20-30","d":2,"D":"20-30","f":3,"F":"30-45","h":2,"H":"20-30","j":3,"J":"30-45","l":3,"L":"30-45","n":2,"N":"20-30","p":3,"P":"30-45"}},{"type":"Feature","geometry":{"type":"Polygon","coordinates":[[[127.03541,37.55108],[127.04216,37.55108],[127.04216,37.55784],[127.03541,37.55784],[127.03541,37.55108]]]},"properties":{"row":12,"col":23,"walk_min":9.9,"nearest_station_id":"kr_272","nearest_station_name":"Hanyang University","a":2,"A":"20-30","c":2,"C":"20-30","e":3,"E":"30-45","g":1,"G":"10-20","i":4,"I":"45-60","k":2,"K":"20-30","m":1,"M":"10-20","o":3,"O":"30-45","b":2,"B":"20-30","d":2,"D":"20-30","f":3,"F":"30-45","h":1,"H":"10-20","j":4,"J":"45-60","l":2,"L":"20-30","n":1,"N":"10-20","p":3,"P":"30-45"}},{"type":"Feature","geometry":{"type":"Polygon","coordinates":[[[127.02189,37.53757],[127.02865,37.53757],[127.02865,37.54432],[127.02189,37.54432],[127.02189,37.53757]]]},"properties":{"row":10,"col":21,"walk_min":29.0,"nearest_station_id":"kr_059","nearest_station_name":"Oksu","a":3,"A":"30-45","c":3,"C":"30-45","e":3,"E":"30-45","g":3,"G":"30-45","i":4,"I":"45-60","k":4,"K":"45-60","m":4,"M":"45-60","o":4,"O":"45-60","b":3,"B":"30-45","d":3,"D":"30-45","f":3,"F":"30-45","h":3,"H":"30-45","j":4,"J":"45-60","l":4,"L":"45-60","n":4,"N":"45-60","p":4,"P":"45-60"}},{"type":"Feature","geometry":{"type":"Polygon","coordinates":[[[127.06243,37.48351],[127.06919,37.48351],[127.06919,37.49027],[127.06243,37.49027],[127.06243,37.48351]]]},"properties":{"row":2,"col":27,"walk_min":11.6,"nearest_station_id":"kr_289","nearest_station_name":"Daechi","a":4,"A":"45-60","c":4,"C":"45-60","e":2,"E":"20-30","g":4,"G":"45-60","i":3,"I":"30-45","k":3,"K":"30-45","m":4,"M":"45-60","o":4,"O":"45-60","b":4,"B":"45-60","d":4,"D":"45-60","f":2,"F":"20-30","h":4,"H":"45-60","j":3,"J":"30-45","l":3,"L":"30-45","n":4,"N":"45-60","p":4,"P":"45-60"}},{"type":"Feature","geometry":{"type":"Polygon","coordinates":[[[127.02189,37.54432],[127.02865,37.54432],[127.02865,37.55108],[127.02189,37.55108],[127.02189,37.54432]]]},"properties":{"row":11,"col":21,"walk_min":9.1,"nearest_station_id":"kr_068","nearest_station_name":"금호","a":2,"A":"20-30","c":2,"C":"20-30","e":2,"E":"20-30","g":1,"G":"10-20","i":3,"I":"30-45","k":3,"K":"30-45","m":2,"M":"20-30","o":3,"O":"30-45","b":2,"B":"20-30","d":2,"D":"20-30","f":2,"F":"20-30","h":1,"H":"10-20","j":3,"J":"30-45","l":3,"L":"30-45","n":2,"N":"20-30","p":3,"P":"30-45"}},{"type":"Feature","geometry":{"type":"Polygon","coordinates":[[[127.04216,37.59162],[127.04892,37.59162],[127.04892,37.59838],[127.04216,37.59838],[127.04216,37.59162]]]},"properties":{"row":18,"col":24,"walk_min":11.5,"nearest_station_id":"kr_142","nearest_station_name":"월곡","a":3,"A":"30-45","c":3,"C":"30-45","e":3,"E":"30-45","g":3,"G":"30-45","i":4,"I":"45-60","k":4,"K":"45-60","m":3,"M":"30-45","o":4,"O":"45-60","b":3,"B":"30-45","d":3,"D":"30-45","f":3,"F":"30-45","h":3,"H":"30-45","j":4,"J":"45-60","l":4,"L":"45-60","n":3,"N":"30-45","p":4,"P":"45-60"}},{"type":"Feature","geometry":{"type":"Polygon","coordinates":[[[126.90703,37.50378],[126.91378,37.50378],[126.91378,37.51054],[126.90703,37.51054],[126.90703,37.50378]]]},"properties":{"row":5,"col":4,"walk_min":8.5,"nearest_station_id":"kr_365","nearest_station_name":"신풍","a":3,"A":"30-45","c":3,"C":"30-45","e":3,"E":"30-45","g":4,"G":"45-60","i":3,"I":"30-45","k":4,"K":"45-60","m":4,"M":"45-60","o":4,"O":"45-60","b":3,"B":"30-45","d":3,"D":"30-45","f":3,"F":"30-45","h":4,"H":"45-60","j":3,"J":"30-45","l":4,"L":"45-60","n":4,"N":"45-60","p":4,"P":"45-60"}},{"type":"Feature","geometry":{"type":"Polygon","coordinates":[[[126.98135,37.55108],[126.98811,37.55108],[126.98811,37.55784],[126.98135,37.55784],[126.98135,37.55108]]]},"properties":{"row":12,"col":15,"walk_min":10.0,"nearest_station_id":"kr_035","nearest_station_name":"Myeong-dong","a":1,"A":"10-20","c":1,"C":"10-20","e":3,"E":"30-45","g":2,"G":"20-30","i":3,"I":"30-45","k":3,"K":"30-45","m":3,"M":"30-45","o":2,"O":"20-30","b":1,"B":"10-20","d":1,"D":"10-20","f":3,"F":"30-45","h":2,"H":"20-30","j":3,"J":"30-45","l":3,"L":"30-45","n":3,"N":"30-45","p":2,"P":"20-30"}},{"type":"Feature","geometry":{"type":"Polygon","coordinates":[[[126.96784,37.47],[126.97459,37.47],[126.97459,37.47676],[126.96784,37.47676],[126.96784,37.47]]]},"properties":{"row":0,"col":13,"walk_min":10.7,"nearest_station_id":"kr_319","nearest_station_name":"Nakseongdae","a":3,"A":"30-45","c":3,"C":"30-45","e":2,"E":"20-30","g":4,"G":"45-60","i":1,"I":"10-20","k":3,"K":"30-45","m":4,"M":"45-60","o":3,"O":"30-45","b":3,"B":"30-45","d":3,"D":"30-45","f":2,"F":"20-30","h":4,"H":"45-60","j":1,"J":"10-20","l":3,"L":"30-45","n":4,"N":"45-60","p":3,"P":"30-45"}},{"type":"Feature","geometry":{"type":"Polygon","coordinates":[[[127.04216,37.49027],[127.04892,37.49027],[127.04892,37.49703],[127.04216,37.49703],[127.04216,37.49027]]]},"properties":{"row":3,"col":24,"walk_min":11.4,"nearest_station_id":"kr_251","nearest_station_name":"매봉","a":3,"A":"30-45","c":3,"C":"30-45","e":1,"E":"10-20","g":3,"G":"30-45","i":2,"I":"20-30","k":3,"K":"30-45","m":3,"M":"30-45","o":4,"O":"45-60","b":3,"B":"30-45","d":3,"D":"30-45","f":1,"F":"10-20","h":3,"H":"30-45","j":2,"J":"20-30","l":3,"L":"30-45","n":3,"N":"30-45","p":4,"P":"45-60"}},{"type":"Feature","geometry":{"type":"Polygon","coordinates":[[[126.91378,37.57811],[126.92054,37.57811],[126.92054,37.58486],[126.91378,37.58486],[126.91378,37.57811]]]},"properties":{"row":16,"col":5,"walk_min":9.7,"nearest_station_id":"kr_339","nearest_station_name":"증산","a":3,"A":"30-45","c":3,"C":"30-45","e":4,"E":"45-60","g":4,"G":"45-60","i":4,"I":"45-60","k":5,"K":"60-90","m":4,"M":"45-60","o":4,"O":"45-60","b":3,"B":"30-45","d":3,"D":"30-45","f":4,"F":"45-60","h":4,"H":"45-60","j":4,"J":"45-60","l":5,"L":"60-90","n":4,"N":"45-60","p":4,"P":"45-60"}},{"type":"Feature","geometry":{"type":"Polygon","coordinates":[[[126.99486,37.52405],[127.00162,37.52405],[127.00162,37.53081],[126.99486,37.53081],[126.99486,37.52405]]]},"properties":{"row":8,"col":17,"walk_min":11.5,"nearest_station_id":"kr_320","nearest_station_name":"이태원","a":2,"A":"20-30","c":2,"C":"20-30","e":3,"E":"30-45","g":2,"G":"20-30","i":3,"I":"30-45","k":4,"K":"45-60","m":3,"M":"30-45","o":3,"O":"30-45","b":2,"B":"20-30","d":2,"D":"20-30","f":3,"F":"30-45","h":2,"H":"20-30","j":3,"J":"30-45","l":4,"L":"45-60","n":3,"N":"30-45","p":3,"P":"30-45"}},{"type":"Feature","geometry":{"type":"Polygon","coordinates":[[[126.98135,37.53757],[126.98811,37.53757],[126.98811,37.54432],[126.98135,37.54432],[126.98135,37.53757]]]},"properties":{"row":10,"col":15,"walk_min":11.9,"nearest_station_id":"kr_295","nearest_station_name":"녹사평","a":1,"A":"10-20","c":2,"C":"20-30","e":3,"E":"30-45","g":2,"G":"20-30","i":2,"I":"20-30","k":4,"K":"45-60","m":3,"M":"30-45","o":3,"O":"30-45","b":1,"B":"10-20","d":2,"D":"20-30","f":3,"F":"30-45","h":2,"H":"20-30","j":2,"J":"20-30","l":4,"L":"45-60","n":3,"N":"30-45","p":3,"P":"30-45"}},{"type":"Feature","geometry":{"type":"Polygon","coordinates":[[[126.99486,37.57135],[127.00162,37.57135],[127.00162,37.57811],[126.99486,37.57811],[126.99486,37.57135]]]},"properties":{"row":15,"col":17,"walk_min":11.7,"nearest_station_id":"kr_050","nearest_station_name":"Jongno 5(o)-ga","a":2,"A":"20-30","c":1,"C":"10-20","e":3,"E":"30-45","g":2,"G":"20-30","i":3,"I":"30-45","k":3,"K":"30-45","m":3,"M":"30-45","o":2,"O":"20-30","b":2,"B":"20-30","d":1,"D":"10-20","f":3,"F":"30-45","h":2,"H":"20-30","j":3,"J":"30-45","l":3,"L":"30-45","n":3,"N":"30-45","p":2,"P":"20-30"}},{"type":"Feature","geometry":{"type":"Polygon","coordinates":[[[127.06243,37.55108],[127.06919,37.55108],[127.06919,37.55784],[127.06243,37.55784],[127.06243,37.55108]]]},"properties":{"row":12,"col":27,"walk_min":11.3,"nearest_station_id":"kr_103","nearest_station_name":"장한평","a":3,"A":"30-45","c":3,"C":"30-45","e":3,"E":"30-45","g":1,"G":"10-20","i":4,"I":"45-60","k":3,"K":"30-45","m":2,"M":"20-30","o":3,"O":"30-45","b":3,"B":"30-45","d":3,"D":"30-45","f":3,"F":"30-45","h":1,"H":"10-20","j":4,"J":"45-60","l":3,"L":"30-45","n":2,"N":"20-30","p":3,"P":"30-45"}},{"type":"Feature","geometry":{"type":"Polygon","coordinates":[[[127.02189,37.48351],[127.02865,37.48351],[127.02865,37.49027],[127.02189,37.49027],[127.02189,37.48351]]]},"properties":{"row":2,"col":21,"walk_min":9.3,"nearest_station_id":"kr_152","nearest_station_name":"Nambu Bus Terminal (Seoul Arts Center)","a":3,"A":"30-45","c":3,"C":"30-45","e":1,"E":"10-20","g":3,"G":"30-45","i":2,"I":"20-30","k":2,"K":"20-30","m":3,"M":"30-45","o":3,"O":"30-45","b":3,"B":"30-45","d":3,"D":"30-45","f":1,"F":"10-20","h":3,"H":"30-45","j":2,"J":"20-30","l":2,"L":"20-30","n":3,"N":"30-45","p":3,"P":"30-45"}},{"type":"Feature","geometry":{"type":"Polygon","coordinates":[[[127.06243,37.54432],[127.06919,37.54432],[127.06919,37.55108],[127.06243,37.55108],[127.06243,37.54432]]]},"properties":{"row":11,"col":27,"walk_min":8.9,"nearest_station_id":"kr_185","nearest_station_name":"어린이대공원","a":3,"A":"30-45","c":3,"C":"30-45","e":3,"E":"30-45","g":1,"G":"10-20","i":3,"I":"30-45","k":3,"K":"30-45","m":2,"M":"20-30","o":3,"O":"30-45","b":3,"B":"30-45","d":3,"D":"30-45","f":3,"F":"30-45","h":1,"H":"10-20","j":3,"J":"30-45","l":3,"L":"30-45","n":2,"N":"20-30","p":3,"P":"30-45"}},{"type":"Feature","geometry":{"type":"Polygon","coordinates":[[[126.98135,37.49027],[126.98811,37.49027],[126.98811,37.49703],[126.98135,37.49703],[126.98135,37.49027]]]},"properties":{"row":3,"col":15,"walk_min":10.5,"nearest_station_id":"kr_139","nearest_station_name":"Chongsin Univ. (Isu)","a":2,"A":"20-30","c":2,"C":"20-30","e":2,"E":"20-30","g":3,"G":"30-45","i":1,"I":"10-20","k":3,"K":"30-45","m":4,"M":"45-60","o":3,"O":"30-45","b":2,"B":"20-30","d":2,"D":"20-30","f":2,"F":"20-30","h":3,"H":"30-45","j":1,"J":"10-20","l":3,"L":"30-45","n":4,"N":"45-60","p":3,"P":"30-45"}},{"type":"Feature","geometry":{"type":"Polygon","coordinates":[[[127.05568,37.55108],[127.06243,37.55108],[127.06243,37.55784],[127.05568,37.55784],[127.05568,37.55108]]]},"properties":{"row":12,"col":26,"walk_min":12.8,"nearest_station_id":"kr_103","nearest_station_name":"장한평","a":3,"A":"30-45","c":3,"C":"30-45","e":3,"E":"30-45","g":2,"G":"20-30","i":4,"I":"45-60","k":3,"K":"30-45","m":2,"M":"20-30","o":3,"O":"30-45","b":3,"B":"30-45","d":3,"D":"30-45","f":3,"F":"30-45","h":2,"H":"20-30","j":4,"J":"45-60","l":3,"L":"30-45","n":2,"N":"20-30","p":3,"P":"30-45"}},{"type":"Feature","geometry":{"type":"Polygon","coordinates":[[[127.05568,37.59838],[127.06243,37.59838],[127.06243,37.60514],[127.05568,37.60514],[127.05568,37.59838]]]},"properties":{"row":19,"col":26,"walk_min":10.4,"nearest_station_id":"kr_037","nearest_station_name":"Sinimun (Korea National University of Arts)","a":3,"A":"30-45","c":3,"C":"30-45","e":4,"E":"45-60","g":3,"G":"30-45","i":4,"I":"45-60","k":4,"K":"45-60","m":3,"M":"30-45","o":4,"O":"45-60","b":3,"B":"30-45","d":3,"D":"30-45","f":4,"F":"45-60","h":3,"H":"30-45","j":4,"J":"45-60","l":4,"L":"45-60","n":3,"N":"30-45","p":4,"P":"45-60"}},{"type":"Feature","geometry":{"type":"Polygon","coordinates":[[[127.02865,37.60514],[127.03541,37.60514],[127.03541,37.61189],[127.02865,37.61189],[127.02865,37.60514]]]},"properties":{"row":20,"col":22,"walk_min":11.0,"nearest_station_id":"kr_091","nearest_station_name":"Miasageori","a":3,"A":"30-45","c":3,"C":"30-45","e":3,"E":"30-45","g":3,"G":"30-45","i":4,"I":"45-60","k":4,"K":"45-60","m":3,"M":"30-45","o":3,"O":"30-45","b":3,"B":"30-45","d":3,"D":"30-45","f":3,"F":"30-45","h":3,"H":"30-45","j":4,"J":"45-60","l":4,"L":"45-60","n":3,"N":"30-45","p":3,"P":"30-45"}},{"type":"Feature","geometry":{"type":"Polygon","coordinates":[[[127.07595,37.53757],[127.0827,37.53757],[127.0827,37.54432],[127.07595,37.54432],[127.07595,37.53757]]]},"properties":{"row":10,"col":29,"walk_min":10.4,"nearest_station_id":"kr_183","nearest_station_name":"Konkuk Univ.","a":3,"A":"30-45","c":3,"C":"30-45","e":3,"E":"30-45","g":2,"G":"20-30","i":3,"I":"30-45","k":3,"K":"30-45","m":2,"M":"20-30","o":4,"O":"45-60","b":3,"B":"30-45","d":3,"D":"30-45","f":3,"F":"30-45","h":2,"H":"20-30","j":3,"J":"30-45","l":3,"L":"30-45","n":2,"N":"20-30","p":4,"P":"45-60"}},{"type":"Feature","geometry":{"type":"Polygon","coordinates":[[[126.93405,37.53757],[126.94081,37.53757],[126.94081,37.54432],[126.93405,37.54432],[126.93405,37.53757]]]},"properties":{"row":10,"col":8,"walk_min":8.1,"nearest_station_id":"kr_193","nearest_station_name":"마포","a":2,"A":"20-30","c":2,"C":"20-30","e":3,"E":"30-45","g":3,"G":"30-45","i":3,"I":"30-45","k":4,"K":"45-60","m":3,"M":"30-45","o":2,"O":"20-30","b":2,"B":"20-30","d":2,"D":"20-30","f":3,"F":"30-45","h":3,"H":"30-45","j":3,"J":"30-45","l":4,"L":"45-60","n":3,"N":"30-45","p":2,"P":"20-30"}},{"type":"Feature","geometry":{"type":"Polygon","coordinates":[[[126.90703,37.53081],[126.91378,37.53081],[126.91378,37.53757],[126.90703,37.53757],[126.90703,37.53081]]]},"properties":{"row":9,"col":4,"walk_min":14.5,"nearest_station_id":"kr_049","nearest_station_name":"Dangsan","a":3,"A":"30-45","c":3,"C":"30-45","e":3,"E":"30-45","g":4,"G":"45-60","i":3,"I":"30-45","k":4,"K":"45-60","m":4,"M":"45-60","o":2,"O":"20-30","b":3,"B":"30-45","d":3,"D":"30-45","f":3,"F":"30-45","h":4,"H":"45-60","j":3,"J":"30-45","l":4,"L":"45-60","n":4,"N":"45-60","p":2,"P":"20-30"}},{"type":"Feature","geometry":{"type":"Polygon","coordinates":[[[126.95432,37.57811],[126.96108,37.57811],[126.96108,37.58486],[126.95432,37.58486],[126.95432,37.57811]]]},"properties":{"row":16,"col":11,"walk_min":12.6,"nearest_station_id":"kr_067","nearest_station_name":"무악재","a":2,"A":"20-30","c":2,"C":"20-30","e":4,"E":"45-60","g":3,"G":"30-45","i":4,"I":"45-60","k":4,"K":"45-60","m":3,"M":"30-45","o":3,"O":"30-45","b":2,"B":"20-30","d":2,"D":"20-30","f":4,"F":"45-60","h":3,"H":"30-45","j":4,"J":"45-60","l":4,"L":"45-60","n":3,"N":"30-45","p":3,"P":"30-45"}},{"type":"Feature","geometry":{"type":"Polygon","coordinates":[[[126.97459,37.47],[126.98135,37.47],[126.98135,37.47676],[126.97459,37.47676],[126.97459,37.47]]]},"properties":{"row":0,"col":14,"walk_min":11.3,"nearest_station_id":"kr_133","nearest_station_name":"Sadang","a":3,"A":"30-45","c":3,"C":"30-45","e":2,"E":"20-30","g":3,"G":"30-45","i":1,"I":"10-20","k":3,"K":"30-45","m":4,"M":"45-60","o":3,"O":"30-45","b":3,"B":"30-45","d":3,"D":"30-45","f":2,"F":"20-30","h":3,"H":"30-45","j":1,"J":"10-20","l":3,"L":"30-45","n":4,"N":"45-60","p":3,"P":"30-45"}},{"type":"Feature","geometry":{"type":"Polygon","coordinates":[[[126.91378,37.55784],[126.92054,37.55784],[126.92054,37.56459],[126.91378,37.56459],[126.91378,37.55784]]]},"properties":{"row":13,"col":5,"walk_min":9.5,"nearest_station_id":"kr_368","nearest_station_name":"Hongik University","a":2,"A":"20-30","c":2,"C":"20-30","e":3,"E":"30-45","g":3,"G":"30-45","i":3,"I":"30-45","k":4,"K":"45-60","m":4,"M":"45-60","o":1,"O":"10-20","b":2,"B":"20-30","d":2,"D":"20-30","f":3,"F":"30-45","h":3,"H":"30-45","j":3,"J":"30-45","l":4,"L":"45-60","n":4,"N":"45-60","p":1,"P":"10-20"}},{"type":"Feature","geometry":{"type":"Polygon","coordinates":[[[126.96108,37.5173],[126.96784,37.5173],[126.96784,37.52405],[126.96108,37.52405],[126.96108,37.5173]]]},"properties":{"row":7,"col":12,"walk_min":11.6,"nearest_station_id":"kr_219","nearest_station_name":"Ichon","a":1,"A":"10-20","c":2,"C":"20-30","e":2,"E":"20-30","g":3,"G":"30-45","i":2,"I":"20-30","k":3,"K":"30-45","m":3,"M":"30-45","o":3,"O":"30-45","b":1,"B":"10-20","d":2,"D":"20-30","f":2,"F":"20-30","h":3,"H":"30-45","j":2,"J":"20-30","l":3,"L":"30-45","n":3,"N":"30-45","p":3,"P":"30-45"}},{"type":"Feature","geometry":{"type":"Polygon","coordinates":[[[127.04892,37.52405],[127.05568,37.52405],[127.05568,37.53081],[127.04892,37.53081],[127.04892,37.52405]]]},"properties":{"row":8,"col":25,"walk_min":11.6,"nearest_station_id":"kr_166","nearest_station_name":"청담","a":3,"A":"30-45","c":3,"C":"30-45","e":2,"E":"20-30","g":3,"G":"30-45","i":3,"I":"30-45","k":3,"K":"30-45","m":3,"M":"30-45","o":4,"O":"45-60","b":3,"B":"30-45","d":3,"D":"30-45","f":2,"F":"20-30","h":3,"H":"30-45","j":3,"J":"30-45","l":3,"L":"30-45","n":3,"N":"30-45","p":4,"P":"45-60"}},{"type":"Feature","geometry":{"type":"Polygon","coordinates":[[[127.02189,37.53081],[127.02865,37.53081],[127.02865,37.53757],[127.02189,37.53757],[127.02189,37.53081]]]},"properties":{"row":9,"col":21,"walk_min":10.0,"nearest_station_id":"kr_137","nearest_station_name":"Apgujeong","a":2,"A":"20-30","c":2,"C":"20-30","e":1,"E":"10-20","g":2,"G":"20-30","i":2,"I":"20-30","k":3,"K":"30-45","m":3,"M":"30-45","o":3,"O":"30-45","b":2,"B":"20-30","d":2,"D":"20-30","f":1,"F":"10-20","h":2,"H":"20-30","j":2,"J":"20-30","l":3,"L":"30-45","n":3,"N":"30-45","p":3,"P":"30-45"}},{"type":"Feature","geometry":{"type":"Polygon","coordinates":[[[126.9273,37.59162],[126.93405,37.59162],[126.93405,37.59838],[126.9273,37.59838],[126.9273,37.59162]]]},"properties":{"row":18,"col":7,"walk_min":12.0,"nearest_station_id":"kr_113","nearest_station_name":"Nokbeon","a":3,"A":"30-45","c":3,"C":"30-45","e":4,"E":"45-60","g":3,"G":"30-45","i":4,"I":"45-60","k":4,"K":"45-60","m":4,"M":"45-60","o":3,"O":"30-45","b":3,"B":"30-45","d":3,"D":"30-45","f":4,"F":"45-60","h":3,"H":"30-45","j":4,"J":"45-60","l":4,"L":"45-60","n":4,"N":"45-60","p":3,"P":"30-45"}},{"type":"Feature","geometry":{"type":"Polygon","coordinates":[[[126.99486,37.49027],[127.00162,37.49027],[127.00162,37.49703],[126.99486,37.49703],[126.99486,37.49027]]]},"properties":{"row":3,"col":17,"walk_min":9.7,"nearest_station_id":"kr_135","nearest_station_name":"Naebang","a":3,"A":"30-45","c":3,"C":"30-45","e":1,"E":"10-20","g":3,"G":"30-45","i":2,"I":"20-30","k":3,"K":"30-45","m":3,"M":"30-45","o":3,"O":"30-45","b":3,"B":"30-45","d":3,"D":"30-45","f":1,"F":"10-20","h":3,"H":"30-45","j":2,"J":"20-30","l":3,"L":"30-45","n":3,"N":"30-45","p":3,"P":"30-45"}},{"type":"Feature","geometry":{"type":"Polygon","coordinates":[[[127.00838,37.54432],[127.01514,37.54432],[127.01514,37.55108],[127.00838,37.55108],[127.00838,37.54432]]]},"properties":{"row":11,"col":19,"walk_min":8.8,"nearest_station_id":"kr_372","nearest_station_name":"Geumho","a":2,"A":"20-30","c":2,"C":"20-30","e":2,"E":"20-30","g":2,"G":"20-30","i":3,"I":"30-45","k":3,"K":"30-45","m":3,"M":"30-45","o":3,"O":"30-45","b":2,"B":"20-30","d":2,"D":"20-30","f":2,"F":"20-30","h":2,"H":"20-30","j":3,"J":"30-45","l":3,"L":"30-45","n":3,"N":"30-45","p":3,"P":"30-45"}},{"type":"Feature","geometry":{"type":"Polygon","coordinates":[[[126.9273,37.61189],[126.93405,37.61189],[126.93405,37.61865],[126.9273,37.61865],[126.9273,37.61189]]]},"properties":{"row":21,"col":7,"walk_min":8.8,"nearest_station_id":"kr_409","nearest_station_name":"독바위","a":3,"A":"30-45","c":3,"C":"30-45","e":4,"E":"45-60","g":3,"G":"30-45","i":4,"I":"45-60","k":4,"K":"45-60","m":4,"M":"45-60","o":3,"O":"30-45","b":3,"B":"30-45","d":3,"D":"30-45","f":4,"F":"45-60","h":3,"H":"30-45","j":4,"J":"45-60","l":4,"L":"45-60","n":4,"N":"45-60","p":3,"P":"30-45"}},{"type":"Feature","geometry":{"type":"Polygon","coordinates":[[[127.05568,37.56459],[127.06243,37.56459],[127.06243,37.57135],[127.05568,37.57135],[127.05568,37.56459]]]},"properties":{"row":14,"col":26,"walk_min":10.8,"nearest_station_id":"kr_099","nearest_station_name":"답십리","a":3,"A":"30-45","c":2,"C":"20-30","e":3,"E":"30-45","g":1,"G":"10-20","i":4,"I":"45-60","k":3,"K":"30-45","m":2,"M":"20-30","o":3,"O":"30-45","b":3,"B":"30-45","d":2,"D":"20-30","f":3,"F":"30-45","h":1,"H":"10-20","j":4,"J":"45-60","l":3,"L":"30-45","n":2,"N":"20-30","p":3,"P":"30-45"}},{"type":"Feature","geometry":{"type":"Polygon","coordinates":[[[127.04892,37.55108],[127.05568,37.55108],[127.05568,37.55784],[127.04892,37.55784],[127.04892,37.55108]]]},"properties":{"row":12,"col":25,"walk_min":13.8,"nearest_station_id":"kr_272","nearest_station_name":"Hanyang University","a":3,"A":"30-45","c":3,"C":"30-45","e":3,"E":"30-45","g":1,"G":"10-20","i":4,"I":"45-60","k":3,"K":"30-45","m":2,"M":"20-30","o":3,"O":"30-45","b":3,"B":"30-45","d":3,"D":"30-45","f":3,"F":"30-45","h":1,"H":"10-20","j":4,"J":"45-60","l":3,"L":"30-45","n":2,"N":"20-30","p":3,"P":"30-45"}},{"type":"Feature","geometry":{"type":"Polygon","coordinates":[[[126.90027,37.50378],[126.90703,37.50378],[126.90703,37.51054],[126.90027,37.51054],[126.90027,37.50378]]]},"properties":{"row":5,"col":3,"walk_min":11.2,"nearest_station_id":"kr_365","nearest_station_name":"신풍","a":3,"A":"30-45","c":3,"C":"30-45","e":3,"E":"30-45","g":4,"G":"45-60","i":3,"I":"30-45","k":4,"K":"45-60","m":4,"M":"45-60","o":3,"O":"30-45","b":3,"B":"30-45","d":3,"D":"30-45","f":3,"F":"30-45","h":4,"H":"45-60","j":3,"J":"30-45","l":4,"L":"45-60","n":4,"N":"45-60","p":3,"P":"30-45"}},{"type":"Feature","geometry":{"type":"Polygon","coordinates":[[[126.98811,37.53757],[126.99486,37.53757],[126.99486,37.54432],[126.98811,37.54432],[126.98811,37.53757]]]},"properties":{"row":10,"col":16,"walk_min":10.5,"nearest_station_id":"kr_320","nearest_station_name":"이태원","a":1,"A":"10-20","c":2,"C":"20-30","e":3,"E":"30-45","g":2,"G":"20-30","i":2,"I":"20-30","k":3,"K":"30-45","m":3,"M":"30-45","o":3,"O":"30-45","b":1,"B":"10-20","d":2,"D":"20-30","f":3,"F":"30-45","h":2,"H":"20-30","j":2,"J":"20-30","l":3,"L":"30-45","n":3,"N":"30-45","p":3,"P":"30-45"}},{"type":"Feature","geometry":{"type":"Polygon","coordinates":[[[126.9273,37.53081],[126.93405,37.53081],[126.93405,37.53757],[126.9273,37.53757],[126.9273,37.53081]]]},"properties":{"row":9,"col":7,"walk_min":7.2,"nearest_station_id":"kr_180","nearest_station_name":"여의나루","a":2,"A":"20-30","c":2,"C":"20-30","e":3,"E":"30-45","g":3,"G":"30-45","i":2,"I":"20-30","k":3,"K":"30-45","m":3,"M":"30-45","o":2,"O":"20-30","b":2,"B":"20-30","d":2,"D":"20-30","f":3,"F":"30-45","h":3,"H":"30-45","j":2,"J":"20-30","l":3,"L":"30-45","n":3,"N":"30-45","p":2,"P":"20-30"}},{"type":"Feature","geometry":{"type":"Polygon","coordinates":[[[127.04216,37.58486],[127.04892,37.58486],[127.04892,37.59162],[127.04216,37.59162],[127.04216,37.58486]]]},"properties":{"row":17,"col":24,"walk_min":9.6,"nearest_station_id":"kr_131","nearest_station_name":"Korea Univ.","a":2,"A":"20-30","c":2,"C":"20-30","e":3,"E":"30-45","g":2,"G":"20-30","i":4,"I":"45-60","k":3,"K":"30-45","m":3,"M":"30-45","o":3,"O":"30-45","b":2,"B":"20-30","d":2,"D":"20-30","f":3,"F":"30-45","h":2,"H":"20-30","j":4,"J":"45-60","l":3,"L":"30-45","n":3,"N":"30-45","p":3,"P":"30-45"}},{"type":"Feature","geometry":{"type":"Polygon","coordinates":[[[126.98811,37.52405],[126.99486,37.52405],[126.99486,37.53081],[126.98811,37.53081],[126.98811,37.52405]]]},"properties":{"row":8,"col":16,"walk_min":14.9,"nearest_station_id":"kr_320","nearest_station_name":"이태원","a":2,"A":"20-30","c":2,"C":"20-30","e":3,"E":"30-45","g":2,"G":"20-30","i":3,"I":"30-45","k":4,"K":"45-60","m":3,"M":"30-45","o":3,"O":"30-45","b":2,"B":"20-30","d":2,"D":"20-30","f":3,"F":"30-45","h":2,"H":"20-30","j":3,"J":"30-45","l":4,"L":"45-60","n":3,"N":"30-45","p":3,"P":"30-45"}},{"type":"Feature","geometry":{"type":"Polygon","coordinates":[[[126.9273,37.50378],[126.93405,37.50378],[126.93405,37.51054],[126.9273,37.51054],[126.9273,37.50378]]]},"properties":{"row":5,"col":7,"walk_min":10.9,"nearest_station_id":"kr_381","nearest_station_name":"대방","a":3,"A":"30-45","c":3,"C":"30-45","e":3,"E":"30-45","g":4,"G":"45-60","i":3,"I":"30-45","k":4,"K":"45-60","m":4,"M":"45-60","o":3,"O":"30-45","b":3,"B":"30-45","d":3,"D":"30-45","f":3,"F":"30-45","h":4,"H":"45-60","j":3,"J":"30-45","l":4,"L":"45-60","n":4,"N":"45-60","p":3,"P":"30-45"}},{"type":"Feature","geometry":{"type":"Polygon","coordinates":[[[126.94757,37.57135],[126.95432,37.57135],[126.95432,37.57811],[126.94757,37.57811],[126.94757,37.57135]]]},"properties":{"row":15,"col":10,"walk_min":12.8,"nearest_station_id":"kr_083","nearest_station_name":"Dongnimmun","a":2,"A":"20-30","c":2,"C":"20-30","e":3,"E":"30-45","g":3,"G":"30-45","i":4,"I":"45-60","k":4,"K":"45-60","m":3,"M":"30-45","o":3,"O":"30-45","b":2,"B":"20-30","d":2,"D":"20-30","f":3,"F":"30-45","h":3,"H":"30-45","j":4,"J":"45-60","l":4,"L":"45-60","n":3,"N":"30-45","p":3,"P":"30-45"}},{"type":"Feature","geometry":{"type":"Polygon","coordinates":[[[127.06243,37.58486],[127.06919,37.58486],[127.06919,37.59162],[127.06243,37.59162],[127.06243,37.58486]]]},"properties":{"row":17,"col":27,"walk_min":10.8,"nearest_station_id":"kr_031","nearest_station_name":"Hoegi","a":3,"A":"30-45","c":3,"C":"30-45","e":3,"E":"30-45","g":3,"G":"30-45","i":4,"I":"45-60","k":3,"K":"30-45","m":3,"M":"30-45","o":3,"O":"30-45","b":3,"B":"30-45","d":3,"D":"30-45","f":3,"F":"30-45","h":3,"H":"30-45","j":4,"J":"45-60","l":3,"L":"30-45","n":3,"N":"30-45","p":3,"P":"30-45"}},{"type":"Feature","geometry":{"type":"Polygon","coordinates":[[[126.97459,37.53757],[126.98135,37.53757],[126.98135,37.54432],[126.97459,37.54432],[126.97459,37.53757]]]},"properties":{"row":10,"col":14,"walk_min":11.8,"nearest_station_id":"kr_398","nearest_station_name":"Namyeong","a":1,"A":"10-20","c":1,"C":"10-20","e":3,"E":"30-45","g":2,"G":"20-30","i":3,"I":"30-45","k":4,"K":"45-60","m":3,"M":"30-45","o":2,"O":"20-30","b":1,"B":"10-20","d":1,"D":"10-20","f":3,"F":"30-45","h":2,"H":"20-30","j":3,"J":"30-45","l":4,"L":"45-60","n":3,"N":"30-45","p":2,"P":"20-30"}},{"type":"Feature","geometry":{"type":"Polygon","coordinates":[[[127.03541,37.52405],[127.04216,37.52405],[127.04216,37.53081],[127.03541,37.53081],[127.03541,37.52405]]]},"properties":{"row":8,"col":23,"walk_min":11.7,"nearest_station_id":"kr_138","nearest_station_name":"압구정","a":3,"A":"30-45","c":3,"C":"30-45","e":2,"E":"20-30","g":2,"G":"20-30","i":2,"I":"20-30","k":3,"K":"30-45","m":3,"M":"30-45","o":3,"O":"30-45","b":3,"B":"30-45","d":3,"D":"30-45","f":2,"F":"20-30","h":2,"H":"20-30","j":2,"J":"20-30","l":3,"L":"30-45","n":3,"N":"30-45","p":3,"P":"30-45"}},{"type":"Feature","geometry":{"type":"Polygon","coordinates":[[[126.90027,37.53757],[126.90703,37.53757],[126.90703,37.54432],[126.90027,37.54432],[126.90027,37.53757]]]},"properties":{"row":10,"col":3,"walk_min":13.2,"nearest_station_id":"kr_049","nearest_station_name":"Dangsan","a":3,"A":"30-45","c":3,"C":"30-45","e":3,"E":"30-45","g":3,"G":"30-45","i":3,"I":"30-45","k":4,"K":"45-60","m":4,"M":"45-60","o":2,"O":"20-30","b":3,"B":"30-45","d":3,"D":"30-45","f":3,"F":"30-45","h":3,"H":"30-45","j":3,"J":"30-45","l":4,"L":"45-60","n":4,"N":"45-60","p":2,"P":"20-30"}},{"type":"Feature","geometry":{"type":"Polygon","coordinates":[[[127.06243,37.5173],[127.06919,37.5173],[127.06919,37.52405],[127.06243,37.52405],[127.06243,37.5173]]]},"properties":{"row":7,"col":27,"walk_min":8.1,"nearest_station_id":"kr_017","nearest_station_name":"Bongeunsa","a":3,"A":"30-45","c":3,"C":"30-45","e":1,"E":"10-20","g":3,"G":"30-45","i":2,"I":"20-30","k":1,"K":"10-20","m":2,"M":"20-30","o":4,"O":"45-60","b":3,"B":"30-45","d":3,"D":"30-45","f":1,"F":"10-20","h":3,"H":"30-45","j":2,"J":"20-30","l":1,"L":"10-20","n":2,"N":"20-30","p":4,"P":"45-60"}},{"type":"Feature","geometry":{"type":"Polygon","coordinates":[[[127.07595,37.48351],[127.0827,37.48351],[127.0827,37.49027],[127.07595,37.49027],[127.07595,37.48351]]]},"properties":{"row":2,"col":29,"walk_min":40.4,"nearest_station_id":"kr_298","nearest_station_name":"Irwon","a":5,"A":"60-90","c":5,"C":"60-90","e":4,"E":"45-60","g":5,"G":"60-90","i":5,"I":"60-90","k":5,"K":"60-90","m":5,"M":"60-90","o":5,"O":"60-90","b":5,"B":"60-90","d":5,"D":"60-90","f":4,"F":"45-60","h":5,"H":"60-90","j":5,"J":"60-90","l":5,"L":"60-90","n":5,"N":"60-90","p":5,"P":"60-90"}},{"type":"Feature","geometry":{"type":"Polygon","coordinates":[[[126.94081,37.59162],[126.94757,37.59162],[126.94757,37.59838],[126.94081,37.59838],[126.94081,37.59162]]]},"properties":{"row":18,"col":9,"walk_min":32.0,"nearest_station_id":"kr_075","nearest_station_name":"홍제","a":4,"A":"45-60","c":4,"C":"45-60","e":5,"E":"60-90","g":4,"G":"45-60","i":5,"I":"60-90","k":5,"K":"60-90","m":5,"M":"60-90","o":4,"O":"45-60","b":4,"B":"45-60","d":4,"D":"45-60","f":5,"F":"60-90","h":4,"H":"45-60","j":5,"J":"60-90","l":5,"L":"60-90","n":5,"N":"60-90","p":4,"P":"45-60"}},{"type":"Feature","geometry":{"type":"Polygon","coordinates":[[[126.91378,37.50378],[126.92054,37.50378],[126.92054,37.51054],[126.91378,37.51054],[126.91378,37.50378]]]},"properties":{"row":5,"col":5,"walk_min":11.5,"nearest_station_id":"kr_337","nearest_station_name":"보라매","a":3,"A":"30-45","c":4,"C":"45-60","e":3,"E":"30-45","g":4,"G":"45-60","i":3,"I":"30-45","k":4,"K":"45-60","m":4,"M":"45-60","o":4,"O":"45-60","b":3,"B":"30-45","d":4,"D":"45-60","f":3,"F":"30-45","h":4,"H":"45-60","j":3,"J":"30-45","l":4,"L":"45-60","n":4,"N":"45-60","p":4,"P":"45-60"}},{"type":"Feature","geometry":{"type":"Polygon","coordinates":[[[126.93405,37.51054],[126.94081,37.51054],[126.94081,37.5173],[126.93405,37.5173],[126.93405,37.51054]]]},"properties":{"row":6,"col":8,"walk_min":12.2,"nearest_station_id":"kr_004","nearest_station_name":"Noryangjin","a":2,"A":"20-30","c":2,"C":"20-30","e":2,"E":"20-30","g":3,"G":"30-45","i":2,"I":"20-30","k":3,"K":"30-45","m":4,"M":"45-60","o":2,"O":"20-30","b":2,"B":"20-30","d":2,"D":"20-30","f":2,"F":"20-30","h":3,"H":"30-45","j":2,"J":"20-30","l":3,"L":"30-45","n":4,"N":"45-60","p":2,"P":"20-30"}},{"type":"Feature","geometry":{"type":"Polygon","coordinates":[[[126.98811,37.55108],[126.99486,37.55108],[126.99486,37.55784],[126.98811,37.55784],[126.98811,37.55108]]]},"properties":{"row":12,"col":16,"walk_min":13.1,"nearest_station_id":"kr_030","nearest_station_name":"Chungmuro","a":1,"A":"10-20","c":1,"C":"10-20","e":3,"E":"30-45","g":2,"G":"20-30","i":3,"I":"30-45","k":3,"K":"30-45","m":3,"M":"30-45","o":2,"O":"20-30","b":1,"B":"10-20","d":1,"D":"10-20","f":3,"F":"30-45","h":2,"H":"20-30","j":3,"J":"30-45","l":3,"L":"30-45","n":3,"N":"30-45","p":2,"P":"20-30"}},{"type":"Feature","geometry":{"type":"Polygon","coordinates":[[[127.02189,37.47676],[127.02865,37.47676],[127.02865,37.48351],[127.02189,37.48351],[127.02189,37.47676]]]},"properties":{"row":1,"col":21,"walk_min":17.7,"nearest_station_id":"kr_020","nearest_station_name":"Yangjae","a":3,"A":"30-45","c":4,"C":"45-60","e":2,"E":"20-30","g":4,"G":"45-60","i":3,"I":"30-45","k":3,"K":"30-45","m":4,"M":"45-60","o":4,"O":"45-60","b":3,"B":"30-45","d":4,"D":"45-60","f":2,"F":"20-30","h":4,"H":"45-60","j":3,"J":"30-45","l":3,"L":"30-45","n":4,"N":"45-60","p":4,"P":"45-60"}},{"type":"Feature","geometry":{"type":"Polygon","coordinates":[[[126.89351,37.49703],[126.90027,37.49703],[126.90027,37.50378],[126.89351,37.50378],[126.89351,37.49703]]]},"properties":{"row":4,"col":2,"walk_min":12.3,"nearest_station_id":"kr_255","nearest_station_name":"Daerim(Guro-gu Office)","a":3,"A":"30-45","c":3,"C":"30-45","e":3,"E":"30-45","g":4,"G":"45-60","i":3,"I":"30-45","k":4,"K":"45-60","m":4,"M":"45-60","o":3,"O":"30-45","b":3,"B":"30-45","d":3,"D":"30-45","f":3,"F":"30-45","h":4,"H":"45-60","j":3,"J":"30-45","l":4,"L":"45-60","n":4,"N":"45-60","p":3,"P":"30-45"}},{"type":"Feature","geometry":{"type":"Polygon","coordinates":[[[126.99486,37.47],[127.00162,37.47],[127.00162,37.47676],[126.99486,37.47676],[126.99486,37.47]]]},"properties":{"row":0,"col":17,"walk_min":14.5,"nearest_station_id":"kr_344","nearest_station_name":"Bangbae","a":3,"A":"30-45","c":3,"C":"30-45","e":2,"E":"20-30","g":4,"G":"45-60","i":1,"I":"10-20","k":3,"K":"30-45","m":4,"M":"45-60","o":4,"O":"45-60","b":3,"B":"30-45","d":3,"D":"30-45","f":2,"F":"20-30","h":4,"H":"45-60","j":1,"J":"10-20","l":3,"L":"30-45","n":4,"N":"45-60","p":4,"P":"45-60"}},{"type":"Feature","geometry":{"type":"Polygon","coordinates":[[[127.04216,37.47676],[127.04892,37.47676],[127.04892,37.48351],[127.04216,37.48351],[127.04216,37.47676]]]},"properties":{"row":1,"col":24,"walk_min":12.6,"nearest_station_id":"kr_250","nearest_station_name":"Maebong","a":3,"A":"30-45","c":3,"C":"30-45","e":1,"E":"10-20","g":3,"G":"30-45","i":2,"I":"20-30","k":3,"K":"30-45","m":3,"M":"30-45","o":4,"O":"45-60","b":3,"B":"30-45","d":3,"D":"30-45","f":1,"F":"10-20","h":3,"H":"30-45","j":2,"J":"20-30","l":3,"L":"30-45","n":3,"N":"30-45","p":4,"P":"45-60"}},{"type":"Feature","geometry":{"type":"Polygon","coordinates":[[[126.99486,37.59162],[127.00162,37.59162],[127.00162,37.59838],[126.99486,37.59838],[126.99486,37.59162]]]},"properties":{"row":18,"col":17,"walk_min":12.4,"nearest_station_id":"kr_061","nearest_station_name":"Hansung Univ. (Samseongyo)","a":2,"A":"20-30","c":2,"C":"20-30","e":3,"E":"30-45","g":2,"G":"20-30","i":4,"I":"45-60","k":4,"K":"45-60","m":3,"M":"30-45","o":3,"O":"30-45","b":2,"B":"20-30","d":2,"D":"20-30","f":3,"F":"30-45","h":2,"H":"20-30","j":4,"J":"45-60","l":4,"L":"45-60","n":3,"N":"30-45","p":3,"P":"30-45"}},{"type":"Feature","geometry":{"type":"Polygon","coordinates":[[[126.91378,37.47676],[126.92054,37.47676],[126.92054,37.48351],[126.91378,37.48351],[126.91378,37.47676]]]},"properties":{"row":1,"col":5,"walk_min":12.9,"nearest_station_id":"kr_336","nearest_station_name":"Sindaebang","a":3,"A":"30-45","c":3,"C":"30-45","e":3,"E":"30-45","g":4,"G":"45-60","i":2,"I":"20-30","k":4,"K":"45-60","m":5,"M":"60-90","o":3,"O":"30-45","b":3,"B":"30-45","d":3,"D":"30-45","f":3,"F":"30-45","h":4,"H":"45-60","j":2,"J":"20-30","l":4,"L":"45-60","n":5,"N":"60-90","p":3,"P":"30-45"}},{"type":"Feature","geometry":{"type":"Polygon","coordinates":[[[127.02865,37.53081],[127.03541,37.53081],[127.03541,37.53757],[127.02865,37.53757],[127.02865,37.53081]]]},"properties":{"row":9,"col":22,"walk_min":13.2,"nearest_station_id":"kr_138","nearest_station_name":"압구정","a":3,"A":"30-45","c":3,"C":"30-45","e":2,"E":"20-30","g":2,"G":"20-30","i":3,"I":"30-45","k":3,"K":"30-45","m":3,"M":"30-45","o":3,"O":"30-45","b":3,"B":"30-45","d":3,"D":"30-45","f":2,"F":"20-30","h":2,"H":"20-30","j":3,"J":"30-45","l":3,"L":"30-45","n":3,"N":"30-45","p":3,"P":"30-45"}},{"type":"Feature","geometry":{"type":"Polygon","coordinates":[[[126.87324,37.53757],[126.88,37.53757],[126.88,37.54432],[126.87324,37.54432],[126.87324,37.53757]]]},"properties":{"row":10,"col":-1,"walk_min":14.4,"nearest_station_id":"kr_073","nearest_station_name":"Yeomchang","a":3,"A":"30-45","c":3,"C":"30-45","e":3,"E":"30-45","g":4,"G":"45-60","i":3,"I":"30-45","k":4,"K":"45-60","m":4,"M":"45-60","o":2,"O":"20-30","b":3,"B":"30-45","d":3,"D":"30-45","f":3,"F":"30-45","h":4,"H":"45-60","j":3,"J":"30-45","l":4,"L":"45-60","n":4,"N":"45-60","p":2,"P":"20-30"}},{"type":"Feature","geometry":{"type":"Polygon","coordinates":[[[126.88,37.49027],[126.88676,37.49027],[126.88676,37.49703],[126.88,37.49703],[126.88,37.49027]]]},"properties":{"row":3,"col":0,"walk_min":11.9,"nearest_station_id":"kr_328","nearest_station_name":"남구로","a":4,"A":"45-60","c":4,"C":"45-60","e":3,"E":"30-45","g":4,"G":"45-60","i":4,"I":"45-60","k":4,"K":"45-60","m":5,"M":"60-90","o":3,"O":"30-45","b":4,"B":"45-60","d":4,"D":"45-60","f":3,"F":"30-45","h":4,"H":"45-60","j":4,"J":"45-60","l":4,"L":"45-60","n":5,"N":"60-90","p":3,"P":"30-45"}},{"type":"Feature","geometry":{"type":"Polygon","coordinates":[[[127.00838,37.5173],[127.01514,37.5173],[127.01514,37.52405],[127.00838,37.52405],[127.00838,37.5173]]]},"properties":{"row":7,"col":19,"walk_min":12.1,"nearest_station_id":"kr_056","nearest_station_name":"Sinsa","a":3,"A":"30-45","c":3,"C":"30-45","e":1,"E":"10-20","g":3,"G":"30-45","i":2,"I":"20-30","k":3,"K":"30-45","m":3,"M":"30-45","o":3,"O":"30-45","b":3,"B":"30-45","d":3,"D":"30-45","f":1,"F":"10-20","h":3,"H":"30-45","j":2,"J":"20-30","l":3,"L":"30-45","n":3,"N":"30-45","p":3,"P":"30-45"}},{"type":"Feature","geometry":{"type":"Polygon","coordinates":[[[126.99486,37.54432],[127.00162,37.54432],[127.00162,37.55108],[126.99486,37.55108],[126.99486,37.54432]]]},"properties":{"row":11,"col":17,"walk_min":20.5,"nearest_station_id":"kr_324","nearest_station_name":"버티고개","a":3,"A":"30-45","c":3,"C":"30-45","e":3,"E":"30-45","g":3,"G":"30-45","i":3,"I":"30-45","k":4,"K":"45-60","m":3,"M":"30-45","o":3,"O":"30-45","b":3,"B":"30-45","d":3,"D":"30-45","f":3,"F":"30-45","h":3,"H":"30-45","j":3,"J":"30-45","l":4,"L":"45-60","n":3,"N":"30-45","p":3,"P":"30-45"}},{"type":"Feature","geometry":{"type":"Polygon","coordinates":[[[127.04892,37.57135],[127.05568,37.57135],[127.05568,37.57811],[127.04892,37.57811],[127.04892,37.57135]]]},"properties":{"row":15,"col":25,"walk_min":11.9,"nearest_station_id":"kr_221","nearest_station_name":"신답","a":2,"A":"20-30","c":2,"C":"20-30","e":3,"E":"30-45","g":2,"G":"20-30","i":4,"I":"45-60","k":3,"K":"30-45","m":2,"M":"20-30","o":3,"O":"30-45","b":2,"B":"20-30","d":2,"D":"20-30","f":3,"F":"30-45","h":2,"H":"20-30","j":4,"J":"45-60","l":3,"L":"30-45","n":2,"N":"20-30","p":3,"P":"30-45"}},{"type":"Feature","geometry":{"type":"Polygon","coordinates":[[[126.96108,37.57811],[126.96784,37.57811],[126.96784,37.58486],[126.96108,37.58486],[126.96108,37.57811]]]},"properties":{"row":16,"col":12,"walk_min":11.7,"nearest_station_id":"kr_063","nearest_station_name":"독립문","a":2,"A":"20-30","c":2,"C":"20-30","e":3,"E":"30-45","g":2,"G":"20-30","i":3,"I":"30-45","k":4,"K":"45-60","m":3,"M":"30-45","o":3,"O":"30-45","b":2,"B":"20-30","d":2,"D":"20-30","f":3,"F":"30-45","h":2,"H":"20-30","j":3,"J":"30-45","l":4,"L":"45-60","n":3,"N":"30-45","p":3,"P":"30-45"}},{"type":"Feature","geometry":{"type":"Polygon","coordinates":[[[126.92054,37.59162],[126.9273,37.59162],[126.9273,37.59838],[126.92054,37.59838],[126.92054,37.59162]]]},"properties":{"row":18,"col":6,"walk_min":12.7,"nearest_station_id":"kr_318","nearest_station_name":"응암","a":3,"A":"30-45","c":3,"C":"30-45","e":4,"E":"45-60","g":4,"G":"45-60","i":4,"I":"45-60","k":5,"K":"60-90","m":4,"M":"45-60","o":4,"O":"45-60","b":3,"B":"30-45","d":3,"D":"30-45","f":4,"F":"45-60","h":4,"H":"45-60","j":4,"J":"45-60","l":5,"L":"60-90","n":4,"N":"45-60","p":4,"P":"45-60"}},{"type":"Feature","geometry":{"type":"Polygon","coordinates":[[[126.95432,37.56459],[126.96108,37.56459],[126.96108,37.57135],[126.95432,37.57135],[126.95432,37.56459]]]},"properties":{"row":14,"col":11,"walk_min":13.9,"nearest_station_id":"kr_083","nearest_station_name":"Dongnimmun","a":2,"A":"20-30","c":2,"C":"20-30","e":3,"E":"30-45","g":3,"G":"30-45","i":3,"I":"30-45","k":4,"K":"45-60","m":3,"M":"30-45","o":3,"O":"30-45","b":2,"B":"20-30","d":2,"D":"20-30","f":3,"F":"30-45","h":3,"H":"30-45","j":3,"J":"30-45","l":4,"L":"45-60","n":3,"N":"30-45","p":3,"P":"30-45"}},{"type":"Feature","geometry":{"type":"Polygon","coordinates":[[[127.06919,37.59162],[127.07595,37.59162],[127.07595,37.59838],[127.06919,37.59838],[127.06919,37.59162]]]},"properties":{"row":18,"col":28,"walk_min":12.1,"nearest_station_id":"kr_034","nearest_station_name":"Hankuk University of Foreign Studies","a":3,"A":"30-45","c":3,"C":"30-45","e":4,"E":"45-60","g":3,"G":"30-45","i":4,"I":"45-60","k":4,"K":"45-60","m":3,"M":"30-45","o":4,"O":"45-60","b":3,"B":"30-45","d":3,"D":"30-45","f":4,"F":"45-60","h":3,"H":"30-45","j":4,"J":"45-60","l":4,"L":"45-60","n":3,"N":"30-45","p":4,"P":"45-60"}},{"type":"Feature","geometry":{"type":"Polygon","coordinates":[[[126.90703,37.47676],[126.91378,37.47676],[126.91378,37.48351],[126.90703,37.48351],[126.90703,37.47676]]]},"properties":{"row":1,"col":4,"walk_min":13.9,"nearest_station_id":"kr_336","nearest_station_name":"Sindaebang","a":3,"A":"30-45","c":3,"C":"30-45","e":3,"E":"30-45","g":4,"G":"45-60","i":2,"I":"20-30","k":4,"K":"45-60","m":5,"M":"60-90","o":3,"O":"30-45","b":3,"B":"30-45","d":3,"D":"30-45","f":3,"F":"30-45","h":4,"H":"45-60","j":2,"J":"20-30","l":4,"L":"45-60","n":5,"N":"60-90","p":3,"P":"30-45"}},{"type":"Feature","geometry":{"type":"Polygon","coordinates":[[[126.91378,37.49027],[126.92054,37.49027],[126.92054,37.49703],[126.91378,37.49703],[126.91378,37.49027]]]},"properties":{"row":3,"col":5,"walk_min":14.3,"nearest_station_id":"kr_336","nearest_station_name":"Sindaebang","a":4,"A":"45-60","c":4,"C":"45-60","e":3,"E":"30-45","g":4,"G":"45-60","i":3,"I":"30-45","k":4,"K":"45-60","m":5,"M":"60-90","o":4,"O":"45-60","b":4,"B":"45-60","d":4,"D":"45-60","f":3,"F":"30-45","h":4,"H":"45-60","j":3,"J":"30-45","l":4,"L":"45-60","n":5,"N":"60-90","p":4,"P":"45-60"}},{"type":"Feature","geometry":{"type":"Polygon","coordinates":[[[126.92054,37.50378],[126.9273,37.50378],[126.9273,37.51054],[126.92054,37.51054],[126.92054,37.50378]]]},"properties":{"row":5,"col":6,"walk_min":12.3,"nearest_station_id":"kr_380","nearest_station_name":"Daebang","a":3,"A":"30-45","c":3,"C":"30-45","e":3,"E":"30-45","g":4,"G":"45-60","i":3,"I":"30-45","k":4,"K":"45-60","m":4,"M":"45-60","o":3,"O":"30-45","b":3,"B":"30-45","d":3,"D":"30-45","f":3,"F":"30-45","h":4,"H":"45-60","j":3,"J":"30-45","l":4,"L":"45-60","n":4,"N":"45-60","p":3,"P":"30-45"}},{"type":"Feature","geometry":{"type":"Polygon","coordinates":[[[126.97459,37.49027],[126.98135,37.49027],[126.98135,37.49703],[126.97459,37.49703],[126.97459,37.49027]]]},"properties":{"row":3,"col":14,"walk_min":16.0,"nearest_station_id":"kr_139","nearest_station_name":"Chongsin Univ. (Isu)","a":3,"A":"30-45","c":3,"C":"30-45","e":2,"E":"20-30","g":4,"G":"45-60","i":2,"I":"20-30","k":3,"K":"30-45","m":4,"M":"45-60","o":3,"O":"30-45","b":3,"B":"30-45","d":3,"D":"30-45","f":2,"F":"20-30","h":4,"H":"45-60","j":2,"J":"20-30","l":3,"L":"30-45","n":4,"N":"45-60","p":3,"P":"30-45"}},{"type":"Feature","geometry":{"type":"Polygon","coordinates":[[[127.00838,37.59838],[127.01514,37.59838],[127.01514,37.60514],[127.00838,37.60514],[127.00838,37.59838]]]},"properties":{"row":19,"col":19,"walk_min":13.7,"nearest_station_id":"kr_160","nearest_station_name":"Sungshin Women's Univ.","a":3,"A":"30-45","c":3,"C":"30-45","e":3,"E":"30-45","g":3,"G":"30-45","i":4,"I":"45-60","k":4,"K":"45-60","m":3,"M":"30-45","o":3,"O":"30-45","b":3,"B":"30-45","d":3,"D":"30-45","f":3,"F":"30-45","h":3,"H":"30-45","j":4,"J":"45-60","l":4,"L":"45-60","n":3,"N":"30-45","p":3,"P":"30-45"}},{"type":"Feature","geometry":{"type":"Polygon","coordinates":[[[126.93405,37.59162],[126.94081,37.59162],[126.94081,37.59838],[126.93405,37.59838],[126.93405,37.59162]]]},"properties":{"row":18,"col":8,"walk_min":13.8,"nearest_station_id":"kr_113","nearest_station_name":"Nokbeon","a":3,"A":"30-45","c":3,"C":"30-45","e":4,"E":"45-60","g":3,"G":"30-45","i":4,"I":"45-60","k":4,"K":"45-60","m":4,"M":"45-60","o":3,"O":"30-45","b":3,"B":"30-45","d":3,"D":"30-45","f":4,"F":"45-60","h":3,"H":"30-45","j":4,"J":"45-60","l":4,"L":"45-60","n":4,"N":"45-60","p":3,"P":"30-45"}},{"type":"Feature","geometry":{"type":"Polygon","coordinates":[[[126.96784,37.51054],[126.97459,37.51054],[126.97459,37.5173],[126.96784,37.5173],[126.96784,37.51054]]]},"properties":{"row":6,"col":13,"walk_min":9.3,"nearest_station_id":"kr_404","nearest_station_name":"Heukseok","a":1,"A":"10-20","c":2,"C":"20-30","e":2,"E":"20-30","g":3,"G":"30-45","i":2,"I":"20-30","k":3,"K":"30-45","m":3,"M":"30-45","o":3,"O":"30-45","b":1,"B":"10-20","d":2,"D":"20-30","f":2,"F":"20-30","h":3,"H":"30-45","j":2,"J":"20-30","l":3,"L":"30-45","n":3,"N":"30-45","p":3,"P":"30-45"}},{"type":"Feature","geometry":{"type":"Polygon","coordinates":[[[127.02189,37.59162],[127.02865,37.59162],[127.02865,37.59838],[127.02189,37.59838],[127.02189,37.59162]]]},"properties":{"row":18,"col":21,"walk_min":12.2,"nearest_station_id":"kr_160","nearest_station_name":"Sungshin Women's Univ.","a":3,"A":"30-45","c":2,"C":"20-30","e":3,"E":"30-45","g":2,"G":"20-30","i":4,"I":"45-60","k":4,"K":"45-60","m":3,"M":"30-45","o":3,"O":"30-45","b":3,"B":"30-45","d":2,"D":"20-30","f":3,"F":"30-45","h":2,"H":"20-30","j":4,"J":"45-60","l":4,"L":"45-60","n":3,"N":"30-45","p":3,"P":"30-45"}},{"type":"Feature","geometry":{"type":"Polygon","coordinates":[[[127.06919,37.60514],[127.07595,37.60514],[127.07595,37.61189],[127.06919,37.61189],[127.06919,37.60514]]]},"properties":{"row":20,"col":28,"walk_min":14.6,"nearest_station_id":"kr_163","nearest_station_name":"먹골","a":4,"A":"45-60","c":3,"C":"30-45","e":4,"E":"45-60","g":3,"G":"30-45","i":5,"I":"60-90","k":4,"K":"45-60","m":4,"M":"45-60","o":4,"O":"45-60","b":4,"B":"45-60","d":3,"D":"30-45","f":4,"F":"45-60","h":3,"H":"30-45","j":5,"J":"60-90","l":4,"L":"45-60","n":4,"N":"45-60","p":4,"P":"45-60"}},{"type":"Feature","geometry":{"type":"Polygon","coordinates":[[[126.96108,37.48351],[126.96784,37.48351],[126.96784,37.49027],[126.96108,37.49027],[126.96108,37.48351]]]},"properties":{"row":2,"col":12,"walk_min":13.3,"nearest_station_id":"kr_182","nearest_station_name":"남성","a":3,"A":"30-45","c":3,"C":"30-45","e":2,"E":"20-30","g":4,"G":"45-60","i":3,"I":"30-45","k":3,"K":"30-45","m":4,"M":"45-60","o":4,"O":"45-60","b":3,"B":"30-45","d":3,"D":"30-45","f":2,"F":"20-30","h":4,"H":"45-60","j":3,"J":"30-45","l":3,"L":"30-45","n":4,"N":"45-60","p":4,"P":"45-60"}},{"type":"Feature","geometry":{"type":"Polygon","coordinates":[[[126.90703,37.53757],[126.91378,37.53757],[126.91378,37.54432],[126.90703,37.54432],[126.90703,37.53757]]]},"properties":{"row":10,"col":4,"walk_min":9.3,"nearest_station_id":"kr_211","nearest_station_name":"합정","a":2,"A":"20-30","c":3,"C":"30-45","e":3,"E":"30-45","g":3,"G":"30-45","i":3,"I":"30-45","k":4,"K":"45-60","m":4,"M":"45-60","o":3,"O":"30-45","b":2,"B":"20-30","d":3,"D":"30-45","f":3,"F":"30-45","h":3,"H":"30-45","j":3,"J":"30-45","l":4,"L":"45-60","n":4,"N":"45-60","p":3,"P":"30-45"}},{"type":"Feature","geometry":{"type":"Polygon","coordinates":[[[126.96784,37.50378],[126.97459,37.50378],[126.97459,37.51054],[126.96784,37.51054],[126.96784,37.50378]]]},"properties":{"row":5,"col":13,"walk_min":8.9,"nearest_station_id":"kr_404","nearest_station_name":"Heukseok","a":2,"A":"20-30","c":2,"C":"20-30","e":2,"E":"20-30","g":3,"G":"30-45","i":1,"I":"10-20","k":3,"K":"30-45","m":4,"M":"45-60","o":2,"O":"20-30","b":2,"B":"20-30","d":2,"D":"20-30","f":2,"F":"20-30","h":3,"H":"30-45","j":1,"J":"10-20","l":3,"L":"30-45","n":4,"N":"45-60","p":2,"P":"20-30"}},{"type":"Feature","geometry":{"type":"Polygon","coordinates":[[[127.01514,37.52405],[127.02189,37.52405],[127.02189,37.53081],[127.01514,37.53081],[127.01514,37.52405]]]},"properties":{"row":8,"col":20,"walk_min":13.1,"nearest_station_id":"kr_137","nearest_station_name":"Apgujeong","a":3,"A":"30-45","c":3,"C":"30-45","e":2,"E":"20-30","g":2,"G":"20-30","i":3,"I":"30-45","k":3,"K":"30-45","m":3,"M":"30-45","o":3,"O":"30-45","b":3,"B":"30-45","d":3,"D":"30-45","f":2,"F":"20-30","h":2,"H":"20-30","j":3,"J":"30-45","l":3,"L":"30-45","n":3,"N":"30-45","p":3,"P":"30-45"}},{"type":"Feature","geometry":{"type":"Polygon","coordinates":[[[126.92054,37.53081],[126.9273,37.53081],[126.9273,37.53757],[126.92054,37.53757],[126.92054,37.53081]]]},"properties":{"row":9,"col":6,"walk_min":12.1,"nearest_station_id":"kr_431","nearest_station_name":"National Assembly","a":2,"A":"20-30","c":3,"C":"30-45","e":3,"E":"30-45","g":3,"G":"30-45","i":3,"I":"30-45","k":4,"K":"45-60","m":4,"M":"45-60","o":2,"O":"20-30","b":2,"B":"20-30","d":3,"D":"30-45","f":3,"F":"30-45","h":3,"H":"30-45","j":3,"J":"30-45","l":4,"L":"45-60","n":4,"N":"45-60","p":2,"P":"20-30"}},{"type":"Feature","geometry":{"type":"Polygon","coordinates":[[[126.87324,37.47676],[126.88,37.47676],[126.88,37.48351],[126.87324,37.48351],[126.87324,37.47676]]]},"properties":{"row":1,"col":-1,"walk_min":8.6,"nearest_station_id":"kr_291","nearest_station_name":"가산디지털단지","a":3,"A":"30-45","c":3,"C":"30-45","e":3,"E":"30-45","g":4,"G":"45-60","i":3,"I":"30-45","k":4,"K":"45-60","m":4,"M":"45-60","o":2,"O":"20-30","b":3,"B":"30-45","d":3,"D":"30-45","f":3,"F":"30-45","h":4,"H":"45-60","j":3,"J":"30-45","l":4,"L":"45-60","n":4,"N":"45-60","p":2,"P":"20-30"}},{"type":"Feature","geometry":{"type":"Polygon","coordinates":[[[126.91378,37.53757],[126.92054,37.53757],[126.92054,37.54432],[126.91378,37.54432],[126.91378,37.53757]]]},"properties":{"row":10,"col":5,"walk_min":9.8,"nearest_station_id":"kr_184","nearest_station_name":"상수","a":2,"A":"20-30","c":2,"C":"20-30","e":3,"E":"30-45","g":3,"G":"30-45","i":3,"I":"30-45","k":4,"K":"45-60","m":4,"M":"45-60","o":3,"O":"30-45","b":2,"B":"20-30","d":2,"D":"20-30","f":3,"F":"30-45","h":3,"H":"30-45","j":3,"J":"30-45","l":4,"L":"45-60","n":4,"N":"45-60","p":3,"P":"30-45"}},{"type":"Feature","geometry":{"type":"Polygon","coordinates":[[[127.06919,37.48351],[127.07595,37.48351],[127.07595,37.49027],[127.06919,37.49027],[127.06919,37.48351]]]},"properties":{"row":2,"col":28,"walk_min":17.7,"nearest_station_id":"kr_347","nearest_station_name":"Daecheong","a":4,"A":"45-60","c":4,"C":"45-60","e":3,"E":"30-45","g":4,"G":"45-60","i":3,"I":"30-45","k":3,"K":"30-45","m":4,"M":"45-60","o":5,"O":"60-90","b":4,"B":"45-60","d":4,"D":"45-60","f":3,"F":"30-45","h":4,"H":"45-60","j":3,"J":"30-45","l":3,"L":"30-45","n":4,"N":"45-60","p":5,"P":"60-90"}},{"type":"Feature","geometry":{"type":"Polygon","coordinates":[[[126.96108,37.49703],[126.96784,37.49703],[126.96784,37.50378],[126.96108,37.50378],[126.96108,37.49703]]]},"properties":{"row":4,"col":12,"walk_min":18.6,"nearest_station_id":"kr_404","nearest_station_name":"Heukseok","a":3,"A":"30-45","c":4,"C":"45-60","e":3,"E":"30-45","g":4,"G":"45-60","i":3,"I":"30-45","k":4,"K":"45-60","m":4,"M":"45-60","o":4,"O":"45-60","b":3,"B":"30-45","d":4,"D":"45-60","f":3,"F":"30-45","h":4,"H":"45-60","j":3,"J":"30-45","l":4,"L":"45-60","n":4,"N":"45-60","p":4,"P":"45-60"}},{"type":"Feature","geometry":{"type":"Polygon","coordinates":[[[126.98135,37.52405],[126.98811,37.52405],[126.98811,37.53081],[126.98135,37.53081],[126.98135,37.52405]]]},"properties":{"row":8,"col":15,"walk_min":13.5,"nearest_station_id":"kr_295","nearest_station_name":"녹사평","a":2,"A":"20-30","c":2,"C":"20-30","e":3,"E":"30-45","g":3,"G":"30-45","i":2,"I":"20-30","k":4,"K":"45-60","m":3,"M":"30-45","o":3,"O":"30-45","b":2,"B":"20-30","d":2,"D":"20-30","f":3,"F":"30-45","h":3,"H":"30-45","j":2,"J":"20-30","l":4,"L":"45-60","n":3,"N":"30-45","p":3,"P":"30-45"}},{"type":"Feature","geometry":{"type":"Polygon","coordinates":[[[126.96108,37.49027],[126.96784,37.49027],[126.96784,37.49703],[126.96108,37.49703],[126.96108,37.49027]]]},"properties":{"row":3,"col":12,"walk_min":19.0,"nearest_station_id":"kr_213","nearest_station_name":"숭실대입구","a":4,"A":"45-60","c":4,"C":"45-60","e":3,"E":"30-45","g":4,"G":"45-60","i":3,"I":"30-45","k":4,"K":"45-60","m":5,"M":"60-90","o":4,"O":"45-60","b":4,"B":"45-60","d":4,"D":"45-60","f":3,"F":"30-45","h":4,"H":"45-60","j":3,"J":"30-45","l":4,"L":"45-60","n":5,"N":"60-90","p":4,"P":"45-60"}},{"type":"Feature","geometry":{"type":"Polygon","coordinates":[[[126.94757,37.48351],[126.95432,37.48351],[126.95432,37.49027],[126.94757,37.49027],[126.94757,37.48351]]]},"properties":{"row":2,"col":10,"walk_min":12.8,"nearest_station_id":"kr_370","nearest_station_name":"Seoul Nat'l University (Gwanak-gu Office)","a":3,"A":"30-45","c":3,"C":"30-45","e":3,"E":"30-45","g":4,"G":"45-60","i":2,"I":"20-30","k":3,"K":"30-45","m":4,"M":"45-60","o":4,"O":"45-60","b":3,"B":"30-45","d":3,"D":"30-45","f":3,"F":"30-45","h":4,"H":"45-60","j":2,"J":"20-30","l":3,"L":"30-45","n":4,"N":"45-60","p":4,"P":"45-60"}},{"type":"Feature","geometry":{"type":"Polygon","coordinates":[[[126.97459,37.52405],[126.98135,37.52405],[126.98135,37.53081],[126.97459,37.53081],[126.97459,37.52405]]]},"properties":{"row":8,"col":14,"walk_min":13.0,"nearest_station_id":"kr_219","nearest_station_name":"Ichon","a":2,"A":"20-30","c":2,"C":"20-30","e":2,"E":"20-30","g":3,"G":"30-45","i":2,"I":"20-30","k":3,"K":"30-45","m":3,"M":"30-45","o":3,"O":"30-45","b":2,"B":"20-30","d":2,"D":"20-30","f":2,"F":"20-30","h":3,"H":"30-45","j":2,"J":"20-30","l":3,"L":"30-45","n":3,"N":"30-45","p":3,"P":"30-45"}},{"type":"Feature","geometry":{"type":"Polygon","coordinates":[[[126.90027,37.59162],[126.90703,37.59162],[126.90703,37.59838],[126.90027,37.59838],[126.90027,37.59162]]]},"properties":{"row":18,"col":3,"walk_min":13.0,"nearest_station_id":"kr_340","nearest_station_name":"Saejeol","a":3,"A":"30-45","c":3,"C":"30-45","e":4,"E":"45-60","g":4,"G":"45-60","i":4,"I":"45-60","k":5,"K":"60-90","m":4,"M":"45-60","o":4,"O":"45-60","b":3,"B":"30-45","d":3,"D":"30-45","f":4,"F":"45-60","h":4,"H":"45-60","j":4,"J":"45-60","l":5,"L":"60-90","n":4,"N":"45-60","p":4,"P":"45-60"}},{"type":"Feature","geometry":{"type":"Polygon","coordinates":[[[126.88676,37.49703],[126.89351,37.49703],[126.89351,37.50378],[126.88676,37.50378],[126.88676,37.49703]]]},"properties":{"row":4,"col":1,"walk_min":13.7,"nearest_station_id":"kr_019","nearest_station_name":"Guro","a":3,"A":"30-45","c":3,"C":"30-45","e":3,"E":"30-45","g":4,"G":"45-60","i":3,"I":"30-45","k":4,"K":"45-60","m":4,"M":"45-60","o":2,"O":"20-30","b":3,"B":"30-45","d":3,"D":"30-45","f":3,"F":"30-45","h":4,"H":"45-60","j":3,"J":"30-45","l":4,"L":"45-60","n":4,"N":"45-60","p":2,"P":"20-30"}},{"type":"Feature","geometry":{"type":"Polygon","coordinates":[[[127.01514,37.59838],[127.02189,37.59838],[127.02189,37.60514],[127.01514,37.60514],[127.01514,37.59838]]]},"properties":{"row":19,"col":20,"walk_min":14.2,"nearest_station_id":"kr_082","nearest_station_name":"Gireum","a":3,"A":"30-45","c":3,"C":"30-45","e":4,"E":"45-60","g":3,"G":"30-45","i":4,"I":"45-60","k":4,"K":"45-60","m":3,"M":"30-45","o":3,"O":"30-45","b":3,"B":"30-45","d":3,"D":"30-45","f":4,"F":"45-60","h":3,"H":"30-45","j":4,"J":"45-60","l":4,"L":"45-60","n":3,"N":"30-45","p":3,"P":"30-45"}},{"type":"Feature","geometry":{"type":"Polygon","coordinates":[[[127.05568,37.57811],[127.06243,37.57811],[127.06243,37.58486],[127.05568,37.58486],[127.05568,37.57811]]]},"properties":{"row":16,"col":26,"walk_min":14.1,"nearest_station_id":"kr_031","nearest_station_name":"Hoegi","a":3,"A":"30-45","c":3,"C":"30-45","e":4,"E":"45-60","g":3,"G":"30-45","i":4,"I":"45-60","k":4,"K":"45-60","m":3,"M":"30-45","o":3,"O":"30-45","b":3,"B":"30-45","d":3,"D":"30-45","f":4,"F":"45-60","h":3,"H":"30-45","j":4,"J":"45-60","l":4,"L":"45-60","n":3,"N":"30-45","p":3,"P":"30-45"}},{"type":"Feature","geometry":{"type":"Polygon","coordinates":[[[127.00162,37.47],[127.00838,37.47],[127.00838,37.47676],[127.00162,37.47676],[127.00162,37.47]]]},"properties":{"row":0,"col":18,"walk_min":15.1,"nearest_station_id":"kr_344","nearest_station_name":"Bangbae","a":3,"A":"30-45","c":3,"C":"30-45","e":2,"E":"20-30","g":4,"G":"45-60","i":1,"I":"10-20","k":3,"K":"30-45","m":4,"M":"45-60","o":4,"O":"45-60","b":3,"B":"30-45","d":3,"D":"30-45","f":2,"F":"20-30","h":4,"H":"45-60","j":1,"J":"10-20","l":3,"L":"30-45","n":4,"N":"45-60","p":4,"P":"45-60"}},{"type":"Feature","geometry":{"type":"Polygon","coordinates":[[[127.04216,37.52405],[127.04892,37.52405],[127.04892,37.53081],[127.04216,37.53081],[127.04216,37.52405]]]},"properties":{"row":8,"col":24,"walk_min":13.8,"nearest_station_id":"kr_166","nearest_station_name":"청담","a":3,"A":"30-45","c":3,"C":"30-45","e":2,"E":"20-30","g":3,"G":"30-45","i":3,"I":"30-45","k":3,"K":"30-45","m":3,"M":"30-45","o":4,"O":"45-60","b":3,"B":"30-45","d":3,"D":"30-45","f":2,"F":"20-30","h":3,"H":"30-45","j":3,"J":"30-45","l":3,"L":"30-45","n":3,"N":"30-45","p":4,"P":"45-60"}},{"type":"Feature","geometry":{"type":"Polygon","coordinates":[[[127.06919,37.56459],[127.07595,37.56459],[127.07595,37.57135],[127.06919,37.57135],[127.06919,37.56459]]]},"properties":{"row":14,"col":28,"walk_min":13.4,"nearest_station_id":"kr_103","nearest_station_name":"장한평","a":3,"A":"30-45","c":3,"C":"30-45","e":3,"E":"30-45","g":2,"G":"20-30","i":4,"I":"45-60","k":3,"K":"30-45","m":3,"M":"30-45","o":4,"O":"45-60","b":3,"B":"30-45","d":3,"D":"30-45","f":3,"F":"30-45","h":2,"H":"20-30","j":4,"J":"45-60","l":3,"L":"30-45","n":3,"N":"30-45","p":4,"P":"45-60"}},{"type":"Feature","geometry":{"type":"Polygon","coordinates":[[[126.95432,37.52405],[126.96108,37.52405],[126.96108,37.53081],[126.95432,37.53081],[126.95432,37.52405]]]},"properties":{"row":8,"col":11,"walk_min":15.9,"nearest_station_id":"kr_397","nearest_station_name":"Yongsan","a":2,"A":"20-30","c":2,"C":"20-30","e":3,"E":"30-45","g":3,"G":"30-45","i":3,"I":"30-45","k":4,"K":"45-60","m":4,"M":"45-60","o":3,"O":"30-45","b":2,"B":"20-30","d":2,"D":"20-30","f":3,"F":"30-45","h":3,"H":"30-45","j":3,"J":"30-45","l":4,"L":"45-60","n":4,"N":"45-60","p":3,"P":"30-45"}},{"type":"Feature","geometry":{"type":"Polygon","coordinates":[[[126.95432,37.48351],[126.96108,37.48351],[126.96108,37.49027],[126.95432,37.49027],[126.95432,37.48351]]]},"properties":{"row":2,"col":11,"walk_min":13.2,"nearest_station_id":"kr_370","nearest_station_name":"Seoul Nat'l University (Gwanak-gu Office)","a":3,"A":"30-45","c":3,"C":"30-45","e":3,"E":"30-45","g":4,"G":"45-60","i":2,"I":"20-30","k":4,"K":"45-60","m":4,"M":"45-60","o":4,"O":"45-60","b":3,"B":"30-45","d":3,"D":"30-45","f":3,"F":"30-45","h":4,"H":"45-60","j":2,"J":"20-30","l":4,"L":"45-60","n":4,"N":"45-60","p":4,"P":"45-60"}},{"type":"Feature","geometry":{"type":"Polygon","coordinates":[[[126.87324,37.54432],[126.88,37.54432],[126.88,37.55108],[126.87324,37.55108],[126.87324,37.54432]]]},"properties":{"row":11,"col":-1,"walk_min":9.1,"nearest_station_id":"kr_073","nearest_station_name":"Yeomchang","a":3,"A":"30-45","c":3,"C":"30-45","e":3,"E":"30-45","g":4,"G":"45-60","i":3,"I":"30-45","k":4,"K":"45-60","m":4,"M":"45-60","o":2,"O":"20-30","b":3,"B":"30-45","d":3,"D":"30-45","f":3,"F":"30-45","h":4,"H":"45-60","j":3,"J":"30-45","l":4,"L":"45-60","n":4,"N":"45-60","p":2,"P":"20-30"}},{"type":"Feature","geometry":{"type":"Polygon","coordinates":[[[126.89351,37.57811],[126.90027,37.57811],[126.90027,37.58486],[126.89351,37.58486],[126.89351,37.57811]]]},"properties":{"row":16,"col":2,"walk_min":14.8,"nearest_station_id":"kr_327","nearest_station_name":"디지털미디어시티","a":3,"A":"30-45","c":3,"C":"30-45","e":4,"E":"45-60","g":4,"G":"45-60","i":4,"I":"45-60","k":5,"K":"60-90","m":5,"M":"60-90","o":4,"O":"45-60","b":3,"B":"30-45","d":3,"D":"30-45","f":4,"F":"45-60","h":4,"H":"45-60","j":4,"J":"45-60","l":5,"L":"60-90","n":5,"N":"60-90","p":4,"P":"45-60"}},{"type":"Feature","geometry":{"type":"Polygon","coordinates":[[[126.97459,37.51054],[126.98135,37.51054],[126.98135,37.5173],[126.97459,37.5173],[126.97459,37.51054]]]},"properties":{"row":6,"col":14,"walk_min":16.5,"nearest_station_id":"kr_219","nearest_station_name":"Ichon","a":2,"A":"20-30","c":2,"C":"20-30","e":3,"E":"30-45","g":3,"G":"30-45","i":2,"I":"20-30","k":3,"K":"30-45","m":4,"M":"45-60","o":3,"O":"30-45","b":2,"B":"20-30","d":2,"D":"20-30","f":3,"F":"30-45","h":3,"H":"30-45","j":2,"J":"20-30","l":3,"L":"30-45","n":4,"N":"45-60","p":3,"P":"30-45"}},{"type":"Feature","geometry":{"type":"Polygon","coordinates":[[[127.05568,37.60514],[127.06243,37.60514],[127.06243,37.61189],[127.05568,37.61189],[127.05568,37.60514]]]},"properties":{"row":20,"col":26,"walk_min":13.7,"nearest_station_id":"kr_165","nearest_station_name":"돌곶이","a":3,"A":"30-45","c":3,"C":"30-45","e":4,"E":"45-60","g":3,"G":"30-45","i":4,"I":"45-60","k":4,"K":"45-60","m":4,"M":"45-60","o":4,"O":"45-60","b":3,"B":"30-45","d":3,"D":"30-45","f":4,"F":"45-60","h":3,"H":"30-45","j":4,"J":"45-60","l":4,"L":"45-60","n":4,"N":"45-60","p":4,"P":"45-60"}},{"type":"Feature","geometry":{"type":"Polygon","coordinates":[[[127.07595,37.52405],[127.0827,37.52405],[127.0827,37.53081],[127.07595,37.53081],[127.07595,37.52405]]]},"properties":{"row":8,"col":29,"walk_min":13.8,"nearest_station_id":"kr_181","nearest_station_name":"Jayang","a":3,"A":"30-45","c":3,"C":"30-45","e":3,"E":"30-45","g":2,"G":"20-30","i":3,"I":"30-45","k":3,"K":"30-45","m":2,"M":"20-30","o":4,"O":"45-60","b":3,"B":"30-45","d":3,"D":"30-45","f":3,"F":"30-45","h":2,"H":"20-30","j":3,"J":"30-45","l":3,"L":"30-45","n":2,"N":"20-30","p":4,"P":"45-60"}},{"type":"Feature","geometry":{"type":"Polygon","coordinates":[[[126.90027,37.54432],[126.90703,37.54432],[126.90703,37.55108],[126.90027,37.55108],[126.90027,37.54432]]]},"properties":{"row":11,"col":3,"walk_min":12.7,"nearest_station_id":"kr_211","nearest_station_name":"합정","a":3,"A":"30-45","c":3,"C":"30-45","e":4,"E":"45-60","g":3,"G":"30-45","i":3,"I":"30-45","k":4,"K":"45-60","m":4,"M":"45-60","o":3,"O":"30-45","b":3,"B":"30-45","d":3,"D":"30-45","f":4,"F":"45-60","h":3,"H":"30-45","j":3,"J":"30-45","l":4,"L":"45-60","n":4,"N":"45-60","p":3,"P":"30-45"}},{"type":"Feature","geometry":{"type":"Polygon","coordinates":[[[126.89351,37.55784],[126.90027,37.55784],[126.90027,37.56459],[126.89351,37.56459],[126.89351,37.55784]]]},"properties":{"row":13,"col":2,"walk_min":24.6,"nearest_station_id":"kr_259","nearest_station_name":"마포구청","a":4,"A":"45-60","c":4,"C":"45-60","e":5,"E":"60-90","g":4,"G":"45-60","i":4,"I":"45-60","k":5,"K":"60-90","m":5,"M":"60-90","o":4,"O":"45-60","b":4,"B":"45-60","d":4,"D":"45-60","f":5,"F":"60-90","h":4,"H":"45-60","j":4,"J":"45-60","l":5,"L":"60-90","n":5,"N":"60-90","p":4,"P":"45-60"}},{"type":"Feature","geometry":{"type":"Polygon","coordinates":[[[126.94081,37.47],[126.94757,37.47],[126.94757,37.47676],[126.94081,37.47676],[126.94081,37.47]]]},"properties":{"row":0,"col":9,"walk_min":14.7,"nearest_station_id":"kr_377","nearest_station_name":"Bongcheon","a":3,"A":"30-45","c":4,"C":"45-60","e":3,"E":"30-45","g":4,"G":"45-60","i":2,"I":"20-30","k":4,"K":"45-60","m":4,"M":"45-60","o":3,"O":"30-45","b":3,"B":"30-45","d":4,"D":"45-60","f":3,"F":"30-45","h":4,"H":"45-60","j":2,"J":"20-30","l":4,"L":"45-60","n":4,"N":"45-60","p":3,"P":"30-45"}},{"type":"Feature","geometry":{"type":"Polygon","coordinates":[[[127.04892,37.53081],[127.05568,37.53081],[127.05568,37.53757],[127.04892,37.53757],[127.04892,37.53081]]]},"properties":{"row":9,"col":25,"walk_min":12.0,"nearest_station_id":"kr_186","nearest_station_name":"Seongsu","a":3,"A":"30-45","c":3,"C":"30-45","e":3,"E":"30-45","g":2,"G":"20-30","i":4,"I":"45-60","k":3,"K":"30-45","m":2,"M":"20-30","o":4,"O":"45-60","b":3,"B":"30-45","d":3,"D":"30-45","f":3,"F":"30-45","h":2,"H":"20-30","j":4,"J":"45-60","l":3,"L":"30-45","n":2,"N":"20-30","p":4,"P":"45-60"}},{"type":"Feature","geometry":{"type":"Polygon","coordinates":[[[126.99486,37.55108],[127.00162,37.55108],[127.00162,37.55784],[126.99486,37.55784],[126.99486,37.55108]]]},"properties":{"row":12,"col":17,"walk_min":15.5,"nearest_station_id":"kr_030","nearest_station_name":"Chungmuro","a":2,"A":"20-30","c":2,"C":"20-30","e":3,"E":"30-45","g":2,"G":"20-30","i":3,"I":"30-45","k":4,"K":"45-60","m":3,"M":"30-45","o":3,"O":"30-45","b":2,"B":"20-30","d":2,"D":"20-30","f":3,"F":"30-45","h":2,"H":"20-30","j":3,"J":"30-45","l":4,"L":"45-60","n":3,"N":"30-45","p":3,"P":"30-45"}},{"type":"Feature","geometry":{"type":"Polygon","coordinates":[[[126.89351,37.47676],[126.90027,37.47676],[126.90027,37.48351],[126.89351,37.48351],[126.89351,37.47676]]]},"properties":{"row":1,"col":2,"walk_min":16.2,"nearest_station_id":"kr_288","nearest_station_name":"Guro Digital Complex","a":3,"A":"30-45","c":3,"C":"30-45","e":3,"E":"30-45","g":4,"G":"45-60","i":3,"I":"30-45","k":4,"K":"45-60","m":5,"M":"60-90","o":3,"O":"30-45","b":3,"B":"30-45","d":3,"D":"30-45","f":3,"F":"30-45","h":4,"H":"45-60","j":3,"J":"30-45","l":4,"L":"45-60","n":5,"N":"60-90","p":3,"P":"30-45"}},{"type":"Feature","geometry":{"type":"Polygon","coordinates":[[[126.93405,37.47],[126.94081,37.47],[126.94081,37.47676],[126.93405,37.47676],[126.93405,37.47]]]},"properties":{"row":0,"col":8,"walk_min":14.3,"nearest_station_id":"kr_377","nearest_station_name":"Bongcheon","a":3,"A":"30-45","c":4,"C":"45-60","e":3,"E":"30-45","g":4,"G":"45-60","i":2,"I":"20-30","k":4,"K":"45-60","m":4,"M":"45-60","o":3,"O":"30-45","b":3,"B":"30-45","d":4,"D":"45-60","f":3,"F":"30-45","h":4,"H":"45-60","j":2,"J":"20-30","l":4,"L":"45-60","n":4,"N":"45-60","p":3,"P":"30-45"}},{"type":"Feature","geometry":{"type":"Polygon","coordinates":[[[126.90027,37.47676],[126.90703,37.47676],[126.90703,37.48351],[126.90027,37.48351],[126.90027,37.47676]]]},"properties":{"row":1,"col":3,"walk_min":17.0,"nearest_station_id":"kr_288","nearest_station_name":"Guro Digital Complex","a":3,"A":"30-45","c":3,"C":"30-45","e":3,"E":"30-45","g":4,"G":"45-60","i":3,"I":"30-45","k":4,"K":"45-60","m":5,"M":"60-90","o":3,"O":"30-45","b":3,"B":"30-45","d":3,"D":"30-45","f":3,"F":"30-45","h":4,"H":"45-60","j":3,"J":"30-45","l":4,"L":"45-60","n":5,"N":"60-90","p":3,"P":"30-45"}},{"type":"Feature","geometry":{"type":"Polygon","coordinates":[[[127.01514,37.60514],[127.02189,37.60514],[127.02189,37.61189],[127.01514,37.61189],[127.01514,37.60514]]]},"properties":{"row":20,"col":20,"walk_min":14.7,"nearest_station_id":"kr_082","nearest_station_name":"Gireum","a":3,"A":"30-45","c":3,"C":"30-45","e":4,"E":"45-60","g":3,"G":"30-45","i":4,"I":"45-60","k":4,"K":"45-60","m":3,"M":"30-45","o":3,"O":"30-45","b":3,"B":"30-45","d":3,"D":"30-45","f":4,"F":"45-60","h":3,"H":"30-45","j":4,"J":"45-60","l":4,"L":"45-60","n":3,"N":"30-45","p":3,"P":"30-45"}},{"type":"Feature","geometry":{"type":"Polygon","coordinates":[[[127.07595,37.53081],[127.0827,37.53081],[127.0827,37.53757],[127.07595,37.53757],[127.07595,37.53081]]]},"properties":{"row":9,"col":29,"walk_min":13.8,"nearest_station_id":"kr_210","nearest_station_name":"Guui(Gwangjin-gu Office)","a":3,"A":"30-45","c":3,"C":"30-45","e":3,"E":"30-45","g":2,"G":"20-30","i":4,"I":"45-60","k":2,"K":"20-30","m":2,"M":"20-30","o":4,"O":"45-60","b":3,"B":"30-45","d":3,"D":"30-45","f":3,"F":"30-45","h":2,"H":"20-30","j":4,"J":"45-60","l":2,"L":"20-30","n":2,"N":"20-30","p":4,"P":"45-60"}},{"type":"Feature","geometry":{"type":"Polygon","coordinates":[[[126.92054,37.58486],[126.9273,37.58486],[126.9273,37.59162],[126.92054,37.59162],[126.92054,37.58486]]]},"properties":{"row":17,"col":6,"walk_min":15.0,"nearest_station_id":"kr_340","nearest_station_name":"Saejeol","a":4,"A":"45-60","c":3,"C":"30-45","e":4,"E":"45-60","g":4,"G":"45-60","i":4,"I":"45-60","k":5,"K":"60-90","m":4,"M":"45-60","o":4,"O":"45-60","b":4,"B":"45-60","d":3,"D":"30-45","f":4,"F":"45-60","h":4,"H":"45-60","j":4,"J":"45-60","l":5,"L":"60-90","n":4,"N":"45-60","p":4,"P":"45-60"}},{"type":"Feature","geometry":{"type":"Polygon","coordinates":[[[126.93405,37.57811],[126.94081,37.57811],[126.94081,37.58486],[126.93405,37.58486],[126.93405,37.57811]]]},"properties":{"row":16,"col":8,"walk_min":15.5,"nearest_station_id":"kr_110","nearest_station_name":"Hongje (Seoul Culture Arts Univ.)","a":3,"A":"30-45","c":3,"C":"30-45","e":4,"E":"45-60","g":3,"G":"30-45","i":4,"I":"45-60","k":4,"K":"45-60","m":4,"M":"45-60","o":3,"O":"30-45","b":3,"B":"30-45","d":3,"D":"30-45","f":4,"F":"45-60","h":3,"H":"30-45","j":4,"J":"45-60","l":4,"L":"45-60","n":4,"N":"45-60","p":3,"P":"30-45"}},{"type":"Feature","geometry":{"type":"Polygon","coordinates":[[[127.0827,37.54432],[127.08946,37.54432],[127.08946,37.55108],[127.0827,37.55108],[127.0827,37.54432]]]},"properties":{"row":11,"col":30,"walk_min":12.0,"nearest_station_id":"kr_087","nearest_station_name":"아차산","a":3,"A":"30-45","c":3,"C":"30-45","e":3,"E":"30-45","g":2,"G":"20-30","i":3,"I":"30-45","k":3,"K":"30-45","m":3,"M":"30-45","o":4,"O":"45-60","b":3,"B":"30-45","d":3,"D":"30-45","f":3,"F":"30-45","h":2,"H":"20-30","j":3,"J":"30-45","l":3,"L":"30-45","n":3,"N":"30-45","p":4,"P":"45-60"}},{"type":"Feature","geometry":{"type":"Polygon","coordinates":[[[126.94081,37.49027],[126.94757,37.49027],[126.94757,37.49703],[126.94081,37.49703],[126.94081,37.49027]]]},"properties":{"row":3,"col":9,"walk_min":12.8,"nearest_station_id":"kr_213","nearest_station_name":"숭실대입구","a":3,"A":"30-45","c":4,"C":"45-60","e":3,"E":"30-45","g":4,"G":"45-60","i":3,"I":"30-45","k":4,"K":"45-60","m":4,"M":"45-60","o":4,"O":"45-60","b":3,"B":"30-45","d":4,"D":"45-60","f":3,"F":"30-45","h":4,"H":"45-60","j":3,"J":"30-45","l":4,"L":"45-60","n":4,"N":"45-60","p":4,"P":"45-60"}},{"type":"Feature","geometry":{"type":"Polygon","coordinates":[[[126.98811,37.58486],[126.99486,37.58486],[126.99486,37.59162],[126.98811,37.59162],[126.98811,37.58486]]]},"properties":{"row":17,"col":16,"walk_min":15.0,"nearest_station_id":"kr_057","nearest_station_name":"Hyehwa","a":2,"A":"20-30","c":2,"C":"20-30","e":3,"E":"30-45","g":2,"G":"20-30","i":4,"I":"45-60","k":4,"K":"45-60","m":3,"M":"30-45","o":3,"O":"30-45","b":2,"B":"20-30","d":2,"D":"20-30","f":3,"F":"30-45","h":2,"H":"20-30","j":4,"J":"45-60","l":4,"L":"45-60","n":3,"N":"30-45","p":3,"P":"30-45"}},{"type":"Feature","geometry":{"type":"Polygon","coordinates":[[[127.0827,37.51054],[127.08946,37.51054],[127.08946,37.5173],[127.0827,37.5173],[127.0827,37.51054]]]},"properties":{"row":6,"col":30,"walk_min":15.9,"nearest_station_id":"kr_157","nearest_station_name":"Jamsilsaenae","a":4,"A":"45-60","c":4,"C":"45-60","e":2,"E":"20-30","g":3,"G":"30-45","i":3,"I":"30-45","k":1,"K":"10-20","m":2,"M":"20-30","o":4,"O":"45-60","b":4,"B":"45-60","d":4,"D":"45-60","f":2,"F":"20-30","h":3,"H":"30-45","j":3,"J":"30-45","l":1,"L":"10-20","n":2,"N":"20-30","p":4,"P":"45-60"}},{"type":"Feature","geometry":{"type":"Polygon","coordinates":[[[126.93405,37.49027],[126.94081,37.49027],[126.94081,37.49703],[126.93405,37.49703],[126.93405,37.49027]]]},"properties":{"row":3,"col":8,"walk_min":13.7,"nearest_station_id":"kr_299","nearest_station_name":"신대방삼거리","a":4,"A":"45-60","c":4,"C":"45-60","e":3,"E":"30-45","g":4,"G":"45-60","i":3,"I":"30-45","k":4,"K":"45-60","m":5,"M":"60-90","o":4,"O":"45-60","b":4,"B":"45-60","d":4,"D":"45-60","f":3,"F":"30-45","h":4,"H":"45-60","j":3,"J":"30-45","l":4,"L":"45-60","n":5,"N":"60-90","p":4,"P":"45-60"}},{"type":"Feature","geometry":{"type":"Polygon","coordinates":[[[126.88,37.53081],[126.88676,37.53081],[126.88676,37.53757],[126.88,37.53757],[126.88,37.53081]]]},"properties":{"row":9,"col":0,"walk_min":15.6,"nearest_station_id":"kr_314","nearest_station_name":"Yangpyeong","a":3,"A":"30-45","c":3,"C":"30-45","e":3,"E":"30-45","g":4,"G":"45-60","i":3,"I":"30-45","k":4,"K":"45-60","m":5,"M":"60-90","o":3,"O":"30-45","b":3,"B":"30-45","d":3,"D":"30-45","f":3,"F":"30-45","h":4,"H":"45-60","j":3,"J":"30-45","l":4,"L":"45-60","n":5,"N":"60-90","p":3,"P":"30-45"}},{"type":"Feature","geometry":{"type":"Polygon","coordinates":[[[127.0827,37.60514],[127.08946,37.60514],[127.08946,37.61189],[127.0827,37.61189],[127.0827,37.60514]]]},"properties":{"row":20,"col":30,"walk_min":10.7,"nearest_station_id":"kr_163","nearest_station_name":"먹골","a":4,"A":"45-60","c":4,"C":"45-60","e":4,"E":"45-60","g":3,"G":"30-45","i":4,"I":"45-60","k":4,"K":"45-60","m":3,"M":"30-45","o":4,"O":"45-60","b":4,"B":"45-60","d":4,"D":"45-60","f":4,"F":"45-60","h":3,"H":"30-45","j":4,"J":"45-60","l":4,"L":"45-60","n":3,"N":"30-45","p":4,"P":"45-60"}},{"type":"Feature","geometry":{"type":"Polygon","coordinates":[[[127.04892,37.60514],[127.05568,37.60514],[127.05568,37.61189],[127.04892,37.61189],[127.04892,37.60514]]]},"properties":{"row":20,"col":25,"walk_min":14.8,"nearest_station_id":"kr_165","nearest_station_name":"돌곶이","a":3,"A":"30-45","c":3,"C":"30-45","e":4,"E":"45-60","g":3,"G":"30-45","i":4,"I":"45-60","k":4,"K":"45-60","m":4,"M":"45-60","o":4,"O":"45-60","b":3,"B":"30-45","d":3,"D":"30-45","f":4,"F":"45-60","h":3,"H":"30-45","j":4,"J":"45-60","l":4,"L":"45-60","n":4,"N":"45-60","p":4,"P":"45-60"}},{"type":"Feature","geometry":{"type":"Polygon","coordinates":[[[127.03541,37.49027],[127.04216,37.49027],[127.04216,37.49703],[127.03541,37.49703],[127.03541,37.49027]]]},"properties":{"row":3,"col":23,"walk_min":13.7,"nearest_station_id":"kr_252","nearest_station_name":"Yeoksam","a":3,"A":"30-45","c":3,"C":"30-45","e":1,"E":"10-20","g":3,"G":"30-45","i":2,"I":"20-30","k":2,"K":"20-30","m":3,"M":"30-45","o":4,"O":"45-60","b":3,"B":"30-45","d":3,"D":"30-45","f":1,"F":"10-20","h":3,"H":"30-45","j":2,"J":"20-30","l":2,"L":"20-30","n":3,"N":"30-45","p":4,"P":"45-60"}},{"type":"Feature","geometry":{"type":"Polygon","coordinates":[[[126.89351,37.54432],[126.90027,37.54432],[126.90027,37.55108],[126.89351,37.55108],[126.89351,37.54432]]]},"properties":{"row":11,"col":2,"walk_min":12.1,"nearest_station_id":"kr_387","nearest_station_name":"Seonyudo","a":3,"A":"30-45","c":3,"C":"30-45","e":3,"E":"30-45","g":4,"G":"45-60","i":3,"I":"30-45","k":4,"K":"45-60","m":4,"M":"45-60","o":2,"O":"20-30","b":3,"B":"30-45","d":3,"D":"30-45","f":3,"F":"30-45","h":4,"H":"45-60","j":3,"J":"30-45","l":4,"L":"45-60","n":4,"N":"45-60","p":2,"P":"20-30"}},{"type":"Feature","geometry":{"type":"Polygon","coordinates":[[[126.92054,37.53757],[126.9273,37.53757],[126.9273,37.54432],[126.92054,37.54432],[126.92054,37.53757]]]},"properties":{"row":10,"col":6,"walk_min":16.6,"nearest_station_id":"kr_184","nearest_station_name":"상수","a":3,"A":"30-45","c":3,"C":"30-45","e":4,"E":"45-60","g":4,"G":"45-60","i":3,"I":"30-45","k":4,"K":"45-60","m":4,"M":"45-60","o":3,"O":"30-45","b":3,"B":"30-45","d":3,"D":"30-45","f":4,"F":"45-60","h":4,"H":"45-60","j":3,"J":"30-45","l":4,"L":"45-60","n":4,"N":"45-60","p":3,"P":"30-45"}},{"type":"Feature","geometry":{"type":"Polygon","coordinates":[[[126.90027,37.59838],[126.90703,37.59838],[126.90703,37.60514],[126.90027,37.60514],[126.90027,37.59838]]]},"properties":{"row":19,"col":3,"walk_min":16.3,"nearest_station_id":"kr_318","nearest_station_name":"응암","a":4,"A":"45-60","c":3,"C":"30-45","e":5,"E":"60-90","g":4,"G":"45-60","i":4,"I":"45-60","k":5,"K":"60-90","m":4,"M":"45-60","o":4,"O":"45-60","b":4,"B":"45-60","d":3,"D":"30-45","f":5,"F":"60-90","h":4,"H":"45-60","j":4,"J":"45-60","l":5,"L":"60-90","n":4,"N":"45-60","p":4,"P":"45-60"}},{"type":"Feature","geometry":{"type":"Polygon","coordinates":[[[126.90703,37.57135],[126.91378,37.57135],[126.91378,37.57811],[126.90703,37.57811],[126.90703,37.57135]]]},"properties":{"row":15,"col":4,"walk_min":15.6,"nearest_station_id":"kr_327","nearest_station_name":"디지털미디어시티","a":3,"A":"30-45","c":3,"C":"30-45","e":4,"E":"45-60","g":4,"G":"45-60","i":4,"I":"45-60","k":5,"K":"60-90","m":5,"M":"60-90","o":4,"O":"45-60","b":3,"B":"30-45","d":3,"D":"30-45","f":4,"F":"45-60","h":4,"H":"45-60","j":4,"J":"45-60","l":5,"L":"60-90","n":5,"N":"60-90","p":4,"P":"45-60"}},{"type":"Feature","geometry":{"type":"Polygon","coordinates":[[[126.98135,37.58486],[126.98811,37.58486],[126.98811,37.59162],[126.98135,37.59162],[126.98135,37.58486]]]},"properties":{"row":17,"col":15,"walk_min":15.8,"nearest_station_id":"kr_022","nearest_station_name":"Anguk","a":2,"A":"20-30","c":2,"C":"20-30","e":3,"E":"30-45","g":2,"G":"20-30","i":3,"I":"30-45","k":4,"K":"45-60","m":3,"M":"30-45","o":3,"O":"30-45","b":2,"B":"20-30","d":2,"D":"20-30","f":3,"F":"30-45","h":2,"H":"20-30","j":3,"J":"30-45","l":4,"L":"45-60","n":3,"N":"30-45","p":3,"P":"30-45"}},{"type":"Feature","geometry":{"type":"Polygon","coordinates":[[[127.04892,37.47676],[127.05568,37.47676],[127.05568,37.48351],[127.04892,37.48351],[127.04892,37.47676]]]},"properties":{"row":1,"col":25,"walk_min":15.8,"nearest_station_id":"kr_250","nearest_station_name":"Maebong","a":4,"A":"45-60","c":4,"C":"45-60","e":2,"E":"20-30","g":4,"G":"45-60","i":3,"I":"30-45","k":3,"K":"30-45","m":4,"M":"45-60","o":4,"O":"45-60","b":4,"B":"45-60","d":4,"D":"45-60","f":2,"F":"20-30","h":4,"H":"45-60","j":3,"J":"30-45","l":3,"L":"30-45","n":4,"N":"45-60","p":4,"P":"45-60"}},{"type":"Feature","geometry":{"type":"Polygon","coordinates":[[[126.94757,37.56459],[126.95432,37.56459],[126.95432,37.57135],[126.94757,37.57135],[126.94757,37.56459]]]},"properties":{"row":14,"col":10,"walk_min":16.4,"nearest_station_id":"kr_083","nearest_station_name":"Dongnimmun","a":2,"A":"20-30","c":2,"C":"20-30","e":4,"E":"45-60","g":3,"G":"30-45","i":4,"I":"45-60","k":4,"K":"45-60","m":3,"M":"30-45","o":3,"O":"30-45","b":2,"B":"20-30","d":2,"D":"20-30","f":4,"F":"45-60","h":3,"H":"30-45","j":4,"J":"45-60","l":4,"L":"45-60","n":3,"N":"30-45","p":3,"P":"30-45"}},{"type":"Feature","geometry":{"type":"Polygon","coordinates":[[[126.98135,37.54432],[126.98811,37.54432],[126.98811,37.55108],[126.98135,37.55108],[126.98135,37.54432]]]},"properties":{"row":11,"col":15,"walk_min":15.0,"nearest_station_id":"kr_242","nearest_station_name":"Sookmyung Women's Univ.","a":1,"A":"10-20","c":2,"C":"20-30","e":3,"E":"30-45","g":3,"G":"30-45","i":3,"I":"30-45","k":4,"K":"45-60","m":3,"M":"30-45","o":3,"O":"30-45","b":1,"B":"10-20","d":2,"D":"20-30","f":3,"F":"30-45","h":3,"H":"30-45","j":3,"J":"30-45","l":4,"L":"45-60","n":3,"N":"30-45","p":3,"P":"30-45"}},{"type":"Feature","geometry":{"type":"Polygon","coordinates":[[[127.05568,37.47676],[127.06243,37.47676],[127.06243,37.48351],[127.05568,37.48351],[127.05568,37.47676]]]},"properties":{"row":1,"col":26,"walk_min":20.1,"nearest_station_id":"kr_164","nearest_station_name":"Dogok","a":4,"A":"45-60","c":4,"C":"45-60","e":2,"E":"20-30","g":4,"G":"45-60","i":3,"I":"30-45","k":3,"K":"30-45","m":4,"M":"45-60","o":4,"O":"45-60","b":4,"B":"45-60","d":4,"D":"45-60","f":2,"F":"20-30","h":4,"H":"45-60","j":3,"J":"30-45","l":3,"L":"30-45","n":4,"N":"45-60","p":4,"P":"45-60"}},{"type":"Feature","geometry":{"type":"Polygon","coordinates":[[[127.03541,37.53757],[127.04216,37.53757],[127.04216,37.54432],[127.03541,37.54432],[127.03541,37.53757]]]},"properties":{"row":10,"col":23,"walk_min":17.6,"nearest_station_id":"kr_285","nearest_station_name":"Ttukseom","a":3,"A":"30-45","c":3,"C":"30-45","e":4,"E":"45-60","g":2,"G":"20-30","i":4,"I":"45-60","k":3,"K":"30-45","m":2,"M":"20-30","o":4,"O":"45-60","b":3,"B":"30-45","d":3,"D":"30-45","f":4,"F":"45-60","h":2,"H":"20-30","j":4,"J":"45-60","l":3,"L":"30-45","n":2,"N":"20-30","p":4,"P":"45-60"}},{"type":"Feature","geometry":{"type":"Polygon","coordinates":[[[127.04892,37.59838],[127.05568,37.59838],[127.05568,37.60514],[127.04892,37.60514],[127.04892,37.59838]]]},"properties":{"row":19,"col":25,"walk_min":18.2,"nearest_station_id":"kr_154","nearest_station_name":"상월곡","a":3,"A":"30-45","c":3,"C":"30-45","e":4,"E":"45-60","g":3,"G":"30-45","i":5,"I":"60-90","k":4,"K":"45-60","m":4,"M":"45-60","o":4,"O":"45-60","b":3,"B":"30-45","d":3,"D":"30-45","f":4,"F":"45-60","h":3,"H":"30-45","j":5,"J":"60-90","l":4,"L":"45-60","n":4,"N":"45-60","p":4,"P":"45-60"}},{"type":"Feature","geometry":{"type":"Polygon","coordinates":[[[127.06919,37.58486],[127.07595,37.58486],[127.07595,37.59162],[127.06919,37.59162],[127.06919,37.58486]]]},"properties":{"row":17,"col":28,"walk_min":17.3,"nearest_station_id":"kr_034","nearest_station_name":"Hankuk University of Foreign Studies","a":3,"A":"30-45","c":3,"C":"30-45","e":4,"E":"45-60","g":3,"G":"30-45","i":4,"I":"45-60","k":4,"K":"45-60","m":3,"M":"30-45","o":4,"O":"45-60","b":3,"B":"30-45","d":3,"D":"30-45","f":4,"F":"45-60","h":3,"H":"30-45","j":4,"J":"45-60","l":4,"L":"45-60","n":3,"N":"30-45","p":4,"P":"45-60"}},{"type":"Feature","geometry":{"type":"Polygon","coordinates":[[[126.96784,37.49027],[126.97459,37.49027],[126.97459,37.49703],[126.96784,37.49703],[126.96784,37.49027]]]},"properties":{"row":3,"col":13,"walk_min":17.8,"nearest_station_id":"kr_182","nearest_station_name":"남성","a":3,"A":"30-45","c":3,"C":"30-45","e":3,"E":"30-45","g":4,"G":"45-60","i":3,"I":"30-45","k":3,"K":"30-45","m":4,"M":"45-60","o":4,"O":"45-60","b":3,"B":"30-45","d":3,"D":"30-45","f":3,"F":"30-45","h":4,"H":"45-60","j":3,"J":"30-45","l":3,"L":"30-45","n":4,"N":"45-60","p":4,"P":"45-60"}},{"type":"Feature","geometry":{"type":"Polygon","coordinates":[[[126.9273,37.47],[126.93405,37.47],[126.93405,37.47676],[126.9273,37.47676],[126.9273,37.47]]]},"properties":{"row":0,"col":7,"walk_min":16.8,"nearest_station_id":"kr_375","nearest_station_name":"Sillim","a":4,"A":"45-60","c":4,"C":"45-60","e":3,"E":"30-45","g":4,"G":"45-60","i":2,"I":"20-30","k":4,"K":"45-60","m":5,"M":"60-90","o":3,"O":"30-45","b":4,"B":"45-60","d":4,"D":"45-60","f":3,"F":"30-45","h":4,"H":"45-60","j":2,"J":"20-30","l":4,"L":"45-60","n":5,"N":"60-90","p":3,"P":"30-45"}},{"type":"Feature","geometry":{"type":"Polygon","coordinates":[[[126.88676,37.54432],[126.89351,37.54432],[126.89351,37.55108],[126.88676,37.55108],[126.88676,37.54432]]]},"properties":{"row":11,"col":1,"walk_min":15.0,"nearest_station_id":"kr_417","nearest_station_name":"Sinmokdong","a":3,"A":"30-45","c":3,"C":"30-45","e":3,"E":"30-45","g":4,"G":"45-60","i":3,"I":"30-45","k":4,"K":"45-60","m":4,"M":"45-60","o":2,"O":"20-30","b":3,"B":"30-45","d":3,"D":"30-45","f":3,"F":"30-45","h":4,"H":"45-60","j":3,"J":"30-45","l":4,"L":"45-60","n":4,"N":"45-60","p":2,"P":"20-30"}},{"type":"Feature","geometry":{"type":"Polygon","coordinates":[[[127.03541,37.53081],[127.04216,37.53081],[127.04216,37.53757],[127.03541,37.53757],[127.03541,37.53081]]]},"properties":{"row":9,"col":23,"walk_min":14.8,"nearest_station_id":"kr_138","nearest_station_name":"압구정","a":3,"A":"30-45","c":3,"C":"30-45","e":2,"E":"20-30","g":3,"G":"30-45","i":3,"I":"30-45","k":3,"K":"30-45","m":3,"M":"30-45","o":3,"O":"30-45","b":3,"B":"30-45","d":3,"D":"30-45","f":2,"F":"20-30","h":3,"H":"30-45","j":3,"J":"30-45","l":3,"L":"30-45","n":3,"N":"30-45","p":3,"P":"30-45"}},{"type":"Feature","geometry":{"type":"Polygon","coordinates":[[[126.91378,37.56459],[126.92054,37.56459],[126.92054,37.57135],[126.91378,37.57135],[126.91378,37.56459]]]},"properties":{"row":14,"col":5,"walk_min":16.3,"nearest_station_id":"kr_259","nearest_station_name":"마포구청","a":3,"A":"30-45","c":3,"C":"30-45","e":4,"E":"45-60","g":4,"G":"45-60","i":4,"I":"45-60","k":5,"K":"60-90","m":4,"M":"45-60","o":3,"O":"30-45","b":3,"B":"30-45","d":3,"D":"30-45","f":4,"F":"45-60","h":4,"H":"45-60","j":4,"J":"45-60","l":5,"L":"60-90","n":4,"N":"45-60","p":3,"P":"30-45"}},{"type":"Feature","geometry":{"type":"Polygon","coordinates":[[[126.89351,37.55108],[126.90027,37.55108],[126.90027,37.55784],[126.89351,37.55784],[126.89351,37.55108]]]},"properties":{"row":12,"col":2,"walk_min":15.0,"nearest_station_id":"kr_259","nearest_station_name":"마포구청","a":3,"A":"30-45","c":3,"C":"30-45","e":4,"E":"45-60","g":4,"G":"45-60","i":4,"I":"45-60","k":5,"K":"60-90","m":4,"M":"45-60","o":4,"O":"45-60","b":3,"B":"30-45","d":3,"D":"30-45","f":4,"F":"45-60","h":4,"H":"45-60","j":4,"J":"45-60","l":5,"L":"60-90","n":4,"N":"45-60","p":4,"P":"45-60"}},{"type":"Feature","geometry":{"type":"Polygon","coordinates":[[[127.08946,37.59838],[127.09622,37.59838],[127.09622,37.60514],[127.08946,37.60514],[127.08946,37.59838]]]},"properties":{"row":19,"col":31,"walk_min":12.1,"nearest_station_id":"kr_141","nearest_station_name":"상봉","a":4,"A":"45-60","c":4,"C":"45-60","e":4,"E":"45-60","g":3,"G":"30-45","i":4,"I":"45-60","k":4,"K":"45-60","m":3,"M":"30-45","o":4,"O":"45-60","b":4,"B":"45-60","d":4,"D":"45-60","f":4,"F":"45-60","h":3,"H":"30-45","j":4,"J":"45-60","l":4,"L":"45-60","n":3,"N":"30-45","p":4,"P":"45-60"}},{"type":"Feature","geometry":{"type":"Polygon","coordinates":[[[127.05568,37.52405],[127.06243,37.52405],[127.06243,37.53081],[127.05568,37.53081],[127.05568,37.52405]]]},"properties":{"row":8,"col":26,"walk_min":16.6,"nearest_station_id":"kr_181","nearest_station_name":"Jayang","a":4,"A":"45-60","c":4,"C":"45-60","e":3,"E":"30-45","g":3,"G":"30-45","i":3,"I":"30-45","k":4,"K":"45-60","m":3,"M":"30-45","o":4,"O":"45-60","b":4,"B":"45-60","d":4,"D":"45-60","f":3,"F":"30-45","h":3,"H":"30-45","j":3,"J":"30-45","l":4,"L":"45-60","n":3,"N":"30-45","p":4,"P":"45-60"}},{"type":"Feature","geometry":{"type":"Polygon","coordinates":[[[127.07595,37.5173],[127.0827,37.5173],[127.0827,37.52405],[127.07595,37.52405],[127.07595,37.5173]]]},"properties":{"row":7,"col":29,"walk_min":13.6,"nearest_station_id":"kr_012","nearest_station_name":"Sports Complex","a":4,"A":"45-60","c":4,"C":"45-60","e":2,"E":"20-30","g":3,"G":"30-45","i":3,"I":"30-45","k":1,"K":"10-20","m":2,"M":"20-30","o":4,"O":"45-60","b":4,"B":"45-60","d":4,"D":"45-60","f":2,"F":"20-30","h":3,"H":"30-45","j":3,"J":"30-45","l":1,"L":"10-20","n":2,"N":"20-30","p":4,"P":"45-60"}},{"type":"Feature","geometry":{"type":"Polygon","coordinates":[[[127.0827,37.50378],[127.08946,37.50378],[127.08946,37.51054],[127.0827,37.51054],[127.0827,37.50378]]]},"properties":{"row":5,"col":30,"walk_min":15.7,"nearest_station_id":"kr_394","nearest_station_name":"삼전","a":4,"A":"45-60","c":4,"C":"45-60","e":2,"E":"20-30","g":3,"G":"30-45","i":3,"I":"30-45","k":2,"K":"20-30","m":3,"M":"30-45","o":4,"O":"45-60","b":4,"B":"45-60","d":4,"D":"45-60","f":2,"F":"20-30","h":3,"H":"30-45","j":3,"J":"30-45","l":2,"L":"20-30","n":3,"N":"30-45","p":4,"P":"45-60"}},{"type":"Feature","geometry":{"type":"Polygon","coordinates":[[[126.90703,37.60514],[126.91378,37.60514],[126.91378,37.61189],[126.90703,37.61189],[126.90703,37.60514]]]},"properties":{"row":20,"col":4,"walk_min":15.6,"nearest_station_id":"kr_390","nearest_station_name":"구산","a":4,"A":"45-60","c":3,"C":"30-45","e":5,"E":"60-90","g":4,"G":"45-60","i":5,"I":"60-90","k":5,"K":"60-90","m":4,"M":"45-60","o":4,"O":"45-60","b":4,"B":"45-60","d":3,"D":"30-45","f":5,"F":"60-90","h":4,"H":"45-60","j":5,"J":"60-90","l":5,"L":"60-90","n":4,"N":"45-60","p":4,"P":"45-60"}},{"type":"Feature","geometry":{"type":"Polygon","coordinates":[[[126.92054,37.61189],[126.9273,37.61189],[126.9273,37.61865],[126.92054,37.61865],[126.92054,37.61189]]]},"properties":{"row":21,"col":6,"walk_min":14.8,"nearest_station_id":"kr_134","nearest_station_name":"Yeonsinnae","a":3,"A":"30-45","c":3,"C":"30-45","e":4,"E":"45-60","g":3,"G":"30-45","i":4,"I":"45-60","k":5,"K":"60-90","m":4,"M":"45-60","o":4,"O":"45-60","b":3,"B":"30-45","d":3,"D":"30-45","f":4,"F":"45-60","h":3,"H":"30-45","j":4,"J":"45-60","l":5,"L":"60-90","n":4,"N":"45-60","p":4,"P":"45-60"}},{"type":"Feature","geometry":{"type":"Polygon","coordinates":[[[126.92054,37.56459],[126.9273,37.56459],[126.9273,37.57135],[126.92054,37.57135],[126.92054,37.56459]]]},"properties":{"row":14,"col":6,"walk_min":18.5,"nearest_station_id":"kr_368","nearest_station_name":"Hongik University","a":3,"A":"30-45","c":2,"C":"20-30","e":4,"E":"45-60","g":3,"G":"30-45","i":4,"I":"45-60","k":5,"K":"60-90","m":4,"M":"45-60","o":1,"O":"10-20","b":3,"B":"30-45","d":2,"D":"20-30","f":4,"F":"45-60","h":3,"H":"30-45","j":4,"J":"45-60","l":5,"L":"60-90","n":4,"N":"45-60","p":1,"P":"10-20"}},{"type":"Feature","geometry":{"type":"Polygon","coordinates":[[[126.95432,37.5173],[126.96108,37.5173],[126.96108,37.52405],[126.95432,37.52405],[126.95432,37.5173]]]},"properties":{"row":7,"col":11,"walk_min":19.6,"nearest_station_id":"kr_399","nearest_station_name":"Nodeul","a":2,"A":"20-30","c":3,"C":"30-45","e":3,"E":"30-45","g":3,"G":"30-45","i":3,"I":"30-45","k":4,"K":"45-60","m":4,"M":"45-60","o":3,"O":"30-45","b":2,"B":"20-30","d":3,"D":"30-45","f":3,"F":"30-45","h":3,"H":"30-45","j":3,"J":"30-45","l":4,"L":"45-60","n":4,"N":"45-60","p":3,"P":"30-45"}},{"type":"Feature","geometry":{"type":"Polygon","coordinates":[[[127.02865,37.54432],[127.03541,37.54432],[127.03541,37.55108],[127.02865,37.55108],[127.02865,37.54432]]]},"properties":{"row":11,"col":22,"walk_min":16.4,"nearest_station_id":"kr_296","nearest_station_name":"행당","a":3,"A":"30-45","c":3,"C":"30-45","e":3,"E":"30-45","g":2,"G":"20-30","i":4,"I":"45-60","k":3,"K":"30-45","m":2,"M":"20-30","o":3,"O":"30-45","b":3,"B":"30-45","d":3,"D":"30-45","f":3,"F":"30-45","h":2,"H":"20-30","j":4,"J":"45-60","l":3,"L":"30-45","n":2,"N":"20-30","p":3,"P":"30-45"}},{"type":"Feature","geometry":{"type":"Polygon","coordinates":[[[126.94081,37.5173],[126.94757,37.5173],[126.94757,37.52405],[126.94081,37.52405],[126.94081,37.5173]]]},"properties":{"row":7,"col":9,"walk_min":16.2,"nearest_station_id":"kr_004","nearest_station_name":"Noryangjin","a":2,"A":"20-30","c":3,"C":"30-45","e":3,"E":"30-45","g":3,"G":"30-45","i":3,"I":"30-45","k":4,"K":"45-60","m":4,"M":"45-60","o":3,"O":"30-45","b":2,"B":"20-30","d":3,"D":"30-45","f":3,"F":"30-45","h":3,"H":"30-45","j":3,"J":"30-45","l":4,"L":"45-60","n":4,"N":"45-60","p":3,"P":"30-45"}},{"type":"Feature","geometry":{"type":"Polygon","coordinates":[[[127.07595,37.56459],[127.0827,37.56459],[127.0827,37.57135],[127.07595,37.57135],[127.07595,37.56459]]]},"properties":{"row":14,"col":29,"walk_min":18.7,"nearest_station_id":"kr_098","nearest_station_name":"중곡","a":4,"A":"45-60","c":3,"C":"30-45","e":4,"E":"45-60","g":3,"G":"30-45","i":4,"I":"45-60","k":4,"K":"45-60","m":3,"M":"30-45","o":4,"O":"45-60","b":4,"B":"45-60","d":3,"D":"30-45","f":4,"F":"45-60","h":3,"H":"30-45","j":4,"J":"45-60","l":4,"L":"45-60","n":3,"N":"30-45","p":4,"P":"45-60"}},{"type":"Feature","geometry":{"type":"Polygon","coordinates":[[[126.98135,37.5173],[126.98811,37.5173],[126.98811,37.52405],[126.98135,37.52405],[126.98135,37.5173]]]},"properties":{"row":7,"col":15,"walk_min":17.2,"nearest_station_id":"kr_219","nearest_station_name":"Ichon","a":2,"A":"20-30","c":2,"C":"20-30","e":3,"E":"30-45","g":3,"G":"30-45","i":2,"I":"20-30","k":4,"K":"45-60","m":4,"M":"45-60","o":3,"O":"30-45","b":2,"B":"20-30","d":2,"D":"20-30","f":3,"F":"30-45","h":3,"H":"30-45","j":2,"J":"20-30","l":4,"L":"45-60","n":4,"N":"45-60","p":3,"P":"30-45"}},{"type":"Feature","geometry":{"type":"Polygon","coordinates":[[[126.91378,37.57135],[126.92054,37.57135],[126.92054,37.57811],[126.91378,37.57811],[126.91378,37.57135]]]},"properties":{"row":15,"col":5,"walk_min":18.1,"nearest_station_id":"kr_339","nearest_station_name":"증산","a":4,"A":"45-60","c":4,"C":"45-60","e":5,"E":"60-90","g":4,"G":"45-60","i":4,"I":"45-60","k":5,"K":"60-90","m":5,"M":"60-90","o":4,"O":"45-60","b":4,"B":"45-60","d":4,"D":"45-60","f":5,"F":"60-90","h":4,"H":"45-60","j":4,"J":"45-60","l":5,"L":"60-90","n":5,"N":"60-90","p":4,"P":"45-60"}},{"type":"Feature","geometry":{"type":"Polygon","coordinates":[[[126.88676,37.57135],[126.89351,37.57135],[126.89351,37.57811],[126.88676,37.57811],[126.88676,37.57135]]]},"properties":{"row":15,"col":1,"walk_min":17.6,"nearest_station_id":"kr_293","nearest_station_name":"월드컵경기장","a":3,"A":"30-45","c":4,"C":"45-60","e":4,"E":"45-60","g":4,"G":"45-60","i":4,"I":"45-60","k":5,"K":"60-90","m":5,"M":"60-90","o":4,"O":"45-60","b":3,"B":"30-45","d":4,"D":"45-60","f":4,"F":"45-60","h":4,"H":"45-60","j":4,"J":"45-60","l":5,"L":"60-90","n":5,"N":"60-90","p":4,"P":"45-60"}},{"type":"Feature","geometry":{"type":"Polygon","coordinates":[[[126.88676,37.57811],[126.89351,37.57811],[126.89351,37.58486],[126.88676,37.58486],[126.88676,37.57811]]]},"properties":{"row":16,"col":1,"walk_min":18.3,"nearest_station_id":"kr_327","nearest_station_name":"디지털미디어시티","a":3,"A":"30-45","c":4,"C":"45-60","e":4,"E":"45-60","g":4,"G":"45-60","i":4,"I":"45-60","k":5,"K":"60-90","m":5,"M":"60-90","o":4,"O":"45-60","b":3,"B":"30-45","d":4,"D":"45-60","f":4,"F":"45-60","h":4,"H":"45-60","j":4,"J":"45-60","l":5,"L":"60-90","n":5,"N":"60-90","p":4,"P":"45-60"}},{"type":"Feature","geometry":{"type":"Polygon","coordinates":[[[127.03541,37.54432],[127.04216,37.54432],[127.04216,37.55108],[127.03541,37.55108],[127.03541,37.54432]]]},"properties":{"row":11,"col":23,"walk_min":17.3,"nearest_station_id":"kr_285","nearest_station_name":"Ttukseom","a":3,"A":"30-45","c":3,"C":"30-45","e":4,"E":"45-60","g":2,"G":"20-30","i":4,"I":"45-60","k":3,"K":"30-45","m":2,"M":"20-30","o":4,"O":"45-60","b":3,"B":"30-45","d":3,"D":"30-45","f":4,"F":"45-60","h":2,"H":"20-30","j":4,"J":"45-60","l":3,"L":"30-45","n":2,"N":"20-30","p":4,"P":"45-60"}},{"type":"Feature","geometry":{"type":"Polygon","coordinates":[[[126.9273,37.56459],[126.93405,37.56459],[126.93405,37.57135],[126.9273,37.57135],[126.9273,37.56459]]]},"properties":{"row":14,"col":7,"walk_min":17.4,"nearest_station_id":"kr_368","nearest_station_name":"Hongik University","a":3,"A":"30-45","c":2,"C":"20-30","e":4,"E":"45-60","g":3,"G":"30-45","i":4,"I":"45-60","k":5,"K":"60-90","m":4,"M":"45-60","o":1,"O":"10-20","b":3,"B":"30-45","d":2,"D":"20-30","f":4,"F":"45-60","h":3,"H":"30-45","j":4,"J":"45-60","l":5,"L":"60-90","n":4,"N":"45-60","p":1,"P":"10-20"}},{"type":"Feature","geometry":{"type":"Polygon","coordinates":[[[126.88676,37.47],[126.89351,37.47],[126.89351,37.47676],[126.88676,37.47676],[126.88676,37.47]]]},"properties":{"row":0,"col":1,"walk_min":17.3,"nearest_station_id":"kr_443","nearest_station_name":"Doksan","a":4,"A":"45-60","c":4,"C":"45-60","e":4,"E":"45-60","g":5,"G":"60-90","i":4,"I":"45-60","k":5,"K":"60-90","m":5,"M":"60-90","o":4,"O":"45-60","b":4,"B":"45-60","d":4,"D":"45-60","f":4,"F":"45-60","h":5,"H":"60-90","j":4,"J":"45-60","l":5,"L":"60-90","n":5,"N":"60-90","p":4,"P":"45-60"}},{"type":"Feature","geometry":{"type":"Polygon","coordinates":[[[127.02189,37.61189],[127.02865,37.61189],[127.02865,37.61865],[127.02189,37.61865],[127.02189,37.61189]]]},"properties":{"row":21,"col":21,"walk_min":15.5,"nearest_station_id":"kr_091","nearest_station_name":"Miasageori","a":3,"A":"30-45","c":3,"C":"30-45","e":4,"E":"45-60","g":3,"G":"30-45","i":4,"I":"45-60","k":4,"K":"45-60","m":4,"M":"45-60","o":4,"O":"45-60","b":3,"B":"30-45","d":3,"D":"30-45","f":4,"F":"45-60","h":3,"H":"30-45","j":4,"J":"45-60","l":4,"L":"45-60","n":4,"N":"45-60","p":4,"P":"45-60"}},{"type":"Feature","geometry":{"type":"Polygon","coordinates":[[[126.92054,37.47],[126.9273,37.47],[126.9273,37.47676],[126.92054,37.47676],[126.92054,37.47]]]},"properties":{"row":0,"col":6,"walk_min":19.2,"nearest_station_id":"kr_375","nearest_station_name":"Sillim","a":4,"A":"45-60","c":4,"C":"45-60","e":3,"E":"30-45","g":5,"G":"60-90","i":3,"I":"30-45","k":4,"K":"45-60","m":5,"M":"60-90","o":3,"O":"30-45","b":4,"B":"45-60","d":4,"D":"45-60","f":3,"F":"30-45","h":5,"H":"60-90","j":3,"J":"30-45","l":4,"L":"45-60","n":5,"N":"60-90","p":3,"P":"30-45"}},{"type":"Feature","geometry":{"type":"Polygon","coordinates":[[[127.06243,37.57811],[127.06919,37.57811],[127.06919,37.58486],[127.06243,37.58486],[127.06243,37.57811]]]},"properties":{"row":16,"col":27,"walk_min":20.9,"nearest_station_id":"kr_031","nearest_station_name":"Hoegi","a":3,"A":"30-45","c":3,"C":"30-45","e":4,"E":"45-60","g":3,"G":"30-45","i":5,"I":"60-90","k":4,"K":"45-60","m":3,"M":"30-45","o":4,"O":"45-60","b":3,"B":"30-45","d":3,"D":"30-45","f":4,"F":"45-60","h":3,"H":"30-45","j":5,"J":"60-90","l":4,"L":"45-60","n":3,"N":"30-45","p":4,"P":"45-60"}},{"type":"Feature","geometry":{"type":"Polygon","coordinates":[[[126.99486,37.51054],[127.00162,37.51054],[127.00162,37.5173],[126.99486,37.5173],[126.99486,37.51054]]]},"properties":{"row":6,"col":17,"walk_min":18.5,"nearest_station_id":"kr_216","nearest_station_name":"Jamwon","a":3,"A":"30-45","c":3,"C":"30-45","e":2,"E":"20-30","g":3,"G":"30-45","i":2,"I":"20-30","k":3,"K":"30-45","m":4,"M":"45-60","o":4,"O":"45-60","b":3,"B":"30-45","d":3,"D":"30-45","f":2,"F":"20-30","h":3,"H":"30-45","j":2,"J":"20-30","l":3,"L":"30-45","n":4,"N":"45-60","p":4,"P":"45-60"}},{"type":"Feature","geometry":{"type":"Polygon","coordinates":[[[126.94757,37.58486],[126.95432,37.58486],[126.95432,37.59162],[126.94757,37.59162],[126.94757,37.58486]]]},"properties":{"row":17,"col":10,"walk_min":27.2,"nearest_station_id":"kr_075","nearest_station_name":"홍제","a":4,"A":"45-60","c":3,"C":"30-45","e":5,"E":"60-90","g":4,"G":"45-60","i":5,"I":"60-90","k":5,"K":"60-90","m":4,"M":"45-60","o":4,"O":"45-60","b":4,"B":"45-60","d":3,"D":"30-45","f":5,"F":"60-90","h":4,"H":"45-60","j":5,"J":"60-90","l":5,"L":"60-90","n":4,"N":"45-60","p":4,"P":"45-60"}},{"type":"Feature","geometry":{"type":"Polygon","coordinates":[[[127.00838,37.53081],[127.01514,37.53081],[127.01514,37.53757],[127.00838,37.53757],[127.00838,37.53081]]]},"properties":{"row":9,"col":19,"walk_min":17.5,"nearest_station_id":"kr_059","nearest_station_name":"Oksu","a":2,"A":"20-30","c":3,"C":"30-45","e":3,"E":"30-45","g":2,"G":"20-30","i":3,"I":"30-45","k":4,"K":"45-60","m":3,"M":"30-45","o":3,"O":"30-45","b":2,"B":"20-30","d":3,"D":"30-45","f":3,"F":"30-45","h":2,"H":"20-30","j":3,"J":"30-45","l":4,"L":"45-60","n":3,"N":"30-45","p":3,"P":"30-45"}},{"type":"Feature","geometry":{"type":"Polygon","coordinates":[[[126.96784,37.58486],[126.97459,37.58486],[126.97459,37.59162],[126.96784,37.59162],[126.96784,37.58486]]]},"properties":{"row":17,"col":13,"walk_min":19.8,"nearest_station_id":"kr_058","nearest_station_name":"경복궁","a":3,"A":"30-45","c":2,"C":"20-30","e":4,"E":"45-60","g":3,"G":"30-45","i":4,"I":"45-60","k":4,"K":"45-60","m":3,"M":"30-45","o":3,"O":"30-45","b":3,"B":"30-45","d":2,"D":"20-30","f":4,"F":"45-60","h":3,"H":"30-45","j":4,"J":"45-60","l":4,"L":"45-60","n":3,"N":"30-45","p":3,"P":"30-45"}},{"type":"Feature","geometry":{"type":"Polygon","coordinates":[[[127.05568,37.57135],[127.06243,37.57135],[127.06243,37.57811],[127.05568,37.57811],[127.05568,37.57135]]]},"properties":{"row":15,"col":26,"walk_min":17.6,"nearest_station_id":"kr_099","nearest_station_name":"답십리","a":3,"A":"30-45","c":3,"C":"30-45","e":4,"E":"45-60","g":2,"G":"20-30","i":4,"I":"45-60","k":3,"K":"30-45","m":3,"M":"30-45","o":4,"O":"45-60","b":3,"B":"30-45","d":3,"D":"30-45","f":4,"F":"45-60","h":2,"H":"20-30","j":4,"J":"45-60","l":3,"L":"30-45","n":3,"N":"30-45","p":4,"P":"45-60"}},{"type":"Feature","geometry":{"type":"Polygon","coordinates":[[[126.94081,37.56459],[126.94757,37.56459],[126.94757,37.57135],[126.94081,37.57135],[126.94081,37.56459]]]},"properties":{"row":14,"col":9,"walk_min":20.1,"nearest_station_id":"kr_373","nearest_station_name":"Ewha Womans University","a":3,"A":"30-45","c":2,"C":"20-30","e":4,"E":"45-60","g":3,"G":"30-45","i":4,"I":"45-60","k":4,"K":"45-60","m":4,"M":"45-60","o":3,"O":"30-45","b":3,"B":"30-45","d":2,"D":"20-30","f":4,"F":"45-60","h":3,"H":"30-45","j":4,"J":"45-60","l":4,"L":"45-60","n":4,"N":"45-60","p":3,"P":"30-45"}},{"type":"Feature","geometry":{"type":"Polygon","coordinates":[[[126.94757,37.47],[126.95432,37.47],[126.95432,37.47676],[126.94757,37.47676],[126.94757,37.47]]]},"properties":{"row":0,"col":10,"walk_min":16.2,"nearest_station_id":"kr_370","nearest_station_name":"Seoul Nat'l University (Gwanak-gu Office)","a":3,"A":"30-45","c":3,"C":"30-45","e":3,"E":"30-45","g":4,"G":"45-60","i":2,"I":"20-30","k":4,"K":"45-60","m":4,"M":"45-60","o":4,"O":"45-60","b":3,"B":"30-45","d":3,"D":"30-45","f":3,"F":"30-45","h":4,"H":"45-60","j":2,"J":"20-30","l":4,"L":"45-60","n":4,"N":"45-60","p":4,"P":"45-60"}},{"type":"Feature","geometry":{"type":"Polygon","coordinates":[[[127.08946,37.60514],[127.09622,37.60514],[127.09622,37.61189],[127.08946,37.61189],[127.08946,37.60514]]]},"properties":{"row":20,"col":31,"walk_min":16.9,"nearest_station_id":"kr_354","nearest_station_name":"Bonghwasan","a":4,"A":"45-60","c":4,"C":"45-60","e":5,"E":"60-90","g":4,"G":"45-60","i":5,"I":"60-90","k":5,"K":"60-90","m":4,"M":"45-60","o":5,"O":"60-90","b":4,"B":"45-60","d":4,"D":"45-60","f":5,"F":"60-90","h":4,"H":"45-60","j":5,"J":"60-90","l":5,"L":"60-90","n":4,"N":"45-60","p":5,"P":"60-90"}},{"type":"Feature","geometry":{"type":"Polygon","coordinates":[[[127.01514,37.47],[127.02189,37.47],[127.02189,37.47676],[127.01514,37.47676],[127.01514,37.47]]]},"properties":{"row":0,"col":20,"walk_min":19.5,"nearest_station_id":"kr_152","nearest_station_name":"Nambu Bus Terminal (Seoul Arts Center)","a":3,"A":"30-45","c":4,"C":"45-60","e":2,"E":"20-30","g":4,"G":"45-60","i":3,"I":"30-45","k":3,"K":"30-45","m":4,"M":"45-60","o":4,"O":"45-60","b":3,"B":"30-45","d":4,"D":"45-60","f":2,"F":"20-30","h":4,"H":"45-60","j":3,"J":"30-45","l":3,"L":"30-45","n":4,"N":"45-60","p":4,"P":"45-60"}},{"type":"Feature","geometry":{"type":"Polygon","coordinates":[[[127.04216,37.53081],[127.04892,37.53081],[127.04892,37.53757],[127.04216,37.53757],[127.04216,37.53081]]]},"properties":{"row":9,"col":24,"walk_min":15.0,"nearest_station_id":"kr_285","nearest_station_name":"Ttukseom","a":3,"A":"30-45","c":3,"C":"30-45","e":3,"E":"30-45","g":2,"G":"20-30","i":4,"I":"45-60","k":3,"K":"30-45","m":1,"M":"10-20","o":4,"O":"45-60","b":3,"B":"30-45","d":3,"D":"30-45","f":3,"F":"30-45","h":2,"H":"20-30","j":4,"J":"45-60","l":3,"L":"30-45","n":1,"N":"10-20","p":4,"P":"45-60"}},{"type":"Feature","geometry":{"type":"Polygon","coordinates":[[[126.89351,37.58486],[126.90027,37.58486],[126.90027,37.59162],[126.89351,37.59162],[126.89351,37.58486]]]},"properties":{"row":17,"col":2,"walk_min":17.7,"nearest_station_id":"kr_339","nearest_station_name":"증산","a":4,"A":"45-60","c":4,"C":"45-60","e":4,"E":"45-60","g":4,"G":"45-60","i":4,"I":"45-60","k":5,"K":"60-90","m":5,"M":"60-90","o":4,"O":"45-60","b":4,"B":"45-60","d":4,"D":"45-60","f":4,"F":"45-60","h":4,"H":"45-60","j":4,"J":"45-60","l":5,"L":"60-90","n":5,"N":"60-90","p":4,"P":"45-60"}},{"type":"Feature","geometry":{"type":"Polygon","coordinates":[[[126.97459,37.58486],[126.98135,37.58486],[126.98135,37.59162],[126.97459,37.59162],[126.97459,37.58486]]]},"properties":{"row":17,"col":14,"walk_min":18.9,"nearest_station_id":"kr_058","nearest_station_name":"경복궁","a":2,"A":"20-30","c":2,"C":"20-30","e":4,"E":"45-60","g":3,"G":"30-45","i":4,"I":"45-60","k":4,"K":"45-60","m":3,"M":"30-45","o":3,"O":"30-45","b":2,"B":"20-30","d":2,"D":"20-30","f":4,"F":"45-60","h":3,"H":"30-45","j":4,"J":"45-60","l":4,"L":"45-60","n":3,"N":"30-45","p":3,"P":"30-45"}},{"type":"Feature","geometry":{"type":"Polygon","coordinates":[[[126.92054,37.57811],[126.9273,37.57811],[126.9273,37.58486],[126.92054,37.58486],[126.92054,37.57811]]]},"properties":{"row":16,"col":6,"walk_min":17.9,"nearest_station_id":"kr_339","nearest_station_name":"증산","a":4,"A":"45-60","c":4,"C":"45-60","e":5,"E":"60-90","g":4,"G":"45-60","i":4,"I":"45-60","k":5,"K":"60-90","m":5,"M":"60-90","o":4,"O":"45-60","b":4,"B":"45-60","d":4,"D":"45-60","f":5,"F":"60-90","h":4,"H":"45-60","j":4,"J":"45-60","l":5,"L":"60-90","n":5,"N":"60-90","p":4,"P":"45-60"}},{"type":"Feature","geometry":{"type":"Polygon","coordinates":[[[127.00162,37.59838],[127.00838,37.59838],[127.00838,37.60514],[127.00162,37.60514],[127.00162,37.59838]]]},"properties":{"row":19,"col":18,"walk_min":20.7,"nearest_station_id":"kr_160","nearest_station_name":"Sungshin Women's Univ.","a":3,"A":"30-45","c":3,"C":"30-45","e":4,"E":"45-60","g":3,"G":"30-45","i":4,"I":"45-60","k":4,"K":"45-60","m":3,"M":"30-45","o":4,"O":"45-60","b":3,"B":"30-45","d":3,"D":"30-45","f":4,"F":"45-60","h":3,"H":"30-45","j":4,"J":"45-60","l":4,"L":"45-60","n":3,"N":"30-45","p":4,"P":"45-60"}},{"type":"Feature","geometry":{"type":"Polygon","coordinates":[[[127.06243,37.47676],[127.06919,37.47676],[127.06919,37.48351],[127.06243,37.48351],[127.06243,37.47676]]]},"properties":{"row":1,"col":27,"walk_min":22.3,"nearest_station_id":"kr_164","nearest_station_name":"Dogok","a":4,"A":"45-60","c":4,"C":"45-60","e":3,"E":"30-45","g":4,"G":"45-60","i":3,"I":"30-45","k":4,"K":"45-60","m":4,"M":"45-60","o":5,"O":"60-90","b":4,"B":"45-60","d":4,"D":"45-60","f":3,"F":"30-45","h":4,"H":"45-60","j":3,"J":"30-45","l":4,"L":"45-60","n":4,"N":"45-60","p":5,"P":"60-90"}},{"type":"Feature","geometry":{"type":"Polygon","coordinates":[[[127.0827,37.53081],[127.08946,37.53081],[127.08946,37.53757],[127.0827,37.53757],[127.0827,37.53081]]]},"properties":{"row":9,"col":30,"walk_min":21.2,"nearest_station_id":"kr_210","nearest_station_name":"Guui(Gwangjin-gu Office)","a":4,"A":"45-60","c":4,"C":"45-60","e":3,"E":"30-45","g":3,"G":"30-45","i":4,"I":"45-60","k":2,"K":"20-30","m":2,"M":"20-30","o":4,"O":"45-60","b":4,"B":"45-60","d":4,"D":"45-60","f":3,"F":"30-45","h":3,"H":"30-45","j":4,"J":"45-60","l":2,"L":"20-30","n":2,"N":"20-30","p":4,"P":"45-60"}},{"type":"Feature","geometry":{"type":"Polygon","coordinates":[[[127.02865,37.47],[127.03541,37.47],[127.03541,37.47676],[127.02865,37.47676],[127.02865,37.47]]]},"properties":{"row":0,"col":22,"walk_min":19.9,"nearest_station_id":"kr_038","nearest_station_name":"Yangjae Citizen's Forest","a":4,"A":"45-60","c":4,"C":"45-60","e":2,"E":"20-30","g":4,"G":"45-60","i":3,"I":"30-45","k":3,"K":"30-45","m":4,"M":"45-60","o":4,"O":"45-60","b":4,"B":"45-60","d":4,"D":"45-60","f":2,"F":"20-30","h":4,"H":"45-60","j":3,"J":"30-45","l":3,"L":"30-45","n":4,"N":"45-60","p":4,"P":"45-60"}},{"type":"Feature","geometry":{"type":"Polygon","coordinates":[[[127.06919,37.57135],[127.07595,37.57135],[127.07595,37.57811],[127.06919,37.57811],[127.06919,37.57135]]]},"properties":{"row":15,"col":28,"walk_min":20.3,"nearest_station_id":"kr_111","nearest_station_name":"용마산","a":4,"A":"45-60","c":4,"C":"45-60","e":4,"E":"45-60","g":3,"G":"30-45","i":4,"I":"45-60","k":4,"K":"45-60","m":3,"M":"30-45","o":4,"O":"45-60","b":4,"B":"45-60","d":4,"D":"45-60","f":4,"F":"45-60","h":3,"H":"30-45","j":4,"J":"45-60","l":4,"L":"45-60","n":3,"N":"30-45","p":4,"P":"45-60"}},{"type":"Feature","geometry":{"type":"Polygon","coordinates":[[[126.98811,37.47],[126.99486,37.47],[126.99486,37.47676],[126.98811,37.47676],[126.98811,37.47]]]},"properties":{"row":0,"col":16,"walk_min":19.5,"nearest_station_id":"kr_247","nearest_station_name":"Namtaeryeong","a":3,"A":"30-45","c":3,"C":"30-45","e":2,"E":"20-30","g":4,"G":"45-60","i":2,"I":"20-30","k":3,"K":"30-45","m":4,"M":"45-60","o":4,"O":"45-60","b":3,"B":"30-45","d":3,"D":"30-45","f":2,"F":"20-30","h":4,"H":"45-60","j":2,"J":"20-30","l":3,"L":"30-45","n":4,"N":"45-60","p":4,"P":"45-60"}},{"type":"Feature","geometry":{"type":"Polygon","coordinates":[[[127.00838,37.47],[127.01514,37.47],[127.01514,37.47676],[127.00838,37.47676],[127.00838,37.47]]]},"properties":{"row":0,"col":19,"walk_min":19.4,"nearest_station_id":"kr_152","nearest_station_name":"Nambu Bus Terminal (Seoul Arts Center)","a":3,"A":"30-45","c":4,"C":"45-60","e":2,"E":"20-30","g":4,"G":"45-60","i":2,"I":"20-30","k":3,"K":"30-45","m":4,"M":"45-60","o":4,"O":"45-60","b":3,"B":"30-45","d":4,"D":"45-60","f":2,"F":"20-30","h":4,"H":"45-60","j":2,"J":"20-30","l":3,"L":"30-45","n":4,"N":"45-60","p":4,"P":"45-60"}},{"type":"Feature","geometry":{"type":"Polygon","coordinates":[[[127.06243,37.52405],[127.06919,37.52405],[127.06919,37.53081],[127.06243,37.53081],[127.06243,37.52405]]]},"properties":{"row":8,"col":27,"walk_min":19.1,"nearest_station_id":"kr_181","nearest_station_name":"Jayang","a":4,"A":"45-60","c":4,"C":"45-60","e":3,"E":"30-45","g":3,"G":"30-45","i":3,"I":"30-45","k":4,"K":"45-60","m":4,"M":"45-60","o":5,"O":"60-90","b":4,"B":"45-60","d":4,"D":"45-60","f":3,"F":"30-45","h":3,"H":"30-45","j":3,"J":"30-45","l":4,"L":"45-60","n":4,"N":"45-60","p":5,"P":"60-90"}},{"type":"Feature","geometry":{"type":"Polygon","coordinates":[[[126.93405,37.56459],[126.94081,37.56459],[126.94081,37.57135],[126.93405,37.57135],[126.93405,37.56459]]]},"properties":{"row":14,"col":8,"walk_min":19.9,"nearest_station_id":"kr_376","nearest_station_name":"Sinchon","a":2,"A":"20-30","c":2,"C":"20-30","e":4,"E":"45-60","g":3,"G":"30-45","i":4,"I":"45-60","k":5,"K":"60-90","m":4,"M":"45-60","o":2,"O":"20-30","b":2,"B":"20-30","d":2,"D":"20-30","f":4,"F":"45-60","h":3,"H":"30-45","j":4,"J":"45-60","l":5,"L":"60-90","n":4,"N":"45-60","p":2,"P":"20-30"}},{"type":"Feature","geometry":{"type":"Polygon","coordinates":[[[126.9273,37.58486],[126.93405,37.58486],[126.93405,37.59162],[126.9273,37.59162],[126.9273,37.58486]]]},"properties":{"row":17,"col":7,"walk_min":19.2,"nearest_station_id":"kr_110","nearest_station_name":"Hongje (Seoul Culture Arts Univ.)","a":3,"A":"30-45","c":3,"C":"30-45","e":4,"E":"45-60","g":3,"G":"30-45","i":4,"I":"45-60","k":5,"K":"60-90","m":4,"M":"45-60","o":4,"O":"45-60","b":3,"B":"30-45","d":3,"D":"30-45","f":4,"F":"45-60","h":3,"H":"30-45","j":4,"J":"45-60","l":5,"L":"60-90","n":4,"N":"45-60","p":4,"P":"45-60"}},{"type":"Feature","geometry":{"type":"Polygon","coordinates":[[[127.06919,37.5173],[127.07595,37.5173],[127.07595,37.52405],[127.06919,37.52405],[127.06919,37.5173]]]},"properties":{"row":7,"col":28,"walk_min":18.5,"nearest_station_id":"kr_012","nearest_station_name":"Sports Complex","a":4,"A":"45-60","c":4,"C":"45-60","e":2,"E":"20-30","g":3,"G":"30-45","i":3,"I":"30-45","k":2,"K":"20-30","m":3,"M":"30-45","o":4,"O":"45-60","b":4,"B":"45-60","d":4,"D":"45-60","f":2,"F":"20-30","h":3,"H":"30-45","j":3,"J":"30-45","l":2,"L":"20-30","n":3,"N":"30-45","p":4,"P":"45-60"}},{"type":"Feature","geometry":{"type":"Polygon","coordinates":[[[127.00162,37.52405],[127.00838,37.52405],[127.00838,37.53081],[127.00162,37.53081],[127.00162,37.52405]]]},"properties":{"row":8,"col":18,"walk_min":17.3,"nearest_station_id":"kr_320","nearest_station_name":"이태원","a":2,"A":"20-30","c":2,"C":"20-30","e":3,"E":"30-45","g":3,"G":"30-45","i":3,"I":"30-45","k":4,"K":"45-60","m":3,"M":"30-45","o":3,"O":"30-45","b":2,"B":"20-30","d":2,"D":"20-30","f":3,"F":"30-45","h":3,"H":"30-45","j":3,"J":"30-45","l":4,"L":"45-60","n":3,"N":"30-45","p":3,"P":"30-45"}},{"type":"Feature","geometry":{"type":"Polygon","coordinates":[[[127.02865,37.61189],[127.03541,37.61189],[127.03541,37.61865],[127.02865,37.61865],[127.02865,37.61189]]]},"properties":{"row":21,"col":22,"walk_min":16.2,"nearest_station_id":"kr_091","nearest_station_name":"Miasageori","a":3,"A":"30-45","c":3,"C":"30-45","e":4,"E":"45-60","g":3,"G":"30-45","i":4,"I":"45-60","k":4,"K":"45-60","m":4,"M":"45-60","o":4,"O":"45-60","b":3,"B":"30-45","d":3,"D":"30-45","f":4,"F":"45-60","h":3,"H":"30-45","j":4,"J":"45-60","l":4,"L":"45-60","n":4,"N":"45-60","p":4,"P":"45-60"}},{"type":"Feature","geometry":{"type":"Polygon","coordinates":[[[126.92054,37.57135],[126.9273,37.57135],[126.9273,37.57811],[126.92054,37.57811],[126.92054,37.57135]]]},"properties":{"row":15,"col":6,"walk_min":21.2,"nearest_station_id":"kr_339","nearest_station_name":"증산","a":4,"A":"45-60","c":4,"C":"45-60","e":5,"E":"60-90","g":4,"G":"45-60","i":4,"I":"45-60","k":5,"K":"60-90","m":5,"M":"60-90","o":4,"O":"45-60","b":4,"B":"45-60","d":4,"D":"45-60","f":5,"F":"60-90","h":4,"H":"45-60","j":4,"J":"45-60","l":5,"L":"60-90","n":5,"N":"60-90","p":4,"P":"45-60"}},{"type":"Feature","geometry":{"type":"Polygon","coordinates":[[[127.05568,37.61189],[127.06243,37.61189],[127.06243,37.61865],[127.05568,37.61865],[127.05568,37.61189]]]},"properties":{"row":21,"col":26,"walk_min":19.2,"nearest_station_id":"kr_165","nearest_station_name":"돌곶이","a":4,"A":"45-60","c":4,"C":"45-60","e":4,"E":"45-60","g":3,"G":"30-45","i":5,"I":"60-90","k":5,"K":"60-90","m":4,"M":"45-60","o":4,"O":"45-60","b":4,"B":"45-60","d":4,"D":"45-60","f":4,"F":"45-60","h":3,"H":"30-45","j":5,"J":"60-90","l":5,"L":"60-90","n":4,"N":"45-60","p":4,"P":"45-60"}},{"type":"Feature","geometry":{"type":"Polygon","coordinates":[[[126.98135,37.51054],[126.98811,37.51054],[126.98811,37.5173],[126.98135,37.5173],[126.98135,37.51054]]]},"properties":{"row":6,"col":15,"walk_min":21.6,"nearest_station_id":"kr_003","nearest_station_name":"Dongjak","a":3,"A":"30-45","c":3,"C":"30-45","e":3,"E":"30-45","g":4,"G":"45-60","i":3,"I":"30-45","k":4,"K":"45-60","m":4,"M":"45-60","o":3,"O":"30-45","b":3,"B":"30-45","d":3,"D":"30-45","f":3,"F":"30-45","h":4,"H":"45-60","j":3,"J":"30-45","l":4,"L":"45-60","n":4,"N":"45-60","p":3,"P":"30-45"}},{"type":"Feature","geometry":{"type":"Polygon","coordinates":[[[127.0827,37.53757],[127.08946,37.53757],[127.08946,37.54432],[127.0827,37.54432],[127.0827,37.53757]]]},"properties":{"row":10,"col":30,"walk_min":16.5,"nearest_station_id":"kr_210","nearest_station_name":"Guui(Gwangjin-gu Office)","a":3,"A":"30-45","c":3,"C":"30-45","e":3,"E":"30-45","g":2,"G":"20-30","i":4,"I":"45-60","k":2,"K":"20-30","m":1,"M":"10-20","o":4,"O":"45-60","b":3,"B":"30-45","d":3,"D":"30-45","f":3,"F":"30-45","h":2,"H":"20-30","j":4,"J":"45-60","l":2,"L":"20-30","n":1,"N":"10-20","p":4,"P":"45-60"}},{"type":"Feature","geometry":{"type":"Polygon","coordinates":[[[126.98811,37.59162],[126.99486,37.59162],[126.99486,37.59838],[126.98811,37.59838],[126.98811,37.59162]]]},"properties":{"row":18,"col":16,"walk_min":19.7,"nearest_station_id":"kr_061","nearest_station_name":"Hansung Univ. (Samseongyo)","a":3,"A":"30-45","c":3,"C":"30-45","e":4,"E":"45-60","g":3,"G":"30-45","i":4,"I":"45-60","k":4,"K":"45-60","m":3,"M":"30-45","o":3,"O":"30-45","b":3,"B":"30-45","d":3,"D":"30-45","f":4,"F":"45-60","h":3,"H":"30-45","j":4,"J":"45-60","l":4,"L":"45-60","n":3,"N":"30-45","p":3,"P":"30-45"}},{"type":"Feature","geometry":{"type":"Polygon","coordinates":[[[127.06243,37.57135],[127.06919,37.57135],[127.06919,37.57811],[127.06243,37.57811],[127.06243,37.57135]]]},"properties":{"row":15,"col":27,"walk_min":20.8,"nearest_station_id":"kr_099","nearest_station_name":"답십리","a":3,"A":"30-45","c":3,"C":"30-45","e":4,"E":"45-60","g":2,"G":"20-30","i":4,"I":"45-60","k":4,"K":"45-60","m":3,"M":"30-45","o":4,"O":"45-60","b":3,"B":"30-45","d":3,"D":"30-45","f":4,"F":"45-60","h":2,"H":"20-30","j":4,"J":"45-60","l":4,"L":"45-60","n":3,"N":"30-45","p":4,"P":"45-60"}},{"type":"Feature","geometry":{"type":"Polygon","coordinates":[[[126.98811,37.54432],[126.99486,37.54432],[126.99486,37.55108],[126.98811,37.55108],[126.98811,37.54432]]]},"properties":{"row":11,"col":16,"walk_min":20.7,"nearest_station_id":"kr_334","nearest_station_name":"한강진","a":3,"A":"30-45","c":3,"C":"30-45","e":3,"E":"30-45","g":3,"G":"30-45","i":3,"I":"30-45","k":4,"K":"45-60","m":3,"M":"30-45","o":3,"O":"30-45","b":3,"B":"30-45","d":3,"D":"30-45","f":3,"F":"30-45","h":3,"H":"30-45","j":3,"J":"30-45","l":4,"L":"45-60","n":3,"N":"30-45","p":3,"P":"30-45"}},{"type":"Feature","geometry":{"type":"Polygon","coordinates":[[[126.96108,37.58486],[126.96784,37.58486],[126.96784,37.59162],[126.96108,37.59162],[126.96108,37.58486]]]},"properties":{"row":17,"col":12,"walk_min":23.9,"nearest_station_id":"kr_067","nearest_station_name":"무악재","a":3,"A":"30-45","c":3,"C":"30-45","e":4,"E":"45-60","g":3,"G":"30-45","i":4,"I":"45-60","k":5,"K":"60-90","m":4,"M":"45-60","o":4,"O":"45-60","b":3,"B":"30-45","d":3,"D":"30-45","f":4,"F":"45-60","h":3,"H":"30-45","j":4,"J":"45-60","l":5,"L":"60-90","n":4,"N":"45-60","p":4,"P":"45-60"}},{"type":"Feature","geometry":{"type":"Polygon","coordinates":[[[126.87324,37.53081],[126.88,37.53081],[126.88,37.53757],[126.87324,37.53757],[126.87324,37.53081]]]},"properties":{"row":9,"col":-1,"walk_min":19.7,"nearest_station_id":"kr_366","nearest_station_name":"Omokgyo","a":3,"A":"30-45","c":4,"C":"45-60","e":4,"E":"45-60","g":4,"G":"45-60","i":4,"I":"45-60","k":5,"K":"60-90","m":5,"M":"60-90","o":3,"O":"30-45","b":3,"B":"30-45","d":4,"D":"45-60","f":4,"F":"45-60","h":4,"H":"45-60","j":4,"J":"45-60","l":5,"L":"60-90","n":5,"N":"60-90","p":3,"P":"30-45"}},{"type":"Feature","geometry":{"type":"Polygon","coordinates":[[[127.06919,37.47676],[127.07595,37.47676],[127.07595,37.48351],[127.06919,37.48351],[127.06919,37.47676]]]},"properties":{"row":1,"col":28,"walk_min":42.9,"nearest_station_id":"kr_298","nearest_station_name":"Irwon","a":5,"A":"60-90","c":5,"C":"60-90","e":4,"E":"45-60","g":5,"G":"60-90","i":5,"I":"60-90","k":5,"K":"60-90","m":5,"M":"60-90","o":6,"O":"90-120","b":5,"B":"60-90","d":5,"D":"60-90","f":4,"F":"45-60","h":5,"H":"60-90","j":5,"J":"60-90","l":5,"L":"60-90","n":5,"N":"60-90","p":6,"P":"90-120"}},{"type":"Feature","geometry":{"type":"Polygon","coordinates":[[[126.89351,37.59838],[126.90027,37.59838],[126.90027,37.60514],[126.89351,37.60514],[126.89351,37.59838]]]},"properties":{"row":19,"col":2,"walk_min":35.2,"nearest_station_id":"kr_318","nearest_station_name":"응암","a":5,"A":"60-90","c":5,"C":"60-90","e":5,"E":"60-90","g":5,"G":"60-90","i":5,"I":"60-90","k":5,"K":"60-90","m":5,"M":"60-90","o":5,"O":"60-90","b":5,"B":"60-90","d":5,"D":"60-90","f":5,"F":"60-90","h":5,"H":"60-90","j":5,"J":"60-90","l":5,"L":"60-90","n":5,"N":"60-90","p":5,"P":"60-90"}},{"type":"Feature","geometry":{"type":"Polygon","coordinates":[[[127.04216,37.61189],[127.04892,37.61189],[127.04892,37.61865],[127.04216,37.61865],[127.04216,37.61189]]]},"properties":{"row":21,"col":24,"walk_min":17.8,"nearest_station_id":"kr_154","nearest_station_name":"상월곡","a":3,"A":"30-45","c":3,"C":"30-45","e":4,"E":"45-60","g":3,"G":"30-45","i":5,"I":"60-90","k":4,"K":"45-60","m":4,"M":"45-60","o":4,"O":"45-60","b":3,"B":"30-45","d":3,"D":"30-45","f":4,"F":"45-60","h":3,"H":"30-45","j":5,"J":"60-90","l":4,"L":"45-60","n":4,"N":"45-60","p":4,"P":"45-60"}},{"type":"Feature","geometry":{"type":"Polygon","coordinates":[[[126.89351,37.59162],[126.90027,37.59162],[126.90027,37.59838],[126.89351,37.59838],[126.89351,37.59162]]]},"properties":{"row":18,"col":2,"walk_min":25.0,"nearest_station_id":"kr_340","nearest_station_name":"Saejeol","a":4,"A":"45-60","c":4,"C":"45-60","e":5,"E":"60-90","g":5,"G":"60-90","i":5,"I":"60-90","k":5,"K":"60-90","m":5,"M":"60-90","o":5,"O":"60-90","b":4,"B":"45-60","d":4,"D":"45-60","f":5,"F":"60-90","h":5,"H":"60-90","j":5,"J":"60-90","l":5,"L":"60-90","n":5,"N":"60-90","p":5,"P":"60-90"}},{"type":"Feature","geometry":{"type":"Polygon","coordinates":[[[126.91378,37.47],[126.92054,37.47],[126.92054,37.47676],[126.91378,37.47676],[126.91378,37.47]]]},"properties":{"row":0,"col":5,"walk_min":21.6,"nearest_station_id":"kr_336","nearest_station_name":"Sindaebang","a":4,"A":"45-60","c":4,"C":"45-60","e":3,"E":"30-45","g":5,"G":"60-90","i":3,"I":"30-45","k":5,"K":"60-90","m":5,"M":"60-90","o":3,"O":"30-45","b":4,"B":"45-60","d":4,"D":"45-60","f":3,"F":"30-45","h":5,"H":"60-90","j":3,"J":"30-45","l":5,"L":"60-90","n":5,"N":"60-90","p":3,"P":"30-45"}},{"type":"Feature","geometry":{"type":"Polygon","coordinates":[[[126.90027,37.60514],[126.90703,37.60514],[126.90703,37.61189],[126.90027,37.61189],[126.90027,37.60514]]]},"properties":{"row":20,"col":3,"walk_min":21.6,"nearest_station_id":"kr_390","nearest_station_name":"구산","a":4,"A":"45-60","c":4,"C":"45-60","e":5,"E":"60-90","g":4,"G":"45-60","i":5,"I":"60-90","k":5,"K":"60-90","m":5,"M":"60-90","o":4,"O":"45-60","b":4,"B":"45-60","d":4,"D":"45-60","f":5,"F":"60-90","h":4,"H":"45-60","j":5,"J":"60-90","l":5,"L":"60-90","n":5,"N":"60-90","p":4,"P":"45-60"}},{"type":"Feature","geometry":{"type":"Polygon","coordinates":[[[126.91378,37.61189],[126.92054,37.61189],[126.92054,37.61865],[126.91378,37.61865],[126.91378,37.61189]]]},"properties":{"row":21,"col":5,"walk_min":17.2,"nearest_station_id":"kr_390","nearest_station_name":"구산","a":4,"A":"45-60","c":3,"C":"30-45","e":5,"E":"60-90","g":4,"G":"45-60","i":5,"I":"60-90","k":5,"K":"60-90","m":4,"M":"45-60","o":4,"O":"45-60","b":4,"B":"45-60","d":3,"D":"30-45","f":5,"F":"60-90","h":4,"H":"45-60","j":5,"J":"60-90","l":5,"L":"60-90","n":4,"N":"45-60","p":4,"P":"45-60"}},{"type":"Feature","geometry":{"type":"Polygon","coordinates":[[[127.00838,37.52405],[127.01514,37.52405],[127.01514,37.53081],[127.00838,37.53081],[127.00838,37.52405]]]},"properties":{"row":8,"col":19,"walk_min":20.1,"nearest_station_id":"kr_056","nearest_station_name":"Sinsa","a":3,"A":"30-45","c":3,"C":"30-45","e":3,"E":"30-45","g":3,"G":"30-45","i":3,"I":"30-45","k":3,"K":"30-45","m":3,"M":"30-45","o":4,"O":"45-60","b":3,"B":"30-45","d":3,"D":"30-45","f":3,"F":"30-45","h":3,"H":"30-45","j":3,"J":"30-45","l":3,"L":"30-45","n":3,"N":"30-45","p":4,"P":"45-60"}},{"type":"Feature","geometry":{"type":"Polygon","coordinates":[[[126.89351,37.47],[126.90027,37.47],[126.90027,37.47676],[126.89351,37.47676],[126.89351,37.47]]]},"properties":{"row":0,"col":2,"walk_min":22.8,"nearest_station_id":"kr_443","nearest_station_name":"Doksan","a":4,"A":"45-60","c":4,"C":"45-60","e":4,"E":"45-60","g":5,"G":"60-90","i":4,"I":"45-60","k":5,"K":"60-90","m":5,"M":"60-90","o":4,"O":"45-60","b":4,"B":"45-60","d":4,"D":"45-60","f":4,"F":"45-60","h":5,"H":"60-90","j":4,"J":"45-60","l":5,"L":"60-90","n":5,"N":"60-90","p":4,"P":"45-60"}},{"type":"Feature","geometry":{"type":"Polygon","coordinates":[[[127.07595,37.58486],[127.0827,37.58486],[127.0827,37.59162],[127.07595,37.59162],[127.07595,37.58486]]]},"properties":{"row":17,"col":29,"walk_min":22.4,"nearest_station_id":"kr_124","nearest_station_name":"면목","a":4,"A":"45-60","c":4,"C":"45-60","e":4,"E":"45-60","g":3,"G":"30-45","i":5,"I":"60-90","k":5,"K":"60-90","m":4,"M":"45-60","o":5,"O":"60-90","b":4,"B":"45-60","d":4,"D":"45-60","f":4,"F":"45-60","h":3,"H":"30-45","j":5,"J":"60-90","l":5,"L":"60-90","n":4,"N":"45-60","p":5,"P":"60-90"}},{"type":"Feature","geometry":{"type":"Polygon","coordinates":[[[127.0827,37.52405],[127.08946,37.52405],[127.08946,37.53081],[127.0827,37.53081],[127.0827,37.52405]]]},"properties":{"row":8,"col":30,"walk_min":21.9,"nearest_station_id":"kr_210","nearest_station_name":"Guui(Gwangjin-gu Office)","a":4,"A":"45-60","c":4,"C":"45-60","e":3,"E":"30-45","g":3,"G":"30-45","i":4,"I":"45-60","k":2,"K":"20-30","m":2,"M":"20-30","o":4,"O":"45-60","b":4,"B":"45-60","d":4,"D":"45-60","f":3,"F":"30-45","h":3,"H":"30-45","j":4,"J":"45-60","l":2,"L":"20-30","n":2,"N":"20-30","p":4,"P":"45-60"}},{"type":"Feature","geometry":{"type":"Polygon","coordinates":[[[127.03541,37.61189],[127.04216,37.61189],[127.04216,37.61865],[127.03541,37.61865],[127.03541,37.61189]]]},"properties":{"row":21,"col":23,"walk_min":18.4,"nearest_station_id":"kr_091","nearest_station_name":"Miasageori","a":3,"A":"30-45","c":3,"C":"30-45","e":4,"E":"45-60","g":3,"G":"30-45","i":5,"I":"60-90","k":4,"K":"45-60","m":4,"M":"45-60","o":4,"O":"45-60","b":3,"B":"30-45","d":3,"D":"30-45","f":4,"F":"45-60","h":3,"H":"30-45","j":5,"J":"60-90","l":4,"L":"45-60","n":4,"N":"45-60","p":4,"P":"45-60"}},{"type":"Feature","geometry":{"type":"Polygon","coordinates":[[[126.99486,37.59838],[127.00162,37.59838],[127.00162,37.60514],[126.99486,37.60514],[126.99486,37.59838]]]},"properties":{"row":19,"col":17,"walk_min":23.8,"nearest_station_id":"kr_061","nearest_station_name":"Hansung Univ. (Samseongyo)","a":3,"A":"30-45","c":3,"C":"30-45","e":4,"E":"45-60","g":3,"G":"30-45","i":4,"I":"45-60","k":4,"K":"45-60","m":4,"M":"45-60","o":4,"O":"45-60","b":3,"B":"30-45","d":3,"D":"30-45","f":4,"F":"45-60","h":3,"H":"30-45","j":4,"J":"45-60","l":4,"L":"45-60","n":4,"N":"45-60","p":4,"P":"45-60"}},{"type":"Feature","geometry":{"type":"Polygon","coordinates":[[[126.99486,37.5173],[127.00162,37.5173],[127.00162,37.52405],[126.99486,37.52405],[126.99486,37.5173]]]},"properties":{"row":7,"col":17,"walk_min":21.4,"nearest_station_id":"kr_216","nearest_station_name":"Jamwon","a":3,"A":"30-45","c":3,"C":"30-45","e":3,"E":"30-45","g":3,"G":"30-45","i":3,"I":"30-45","k":4,"K":"45-60","m":4,"M":"45-60","o":4,"O":"45-60","b":3,"B":"30-45","d":3,"D":"30-45","f":3,"F":"30-45","h":3,"H":"30-45","j":3,"J":"30-45","l":4,"L":"45-60","n":4,"N":"45-60","p":4,"P":"45-60"}},{"type":"Feature","geometry":{"type":"Polygon","coordinates":[[[126.9273,37.57811],[126.93405,37.57811],[126.93405,37.58486],[126.9273,37.58486],[126.9273,37.57811]]]},"properties":{"row":16,"col":7,"walk_min":22.8,"nearest_station_id":"kr_110","nearest_station_name":"Hongje (Seoul Culture Arts Univ.)","a":3,"A":"30-45","c":3,"C":"30-45","e":4,"E":"45-60","g":4,"G":"45-60","i":5,"I":"60-90","k":5,"K":"60-90","m":4,"M":"45-60","o":4,"O":"45-60","b":3,"B":"30-45","d":3,"D":"30-45","f":4,"F":"45-60","h":4,"H":"45-60","j":5,"J":"60-90","l":5,"L":"60-90","n":4,"N":"45-60","p":4,"P":"45-60"}},{"type":"Feature","geometry":{"type":"Polygon","coordinates":[[[126.94081,37.57135],[126.94757,37.57135],[126.94757,37.57811],[126.94081,37.57811],[126.94081,37.57135]]]},"properties":{"row":15,"col":9,"walk_min":21.7,"nearest_station_id":"kr_096","nearest_station_name":"Muakjae","a":3,"A":"30-45","c":3,"C":"30-45","e":4,"E":"45-60","g":3,"G":"30-45","i":4,"I":"45-60","k":5,"K":"60-90","m":4,"M":"45-60","o":4,"O":"45-60","b":3,"B":"30-45","d":3,"D":"30-45","f":4,"F":"45-60","h":3,"H":"30-45","j":4,"J":"45-60","l":5,"L":"60-90","n":4,"N":"45-60","p":4,"P":"45-60"}},{"type":"Feature","geometry":{"type":"Polygon","coordinates":[[[126.95432,37.58486],[126.96108,37.58486],[126.96108,37.59162],[126.95432,37.59162],[126.95432,37.58486]]]},"properties":{"row":17,"col":11,"walk_min":25.5,"nearest_station_id":"kr_067","nearest_station_name":"무악재","a":3,"A":"30-45","c":3,"C":"30-45","e":4,"E":"45-60","g":4,"G":"45-60","i":5,"I":"60-90","k":5,"K":"60-90","m":4,"M":"45-60","o":4,"O":"45-60","b":3,"B":"30-45","d":3,"D":"30-45","f":4,"F":"45-60","h":4,"H":"45-60","j":5,"J":"60-90","l":5,"L":"60-90","n":4,"N":"45-60","p":4,"P":"45-60"}},{"type":"Feature","geometry":{"type":"Polygon","coordinates":[[[126.90703,37.47],[126.91378,37.47],[126.91378,37.47676],[126.90703,37.47676],[126.90703,37.47]]]},"properties":{"row":0,"col":4,"walk_min":23.7,"nearest_station_id":"kr_288","nearest_station_name":"Guro Digital Complex","a":4,"A":"45-60","c":4,"C":"45-60","e":4,"E":"45-60","g":5,"G":"60-90","i":3,"I":"30-45","k":5,"K":"60-90","m":5,"M":"60-90","o":3,"O":"30-45","b":4,"B":"45-60","d":4,"D":"45-60","f":4,"F":"45-60","h":5,"H":"60-90","j":3,"J":"30-45","l":5,"L":"60-90","n":5,"N":"60-90","p":3,"P":"30-45"}},{"type":"Feature","geometry":{"type":"Polygon","coordinates":[[[127.0827,37.56459],[127.08946,37.56459],[127.08946,37.57135],[127.0827,37.57135],[127.0827,37.56459]]]},"properties":{"row":14,"col":30,"walk_min":19.5,"nearest_station_id":"kr_098","nearest_station_name":"중곡","a":4,"A":"45-60","c":4,"C":"45-60","e":4,"E":"45-60","g":3,"G":"30-45","i":4,"I":"45-60","k":4,"K":"45-60","m":3,"M":"30-45","o":4,"O":"45-60","b":4,"B":"45-60","d":4,"D":"45-60","f":4,"F":"45-60","h":3,"H":"30-45","j":4,"J":"45-60","l":4,"L":"45-60","n":3,"N":"30-45","p":4,"P":"45-60"}},{"type":"Feature","geometry":{"type":"Polygon","coordinates":[[[127.04892,37.61189],[127.05568,37.61189],[127.05568,37.61865],[127.04892,37.61865],[127.04892,37.61189]]]},"properties":{"row":21,"col":25,"walk_min":20.0,"nearest_station_id":"kr_165","nearest_station_name":"돌곶이","a":4,"A":"45-60","c":4,"C":"45-60","e":4,"E":"45-60","g":3,"G":"30-45","i":5,"I":"60-90","k":5,"K":"60-90","m":4,"M":"45-60","o":4,"O":"45-60","b":4,"B":"45-60","d":4,"D":"45-60","f":4,"F":"45-60","h":3,"H":"30-45","j":5,"J":"60-90","l":5,"L":"60-90","n":4,"N":"45-60","p":4,"P":"45-60"}},{"type":"Feature","geometry":{"type":"Polygon","coordinates":[[[127.06919,37.57811],[127.07595,37.57811],[127.07595,37.58486],[127.06919,37.58486],[127.06919,37.57811]]]},"properties":{"row":16,"col":28,"walk_min":23.7,"nearest_station_id":"kr_120","nearest_station_name":"사가정","a":4,"A":"45-60","c":4,"C":"45-60","e":4,"E":"45-60","g":3,"G":"30-45","i":5,"I":"60-90","k":4,"K":"45-60","m":4,"M":"45-60","o":5,"O":"60-90","b":4,"B":"45-60","d":4,"D":"45-60","f":4,"F":"45-60","h":3,"H":"30-45","j":5,"J":"60-90","l":4,"L":"45-60","n":4,"N":"45-60","p":5,"P":"60-90"}},{"type":"Feature","geometry":{"type":"Polygon","coordinates":[[[126.98811,37.51054],[126.99486,37.51054],[126.99486,37.5173],[126.98811,37.5173],[126.98811,37.51054]]]},"properties":{"row":6,"col":16,"walk_min":23.0,"nearest_station_id":"kr_403","nearest_station_name":"Sinbanpo","a":3,"A":"30-45","c":3,"C":"30-45","e":3,"E":"30-45","g":4,"G":"45-60","i":3,"I":"30-45","k":3,"K":"30-45","m":4,"M":"45-60","o":4,"O":"45-60","b":3,"B":"30-45","d":3,"D":"30-45","f":3,"F":"30-45","h":4,"H":"45-60","j":3,"J":"30-45","l":3,"L":"30-45","n":4,"N":"45-60","p":4,"P":"45-60"}},{"type":"Feature","geometry":{"type":"Polygon","coordinates":[[[126.90703,37.61189],[126.91378,37.61189],[126.91378,37.61865],[126.90703,37.61865],[126.90703,37.61189]]]},"properties":{"row":21,"col":4,"walk_min":20.7,"nearest_station_id":"kr_390","nearest_station_name":"구산","a":4,"A":"45-60","c":4,"C":"45-60","e":5,"E":"60-90","g":4,"G":"45-60","i":5,"I":"60-90","k":5,"K":"60-90","m":5,"M":"60-90","o":4,"O":"45-60","b":4,"B":"45-60","d":4,"D":"45-60","f":5,"F":"60-90","h":4,"H":"45-60","j":5,"J":"60-90","l":5,"L":"60-90","n":5,"N":"60-90","p":4,"P":"45-60"}},{"type":"Feature","geometry":{"type":"Polygon","coordinates":[[[126.98811,37.59838],[126.99486,37.59838],[126.99486,37.60514],[126.98811,37.60514],[126.98811,37.59838]]]},"properties":{"row":19,"col":16,"walk_min":26.8,"nearest_station_id":"kr_061","nearest_station_name":"Hansung Univ. (Samseongyo)","a":3,"A":"30-45","c":3,"C":"30-45","e":4,"E":"45-60","g":3,"G":"30-45","i":5,"I":"60-90","k":4,"K":"45-60","m":4,"M":"45-60","o":4,"O":"45-60","b":3,"B":"30-45","d":3,"D":"30-45","f":4,"F":"45-60","h":3,"H":"30-45","j":5,"J":"60-90","l":4,"L":"45-60","n":4,"N":"45-60","p":4,"P":"45-60"}},{"type":"Feature","geometry":{"type":"Polygon","coordinates":[[[126.94757,37.52405],[126.95432,37.52405],[126.95432,37.53081],[126.94757,37.53081],[126.94757,37.52405]]]},"properties":{"row":8,"col":10,"walk_min":20.8,"nearest_station_id":"kr_397","nearest_station_name":"Yongsan","a":2,"A":"20-30","c":2,"C":"20-30","e":3,"E":"30-45","g":3,"G":"30-45","i":3,"I":"30-45","k":4,"K":"45-60","m":4,"M":"45-60","o":3,"O":"30-45","b":2,"B":"20-30","d":2,"D":"20-30","f":3,"F":"30-45","h":3,"H":"30-45","j":3,"J":"30-45","l":4,"L":"45-60","n":4,"N":"45-60","p":3,"P":"30-45"}},{"type":"Feature","geometry":{"type":"Polygon","coordinates":[[[126.87324,37.50378],[126.88,37.50378],[126.88,37.51054],[126.87324,37.51054],[126.87324,37.50378]]]},"properties":{"row":5,"col":-1,"walk_min":20.7,"nearest_station_id":"kr_019","nearest_station_name":"Guro","a":3,"A":"30-45","c":3,"C":"30-45","e":4,"E":"45-60","g":4,"G":"45-60","i":4,"I":"45-60","k":5,"K":"60-90","m":5,"M":"60-90","o":3,"O":"30-45","b":3,"B":"30-45","d":3,"D":"30-45","f":4,"F":"45-60","h":4,"H":"45-60","j":4,"J":"45-60","l":5,"L":"60-90","n":5,"N":"60-90","p":3,"P":"30-45"}},{"type":"Feature","geometry":{"type":"Polygon","coordinates":[[[126.88676,37.46324],[126.89351,37.46324],[126.89351,37.47],[126.88676,37.47],[126.88676,37.46324]]]},"properties":{"row":-1,"col":1,"walk_min":23.6,"nearest_station_id":"kr_443","nearest_station_name":"Doksan","a":4,"A":"45-60","c":4,"C":"45-60","e":5,"E":"60-90","g":5,"G":"60-90","i":4,"I":"45-60","k":5,"K":"60-90","m":5,"M":"60-90","o":4,"O":"45-60","b":4,"B":"45-60","d":4,"D":"45-60","f":5,"F":"60-90","h":5,"H":"60-90","j":4,"J":"45-60","l":5,"L":"60-90","n":5,"N":"60-90","p":4,"P":"45-60"}},{"type":"Feature","geometry":{"type":"Polygon","coordinates":[[[127.02189,37.47],[127.02865,37.47],[127.02865,37.47676],[127.02189,37.47676],[127.02189,37.47]]]},"properties":{"row":0,"col":21,"walk_min":24.5,"nearest_station_id":"kr_038","nearest_station_name":"Yangjae Citizen's Forest","a":4,"A":"45-60","c":4,"C":"45-60","e":3,"E":"30-45","g":4,"G":"45-60","i":3,"I":"30-45","k":4,"K":"45-60","m":4,"M":"45-60","o":5,"O":"60-90","b":4,"B":"45-60","d":4,"D":"45-60","f":3,"F":"30-45","h":4,"H":"45-60","j":3,"J":"30-45","l":4,"L":"45-60","n":4,"N":"45-60","p":5,"P":"60-90"}},{"type":"Feature","geometry":{"type":"Polygon","coordinates":[[[127.06919,37.61189],[127.07595,37.61189],[127.07595,37.61865],[127.06919,37.61865],[127.06919,37.61189]]]},"properties":{"row":21,"col":28,"walk_min":24.4,"nearest_station_id":"kr_097","nearest_station_name":"태릉입구","a":4,"A":"45-60","c":4,"C":"45-60","e":5,"E":"60-90","g":4,"G":"45-60","i":5,"I":"60-90","k":5,"K":"60-90","m":4,"M":"45-60","o":5,"O":"60-90","b":4,"B":"45-60","d":4,"D":"45-60","f":5,"F":"60-90","h":4,"H":"45-60","j":5,"J":"60-90","l":5,"L":"60-90","n":4,"N":"45-60","p":5,"P":"60-90"}},{"type":"Feature","geometry":{"type":"Polygon","coordinates":[[[126.88,37.57135],[126.88676,37.57135],[126.88676,37.57811],[126.88,37.57811],[126.88,37.57135]]]},"properties":{"row":15,"col":0,"walk_min":38.3,"nearest_station_id":"kr_293","nearest_station_name":"월드컵경기장","a":5,"A":"60-90","c":5,"C":"60-90","e":5,"E":"60-90","g":5,"G":"60-90","i":5,"I":"60-90","k":6,"K":"90-120","m":5,"M":"60-90","o":5,"O":"60-90","b":5,"B":"60-90","d":5,"D":"60-90","f":5,"F":"60-90","h":5,"H":"60-90","j":5,"J":"60-90","l":6,"L":"90-120","n":5,"N":"60-90","p":5,"P":"60-90"}},{"type":"Feature","geometry":{"type":"Polygon","coordinates":[[[126.90027,37.47],[126.90703,37.47],[126.90703,37.47676],[126.90027,37.47676],[126.90027,37.47]]]},"properties":{"row":0,"col":3,"walk_min":26.0,"nearest_station_id":"kr_288","nearest_station_name":"Guro Digital Complex","a":4,"A":"45-60","c":4,"C":"45-60","e":4,"E":"45-60","g":5,"G":"60-90","i":4,"I":"45-60","k":5,"K":"60-90","m":5,"M":"60-90","o":4,"O":"45-60","b":4,"B":"45-60","d":4,"D":"45-60","f":4,"F":"45-60","h":5,"H":"60-90","j":4,"J":"45-60","l":5,"L":"60-90","n":5,"N":"60-90","p":4,"P":"45-60"}},{"type":"Feature","geometry":{"type":"Polygon","coordinates":[[[126.98811,37.5173],[126.99486,37.5173],[126.99486,37.52405],[126.98811,37.52405],[126.98811,37.5173]]]},"properties":{"row":7,"col":16,"walk_min":24.0,"nearest_station_id":"kr_320","nearest_station_name":"이태원","a":3,"A":"30-45","c":3,"C":"30-45","e":3,"E":"30-45","g":3,"G":"30-45","i":3,"I":"30-45","k":4,"K":"45-60","m":4,"M":"45-60","o":4,"O":"45-60","b":3,"B":"30-45","d":3,"D":"30-45","f":3,"F":"30-45","h":3,"H":"30-45","j":3,"J":"30-45","l":4,"L":"45-60","n":4,"N":"45-60","p":4,"P":"45-60"}},{"type":"Feature","geometry":{"type":"Polygon","coordinates":[[[127.02865,37.53757],[127.03541,37.53757],[127.03541,37.54432],[127.02865,37.54432],[127.02865,37.53757]]]},"properties":{"row":10,"col":22,"walk_min":26.5,"nearest_station_id":"kr_059","nearest_station_name":"Oksu","a":3,"A":"30-45","c":3,"C":"30-45","e":3,"E":"30-45","g":3,"G":"30-45","i":4,"I":"45-60","k":4,"K":"45-60","m":3,"M":"30-45","o":4,"O":"45-60","b":3,"B":"30-45","d":3,"D":"30-45","f":3,"F":"30-45","h":3,"H":"30-45","j":4,"J":"45-60","l":4,"L":"45-60","n":3,"N":"30-45","p":4,"P":"45-60"}},{"type":"Feature","geometry":{"type":"Polygon","coordinates":[[[127.08946,37.50378],[127.09622,37.50378],[127.09622,37.51054],[127.08946,37.51054],[127.08946,37.50378]]]},"properties":{"row":5,"col":31,"walk_min":21.7,"nearest_station_id":"kr_394","nearest_station_name":"삼전","a":4,"A":"45-60","c":4,"C":"45-60","e":3,"E":"30-45","g":4,"G":"45-60","i":4,"I":"45-60","k":2,"K":"20-30","m":3,"M":"30-45","o":5,"O":"60-90","b":4,"B":"45-60","d":4,"D":"45-60","f":3,"F":"30-45","h":4,"H":"45-60","j":4,"J":"45-60","l":2,"L":"20-30","n":3,"N":"30-45","p":5,"P":"60-90"}},{"type":"Feature","geometry":{"type":"Polygon","coordinates":[[[126.93405,37.57135],[126.94081,37.57135],[126.94081,37.57811],[126.93405,37.57811],[126.93405,37.57135]]]},"properties":{"row":15,"col":8,"walk_min":24.2,"nearest_station_id":"kr_096","nearest_station_name":"Muakjae","a":3,"A":"30-45","c":3,"C":"30-45","e":4,"E":"45-60","g":3,"G":"30-45","i":5,"I":"60-90","k":5,"K":"60-90","m":4,"M":"45-60","o":4,"O":"45-60","b":3,"B":"30-45","d":3,"D":"30-45","f":4,"F":"45-60","h":3,"H":"30-45","j":5,"J":"60-90","l":5,"L":"60-90","n":4,"N":"45-60","p":4,"P":"45-60"}},{"type":"Feature","geometry":{"type":"Polygon","coordinates":[[[127.04216,37.47],[127.04892,37.47],[127.04892,37.47676],[127.04216,37.47676],[127.04216,37.47]]]},"properties":{"row":0,"col":24,"walk_min":26.1,"nearest_station_id":"kr_038","nearest_station_name":"Yangjae Citizen's Forest","a":4,"A":"45-60","c":4,"C":"45-60","e":3,"E":"30-45","g":4,"G":"45-60","i":3,"I":"30-45","k":4,"K":"45-60","m":4,"M":"45-60","o":5,"O":"60-90","b":4,"B":"45-60","d":4,"D":"45-60","f":3,"F":"30-45","h":4,"H":"45-60","j":3,"J":"30-45","l":4,"L":"45-60","n":4,"N":"45-60","p":5,"P":"60-90"}},{"type":"Feature","geometry":{"type":"Polygon","coordinates":[[[127.00838,37.60514],[127.01514,37.60514],[127.01514,37.61189],[127.00838,37.61189],[127.00838,37.60514]]]},"properties":{"row":20,"col":19,"walk_min":25.2,"nearest_station_id":"kr_082","nearest_station_name":"Gireum","a":4,"A":"45-60","c":3,"C":"30-45","e":4,"E":"45-60","g":3,"G":"30-45","i":5,"I":"60-90","k":5,"K":"60-90","m":4,"M":"45-60","o":4,"O":"45-60","b":4,"B":"45-60","d":3,"D":"30-45","f":4,"F":"45-60","h":3,"H":"30-45","j":5,"J":"60-90","l":5,"L":"60-90","n":4,"N":"45-60","p":4,"P":"45-60"}},{"type":"Feature","geometry":{"type":"Polygon","coordinates":[[[127.04892,37.47],[127.05568,37.47],[127.05568,37.47676],[127.04892,37.47676],[127.04892,37.47]]]},"properties":{"row":0,"col":25,"walk_min":26.4,"nearest_station_id":"kr_038","nearest_station_name":"Yangjae Citizen's Forest","a":4,"A":"45-60","c":4,"C":"45-60","e":3,"E":"30-45","g":4,"G":"45-60","i":3,"I":"30-45","k":4,"K":"45-60","m":4,"M":"45-60","o":5,"O":"60-90","b":4,"B":"45-60","d":4,"D":"45-60","f":3,"F":"30-45","h":4,"H":"45-60","j":3,"J":"30-45","l":4,"L":"45-60","n":4,"N":"45-60","p":5,"P":"60-90"}},{"type":"Feature","geometry":{"type":"Polygon","coordinates":[[[126.97459,37.46324],[126.98135,37.46324],[126.98135,37.47],[126.97459,37.47],[126.97459,37.46324]]]},"properties":{"row":-1,"col":14,"walk_min":23.7,"nearest_station_id":"kr_247","nearest_station_name":"Namtaeryeong","a":4,"A":"45-60","c":4,"C":"45-60","e":3,"E":"30-45","g":4,"G":"45-60","i":2,"I":"20-30","k":4,"K":"45-60","m":5,"M":"60-90","o":4,"O":"45-60","b":4,"B":"45-60","d":4,"D":"45-60","f":3,"F":"30-45","h":4,"H":"45-60","j":2,"J":"20-30","l":4,"L":"45-60","n":5,"N":"60-90","p":4,"P":"45-60"}},{"type":"Feature","geometry":{"type":"Polygon","coordinates":[[[127.07595,37.57135],[127.0827,37.57135],[127.0827,37.57811],[127.07595,37.57811],[127.07595,37.57135]]]},"properties":{"row":15,"col":29,"walk_min":28.0,"nearest_station_id":"kr_111","nearest_station_name":"용마산","a":4,"A":"45-60","c":4,"C":"45-60","e":5,"E":"60-90","g":3,"G":"30-45","i":5,"I":"60-90","k":5,"K":"60-90","m":4,"M":"45-60","o":5,"O":"60-90","b":4,"B":"45-60","d":4,"D":"45-60","f":5,"F":"60-90","h":3,"H":"30-45","j":5,"J":"60-90","l":5,"L":"60-90","n":4,"N":"45-60","p":5,"P":"60-90"}},{"type":"Feature","geometry":{"type":"Polygon","coordinates":[[[126.88,37.57811],[126.88676,37.57811],[126.88676,37.58486],[126.88,37.58486],[126.88,37.57811]]]},"properties":{"row":16,"col":0,"walk_min":25.4,"nearest_station_id":"kr_327","nearest_station_name":"디지털미디어시티","a":4,"A":"45-60","c":4,"C":"45-60","e":5,"E":"60-90","g":5,"G":"60-90","i":5,"I":"60-90","k":5,"K":"60-90","m":5,"M":"60-90","o":5,"O":"60-90","b":4,"B":"45-60","d":4,"D":"45-60","f":5,"F":"60-90","h":5,"H":"60-90","j":5,"J":"60-90","l":5,"L":"60-90","n":5,"N":"60-90","p":5,"P":"60-90"}},{"type":"Feature","geometry":{"type":"Polygon","coordinates":[[[127.08946,37.49703],[127.09622,37.49703],[127.09622,37.50378],[127.08946,37.50378],[127.08946,37.49703]]]},"properties":{"row":4,"col":31,"walk_min":26.2,"nearest_station_id":"kr_408","nearest_station_name":"석촌고분","a":5,"A":"60-90","c":5,"C":"60-90","e":3,"E":"30-45","g":4,"G":"45-60","i":4,"I":"45-60","k":3,"K":"30-45","m":4,"M":"45-60","o":5,"O":"60-90","b":5,"B":"60-90","d":5,"D":"60-90","f":3,"F":"30-45","h":4,"H":"45-60","j":4,"J":"45-60","l":3,"L":"30-45","n":4,"N":"45-60","p":5,"P":"60-90"}},{"type":"Feature","geometry":{"type":"Polygon","coordinates":[[[127.0827,37.57135],[127.08946,37.57135],[127.08946,37.57811],[127.0827,37.57811],[127.0827,37.57135]]]},"properties":{"row":15,"col":30,"walk_min":22.7,"nearest_station_id":"kr_111","nearest_station_name":"용마산","a":4,"A":"45-60","c":4,"C":"45-60","e":4,"E":"45-60","g":3,"G":"30-45","i":4,"I":"45-60","k":4,"K":"45-60","m":4,"M":"45-60","o":5,"O":"60-90","b":4,"B":"45-60","d":4,"D":"45-60","f":4,"F":"45-60","h":3,"H":"30-45","j":4,"J":"45-60","l":4,"L":"45-60","n":4,"N":"45-60","p":5,"P":"60-90"}},{"type":"Feature","geometry":{"type":"Polygon","coordinates":[[[126.9273,37.57135],[126.93405,37.57135],[126.93405,37.57811],[126.9273,37.57811],[126.9273,37.57135]]]},"properties":{"row":15,"col":7,"walk_min":25.0,"nearest_station_id":"kr_096","nearest_station_name":"Muakjae","a":3,"A":"30-45","c":3,"C":"30-45","e":5,"E":"60-90","g":4,"G":"45-60","i":5,"I":"60-90","k":5,"K":"60-90","m":4,"M":"45-60","o":4,"O":"45-60","b":3,"B":"30-45","d":3,"D":"30-45","f":5,"F":"60-90","h":4,"H":"45-60","j":5,"J":"60-90","l":5,"L":"60-90","n":4,"N":"45-60","p":4,"P":"45-60"}},{"type":"Feature","geometry":{"type":"Polygon","coordinates":[[[126.88676,37.58486],[126.89351,37.58486],[126.89351,37.59162],[126.88676,37.59162],[126.88676,37.58486]]]},"properties":{"row":17,"col":1,"walk_min":26.5,"nearest_station_id":"kr_327","nearest_station_name":"디지털미디어시티","a":4,"A":"45-60","c":4,"C":"45-60","e":5,"E":"60-90","g":5,"G":"60-90","i":5,"I":"60-90","k":5,"K":"60-90","m":5,"M":"60-90","o":5,"O":"60-90","b":4,"B":"45-60","d":4,"D":"45-60","f":5,"F":"60-90","h":5,"H":"60-90","j":5,"J":"60-90","l":5,"L":"60-90","n":5,"N":"60-90","p":5,"P":"60-90"}},{"type":"Feature","geometry":{"type":"Polygon","coordinates":[[[127.08946,37.51054],[127.09622,37.51054],[127.09622,37.5173],[127.08946,37.5173],[127.08946,37.51054]]]},"properties":{"row":6,"col":31,"walk_min":23.7,"nearest_station_id":"kr_178","nearest_station_name":"Jamsil(Songpa-gu Office)","a":4,"A":"45-60","c":4,"C":"45-60","e":3,"E":"30-45","g":4,"G":"45-60","i":4,"I":"45-60","k":2,"K":"20-30","m":3,"M":"30-45","o":5,"O":"60-90","b":4,"B":"45-60","d":4,"D":"45-60","f":3,"F":"30-45","h":4,"H":"45-60","j":4,"J":"45-60","l":2,"L":"20-30","n":3,"N":"30-45","p":5,"P":"60-90"}},{"type":"Feature","geometry":{"type":"Polygon","coordinates":[[[127.0827,37.5173],[127.08946,37.5173],[127.08946,37.52405],[127.0827,37.52405],[127.0827,37.5173]]]},"properties":{"row":7,"col":30,"walk_min":24.3,"nearest_station_id":"kr_157","nearest_station_name":"Jamsilsaenae","a":4,"A":"45-60","c":5,"C":"60-90","e":3,"E":"30-45","g":4,"G":"45-60","i":4,"I":"45-60","k":2,"K":"20-30","m":3,"M":"30-45","o":5,"O":"60-90","b":4,"B":"45-60","d":5,"D":"60-90","f":3,"F":"30-45","h":4,"H":"45-60","j":4,"J":"45-60","l":2,"L":"20-30","n":3,"N":"30-45","p":5,"P":"60-90"}},{"type":"Feature","geometry":{"type":"Polygon","coordinates":[[[126.94081,37.59838],[126.94757,37.59838],[126.94757,37.60514],[126.94081,37.60514],[126.94081,37.59838]]]},"properties":{"row":19,"col":9,"walk_min":33.5,"nearest_station_id":"kr_080","nearest_station_name":"녹번","a":4,"A":"45-60","c":4,"C":"45-60","e":5,"E":"60-90","g":4,"G":"45-60","i":5,"I":"60-90","k":5,"K":"60-90","m":5,"M":"60-90","o":5,"O":"60-90","b":4,"B":"45-60","d":4,"D":"45-60","f":5,"F":"60-90","h":4,"H":"45-60","j":5,"J":"60-90","l":5,"L":"60-90","n":5,"N":"60-90","p":5,"P":"60-90"}},{"type":"Feature","geometry":{"type":"Polygon","coordinates":[[[126.95432,37.46324],[126.96108,37.46324],[126.96108,37.47],[126.95432,37.47],[126.95432,37.46324]]]},"properties":{"row":-1,"col":11,"walk_min":25.4,"nearest_station_id":"kr_319","nearest_station_name":"Nakseongdae","a":4,"A":"45-60","c":4,"C":"45-60","e":3,"E":"30-45","g":5,"G":"60-90","i":2,"I":"20-30","k":4,"K":"45-60","m":5,"M":"60-90","o":4,"O":"45-60","b":4,"B":"45-60","d":4,"D":"45-60","f":3,"F":"30-45","h":5,"H":"60-90","j":2,"J":"20-30","l":4,"L":"45-60","n":5,"N":"60-90","p":4,"P":"45-60"}},{"type":"Feature","geometry":{"type":"Polygon","coordinates":[[[126.94081,37.60514],[126.94757,37.60514],[126.94757,37.61189],[126.94081,37.61189],[126.94081,37.60514]]]},"properties":{"row":20,"col":9,"walk_min":28.7,"nearest_station_id":"kr_080","nearest_station_name":"녹번","a":4,"A":"45-60","c":4,"C":"45-60","e":5,"E":"60-90","g":4,"G":"45-60","i":5,"I":"60-90","k":5,"K":"60-90","m":5,"M":"60-90","o":5,"O":"60-90","b":4,"B":"45-60","d":4,"D":"45-60","f":5,"F":"60-90","h":4,"H":"45-60","j":5,"J":"60-90","l":5,"L":"60-90","n":5,"N":"60-90","p":5,"P":"60-90"}},{"type":"Feature","geometry":{"type":"Polygon","coordinates":[[[126.9273,37.46324],[126.93405,37.46324],[126.93405,37.47],[126.9273,37.47],[126.9273,37.46324]]]},"properties":{"row":-1,"col":7,"walk_min":29.3,"nearest_station_id":"kr_375","nearest_station_name":"Sillim","a":4,"A":"45-60","c":5,"C":"60-90","e":4,"E":"45-60","g":5,"G":"60-90","i":3,"I":"30-45","k":5,"K":"60-90","m":5,"M":"60-90","o":4,"O":"45-60","b":4,"B":"45-60","d":5,"D":"60-90","f":4,"F":"45-60","h":5,"H":"60-90","j":3,"J":"30-45","l":5,"L":"60-90","n":5,"N":"60-90","p":4,"P":"45-60"}},{"type":"Feature","geometry":{"type":"Polygon","coordinates":[[[126.93405,37.46324],[126.94081,37.46324],[126.94081,37.47],[126.93405,37.47],[126.93405,37.46324]]]},"properties":{"row":-1,"col":8,"walk_min":25.7,"nearest_station_id":"kr_377","nearest_station_name":"Bongcheon","a":4,"A":"45-60","c":4,"C":"45-60","e":3,"E":"30-45","g":5,"G":"60-90","i":3,"I":"30-45","k":4,"K":"45-60","m":5,"M":"60-90","o":4,"O":"45-60","b":4,"B":"45-60","d":4,"D":"45-60","f":3,"F":"30-45","h":5,"H":"60-90","j":3,"J":"30-45","l":4,"L":"45-60","n":5,"N":"60-90","p":4,"P":"45-60"}},{"type":"Feature","geometry":{"type":"Polygon","coordinates":[[[126.89351,37.60514],[126.90027,37.60514],[126.90027,37.61189],[126.89351,37.61189],[126.89351,37.60514]]]},"properties":{"row":20,"col":2,"walk_min":37.1,"nearest_station_id":"kr_390","nearest_station_name":"구산","a":5,"A":"60-90","c":5,"C":"60-90","e":5,"E":"60-90","g":5,"G":"60-90","i":5,"I":"60-90","k":6,"K":"90-120","m":5,"M":"60-90","o":5,"O":"60-90","b":5,"B":"60-90","d":5,"D":"60-90","f":5,"F":"60-90","h":5,"H":"60-90","j":5,"J":"60-90","l":6,"L":"90-120","n":5,"N":"60-90","p":5,"P":"60-90"}},{"type":"Feature","geometry":{"type":"Polygon","coordinates":[[[126.98135,37.59162],[126.98811,37.59162],[126.98811,37.59838],[126.98135,37.59838],[126.98135,37.59162]]]},"properties":{"row":18,"col":15,"walk_min":27.2,"nearest_station_id":"kr_022","nearest_station_name":"Anguk","a":3,"A":"30-45","c":3,"C":"30-45","e":4,"E":"45-60","g":3,"G":"30-45","i":4,"I":"45-60","k":4,"K":"45-60","m":4,"M":"45-60","o":4,"O":"45-60","b":3,"B":"30-45","d":3,"D":"30-45","f":4,"F":"45-60","h":3,"H":"30-45","j":4,"J":"45-60","l":4,"L":"45-60","n":4,"N":"45-60","p":4,"P":"45-60"}},{"type":"Feature","geometry":{"type":"Polygon","coordinates":[[[126.88676,37.56459],[126.89351,37.56459],[126.89351,37.57135],[126.88676,37.57135],[126.88676,37.56459]]]},"properties":{"row":14,"col":1,"walk_min":31.4,"nearest_station_id":"kr_293","nearest_station_name":"월드컵경기장","a":4,"A":"45-60","c":4,"C":"45-60","e":5,"E":"60-90","g":5,"G":"60-90","i":5,"I":"60-90","k":5,"K":"60-90","m":5,"M":"60-90","o":5,"O":"60-90","b":4,"B":"45-60","d":4,"D":"45-60","f":5,"F":"60-90","h":5,"H":"60-90","j":5,"J":"60-90","l":5,"L":"60-90","n":5,"N":"60-90","p":5,"P":"60-90"}},{"type":"Feature","geometry":{"type":"Polygon","coordinates":[[[126.87324,37.52405],[126.88,37.52405],[126.88,37.53081],[126.87324,37.53081],[126.87324,37.52405]]]},"properties":{"row":8,"col":-1,"walk_min":25.6,"nearest_station_id":"kr_366","nearest_station_name":"Omokgyo","a":4,"A":"45-60","c":4,"C":"45-60","e":4,"E":"45-60","g":5,"G":"60-90","i":4,"I":"45-60","k":5,"K":"60-90","m":5,"M":"60-90","o":4,"O":"45-60","b":4,"B":"45-60","d":4,"D":"45-60","f":4,"F":"45-60","h":5,"H":"60-90","j":4,"J":"45-60","l":5,"L":"60-90","n":5,"N":"60-90","p":4,"P":"45-60"}},{"type":"Feature","geometry":{"type":"Polygon","coordinates":[[[126.94757,37.5173],[126.95432,37.5173],[126.95432,37.52405],[126.94757,37.52405],[126.94757,37.5173]]]},"properties":{"row":7,"col":10,"walk_min":26.9,"nearest_station_id":"kr_399","nearest_station_name":"Nodeul","a":3,"A":"30-45","c":3,"C":"30-45","e":3,"E":"30-45","g":4,"G":"45-60","i":3,"I":"30-45","k":4,"K":"45-60","m":5,"M":"60-90","o":3,"O":"30-45","b":3,"B":"30-45","d":3,"D":"30-45","f":3,"F":"30-45","h":4,"H":"45-60","j":3,"J":"30-45","l":4,"L":"45-60","n":5,"N":"60-90","p":3,"P":"30-45"}},{"type":"Feature","geometry":{"type":"Polygon","coordinates":[[[126.97459,37.59162],[126.98135,37.59162],[126.98135,37.59838],[126.97459,37.59838],[126.97459,37.59162]]]},"properties":{"row":18,"col":14,"walk_min":31.3,"nearest_station_id":"kr_022","nearest_station_name":"Anguk","a":3,"A":"30-45","c":3,"C":"30-45","e":4,"E":"45-60","g":3,"G":"30-45","i":5,"I":"60-90","k":5,"K":"60-90","m":4,"M":"45-60","o":4,"O":"45-60","b":3,"B":"30-45","d":3,"D":"30-45","f":4,"F":"45-60","h":3,"H":"30-45","j":5,"J":"60-90","l":5,"L":"60-90","n":4,"N":"45-60","p":4,"P":"45-60"}},{"type":"Feature","geometry":{"type":"Polygon","coordinates":[[[126.88,37.58486],[126.88676,37.58486],[126.88676,37.59162],[126.88,37.59162],[126.88,37.58486]]]},"properties":{"row":17,"col":0,"walk_min":37.2,"nearest_station_id":"kr_327","nearest_station_name":"디지털미디어시티","a":5,"A":"60-90","c":5,"C":"60-90","e":5,"E":"60-90","g":5,"G":"60-90","i":5,"I":"60-90","k":6,"K":"90-120","m":5,"M":"60-90","o":5,"O":"60-90","b":5,"B":"60-90","d":5,"D":"60-90","f":5,"F":"60-90","h":5,"H":"60-90","j":5,"J":"60-90","l":6,"L":"90-120","n":5,"N":"60-90","p":5,"P":"60-90"}},{"type":"Feature","geometry":{"type":"Polygon","coordinates":[[[127.06243,37.47],[127.06919,37.47],[127.06919,37.47676],[127.06243,37.47676],[127.06243,37.47]]]},"properties":{"row":0,"col":27,"walk_min":35.0,"nearest_station_id":"kr_298","nearest_station_name":"Irwon","a":5,"A":"60-90","c":5,"C":"60-90","e":4,"E":"45-60","g":5,"G":"60-90","i":4,"I":"45-60","k":4,"K":"45-60","m":5,"M":"60-90","o":5,"O":"60-90","b":5,"B":"60-90","d":5,"D":"60-90","f":4,"F":"45-60","h":5,"H":"60-90","j":4,"J":"45-60","l":4,"L":"45-60","n":5,"N":"60-90","p":5,"P":"60-90"}},{"type":"Feature","geometry":{"type":"Polygon","coordinates":[[[127.05568,37.47],[127.06243,37.47],[127.06243,37.47676],[127.05568,37.47676],[127.05568,37.47]]]},"properties":{"row":0,"col":26,"walk_min":33.1,"nearest_station_id":"kr_250","nearest_station_name":"Maebong","a":5,"A":"60-90","c":5,"C":"60-90","e":3,"E":"30-45","g":5,"G":"60-90","i":4,"I":"45-60","k":4,"K":"45-60","m":5,"M":"60-90","o":5,"O":"60-90","b":5,"B":"60-90","d":5,"D":"60-90","f":3,"F":"30-45","h":5,"H":"60-90","j":4,"J":"45-60","l":4,"L":"45-60","n":5,"N":"60-90","p":5,"P":"60-90"}},{"type":"Feature","geometry":{"type":"Polygon","coordinates":[[[127.07595,37.57811],[127.0827,37.57811],[127.0827,37.58486],[127.07595,37.58486],[127.07595,37.57811]]]},"properties":{"row":16,"col":29,"walk_min":30.4,"nearest_station_id":"kr_120","nearest_station_name":"사가정","a":5,"A":"60-90","c":5,"C":"60-90","e":5,"E":"60-90","g":4,"G":"45-60","i":5,"I":"60-90","k":5,"K":"60-90","m":4,"M":"45-60","o":5,"O":"60-90","b":5,"B":"60-90","d":5,"D":"60-90","f":5,"F":"60-90","h":4,"H":"45-60","j":5,"J":"60-90","l":5,"L":"60-90","n":4,"N":"45-60","p":5,"P":"60-90"}},{"type":"Feature","geometry":{"type":"Polygon","coordinates":[[[126.96784,37.59162],[126.97459,37.59162],[126.97459,37.59838],[126.96784,37.59838],[126.96784,37.59162]]]},"properties":{"row":18,"col":13,"walk_min":34.6,"nearest_station_id":"kr_058","nearest_station_name":"경복궁","a":4,"A":"45-60","c":3,"C":"30-45","e":5,"E":"60-90","g":4,"G":"45-60","i":5,"I":"60-90","k":5,"K":"60-90","m":4,"M":"45-60","o":4,"O":"45-60","b":4,"B":"45-60","d":3,"D":"30-45","f":5,"F":"60-90","h":4,"H":"45-60","j":5,"J":"60-90","l":5,"L":"60-90","n":4,"N":"45-60","p":4,"P":"45-60"}},{"type":"Feature","geometry":{"type":"Polygon","coordinates":[[[126.88676,37.59162],[126.89351,37.59162],[126.89351,37.59838],[126.88676,37.59838],[126.88676,37.59162]]]},"properties":{"row":18,"col":1,"walk_min":31.7,"nearest_station_id":"kr_340","nearest_station_name":"Saejeol","a":5,"A":"60-90","c":5,"C":"60-90","e":5,"E":"60-90","g":5,"G":"60-90","i":5,"I":"60-90","k":5,"K":"60-90","m":5,"M":"60-90","o":5,"O":"60-90","b":5,"B":"60-90","d":5,"D":"60-90","f":5,"F":"60-90","h":5,"H":"60-90","j":5,"J":"60-90","l":5,"L":"60-90","n":5,"N":"60-90","p":5,"P":"60-90"}},{"type":"Feature","geometry":{"type":"Polygon","coordinates":[[[127.08946,37.5173],[127.09622,37.5173],[127.09622,37.52405],[127.08946,37.52405],[127.08946,37.5173]]]},"properties":{"row":7,"col":31,"walk_min":30.2,"nearest_station_id":"kr_191","nearest_station_name":"Jamsillaru","a":5,"A":"60-90","c":5,"C":"60-90","e":3,"E":"30-45","g":4,"G":"45-60","i":4,"I":"45-60","k":3,"K":"30-45","m":3,"M":"30-45","o":5,"O":"60-90","b":5,"B":"60-90","d":5,"D":"60-90","f":3,"F":"30-45","h":4,"H":"45-60","j":4,"J":"45-60","l":3,"L":"30-45","n":3,"N":"30-45","p":5,"P":"60-90"}},{"type":"Feature","geometry":{"type":"Polygon","coordinates":[[[127.06243,37.61189],[127.06919,37.61189],[127.06919,37.61865],[127.06243,37.61865],[127.06243,37.61189]]]},"properties":{"row":21,"col":27,"walk_min":27.6,"nearest_station_id":"kr_039","nearest_station_name":"Seokgye","a":4,"A":"45-60","c":4,"C":"45-60","e":5,"E":"60-90","g":4,"G":"45-60","i":5,"I":"60-90","k":5,"K":"60-90","m":5,"M":"60-90","o":5,"O":"60-90","b":4,"B":"45-60","d":4,"D":"45-60","f":5,"F":"60-90","h":4,"H":"45-60","j":5,"J":"60-90","l":5,"L":"60-90","n":5,"N":"60-90","p":5,"P":"60-90"}},{"type":"Feature","geometry":{"type":"Polygon","coordinates":[[[126.96108,37.59162],[126.96784,37.59162],[126.96784,37.59838],[126.96108,37.59838],[126.96108,37.59162]]]},"properties":{"row":18,"col":12,"walk_min":34.5,"nearest_station_id":"kr_067","nearest_station_name":"무악재","a":4,"A":"45-60","c":4,"C":"45-60","e":5,"E":"60-90","g":4,"G":"45-60","i":5,"I":"60-90","k":5,"K":"60-90","m":5,"M":"60-90","o":5,"O":"60-90","b":4,"B":"45-60","d":4,"D":"45-60","f":5,"F":"60-90","h":4,"H":"45-60","j":5,"J":"60-90","l":5,"L":"60-90","n":5,"N":"60-90","p":5,"P":"60-90"}},{"type":"Feature","geometry":{"type":"Polygon","coordinates":[[[127.06919,37.47],[127.07595,37.47],[127.07595,37.47676],[127.06919,37.47676],[127.06919,37.47]]]},"properties":{"row":0,"col":28,"walk_min":35.4,"nearest_station_id":"kr_298","nearest_station_name":"Irwon","a":5,"A":"60-90","c":5,"C":"60-90","e":4,"E":"45-60","g":5,"G":"60-90","i":5,"I":"60-90","k":4,"K":"45-60","m":5,"M":"60-90","o":5,"O":"60-90","b":5,"B":"60-90","d":5,"D":"60-90","f":4,"F":"45-60","h":5,"H":"60-90","j":5,"J":"60-90","l":4,"L":"45-60","n":5,"N":"60-90","p":5,"P":"60-90"}},{"type":"Feature","geometry":{"type":"Polygon","coordinates":[[[127.09622,37.49703],[127.10297,37.49703],[127.10297,37.50378],[127.09622,37.50378],[127.09622,37.49703]]]},"properties":{"row":4,"col":32,"walk_min":29.6,"nearest_station_id":"kr_408","nearest_station_name":"석촌고분","a":5,"A":"60-90","c":5,"C":"60-90","e":3,"E":"30-45","g":4,"G":"45-60","i":4,"I":"45-60","k":3,"K":"30-45","m":4,"M":"45-60","o":5,"O":"60-90","b":5,"B":"60-90","d":5,"D":"60-90","f":3,"F":"30-45","h":4,"H":"45-60","j":4,"J":"45-60","l":3,"L":"30-45","n":4,"N":"45-60","p":5,"P":"60-90"}},{"type":"Feature","geometry":{"type":"Polygon","coordinates":[[[126.98135,37.59838],[126.98811,37.59838],[126.98811,37.60514],[126.98135,37.60514],[126.98135,37.59838]]]},"properties":{"row":19,"col":15,"walk_min":43.6,"nearest_station_id":"kr_061","nearest_station_name":"Hansung Univ. (Samseongyo)","a":4,"A":"45-60","c":4,"C":"45-60","e":5,"E":"60-90","g":4,"G":"45-60","i":5,"I":"60-90","k":5,"K":"60-90","m":5,"M":"60-90","o":5,"O":"60-90","b":4,"B":"45-60","d":4,"D":"45-60","f":5,"F":"60-90","h":4,"H":"45-60","j":5,"J":"60-90","l":5,"L":"60-90","n":5,"N":"60-90","p":5,"P":"60-90"}},{"type":"Feature","geometry":{"type":"Polygon","coordinates":[[[126.99486,37.60514],[127.00162,37.60514],[127.00162,37.61189],[126.99486,37.61189],[126.99486,37.60514]]]},"properties":{"row":20,"col":17,"walk_min":35.7,"nearest_station_id":"kr_061","nearest_station_name":"Hansung Univ. (Samseongyo)","a":4,"A":"45-60","c":4,"C":"45-60","e":5,"E":"60-90","g":4,"G":"45-60","i":5,"I":"60-90","k":5,"K":"60-90","m":4,"M":"45-60","o":5,"O":"60-90","b":4,"B":"45-60","d":4,"D":"45-60","f":5,"F":"60-90","h":4,"H":"45-60","j":5,"J":"60-90","l":5,"L":"60-90","n":4,"N":"45-60","p":5,"P":"60-90"}},{"type":"Feature","geometry":{"type":"Polygon","coordinates":[[[127.00162,37.5173],[127.00838,37.5173],[127.00838,37.52405],[127.00162,37.52405],[127.00162,37.5173]]]},"properties":{"row":7,"col":18,"walk_min":30.8,"nearest_station_id":"kr_216","nearest_station_name":"Jamwon","a":4,"A":"45-60","c":4,"C":"45-60","e":3,"E":"30-45","g":4,"G":"45-60","i":3,"I":"30-45","k":4,"K":"45-60","m":5,"M":"60-90","o":4,"O":"45-60","b":4,"B":"45-60","d":4,"D":"45-60","f":3,"F":"30-45","h":4,"H":"45-60","j":3,"J":"30-45","l":4,"L":"45-60","n":5,"N":"60-90","p":4,"P":"45-60"}},{"type":"Feature","geometry":{"type":"Polygon","coordinates":[[[126.90027,37.61189],[126.90703,37.61189],[126.90703,37.61865],[126.90027,37.61865],[126.90027,37.61189]]]},"properties":{"row":21,"col":3,"walk_min":35.3,"nearest_station_id":"kr_390","nearest_station_name":"구산","a":5,"A":"60-90","c":5,"C":"60-90","e":5,"E":"60-90","g":5,"G":"60-90","i":5,"I":"60-90","k":5,"K":"60-90","m":5,"M":"60-90","o":5,"O":"60-90","b":5,"B":"60-90","d":5,"D":"60-90","f":5,"F":"60-90","h":5,"H":"60-90","j":5,"J":"60-90","l":5,"L":"60-90","n":5,"N":"60-90","p":5,"P":"60-90"}},{"type":"Feature","geometry":{"type":"Polygon","coordinates":[[[126.91378,37.46324],[126.92054,37.46324],[126.92054,37.47],[126.91378,37.47],[126.91378,37.46324]]]},"properties":{"row":-1,"col":5,"walk_min":33.8,"nearest_station_id":"kr_375","nearest_station_name":"Sillim","a":5,"A":"60-90","c":5,"C":"60-90","e":4,"E":"45-60","g":5,"G":"60-90","i":4,"I":"45-60","k":5,"K":"60-90","m":5,"M":"60-90","o":4,"O":"45-60","b":5,"B":"60-90","d":5,"D":"60-90","f":4,"F":"45-60","h":5,"H":"60-90","j":4,"J":"45-60","l":5,"L":"60-90","n":5,"N":"60-90","p":4,"P":"45-60"}},{"type":"Feature","geometry":{"type":"Polygon","coordinates":[[[127.02865,37.46324],[127.03541,37.46324],[127.03541,37.47],[127.02865,37.47],[127.02865,37.46324]]]},"properties":{"row":-1,"col":22,"walk_min":31.5,"nearest_station_id":"kr_038","nearest_station_name":"Yangjae Citizen's Forest","a":5,"A":"60-90","c":5,"C":"60-90","e":3,"E":"30-45","g":5,"G":"60-90","i":4,"I":"45-60","k":4,"K":"45-60","m":5,"M":"60-90","o":5,"O":"60-90","b":5,"B":"60-90","d":5,"D":"60-90","f":3,"F":"30-45","h":5,"H":"60-90","j":4,"J":"45-60","l":4,"L":"45-60","n":5,"N":"60-90","p":5,"P":"60-90"}},{"type":"Feature","geometry":{"type":"Polygon","coordinates":[[[126.92054,37.46324],[126.9273,37.46324],[126.9273,37.47],[126.92054,37.47],[126.92054,37.46324]]]},"properties":{"row":-1,"col":6,"walk_min":40.5,"nearest_station_id":"kr_375","nearest_station_name":"Sillim","a":5,"A":"60-90","c":5,"C":"60-90","e":5,"E":"60-90","g":5,"G":"60-90","i":4,"I":"45-60","k":5,"K":"60-90","m":5,"M":"60-90","o":5,"O":"60-90","b":5,"B":"60-90","d":5,"D":"60-90","f":5,"F":"60-90","h":5,"H":"60-90","j":4,"J":"45-60","l":5,"L":"60-90","n":5,"N":"60-90","p":5,"P":"60-90"}},{"type":"Feature","geometry":{"type":"Polygon","coordinates":[[[126.95432,37.59162],[126.96108,37.59162],[126.96108,37.59838],[126.95432,37.59838],[126.95432,37.59162]]]},"properties":{"row":18,"col":11,"walk_min":36.5,"nearest_station_id":"kr_075","nearest_station_name":"홍제","a":4,"A":"45-60","c":4,"C":"45-60","e":5,"E":"60-90","g":4,"G":"45-60","i":5,"I":"60-90","k":5,"K":"60-90","m":5,"M":"60-90","o":5,"O":"60-90","b":4,"B":"45-60","d":4,"D":"45-60","f":5,"F":"60-90","h":4,"H":"45-60","j":5,"J":"60-90","l":5,"L":"60-90","n":5,"N":"60-90","p":5,"P":"60-90"}},{"type":"Feature","geometry":{"type":"Polygon","coordinates":[[[127.02189,37.46324],[127.02865,37.46324],[127.02865,37.47],[127.02189,37.47],[127.02189,37.46324]]]},"properties":{"row":-1,"col":21,"walk_min":33.1,"nearest_station_id":"kr_038","nearest_station_name":"Yangjae Citizen's Forest","a":5,"A":"60-90","c":5,"C":"60-90","e":3,"E":"30-45","g":5,"G":"60-90","i":4,"I":"45-60","k":4,"K":"45-60","m":5,"M":"60-90","o":5,"O":"60-90","b":5,"B":"60-90","d":5,"D":"60-90","f":3,"F":"30-45","h":5,"H":"60-90","j":4,"J":"45-60","l":4,"L":"45-60","n":5,"N":"60-90","p":5,"P":"60-90"}},{"type":"Feature","geometry":{"type":"Polygon","coordinates":[[[126.89351,37.61189],[126.90027,37.61189],[126.90027,37.61865],[126.89351,37.61865],[126.89351,37.61189]]]},"properties":{"row":21,"col":2,"walk_min":31.9,"nearest_station_id":"kr_390","nearest_station_name":"구산","a":5,"A":"60-90","c":4,"C":"45-60","e":5,"E":"60-90","g":5,"G":"60-90","i":5,"I":"60-90","k":5,"K":"60-90","m":5,"M":"60-90","o":5,"O":"60-90","b":5,"B":"60-90","d":4,"D":"45-60","f":5,"F":"60-90","h":5,"H":"60-90","j":5,"J":"60-90","l":5,"L":"60-90","n":5,"N":"60-90","p":5,"P":"60-90"}},{"type":"Feature","geometry":{"type":"Polygon","coordinates":[[[126.88676,37.55784],[126.89351,37.55784],[126.89351,37.56459],[126.88676,37.56459],[126.88676,37.55784]]]},"properties":{"row":13,"col":1,"walk_min":38.9,"nearest_station_id":"kr_259","nearest_station_name":"마포구청","a":5,"A":"60-90","c":5,"C":"60-90","e":5,"E":"60-90","g":5,"G":"60-90","i":5,"I":"60-90","k":5,"K":"60-90","m":5,"M":"60-90","o":5,"O":"60-90","b":5,"B":"60-90","d":5,"D":"60-90","f":5,"F":"60-90","h":5,"H":"60-90","j":5,"J":"60-90","l":5,"L":"60-90","n":5,"N":"60-90","p":5,"P":"60-90"}},{"type":"Feature","geometry":{"type":"Polygon","coordinates":[[[127.0827,37.57811],[127.08946,37.57811],[127.08946,37.58486],[127.0827,37.58486],[127.0827,37.57811]]]},"properties":{"row":16,"col":30,"walk_min":38.9,"nearest_station_id":"kr_120","nearest_station_name":"사가정","a":5,"A":"60-90","c":5,"C":"60-90","e":5,"E":"60-90","g":4,"G":"45-60","i":5,"I":"60-90","k":5,"K":"60-90","m":5,"M":"60-90","o":5,"O":"60-90","b":5,"B":"60-90","d":5,"D":"60-90","f":5,"F":"60-90","h":4,"H":"45-60","j":5,"J":"60-90","l":5,"L":"60-90","n":5,"N":"60-90","p":5,"P":"60-90"}},{"type":"Feature","geometry":{"type":"Polygon","coordinates":[[[126.88676,37.59838],[126.89351,37.59838],[126.89351,37.60514],[126.88676,37.60514],[126.88676,37.59838]]]},"properties":{"row":19,"col":1,"walk_min":36.8,"nearest_station_id":"kr_318","nearest_station_name":"응암","a":5,"A":"60-90","c":5,"C":"60-90","e":5,"E":"60-90","g":5,"G":"60-90","i":5,"I":"60-90","k":6,"K":"90-120","m":5,"M":"60-90","o":5,"O":"60-90","b":5,"B":"60-90","d":5,"D":"60-90","f":5,"F":"60-90","h":5,"H":"60-90","j":5,"J":"60-90","l":6,"L":"90-120","n":5,"N":"60-90","p":5,"P":"60-90"}},{"type":"Feature","geometry":{"type":"Polygon","coordinates":[[[127.00162,37.60514],[127.00838,37.60514],[127.00838,37.61189],[127.00162,37.61189],[127.00162,37.60514]]]},"properties":{"row":20,"col":18,"walk_min":36.3,"nearest_station_id":"kr_082","nearest_station_name":"Gireum","a":4,"A":"45-60","c":4,"C":"45-60","e":5,"E":"60-90","g":4,"G":"45-60","i":5,"I":"60-90","k":5,"K":"60-90","m":5,"M":"60-90","o":5,"O":"60-90","b":4,"B":"45-60","d":4,"D":"45-60","f":5,"F":"60-90","h":4,"H":"45-60","j":5,"J":"60-90","l":5,"L":"60-90","n":5,"N":"60-90","p":5,"P":"60-90"}},{"type":"Feature","geometry":{"type":"Polygon","coordinates":[[[126.9273,37.45649],[126.93405,37.45649],[126.93405,37.46324],[126.9273,37.46324],[126.9273,37.45649]]]},"properties":{"row":-2,"col":7,"walk_min":38.3,"nearest_station_id":"kr_377","nearest_station_name":"Bongcheon","a":5,"A":"60-90","c":5,"C":"60-90","e":4,"E":"45-60","g":5,"G":"60-90","i":4,"I":"45-60","k":5,"K":"60-90","m":5,"M":"60-90","o":5,"O":"60-90","b":5,"B":"60-90","d":5,"D":"60-90","f":4,"F":"45-60","h":5,"H":"60-90","j":4,"J":"45-60","l":5,"L":"60-90","n":5,"N":"60-90","p":5,"P":"60-90"}},{"type":"Feature","geometry":{"type":"Polygon","coordinates":[[[126.90027,37.46324],[126.90703,37.46324],[126.90703,37.47],[126.90027,37.47],[126.90027,37.46324]]]},"properties":{"row":-1,"col":3,"walk_min":35.6,"nearest_station_id":"kr_443","nearest_station_name":"Doksan","a":5,"A":"60-90","c":5,"C":"60-90","e":5,"E":"60-90","g":5,"G":"60-90","i":5,"I":"60-90","k":5,"K":"60-90","m":5,"M":"60-90","o":5,"O":"60-90","b":5,"B":"60-90","d":5,"D":"60-90","f":5,"F":"60-90","h":5,"H":"60-90","j":5,"J":"60-90","l":5,"L":"60-90","n":5,"N":"60-90","p":5,"P":"60-90"}},{"type":"Feature","geometry":{"type":"Polygon","coordinates":[[[126.94757,37.59162],[126.95432,37.59162],[126.95432,37.59838],[126.94757,37.59838],[126.94757,37.59162]]]},"properties":{"row":18,"col":10,"walk_min":40.0,"nearest_station_id":"kr_075","nearest_station_name":"홍제","a":4,"A":"45-60","c":4,"C":"45-60","e":5,"E":"60-90","g":5,"G":"60-90","i":5,"I":"60-90","k":5,"K":"60-90","m":5,"M":"60-90","o":5,"O":"60-90","b":4,"B":"45-60","d":4,"D":"45-60","f":5,"F":"60-90","h":5,"H":"60-90","j":5,"J":"60-90","l":5,"L":"60-90","n":5,"N":"60-90","p":5,"P":"60-90"}},{"type":"Feature","geometry":{"type":"Polygon","coordinates":[[[126.96784,37.49703],[126.97459,37.49703],[126.97459,37.50378],[126.96784,37.50378],[126.96784,37.49703]]]},"properties":{"row":4,"col":13,"walk_min":36.9,"nearest_station_id":"kr_003","nearest_station_name":"Dongjak","a":4,"A":"45-60","c":4,"C":"45-60","e":4,"E":"45-60","g":5,"G":"60-90","i":3,"I":"30-45","k":5,"K":"60-90","m":5,"M":"60-90","o":4,"O":"45-60","b":4,"B":"45-60","d":4,"D":"45-60","f":4,"F":"45-60","h":5,"H":"60-90","j":3,"J":"30-45","l":5,"L":"60-90","n":5,"N":"60-90","p":4,"P":"45-60"}},{"type":"Feature","geometry":{"type":"Polygon","coordinates":[[[126.94757,37.59838],[126.95432,37.59838],[126.95432,37.60514],[126.94757,37.60514],[126.94757,37.59838]]]},"properties":{"row":19,"col":10,"walk_min":44.8,"nearest_station_id":"kr_080","nearest_station_name":"녹번","a":5,"A":"60-90","c":5,"C":"60-90","e":5,"E":"60-90","g":5,"G":"60-90","i":5,"I":"60-90","k":6,"K":"90-120","m":5,"M":"60-90","o":5,"O":"60-90","b":5,"B":"60-90","d":5,"D":"60-90","f":5,"F":"60-90","h":5,"H":"60-90","j":5,"J":"60-90","l":6,"L":"90-120","n":5,"N":"60-90","p":5,"P":"60-90"}},{"type":"Feature","geometry":{"type":"Polygon","coordinates":[[[126.90703,37.46324],[126.91378,37.46324],[126.91378,37.47],[126.90703,37.47],[126.90703,37.46324]]]},"properties":{"row":-1,"col":4,"walk_min":35.5,"nearest_station_id":"kr_443","nearest_station_name":"Doksan","a":5,"A":"60-90","c":5,"C":"60-90","e":5,"E":"60-90","g":5,"G":"60-90","i":5,"I":"60-90","k":5,"K":"60-90","m":5,"M":"60-90","o":5,"O":"60-90","b":5,"B":"60-90","d":5,"D":"60-90","f":5,"F":"60-90","h":5,"H":"60-90","j":5,"J":"60-90","l":5,"L":"60-90","n":5,"N":"60-90","p":5,"P":"60-90"}},{"type":"Feature","geometry":{"type":"Polygon","coordinates":[[[126.88,37.59162],[126.88676,37.59162],[126.88676,37.59838],[126.88,37.59838],[126.88,37.59162]]]},"properties":{"row":18,"col":0,"walk_min":43.4,"nearest_station_id":"kr_327","nearest_station_name":"디지털미디어시티","a":5,"A":"60-90","c":5,"C":"60-90","e":5,"E":"60-90","g":5,"G":"60-90","i":5,"I":"60-90","k":6,"K":"90-120","m":6,"M":"90-120","o":5,"O":"60-90","b":5,"B":"60-90","d":5,"D":"60-90","f":5,"F":"60-90","h":5,"H":"60-90","j":5,"J":"60-90","l":6,"L":"90-120","n":6,"N":"90-120","p":5,"P":"60-90"}},{"type":"Feature","geometry":{"type":"Polygon","coordinates":[[[126.94757,37.60514],[126.95432,37.60514],[126.95432,37.61189],[126.94757,37.61189],[126.94757,37.60514]]]},"properties":{"row":20,"col":10,"walk_min":42.8,"nearest_station_id":"kr_080","nearest_station_name":"녹번","a":5,"A":"60-90","c":5,"C":"60-90","e":5,"E":"60-90","g":5,"G":"60-90","i":5,"I":"60-90","k":5,"K":"60-90","m":5,"M":"60-90","o":5,"O":"60-90","b":5,"B":"60-90","d":5,"D":"60-90","f":5,"F":"60-90","h":5,"H":"60-90","j":5,"J":"60-90","l":5,"L":"60-90","n":5,"N":"60-90","p":5,"P":"60-90"}},{"type":"Feature","geometry":{"type":"Polygon","coordinates":[[[126.88,37.56459],[126.88676,37.56459],[126.88676,37.57135],[126.88,37.57135],[126.88,37.56459]]]},"properties":{"row":14,"col":0,"walk_min":45.4,"nearest_station_id":"kr_293","nearest_station_name":"월드컵경기장","a":5,"A":"60-90","c":5,"C":"60-90","e":5,"E":"60-90","g":5,"G":"60-90","i":5,"I":"60-90","k":6,"K":"90-120","m":6,"M":"90-120","o":5,"O":"60-90","b":5,"B":"60-90","d":5,"D":"60-90","f":5,"F":"60-90","h":5,"H":"60-90","j":5,"J":"60-90","l":6,"L":"90-120","n":6,"N":"90-120","p":5,"P":"60-90"}},{"type":"Feature","geometry":{"type":"Polygon","coordinates":[[[126.98811,37.60514],[126.99486,37.60514],[126.99486,37.61189],[126.98811,37.61189],[126.98811,37.60514]]]},"properties":{"row":20,"col":16,"walk_min":45.6,"nearest_station_id":"kr_061","nearest_station_name":"Hansung Univ. (Samseongyo)","a":5,"A":"60-90","c":4,"C":"45-60","e":5,"E":"60-90","g":4,"G":"45-60","i":5,"I":"60-90","k":5,"K":"60-90","m":5,"M":"60-90","o":5,"O":"60-90","b":5,"B":"60-90","d":4,"D":"45-60","f":5,"F":"60-90","h":4,"H":"45-60","j":5,"J":"60-90","l":5,"L":"60-90","n":5,"N":"60-90","p":5,"P":"60-90"}},{"type":"Feature","geometry":{"type":"Polygon","coordinates":[[[126.98135,37.60514],[126.98811,37.60514],[126.98811,37.61189],[126.98135,37.61189],[126.98135,37.60514]]]},"properties":{"row":20,"col":15,"walk_min":48.9,"nearest_station_id":"kr_061","nearest_station_name":"Hansung Univ. (Samseongyo)","a":5,"A":"60-90","c":5,"C":"60-90","e":5,"E":"60-90","g":5,"G":"60-90","i":5,"I":"60-90","k":5,"K":"60-90","m":5,"M":"60-90","o":5,"O":"60-90","b":5,"B":"60-90","d":5,"D":"60-90","f":5,"F":"60-90","h":5,"H":"60-90","j":5,"J":"60-90","l":5,"L":"60-90","n":5,"N":"60-90","p":5,"P":"60-90"}},{"type":"Feature","geometry":{"type":"Polygon","coordinates":[[[126.97459,37.59838],[126.98135,37.59838],[126.98135,37.60514],[126.97459,37.60514],[126.97459,37.59838]]]},"properties":{"row":19,"col":14,"walk_min":47.7,"nearest_station_id":"kr_022","nearest_station_name":"Anguk","a":4,"A":"45-60","c":4,"C":"45-60","e":5,"E":"60-90","g":5,"G":"60-90","i":5,"I":"60-90","k":5,"K":"60-90","m":5,"M":"60-90","o":5,"O":"60-90","b":4,"B":"45-60","d":4,"D":"45-60","f":5,"F":"60-90","h":5,"H":"60-90","j":5,"J":"60-90","l":5,"L":"60-90","n":5,"N":"60-90","p":5,"P":"60-90"}},{"type":"Feature","geometry":{"type":"Polygon","coordinates":[[[126.91378,37.45649],[126.92054,37.45649],[126.92054,37.46324],[126.91378,37.46324],[126.91378,37.45649]]]},"properties":{"row":-2,"col":5,"walk_min":40.8,"nearest_station_id":"kr_239","nearest_station_name":"Seongnam","a":5,"A":"60-90","c":5,"C":"60-90","e":5,"E":"60-90","g":5,"G":"60-90","i":5,"I":"60-90","k":5,"K":"60-90","m":6,"M":"90-120","o":5,"O":"60-90","b":5,"B":"60-90","d":5,"D":"60-90","f":5,"F":"60-90","h":5,"H":"60-90","j":5,"J":"60-90","l":5,"L":"60-90","n":6,"N":"90-120","p":5,"P":"60-90"}},{"type":"Feature","geometry":{"type":"Polygon","coordinates":[[[127.07595,37.47],[127.0827,37.47],[127.0827,37.47676],[127.07595,37.47676],[127.07595,37.47]]]},"properties":{"row":0,"col":29,"walk_min":43.5,"nearest_station_id":"kr_298","nearest_station_name":"Irwon","a":5,"A":"60-90","c":5,"C":"60-90","e":4,"E":"45-60","g":5,"G":"60-90","i":5,"I":"60-90","k":5,"K":"60-90","m":5,"M":"60-90","o":6,"O":"90-120","b":5,"B":"60-90","d":5,"D":"60-90","f":4,"F":"45-60","h":5,"H":"60-90","j":5,"J":"60-90","l":5,"L":"60-90","n":5,"N":"60-90","p":6,"P":"90-120"}},{"type":"Feature","geometry":{"type":"Polygon","coordinates":[[[127.00162,37.61189],[127.00838,37.61189],[127.00838,37.61865],[127.00162,37.61865],[127.00162,37.61189]]]},"properties":{"row":21,"col":18,"walk_min":41.8,"nearest_station_id":"kr_082","nearest_station_name":"Gireum","a":5,"A":"60-90","c":4,"C":"45-60","e":5,"E":"60-90","g":5,"G":"60-90","i":5,"I":"60-90","k":5,"K":"60-90","m":5,"M":"60-90","o":5,"O":"60-90","b":5,"B":"60-90","d":4,"D":"45-60","f":5,"F":"60-90","h":5,"H":"60-90","j":5,"J":"60-90","l":5,"L":"60-90","n":5,"N":"60-90","p":5,"P":"60-90"}},{"type":"Feature","geometry":{"type":"Polygon","coordinates":[[[126.96784,37.59838],[126.97459,37.59838],[126.97459,37.60514],[126.96784,37.60514],[126.96784,37.59838]]]},"properties":{"row":19,"col":13,"walk_min":46.8,"nearest_station_id":"kr_075","nearest_station_name":"홍제","a":5,"A":"60-90","c":5,"C":"60-90","e":5,"E":"60-90","g":5,"G":"60-90","i":5,"I":"60-90","k":5,"K":"60-90","m":5,"M":"60-90","o":5,"O":"60-90","b":5,"B":"60-90","d":5,"D":"60-90","f":5,"F":"60-90","h":5,"H":"60-90","j":5,"J":"60-90","l":5,"L":"60-90","n":5,"N":"60-90","p":5,"P":"60-90"}},{"type":"Feature","geometry":{"type":"Polygon","coordinates":[[[126.90027,37.61865],[126.90703,37.61865],[126.90703,37.62541],[126.90027,37.62541],[126.90027,37.61865]]]},"properties":{"row":22,"col":3,"walk_min":41.3,"nearest_station_id":"kr_134","nearest_station_name":"Yeonsinnae","a":5,"A":"60-90","c":5,"C":"60-90","e":5,"E":"60-90","g":5,"G":"60-90","i":5,"I":"60-90","k":6,"K":"90-120","m":5,"M":"60-90","o":5,"O":"60-90","b":5,"B":"60-90","d":5,"D":"60-90","f":5,"F":"60-90","h":5,"H":"60-90","j":5,"J":"60-90","l":6,"L":"90-120","n":5,"N":"60-90","p":5,"P":"60-90"}},{"type":"Feature","geometry":{"type":"Polygon","coordinates":[[[126.95432,37.59838],[126.96108,37.59838],[126.96108,37.60514],[126.95432,37.60514],[126.95432,37.59838]]]},"properties":{"row":19,"col":11,"walk_min":51.8,"nearest_station_id":"kr_075","nearest_station_name":"홍제","a":5,"A":"60-90","c":5,"C":"60-90","e":5,"E":"60-90","g":5,"G":"60-90","i":6,"I":"90-120","k":6,"K":"90-120","m":5,"M":"60-90","o":5,"O":"60-90","b":5,"B":"60-90","d":5,"D":"60-90","f":5,"F":"60-90","h":5,"H":"60-90","j":6,"J":"90-120","l":6,"L":"90-120","n":5,"N":"60-90","p":5,"P":"60-90"}},{"type":"Feature","geometry":{"type":"Polygon","coordinates":[[[127.04892,37.46324],[127.05568,37.46324],[127.05568,37.47],[127.04892,37.47],[127.04892,37.46324]]]},"properties":{"row":-1,"col":25,"walk_min":42.9,"nearest_station_id":"kr_038","nearest_station_name":"Yangjae Citizen's Forest","a":5,"A":"60-90","c":5,"C":"60-90","e":4,"E":"45-60","g":5,"G":"60-90","i":4,"I":"45-60","k":5,"K":"60-90","m":5,"M":"60-90","o":5,"O":"60-90","b":5,"B":"60-90","d":5,"D":"60-90","f":4,"F":"45-60","h":5,"H":"60-90","j":4,"J":"45-60","l":5,"L":"60-90","n":5,"N":"60-90","p":5,"P":"60-90"}},{"type":"Feature","geometry":{"type":"Polygon","coordinates":[[[126.88676,37.60514],[126.89351,37.60514],[126.89351,37.61189],[126.88676,37.61189],[126.88676,37.60514]]]},"properties":{"row":20,"col":1,"walk_min":47.1,"nearest_station_id":"kr_390","nearest_station_name":"구산","a":5,"A":"60-90","c":5,"C":"60-90","e":6,"E":"90-120","g":5,"G":"60-90","i":6,"I":"90-120","k":6,"K":"90-120","m":5,"M":"60-90","o":5,"O":"60-90","b":5,"B":"60-90","d":5,"D":"60-90","f":6,"F":"90-120","h":5,"H":"60-90","j":6,"J":"90-120","l":6,"L":"90-120","n":5,"N":"60-90","p":5,"P":"60-90"}},{"type":"Feature","geometry":{"type":"Polygon","coordinates":[[[126.96108,37.59838],[126.96784,37.59838],[126.96784,37.60514],[126.96108,37.60514],[126.96108,37.59838]]]},"properties":{"row":19,"col":12,"walk_min":49.2,"nearest_station_id":"kr_075","nearest_station_name":"홍제","a":5,"A":"60-90","c":5,"C":"60-90","e":5,"E":"60-90","g":5,"G":"60-90","i":5,"I":"60-90","k":6,"K":"90-120","m":5,"M":"60-90","o":5,"O":"60-90","b":5,"B":"60-90","d":5,"D":"60-90","f":5,"F":"60-90","h":5,"H":"60-90","j":5,"J":"60-90","l":6,"L":"90-120","n":5,"N":"60-90","p":5,"P":"60-90"}},{"type":"Feature","geometry":{"type":"Polygon","coordinates":[[[126.92054,37.45649],[126.9273,37.45649],[126.9273,37.46324],[126.92054,37.46324],[126.92054,37.45649]]]},"properties":{"row":-2,"col":6,"walk_min":47.1,"nearest_station_id":"kr_239","nearest_station_name":"Seongnam","a":6,"A":"90-120","c":6,"C":"90-120","e":5,"E":"60-90","g":6,"G":"90-120","i":5,"I":"60-90","k":6,"K":"90-120","m":6,"M":"90-120","o":6,"O":"90-120","b":6,"B":"90-120","d":6,"D":"90-120","f":5,"F":"60-90","h":6,"H":"90-120","j":5,"J":"60-90","l":6,"L":"90-120","n":6,"N":"90-120","p":6,"P":"90-120"}},{"type":"Feature","geometry":{"type":"Polygon","coordinates":[[[126.88,37.59838],[126.88676,37.59838],[126.88676,37.60514],[126.88,37.60514],[126.88,37.59838]]]},"properties":{"row":19,"col":0,"walk_min":48.9,"nearest_station_id":"kr_318","nearest_station_name":"응암","a":5,"A":"60-90","c":5,"C":"60-90","e":6,"E":"90-120","g":5,"G":"60-90","i":6,"I":"90-120","k":6,"K":"90-120","m":6,"M":"90-120","o":5,"O":"60-90","b":5,"B":"60-90","d":5,"D":"60-90","f":6,"F":"90-120","h":5,"H":"60-90","j":6,"J":"90-120","l":6,"L":"90-120","n":6,"N":"90-120","p":5,"P":"60-90"}},{"type":"Feature","geometry":{"type":"Polygon","coordinates":[[[126.88,37.55784],[126.88676,37.55784],[126.88676,37.56459],[126.88,37.56459],[126.88,37.55784]]]},"properties":{"row":13,"col":0,"walk_min":48.1,"nearest_station_id":"kr_293","nearest_station_name":"월드컵경기장","a":5,"A":"60-90","c":5,"C":"60-90","e":5,"E":"60-90","g":5,"G":"60-90","i":5,"I":"60-90","k":6,"K":"90-120","m":6,"M":"90-120","o":5,"O":"60-90","b":5,"B":"60-90","d":5,"D":"60-90","f":5,"F":"60-90","h":5,"H":"60-90","j":5,"J":"60-90","l":6,"L":"90-120","n":6,"N":"90-120","p":5,"P":"60-90"}},{"type":"Feature","geometry":{"type":"Polygon","coordinates":[[[126.95432,37.60514],[126.96108,37.60514],[126.96108,37.61189],[126.95432,37.61189],[126.95432,37.60514]]]},"properties":{"row":20,"col":11,"walk_min":51.5,"nearest_station_id":"kr_080","nearest_station_name":"녹번","a":5,"A":"60-90","c":5,"C":"60-90","e":6,"E":"90-120","g":5,"G":"60-90","i":6,"I":"90-120","k":6,"K":"90-120","m":5,"M":"60-90","o":5,"O":"60-90","b":5,"B":"60-90","d":5,"D":"60-90","f":6,"F":"90-120","h":5,"H":"60-90","j":6,"J":"90-120","l":6,"L":"90-120","n":5,"N":"60-90","p":5,"P":"60-90"}},{"type":"Feature","geometry":{"type":"Polygon","coordinates":[[[126.94757,37.61189],[126.95432,37.61189],[126.95432,37.61865],[126.94757,37.61865],[126.94757,37.61189]]]},"properties":{"row":21,"col":10,"walk_min":50.9,"nearest_station_id":"kr_409","nearest_station_name":"독바위","a":5,"A":"60-90","c":5,"C":"60-90","e":6,"E":"90-120","g":5,"G":"60-90","i":6,"I":"90-120","k":6,"K":"90-120","m":6,"M":"90-120","o":5,"O":"60-90","b":5,"B":"60-90","d":5,"D":"60-90","f":6,"F":"90-120","h":5,"H":"60-90","j":6,"J":"90-120","l":6,"L":"90-120","n":6,"N":"90-120","p":5,"P":"60-90"}},{"type":"Feature","geometry":{"type":"Polygon","coordinates":[[[127.07595,37.47676],[127.0827,37.47676],[127.0827,37.48351],[127.07595,37.48351],[127.07595,37.47676]]]},"properties":{"row":1,"col":29,"walk_min":53.2,"nearest_station_id":"kr_298","nearest_station_name":"Irwon","a":6,"A":"90-120","c":6,"C":"90-120","e":5,"E":"60-90","g":6,"G":"90-120","i":5,"I":"60-90","k":5,"K":"60-90","m":5,"M":"60-90","o":6,"O":"90-120","b":6,"B":"90-120","d":6,"D":"90-120","f":5,"F":"60-90","h":6,"H":"90-120","j":5,"J":"60-90","l":5,"L":"60-90","n":5,"N":"60-90","p":6,"P":"90-120"}},{"type":"Feature","geometry":{"type":"Polygon","coordinates":[[[127.0827,37.47],[127.08946,37.47],[127.08946,37.47676],[127.0827,37.47676],[127.0827,37.47]]]},"properties":{"row":0,"col":30,"walk_min":50.8,"nearest_station_id":"kr_298","nearest_station_name":"Irwon","a":6,"A":"90-120","c":6,"C":"90-120","e":5,"E":"60-90","g":6,"G":"90-120","i":5,"I":"60-90","k":5,"K":"60-90","m":5,"M":"60-90","o":6,"O":"90-120","b":6,"B":"90-120","d":6,"D":"90-120","f":5,"F":"60-90","h":6,"H":"90-120","j":5,"J":"60-90","l":5,"L":"60-90","n":5,"N":"60-90","p":6,"P":"90-120"}},{"type":"Feature","geometry":{"type":"Polygon","coordinates":[[[126.88676,37.61189],[126.89351,37.61189],[126.89351,37.61865],[126.88676,37.61865],[126.88676,37.61189]]]},"properties":{"row":21,"col":1,"walk_min":53.1,"nearest_station_id":"kr_390","nearest_station_name":"구산","a":5,"A":"60-90","c":5,"C":"60-90","e":6,"E":"90-120","g":5,"G":"60-90","i":6,"I":"90-120","k":6,"K":"90-120","m":6,"M":"90-120","o":6,"O":"90-120","b":5,"B":"60-90","d":5,"D":"60-90","f":6,"F":"90-120","h":5,"H":"60-90","j":6,"J":"90-120","l":6,"L":"90-120","n":6,"N":"90-120","p":6,"P":"90-120"}},{"type":"Feature","geometry":{"type":"Polygon","coordinates":[[[126.87324,37.57811],[126.88,37.57811],[126.88,37.58486],[126.87324,37.58486],[126.87324,37.57811]]]},"properties":{"row":16,"col":-1,"walk_min":56.2,"nearest_station_id":"kr_327","nearest_station_name":"디지털미디어시티","a":5,"A":"60-90","c":5,"C":"60-90","e":6,"E":"90-120","g":6,"G":"90-120","i":6,"I":"90-120","k":6,"K":"90-120","m":6,"M":"90-120","o":6,"O":"90-120","b":5,"B":"60-90","d":5,"D":"60-90","f":6,"F":"90-120","h":6,"H":"90-120","j":6,"J":"90-120","l":6,"L":"90-120","n":6,"N":"90-120","p":6,"P":"90-120"}},{"type":"Feature","geometry":{"type":"Polygon","coordinates":[[[126.95432,37.61189],[126.96108,37.61189],[126.96108,37.61865],[126.95432,37.61865],[126.95432,37.61189]]]},"properties":{"row":21,"col":11,"walk_min":55.1,"nearest_station_id":"kr_409","nearest_station_name":"독바위","a":5,"A":"60-90","c":5,"C":"60-90","e":6,"E":"90-120","g":5,"G":"60-90","i":6,"I":"90-120","k":6,"K":"90-120","m":6,"M":"90-120","o":6,"O":"90-120","b":5,"B":"60-90","d":5,"D":"60-90","f":6,"F":"90-120","h":5,"H":"60-90","j":6,"J":"90-120","l":6,"L":"90-120","n":6,"N":"90-120","p":6,"P":"90-120"}},{"type":"Feature","geometry":{"type":"Polygon","coordinates":[[[126.97459,37.60514],[126.98135,37.60514],[126.98135,37.61189],[126.97459,37.61189],[126.97459,37.60514]]]},"properties":{"row":20,"col":14,"walk_min":60.2,"nearest_station_id":"kr_061","nearest_station_name":"Hansung Univ. (Samseongyo)","a":5,"A":"60-90","c":5,"C":"60-90","e":5,"E":"60-90","g":5,"G":"60-90","i":6,"I":"90-120","k":6,"K":"90-120","m":5,"M":"60-90","o":5,"O":"60-90","b":5,"B":"60-90","d":5,"D":"60-90","f":5,"F":"60-90","h":5,"H":"60-90","j":6,"J":"90-120","l":6,"L":"90-120","n":5,"N":"60-90","p":5,"P":"60-90"}},{"type":"Feature","geometry":{"type":"Polygon","coordinates":[[[126.87324,37.59162],[126.88,37.59162],[126.88,37.59838],[126.87324,37.59838],[126.87324,37.59162]]]},"properties":{"row":18,"col":-1,"walk_min":54.9,"nearest_station_id":"kr_327","nearest_station_name":"디지털미디어시티","a":5,"A":"60-90","c":5,"C":"60-90","e":6,"E":"90-120","g":6,"G":"90-120","i":6,"I":"90-120","k":6,"K":"90-120","m":6,"M":"90-120","o":6,"O":"90-120","b":5,"B":"60-90","d":5,"D":"60-90","f":6,"F":"90-120","h":6,"H":"90-120","j":6,"J":"90-120","l":6,"L":"90-120","n":6,"N":"90-120","p":6,"P":"90-120"}},{"type":"Feature","geometry":{"type":"Polygon","coordinates":[[[126.96784,37.60514],[126.97459,37.60514],[126.97459,37.61189],[126.96784,37.61189],[126.96784,37.60514]]]},"properties":{"row":20,"col":13,"walk_min":63.9,"nearest_station_id":"kr_080","nearest_station_name":"녹번","a":5,"A":"60-90","c":5,"C":"60-90","e":6,"E":"90-120","g":5,"G":"60-90","i":6,"I":"90-120","k":6,"K":"90-120","m":6,"M":"90-120","o":6,"O":"90-120","b":5,"B":"60-90","d":5,"D":"60-90","f":6,"F":"90-120","h":5,"H":"60-90","j":6,"J":"90-120","l":6,"L":"90-120","n":6,"N":"90-120","p":6,"P":"90-120"}},{"type":"Feature","geometry":{"type":"Polygon","coordinates":[[[126.96108,37.60514],[126.96784,37.60514],[126.96784,37.61189],[126.96108,37.61189],[126.96108,37.60514]]]},"properties":{"row":20,"col":12,"walk_min":61.6,"nearest_station_id":"kr_080","nearest_station_name":"녹번","a":5,"A":"60-90","c":5,"C":"60-90","e":6,"E":"90-120","g":5,"G":"60-90","i":6,"I":"90-120","k":6,"K":"90-120","m":6,"M":"90-120","o":6,"O":"90-120","b":5,"B":"60-90","d":5,"D":"60-90","f":6,"F":"90-120","h":5,"H":"60-90","j":6,"J":"90-120","l":6,"L":"90-120","n":6,"N":"90-120","p":6,"P":"90-120"}},{"type":"Feature","geometry":{"type":"Polygon","coordinates":[[[126.98811,37.61189],[126.99486,37.61189],[126.99486,37.61865],[126.98811,37.61865],[126.98811,37.61189]]]},"properties":{"row":21,"col":16,"walk_min":57.0,"nearest_station_id":"kr_082","nearest_station_name":"Gireum","a":5,"A":"60-90","c":5,"C":"60-90","e":5,"E":"60-90","g":5,"G":"60-90","i":6,"I":"90-120","k":6,"K":"90-120","m":5,"M":"60-90","o":5,"O":"60-90","b":5,"B":"60-90","d":5,"D":"60-90","f":5,"F":"60-90","h":5,"H":"60-90","j":6,"J":"90-120","l":6,"L":"90-120","n":5,"N":"60-90","p":5,"P":"60-90"}},{"type":"Feature","geometry":{"type":"Polygon","coordinates":[[[126.87324,37.56459],[126.88,37.56459],[126.88,37.57135],[126.87324,37.57135],[126.87324,37.56459]]]},"properties":{"row":14,"col":-1,"walk_min":58.2,"nearest_station_id":"kr_419","nearest_station_name":"Jeungmi","a":5,"A":"60-90","c":5,"C":"60-90","e":6,"E":"90-120","g":6,"G":"90-120","i":6,"I":"90-120","k":6,"K":"90-120","m":6,"M":"90-120","o":5,"O":"60-90","b":5,"B":"60-90","d":5,"D":"60-90","f":6,"F":"90-120","h":6,"H":"90-120","j":6,"J":"90-120","l":6,"L":"90-120","n":6,"N":"90-120","p":5,"P":"60-90"}},{"type":"Feature","geometry":{"type":"Polygon","coordinates":[[[126.94757,37.61865],[126.95432,37.61865],[126.95432,37.62541],[126.94757,37.62541],[126.94757,37.61865]]]},"properties":{"row":22,"col":10,"walk_min":57.4,"nearest_station_id":"kr_409","nearest_station_name":"독바위","a":5,"A":"60-90","c":5,"C":"60-90","e":6,"E":"90-120","g":5,"G":"60-90","i":6,"I":"90-120","k":6,"K":"90-120","m":6,"M":"90-120","o":6,"O":"90-120","b":5,"B":"60-90","d":5,"D":"60-90","f":6,"F":"90-120","h":5,"H":"60-90","j":6,"J":"90-120","l":6,"L":"90-120","n":6,"N":"90-120","p":6,"P":"90-120"}},{"type":"Feature","geometry":{"type":"Polygon","coordinates":[[[127.0827,37.47676],[127.08946,37.47676],[127.08946,37.48351],[127.0827,37.48351],[127.0827,37.47676]]]},"properties":{"row":1,"col":30,"walk_min":61.5,"nearest_station_id":"kr_298","nearest_station_name":"Irwon","a":6,"A":"90-120","c":6,"C":"90-120","e":5,"E":"60-90","g":6,"G":"90-120","i":5,"I":"60-90","k":5,"K":"60-90","m":6,"M":"90-120","o":6,"O":"90-120","b":6,"B":"90-120","d":6,"D":"90-120","f":5,"F":"60-90","h":6,"H":"90-120","j":5,"J":"60-90","l":5,"L":"60-90","n":6,"N":"90-120","p":6,"P":"90-120"}},{"type":"Feature","geometry":{"type":"Polygon","coordinates":[[[126.87324,37.57135],[126.88,37.57135],[126.88,37.57811],[126.87324,37.57811],[126.87324,37.57135]]]},"properties":{"row":15,"col":-1,"walk_min":63.4,"nearest_station_id":"kr_293","nearest_station_name":"월드컵경기장","a":5,"A":"60-90","c":6,"C":"90-120","e":6,"E":"90-120","g":6,"G":"90-120","i":6,"I":"90-120","k":6,"K":"90-120","m":6,"M":"90-120","o":6,"O":"90-120","b":5,"B":"60-90","d":6,"D":"90-120","f":6,"F":"90-120","h":6,"H":"90-120","j":6,"J":"90-120","l":6,"L":"90-120","n":6,"N":"90-120","p":6,"P":"90-120"}},{"type":"Feature","geometry":{"type":"Polygon","coordinates":[[[126.98135,37.61189],[126.98811,37.61189],[126.98811,37.61865],[126.98135,37.61865],[126.98135,37.61189]]]},"properties":{"row":21,"col":15,"walk_min":59.4,"nearest_station_id":"kr_061","nearest_station_name":"Hansung Univ. (Samseongyo)","a":5,"A":"60-90","c":5,"C":"60-90","e":5,"E":"60-90","g":5,"G":"60-90","i":6,"I":"90-120","k":6,"K":"90-120","m":5,"M":"60-90","o":5,"O":"60-90","b":5,"B":"60-90","d":5,"D":"60-90","f":5,"F":"60-90","h":5,"H":"60-90","j":6,"J":"90-120","l":6,"L":"90-120","n":5,"N":"60-90","p":5,"P":"60-90"}},{"type":"Feature","geometry":{"type":"Polygon","coordinates":[[[126.86649,37.57135],[126.87324,37.57135],[126.87324,37.57811],[126.86649,37.57811],[126.86649,37.57135]]]},"properties":{"row":15,"col":-2,"walk_min":66.6,"nearest_station_id":"kr_102","nearest_station_name":"Gayang","a":6,"A":"90-120","c":6,"C":"90-120","e":6,"E":"90-120","g":6,"G":"90-120","i":6,"I":"90-120","k":6,"K":"90-120","m":6,"M":"90-120","o":5,"O":"60-90","b":6,"B":"90-120","d":6,"D":"90-120","f":6,"F":"90-120","h":6,"H":"90-120","j":6,"J":"90-120","l":6,"L":"90-120","n":6,"N":"90-120","p":5,"P":"60-90"}},{"type":"Feature","geometry":{"type":"Polygon","coordinates":[[[126.96108,37.61189],[126.96784,37.61189],[126.96784,37.61865],[126.96108,37.61865],[126.96108,37.61189]]]},"properties":{"row":21,"col":12,"walk_min":69.7,"nearest_station_id":"kr_409","nearest_station_name":"독바위","a":6,"A":"90-120","c":6,"C":"90-120","e":6,"E":"90-120","g":6,"G":"90-120","i":6,"I":"90-120","k":6,"K":"90-120","m":6,"M":"90-120","o":6,"O":"90-120","b":6,"B":"90-120","d":6,"D":"90-120","f":6,"F":"90-120","h":6,"H":"90-120","j":6,"J":"90-120","l":6,"L":"90-120","n":6,"N":"90-120","p":6,"P":"90-120"}},{"type":"Feature","geometry":{"type":"Polygon","coordinates":[[[126.96784,37.61189],[126.97459,37.61189],[126.97459,37.61865],[126.96784,37.61865],[126.96784,37.61189]]]},"properties":{"row":21,"col":13,"walk_min":75.2,"nearest_station_id":"kr_409","nearest_station_name":"독바위","a":6,"A":"90-120","c":6,"C":"90-120","e":6,"E":"90-120","g":6,"G":"90-120","i":6,"I":"90-120","k":7,"K":"120+","m":6,"M":"90-120","o":6,"O":"90-120","b":6,"B":"90-120","d":6,"D":"90-120","f":6,"F":"90-120","h":6,"H":"90-120","j":6,"J":"90-120","l":7,"L":"120+","n":6,"N":"90-120","p":6,"P":"90-120"}},{"type":"Feature","geometry":{"type":"Polygon","coordinates":[[[126.96108,37.61865],[126.96784,37.61865],[126.96784,37.62541],[126.96108,37.62541],[126.96108,37.61865]]]},"properties":{"row":22,"col":12,"walk_min":76.8,"nearest_station_id":"kr_409","nearest_station_name":"독바위","a":6,"A":"90-120","c":6,"C":"90-120","e":7,"E":"120+","g":6,"G":"90-120","i":7,"I":"120+","k":7,"K":"120+","m":6,"M":"90-120","o":6,"O":"90-120","b":6,"B":"90-120","d":6,"D":"90-120","f":7,"F":"120+","h":6,"H":"90-120","j":7,"J":"120+","l":7,"L":"120+","n":6,"N":"90-120","p":6,"P":"90-120"}},{"type":"Feature","geometry":{"type":"Polygon","coordinates":[[[126.96784,37.61865],[126.97459,37.61865],[126.97459,37.62541],[126.96784,37.62541],[126.96784,37.61865]]]},"properties":{"row":22,"col":13,"walk_min":84.7,"nearest_station_id":"kr_409","nearest_station_name":"독바위","a":6,"A":"90-120","c":6,"C":"90-120","e":7,"E":"120+","g":6,"G":"90-120","i":7,"I":"120+","k":7,"K":"120+","m":7,"M":"120+","o":6,"O":"90-120","b":6,"B":"90-120","d":6,"D":"90-120","f":7,"F":"120+","h":6,"H":"90-120","j":7,"J":"120+","l":7,"L":"120+","n":7,"N":"120+","p":6,"P":"90-120"}},{"type":"Feature","geometry":{"type":"Polygon","coordinates":[[[126.96784,37.62541],[126.97459,37.62541],[126.97459,37.63216],[126.96784,37.63216],[126.96784,37.62541]]]},"properties":{"row":23,"col":13,"walk_min":91.3,"nearest_station_id":"kr_409","nearest_station_name":"독바위","a":6,"A":"90-120","c":6,"C":"90-120","e":7,"E":"120+","g":7,"G":"120+","i":7,"I":"120+","k":7,"K":"120+","m":7,"M":"120+","o":7,"O":"120+","b":6,"B":"90-120","d":6,"D":"90-120","f":7,"F":"120+","h":7,"H":"120+","j":7,"J":"120+","l":7,"L":"120+","n":7,"N":"120+","p":7,"P":"120+"}},{"type":"Feature","geometry":{"type":"Polygon","coordinates":[[[126.97459,37.62541],[126.98135,37.62541],[126.98135,37.63216],[126.97459,37.63216],[126.97459,37.62541]]]},"properties":{"row":23,"col":14,"walk_min":96.3,"nearest_station_id":"kr_409","nearest_station_name":"독바위","a":7,"A":"120+","c":6,"C":"90-120","e":7,"E":"120+","g":7,"G":"120+","i":7,"I":"120+","k":7,"K":"120+","m":7,"M":"120+","o":7,"O":"120+","b":7,"B":"120+","d":6,"D":"90-120","f":7,"F":"120+","h":7,"H":"120+","j":7,"J":"120+","l":7,"L":"120+","n":7,"N":"120+","p":7,"P":"120+"}}]}