{"type": "FeatureCollection", "features": [{"type": "Feature", "geometry": {"type": "Point", "coordinates": [126.90973000000001, 37.513244]}, "properties": {"row": 6, "col": 4, "walk_min": 5.2, "nearest_station_id": "kr_001", "nearest_station_name": "Yeongdeungpo", "a": 1, "A": "10-20", "a_inv": 6, "b": 1, "B": "10-20", "b_inv": 6, "c": 2, "C": "20-30", "c_inv": 5, "d": 2, "D": "20-30", "d_inv": 5, "e": 2, "E": "20-30", "e_inv": 5, "f": 2, "F": "20-30", "f_inv": 5, "g": 3, "G": "30-45", "g_inv": 4, "h": 3, "H": "30-45", "h_inv": 4, "i": 2, "I": "20-30", "i_inv": 5, "j": 2, "J": "20-30", "j_inv": 5, "k": 3, "K": "30-45", "k_inv": 4, "l": 3, "L": "30-45", "l_inv": 4, "m": 3, "M": "30-45", "m_inv": 4, "n": 3, "N": "30-45", "n_inv": 4, "o": 2, "O": "20-30", "o_inv": 5, "p": 2, "P": "20-30", "p_inv": 5}}, {"type": "Feature", "geometry": {"type": "Point", "coordinates": [127.004324, 37.506484]}, "properties": {"row": 5, "col": 18, "walk_min": 3.6, "nearest_station_id": "kr_002", "nearest_station_name": "Express Bus Terminal", "a": 2, "A": "20-30", "a_inv": 5, "b": 2, "B": "20-30", "b_inv": 5, "c": 2, "C": "20-30", "c_inv": 5, "d": 2, "D": "20-30", "d_inv": 5, "e": 0, "E": "<10", "e_inv": 7, "f": 0, "F": "<10", "f_inv": 7, "g": 2, "G": "20-30", "g_inv": 5, "h": 2, "H": "20-30", "h_inv": 5, "i": 1, "I": "10-20", "i_inv": 6, "j": 1, "J": "10-20", "j_inv": 6, "k": 2, "K": "20-30", "k_inv": 5, "l": 2, "L": "20-30", "l_inv": 5, "m": 3, "M": "30-45", "m_inv": 4, "n": 3, "N": "30-45", "n_inv": 4, "o": 3, "O": "30-45", "o_inv": 4, "p": 3, "P": "30-45", "p_inv": 4}}, {"type": "Feature", "geometry": {"type": "Point", "coordinates": [126.977294, 37.49973]}, "properties": {"row": 4, "col": 14, "walk_min": 22.2, "nearest_station_id": "kr_003", "nearest_station_name": "Dongjak", "a": 3, "A": "30-45", "a_inv": 4, "b": 3, "B": "30-45", "b_inv": 4, "c": 3, "C": "30-45", "c_inv": 4, "d": 3, "D": "30-45", "d_inv": 4, "e": 3, "E": "30-45", "e_inv": 4, "f": 3, "F": "30-45", "f_inv": 4, "g": 4, "G": "45-60", "g_inv": 3, "h": 4, "H": "45-60", "h_inv": 3, "i": 2, "I": "20-30", "i_inv": 5, "j": 2, "J": "20-30", "j_inv": 5, "k": 4, "K": "45-60", "k_inv": 3, "l": 4, "L": "45-60", "l_inv": 3, "m": 4, "M": "45-60", "m_inv": 3, "n": 4, "N": "45-60", "n_inv": 3, "o": 3, "O": "30-45", "o_inv": 4, "p": 3, "P": "30-45", "p_inv": 4}}, {"type": "Feature", "geometry": {"type": "Point", "coordinates": [126.94351400000001, 37.513244]}, "properties": {"row": 6, "col": 9, "walk_min": 8.6, "nearest_station_id": "kr_004", "nearest_station_name": "Noryangjin", "a": 2, "A": "20-30", "a_inv": 5, "b": 2, "B": "20-30", "b_inv": 5, "c": 2, "C": "20-30", "c_inv": 5, "d": 2, "D": "20-30", "d_inv": 5, "e": 2, "E": "20-30", "e_inv": 5, "f": 2, "F": "20-30", "f_inv": 5, "g": 3, "G": "30-45", "g_inv": 4, "h": 3, "H": "30-45", "h_inv": 4, "i": 2, "I": "20-30", "i_inv": 5, "j": 2, "J": "20-30", "j_inv": 5, "k": 3, "K": "30-45", "k_inv": 4, "l": 3, "L": "30-45", "l_inv": 4, "m": 3, "M": "30-45", "m_inv": 4, "n": 3, "N": "30-45", "n_inv": 4, "o": 2, "O": "20-30", "o_inv": 5, "p": 2, "P": "20-30", "p_inv": 5}}, {"type": "Feature", "geometry": {"type": "Point", "coordinates": [126.97054, 37.55378399999999]}, "properties": {"row": 12, "col": 13, "walk_min": 3.7, "nearest_station_id": "kr_005", "nearest_station_name": "Seoul Station", "a": 0, "A": "<10", "a_inv": 7, "b": 0, "B": "<10", "b_inv": 7, "c": 0, "C": "<10", "c_inv": 7, "d": 0, "D": "<10", "d_inv": 7, "e": 2, "E": "20-30", "e_inv": 5, "f": 2, "F": "20-30", "f_inv": 5, "g": 1, "G": "10-20", "g_inv": 6, "h": 1, "H": "10-20", "h_inv": 6, "i": 2, "I": "20-30", "i_inv": 5, "j": 2, "J": "20-30", "j_inv": 5, "k": 3, "K": "30-45", "k_inv": 4, "l": 3, "L": "30-45", "l_inv": 4, "m": 2, "M": "20-30", "m_inv": 5, "n": 2, "N": "20-30", "n_inv": 5, "o": 1, "O": "10-20", "o_inv": 6, "p": 1, "P": "10-20", "p_inv": 6}}, {"type": "Feature", "geometry": {"type": "Point", "coordinates": [127.02459400000001, 37.506484]}, "properties": {"row": 5, "col": 21, "walk_min": 2.6, "nearest_station_id": "kr_006", "nearest_station_name": "Sinnonhyeon", "a": 2, "A": "20-30", "a_inv": 5, "b": 2, "B": "20-30", "b_inv": 5, "c": 2, "C": "20-30", "c_inv": 5, "d": 2, "D": "20-30", "d_inv": 5, "e": 0, "E": "<10", "e_inv": 7, "f": 0, "F": "<10", "f_inv": 7, "g": 2, "G": "20-30", "g_inv": 5, "h": 2, "H": "20-30", "h_inv": 5, "i": 1, "I": "10-20", "i_inv": 6, "j": 1, "J": "10-20", "j_inv": 6, "k": 1, "K": "10-20", "k_inv": 6, "l": 1, "L": "10-20", "l_inv": 6, "m": 2, "M": "20-30", "m_inv": 5, "n": 2, "N": "20-30", "n_inv": 5, "o": 3, "O": "30-45", "o_inv": 4, "p": 3, "P": "30-45", "p_inv": 4}}, {"type": "Feature", "geometry": {"type": "Point", "coordinates": [126.99081000000001, 37.574054000000004]}, "properties": {"row": 15, "col": 16, "walk_min": 5.1, "nearest_station_id": "kr_007", "nearest_station_name": "Jongno 3(sam)-ga", "a": 1, "A": "10-20", "a_inv": 6, "b": 1, "B": "10-20", "b_inv": 6, "c": 0, "C": "<10", "c_inv": 7, "d": 0, "D": "<10", "d_inv": 7, "e": 2, "E": "20-30", "e_inv": 5, "f": 2, "F": "20-30", "f_inv": 5, "g": 1, "G": "10-20", "g_inv": 6, "h": 1, "H": "10-20", "h_inv": 6, "i": 3, "I": "30-45", "i_inv": 4, "j": 3, "J": "30-45", "j_inv": 4, "k": 3, "K": "30-45", "k_inv": 4, "l": 3, "L": "30-45", "l_inv": 4, "m": 2, "M": "20-30", "m_inv": 5, "n": 2, "N": "20-30", "n_inv": 5, "o": 2, "O": "20-30", "o_inv": 5, "p": 2, "P": "20-30", "p_inv": 5}}, {"type": "Feature", "geometry": {"type": "Point", "coordinates": [127.004324, 37.567294000000004]}, "properties": {"row": 14, "col": 18, "walk_min": 3.7, "nearest_station_id": "kr_402", "nearest_station_name": "Dongdaemun History & Culture Park Station", "a": 1, "A": "10-20", "a_inv": 6, "b": 1, "B": "10-20", "b_inv": 6, "c": 1, "C": "10-20", "c_inv": 6, "d": 1, "D": "10-20", "d_inv": 6, "e": 2, "E": "20-30", "e_inv": 5, "f": 2, "F": "20-30", "f_inv": 5, "g": 1, "G": "10-20", "g_inv": 6, "h": 1, "H": "10-20", "h_inv": 6, "i": 3, "I": "30-45", "i_inv": 4, "j": 3, "J": "30-45", "j_inv": 4, "k": 3, "K": "30-45", "k_inv": 4, "l": 3, "L": "30-45", "l_inv": 4, "m": 2, "M": "20-30", "m_inv": 5, "n": 2, "N": "20-30", "n_inv": 5, "o": 2, "O": "20-30", "o_inv": 5, "p": 2, "P": "20-30", "p_inv": 5}}, {"type": "Feature", "geometry": {"type": "Point", "coordinates": [127.01108400000001, 37.567294000000004]}, "properties": {"row": 14, "col": 19, "walk_min": 2.3, "nearest_station_id": "kr_011", "nearest_station_name": "Dongdaemun", "a": 1, "A": "10-20", "a_inv": 6, "b": 1, "B": "10-20", "b_inv": 6, "c": 1, "C": "10-20", "c_inv": 6, "d": 1, "D": "10-20", "d_inv": 6, "e": 2, "E": "20-30", "e_inv": 5, "f": 2, "F": "20-30", "f_inv": 5, "g": 0, "G": "<10", "g_inv": 7, "h": 0, "H": "<10", "h_inv": 7, "i": 3, "I": "30-45", "i_inv": 4, "j": 3, "J": "30-45", "j_inv": 4, "k": 2, "K": "20-30", "k_inv": 5, "l": 2, "L": "20-30", "l_inv": 5, "m": 1, "M": "10-20", "m_inv": 6, "n": 1, "N": "10-20", "n_inv": 6, "o": 2, "O": "20-30", "o_inv": 5, "p": 2, "P": "20-30", "p_inv": 5}}, {"type": "Feature", "geometry": {"type": "Point", "coordinates": [127.071894, 37.513244]}, "properties": {"row": 6, "col": 28, "walk_min": 11.4, "nearest_station_id": "kr_012", "nearest_station_name": "Sports Complex", "a": 3, "A": "30-45", "a_inv": 4, "b": 3, "B": "30-45", "b_inv": 4, "c": 4, "C": "45-60", "c_inv": 3, "d": 4, "D": "45-60", "d_inv": 3, "e": 2, "E": "20-30", "e_inv": 5, "f": 2, "F": "20-30", "f_inv": 5, "g": 3, "G": "30-45", "g_inv": 4, "h": 3, "H": "30-45", "h_inv": 4, "i": 3, "I": "30-45", "i_inv": 4, "j": 3, "J": "30-45", "j_inv": 4, "k": 1, "K": "10-20", "k_inv": 6, "l": 1, "L": "10-20", "l_inv": 6, "m": 2, "M": "20-30", "m_inv": 5, "n": 2, "N": "20-30", "n_inv": 5, "o": 4, "O": "45-60", "o_inv": 3, "p": 4, "P": "45-60", "p_inv": 3}}, {"type": "Feature", "geometry": {"type": "Point", "coordinates": [126.88946000000001, 37.506484]}, "properties": {"row": 5, "col": 1, "walk_min": 12.7, "nearest_station_id": "kr_013", "nearest_station_name": "Sindorim", "a": 2, "A": "20-30", "a_inv": 5, "b": 2, "B": "20-30", "b_inv": 5, "c": 3, "C": "30-45", "c_inv": 4, "d": 3, "D": "30-45", "d_inv": 4, "e": 3, "E": "30-45", "e_inv": 4, "f": 3, "F": "30-45", "f_inv": 4, "g": 3, "G": "30-45", "g_inv": 4, "h": 3, "H": "30-45", "h_inv": 4, "i": 3, "I": "30-45", "i_inv": 4, "j": 3, "J": "30-45", "j_inv": 4, "k": 4, "K": "45-60", "k_inv": 3, "l": 4, "L": "45-60", "l_inv": 3, "m": 4, "M": "45-60", "m_inv": 3, "n": 4, "N": "45-60", "n_inv": 3, "o": 2, "O": "20-30", "o_inv": 5, "p": 2, "P": "20-30", "p_inv": 5}}, {"type": "Feature", "geometry": {"type": "Point", "coordinates": [126.977294, 37.56054]}, "properties": {"row": 13, "col": 14, "walk_min": 3.6, "nearest_station_id": "kr_033", "nearest_station_name": "Hoehyeon (Namdaemun Market)", "a": 0, "A": "<10", "a_inv": 7, "b": 0, "B": "<10", "b_inv": 7, "c": 0, "C": "<10", "c_inv": 7, "d": 0, "D": "<10", "d_inv": 7, "e": 2, "E": "20-30", "e_inv": 5, "f": 2, "F": "20-30", "f_inv": 5, "g": 1, "G": "10-20", "g_inv": 6, "h": 1, "H": "10-20", "h_inv": 6, "i": 2, "I": "20-30", "i_inv": 5, "j": 2, "J": "20-30", "j_inv": 5, "k": 3, "K": "30-45", "k_inv": 4, "l": 3, "L": "30-45", "l_inv": 4, "m": 2, "M": "20-30", "m_inv": 5, "n": 2, "N": "20-30", "n_inv": 5, "o": 1, "O": "10-20", "o_inv": 6, "p": 1, "P": "10-20", "p_inv": 6}}, {"type": "Feature", "geometry": {"type": "Point", "coordinates": [127.04486399999999, 37.506484]}, "properties": {"row": 5, "col": 24, "walk_min": 3.4, "nearest_station_id": "kr_016", "nearest_station_name": "Seonjeongneung", "a": 3, "A": "30-45", "a_inv": 4, "b": 3, "B": "30-45", "b_inv": 4, "c": 3, "C": "30-45", "c_inv": 4, "d": 3, "D": "30-45", "d_inv": 4, "e": 0, "E": "<10", "e_inv": 7, "f": 0, "F": "<10", "f_inv": 7, "g": 3, "G": "30-45", "g_inv": 4, "h": 3, "H": "30-45", "h_inv": 4, "i": 1, "I": "10-20", "i_inv": 6, "j": 1, "J": "10-20", "j_inv": 6, "k": 1, "K": "10-20", "k_inv": 6, "l": 1, "L": "10-20", "l_inv": 6, "m": 2, "M": "20-30", "m_inv": 5, "n": 2, "N": "20-30", "n_inv": 5, "o": 3, "O": "30-45", "o_inv": 4, "p": 3, "P": "30-45", "p_inv": 4}}, {"type": "Feature", "geometry": {"type": "Point", "coordinates": [127.05837999999999, 37.513244]}, "properties": {"row": 6, "col": 26, "walk_min": 3.6, "nearest_station_id": "kr_017", "nearest_station_name": "Bongeunsa", "a": 3, "A": "30-45", "a_inv": 4, "b": 3, "B": "30-45", "b_inv": 4, "c": 3, "C": "30-45", "c_inv": 4, "d": 3, "D": "30-45", "d_inv": 4, "e": 1, "E": "10-20", "e_inv": 6, "f": 1, "F": "10-20", "f_inv": 6, "g": 3, "G": "30-45", "g_inv": 4, "h": 3, "H": "30-45", "h_inv": 4, "i": 2, "I": "20-30", "i_inv": 5, "j": 2, "J": "20-30", "j_inv": 5, "k": 1, "K": "10-20", "k_inv": 6, "l": 1, "L": "10-20", "l_inv": 6, "m": 2, "M": "20-30", "m_inv": 5, "n": 2, "N": "20-30", "n_inv": 5, "o": 3, "O": "30-45", "o_inv": 4, "p": 3, "P": "30-45", "p_inv": 4}}, {"type": "Feature", "geometry": {"type": "Point", "coordinates": [126.98405400000001, 37.567294000000004]}, "properties": {"row": 14, "col": 15, "walk_min": 3.5, "nearest_station_id": "kr_018", "nearest_station_name": "Jonggak", "a": 0, "A": "<10", "a_inv": 7, "b": 0, "B": "<10", "b_inv": 7, "c": 0, "C": "<10", "c_inv": 7, "d": 0, "D": "<10", "d_inv": 7, "e": 2, "E": "20-30", "e_inv": 5, "f": 2, "F": "20-30", "f_inv": 5, "g": 1, "G": "10-20", "g_inv": 6, "h": 1, "H": "10-20", "h_inv": 6, "i": 2, "I": "20-30", "i_inv": 5, "j": 2, "J": "20-30", "j_inv": 5, "k": 3, "K": "30-45", "k_inv": 4, "l": 3, "L": "30-45", "l_inv": 4, "m": 2, "M": "20-30", "m_inv": 5, "n": 2, "N": "20-30", "n_inv": 5, "o": 1, "O": "10-20", "o_inv": 6, "p": 1, "P": "10-20", "p_inv": 6}}, {"type": "Feature", "geometry": {"type": "Point", "coordinates": [126.88270399999999, 37.49973]}, "properties": {"row": 4, "col": 0, "walk_min": 13.5, "nearest_station_id": "kr_019", "nearest_station_name": "Guro", "a": 3, "A": "30-45", "a_inv": 4, "b": 3, "B": "30-45", "b_inv": 4, "c": 3, "C": "30-45", "c_inv": 4, "d": 3, "D": "30-45", "d_inv": 4, "e": 3, "E": "30-45", "e_inv": 4, "f": 3, "F": "30-45", "f_inv": 4, "g": 4, "G": "45-60", "g_inv": 3, "h": 4, "H": "45-60", "h_inv": 3, "i": 3, "I": "30-45", "i_inv": 4, "j": 3, "J": "30-45", "j_inv": 4, "k": 4, "K": "45-60", "k_inv": 3, "l": 4, "L": "45-60", "l_inv": 3, "m": 4, "M": "45-60", "m_inv": 3, "n": 4, "N": "45-60", "n_inv": 3, "o": 2, "O": "20-30", "o_inv": 5, "p": 2, "P": "20-30", "p_inv": 5}}, {"type": "Feature", "geometry": {"type": "Point", "coordinates": [127.031354, 37.486214000000004]}, "properties": {"row": 2, "col": 22, "walk_min": 5.3, "nearest_station_id": "kr_020", "nearest_station_name": "Yangjae", "a": 3, "A": "30-45", "a_inv": 4, "b": 3, "B": "30-45", "b_inv": 4, "c": 3, "C": "30-45", "c_inv": 4, "d": 3, "D": "30-45", "d_inv": 4, "e": 0, "E": "<10", "e_inv": 7, "f": 0, "F": "<10", "f_inv": 7, "g": 3, "G": "30-45", "g_inv": 4, "h": 3, "H": "30-45", "h_inv": 4, "i": 1, "I": "10-20", "i_inv": 6, "j": 1, "J": "10-20", "j_inv": 6, "k": 2, "K": "20-30", "k_inv": 5, "l": 2, "L": "20-30", "l_inv": 5, "m": 3, "M": "30-45", "m_inv": 4, "n": 3, "N": "30-45", "n_inv": 4, "o": 3, "O": "30-45", "o_inv": 4, "p": 3, "P": "30-45", "p_inv": 4}}, {"type": "Feature", "geometry": {"type": "Point", "coordinates": [127.02459400000001, 37.574054000000004]}, "properties": {"row": 15, "col": 21, "walk_min": 4.1, "nearest_station_id": "kr_021", "nearest_station_name": "Sinseol-dong", "a": 1, "A": "10-20", "a_inv": 6, "b": 1, "B": "10-20", "b_inv": 6, "c": 1, "C": "10-20", "c_inv": 6, "d": 1, "D": "10-20", "d_inv": 6, "e": 2, "E": "20-30", "e_inv": 5, "f": 2, "F": "20-30", "f_inv": 5, "g": 1, "G": "10-20", "g_inv": 6, "h": 1, "H": "10-20", "h_inv": 6, "i": 3, "I": "30-45", "i_inv": 4, "j": 3, "J": "30-45", "j_inv": 4, "k": 2, "K": "20-30", "k_inv": 5, "l": 2, "L": "20-30", "l_inv": 5, "m": 1, "M": "10-20", "m_inv": 6, "n": 1, "N": "10-20", "n_inv": 6, "o": 2, "O": "20-30", "o_inv": 5, "p": 2, "P": "20-30", "p_inv": 5}}, {"type": "Feature", "geometry": {"type": "Point", "coordinates": [126.98405400000001, 37.574054000000004]}, "properties": {"row": 15, "col": 15, "walk_min": 3.9, "nearest_station_id": "kr_022", "nearest_station_name": "Anguk", "a": 1, "A": "10-20", "a_inv": 6, "b": 1, "B": "10-20", "b_inv": 6, "c": 0, "C": "<10", "c_inv": 7, "d": 0, "D": "<10", "d_inv": 7, "e": 2, "E": "20-30", "e_inv": 5, "f": 2, "F": "20-30", "f_inv": 5, "g": 1, "G": "10-20", "g_inv": 6, "h": 1, "H": "10-20", "h_inv": 6, "i": 3, "I": "30-45", "i_inv": 4, "j": 3, "J": "30-45", "j_inv": 4, "k": 3, "K": "30-45", "k_inv": 4, "l": 3, "L": "30-45", "l_inv": 4, "m": 2, "M": "20-30", "m_inv": 5, "n": 2, "N": "20-30", "n_inv": 5, "o": 1, "O": "10-20", "o_inv": 6, "p": 1, "P": "10-20", "p_inv": 6}}, {"type": "Feature", "geometry": {"type": "Point", "coordinates": [127.01784, 37.574054000000004]}, "properties": {"row": 15, "col": 20, "walk_min": 2.6, "nearest_station_id": "kr_025", "nearest_station_name": "Dongmyo", "a": 1, "A": "10-20", "a_inv": 6, "b": 1, "B": "10-20", "b_inv": 6, "c": 1, "C": "10-20", "c_inv": 6, "d": 1, "D": "10-20", "d_inv": 6, "e": 2, "E": "20-30", "e_inv": 5, "f": 2, "F": "20-30", "f_inv": 5, "g": 1, "G": "10-20", "g_inv": 6, "h": 1, "H": "10-20", "h_inv": 6, "i": 3, "I": "30-45", "i_inv": 4, "j": 3, "J": "30-45", "j_inv": 4, "k": 3, "K": "30-45", "k_inv": 4, "l": 3, "L": "30-45", "l_inv": 4, "m": 1, "M": "10-20", "m_inv": 6, "n": 1, "N": "10-20", "n_inv": 6, "o": 2, "O": "20-30", "o_inv": 5, "p": 2, "P": "20-30", "p_inv": 5}}, {"type": "Feature", "geometry": {"type": "Point", "coordinates": [127.031354, 37.58081]}, "properties": {"row": 16, "col": 22, "walk_min": 4.0, "nearest_station_id": "kr_026", "nearest_station_name": "Jegidong", "a": 2, "A": "20-30", "a_inv": 5, "b": 2, "B": "20-30", "b_inv": 5, "c": 1, "C": "10-20", "c_inv": 6, "d": 1, "D": "10-20", "d_inv": 6, "e": 3, "E": "30-45", "e_inv": 4, "f": 3, "F": "30-45", "f_inv": 4, "g": 1, "G": "10-20", "g_inv": 6, "h": 1, "H": "10-20", "h_inv": 6, "i": 3, "I": "30-45", "i_inv": 4, "j": 3, "J": "30-45", "j_inv": 4, "k": 3, "K": "30-45", "k_inv": 4, "l": 3, "L": "30-45", "l_inv": 4, "m": 2, "M": "20-30", "m_inv": 5, "n": 2, "N": "20-30", "n_inv": 5, "o": 3, "O": "30-45", "o_inv": 4, "p": 3, "P": "30-45", "p_inv": 4}}, {"type": "Feature", "geometry": {"type": "Point", "coordinates": [127.02459400000001, 37.49973]}, "properties": {"row": 4, "col": 21, "walk_min": 2.9, "nearest_station_id": "kr_027", "nearest_station_name": "Gangnam", "a": 2, "A": "20-30", "a_inv": 5, "b": 2, "B": "20-30", "b_inv": 5, "c": 2, "C": "20-30", "c_inv": 5, "d": 2, "D": "20-30", "d_inv": 5, "e": 0, "E": "<10", "e_inv": 7, "f": 0, "F": "<10", "f_inv": 7, "g": 2, "G": "20-30", "g_inv": 5, "h": 2, "H": "20-30", "h_inv": 5, "i": 1, "I": "10-20", "i_inv": 6, "j": 1, "J": "10-20", "j_inv": 6, "k": 1, "K": "10-20", "k_inv": 6, "l": 1, "L": "10-20", "l_inv": 6, "m": 2, "M": "20-30", "m_inv": 5, "n": 2, "N": "20-30", "n_inv": 5, "o": 3, "O": "30-45", "o_inv": 4, "p": 3, "P": "30-45", "p_inv": 4}}, {"type": "Feature", "geometry": {"type": "Point", "coordinates": [127.04486399999999, 37.58081]}, "properties": {"row": 16, "col": 24, "walk_min": 2.6, "nearest_station_id": "kr_028", "nearest_station_name": "Cheongnyangni (University of Seoul)", "a": 2, "A": "20-30", "a_inv": 5, "b": 2, "B": "20-30", "b_inv": 5, "c": 1, "C": "10-20", "c_inv": 6, "d": 1, "D": "10-20", "d_inv": 6, "e": 3, "E": "30-45", "e_inv": 4, "f": 3, "F": "30-45", "f_inv": 4, "g": 1, "G": "10-20", "g_inv": 6, "h": 1, "H": "10-20", "h_inv": 6, "i": 3, "I": "30-45", "i_inv": 4, "j": 3, "J": "30-45", "j_inv": 4, "k": 3, "K": "30-45", "k_inv": 4, "l": 3, "L": "30-45", "l_inv": 4, "m": 2, "M": "20-30", "m_inv": 5, "n": 2, "N": "20-30", "n_inv": 5, "o": 2, "O": "20-30", "o_inv": 5, "p": 2, "P": "20-30", "p_inv": 5}}, {"type": "Feature", "geometry": {"type": "Point", "coordinates": [127.01108400000001, 37.56054]}, "properties": {"row": 13, "col": 19, "walk_min": 3.0, "nearest_station_id": "kr_029", "nearest_station_name": "\uccad\uad6c", "a": 1, "A": "10-20", "a_inv": 6, "b": 1, "B": "10-20", "b_inv": 6, "c": 1, "C": "10-20", "c_inv": 6, "d": 1, "D": "10-20", "d_inv": 6, "e": 2, "E": "20-30", "e_inv": 5, "f": 2, "F": "20-30", "f_inv": 5, "g": 0, "G": "<10", "g_inv": 7, "h": 0, "H": "<10", "h_inv": 7, "i": 3, "I": "30-45", "i_inv": 4, "j": 3, "J": "30-45", "j_inv": 4, "k": 2, "K": "20-30", "k_inv": 5, "l": 2, "L": "20-30", "l_inv": 5, "m": 1, "M": "10-20", "m_inv": 6, "n": 1, "N": "10-20", "n_inv": 6, "o": 2, "O": "20-30", "o_inv": 5, "p": 2, "P": "20-30", "p_inv": 5}}, {"type": "Feature", "geometry": {"type": "Point", "coordinates": [126.99081000000001, 37.56054]}, "properties": {"row": 13, "col": 16, "walk_min": 3.0, "nearest_station_id": "kr_369", "nearest_station_name": "\ucda9\ubb34\ub85c", "a": 0, "A": "<10", "a_inv": 7, "b": 0, "B": "<10", "b_inv": 7, "c": 0, "C": "<10", "c_inv": 7, "d": 0, "D": "<10", "d_inv": 7, "e": 2, "E": "20-30", "e_inv": 5, "f": 2, "F": "20-30", "f_inv": 5, "g": 1, "G": "10-20", "g_inv": 6, "h": 1, "H": "10-20", "h_inv": 6, "i": 2, "I": "20-30", "i_inv": 5, "j": 2, "J": "20-30", "j_inv": 5, "k": 3, "K": "30-45", "k_inv": 4, "l": 3, "L": "30-45", "l_inv": 4, "m": 2, "M": "20-30", "m_inv": 5, "n": 2, "N": "20-30", "n_inv": 5, "o": 1, "O": "10-20", "o_inv": 6, "p": 1, "P": "10-20", "p_inv": 6}}, {"type": "Feature", "geometry": {"type": "Point", "coordinates": [127.05837999999999, 37.587564]}, "properties": {"row": 17, "col": 26, "walk_min": 3.8, "nearest_station_id": "kr_031", "nearest_station_name": "Hoegi", "a": 2, "A": "20-30", "a_inv": 5, "b": 2, "B": "20-30", "b_inv": 5, "c": 2, "C": "20-30", "c_inv": 5, "d": 2, "D": "20-30", "d_inv": 5, "e": 3, "E": "30-45", "e_inv": 4, "f": 3, "F": "30-45", "f_inv": 4, "g": 2, "G": "20-30", "g_inv": 5, "h": 2, "H": "20-30", "h_inv": 5, "i": 3, "I": "30-45", "i_inv": 4, "j": 3, "J": "30-45", "j_inv": 4, "k": 3, "K": "30-45", "k_inv": 4, "l": 3, "L": "30-45", "l_inv": 4, "m": 2, "M": "20-30", "m_inv": 5, "n": 2, "N": "20-30", "n_inv": 5, "o": 3, "O": "30-45", "o_inv": 4, "p": 3, "P": "30-45", "p_inv": 4}}, {"type": "Feature", "geometry": {"type": "Point", "coordinates": [127.06513399999999, 37.594324]}, "properties": {"row": 18, "col": 27, "walk_min": 3.1, "nearest_station_id": "kr_034", "nearest_station_name": "Hankuk University of Foreign Studies", "a": 2, "A": "20-30", "a_inv": 5, "b": 2, "B": "20-30", "b_inv": 5, "c": 2, "C": "20-30", "c_inv": 5, "d": 2, "D": "20-30", "d_inv": 5, "e": 3, "E": "30-45", "e_inv": 4, "f": 3, "F": "30-45", "f_inv": 4, "g": 2, "G": "20-30", "g_inv": 5, "h": 2, "H": "20-30", "h_inv": 5, "i": 4, "I": "45-60", "i_inv": 3, "j": 4, "J": "45-60", "j_inv": 3, "k": 3, "K": "30-45", "k_inv": 4, "l": 3, "L": "30-45", "l_inv": 4, "m": 2, "M": "20-30", "m_inv": 5, "n": 2, "N": "20-30", "n_inv": 5, "o": 3, "O": "30-45", "o_inv": 4, "p": 3, "P": "30-45", "p_inv": 4}}, {"type": "Feature", "geometry": {"type": "Point", "coordinates": [126.98405400000001, 37.56054]}, "properties": {"row": 13, "col": 15, "walk_min": 4.3, "nearest_station_id": "kr_035", "nearest_station_name": "Myeong-dong", "a": 0, "A": "<10", "a_inv": 7, "b": 0, "B": "<10", "b_inv": 7, "c": 0, "C": "<10", "c_inv": 7, "d": 0, "D": "<10", "d_inv": 7, "e": 2, "E": "20-30", "e_inv": 5, "f": 2, "F": "20-30", "f_inv": 5, "g": 1, "G": "10-20", "g_inv": 6, "h": 1, "H": "10-20", "h_inv": 6, "i": 2, "I": "20-30", "i_inv": 5, "j": 2, "J": "20-30", "j_inv": 5, "k": 3, "K": "30-45", "k_inv": 4, "l": 3, "L": "30-45", "l_inv": 4, "m": 2, "M": "20-30", "m_inv": 5, "n": 2, "N": "20-30", "n_inv": 5, "o": 2, "O": "20-30", "o_inv": 5, "p": 2, "P": "20-30", "p_inv": 5}}, {"type": "Feature", "geometry": {"type": "Point", "coordinates": [126.923244, 37.519999999999996]}, "properties": {"row": 7, "col": 6, "walk_min": 2.6, "nearest_station_id": "kr_036", "nearest_station_name": "\uc5ec\uc758\ub3c4", "a": 1, "A": "10-20", "a_inv": 6, "b": 1, "B": "10-20", "b_inv": 6, "c": 2, "C": "20-30", "c_inv": 5, "d": 2, "D": "20-30", "d_inv": 5, "e": 2, "E": "20-30", "e_inv": 5, "f": 2, "F": "20-30", "f_inv": 5, "g": 3, "G": "30-45", "g_inv": 4, "h": 3, "H": "30-45", "h_inv": 4, "i": 1, "I": "10-20", "i_inv": 6, "j": 1, "J": "10-20", "j_inv": 6, "k": 3, "K": "30-45", "k_inv": 4, "l": 3, "L": "30-45", "l_inv": 4, "m": 3, "M": "30-45", "m_inv": 4, "n": 3, "N": "30-45", "n_inv": 4, "o": 1, "O": "10-20", "o_inv": 6, "p": 1, "P": "10-20", "p_inv": 6}}, {"type": "Feature", "geometry": {"type": "Point", "coordinates": [127.06513399999999, 37.601084]}, "properties": {"row": 19, "col": 27, "walk_min": 2.3, "nearest_station_id": "kr_037", "nearest_station_name": "Sinimun (Korea National University of Arts)", "a": 2, "A": "20-30", "a_inv": 5, "b": 2, "B": "20-30", "b_inv": 5, "c": 2, "C": "20-30", "c_inv": 5, "d": 2, "D": "20-30", "d_inv": 5, "e": 3, "E": "30-45", "e_inv": 4, "f": 3, "F": "30-45", "f_inv": 4, "g": 2, "G": "20-30", "g_inv": 5, "h": 2, "H": "20-30", "h_inv": 5, "i": 4, "I": "45-60", "i_inv": 3, "j": 4, "J": "45-60", "j_inv": 3, "k": 3, "K": "30-45", "k_inv": 4, "l": 3, "L": "30-45", "l_inv": 4, "m": 2, "M": "20-30", "m_inv": 5, "n": 2, "N": "20-30", "n_inv": 5, "o": 3, "O": "30-45", "o_inv": 4, "p": 3, "P": "30-45", "p_inv": 4}}, {"type": "Feature", "geometry": {"type": "Point", "coordinates": [127.03811, 37.472704]}, "properties": {"row": 0, "col": 23, "walk_min": 19.9, "nearest_station_id": "kr_038", "nearest_station_name": "Yangjae Citizen's Forest", "a": 4, "A": "45-60", "a_inv": 3, "b": 4, "B": "45-60", "b_inv": 3, "c": 4, "C": "45-60", "c_inv": 3, "d": 4, "D": "45-60", "d_inv": 3, "e": 2, "E": "20-30", "e_inv": 5, "f": 2, "F": "20-30", "f_inv": 5, "g": 4, "G": "45-60", "g_inv": 3, "h": 4, "H": "45-60", "h_inv": 3, "i": 3, "I": "30-45", "i_inv": 4, "j": 3, "J": "30-45", "j_inv": 4, "k": 3, "K": "30-45", "k_inv": 4, "l": 3, "L": "30-45", "l_inv": 4, "m": 4, "M": "45-60", "m_inv": 3, "n": 4, "N": "45-60", "n_inv": 3, "o": 4, "O": "45-60", "o_inv": 3, "p": 4, "P": "45-60", "p_inv": 3}}, {"type": "Feature", "geometry": {"type": "Point", "coordinates": [127.07865000000001, 37.55378399999999]}, "properties": {"row": 12, "col": 29, "walk_min": 4.0, "nearest_station_id": "kr_046", "nearest_station_name": "\uad70\uc790", "a": 2, "A": "20-30", "a_inv": 5, "b": 2, "B": "20-30", "b_inv": 5, "c": 2, "C": "20-30", "c_inv": 5, "d": 2, "D": "20-30", "d_inv": 5, "e": 3, "E": "30-45", "e_inv": 4, "f": 3, "F": "30-45", "f_inv": 4, "g": 1, "G": "10-20", "g_inv": 6, "h": 1, "H": "10-20", "h_inv": 6, "i": 3, "I": "30-45", "i_inv": 4, "j": 3, "J": "30-45", "j_inv": 4, "k": 3, "K": "30-45", "k_inv": 4, "l": 3, "L": "30-45", "l_inv": 4, "m": 2, "M": "20-30", "m_inv": 5, "n": 2, "N": "20-30", "n_inv": 5, "o": 3, "O": "30-45", "o_inv": 4, "p": 3, "P": "30-45", "p_inv": 4}}, {"type": "Feature", "geometry": {"type": "Point", "coordinates": [126.902974, 37.533514000000004]}, "properties": {"row": 9, "col": 3, "walk_min": 2.3, "nearest_station_id": "kr_049", "nearest_station_name": "Dangsan", "a": 2, "A": "20-30", "a_inv": 5, "b": 2, "B": "20-30", "b_inv": 5, "c": 2, "C": "20-30", "c_inv": 5, "d": 2, "D": "20-30", "d_inv": 5, "e": 2, "E": "20-30", "e_inv": 5, "f": 2, "F": "20-30", "f_inv": 5, "g": 3, "G": "30-45", "g_inv": 4, "h": 3, "H": "30-45", "h_inv": 4, "i": 2, "I": "20-30", "i_inv": 5, "j": 2, "J": "20-30", "j_inv": 5, "k": 3, "K": "30-45", "k_inv": 4, "l": 3, "L": "30-45", "l_inv": 4, "m": 3, "M": "30-45", "m_inv": 4, "n": 3, "N": "30-45", "n_inv": 4, "o": 0, "O": "<10", "o_inv": 7, "p": 0, "P": "<10", "p_inv": 7}}, {"type": "Feature", "geometry": {"type": "Point", "coordinates": [127.01108400000001, 37.492974000000004]}, "properties": {"row": 3, "col": 19, "walk_min": 2.7, "nearest_station_id": "kr_052", "nearest_station_name": "Seoul Nat'l Univ. of Education (Court & Public Prosecutors' Office)", "a": 2, "A": "20-30", "a_inv": 5, "b": 2, "B": "20-30", "b_inv": 5, "c": 2, "C": "20-30", "c_inv": 5, "d": 2, "D": "20-30", "d_inv": 5, "e": 0, "E": "<10", "e_inv": 7, "f": 0, "F": "<10", "f_inv": 7, "g": 2, "G": "20-30", "g_inv": 5, "h": 2, "H": "20-30", "h_inv": 5, "i": 0, "I": "<10", "i_inv": 7, "j": 0, "J": "<10", "j_inv": 7, "k": 2, "K": "20-30", "k_inv": 5, "l": 2, "L": "20-30", "l_inv": 5, "m": 3, "M": "30-45", "m_inv": 4, "n": 3, "N": "30-45", "n_inv": 4, "o": 3, "O": "30-45", "o_inv": 4, "p": 3, "P": "30-45", "p_inv": 4}}, {"type": "Feature", "geometry": {"type": "Point", "coordinates": [127.01108400000001, 37.55378399999999]}, "properties": {"row": 12, "col": 19, "walk_min": 2.6, "nearest_station_id": "kr_349", "nearest_station_name": "Yaksu", "a": 1, "A": "10-20", "a_inv": 6, "b": 1, "B": "10-20", "b_inv": 6, "c": 1, "C": "10-20", "c_inv": 6, "d": 1, "D": "10-20", "d_inv": 6, "e": 1, "E": "10-20", "e_inv": 6, "f": 1, "F": "10-20", "f_inv": 6, "g": 1, "G": "10-20", "g_inv": 6, "h": 1, "H": "10-20", "h_inv": 6, "i": 2, "I": "20-30", "i_inv": 5, "j": 2, "J": "20-30", "j_inv": 5, "k": 3, "K": "30-45", "k_inv": 4, "l": 3, "L": "30-45", "l_inv": 4, "m": 2, "M": "20-30", "m_inv": 5, "n": 2, "N": "20-30", "n_inv": 5, "o": 2, "O": "20-30", "o_inv": 5, "p": 2, "P": "20-30", "p_inv": 5}}, {"type": "Feature", "geometry": {"type": "Point", "coordinates": [127.01784, 37.513244]}, "properties": {"row": 6, "col": 20, "walk_min": 2.4, "nearest_station_id": "kr_056", "nearest_station_name": "Sinsa", "a": 2, "A": "20-30", "a_inv": 5, "b": 2, "B": "20-30", "b_inv": 5, "c": 2, "C": "20-30", "c_inv": 5, "d": 2, "D": "20-30", "d_inv": 5, "e": 0, "E": "<10", "e_inv": 7, "f": 0, "F": "<10", "f_inv": 7, "g": 2, "G": "20-30", "g_inv": 5, "h": 2, "H": "20-30", "h_inv": 5, "i": 1, "I": "10-20", "i_inv": 6, "j": 1, "J": "10-20", "j_inv": 6, "k": 2, "K": "20-30", "k_inv": 5, "l": 2, "L": "20-30", "l_inv": 5, "m": 3, "M": "30-45", "m_inv": 4, "n": 3, "N": "30-45", "n_inv": 4, "o": 3, "O": "30-45", "o_inv": 4, "p": 3, "P": "30-45", "p_inv": 4}}, {"type": "Feature", "geometry": {"type": "Point", "coordinates": [127.004324, 37.58081]}, "properties": {"row": 16, "col": 18, "walk_min": 7.3, "nearest_station_id": "kr_057", "nearest_station_name": "Hyehwa", "a": 2, "A": "20-30", "a_inv": 5, "b": 2, "B": "20-30", "b_inv": 5, "c": 1, "C": "10-20", "c_inv": 6, "d": 1, "D": "10-20", "d_inv": 6, "e": 3, "E": "30-45", "e_inv": 4, "f": 3, "F": "30-45", "f_inv": 4, "g": 1, "G": "10-20", "g_inv": 6, "h": 1, "H": "10-20", "h_inv": 6, "i": 3, "I": "30-45", "i_inv": 4, "j": 3, "J": "30-45", "j_inv": 4, "k": 3, "K": "30-45", "k_inv": 4, "l": 3, "L": "30-45", "l_inv": 4, "m": 2, "M": "20-30", "m_inv": 5, "n": 2, "N": "20-30", "n_inv": 5, "o": 2, "O": "20-30", "o_inv": 5, "p": 2, "P": "20-30", "p_inv": 5}}, {"type": "Feature", "geometry": {"type": "Point", "coordinates": [126.97054, 37.574054000000004]}, "properties": {"row": 15, "col": 13, "walk_min": 5.5, "nearest_station_id": "kr_077", "nearest_station_name": "Gyeongbokgung (Government Complex Seoul)", "a": 1, "A": "10-20", "a_inv": 6, "b": 1, "B": "10-20", "b_inv": 6, "c": 1, "C": "10-20", "c_inv": 6, "d": 1, "D": "10-20", "d_inv": 6, "e": 3, "E": "30-45", "e_inv": 4, "f": 3, "F": "30-45", "f_inv": 4, "g": 2, "G": "20-30", "g_inv": 5, "h": 2, "H": "20-30", "h_inv": 5, "i": 3, "I": "30-45", "i_inv": 4, "j": 3, "J": "30-45", "j_inv": 4, "k": 3, "K": "30-45", "k_inv": 4, "l": 3, "L": "30-45", "l_inv": 4, "m": 2, "M": "20-30", "m_inv": 5, "n": 2, "N": "20-30", "n_inv": 5, "o": 2, "O": "20-30", "o_inv": 5, "p": 2, "P": "20-30", "p_inv": 5}}, {"type": "Feature", "geometry": {"type": "Point", "coordinates": [127.01784, 37.54027]}, "properties": {"row": 10, "col": 20, "walk_min": 4.7, "nearest_station_id": "kr_059", "nearest_station_name": "Oksu", "a": 1, "A": "10-20", "a_inv": 6, "b": 1, "B": "10-20", "b_inv": 6, "c": 1, "C": "10-20", "c_inv": 6, "d": 1, "D": "10-20", "d_inv": 6, "e": 1, "E": "10-20", "e_inv": 6, "f": 1, "F": "10-20", "f_inv": 6, "g": 1, "G": "10-20", "g_inv": 6, "h": 1, "H": "10-20", "h_inv": 6, "i": 2, "I": "20-30", "i_inv": 5, "j": 2, "J": "20-30", "j_inv": 5, "k": 3, "K": "30-45", "k_inv": 4, "l": 3, "L": "30-45", "l_inv": 4, "m": 2, "M": "20-30", "m_inv": 5, "n": 2, "N": "20-30", "n_inv": 5, "o": 2, "O": "20-30", "o_inv": 5, "p": 2, "P": "20-30", "p_inv": 5}}, {"type": "Feature", "geometry": {"type": "Point", "coordinates": [127.004324, 37.587564]}, "properties": {"row": 17, "col": 18, "walk_min": 3.0, "nearest_station_id": "kr_061", "nearest_station_name": "Hansung Univ. (Samseongyo)", "a": 1, "A": "10-20", "a_inv": 6, "b": 1, "B": "10-20", "b_inv": 6, "c": 1, "C": "10-20", "c_inv": 6, "d": 1, "D": "10-20", "d_inv": 6, "e": 2, "E": "20-30", "e_inv": 5, "f": 2, "F": "20-30", "f_inv": 5, "g": 1, "G": "10-20", "g_inv": 6, "h": 1, "H": "10-20", "h_inv": 6, "i": 3, "I": "30-45", "i_inv": 4, "j": 3, "J": "30-45", "j_inv": 4, "k": 3, "K": "30-45", "k_inv": 4, "l": 3, "L": "30-45", "l_inv": 4, "m": 2, "M": "20-30", "m_inv": 5, "n": 2, "N": "20-30", "n_inv": 5, "o": 2, "O": "20-30", "o_inv": 5, "p": 2, "P": "20-30", "p_inv": 5}}, {"type": "Feature", "geometry": {"type": "Point", "coordinates": [126.957024, 37.574054000000004]}, "properties": {"row": 15, "col": 11, "walk_min": 5.0, "nearest_station_id": "kr_063", "nearest_station_name": "\ub3c5\ub9bd\ubb38", "a": 1, "A": "10-20", "a_inv": 6, "b": 1, "B": "10-20", "b_inv": 6, "c": 1, "C": "10-20", "c_inv": 6, "d": 1, "D": "10-20", "d_inv": 6, "e": 3, "E": "30-45", "e_inv": 4, "f": 3, "F": "30-45", "f_inv": 4, "g": 2, "G": "20-30", "g_inv": 5, "h": 2, "H": "20-30", "h_inv": 5, "i": 3, "I": "30-45", "i_inv": 4, "j": 3, "J": "30-45", "j_inv": 4, "k": 3, "K": "30-45", "k_inv": 4, "l": 3, "L": "30-45", "l_inv": 4, "m": 3, "M": "30-45", "m_inv": 4, "n": 3, "N": "30-45", "n_inv": 4, "o": 2, "O": "20-30", "o_inv": 5, "p": 2, "P": "20-30", "p_inv": 5}}, {"type": "Feature", "geometry": {"type": "Point", "coordinates": [126.95027, 37.58081]}, "properties": {"row": 16, "col": 10, "walk_min": 9.8, "nearest_station_id": "kr_067", "nearest_station_name": "\ubb34\uc545\uc7ac", "a": 2, "A": "20-30", "a_inv": 5, "b": 2, "B": "20-30", "b_inv": 5, "c": 2, "C": "20-30", "c_inv": 5, "d": 2, "D": "20-30", "d_inv": 5, "e": 3, "E": "30-45", "e_inv": 4, "f": 3, "F": "30-45", "f_inv": 4, "g": 2, "G": "20-30", "g_inv": 5, "h": 2, "H": "20-30", "h_inv": 5, "i": 4, "I": "45-60", "i_inv": 3, "j": 4, "J": "45-60", "j_inv": 3, "k": 4, "K": "45-60", "k_inv": 3, "l": 4, "L": "45-60", "l_inv": 3, "m": 3, "M": "30-45", "m_inv": 4, "n": 3, "N": "30-45", "n_inv": 4, "o": 3, "O": "30-45", "o_inv": 4, "p": 3, "P": "30-45", "p_inv": 4}}, {"type": "Feature", "geometry": {"type": "Point", "coordinates": [127.01784, 37.547024]}, "properties": {"row": 11, "col": 20, "walk_min": 4.3, "nearest_station_id": "kr_068", "nearest_station_name": "\uae08\ud638", "a": 1, "A": "10-20", "a_inv": 6, "b": 1, "B": "10-20", "b_inv": 6, "c": 1, "C": "10-20", "c_inv": 6, "d": 1, "D": "10-20", "d_inv": 6, "e": 1, "E": "10-20", "e_inv": 6, "f": 1, "F": "10-20", "f_inv": 6, "g": 1, "G": "10-20", "g_inv": 6, "h": 1, "H": "10-20", "h_inv": 6, "i": 2, "I": "20-30", "i_inv": 5, "j": 2, "J": "20-30", "j_inv": 5, "k": 3, "K": "30-45", "k_inv": 4, "l": 3, "L": "30-45", "l_inv": 4, "m": 2, "M": "20-30", "m_inv": 5, "n": 2, "N": "20-30", "n_inv": 5, "o": 2, "O": "20-30", "o_inv": 5, "p": 2, "P": "20-30", "p_inv": 5}}, {"type": "Feature", "geometry": {"type": "Point", "coordinates": [127.01784, 37.567294000000004]}, "properties": {"row": 14, "col": 20, "walk_min": 1.8, "nearest_station_id": "kr_079", "nearest_station_name": "\uc2e0\ub2f9", "a": 1, "A": "10-20", "a_inv": 6, "b": 1, "B": "10-20", "b_inv": 6, "c": 1, "C": "10-20", "c_inv": 6, "d": 1, "D": "10-20", "d_inv": 6, "e": 2, "E": "20-30", "e_inv": 5, "f": 2, "F": "20-30", "f_inv": 5, "g": 0, "G": "<10", "g_inv": 7, "h": 0, "H": "<10", "h_inv": 7, "i": 3, "I": "30-45", "i_inv": 4, "j": 3, "J": "30-45", "j_inv": 4, "k": 2, "K": "20-30", "k_inv": 5, "l": 2, "L": "20-30", "l_inv": 5, "m": 1, "M": "10-20", "m_inv": 6, "n": 1, "N": "10-20", "n_inv": 6, "o": 2, "O": "20-30", "o_inv": 5, "p": 2, "P": "20-30", "p_inv": 5}}, {"type": "Feature", "geometry": {"type": "Point", "coordinates": [127.03811, 37.56054]}, "properties": {"row": 13, "col": 23, "walk_min": 2.7, "nearest_station_id": "kr_345", "nearest_station_name": "Wangsimni(Seongdong-Gu Office)", "a": 1, "A": "10-20", "a_inv": 6, "b": 1, "B": "10-20", "b_inv": 6, "c": 1, "C": "10-20", "c_inv": 6, "d": 1, "D": "10-20", "d_inv": 6, "e": 2, "E": "20-30", "e_inv": 5, "f": 2, "F": "20-30", "f_inv": 5, "g": 0, "G": "<10", "g_inv": 7, "h": 0, "H": "<10", "h_inv": 7, "i": 3, "I": "30-45", "i_inv": 4, "j": 3, "J": "30-45", "j_inv": 4, "k": 2, "K": "20-30", "k_inv": 5, "l": 2, "L": "20-30", "l_inv": 5, "m": 1, "M": "10-20", "m_inv": 6, "n": 1, "N": "10-20", "n_inv": 6, "o": 2, "O": "20-30", "o_inv": 5, "p": 2, "P": "20-30", "p_inv": 5}}, {"type": "Feature", "geometry": {"type": "Point", "coordinates": [126.94351400000001, 37.587564]}, "properties": {"row": 17, "col": 9, "walk_min": 13.7, "nearest_station_id": "kr_110", "nearest_station_name": "Hongje (Seoul Culture Arts Univ.)", "a": 3, "A": "30-45", "a_inv": 4, "b": 3, "B": "30-45", "b_inv": 4, "c": 2, "C": "20-30", "c_inv": 5, "d": 2, "D": "20-30", "d_inv": 5, "e": 4, "E": "45-60", "e_inv": 3, "f": 4, "F": "45-60", "f_inv": 3, "g": 3, "G": "30-45", "g_inv": 4, "h": 3, "H": "30-45", "h_inv": 4, "i": 4, "I": "45-60", "i_inv": 3, "j": 4, "J": "45-60", "j_inv": 3, "k": 4, "K": "45-60", "k_inv": 3, "l": 4, "L": "45-60", "l_inv": 3, "m": 4, "M": "45-60", "m_inv": 3, "n": 4, "N": "45-60", "n_inv": 3, "o": 3, "O": "30-45", "o_inv": 4, "p": 3, "P": "30-45", "p_inv": 4}}, {"type": "Feature", "geometry": {"type": "Point", "coordinates": [127.031354, 37.56054]}, "properties": {"row": 13, "col": 22, "walk_min": 3.0, "nearest_station_id": "kr_071", "nearest_station_name": "Wangsimni", "a": 1, "A": "10-20", "a_inv": 6, "b": 1, "B": "10-20", "b_inv": 6, "c": 1, "C": "10-20", "c_inv": 6, "d": 1, "D": "10-20", "d_inv": 6, "e": 2, "E": "20-30", "e_inv": 5, "f": 2, "F": "20-30", "f_inv": 5, "g": 0, "G": "<10", "g_inv": 7, "h": 0, "H": "<10", "h_inv": 7, "i": 3, "I": "30-45", "i_inv": 4, "j": 3, "J": "30-45", "j_inv": 4, "k": 2, "K": "20-30", "k_inv": 5, "l": 2, "L": "20-30", "l_inv": 5, "m": 1, "M": "10-20", "m_inv": 6, "n": 1, "N": "10-20", "n_inv": 6, "o": 2, "O": "20-30", "o_inv": 5, "p": 2, "P": "20-30", "p_inv": 5}}, {"type": "Feature", "geometry": {"type": "Point", "coordinates": [126.936754, 37.601084]}, "properties": {"row": 19, "col": 8, "walk_min": 15.4, "nearest_station_id": "kr_080", "nearest_station_name": "\ub179\ubc88", "a": 3, "A": "30-45", "a_inv": 4, "b": 3, "B": "30-45", "b_inv": 4, "c": 3, "C": "30-45", "c_inv": 4, "d": 3, "D": "30-45", "d_inv": 4, "e": 4, "E": "45-60", "e_inv": 3, "f": 4, "F": "45-60", "f_inv": 3, "g": 3, "G": "30-45", "g_inv": 4, "h": 3, "H": "30-45", "h_inv": 4, "i": 4, "I": "45-60", "i_inv": 3, "j": 4, "J": "45-60", "j_inv": 3, "k": 5, "K": "60-90", "k_inv": 2, "l": 5, "L": "60-90", "l_inv": 2, "m": 4, "M": "45-60", "m_inv": 3, "n": 4, "N": "45-60", "n_inv": 3, "o": 4, "O": "45-60", "o_inv": 3, "p": 4, "P": "45-60", "p_inv": 3}}, {"type": "Feature", "geometry": {"type": "Point", "coordinates": [127.02459400000001, 37.601084]}, "properties": {"row": 19, "col": 21, "walk_min": 7.7, "nearest_station_id": "kr_082", "nearest_station_name": "Gireum", "a": 2, "A": "20-30", "a_inv": 5, "b": 2, "B": "20-30", "b_inv": 5, "c": 2, "C": "20-30", "c_inv": 5, "d": 2, "D": "20-30", "d_inv": 5, "e": 3, "E": "30-45", "e_inv": 4, "f": 3, "F": "30-45", "f_inv": 4, "g": 2, "G": "20-30", "g_inv": 5, "h": 2, "H": "20-30", "h_inv": 5, "i": 4, "I": "45-60", "i_inv": 3, "j": 4, "J": "45-60", "j_inv": 3, "k": 4, "K": "45-60", "k_inv": 3, "l": 4, "L": "45-60", "l_inv": 3, "m": 3, "M": "30-45", "m_inv": 4, "n": 3, "N": "30-45", "n_inv": 4, "o": 3, "O": "30-45", "o_inv": 4, "p": 3, "P": "30-45", "p_inv": 4}}, {"type": "Feature", "geometry": {"type": "Point", "coordinates": [127.04486399999999, 37.567294000000004]}, "properties": {"row": 14, "col": 24, "walk_min": 2.6, "nearest_station_id": "kr_221", "nearest_station_name": "\uc2e0\ub2f5", "a": 1, "A": "10-20", "a_inv": 6, "b": 1, "B": "10-20", "b_inv": 6, "c": 1, "C": "10-20", "c_inv": 6, "d": 1, "D": "10-20", "d_inv": 6, "e": 3, "E": "30-45", "e_inv": 4, "f": 3, "F": "30-45", "f_inv": 4, "g": 1, "G": "10-20", "g_inv": 6, "h": 1, "H": "10-20", "h_inv": 6, "i": 3, "I": "30-45", "i_inv": 4, "j": 3, "J": "30-45", "j_inv": 4, "k": 2, "K": "20-30", "k_inv": 5, "l": 2, "L": "20-30", "l_inv": 5, "m": 1, "M": "10-20", "m_inv": 6, "n": 1, "N": "10-20", "n_inv": 6, "o": 3, "O": "30-45", "o_inv": 4, "p": 3, "P": "30-45", "p_inv": 4}}, {"type": "Feature", "geometry": {"type": "Point", "coordinates": [126.916484, 37.513244]}, "properties": {"row": 6, "col": 5, "walk_min": 5.8, "nearest_station_id": "kr_095", "nearest_station_name": "Singil", "a": 2, "A": "20-30", "a_inv": 5, "b": 2, "B": "20-30", "b_inv": 5, "c": 2, "C": "20-30", "c_inv": 5, "d": 2, "D": "20-30", "d_inv": 5, "e": 2, "E": "20-30", "e_inv": 5, "f": 2, "F": "20-30", "f_inv": 5, "g": 3, "G": "30-45", "g_inv": 4, "h": 3, "H": "30-45", "h_inv": 4, "i": 2, "I": "20-30", "i_inv": 5, "j": 2, "J": "20-30", "j_inv": 5, "k": 3, "K": "30-45", "k_inv": 4, "l": 3, "L": "30-45", "l_inv": 4, "m": 4, "M": "45-60", "m_inv": 3, "n": 4, "N": "45-60", "n_inv": 3, "o": 1, "O": "10-20", "o_inv": 6, "p": 1, "P": "10-20", "p_inv": 6}}, {"type": "Feature", "geometry": {"type": "Point", "coordinates": [127.05162399999999, 37.567294000000004]}, "properties": {"row": 14, "col": 25, "walk_min": 4.8, "nearest_station_id": "kr_099", "nearest_station_name": "\ub2f5\uc2ed\ub9ac", "a": 2, "A": "20-30", "a_inv": 5, "b": 2, "B": "20-30", "b_inv": 5, "c": 2, "C": "20-30", "c_inv": 5, "d": 2, "D": "20-30", "d_inv": 5, "e": 3, "E": "30-45", "e_inv": 4, "f": 3, "F": "30-45", "f_inv": 4, "g": 0, "G": "<10", "g_inv": 7, "h": 0, "H": "<10", "h_inv": 7, "i": 3, "I": "30-45", "i_inv": 4, "j": 3, "J": "30-45", "j_inv": 4, "k": 2, "K": "20-30", "k_inv": 5, "l": 2, "L": "20-30", "l_inv": 5, "m": 1, "M": "10-20", "m_inv": 6, "n": 1, "N": "10-20", "n_inv": 6, "o": 3, "O": "30-45", "o_inv": 4, "p": 3, "P": "30-45", "p_inv": 4}}, {"type": "Feature", "geometry": {"type": "Point", "coordinates": [126.95027, 37.54027]}, "properties": {"row": 10, "col": 10, "walk_min": 3.9, "nearest_station_id": "kr_100", "nearest_station_name": "\uacf5\ub355", "a": 1, "A": "10-20", "a_inv": 6, "b": 1, "B": "10-20", "b_inv": 6, "c": 1, "C": "10-20", "c_inv": 6, "d": 1, "D": "10-20", "d_inv": 6, "e": 2, "E": "20-30", "e_inv": 5, "f": 2, "F": "20-30", "f_inv": 5, "g": 2, "G": "20-30", "g_inv": 5, "h": 2, "H": "20-30", "h_inv": 5, "i": 2, "I": "20-30", "i_inv": 5, "j": 2, "J": "20-30", "j_inv": 5, "k": 3, "K": "30-45", "k_inv": 4, "l": 3, "L": "30-45", "l_inv": 4, "m": 3, "M": "30-45", "m_inv": 4, "n": 3, "N": "30-45", "n_inv": 4, "o": 2, "O": "20-30", "o_inv": 5, "p": 2, "P": "20-30", "p_inv": 5}}, {"type": "Feature", "geometry": {"type": "Point", "coordinates": [127.01784, 37.58081]}, "properties": {"row": 16, "col": 20, "walk_min": 3.0, "nearest_station_id": "kr_101", "nearest_station_name": "\ucc3d\uc2e0", "a": 1, "A": "10-20", "a_inv": 6, "b": 1, "B": "10-20", "b_inv": 6, "c": 1, "C": "10-20", "c_inv": 6, "d": 1, "D": "10-20", "d_inv": 6, "e": 2, "E": "20-30", "e_inv": 5, "f": 2, "F": "20-30", "f_inv": 5, "g": 1, "G": "10-20", "g_inv": 6, "h": 1, "H": "10-20", "h_inv": 6, "i": 3, "I": "30-45", "i_inv": 4, "j": 3, "J": "30-45", "j_inv": 4, "k": 3, "K": "30-45", "k_inv": 4, "l": 3, "L": "30-45", "l_inv": 4, "m": 2, "M": "20-30", "m_inv": 5, "n": 2, "N": "20-30", "n_inv": 5, "o": 2, "O": "20-30", "o_inv": 5, "p": 2, "P": "20-30", "p_inv": 5}}, {"type": "Feature", "geometry": {"type": "Point", "coordinates": [127.06513399999999, 37.56054]}, "properties": {"row": 13, "col": 27, "walk_min": 2.7, "nearest_station_id": "kr_103", "nearest_station_name": "\uc7a5\ud55c\ud3c9", "a": 2, "A": "20-30", "a_inv": 5, "b": 2, "B": "20-30", "b_inv": 5, "c": 2, "C": "20-30", "c_inv": 5, "d": 2, "D": "20-30", "d_inv": 5, "e": 3, "E": "30-45", "e_inv": 4, "f": 3, "F": "30-45", "f_inv": 4, "g": 0, "G": "<10", "g_inv": 7, "h": 0, "H": "<10", "h_inv": 7, "i": 3, "I": "30-45", "i_inv": 4, "j": 3, "J": "30-45", "j_inv": 4, "k": 2, "K": "20-30", "k_inv": 5, "l": 2, "L": "20-30", "l_inv": 5, "m": 1, "M": "10-20", "m_inv": 6, "n": 1, "N": "10-20", "n_inv": 6, "o": 3, "O": "30-45", "o_inv": 4, "p": 3, "P": "30-45", "p_inv": 4}}, {"type": "Feature", "geometry": {"type": "Point", "coordinates": [127.01784, 37.587564]}, "properties": {"row": 17, "col": 20, "walk_min": 2.9, "nearest_station_id": "kr_112", "nearest_station_name": "Bomun", "a": 1, "A": "10-20", "a_inv": 6, "b": 1, "B": "10-20", "b_inv": 6, "c": 1, "C": "10-20", "c_inv": 6, "d": 1, "D": "10-20", "d_inv": 6, "e": 2, "E": "20-30", "e_inv": 5, "f": 2, "F": "20-30", "f_inv": 5, "g": 1, "G": "10-20", "g_inv": 6, "h": 1, "H": "10-20", "h_inv": 6, "i": 3, "I": "30-45", "i_inv": 4, "j": 3, "J": "30-45", "j_inv": 4, "k": 3, "K": "30-45", "k_inv": 4, "l": 3, "L": "30-45", "l_inv": 4, "m": 2, "M": "20-30", "m_inv": 5, "n": 2, "N": "20-30", "n_inv": 5, "o": 3, "O": "30-45", "o_inv": 4, "p": 3, "P": "30-45", "p_inv": 4}}, {"type": "Feature", "geometry": {"type": "Point", "coordinates": [127.01108400000001, 37.506484]}, "properties": {"row": 5, "col": 19, "walk_min": 1.9, "nearest_station_id": "kr_121", "nearest_station_name": "\ubc18\ud3ec", "a": 2, "A": "20-30", "a_inv": 5, "b": 2, "B": "20-30", "b_inv": 5, "c": 2, "C": "20-30", "c_inv": 5, "d": 2, "D": "20-30", "d_inv": 5, "e": 0, "E": "<10", "e_inv": 7, "f": 0, "F": "<10", "f_inv": 7, "g": 2, "G": "20-30", "g_inv": 5, "h": 2, "H": "20-30", "h_inv": 5, "i": 1, "I": "10-20", "i_inv": 6, "j": 1, "J": "10-20", "j_inv": 6, "k": 2, "K": "20-30", "k_inv": 5, "l": 2, "L": "20-30", "l_inv": 5, "m": 3, "M": "30-45", "m_inv": 4, "n": 3, "N": "30-45", "n_inv": 4, "o": 3, "O": "30-45", "o_inv": 4, "p": 3, "P": "30-45", "p_inv": 4}}, {"type": "Feature", "geometry": {"type": "Point", "coordinates": [127.031354, 37.587564]}, "properties": {"row": 17, "col": 22, "walk_min": 2.6, "nearest_station_id": "kr_122", "nearest_station_name": "\uc548\uc554", "a": 2, "A": "20-30", "a_inv": 5, "b": 2, "B": "20-30", "b_inv": 5, "c": 2, "C": "20-30", "c_inv": 5, "d": 2, "D": "20-30", "d_inv": 5, "e": 3, "E": "30-45", "e_inv": 4, "f": 3, "F": "30-45", "f_inv": 4, "g": 1, "G": "10-20", "g_inv": 6, "h": 1, "H": "10-20", "h_inv": 6, "i": 3, "I": "30-45", "i_inv": 4, "j": 3, "J": "30-45", "j_inv": 4, "k": 3, "K": "30-45", "k_inv": 4, "l": 3, "L": "30-45", "l_inv": 4, "m": 2, "M": "20-30", "m_inv": 5, "n": 2, "N": "20-30", "n_inv": 5, "o": 3, "O": "30-45", "o_inv": 4, "p": 3, "P": "30-45", "p_inv": 4}}, {"type": "Feature", "geometry": {"type": "Point", "coordinates": [126.93000000000002, 37.607839999999996]}, "properties": {"row": 20, "col": 7, "walk_min": 2.9, "nearest_station_id": "kr_123", "nearest_station_name": "Bulgwang", "a": 2, "A": "20-30", "a_inv": 5, "b": 2, "B": "20-30", "b_inv": 5, "c": 2, "C": "20-30", "c_inv": 5, "d": 2, "D": "20-30", "d_inv": 5, "e": 3, "E": "30-45", "e_inv": 4, "f": 3, "F": "30-45", "f_inv": 4, "g": 3, "G": "30-45", "g_inv": 4, "h": 3, "H": "30-45", "h_inv": 4, "i": 4, "I": "45-60", "i_inv": 3, "j": 4, "J": "45-60", "j_inv": 3, "k": 4, "K": "45-60", "k_inv": 3, "l": 4, "L": "45-60", "l_inv": 3, "m": 3, "M": "30-45", "m_inv": 4, "n": 3, "N": "30-45", "n_inv": 4, "o": 3, "O": "30-45", "o_inv": 4, "p": 3, "P": "30-45", "p_inv": 4}}, {"type": "Feature", "geometry": {"type": "Point", "coordinates": [127.03811, 37.587564]}, "properties": {"row": 17, "col": 23, "walk_min": 5.4, "nearest_station_id": "kr_131", "nearest_station_name": "Korea Univ.", "a": 2, "A": "20-30", "a_inv": 5, "b": 2, "B": "20-30", "b_inv": 5, "c": 2, "C": "20-30", "c_inv": 5, "d": 2, "D": "20-30", "d_inv": 5, "e": 3, "E": "30-45", "e_inv": 4, "f": 3, "F": "30-45", "f_inv": 4, "g": 2, "G": "20-30", "g_inv": 5, "h": 2, "H": "20-30", "h_inv": 5, "i": 3, "I": "30-45", "i_inv": 4, "j": 3, "J": "30-45", "j_inv": 4, "k": 3, "K": "30-45", "k_inv": 4, "l": 3, "L": "30-45", "l_inv": 4, "m": 3, "M": "30-45", "m_inv": 4, "n": 3, "N": "30-45", "n_inv": 4, "o": 3, "O": "30-45", "o_inv": 4, "p": 3, "P": "30-45", "p_inv": 4}}, {"type": "Feature", "geometry": {"type": "Point", "coordinates": [126.98405400000001, 37.479459999999996]}, "properties": {"row": 1, "col": 15, "walk_min": 10.2, "nearest_station_id": "kr_133", "nearest_station_name": "Sadang", "a": 3, "A": "30-45", "a_inv": 4, "b": 3, "B": "30-45", "b_inv": 4, "c": 3, "C": "30-45", "c_inv": 4, "d": 3, "D": "30-45", "d_inv": 4, "e": 2, "E": "20-30", "e_inv": 5, "f": 2, "F": "20-30", "f_inv": 5, "g": 3, "G": "30-45", "g_inv": 4, "h": 3, "H": "30-45", "h_inv": 4, "i": 1, "I": "10-20", "i_inv": 6, "j": 1, "J": "10-20", "j_inv": 6, "k": 3, "K": "30-45", "k_inv": 4, "l": 3, "L": "30-45", "l_inv": 4, "m": 4, "M": "45-60", "m_inv": 3, "n": 4, "N": "45-60", "n_inv": 3, "o": 3, "O": "30-45", "o_inv": 4, "p": 3, "P": "30-45", "p_inv": 4}}, {"type": "Feature", "geometry": {"type": "Point", "coordinates": [126.99081000000001, 37.486214000000004]}, "properties": {"row": 2, "col": 16, "walk_min": 3.0, "nearest_station_id": "kr_135", "nearest_station_name": "Naebang", "a": 2, "A": "20-30", "a_inv": 5, "b": 2, "B": "20-30", "b_inv": 5, "c": 2, "C": "20-30", "c_inv": 5, "d": 2, "D": "20-30", "d_inv": 5, "e": 1, "E": "10-20", "e_inv": 6, "f": 1, "F": "10-20", "f_inv": 6, "g": 3, "G": "30-45", "g_inv": 4, "h": 3, "H": "30-45", "h_inv": 4, "i": 1, "I": "10-20", "i_inv": 6, "j": 1, "J": "10-20", "j_inv": 6, "k": 2, "K": "20-30", "k_inv": 5, "l": 2, "L": "20-30", "l_inv": 5, "m": 3, "M": "30-45", "m_inv": 4, "n": 3, "N": "30-45", "n_inv": 4, "o": 3, "O": "30-45", "o_inv": 4, "p": 3, "P": "30-45", "p_inv": 4}}, {"type": "Feature", "geometry": {"type": "Point", "coordinates": [126.97054, 37.533514000000004]}, "properties": {"row": 9, "col": 13, "walk_min": 5.1, "nearest_station_id": "kr_136", "nearest_station_name": "Samgakji", "a": 1, "A": "10-20", "a_inv": 6, "b": 1, "B": "10-20", "b_inv": 6, "c": 1, "C": "10-20", "c_inv": 6, "d": 1, "D": "10-20", "d_inv": 6, "e": 2, "E": "20-30", "e_inv": 5, "f": 2, "F": "20-30", "f_inv": 5, "g": 2, "G": "20-30", "g_inv": 5, "h": 2, "H": "20-30", "h_inv": 5, "i": 1, "I": "10-20", "i_inv": 6, "j": 1, "J": "10-20", "j_inv": 6, "k": 3, "K": "30-45", "k_inv": 4, "l": 3, "L": "30-45", "l_inv": 4, "m": 3, "M": "30-45", "m_inv": 4, "n": 3, "N": "30-45", "n_inv": 4, "o": 2, "O": "20-30", "o_inv": 5, "p": 2, "P": "20-30", "p_inv": 5}}, {"type": "Feature", "geometry": {"type": "Point", "coordinates": [127.02459400000001, 37.526754000000004]}, "properties": {"row": 8, "col": 21, "walk_min": 4.1, "nearest_station_id": "kr_137", "nearest_station_name": "Apgujeong", "a": 2, "A": "20-30", "a_inv": 5, "b": 2, "B": "20-30", "b_inv": 5, "c": 2, "C": "20-30", "c_inv": 5, "d": 2, "D": "20-30", "d_inv": 5, "e": 1, "E": "10-20", "e_inv": 6, "f": 1, "F": "10-20", "f_inv": 6, "g": 2, "G": "20-30", "g_inv": 5, "h": 2, "H": "20-30", "h_inv": 5, "i": 2, "I": "20-30", "i_inv": 5, "j": 2, "J": "20-30", "j_inv": 5, "k": 2, "K": "20-30", "k_inv": 5, "l": 2, "L": "20-30", "l_inv": 5, "m": 2, "M": "20-30", "m_inv": 5, "n": 2, "N": "20-30", "n_inv": 5, "o": 3, "O": "30-45", "o_inv": 4, "p": 3, "P": "30-45", "p_inv": 4}}, {"type": "Feature", "geometry": {"type": "Point", "coordinates": [126.98405400000001, 37.486214000000004]}, "properties": {"row": 2, "col": 15, "walk_min": 4.1, "nearest_station_id": "kr_139", "nearest_station_name": "Chongsin Univ. (Isu)", "a": 2, "A": "20-30", "a_inv": 5, "b": 2, "B": "20-30", "b_inv": 5, "c": 2, "C": "20-30", "c_inv": 5, "d": 2, "D": "20-30", "d_inv": 5, "e": 1, "E": "10-20", "e_inv": 6, "f": 1, "F": "10-20", "f_inv": 6, "g": 3, "G": "30-45", "g_inv": 4, "h": 3, "H": "30-45", "h_inv": 4, "i": 1, "I": "10-20", "i_inv": 6, "j": 1, "J": "10-20", "j_inv": 6, "k": 3, "K": "30-45", "k_inv": 4, "l": 3, "L": "30-45", "l_inv": 4, "m": 3, "M": "30-45", "m_inv": 4, "n": 3, "N": "30-45", "n_inv": 4, "o": 3, "O": "30-45", "o_inv": 4, "p": 3, "P": "30-45", "p_inv": 4}}, {"type": "Feature", "geometry": {"type": "Point", "coordinates": [126.94351400000001, 37.547024]}, "properties": {"row": 11, "col": 9, "walk_min": 2.8, "nearest_station_id": "kr_140", "nearest_station_name": "\ub300\ud765", "a": 1, "A": "10-20", "a_inv": 6, "b": 1, "B": "10-20", "b_inv": 6, "c": 1, "C": "10-20", "c_inv": 6, "d": 1, "D": "10-20", "d_inv": 6, "e": 2, "E": "20-30", "e_inv": 5, "f": 2, "F": "20-30", "f_inv": 5, "g": 2, "G": "20-30", "g_inv": 5, "h": 2, "H": "20-30", "h_inv": 5, "i": 2, "I": "20-30", "i_inv": 5, "j": 2, "J": "20-30", "j_inv": 5, "k": 3, "K": "30-45", "k_inv": 4, "l": 3, "L": "30-45", "l_inv": 4, "m": 3, "M": "30-45", "m_inv": 4, "n": 3, "N": "30-45", "n_inv": 4, "o": 2, "O": "20-30", "o_inv": 5, "p": 2, "P": "20-30", "p_inv": 5}}, {"type": "Feature", "geometry": {"type": "Point", "coordinates": [127.03811, 37.601084]}, "properties": {"row": 19, "col": 23, "walk_min": 4.1, "nearest_station_id": "kr_142", "nearest_station_name": "\uc6d4\uace1", "a": 2, "A": "20-30", "a_inv": 5, "b": 2, "B": "20-30", "b_inv": 5, "c": 2, "C": "20-30", "c_inv": 5, "d": 2, "D": "20-30", "d_inv": 5, "e": 3, "E": "30-45", "e_inv": 4, "f": 3, "F": "30-45", "f_inv": 4, "g": 2, "G": "20-30", "g_inv": 5, "h": 2, "H": "20-30", "h_inv": 5, "i": 4, "I": "45-60", "i_inv": 3, "j": 4, "J": "45-60", "j_inv": 3, "k": 4, "K": "45-60", "k_inv": 3, "l": 4, "L": "45-60", "l_inv": 3, "m": 3, "M": "30-45", "m_inv": 4, "n": 3, "N": "30-45", "n_inv": 4, "o": 3, "O": "30-45", "o_inv": 4, "p": 3, "P": "30-45", "p_inv": 4}}, {"type": "Feature", "geometry": {"type": "Point", "coordinates": [127.031354, 37.513244]}, "properties": {"row": 6, "col": 22, "walk_min": 2.9, "nearest_station_id": "kr_143", "nearest_station_name": "\ud559\ub3d9", "a": 2, "A": "20-30", "a_inv": 5, "b": 2, "B": "20-30", "b_inv": 5, "c": 2, "C": "20-30", "c_inv": 5, "d": 2, "D": "20-30", "d_inv": 5, "e": 1, "E": "10-20", "e_inv": 6, "f": 1, "F": "10-20", "f_inv": 6, "g": 2, "G": "20-30", "g_inv": 5, "h": 2, "H": "20-30", "h_inv": 5, "i": 1, "I": "10-20", "i_inv": 6, "j": 1, "J": "10-20", "j_inv": 6, "k": 2, "K": "20-30", "k_inv": 5, "l": 2, "L": "20-30", "l_inv": 5, "m": 3, "M": "30-45", "m_inv": 4, "n": 3, "N": "30-45", "n_inv": 4, "o": 3, "O": "30-45", "o_inv": 4, "p": 3, "P": "30-45", "p_inv": 4}}, {"type": "Feature", "geometry": {"type": "Point", "coordinates": [126.99756400000001, 37.567294000000004]}, "properties": {"row": 14, "col": 17, "walk_min": 3.2, "nearest_station_id": "kr_144", "nearest_station_name": "\uc744\uc9c0\ub85c4\uac00", "a": 1, "A": "10-20", "a_inv": 6, "b": 1, "B": "10-20", "b_inv": 6, "c": 0, "C": "<10", "c_inv": 7, "d": 0, "D": "<10", "d_inv": 7, "e": 2, "E": "20-30", "e_inv": 5, "f": 2, "F": "20-30", "f_inv": 5, "g": 1, "G": "10-20", "g_inv": 6, "h": 1, "H": "10-20", "h_inv": 6, "i": 3, "I": "30-45", "i_inv": 4, "j": 3, "J": "30-45", "j_inv": 4, "k": 3, "K": "30-45", "k_inv": 4, "l": 3, "L": "30-45", "l_inv": 4, "m": 2, "M": "20-30", "m_inv": 5, "n": 2, "N": "20-30", "n_inv": 5, "o": 1, "O": "10-20", "o_inv": 6, "p": 1, "P": "10-20", "p_inv": 6}}, {"type": "Feature", "geometry": {"type": "Point", "coordinates": [126.88270399999999, 37.513244]}, "properties": {"row": 6, "col": 0, "walk_min": 11.0, "nearest_station_id": "kr_151", "nearest_station_name": "Dorimcheon", "a": 2, "A": "20-30", "a_inv": 5, "b": 2, "B": "20-30", "b_inv": 5, "c": 3, "C": "30-45", "c_inv": 4, "d": 3, "D": "30-45", "d_inv": 4, "e": 3, "E": "30-45", "e_inv": 4, "f": 3, "F": "30-45", "f_inv": 4, "g": 3, "G": "30-45", "g_inv": 4, "h": 3, "H": "30-45", "h_inv": 4, "i": 3, "I": "30-45", "i_inv": 4, "j": 3, "J": "30-45", "j_inv": 4, "k": 4, "K": "45-60", "k_inv": 3, "l": 4, "L": "45-60", "l_inv": 3, "m": 4, "M": "45-60", "m_inv": 3, "n": 4, "N": "45-60", "n_inv": 3, "o": 2, "O": "20-30", "o_inv": 5, "p": 2, "P": "20-30", "p_inv": 5}}, {"type": "Feature", "geometry": {"type": "Point", "coordinates": [127.01784, 37.486214000000004]}, "properties": {"row": 2, "col": 20, "walk_min": 3.7, "nearest_station_id": "kr_152", "nearest_station_name": "Nambu Bus Terminal (Seoul Arts Center)", "a": 2, "A": "20-30", "a_inv": 5, "b": 2, "B": "20-30", "b_inv": 5, "c": 2, "C": "20-30", "c_inv": 5, "d": 2, "D": "20-30", "d_inv": 5, "e": 0, "E": "<10", "e_inv": 7, "f": 0, "F": "<10", "f_inv": 7, "g": 3, "G": "30-45", "g_inv": 4, "h": 3, "H": "30-45", "h_inv": 4, "i": 1, "I": "10-20", "i_inv": 6, "j": 1, "J": "10-20", "j_inv": 6, "k": 2, "K": "20-30", "k_inv": 5, "l": 2, "L": "20-30", "l_inv": 5, "m": 3, "M": "30-45", "m_inv": 4, "n": 3, "N": "30-45", "n_inv": 4, "o": 3, "O": "30-45", "o_inv": 4, "p": 3, "P": "30-45", "p_inv": 4}}, {"type": "Feature", "geometry": {"type": "Point", "coordinates": [127.04486399999999, 37.607839999999996]}, "properties": {"row": 20, "col": 24, "walk_min": 9.2, "nearest_station_id": "kr_154", "nearest_station_name": "\uc0c1\uc6d4\uace1", "a": 3, "A": "30-45", "a_inv": 4, "b": 3, "B": "30-45", "b_inv": 4, "c": 3, "C": "30-45", "c_inv": 4, "d": 3, "D": "30-45", "d_inv": 4, "e": 3, "E": "30-45", "e_inv": 4, "f": 3, "F": "30-45", "f_inv": 4, "g": 3, "G": "30-45", "g_inv": 4, "h": 3, "H": "30-45", "h_inv": 4, "i": 4, "I": "45-60", "i_inv": 3, "j": 4, "J": "45-60", "j_inv": 3, "k": 4, "K": "45-60", "k_inv": 3, "l": 4, "L": "45-60", "l_inv": 3, "m": 3, "M": "30-45", "m_inv": 4, "n": 3, "N": "30-45", "n_inv": 4, "o": 4, "O": "45-60", "o_inv": 3, "p": 4, "P": "45-60", "p_inv": 3}}, {"type": "Feature", "geometry": {"type": "Point", "coordinates": [127.03811, 37.513244]}, "properties": {"row": 6, "col": 23, "walk_min": 4.3, "nearest_station_id": "kr_155", "nearest_station_name": "Gangnam-gu Office", "a": 3, "A": "30-45", "a_inv": 4, "b": 3, "B": "30-45", "b_inv": 4, "c": 3, "C": "30-45", "c_inv": 4, "d": 3, "D": "30-45", "d_inv": 4, "e": 1, "E": "10-20", "e_inv": 6, "f": 1, "F": "10-20", "f_inv": 6, "g": 2, "G": "20-30", "g_inv": 5, "h": 2, "H": "20-30", "h_inv": 5, "i": 2, "I": "20-30", "i_inv": 5, "j": 2, "J": "20-30", "j_inv": 5, "k": 2, "K": "20-30", "k_inv": 5, "l": 2, "L": "20-30", "l_inv": 5, "m": 3, "M": "30-45", "m_inv": 4, "n": 3, "N": "30-45", "n_inv": 4, "o": 3, "O": "30-45", "o_inv": 4, "p": 3, "P": "30-45", "p_inv": 4}}, {"type": "Feature", "geometry": {"type": "Point", "coordinates": [126.93000000000002, 37.547024]}, "properties": {"row": 11, "col": 7, "walk_min": 3.0, "nearest_station_id": "kr_156", "nearest_station_name": "\uad11\ud765\ucc3d", "a": 1, "A": "10-20", "a_inv": 6, "b": 1, "B": "10-20", "b_inv": 6, "c": 1, "C": "10-20", "c_inv": 6, "d": 1, "D": "10-20", "d_inv": 6, "e": 3, "E": "30-45", "e_inv": 4, "f": 3, "F": "30-45", "f_inv": 4, "g": 2, "G": "20-30", "g_inv": 5, "h": 2, "H": "20-30", "h_inv": 5, "i": 2, "I": "20-30", "i_inv": 5, "j": 2, "J": "20-30", "j_inv": 5, "k": 3, "K": "30-45", "k_inv": 4, "l": 3, "L": "30-45", "l_inv": 4, "m": 3, "M": "30-45", "m_inv": 4, "n": 3, "N": "30-45", "n_inv": 4, "o": 2, "O": "20-30", "o_inv": 5, "p": 2, "P": "20-30", "p_inv": 5}}, {"type": "Feature", "geometry": {"type": "Point", "coordinates": [127.07865000000001, 37.601084]}, "properties": {"row": 19, "col": 29, "walk_min": 2.3, "nearest_station_id": "kr_158", "nearest_station_name": "\uc911\ud654", "a": 3, "A": "30-45", "a_inv": 4, "b": 3, "B": "30-45", "b_inv": 4, "c": 3, "C": "30-45", "c_inv": 4, "d": 3, "D": "30-45", "d_inv": 4, "e": 3, "E": "30-45", "e_inv": 4, "f": 3, "F": "30-45", "f_inv": 4, "g": 2, "G": "20-30", "g_inv": 5, "h": 2, "H": "20-30", "h_inv": 5, "i": 4, "I": "45-60", "i_inv": 3, "j": 4, "J": "45-60", "j_inv": 3, "k": 4, "K": "45-60", "k_inv": 3, "l": 4, "L": "45-60", "l_inv": 3, "m": 3, "M": "30-45", "m_inv": 4, "n": 3, "N": "30-45", "n_inv": 4, "o": 4, "O": "45-60", "o_inv": 3, "p": 4, "P": "45-60", "p_inv": 3}}, {"type": "Feature", "geometry": {"type": "Point", "coordinates": [127.01784, 37.594324]}, "properties": {"row": 18, "col": 20, "walk_min": 3.8, "nearest_station_id": "kr_160", "nearest_station_name": "Sungshin Women's Univ.", "a": 2, "A": "20-30", "a_inv": 5, "b": 2, "B": "20-30", "b_inv": 5, "c": 1, "C": "10-20", "c_inv": 6, "d": 1, "D": "10-20", "d_inv": 6, "e": 3, "E": "30-45", "e_inv": 4, "f": 3, "F": "30-45", "f_inv": 4, "g": 1, "G": "10-20", "g_inv": 6, "h": 1, "H": "10-20", "h_inv": 6, "i": 3, "I": "30-45", "i_inv": 4, "j": 3, "J": "30-45", "j_inv": 4, "k": 3, "K": "30-45", "k_inv": 4, "l": 3, "L": "30-45", "l_inv": 4, "m": 2, "M": "20-30", "m_inv": 5, "n": 2, "N": "20-30", "n_inv": 5, "o": 3, "O": "30-45", "o_inv": 4, "p": 3, "P": "30-45", "p_inv": 4}}, {"type": "Feature", "geometry": {"type": "Point", "coordinates": [127.05162399999999, 37.492974000000004]}, "properties": {"row": 3, "col": 25, "walk_min": 6.4, "nearest_station_id": "kr_164", "nearest_station_name": "Dogok", "a": 3, "A": "30-45", "a_inv": 4, "b": 3, "B": "30-45", "b_inv": 4, "c": 3, "C": "30-45", "c_inv": 4, "d": 3, "D": "30-45", "d_inv": 4, "e": 1, "E": "10-20", "e_inv": 6, "f": 1, "F": "10-20", "f_inv": 6, "g": 3, "G": "30-45", "g_inv": 4, "h": 3, "H": "30-45", "h_inv": 4, "i": 2, "I": "20-30", "i_inv": 5, "j": 2, "J": "20-30", "j_inv": 5, "k": 2, "K": "20-30", "k_inv": 5, "l": 2, "L": "20-30", "l_inv": 5, "m": 3, "M": "30-45", "m_inv": 4, "n": 3, "N": "30-45", "n_inv": 4, "o": 4, "O": "45-60", "o_inv": 3, "p": 4, "P": "45-60", "p_inv": 3}}, {"type": "Feature", "geometry": {"type": "Point", "coordinates": [127.05162399999999, 37.519999999999996]}, "properties": {"row": 7, "col": 25, "walk_min": 3.3, "nearest_station_id": "kr_166", "nearest_station_name": "\uccad\ub2f4", "a": 3, "A": "30-45", "a_inv": 4, "b": 3, "B": "30-45", "b_inv": 4, "c": 3, "C": "30-45", "c_inv": 4, "d": 3, "D": "30-45", "d_inv": 4, "e": 1, "E": "10-20", "e_inv": 6, "f": 1, "F": "10-20", "f_inv": 6, "g": 2, "G": "20-30", "g_inv": 5, "h": 2, "H": "20-30", "h_inv": 5, "i": 2, "I": "20-30", "i_inv": 5, "j": 2, "J": "20-30", "j_inv": 5, "k": 3, "K": "30-45", "k_inv": 4, "l": 3, "L": "30-45", "l_inv": 4, "m": 3, "M": "30-45", "m_inv": 4, "n": 3, "N": "30-45", "n_inv": 4, "o": 3, "O": "30-45", "o_inv": 4, "p": 3, "P": "30-45", "p_inv": 4}}, {"type": "Feature", "geometry": {"type": "Point", "coordinates": [126.93000000000002, 37.526754000000004]}, "properties": {"row": 8, "col": 7, "walk_min": 3.1, "nearest_station_id": "kr_180", "nearest_station_name": "\uc5ec\uc758\ub098\ub8e8", "a": 1, "A": "10-20", "a_inv": 6, "b": 1, "B": "10-20", "b_inv": 6, "c": 2, "C": "20-30", "c_inv": 5, "d": 2, "D": "20-30", "d_inv": 5, "e": 2, "E": "20-30", "e_inv": 5, "f": 2, "F": "20-30", "f_inv": 5, "g": 3, "G": "30-45", "g_inv": 4, "h": 3, "H": "30-45", "h_inv": 4, "i": 2, "I": "20-30", "i_inv": 5, "j": 2, "J": "20-30", "j_inv": 5, "k": 3, "K": "30-45", "k_inv": 4, "l": 3, "L": "30-45", "l_inv": 4, "m": 3, "M": "30-45", "m_inv": 4, "n": 3, "N": "30-45", "n_inv": 4, "o": 1, "O": "10-20", "o_inv": 6, "p": 1, "P": "10-20", "p_inv": 6}}, {"type": "Feature", "geometry": {"type": "Point", "coordinates": [127.06513399999999, 37.533514000000004]}, "properties": {"row": 9, "col": 27, "walk_min": 3.5, "nearest_station_id": "kr_181", "nearest_station_name": "Jayang", "a": 3, "A": "30-45", "a_inv": 4, "b": 3, "B": "30-45", "b_inv": 4, "c": 3, "C": "30-45", "c_inv": 4, "d": 3, "D": "30-45", "d_inv": 4, "e": 2, "E": "20-30", "e_inv": 5, "f": 2, "F": "20-30", "f_inv": 5, "g": 1, "G": "10-20", "g_inv": 6, "h": 1, "H": "10-20", "h_inv": 6, "i": 3, "I": "30-45", "i_inv": 4, "j": 3, "J": "30-45", "j_inv": 4, "k": 3, "K": "30-45", "k_inv": 4, "l": 3, "L": "30-45", "l_inv": 4, "m": 2, "M": "20-30", "m_inv": 5, "n": 2, "N": "20-30", "n_inv": 5, "o": 3, "O": "30-45", "o_inv": 4, "p": 3, "P": "30-45", "p_inv": 4}}, {"type": "Feature", "geometry": {"type": "Point", "coordinates": [126.97054, 37.486214000000004]}, "properties": {"row": 2, "col": 13, "walk_min": 5.2, "nearest_station_id": "kr_182", "nearest_station_name": "\ub0a8\uc131", "a": 3, "A": "30-45", "a_inv": 4, "b": 3, "B": "30-45", "b_inv": 4, "c": 3, "C": "30-45", "c_inv": 4, "d": 3, "D": "30-45", "d_inv": 4, "e": 2, "E": "20-30", "e_inv": 5, "f": 2, "F": "20-30", "f_inv": 5, "g": 3, "G": "30-45", "g_inv": 4, "h": 3, "H": "30-45", "h_inv": 4, "i": 2, "I": "20-30", "i_inv": 5, "j": 2, "J": "20-30", "j_inv": 5, "k": 3, "K": "30-45", "k_inv": 4, "l": 3, "L": "30-45", "l_inv": 4, "m": 3, "M": "30-45", "m_inv": 4, "n": 3, "N": "30-45", "n_inv": 4, "o": 3, "O": "30-45", "o_inv": 4, "p": 3, "P": "30-45", "p_inv": 4}}, {"type": "Feature", "geometry": {"type": "Point", "coordinates": [127.071894, 37.54027]}, "properties": {"row": 10, "col": 28, "walk_min": 3.3, "nearest_station_id": "kr_183", "nearest_station_name": "Konkuk Univ.", "a": 3, "A": "30-45", "a_inv": 4, "b": 3, "B": "30-45", "b_inv": 4, "c": 3, "C": "30-45", "c_inv": 4, "d": 3, "D": "30-45", "d_inv": 4, "e": 2, "E": "20-30", "e_inv": 5, "f": 2, "F": "20-30", "f_inv": 5, "g": 1, "G": "10-20", "g_inv": 6, "h": 1, "H": "10-20", "h_inv": 6, "i": 3, "I": "30-45", "i_inv": 4, "j": 3, "J": "30-45", "j_inv": 4, "k": 3, "K": "30-45", "k_inv": 4, "l": 3, "L": "30-45", "l_inv": 4, "m": 2, "M": "20-30", "m_inv": 5, "n": 2, "N": "20-30", "n_inv": 5, "o": 3, "O": "30-45", "o_inv": 4, "p": 3, "P": "30-45", "p_inv": 4}}, {"type": "Feature", "geometry": {"type": "Point", "coordinates": [126.923244, 37.547024]}, "properties": {"row": 11, "col": 6, "walk_min": 2.2, "nearest_station_id": "kr_184", "nearest_station_name": "\uc0c1\uc218", "a": 1, "A": "10-20", "a_inv": 6, "b": 1, "B": "10-20", "b_inv": 6, "c": 2, "C": "20-30", "c_inv": 5, "d": 2, "D": "20-30", "d_inv": 5, "e": 3, "E": "30-45", "e_inv": 4, "f": 3, "F": "30-45", "f_inv": 4, "g": 3, "G": "30-45", "g_inv": 4, "h": 3, "H": "30-45", "h_inv": 4, "i": 2, "I": "20-30", "i_inv": 5, "j": 2, "J": "20-30", "j_inv": 5, "k": 4, "K": "45-60", "k_inv": 3, "l": 4, "L": "45-60", "l_inv": 3, "m": 3, "M": "30-45", "m_inv": 4, "n": 3, "N": "30-45", "n_inv": 4, "o": 2, "O": "20-30", "o_inv": 5, "p": 2, "P": "20-30", "p_inv": 5}}, {"type": "Feature", "geometry": {"type": "Point", "coordinates": [127.071894, 37.547024]}, "properties": {"row": 11, "col": 28, "walk_min": 3.1, "nearest_station_id": "kr_185", "nearest_station_name": "\uc5b4\ub9b0\uc774\ub300\uacf5\uc6d0", "a": 3, "A": "30-45", "a_inv": 4, "b": 3, "B": "30-45", "b_inv": 4, "c": 2, "C": "20-30", "c_inv": 5, "d": 2, "D": "20-30", "d_inv": 5, "e": 2, "E": "20-30", "e_inv": 5, "f": 2, "F": "20-30", "f_inv": 5, "g": 1, "G": "10-20", "g_inv": 6, "h": 1, "H": "10-20", "h_inv": 6, "i": 3, "I": "30-45", "i_inv": 4, "j": 3, "J": "30-45", "j_inv": 4, "k": 3, "K": "30-45", "k_inv": 4, "l": 3, "L": "30-45", "l_inv": 4, "m": 2, "M": "20-30", "m_inv": 5, "n": 2, "N": "20-30", "n_inv": 5, "o": 3, "O": "30-45", "o_inv": 4, "p": 3, "P": "30-45", "p_inv": 4}}, {"type": "Feature", "geometry": {"type": "Point", "coordinates": [127.05837999999999, 37.547024]}, "properties": {"row": 11, "col": 26, "walk_min": 7.3, "nearest_station_id": "kr_186", "nearest_station_name": "Seongsu", "a": 2, "A": "20-30", "a_inv": 5, "b": 2, "B": "20-30", "b_inv": 5, "c": 2, "C": "20-30", "c_inv": 5, "d": 2, "D": "20-30", "d_inv": 5, "e": 3, "E": "30-45", "e_inv": 4, "f": 3, "F": "30-45", "f_inv": 4, "g": 1, "G": "10-20", "g_inv": 6, "h": 1, "H": "10-20", "h_inv": 6, "i": 4, "I": "45-60", "i_inv": 3, "j": 4, "J": "45-60", "j_inv": 3, "k": 2, "K": "20-30", "k_inv": 5, "l": 2, "L": "20-30", "l_inv": 5, "m": 1, "M": "10-20", "m_inv": 6, "n": 1, "N": "10-20", "n_inv": 6, "o": 3, "O": "30-45", "o_inv": 4, "p": 3, "P": "30-45", "p_inv": 4}}, {"type": "Feature", "geometry": {"type": "Point", "coordinates": [126.94351400000001, 37.54027]}, "properties": {"row": 10, "col": 9, "walk_min": 4.0, "nearest_station_id": "kr_193", "nearest_station_name": "\ub9c8\ud3ec", "a": 1, "A": "10-20", "a_inv": 6, "b": 1, "B": "10-20", "b_inv": 6, "c": 1, "C": "10-20", "c_inv": 6, "d": 1, "D": "10-20", "d_inv": 6, "e": 2, "E": "20-30", "e_inv": 5, "f": 2, "F": "20-30", "f_inv": 5, "g": 2, "G": "20-30", "g_inv": 5, "h": 2, "H": "20-30", "h_inv": 5, "i": 2, "I": "20-30", "i_inv": 5, "j": 2, "J": "20-30", "j_inv": 5, "k": 3, "K": "30-45", "k_inv": 4, "l": 3, "L": "30-45", "l_inv": 4, "m": 3, "M": "30-45", "m_inv": 4, "n": 3, "N": "30-45", "n_inv": 4, "o": 2, "O": "20-30", "o_inv": 5, "p": 2, "P": "20-30", "p_inv": 5}}, {"type": "Feature", "geometry": {"type": "Point", "coordinates": [126.90973000000001, 37.547024]}, "properties": {"row": 11, "col": 4, "walk_min": 5.7, "nearest_station_id": "kr_211", "nearest_station_name": "\ud569\uc815", "a": 2, "A": "20-30", "a_inv": 5, "b": 2, "B": "20-30", "b_inv": 5, "c": 2, "C": "20-30", "c_inv": 5, "d": 2, "D": "20-30", "d_inv": 5, "e": 3, "E": "30-45", "e_inv": 4, "f": 3, "F": "30-45", "f_inv": 4, "g": 3, "G": "30-45", "g_inv": 4, "h": 3, "H": "30-45", "h_inv": 4, "i": 3, "I": "30-45", "i_inv": 4, "j": 3, "J": "30-45", "j_inv": 4, "k": 4, "K": "45-60", "k_inv": 3, "l": 4, "L": "45-60", "l_inv": 3, "m": 4, "M": "45-60", "m_inv": 3, "n": 4, "N": "45-60", "n_inv": 3, "o": 3, "O": "30-45", "o_inv": 4, "p": 3, "P": "30-45", "p_inv": 4}}, {"type": "Feature", "geometry": {"type": "Point", "coordinates": [126.88270399999999, 37.479459999999996]}, "properties": {"row": 1, "col": 0, "walk_min": 2.9, "nearest_station_id": "kr_291", "nearest_station_name": "\uac00\uc0b0\ub514\uc9c0\ud138\ub2e8\uc9c0", "a": 3, "A": "30-45", "a_inv": 4, "b": 3, "B": "30-45", "b_inv": 4, "c": 3, "C": "30-45", "c_inv": 4, "d": 3, "D": "30-45", "d_inv": 4, "e": 3, "E": "30-45", "e_inv": 4, "f": 3, "F": "30-45", "f_inv": 4, "g": 4, "G": "45-60", "g_inv": 3, "h": 4, "H": "45-60", "h_inv": 3, "i": 3, "I": "30-45", "i_inv": 4, "j": 3, "J": "30-45", "j_inv": 4, "k": 4, "K": "45-60", "k_inv": 3, "l": 4, "L": "45-60", "l_inv": 3, "m": 4, "M": "45-60", "m_inv": 3, "n": 4, "N": "45-60", "n_inv": 3, "o": 3, "O": "30-45", "o_inv": 4, "p": 3, "P": "30-45", "p_inv": 4}}, {"type": "Feature", "geometry": {"type": "Point", "coordinates": [126.95027, 37.492974000000004]}, "properties": {"row": 3, "col": 10, "walk_min": 5.5, "nearest_station_id": "kr_213", "nearest_station_name": "\uc22d\uc2e4\ub300\uc785\uad6c", "a": 3, "A": "30-45", "a_inv": 4, "b": 3, "B": "30-45", "b_inv": 4, "c": 3, "C": "30-45", "c_inv": 4, "d": 3, "D": "30-45", "d_inv": 4, "e": 2, "E": "20-30", "e_inv": 5, "f": 2, "F": "20-30", "f_inv": 5, "g": 3, "G": "30-45", "g_inv": 4, "h": 3, "H": "30-45", "h_inv": 4, "i": 2, "I": "20-30", "i_inv": 5, "j": 2, "J": "20-30", "j_inv": 5, "k": 3, "K": "30-45", "k_inv": 4, "l": 3, "L": "30-45", "l_inv": 4, "m": 4, "M": "45-60", "m_inv": 3, "n": 4, "N": "45-60", "n_inv": 3, "o": 4, "O": "45-60", "o_inv": 3, "p": 4, "P": "45-60", "p_inv": 3}}, {"type": "Feature", "geometry": {"type": "Point", "coordinates": [127.03811, 37.574054000000004]}, "properties": {"row": 15, "col": 23, "walk_min": 4.1, "nearest_station_id": "kr_214", "nearest_station_name": "\uc6a9\ub450", "a": 2, "A": "20-30", "a_inv": 5, "b": 2, "B": "20-30", "b_inv": 5, "c": 1, "C": "10-20", "c_inv": 6, "d": 1, "D": "10-20", "d_inv": 6, "e": 3, "E": "30-45", "e_inv": 4, "f": 3, "F": "30-45", "f_inv": 4, "g": 1, "G": "10-20", "g_inv": 6, "h": 1, "H": "10-20", "h_inv": 6, "i": 3, "I": "30-45", "i_inv": 4, "j": 3, "J": "30-45", "j_inv": 4, "k": 2, "K": "20-30", "k_inv": 5, "l": 2, "L": "20-30", "l_inv": 5, "m": 1, "M": "10-20", "m_inv": 6, "n": 1, "N": "10-20", "n_inv": 6, "o": 2, "O": "20-30", "o_inv": 5, "p": 2, "P": "20-30", "p_inv": 5}}, {"type": "Feature", "geometry": {"type": "Point", "coordinates": [127.01108400000001, 37.513244]}, "properties": {"row": 6, "col": 19, "walk_min": 2.9, "nearest_station_id": "kr_216", "nearest_station_name": "Jamwon", "a": 2, "A": "20-30", "a_inv": 5, "b": 2, "B": "20-30", "b_inv": 5, "c": 2, "C": "20-30", "c_inv": 5, "d": 2, "D": "20-30", "d_inv": 5, "e": 0, "E": "<10", "e_inv": 7, "f": 0, "F": "<10", "f_inv": 7, "g": 2, "G": "20-30", "g_inv": 5, "h": 2, "H": "20-30", "h_inv": 5, "i": 1, "I": "10-20", "i_inv": 6, "j": 1, "J": "10-20", "j_inv": 6, "k": 2, "K": "20-30", "k_inv": 5, "l": 2, "L": "20-30", "l_inv": 5, "m": 3, "M": "30-45", "m_inv": 4, "n": 3, "N": "30-45", "n_inv": 4, "o": 3, "O": "30-45", "o_inv": 4, "p": 3, "P": "30-45", "p_inv": 4}}, {"type": "Feature", "geometry": {"type": "Point", "coordinates": [126.97054, 37.519999999999996]}, "properties": {"row": 7, "col": 13, "walk_min": 4.1, "nearest_station_id": "kr_219", "nearest_station_name": "Ichon", "a": 1, "A": "10-20", "a_inv": 6, "b": 1, "B": "10-20", "b_inv": 6, "c": 1, "C": "10-20", "c_inv": 6, "d": 1, "D": "10-20", "d_inv": 6, "e": 1, "E": "10-20", "e_inv": 6, "f": 1, "F": "10-20", "f_inv": 6, "g": 2, "G": "20-30", "g_inv": 5, "h": 2, "H": "20-30", "h_inv": 5, "i": 1, "I": "10-20", "i_inv": 6, "j": 1, "J": "10-20", "j_inv": 6, "k": 3, "K": "30-45", "k_inv": 4, "l": 3, "L": "30-45", "l_inv": 4, "m": 3, "M": "30-45", "m_inv": 4, "n": 3, "N": "30-45", "n_inv": 4, "o": 2, "O": "20-30", "o_inv": 5, "p": 2, "P": "20-30", "p_inv": 5}}, {"type": "Feature", "geometry": {"type": "Point", "coordinates": [126.97054, 37.526754000000004]}, "properties": {"row": 8, "col": 13, "walk_min": 10.8, "nearest_station_id": "kr_238", "nearest_station_name": "Sinyongsan", "a": 1, "A": "10-20", "a_inv": 6, "b": 1, "B": "10-20", "b_inv": 6, "c": 2, "C": "20-30", "c_inv": 5, "d": 2, "D": "20-30", "d_inv": 5, "e": 2, "E": "20-30", "e_inv": 5, "f": 2, "F": "20-30", "f_inv": 5, "g": 3, "G": "30-45", "g_inv": 4, "h": 3, "H": "30-45", "h_inv": 4, "i": 2, "I": "20-30", "i_inv": 5, "j": 2, "J": "20-30", "j_inv": 5, "k": 3, "K": "30-45", "k_inv": 4, "l": 3, "L": "30-45", "l_inv": 4, "m": 3, "M": "30-45", "m_inv": 4, "n": 3, "N": "30-45", "n_inv": 4, "o": 3, "O": "30-45", "o_inv": 4, "p": 3, "P": "30-45", "p_inv": 4}}, {"type": "Feature", "geometry": {"type": "Point", "coordinates": [126.90973000000001, 37.55378399999999]}, "properties": {"row": 12, "col": 4, "walk_min": 2.6, "nearest_station_id": "kr_240", "nearest_station_name": "\ub9dd\uc6d0", "a": 2, "A": "20-30", "a_inv": 5, "b": 2, "B": "20-30", "b_inv": 5, "c": 2, "C": "20-30", "c_inv": 5, "d": 2, "D": "20-30", "d_inv": 5, "e": 3, "E": "30-45", "e_inv": 4, "f": 3, "F": "30-45", "f_inv": 4, "g": 3, "G": "30-45", "g_inv": 4, "h": 3, "H": "30-45", "h_inv": 4, "i": 3, "I": "30-45", "i_inv": 4, "j": 3, "J": "30-45", "j_inv": 4, "k": 4, "K": "45-60", "k_inv": 3, "l": 4, "L": "45-60", "l_inv": 3, "m": 3, "M": "30-45", "m_inv": 4, "n": 3, "N": "30-45", "n_inv": 4, "o": 2, "O": "20-30", "o_inv": 5, "p": 2, "P": "20-30", "p_inv": 5}}, {"type": "Feature", "geometry": {"type": "Point", "coordinates": [126.902974, 37.519999999999996]}, "properties": {"row": 7, "col": 3, "walk_min": 3.4, "nearest_station_id": "kr_241", "nearest_station_name": "\uc601\ub4f1\ud3ec\uc2dc\uc7a5", "a": 2, "A": "20-30", "a_inv": 5, "b": 2, "B": "20-30", "b_inv": 5, "c": 2, "C": "20-30", "c_inv": 5, "d": 2, "D": "20-30", "d_inv": 5, "e": 2, "E": "20-30", "e_inv": 5, "f": 2, "F": "20-30", "f_inv": 5, "g": 3, "G": "30-45", "g_inv": 4, "h": 3, "H": "30-45", "h_inv": 4, "i": 2, "I": "20-30", "i_inv": 5, "j": 2, "J": "20-30", "j_inv": 5, "k": 3, "K": "30-45", "k_inv": 4, "l": 3, "L": "30-45", "l_inv": 4, "m": 3, "M": "30-45", "m_inv": 4, "n": 3, "N": "30-45", "n_inv": 4, "o": 1, "O": "10-20", "o_inv": 6, "p": 1, "P": "10-20", "p_inv": 6}}, {"type": "Feature", "geometry": {"type": "Point", "coordinates": [126.97054, 37.547024]}, "properties": {"row": 11, "col": 13, "walk_min": 4.0, "nearest_station_id": "kr_242", "nearest_station_name": "Sookmyung Women's Univ.", "a": 0, "A": "<10", "a_inv": 7, "b": 0, "B": "<10", "b_inv": 7, "c": 0, "C": "<10", "c_inv": 7, "d": 0, "D": "<10", "d_inv": 7, "e": 2, "E": "20-30", "e_inv": 5, "f": 2, "F": "20-30", "f_inv": 5, "g": 2, "G": "20-30", "g_inv": 5, "h": 2, "H": "20-30", "h_inv": 5, "i": 2, "I": "20-30", "i_inv": 5, "j": 2, "J": "20-30", "j_inv": 5, "k": 3, "K": "30-45", "k_inv": 4, "l": 3, "L": "30-45", "l_inv": 4, "m": 2, "M": "20-30", "m_inv": 5, "n": 2, "N": "20-30", "n_inv": 5, "o": 1, "O": "10-20", "o_inv": 6, "p": 1, "P": "10-20", "p_inv": 6}}, {"type": "Feature", "geometry": {"type": "Point", "coordinates": [127.05162399999999, 37.56054]}, "properties": {"row": 13, "col": 25, "walk_min": 3.7, "nearest_station_id": "kr_243", "nearest_station_name": "\uc6a9\ub2f5", "a": 2, "A": "20-30", "a_inv": 5, "b": 2, "B": "20-30", "b_inv": 5, "c": 2, "C": "20-30", "c_inv": 5, "d": 2, "D": "20-30", "d_inv": 5, "e": 3, "E": "30-45", "e_inv": 4, "f": 3, "F": "30-45", "f_inv": 4, "g": 1, "G": "10-20", "g_inv": 6, "h": 1, "H": "10-20", "h_inv": 6, "i": 3, "I": "30-45", "i_inv": 4, "j": 3, "J": "30-45", "j_inv": 4, "k": 2, "K": "20-30", "k_inv": 5, "l": 2, "L": "20-30", "l_inv": 5, "m": 1, "M": "10-20", "m_inv": 6, "n": 1, "N": "10-20", "n_inv": 6, "o": 3, "O": "30-45", "o_inv": 4, "p": 3, "P": "30-45", "p_inv": 4}}, {"type": "Feature", "geometry": {"type": "Point", "coordinates": [126.95027, 37.49973]}, "properties": {"row": 4, "col": 10, "walk_min": 4.8, "nearest_station_id": "kr_244", "nearest_station_name": "\uc0c1\ub3c4", "a": 3, "A": "30-45", "a_inv": 4, "b": 3, "B": "30-45", "b_inv": 4, "c": 3, "C": "30-45", "c_inv": 4, "d": 3, "D": "30-45", "d_inv": 4, "e": 2, "E": "20-30", "e_inv": 5, "f": 2, "F": "20-30", "f_inv": 5, "g": 3, "G": "30-45", "g_inv": 4, "h": 3, "H": "30-45", "h_inv": 4, "i": 2, "I": "20-30", "i_inv": 5, "j": 2, "J": "20-30", "j_inv": 5, "k": 3, "K": "30-45", "k_inv": 4, "l": 3, "L": "30-45", "l_inv": 4, "m": 4, "M": "45-60", "m_inv": 3, "n": 4, "N": "45-60", "n_inv": 3, "o": 4, "O": "45-60", "o_inv": 3, "p": 4, "P": "45-60", "p_inv": 3}}, {"type": "Feature", "geometry": {"type": "Point", "coordinates": [126.96378399999999, 37.54027]}, "properties": {"row": 10, "col": 12, "walk_min": 3.6, "nearest_station_id": "kr_245", "nearest_station_name": "\ud6a8\ucc3d\uacf5\uc6d0\uc55e", "a": 0, "A": "<10", "a_inv": 7, "b": 0, "B": "<10", "b_inv": 7, "c": 1, "C": "10-20", "c_inv": 6, "d": 1, "D": "10-20", "d_inv": 6, "e": 2, "E": "20-30", "e_inv": 5, "f": 2, "F": "20-30", "f_inv": 5, "g": 2, "G": "20-30", "g_inv": 5, "h": 2, "H": "20-30", "h_inv": 5, "i": 2, "I": "20-30", "i_inv": 5, "j": 2, "J": "20-30", "j_inv": 5, "k": 3, "K": "30-45", "k_inv": 4, "l": 3, "L": "30-45", "l_inv": 4, "m": 3, "M": "30-45", "m_inv": 4, "n": 3, "N": "30-45", "n_inv": 4, "o": 2, "O": "20-30", "o_inv": 5, "p": 2, "P": "20-30", "p_inv": 5}}, {"type": "Feature", "geometry": {"type": "Point", "coordinates": [126.977294, 37.574054000000004]}, "properties": {"row": 15, "col": 14, "walk_min": 3.5, "nearest_station_id": "kr_246", "nearest_station_name": "Gwanghwamun", "a": 1, "A": "10-20", "a_inv": 6, "b": 1, "B": "10-20", "b_inv": 6, "c": 1, "C": "10-20", "c_inv": 6, "d": 1, "D": "10-20", "d_inv": 6, "e": 3, "E": "30-45", "e_inv": 4, "f": 3, "F": "30-45", "f_inv": 4, "g": 1, "G": "10-20", "g_inv": 6, "h": 1, "H": "10-20", "h_inv": 6, "i": 3, "I": "30-45", "i_inv": 4, "j": 3, "J": "30-45", "j_inv": 4, "k": 3, "K": "30-45", "k_inv": 4, "l": 3, "L": "30-45", "l_inv": 4, "m": 2, "M": "20-30", "m_inv": 5, "n": 2, "N": "20-30", "n_inv": 5, "o": 2, "O": "20-30", "o_inv": 5, "p": 2, "P": "20-30", "p_inv": 5}}, {"type": "Feature", "geometry": {"type": "Point", "coordinates": [127.04486399999999, 37.486214000000004]}, "properties": {"row": 2, "col": 24, "walk_min": 3.5, "nearest_station_id": "kr_251", "nearest_station_name": "\ub9e4\ubd09", "a": 3, "A": "30-45", "a_inv": 4, "b": 3, "B": "30-45", "b_inv": 4, "c": 3, "C": "30-45", "c_inv": 4, "d": 3, "D": "30-45", "d_inv": 4, "e": 0, "E": "<10", "e_inv": 7, "f": 0, "F": "<10", "f_inv": 7, "g": 3, "G": "30-45", "g_inv": 4, "h": 3, "H": "30-45", "h_inv": 4, "i": 1, "I": "10-20", "i_inv": 6, "j": 1, "J": "10-20", "j_inv": 6, "k": 2, "K": "20-30", "k_inv": 5, "l": 2, "L": "20-30", "l_inv": 5, "m": 3, "M": "30-45", "m_inv": 4, "n": 3, "N": "30-45", "n_inv": 4, "o": 3, "O": "30-45", "o_inv": 4, "p": 3, "P": "30-45", "p_inv": 4}}, {"type": "Feature", "geometry": {"type": "Point", "coordinates": [127.03811, 37.49973]}, "properties": {"row": 4, "col": 23, "walk_min": 6.2, "nearest_station_id": "kr_252", "nearest_station_name": "Yeoksam", "a": 3, "A": "30-45", "a_inv": 4, "b": 3, "B": "30-45", "b_inv": 4, "c": 3, "C": "30-45", "c_inv": 4, "d": 3, "D": "30-45", "d_inv": 4, "e": 0, "E": "<10", "e_inv": 7, "f": 0, "F": "<10", "f_inv": 7, "g": 3, "G": "30-45", "g_inv": 4, "h": 3, "H": "30-45", "h_inv": 4, "i": 1, "I": "10-20", "i_inv": 6, "j": 1, "J": "10-20", "j_inv": 6, "k": 1, "K": "10-20", "k_inv": 6, "l": 1, "L": "10-20", "l_inv": 6, "m": 3, "M": "30-45", "m_inv": 4, "n": 3, "N": "30-45", "n_inv": 4, "o": 3, "O": "30-45", "o_inv": 4, "p": 3, "P": "30-45", "p_inv": 4}}, {"type": "Feature", "geometry": {"type": "Point", "coordinates": [126.89621400000001, 37.492974000000004]}, "properties": {"row": 3, "col": 2, "walk_min": 2.4, "nearest_station_id": "kr_343", "nearest_station_name": "\ub300\ub9bc", "a": 3, "A": "30-45", "a_inv": 4, "b": 3, "B": "30-45", "b_inv": 4, "c": 3, "C": "30-45", "c_inv": 4, "d": 3, "D": "30-45", "d_inv": 4, "e": 3, "E": "30-45", "e_inv": 4, "f": 3, "F": "30-45", "f_inv": 4, "g": 4, "G": "45-60", "g_inv": 3, "h": 4, "H": "45-60", "h_inv": 3, "i": 3, "I": "30-45", "i_inv": 4, "j": 3, "J": "30-45", "j_inv": 4, "k": 4, "K": "45-60", "k_inv": 3, "l": 4, "L": "45-60", "l_inv": 3, "m": 4, "M": "45-60", "m_inv": 3, "n": 4, "N": "45-60", "n_inv": 3, "o": 3, "O": "30-45", "o_inv": 4, "p": 3, "P": "30-45", "p_inv": 4}}, {"type": "Feature", "geometry": {"type": "Point", "coordinates": [126.957024, 37.55378399999999]}, "properties": {"row": 12, "col": 11, "walk_min": 1.8, "nearest_station_id": "kr_257", "nearest_station_name": "\uc560\uc624\uac1c", "a": 1, "A": "10-20", "a_inv": 6, "b": 1, "B": "10-20", "b_inv": 6, "c": 1, "C": "10-20", "c_inv": 6, "d": 1, "D": "10-20", "d_inv": 6, "e": 2, "E": "20-30", "e_inv": 5, "f": 2, "F": "20-30", "f_inv": 5, "g": 2, "G": "20-30", "g_inv": 5, "h": 2, "H": "20-30", "h_inv": 5, "i": 2, "I": "20-30", "i_inv": 5, "j": 2, "J": "20-30", "j_inv": 5, "k": 3, "K": "30-45", "k_inv": 4, "l": 3, "L": "30-45", "l_inv": 4, "m": 3, "M": "30-45", "m_inv": 4, "n": 3, "N": "30-45", "n_inv": 4, "o": 1, "O": "10-20", "o_inv": 6, "p": 1, "P": "10-20", "p_inv": 6}}, {"type": "Feature", "geometry": {"type": "Point", "coordinates": [126.902974, 37.56054]}, "properties": {"row": 13, "col": 3, "walk_min": 7.8, "nearest_station_id": "kr_259", "nearest_station_name": "\ub9c8\ud3ec\uad6c\uccad", "a": 3, "A": "30-45", "a_inv": 4, "b": 3, "B": "30-45", "b_inv": 4, "c": 3, "C": "30-45", "c_inv": 4, "d": 3, "D": "30-45", "d_inv": 4, "e": 3, "E": "30-45", "e_inv": 4, "f": 3, "F": "30-45", "f_inv": 4, "g": 3, "G": "30-45", "g_inv": 4, "h": 3, "H": "30-45", "h_inv": 4, "i": 3, "I": "30-45", "i_inv": 4, "j": 3, "J": "30-45", "j_inv": 4, "k": 4, "K": "45-60", "k_inv": 3, "l": 4, "L": "45-60", "l_inv": 3, "m": 4, "M": "45-60", "m_inv": 3, "n": 4, "N": "45-60", "n_inv": 3, "o": 3, "O": "30-45", "o_inv": 4, "p": 3, "P": "30-45", "p_inv": 4}}, {"type": "Feature", "geometry": {"type": "Point", "coordinates": [126.96378399999999, 37.567294000000004]}, "properties": {"row": 14, "col": 12, "walk_min": 8.6, "nearest_station_id": "kr_260", "nearest_station_name": "\uc11c\ub300\ubb38", "a": 2, "A": "20-30", "a_inv": 5, "b": 2, "B": "20-30", "b_inv": 5, "c": 1, "C": "10-20", "c_inv": 6, "d": 1, "D": "10-20", "d_inv": 6, "e": 3, "E": "30-45", "e_inv": 4, "f": 3, "F": "30-45", "f_inv": 4, "g": 2, "G": "20-30", "g_inv": 5, "h": 2, "H": "20-30", "h_inv": 5, "i": 3, "I": "30-45", "i_inv": 4, "j": 3, "J": "30-45", "j_inv": 4, "k": 3, "K": "30-45", "k_inv": 4, "l": 3, "L": "30-45", "l_inv": 4, "m": 3, "M": "30-45", "m_inv": 4, "n": 3, "N": "30-45", "n_inv": 4, "o": 2, "O": "20-30", "o_inv": 5, "p": 2, "P": "20-30", "p_inv": 5}}, {"type": "Feature", "geometry": {"type": "Point", "coordinates": [127.04486399999999, 37.55378399999999]}, "properties": {"row": 12, "col": 24, "walk_min": 10.5, "nearest_station_id": "kr_272", "nearest_station_name": "Hanyang University", "a": 2, "A": "20-30", "a_inv": 5, "b": 2, "B": "20-30", "b_inv": 5, "c": 2, "C": "20-30", "c_inv": 5, "d": 2, "D": "20-30", "d_inv": 5, "e": 3, "E": "30-45", "e_inv": 4, "f": 3, "F": "30-45", "f_inv": 4, "g": 1, "G": "10-20", "g_inv": 6, "h": 1, "H": "10-20", "h_inv": 6, "i": 4, "I": "45-60", "i_inv": 3, "j": 4, "J": "45-60", "j_inv": 3, "k": 2, "K": "20-30", "k_inv": 5, "l": 2, "L": "20-30", "l_inv": 5, "m": 1, "M": "10-20", "m_inv": 6, "n": 1, "N": "10-20", "n_inv": 6, "o": 3, "O": "30-45", "o_inv": 4, "p": 3, "P": "30-45", "p_inv": 4}}, {"type": "Feature", "geometry": {"type": "Point", "coordinates": [126.936754, 37.506484]}, "properties": {"row": 5, "col": 8, "walk_min": 4.1, "nearest_station_id": "kr_273", "nearest_station_name": "\uc7a5\uc2b9\ubc30\uae30", "a": 3, "A": "30-45", "a_inv": 4, "b": 3, "B": "30-45", "b_inv": 4, "c": 3, "C": "30-45", "c_inv": 4, "d": 3, "D": "30-45", "d_inv": 4, "e": 2, "E": "20-30", "e_inv": 5, "f": 2, "F": "20-30", "f_inv": 5, "g": 4, "G": "45-60", "g_inv": 3, "h": 4, "H": "45-60", "h_inv": 3, "i": 3, "I": "30-45", "i_inv": 4, "j": 3, "J": "30-45", "j_inv": 4, "k": 3, "K": "30-45", "k_inv": 4, "l": 3, "L": "30-45", "l_inv": 4, "m": 4, "M": "45-60", "m_inv": 3, "n": 4, "N": "45-60", "n_inv": 3, "o": 4, "O": "45-60", "o_inv": 3, "p": 4, "P": "45-60", "p_inv": 3}}, {"type": "Feature", "geometry": {"type": "Point", "coordinates": [126.89621400000001, 37.519999999999996]}, "properties": {"row": 7, "col": 2, "walk_min": 2.6, "nearest_station_id": "kr_282", "nearest_station_name": "Mullae", "a": 2, "A": "20-30", "a_inv": 5, "b": 2, "B": "20-30", "b_inv": 5, "c": 2, "C": "20-30", "c_inv": 5, "d": 2, "D": "20-30", "d_inv": 5, "e": 3, "E": "30-45", "e_inv": 4, "f": 3, "F": "30-45", "f_inv": 4, "g": 3, "G": "30-45", "g_inv": 4, "h": 3, "H": "30-45", "h_inv": 4, "i": 2, "I": "20-30", "i_inv": 5, "j": 2, "J": "20-30", "j_inv": 5, "k": 3, "K": "30-45", "k_inv": 4, "l": 3, "L": "30-45", "l_inv": 4, "m": 4, "M": "45-60", "m_inv": 3, "n": 4, "N": "45-60", "n_inv": 3, "o": 1, "O": "10-20", "o_inv": 6, "p": 1, "P": "10-20", "p_inv": 6}}, {"type": "Feature", "geometry": {"type": "Point", "coordinates": [127.05162399999999, 37.506484]}, "properties": {"row": 5, "col": 25, "walk_min": 5.0, "nearest_station_id": "kr_275", "nearest_station_name": "Seolleung", "a": 3, "A": "30-45", "a_inv": 4, "b": 3, "B": "30-45", "b_inv": 4, "c": 3, "C": "30-45", "c_inv": 4, "d": 3, "D": "30-45", "d_inv": 4, "e": 1, "E": "10-20", "e_inv": 6, "f": 1, "F": "10-20", "f_inv": 6, "g": 3, "G": "30-45", "g_inv": 4, "h": 3, "H": "30-45", "h_inv": 4, "i": 2, "I": "20-30", "i_inv": 5, "j": 2, "J": "20-30", "j_inv": 5, "k": 1, "K": "10-20", "k_inv": 6, "l": 1, "L": "10-20", "l_inv": 6, "m": 2, "M": "20-30", "m_inv": 5, "n": 2, "N": "20-30", "n_inv": 5, "o": 3, "O": "30-45", "o_inv": 4, "p": 3, "P": "30-45", "p_inv": 4}}, {"type": "Feature", "geometry": {"type": "Point", "coordinates": [126.96378399999999, 37.56054]}, "properties": {"row": 13, "col": 12, "walk_min": 3.0, "nearest_station_id": "kr_283", "nearest_station_name": "Chungjeongno(Kyonggi University)", "a": 1, "A": "10-20", "a_inv": 6, "b": 1, "B": "10-20", "b_inv": 6, "c": 1, "C": "10-20", "c_inv": 6, "d": 1, "D": "10-20", "d_inv": 6, "e": 3, "E": "30-45", "e_inv": 4, "f": 3, "F": "30-45", "f_inv": 4, "g": 1, "G": "10-20", "g_inv": 6, "h": 1, "H": "10-20", "h_inv": 6, "i": 2, "I": "20-30", "i_inv": 5, "j": 2, "J": "20-30", "j_inv": 5, "k": 3, "K": "30-45", "k_inv": 4, "l": 3, "L": "30-45", "l_inv": 4, "m": 2, "M": "20-30", "m_inv": 5, "n": 2, "N": "20-30", "n_inv": 5, "o": 1, "O": "10-20", "o_inv": 6, "p": 1, "P": "10-20", "p_inv": 6}}, {"type": "Feature", "geometry": {"type": "Point", "coordinates": [127.01784, 37.55378399999999]}, "properties": {"row": 12, "col": 20, "walk_min": 3.2, "nearest_station_id": "kr_277", "nearest_station_name": "\uc2e0\uae08\ud638", "a": 1, "A": "10-20", "a_inv": 6, "b": 1, "B": "10-20", "b_inv": 6, "c": 1, "C": "10-20", "c_inv": 6, "d": 1, "D": "10-20", "d_inv": 6, "e": 2, "E": "20-30", "e_inv": 5, "f": 2, "F": "20-30", "f_inv": 5, "g": 0, "G": "<10", "g_inv": 7, "h": 0, "H": "<10", "h_inv": 7, "i": 3, "I": "30-45", "i_inv": 4, "j": 3, "J": "30-45", "j_inv": 4, "k": 2, "K": "20-30", "k_inv": 5, "l": 2, "L": "20-30", "l_inv": 5, "m": 1, "M": "10-20", "m_inv": 6, "n": 1, "N": "10-20", "n_inv": 6, "o": 2, "O": "20-30", "o_inv": 5, "p": 2, "P": "20-30", "p_inv": 5}}, {"type": "Feature", "geometry": {"type": "Point", "coordinates": [126.99081000000001, 37.567294000000004]}, "properties": {"row": 14, "col": 16, "walk_min": 1.8, "nearest_station_id": "kr_278", "nearest_station_name": "Euljiro 3(sam)-ga", "a": 0, "A": "<10", "a_inv": 7, "b": 0, "B": "<10", "b_inv": 7, "c": 0, "C": "<10", "c_inv": 7, "d": 0, "D": "<10", "d_inv": 7, "e": 2, "E": "20-30", "e_inv": 5, "f": 2, "F": "20-30", "f_inv": 5, "g": 1, "G": "10-20", "g_inv": 6, "h": 1, "H": "10-20", "h_inv": 6, "i": 2, "I": "20-30", "i_inv": 5, "j": 2, "J": "20-30", "j_inv": 5, "k": 3, "K": "30-45", "k_inv": 4, "l": 3, "L": "30-45", "l_inv": 4, "m": 2, "M": "20-30", "m_inv": 5, "n": 2, "N": "20-30", "n_inv": 5, "o": 1, "O": "10-20", "o_inv": 6, "p": 1, "P": "10-20", "p_inv": 6}}, {"type": "Feature", "geometry": {"type": "Point", "coordinates": [127.06513399999999, 37.506484]}, "properties": {"row": 5, "col": 27, "walk_min": 7.2, "nearest_station_id": "kr_279", "nearest_station_name": "Samseong(World Trade Center Seoul)", "a": 3, "A": "30-45", "a_inv": 4, "b": 3, "B": "30-45", "b_inv": 4, "c": 3, "C": "30-45", "c_inv": 4, "d": 3, "D": "30-45", "d_inv": 4, "e": 1, "E": "10-20", "e_inv": 6, "f": 1, "F": "10-20", "f_inv": 6, "g": 3, "G": "30-45", "g_inv": 4, "h": 3, "H": "30-45", "h_inv": 4, "i": 2, "I": "20-30", "i_inv": 5, "j": 2, "J": "20-30", "j_inv": 5, "k": 1, "K": "10-20", "k_inv": 6, "l": 1, "L": "10-20", "l_inv": 6, "m": 2, "M": "20-30", "m_inv": 5, "n": 2, "N": "20-30", "n_inv": 5, "o": 4, "O": "45-60", "o_inv": 3, "p": 4, "P": "45-60", "p_inv": 3}}, {"type": "Feature", "geometry": {"type": "Point", "coordinates": [127.04486399999999, 37.547024]}, "properties": {"row": 11, "col": 24, "walk_min": 5.9, "nearest_station_id": "kr_285", "nearest_station_name": "Ttukseom", "a": 2, "A": "20-30", "a_inv": 5, "b": 2, "B": "20-30", "b_inv": 5, "c": 2, "C": "20-30", "c_inv": 5, "d": 2, "D": "20-30", "d_inv": 5, "e": 3, "E": "30-45", "e_inv": 4, "f": 3, "F": "30-45", "f_inv": 4, "g": 0, "G": "<10", "g_inv": 7, "h": 0, "H": "<10", "h_inv": 7, "i": 3, "I": "30-45", "i_inv": 4, "j": 3, "J": "30-45", "j_inv": 4, "k": 2, "K": "20-30", "k_inv": 5, "l": 2, "L": "20-30", "l_inv": 5, "m": 1, "M": "10-20", "m_inv": 6, "n": 1, "N": "10-20", "n_inv": 6, "o": 3, "O": "30-45", "o_inv": 4, "p": 3, "P": "30-45", "p_inv": 4}}, {"type": "Feature", "geometry": {"type": "Point", "coordinates": [126.902974, 37.486214000000004]}, "properties": {"row": 2, "col": 3, "walk_min": 4.4, "nearest_station_id": "kr_288", "nearest_station_name": "Guro Digital Complex", "a": 2, "A": "20-30", "a_inv": 5, "b": 2, "B": "20-30", "b_inv": 5, "c": 3, "C": "30-45", "c_inv": 4, "d": 3, "D": "30-45", "d_inv": 4, "e": 3, "E": "30-45", "e_inv": 4, "f": 3, "F": "30-45", "f_inv": 4, "g": 3, "G": "30-45", "g_inv": 4, "h": 3, "H": "30-45", "h_inv": 4, "i": 2, "I": "20-30", "i_inv": 5, "j": 2, "J": "20-30", "j_inv": 5, "k": 4, "K": "45-60", "k_inv": 3, "l": 4, "L": "45-60", "l_inv": 3, "m": 4, "M": "45-60", "m_inv": 3, "n": 4, "N": "45-60", "n_inv": 3, "o": 2, "O": "20-30", "o_inv": 5, "p": 2, "P": "20-30", "p_inv": 5}}, {"type": "Feature", "geometry": {"type": "Point", "coordinates": [127.06513399999999, 37.492974000000004]}, "properties": {"row": 3, "col": 27, "walk_min": 7.2, "nearest_station_id": "kr_289", "nearest_station_name": "Daechi", "a": 3, "A": "30-45", "a_inv": 4, "b": 3, "B": "30-45", "b_inv": 4, "c": 3, "C": "30-45", "c_inv": 4, "d": 3, "D": "30-45", "d_inv": 4, "e": 1, "E": "10-20", "e_inv": 6, "f": 1, "F": "10-20", "f_inv": 6, "g": 3, "G": "30-45", "g_inv": 4, "h": 3, "H": "30-45", "h_inv": 4, "i": 2, "I": "20-30", "i_inv": 5, "j": 2, "J": "20-30", "j_inv": 5, "k": 3, "K": "30-45", "k_inv": 4, "l": 3, "L": "30-45", "l_inv": 4, "m": 3, "M": "30-45", "m_inv": 4, "n": 3, "N": "30-45", "n_inv": 4, "o": 4, "O": "45-60", "o_inv": 3, "p": 4, "P": "45-60", "p_inv": 3}}, {"type": "Feature", "geometry": {"type": "Point", "coordinates": [126.89621400000001, 37.567294000000004]}, "properties": {"row": 14, "col": 2, "walk_min": 19.0, "nearest_station_id": "kr_293", "nearest_station_name": "\uc6d4\ub4dc\ucef5\uacbd\uae30\uc7a5", "a": 3, "A": "30-45", "a_inv": 4, "b": 3, "B": "30-45", "b_inv": 4, "c": 4, "C": "45-60", "c_inv": 3, "d": 4, "D": "45-60", "d_inv": 3, "e": 4, "E": "45-60", "e_inv": 3, "f": 4, "F": "45-60", "f_inv": 3, "g": 4, "G": "45-60", "g_inv": 3, "h": 4, "H": "45-60", "h_inv": 3, "i": 4, "I": "45-60", "i_inv": 3, "j": 4, "J": "45-60", "j_inv": 3, "k": 5, "K": "60-90", "k_inv": 2, "l": 5, "L": "60-90", "l_inv": 2, "m": 5, "M": "60-90", "m_inv": 2, "n": 5, "N": "60-90", "n_inv": 2, "o": 4, "O": "45-60", "o_inv": 3, "p": 4, "P": "45-60", "p_inv": 3}}, {"type": "Feature", "geometry": {"type": "Point", "coordinates": [126.923244, 37.607839999999996]}, "properties": {"row": 20, "col": 6, "walk_min": 4.6, "nearest_station_id": "kr_294", "nearest_station_name": "\uc5ed\ucd0c", "a": 3, "A": "30-45", "a_inv": 4, "b": 3, "B": "30-45", "b_inv": 4, "c": 2, "C": "20-30", "c_inv": 5, "d": 2, "D": "20-30", "d_inv": 5, "e": 4, "E": "45-60", "e_inv": 3, "f": 4, "F": "45-60", "f_inv": 3, "g": 3, "G": "30-45", "g_inv": 4, "h": 3, "H": "30-45", "h_inv": 4, "i": 4, "I": "45-60", "i_inv": 3, "j": 4, "J": "45-60", "j_inv": 3, "k": 4, "K": "45-60", "k_inv": 3, "l": 4, "L": "45-60", "l_inv": 3, "m": 3, "M": "30-45", "m_inv": 4, "n": 3, "N": "30-45", "n_inv": 4, "o": 3, "O": "30-45", "o_inv": 4, "p": 3, "P": "30-45", "p_inv": 4}}, {"type": "Feature", "geometry": {"type": "Point", "coordinates": [126.98405400000001, 37.533514000000004]}, "properties": {"row": 9, "col": 15, "walk_min": 3.7, "nearest_station_id": "kr_295", "nearest_station_name": "\ub179\uc0ac\ud3c9", "a": 1, "A": "10-20", "a_inv": 6, "b": 1, "B": "10-20", "b_inv": 6, "c": 1, "C": "10-20", "c_inv": 6, "d": 1, "D": "10-20", "d_inv": 6, "e": 2, "E": "20-30", "e_inv": 5, "f": 2, "F": "20-30", "f_inv": 5, "g": 1, "G": "10-20", "g_inv": 6, "h": 1, "H": "10-20", "h_inv": 6, "i": 2, "I": "20-30", "i_inv": 5, "j": 2, "J": "20-30", "j_inv": 5, "k": 3, "K": "30-45", "k_inv": 4, "l": 3, "L": "30-45", "l_inv": 4, "m": 2, "M": "20-30", "m_inv": 5, "n": 2, "N": "20-30", "n_inv": 5, "o": 2, "O": "20-30", "o_inv": 5, "p": 2, "P": "20-30", "p_inv": 5}}, {"type": "Feature", "geometry": {"type": "Point", "coordinates": [127.031354, 37.55378399999999]}, "properties": {"row": 12, "col": 22, "walk_min": 5.9, "nearest_station_id": "kr_296", "nearest_station_name": "\ud589\ub2f9", "a": 1, "A": "10-20", "a_inv": 6, "b": 1, "B": "10-20", "b_inv": 6, "c": 1, "C": "10-20", "c_inv": 6, "d": 1, "D": "10-20", "d_inv": 6, "e": 2, "E": "20-30", "e_inv": 5, "f": 2, "F": "20-30", "f_inv": 5, "g": 0, "G": "<10", "g_inv": 7, "h": 0, "H": "<10", "h_inv": 7, "i": 3, "I": "30-45", "i_inv": 4, "j": 3, "J": "30-45", "j_inv": 4, "k": 2, "K": "20-30", "k_inv": 5, "l": 2, "L": "20-30", "l_inv": 5, "m": 1, "M": "10-20", "m_inv": 6, "n": 1, "N": "10-20", "n_inv": 6, "o": 3, "O": "30-45", "o_inv": 4, "p": 3, "P": "30-45", "p_inv": 4}}, {"type": "Feature", "geometry": {"type": "Point", "coordinates": [126.93000000000002, 37.49973]}, "properties": {"row": 4, "col": 7, "walk_min": 3.9, "nearest_station_id": "kr_299", "nearest_station_name": "\uc2e0\ub300\ubc29\uc0bc\uac70\ub9ac", "a": 3, "A": "30-45", "a_inv": 4, "b": 3, "B": "30-45", "b_inv": 4, "c": 3, "C": "30-45", "c_inv": 4, "d": 3, "D": "30-45", "d_inv": 4, "e": 2, "E": "20-30", "e_inv": 5, "f": 2, "F": "20-30", "f_inv": 5, "g": 4, "G": "45-60", "g_inv": 3, "h": 4, "H": "45-60", "h_inv": 3, "i": 3, "I": "30-45", "i_inv": 4, "j": 3, "J": "30-45", "j_inv": 4, "k": 3, "K": "30-45", "k_inv": 4, "l": 3, "L": "30-45", "l_inv": 4, "m": 4, "M": "45-60", "m_inv": 3, "n": 4, "N": "45-60", "n_inv": 3, "o": 4, "O": "45-60", "o_inv": 3, "p": 4, "P": "45-60", "p_inv": 3}}, {"type": "Feature", "geometry": {"type": "Point", "coordinates": [126.89621400000001, 37.526754000000004]}, "properties": {"row": 8, "col": 2, "walk_min": 3.2, "nearest_station_id": "kr_300", "nearest_station_name": "Yeongdeungpo-gu Office", "a": 2, "A": "20-30", "a_inv": 5, "b": 2, "B": "20-30", "b_inv": 5, "c": 2, "C": "20-30", "c_inv": 5, "d": 2, "D": "20-30", "d_inv": 5, "e": 3, "E": "30-45", "e_inv": 4, "f": 3, "F": "30-45", "f_inv": 4, "g": 3, "G": "30-45", "g_inv": 4, "h": 3, "H": "30-45", "h_inv": 4, "i": 2, "I": "20-30", "i_inv": 5, "j": 2, "J": "20-30", "j_inv": 5, "k": 3, "K": "30-45", "k_inv": 4, "l": 3, "L": "30-45", "l_inv": 4, "m": 4, "M": "45-60", "m_inv": 3, "n": 4, "N": "45-60", "n_inv": 3, "o": 1, "O": "10-20", "o_inv": 6, "p": 1, "P": "10-20", "p_inv": 6}}, {"type": "Feature", "geometry": {"type": "Point", "coordinates": [126.88270399999999, 37.526754000000004]}, "properties": {"row": 8, "col": 0, "walk_min": 12.4, "nearest_station_id": "kr_314", "nearest_station_name": "Yangpyeong", "a": 3, "A": "30-45", "a_inv": 4, "b": 3, "B": "30-45", "b_inv": 4, "c": 3, "C": "30-45", "c_inv": 4, "d": 3, "D": "30-45", "d_inv": 4, "e": 3, "E": "30-45", "e_inv": 4, "f": 3, "F": "30-45", "f_inv": 4, "g": 4, "G": "45-60", "g_inv": 3, "h": 4, "H": "45-60", "h_inv": 3, "i": 3, "I": "30-45", "i_inv": 4, "j": 3, "J": "30-45", "j_inv": 4, "k": 4, "K": "45-60", "k_inv": 3, "l": 4, "L": "45-60", "l_inv": 3, "m": 4, "M": "45-60", "m_inv": 3, "n": 4, "N": "45-60", "n_inv": 3, "o": 3, "O": "30-45", "o_inv": 4, "p": 3, "P": "30-45", "p_inv": 4}}, {"type": "Feature", "geometry": {"type": "Point", "coordinates": [126.916484, 37.601084]}, "properties": {"row": 19, "col": 5, "walk_min": 4.1, "nearest_station_id": "kr_318", "nearest_station_name": "\uc751\uc554", "a": 3, "A": "30-45", "a_inv": 4, "b": 3, "B": "30-45", "b_inv": 4, "c": 2, "C": "20-30", "c_inv": 5, "d": 2, "D": "20-30", "d_inv": 5, "e": 4, "E": "45-60", "e_inv": 3, "f": 4, "F": "45-60", "f_inv": 3, "g": 3, "G": "30-45", "g_inv": 4, "h": 3, "H": "30-45", "h_inv": 4, "i": 4, "I": "45-60", "i_inv": 3, "j": 4, "J": "45-60", "j_inv": 3, "k": 4, "K": "45-60", "k_inv": 3, "l": 4, "L": "45-60", "l_inv": 3, "m": 4, "M": "45-60", "m_inv": 3, "n": 4, "N": "45-60", "n_inv": 3, "o": 3, "O": "30-45", "o_inv": 4, "p": 3, "P": "30-45", "p_inv": 4}}, {"type": "Feature", "geometry": {"type": "Point", "coordinates": [126.96378399999999, 37.479459999999996]}, "properties": {"row": 1, "col": 12, "walk_min": 7.7, "nearest_station_id": "kr_319", "nearest_station_name": "Nakseongdae", "a": 3, "A": "30-45", "a_inv": 4, "b": 3, "B": "30-45", "b_inv": 4, "c": 3, "C": "30-45", "c_inv": 4, "d": 3, "D": "30-45", "d_inv": 4, "e": 2, "E": "20-30", "e_inv": 5, "f": 2, "F": "20-30", "f_inv": 5, "g": 3, "G": "30-45", "g_inv": 4, "h": 3, "H": "30-45", "h_inv": 4, "i": 1, "I": "10-20", "i_inv": 6, "j": 1, "J": "10-20", "j_inv": 6, "k": 3, "K": "30-45", "k_inv": 4, "l": 3, "L": "30-45", "l_inv": 4, "m": 4, "M": "45-60", "m_inv": 3, "n": 4, "N": "45-60", "n_inv": 3, "o": 3, "O": "30-45", "o_inv": 4, "p": 3, "P": "30-45", "p_inv": 4}}, {"type": "Feature", "geometry": {"type": "Point", "coordinates": [126.99081000000001, 37.533514000000004]}, "properties": {"row": 9, "col": 16, "walk_min": 3.2, "nearest_station_id": "kr_320", "nearest_station_name": "\uc774\ud0dc\uc6d0", "a": 1, "A": "10-20", "a_inv": 6, "b": 1, "B": "10-20", "b_inv": 6, "c": 1, "C": "10-20", "c_inv": 6, "d": 1, "D": "10-20", "d_inv": 6, "e": 2, "E": "20-30", "e_inv": 5, "f": 2, "F": "20-30", "f_inv": 5, "g": 1, "G": "10-20", "g_inv": 6, "h": 1, "H": "10-20", "h_inv": 6, "i": 2, "I": "20-30", "i_inv": 5, "j": 2, "J": "20-30", "j_inv": 5, "k": 3, "K": "30-45", "k_inv": 4, "l": 3, "L": "30-45", "l_inv": 4, "m": 2, "M": "20-30", "m_inv": 5, "n": 2, "N": "20-30", "n_inv": 5, "o": 2, "O": "20-30", "o_inv": 5, "p": 2, "P": "20-30", "p_inv": 5}}, {"type": "Feature", "geometry": {"type": "Point", "coordinates": [127.071894, 37.492974000000004]}, "properties": {"row": 3, "col": 28, "walk_min": 4.4, "nearest_station_id": "kr_321", "nearest_station_name": "Hangnyeoul", "a": 3, "A": "30-45", "a_inv": 4, "b": 3, "B": "30-45", "b_inv": 4, "c": 3, "C": "30-45", "c_inv": 4, "d": 3, "D": "30-45", "d_inv": 4, "e": 1, "E": "10-20", "e_inv": 6, "f": 1, "F": "10-20", "f_inv": 6, "g": 3, "G": "30-45", "g_inv": 4, "h": 3, "H": "30-45", "h_inv": 4, "i": 2, "I": "20-30", "i_inv": 5, "j": 2, "J": "20-30", "j_inv": 5, "k": 2, "K": "20-30", "k_inv": 5, "l": 2, "L": "20-30", "l_inv": 5, "m": 3, "M": "30-45", "m_inv": 4, "n": 3, "N": "30-45", "n_inv": 4, "o": 4, "O": "45-60", "o_inv": 3, "p": 4, "P": "45-60", "p_inv": 3}}, {"type": "Feature", "geometry": {"type": "Point", "coordinates": [126.916484, 37.547024]}, "properties": {"row": 11, "col": 5, "walk_min": 3.5, "nearest_station_id": "kr_323", "nearest_station_name": "Hapjeong", "a": 2, "A": "20-30", "a_inv": 5, "b": 2, "B": "20-30", "b_inv": 5, "c": 2, "C": "20-30", "c_inv": 5, "d": 2, "D": "20-30", "d_inv": 5, "e": 3, "E": "30-45", "e_inv": 4, "f": 3, "F": "30-45", "f_inv": 4, "g": 3, "G": "30-45", "g_inv": 4, "h": 3, "H": "30-45", "h_inv": 4, "i": 3, "I": "30-45", "i_inv": 4, "j": 3, "J": "30-45", "j_inv": 4, "k": 4, "K": "45-60", "k_inv": 3, "l": 4, "L": "45-60", "l_inv": 3, "m": 3, "M": "30-45", "m_inv": 4, "n": 3, "N": "30-45", "n_inv": 4, "o": 2, "O": "20-30", "o_inv": 5, "p": 2, "P": "20-30", "p_inv": 5}}, {"type": "Feature", "geometry": {"type": "Point", "coordinates": [127.004324, 37.547024]}, "properties": {"row": 11, "col": 18, "walk_min": 5.8, "nearest_station_id": "kr_324", "nearest_station_name": "\ubc84\ud2f0\uace0\uac1c", "a": 1, "A": "10-20", "a_inv": 6, "b": 1, "B": "10-20", "b_inv": 6, "c": 1, "C": "10-20", "c_inv": 6, "d": 1, "D": "10-20", "d_inv": 6, "e": 2, "E": "20-30", "e_inv": 5, "f": 2, "F": "20-30", "f_inv": 5, "g": 1, "G": "10-20", "g_inv": 6, "h": 1, "H": "10-20", "h_inv": 6, "i": 2, "I": "20-30", "i_inv": 5, "j": 2, "J": "20-30", "j_inv": 5, "k": 3, "K": "30-45", "k_inv": 4, "l": 3, "L": "30-45", "l_inv": 4, "m": 2, "M": "20-30", "m_inv": 5, "n": 2, "N": "20-30", "n_inv": 5, "o": 2, "O": "20-30", "o_inv": 5, "p": 2, "P": "20-30", "p_inv": 5}}, {"type": "Feature", "geometry": {"type": "Point", "coordinates": [126.902974, 37.574054000000004]}, "properties": {"row": 15, "col": 3, "walk_min": 7.5, "nearest_station_id": "kr_327", "nearest_station_name": "\ub514\uc9c0\ud138\ubbf8\ub514\uc5b4\uc2dc\ud2f0", "a": 3, "A": "30-45", "a_inv": 4, "b": 3, "B": "30-45", "b_inv": 4, "c": 3, "C": "30-45", "c_inv": 4, "d": 3, "D": "30-45", "d_inv": 4, "e": 4, "E": "45-60", "e_inv": 3, "f": 4, "F": "45-60", "f_inv": 3, "g": 4, "G": "45-60", "g_inv": 3, "h": 4, "H": "45-60", "h_inv": 3, "i": 3, "I": "30-45", "i_inv": 4, "j": 3, "J": "30-45", "j_inv": 4, "k": 5, "K": "60-90", "k_inv": 2, "l": 5, "L": "60-90", "l_inv": 2, "m": 4, "M": "45-60", "m_inv": 3, "n": 4, "N": "45-60", "n_inv": 3, "o": 3, "O": "30-45", "o_inv": 4, "p": 3, "P": "30-45", "p_inv": 4}}, {"type": "Feature", "geometry": {"type": "Point", "coordinates": [126.88270399999999, 37.486214000000004]}, "properties": {"row": 2, "col": 0, "walk_min": 4.2, "nearest_station_id": "kr_328", "nearest_station_name": "\ub0a8\uad6c\ub85c", "a": 4, "A": "45-60", "a_inv": 3, "b": 4, "B": "45-60", "b_inv": 3, "c": 4, "C": "45-60", "c_inv": 3, "d": 4, "D": "45-60", "d_inv": 3, "e": 3, "E": "30-45", "e_inv": 4, "f": 3, "F": "30-45", "f_inv": 4, "g": 4, "G": "45-60", "g_inv": 3, "h": 4, "H": "45-60", "h_inv": 3, "i": 3, "I": "30-45", "i_inv": 4, "j": 3, "J": "30-45", "j_inv": 4, "k": 4, "K": "45-60", "k_inv": 3, "l": 4, "L": "45-60", "l_inv": 3, "m": 5, "M": "60-90", "m_inv": 2, "n": 5, "N": "60-90", "n_inv": 2, "o": 3, "O": "30-45", "o_inv": 4, "p": 3, "P": "30-45", "p_inv": 4}}, {"type": "Feature", "geometry": {"type": "Point", "coordinates": [127.004324, 37.56054]}, "properties": {"row": 13, "col": 18, "walk_min": 3.5, "nearest_station_id": "kr_371", "nearest_station_name": "\ub3d9\ub300\uc785\uad6c", "a": 1, "A": "10-20", "a_inv": 6, "b": 1, "B": "10-20", "b_inv": 6, "c": 1, "C": "10-20", "c_inv": 6, "d": 1, "D": "10-20", "d_inv": 6, "e": 2, "E": "20-30", "e_inv": 5, "f": 2, "F": "20-30", "f_inv": 5, "g": 1, "G": "10-20", "g_inv": 6, "h": 1, "H": "10-20", "h_inv": 6, "i": 3, "I": "30-45", "i_inv": 4, "j": 3, "J": "30-45", "j_inv": 4, "k": 3, "K": "30-45", "k_inv": 4, "l": 3, "L": "30-45", "l_inv": 4, "m": 2, "M": "20-30", "m_inv": 5, "n": 2, "N": "20-30", "n_inv": 5, "o": 2, "O": "20-30", "o_inv": 5, "p": 2, "P": "20-30", "p_inv": 5}}, {"type": "Feature", "geometry": {"type": "Point", "coordinates": [127.004324, 37.492974000000004]}, "properties": {"row": 3, "col": 18, "walk_min": 5.3, "nearest_station_id": "kr_333", "nearest_station_name": "Seocho", "a": 2, "A": "20-30", "a_inv": 5, "b": 2, "B": "20-30", "b_inv": 5, "c": 3, "C": "30-45", "c_inv": 4, "d": 3, "D": "30-45", "d_inv": 4, "e": 0, "E": "<10", "e_inv": 7, "f": 0, "F": "<10", "f_inv": 7, "g": 3, "G": "30-45", "g_inv": 4, "h": 3, "H": "30-45", "h_inv": 4, "i": 1, "I": "10-20", "i_inv": 6, "j": 1, "J": "10-20", "j_inv": 6, "k": 2, "K": "20-30", "k_inv": 5, "l": 2, "L": "20-30", "l_inv": 5, "m": 3, "M": "30-45", "m_inv": 4, "n": 3, "N": "30-45", "n_inv": 4, "o": 3, "O": "30-45", "o_inv": 4, "p": 3, "P": "30-45", "p_inv": 4}}, {"type": "Feature", "geometry": {"type": "Point", "coordinates": [127.004324, 37.54027]}, "properties": {"row": 10, "col": 18, "walk_min": 9.0, "nearest_station_id": "kr_334", "nearest_station_name": "\ud55c\uac15\uc9c4", "a": 2, "A": "20-30", "a_inv": 5, "b": 2, "B": "20-30", "b_inv": 5, "c": 2, "C": "20-30", "c_inv": 5, "d": 2, "D": "20-30", "d_inv": 5, "e": 2, "E": "20-30", "e_inv": 5, "f": 2, "F": "20-30", "f_inv": 5, "g": 2, "G": "20-30", "g_inv": 5, "h": 2, "H": "20-30", "h_inv": 5, "i": 3, "I": "30-45", "i_inv": 4, "j": 3, "J": "30-45", "j_inv": 4, "k": 3, "K": "30-45", "k_inv": 4, "l": 3, "L": "30-45", "l_inv": 4, "m": 2, "M": "20-30", "m_inv": 5, "n": 2, "N": "20-30", "n_inv": 5, "o": 3, "O": "30-45", "o_inv": 4, "p": 3, "P": "30-45", "p_inv": 4}}, {"type": "Feature", "geometry": {"type": "Point", "coordinates": [126.90973000000001, 37.486214000000004]}, "properties": {"row": 2, "col": 4, "walk_min": 4.4, "nearest_station_id": "kr_336", "nearest_station_name": "Sindaebang", "a": 3, "A": "30-45", "a_inv": 4, "b": 3, "B": "30-45", "b_inv": 4, "c": 3, "C": "30-45", "c_inv": 4, "d": 3, "D": "30-45", "d_inv": 4, "e": 2, "E": "20-30", "e_inv": 5, "f": 2, "F": "20-30", "f_inv": 5, "g": 3, "G": "30-45", "g_inv": 4, "h": 3, "H": "30-45", "h_inv": 4, "i": 1, "I": "10-20", "i_inv": 6, "j": 1, "J": "10-20", "j_inv": 6, "k": 3, "K": "30-45", "k_inv": 4, "l": 3, "L": "30-45", "l_inv": 4, "m": 4, "M": "45-60", "m_inv": 3, "n": 4, "N": "45-60", "n_inv": 3, "o": 2, "O": "20-30", "o_inv": 5, "p": 2, "P": "20-30", "p_inv": 5}}, {"type": "Feature", "geometry": {"type": "Point", "coordinates": [126.916484, 37.49973]}, "properties": {"row": 4, "col": 5, "walk_min": 4.5, "nearest_station_id": "kr_337", "nearest_station_name": "\ubcf4\ub77c\ub9e4", "a": 3, "A": "30-45", "a_inv": 4, "b": 3, "B": "30-45", "b_inv": 4, "c": 4, "C": "45-60", "c_inv": 3, "d": 4, "D": "45-60", "d_inv": 3, "e": 3, "E": "30-45", "e_inv": 4, "f": 3, "F": "30-45", "f_inv": 4, "g": 4, "G": "45-60", "g_inv": 3, "h": 4, "H": "45-60", "h_inv": 3, "i": 3, "I": "30-45", "i_inv": 4, "j": 3, "J": "30-45", "j_inv": 4, "k": 3, "K": "30-45", "k_inv": 4, "l": 3, "L": "30-45", "l_inv": 4, "m": 4, "M": "45-60", "m_inv": 3, "n": 4, "N": "45-60", "n_inv": 3, "o": 4, "O": "45-60", "o_inv": 3, "p": 4, "P": "45-60", "p_inv": 3}}, {"type": "Feature", "geometry": {"type": "Point", "coordinates": [126.90973000000001, 37.58081]}, "properties": {"row": 16, "col": 4, "walk_min": 4.9, "nearest_station_id": "kr_339", "nearest_station_name": "\uc99d\uc0b0", "a": 3, "A": "30-45", "a_inv": 4, "b": 3, "B": "30-45", "b_inv": 4, "c": 3, "C": "30-45", "c_inv": 4, "d": 3, "D": "30-45", "d_inv": 4, "e": 4, "E": "45-60", "e_inv": 3, "f": 4, "F": "45-60", "f_inv": 3, "g": 3, "G": "30-45", "g_inv": 4, "h": 3, "H": "30-45", "h_inv": 4, "i": 3, "I": "30-45", "i_inv": 4, "j": 3, "J": "30-45", "j_inv": 4, "k": 5, "K": "60-90", "k_inv": 2, "l": 5, "L": "60-90", "l_inv": 2, "m": 4, "M": "45-60", "m_inv": 3, "n": 4, "N": "45-60", "n_inv": 3, "o": 3, "O": "30-45", "o_inv": 4, "p": 3, "P": "30-45", "p_inv": 4}}, {"type": "Feature", "geometry": {"type": "Point", "coordinates": [126.90973000000001, 37.587564]}, "properties": {"row": 17, "col": 4, "walk_min": 3.3, "nearest_station_id": "kr_339", "nearest_station_name": "\uc99d\uc0b0", "a": 3, "A": "30-45", "a_inv": 4, "b": 3, "B": "30-45", "b_inv": 4, "c": 3, "C": "30-45", "c_inv": 4, "d": 3, "D": "30-45", "d_inv": 4, "e": 4, "E": "45-60", "e_inv": 3, "f": 4, "F": "45-60", "f_inv": 3, "g": 3, "G": "30-45", "g_inv": 4, "h": 3, "H": "30-45", "h_inv": 4, "i": 3, "I": "30-45", "i_inv": 4, "j": 3, "J": "30-45", "j_inv": 4, "k": 4, "K": "45-60", "k_inv": 3, "l": 4, "L": "45-60", "l_inv": 3, "m": 4, "M": "45-60", "m_inv": 3, "n": 4, "N": "45-60", "n_inv": 3, "o": 3, "O": "30-45", "o_inv": 4, "p": 3, "P": "30-45", "p_inv": 4}}, {"type": "Feature", "geometry": {"type": "Point", "coordinates": [126.99756400000001, 37.479459999999996]}, "properties": {"row": 1, "col": 17, "walk_min": 2.6, "nearest_station_id": "kr_344", "nearest_station_name": "Bangbae", "a": 2, "A": "20-30", "a_inv": 5, "b": 2, "B": "20-30", "b_inv": 5, "c": 2, "C": "20-30", "c_inv": 5, "d": 2, "D": "20-30", "d_inv": 5, "e": 1, "E": "10-20", "e_inv": 6, "f": 1, "F": "10-20", "f_inv": 6, "g": 3, "G": "30-45", "g_inv": 4, "h": 3, "H": "30-45", "h_inv": 4, "i": 0, "I": "<10", "i_inv": 7, "j": 0, "J": "<10", "j_inv": 7, "k": 2, "K": "20-30", "k_inv": 5, "l": 2, "L": "20-30", "l_inv": 5, "m": 3, "M": "30-45", "m_inv": 4, "n": 3, "N": "30-45", "n_inv": 4, "o": 3, "O": "30-45", "o_inv": 4, "p": 3, "P": "30-45", "p_inv": 4}}, {"type": "Feature", "geometry": {"type": "Point", "coordinates": [127.07865000000001, 37.492974000000004]}, "properties": {"row": 3, "col": 29, "walk_min": 2.5, "nearest_station_id": "kr_347", "nearest_station_name": "Daecheong", "a": 3, "A": "30-45", "a_inv": 4, "b": 3, "B": "30-45", "b_inv": 4, "c": 3, "C": "30-45", "c_inv": 4, "d": 3, "D": "30-45", "d_inv": 4, "e": 1, "E": "10-20", "e_inv": 6, "f": 1, "F": "10-20", "f_inv": 6, "g": 3, "G": "30-45", "g_inv": 4, "h": 3, "H": "30-45", "h_inv": 4, "i": 2, "I": "20-30", "i_inv": 5, "j": 2, "J": "20-30", "j_inv": 5, "k": 2, "K": "20-30", "k_inv": 5, "l": 2, "L": "20-30", "l_inv": 5, "m": 3, "M": "30-45", "m_inv": 4, "n": 3, "N": "30-45", "n_inv": 4, "o": 4, "O": "45-60", "o_inv": 3, "p": 4, "P": "45-60", "p_inv": 3}}, {"type": "Feature", "geometry": {"type": "Point", "coordinates": [126.90973000000001, 37.49973]}, "properties": {"row": 4, "col": 4, "walk_min": 3.1, "nearest_station_id": "kr_365", "nearest_station_name": "\uc2e0\ud48d", "a": 4, "A": "45-60", "a_inv": 3, "b": 4, "B": "45-60", "b_inv": 3, "c": 4, "C": "45-60", "c_inv": 3, "d": 4, "D": "45-60", "d_inv": 3, "e": 3, "E": "30-45", "e_inv": 4, "f": 3, "F": "30-45", "f_inv": 4, "g": 4, "G": "45-60", "g_inv": 3, "h": 4, "H": "45-60", "h_inv": 3, "i": 3, "I": "30-45", "i_inv": 4, "j": 3, "J": "30-45", "j_inv": 4, "k": 4, "K": "45-60", "k_inv": 3, "l": 4, "L": "45-60", "l_inv": 3, "m": 4, "M": "45-60", "m_inv": 3, "n": 4, "N": "45-60", "n_inv": 3, "o": 4, "O": "45-60", "o_inv": 3, "p": 4, "P": "45-60", "p_inv": 3}}, {"type": "Feature", "geometry": {"type": "Point", "coordinates": [126.923244, 37.55378399999999]}, "properties": {"row": 12, "col": 6, "walk_min": 3.5, "nearest_station_id": "kr_368", "nearest_station_name": "Hongik University", "a": 1, "A": "10-20", "a_inv": 6, "b": 1, "B": "10-20", "b_inv": 6, "c": 1, "C": "10-20", "c_inv": 6, "d": 1, "D": "10-20", "d_inv": 6, "e": 3, "E": "30-45", "e_inv": 4, "f": 3, "F": "30-45", "f_inv": 4, "g": 2, "G": "20-30", "g_inv": 5, "h": 2, "H": "20-30", "h_inv": 5, "i": 3, "I": "30-45", "i_inv": 4, "j": 3, "J": "30-45", "j_inv": 4, "k": 4, "K": "45-60", "k_inv": 3, "l": 4, "L": "45-60", "l_inv": 3, "m": 3, "M": "30-45", "m_inv": 4, "n": 3, "N": "30-45", "n_inv": 4, "o": 0, "O": "<10", "o_inv": 7, "p": 0, "P": "<10", "p_inv": 7}}, {"type": "Feature", "geometry": {"type": "Point", "coordinates": [126.95027, 37.479459999999996]}, "properties": {"row": 1, "col": 10, "walk_min": 7.9, "nearest_station_id": "kr_370", "nearest_station_name": "Seoul Nat'l University (Gwanak-gu Office)", "a": 3, "A": "30-45", "a_inv": 4, "b": 3, "B": "30-45", "b_inv": 4, "c": 3, "C": "30-45", "c_inv": 4, "d": 3, "D": "30-45", "d_inv": 4, "e": 2, "E": "20-30", "e_inv": 5, "f": 2, "F": "20-30", "f_inv": 5, "g": 4, "G": "45-60", "g_inv": 3, "h": 4, "H": "45-60", "h_inv": 3, "i": 1, "I": "10-20", "i_inv": 6, "j": 1, "J": "10-20", "j_inv": 6, "k": 3, "K": "30-45", "k_inv": 4, "l": 3, "L": "30-45", "l_inv": 4, "m": 4, "M": "45-60", "m_inv": 3, "n": 4, "N": "45-60", "n_inv": 3, "o": 3, "O": "30-45", "o_inv": 4, "p": 3, "P": "30-45", "p_inv": 4}}, {"type": "Feature", "geometry": {"type": "Point", "coordinates": [126.94351400000001, 37.55378399999999]}, "properties": {"row": 12, "col": 9, "walk_min": 3.6, "nearest_station_id": "kr_373", "nearest_station_name": "Ewha Womans University", "a": 1, "A": "10-20", "a_inv": 6, "b": 1, "B": "10-20", "b_inv": 6, "c": 1, "C": "10-20", "c_inv": 6, "d": 1, "D": "10-20", "d_inv": 6, "e": 3, "E": "30-45", "e_inv": 4, "f": 3, "F": "30-45", "f_inv": 4, "g": 2, "G": "20-30", "g_inv": 5, "h": 2, "H": "20-30", "h_inv": 5, "i": 3, "I": "30-45", "i_inv": 4, "j": 3, "J": "30-45", "j_inv": 4, "k": 3, "K": "30-45", "k_inv": 4, "l": 3, "L": "30-45", "l_inv": 4, "m": 3, "M": "30-45", "m_inv": 4, "n": 3, "N": "30-45", "n_inv": 4, "o": 1, "O": "10-20", "o_inv": 6, "p": 1, "P": "10-20", "p_inv": 6}}, {"type": "Feature", "geometry": {"type": "Point", "coordinates": [126.93000000000002, 37.486214000000004]}, "properties": {"row": 2, "col": 7, "walk_min": 4.4, "nearest_station_id": "kr_375", "nearest_station_name": "Sillim", "a": 3, "A": "30-45", "a_inv": 4, "b": 3, "B": "30-45", "b_inv": 4, "c": 3, "C": "30-45", "c_inv": 4, "d": 3, "D": "30-45", "d_inv": 4, "e": 2, "E": "20-30", "e_inv": 5, "f": 2, "F": "20-30", "f_inv": 5, "g": 4, "G": "45-60", "g_inv": 3, "h": 4, "H": "45-60", "h_inv": 3, "i": 1, "I": "10-20", "i_inv": 6, "j": 1, "J": "10-20", "j_inv": 6, "k": 3, "K": "30-45", "k_inv": 4, "l": 3, "L": "30-45", "l_inv": 4, "m": 4, "M": "45-60", "m_inv": 3, "n": 4, "N": "45-60", "n_inv": 3, "o": 2, "O": "20-30", "o_inv": 5, "p": 2, "P": "20-30", "p_inv": 5}}, {"type": "Feature", "geometry": {"type": "Point", "coordinates": [126.936754, 37.55378399999999]}, "properties": {"row": 12, "col": 8, "walk_min": 2.4, "nearest_station_id": "kr_376", "nearest_station_name": "Sinchon", "a": 1, "A": "10-20", "a_inv": 6, "b": 1, "B": "10-20", "b_inv": 6, "c": 1, "C": "10-20", "c_inv": 6, "d": 1, "D": "10-20", "d_inv": 6, "e": 3, "E": "30-45", "e_inv": 4, "f": 3, "F": "30-45", "f_inv": 4, "g": 2, "G": "20-30", "g_inv": 5, "h": 2, "H": "20-30", "h_inv": 5, "i": 3, "I": "30-45", "i_inv": 4, "j": 3, "J": "30-45", "j_inv": 4, "k": 3, "K": "30-45", "k_inv": 4, "l": 3, "L": "30-45", "l_inv": 4, "m": 3, "M": "30-45", "m_inv": 4, "n": 3, "N": "30-45", "n_inv": 4, "o": 0, "O": "<10", "o_inv": 7, "p": 0, "P": "<10", "p_inv": 7}}, {"type": "Feature", "geometry": {"type": "Point", "coordinates": [126.94351400000001, 37.479459999999996]}, "properties": {"row": 1, "col": 9, "walk_min": 4.2, "nearest_station_id": "kr_377", "nearest_station_name": "Bongcheon", "a": 3, "A": "30-45", "a_inv": 4, "b": 3, "B": "30-45", "b_inv": 4, "c": 3, "C": "30-45", "c_inv": 4, "d": 3, "D": "30-45", "d_inv": 4, "e": 2, "E": "20-30", "e_inv": 5, "f": 2, "F": "20-30", "f_inv": 5, "g": 4, "G": "45-60", "g_inv": 3, "h": 4, "H": "45-60", "h_inv": 3, "i": 1, "I": "10-20", "i_inv": 6, "j": 1, "J": "10-20", "j_inv": 6, "k": 3, "K": "30-45", "k_inv": 4, "l": 3, "L": "30-45", "l_inv": 4, "m": 4, "M": "45-60", "m_inv": 3, "n": 4, "N": "45-60", "n_inv": 3, "o": 3, "O": "30-45", "o_inv": 4, "p": 3, "P": "30-45", "p_inv": 4}}, {"type": "Feature", "geometry": {"type": "Point", "coordinates": [126.923244, 37.513244]}, "properties": {"row": 6, "col": 6, "walk_min": 7.8, "nearest_station_id": "kr_380", "nearest_station_name": "Daebang", "a": 2, "A": "20-30", "a_inv": 5, "b": 2, "B": "20-30", "b_inv": 5, "c": 2, "C": "20-30", "c_inv": 5, "d": 2, "D": "20-30", "d_inv": 5, "e": 2, "E": "20-30", "e_inv": 5, "f": 2, "F": "20-30", "f_inv": 5, "g": 3, "G": "30-45", "g_inv": 4, "h": 3, "H": "30-45", "h_inv": 4, "i": 2, "I": "20-30", "i_inv": 5, "j": 2, "J": "20-30", "j_inv": 5, "k": 3, "K": "30-45", "k_inv": 4, "l": 3, "L": "30-45", "l_inv": 4, "m": 4, "M": "45-60", "m_inv": 3, "n": 4, "N": "45-60", "n_inv": 3, "o": 2, "O": "20-30", "o_inv": 5, "p": 2, "P": "20-30", "p_inv": 5}}, {"type": "Feature", "geometry": {"type": "Point", "coordinates": [126.89621400000001, 37.54027]}, "properties": {"row": 10, "col": 2, "walk_min": 6.3, "nearest_station_id": "kr_387", "nearest_station_name": "Seonyudo", "a": 2, "A": "20-30", "a_inv": 5, "b": 2, "B": "20-30", "b_inv": 5, "c": 2, "C": "20-30", "c_inv": 5, "d": 2, "D": "20-30", "d_inv": 5, "e": 3, "E": "30-45", "e_inv": 4, "f": 3, "F": "30-45", "f_inv": 4, "g": 3, "G": "30-45", "g_inv": 4, "h": 3, "H": "30-45", "h_inv": 4, "i": 3, "I": "30-45", "i_inv": 4, "j": 3, "J": "30-45", "j_inv": 4, "k": 4, "K": "45-60", "k_inv": 3, "l": 4, "L": "45-60", "l_inv": 3, "m": 4, "M": "45-60", "m_inv": 3, "n": 4, "N": "45-60", "n_inv": 3, "o": 1, "O": "10-20", "o_inv": 6, "p": 1, "P": "10-20", "p_inv": 6}}, {"type": "Feature", "geometry": {"type": "Point", "coordinates": [126.96378399999999, 37.526754000000004]}, "properties": {"row": 8, "col": 12, "walk_min": 4.8, "nearest_station_id": "kr_397", "nearest_station_name": "Yongsan", "a": 1, "A": "10-20", "a_inv": 6, "b": 1, "B": "10-20", "b_inv": 6, "c": 1, "C": "10-20", "c_inv": 6, "d": 1, "D": "10-20", "d_inv": 6, "e": 2, "E": "20-30", "e_inv": 5, "f": 2, "F": "20-30", "f_inv": 5, "g": 2, "G": "20-30", "g_inv": 5, "h": 2, "H": "20-30", "h_inv": 5, "i": 2, "I": "20-30", "i_inv": 5, "j": 2, "J": "20-30", "j_inv": 5, "k": 3, "K": "30-45", "k_inv": 4, "l": 3, "L": "30-45", "l_inv": 4, "m": 3, "M": "30-45", "m_inv": 4, "n": 3, "N": "30-45", "n_inv": 4, "o": 2, "O": "20-30", "o_inv": 5, "p": 2, "P": "20-30", "p_inv": 5}}, {"type": "Feature", "geometry": {"type": "Point", "coordinates": [126.97054, 37.54027]}, "properties": {"row": 10, "col": 13, "walk_min": 5.1, "nearest_station_id": "kr_398", "nearest_station_name": "Namyeong", "a": 0, "A": "<10", "a_inv": 7, "b": 0, "B": "<10", "b_inv": 7, "c": 1, "C": "10-20", "c_inv": 6, "d": 1, "D": "10-20", "d_inv": 6, "e": 2, "E": "20-30", "e_inv": 5, "f": 2, "F": "20-30", "f_inv": 5, "g": 2, "G": "20-30", "g_inv": 5, "h": 2, "H": "20-30", "h_inv": 5, "i": 2, "I": "20-30", "i_inv": 5, "j": 2, "J": "20-30", "j_inv": 5, "k": 3, "K": "30-45", "k_inv": 4, "l": 3, "L": "30-45", "l_inv": 4, "m": 3, "M": "30-45", "m_inv": 4, "n": 3, "N": "30-45", "n_inv": 4, "o": 2, "O": "20-30", "o_inv": 5, "p": 2, "P": "20-30", "p_inv": 5}}, {"type": "Feature", "geometry": {"type": "Point", "coordinates": [126.95027, 37.513244]}, "properties": {"row": 6, "col": 10, "walk_min": 6.2, "nearest_station_id": "kr_399", "nearest_station_name": "Nodeul", "a": 2, "A": "20-30", "a_inv": 5, "b": 2, "B": "20-30", "b_inv": 5, "c": 2, "C": "20-30", "c_inv": 5, "d": 2, "D": "20-30", "d_inv": 5, "e": 2, "E": "20-30", "e_inv": 5, "f": 2, "F": "20-30", "f_inv": 5, "g": 3, "G": "30-45", "g_inv": 4, "h": 3, "H": "30-45", "h_inv": 4, "i": 1, "I": "10-20", "i_inv": 6, "j": 1, "J": "10-20", "j_inv": 6, "k": 3, "K": "30-45", "k_inv": 4, "l": 3, "L": "30-45", "l_inv": 4, "m": 3, "M": "30-45", "m_inv": 4, "n": 3, "N": "30-45", "n_inv": 4, "o": 2, "O": "20-30", "o_inv": 5, "p": 2, "P": "20-30", "p_inv": 5}}, {"type": "Feature", "geometry": {"type": "Point", "coordinates": [126.98405400000001, 37.49973]}, "properties": {"row": 4, "col": 15, "walk_min": 16.7, "nearest_station_id": "kr_400", "nearest_station_name": "Gubanpo", "a": 3, "A": "30-45", "a_inv": 4, "b": 3, "B": "30-45", "b_inv": 4, "c": 3, "C": "30-45", "c_inv": 4, "d": 3, "D": "30-45", "d_inv": 4, "e": 2, "E": "20-30", "e_inv": 5, "f": 2, "F": "20-30", "f_inv": 5, "g": 3, "G": "30-45", "g_inv": 4, "h": 3, "H": "30-45", "h_inv": 4, "i": 2, "I": "20-30", "i_inv": 5, "j": 2, "J": "20-30", "j_inv": 5, "k": 3, "K": "30-45", "k_inv": 4, "l": 3, "L": "30-45", "l_inv": 4, "m": 4, "M": "45-60", "m_inv": 3, "n": 4, "N": "45-60", "n_inv": 3, "o": 3, "O": "30-45", "o_inv": 4, "p": 3, "P": "30-45", "p_inv": 4}}, {"type": "Feature", "geometry": {"type": "Point", "coordinates": [126.99756400000001, 37.49973]}, "properties": {"row": 4, "col": 17, "walk_min": 5.9, "nearest_station_id": "kr_403", "nearest_station_name": "Sinbanpo", "a": 2, "A": "20-30", "a_inv": 5, "b": 2, "B": "20-30", "b_inv": 5, "c": 2, "C": "20-30", "c_inv": 5, "d": 2, "D": "20-30", "d_inv": 5, "e": 1, "E": "10-20", "e_inv": 6, "f": 1, "F": "10-20", "f_inv": 6, "g": 3, "G": "30-45", "g_inv": 4, "h": 3, "H": "30-45", "h_inv": 4, "i": 1, "I": "10-20", "i_inv": 6, "j": 1, "J": "10-20", "j_inv": 6, "k": 2, "K": "20-30", "k_inv": 5, "l": 2, "L": "20-30", "l_inv": 5, "m": 3, "M": "30-45", "m_inv": 4, "n": 3, "N": "30-45", "n_inv": 4, "o": 3, "O": "30-45", "o_inv": 4, "p": 3, "P": "30-45", "p_inv": 4}}, {"type": "Feature", "geometry": {"type": "Point", "coordinates": [126.96378399999999, 37.506484]}, "properties": {"row": 5, "col": 12, "walk_min": 3.8, "nearest_station_id": "kr_404", "nearest_station_name": "Heukseok", "a": 1, "A": "10-20", "a_inv": 6, "b": 1, "B": "10-20", "b_inv": 6, "c": 2, "C": "20-30", "c_inv": 5, "d": 2, "D": "20-30", "d_inv": 5, "e": 1, "E": "10-20", "e_inv": 6, "f": 1, "F": "10-20", "f_inv": 6, "g": 3, "G": "30-45", "g_inv": 4, "h": 3, "H": "30-45", "h_inv": 4, "i": 1, "I": "10-20", "i_inv": 6, "j": 1, "J": "10-20", "j_inv": 6, "k": 3, "K": "30-45", "k_inv": 4, "l": 3, "L": "30-45", "l_inv": 4, "m": 3, "M": "30-45", "m_inv": 4, "n": 3, "N": "30-45", "n_inv": 4, "o": 2, "O": "20-30", "o_inv": 5, "p": 2, "P": "20-30", "p_inv": 5}}, {"type": "Feature", "geometry": {"type": "Point", "coordinates": [126.88270399999999, 37.54027]}, "properties": {"row": 10, "col": 0, "walk_min": 8.8, "nearest_station_id": "kr_417", "nearest_station_name": "Sinmokdong", "a": 3, "A": "30-45", "a_inv": 4, "b": 3, "B": "30-45", "b_inv": 4, "c": 3, "C": "30-45", "c_inv": 4, "d": 3, "D": "30-45", "d_inv": 4, "e": 3, "E": "30-45", "e_inv": 4, "f": 3, "F": "30-45", "f_inv": 4, "g": 3, "G": "30-45", "g_inv": 4, "h": 3, "H": "30-45", "h_inv": 4, "i": 3, "I": "30-45", "i_inv": 4, "j": 3, "J": "30-45", "j_inv": 4, "k": 4, "K": "45-60", "k_inv": 3, "l": 4, "L": "45-60", "l_inv": 3, "m": 4, "M": "45-60", "m_inv": 3, "n": 4, "N": "45-60", "n_inv": 3, "o": 1, "O": "10-20", "o_inv": 6, "p": 1, "P": "10-20", "p_inv": 6}}, {"type": "Feature", "geometry": {"type": "Point", "coordinates": [126.916484, 37.526754000000004]}, "properties": {"row": 8, "col": 5, "walk_min": 6.2, "nearest_station_id": "kr_431", "nearest_station_name": "National Assembly", "a": 2, "A": "20-30", "a_inv": 5, "b": 2, "B": "20-30", "b_inv": 5, "c": 2, "C": "20-30", "c_inv": 5, "d": 2, "D": "20-30", "d_inv": 5, "e": 2, "E": "20-30", "e_inv": 5, "f": 2, "F": "20-30", "f_inv": 5, "g": 3, "G": "30-45", "g_inv": 4, "h": 3, "H": "30-45", "h_inv": 4, "i": 2, "I": "20-30", "i_inv": 5, "j": 2, "J": "20-30", "j_inv": 5, "k": 3, "K": "30-45", "k_inv": 4, "l": 3, "L": "30-45", "l_inv": 4, "m": 4, "M": "45-60", "m_inv": 3, "n": 4, "N": "45-60", "n_inv": 3, "o": 1, "O": "10-20", "o_inv": 6, "p": 1, "P": "10-20", "p_inv": 6}}, {"type": "Feature", "geometry": {"type": "Point", "coordinates": [126.93000000000002, 37.519999999999996]}, "properties": {"row": 7, "col": 7, "walk_min": 5.5, "nearest_station_id": "kr_432", "nearest_station_name": "Saetgang", "a": 1, "A": "10-20", "a_inv": 6, "b": 1, "B": "10-20", "b_inv": 6, "c": 2, "C": "20-30", "c_inv": 5, "d": 2, "D": "20-30", "d_inv": 5, "e": 2, "E": "20-30", "e_inv": 5, "f": 2, "F": "20-30", "f_inv": 5, "g": 3, "G": "30-45", "g_inv": 4, "h": 3, "H": "30-45", "h_inv": 4, "i": 2, "I": "20-30", "i_inv": 5, "j": 2, "J": "20-30", "j_inv": 5, "k": 3, "K": "30-45", "k_inv": 4, "l": 3, "L": "30-45", "l_inv": 4, "m": 3, "M": "30-45", "m_inv": 4, "n": 3, "N": "30-45", "n_inv": 4, "o": 1, "O": "10-20", "o_inv": 6, "p": 1, "P": "10-20", "p_inv": 6}}, {"type": "Feature", "geometry": {"type": "Point", "coordinates": [127.01784, 37.506484]}, "properties": {"row": 5, "col": 20, "walk_min": 4.4, "nearest_station_id": "kr_084", "nearest_station_name": "Nonhyeon", "a": 2, "A": "20-30", "a_inv": 5, "b": 2, "B": "20-30", "b_inv": 5, "c": 2, "C": "20-30", "c_inv": 5, "d": 2, "D": "20-30", "d_inv": 5, "e": 0, "E": "<10", "e_inv": 7, "f": 0, "F": "<10", "f_inv": 7, "g": 2, "G": "20-30", "g_inv": 5, "h": 2, "H": "20-30", "h_inv": 5, "i": 1, "I": "10-20", "i_inv": 6, "j": 1, "J": "10-20", "j_inv": 6, "k": 2, "K": "20-30", "k_inv": 5, "l": 2, "L": "20-30", "l_inv": 5, "m": 3, "M": "30-45", "m_inv": 4, "n": 3, "N": "30-45", "n_inv": 4, "o": 3, "O": "30-45", "o_inv": 4, "p": 3, "P": "30-45", "p_inv": 4}}, {"type": "Feature", "geometry": {"type": "Point", "coordinates": [127.031354, 37.506484]}, "properties": {"row": 5, "col": 22, "walk_min": 3.1, "nearest_station_id": "kr_434", "nearest_station_name": "Eonju", "a": 2, "A": "20-30", "a_inv": 5, "b": 2, "B": "20-30", "b_inv": 5, "c": 2, "C": "20-30", "c_inv": 5, "d": 2, "D": "20-30", "d_inv": 5, "e": 0, "E": "<10", "e_inv": 7, "f": 0, "F": "<10", "f_inv": 7, "g": 2, "G": "20-30", "g_inv": 5, "h": 2, "H": "20-30", "h_inv": 5, "i": 1, "I": "10-20", "i_inv": 6, "j": 1, "J": "10-20", "j_inv": 6, "k": 1, "K": "10-20", "k_inv": 6, "l": 1, "L": "10-20", "l_inv": 6, "m": 2, "M": "20-30", "m_inv": 5, "n": 2, "N": "20-30", "n_inv": 5, "o": 3, "O": "30-45", "o_inv": 4, "p": 3, "P": "30-45", "p_inv": 4}}, {"type": "Feature", "geometry": {"type": "Point", "coordinates": [127.05162399999999, 37.513244]}, "properties": {"row": 6, "col": 25, "walk_min": 3.5, "nearest_station_id": "kr_435", "nearest_station_name": "Samseong Jungang", "a": 3, "A": "30-45", "a_inv": 4, "b": 3, "B": "30-45", "b_inv": 4, "c": 3, "C": "30-45", "c_inv": 4, "d": 3, "D": "30-45", "d_inv": 4, "e": 1, "E": "10-20", "e_inv": 6, "f": 1, "F": "10-20", "f_inv": 6, "g": 2, "G": "20-30", "g_inv": 5, "h": 2, "H": "20-30", "h_inv": 5, "i": 2, "I": "20-30", "i_inv": 5, "j": 2, "J": "20-30", "j_inv": 5, "k": 1, "K": "10-20", "k_inv": 6, "l": 1, "L": "10-20", "l_inv": 6, "m": 2, "M": "20-30", "m_inv": 5, "n": 2, "N": "20-30", "n_inv": 5, "o": 3, "O": "30-45", "o_inv": 4, "p": 3, "P": "30-45", "p_inv": 4}}, {"type": "Feature", "geometry": {"type": "Point", "coordinates": [126.936754, 37.526754000000004]}, "properties": {"row": 8, "col": 8, "walk_min": 6.9, "nearest_station_id": "kr_180", "nearest_station_name": "\uc5ec\uc758\ub098\ub8e8", "a": 2, "A": "20-30", "a_inv": 5, "b": 2, "B": "20-30", "b_inv": 5, "c": 2, "C": "20-30", "c_inv": 5, "d": 2, "D": "20-30", "d_inv": 5, "e": 2, "E": "20-30", "e_inv": 5, "f": 2, "F": "20-30", "f_inv": 5, "g": 3, "G": "30-45", "g_inv": 4, "h": 3, "H": "30-45", "h_inv": 4, "i": 2, "I": "20-30", "i_inv": 5, "j": 2, "J": "20-30", "j_inv": 5, "k": 3, "K": "30-45", "k_inv": 4, "l": 3, "L": "30-45", "l_inv": 4, "m": 3, "M": "30-45", "m_inv": 4, "n": 3, "N": "30-45", "n_inv": 4, "o": 2, "O": "20-30", "o_inv": 5, "p": 2, "P": "20-30", "p_inv": 5}}, {"type": "Feature", "geometry": {"type": "Point", "coordinates": [126.94351400000001, 37.49973]}, "properties": {"row": 4, "col": 9, "walk_min": 5.4, "nearest_station_id": "kr_244", "nearest_station_name": "\uc0c1\ub3c4", "a": 3, "A": "30-45", "a_inv": 4, "b": 3, "B": "30-45", "b_inv": 4, "c": 3, "C": "30-45", "c_inv": 4, "d": 3, "D": "30-45", "d_inv": 4, "e": 2, "E": "20-30", "e_inv": 5, "f": 2, "F": "20-30", "f_inv": 5, "g": 3, "G": "30-45", "g_inv": 4, "h": 3, "H": "30-45", "h_inv": 4, "i": 3, "I": "30-45", "i_inv": 4, "j": 3, "J": "30-45", "j_inv": 4, "k": 3, "K": "30-45", "k_inv": 4, "l": 3, "L": "30-45", "l_inv": 4, "m": 4, "M": "45-60", "m_inv": 3, "n": 4, "N": "45-60", "n_inv": 3, "o": 4, "O": "45-60", "o_inv": 3, "p": 4, "P": "45-60", "p_inv": 3}}, {"type": "Feature", "geometry": {"type": "Point", "coordinates": [126.902974, 37.513244]}, "properties": {"row": 6, "col": 3, "walk_min": 6.8, "nearest_station_id": "kr_001", "nearest_station_name": "Yeongdeungpo", "a": 2, "A": "20-30", "a_inv": 5, "b": 2, "B": "20-30", "b_inv": 5, "c": 2, "C": "20-30", "c_inv": 5, "d": 2, "D": "20-30", "d_inv": 5, "e": 2, "E": "20-30", "e_inv": 5, "f": 2, "F": "20-30", "f_inv": 5, "g": 3, "G": "30-45", "g_inv": 4, "h": 3, "H": "30-45", "h_inv": 4, "i": 2, "I": "20-30", "i_inv": 5, "j": 2, "J": "20-30", "j_inv": 5, "k": 3, "K": "30-45", "k_inv": 4, "l": 3, "L": "30-45", "l_inv": 4, "m": 3, "M": "30-45", "m_inv": 4, "n": 3, "N": "30-45", "n_inv": 4, "o": 2, "O": "20-30", "o_inv": 5, "p": 2, "P": "20-30", "p_inv": 5}}, {"type": "Feature", "geometry": {"type": "Point", "coordinates": [127.01108400000001, 37.486214000000004]}, "properties": {"row": 2, "col": 19, "walk_min": 4.7, "nearest_station_id": "kr_152", "nearest_station_name": "Nambu Bus Terminal (Seoul Arts Center)", "a": 2, "A": "20-30", "a_inv": 5, "b": 2, "B": "20-30", "b_inv": 5, "c": 3, "C": "30-45", "c_inv": 4, "d": 3, "D": "30-45", "d_inv": 4, "e": 0, "E": "<10", "e_inv": 7, "f": 0, "F": "<10", "f_inv": 7, "g": 3, "G": "30-45", "g_inv": 4, "h": 3, "H": "30-45", "h_inv": 4, "i": 1, "I": "10-20", "i_inv": 6, "j": 1, "J": "10-20", "j_inv": 6, "k": 2, "K": "20-30", "k_inv": 5, "l": 2, "L": "20-30", "l_inv": 5, "m": 3, "M": "30-45", "m_inv": 4, "n": 3, "N": "30-45", "n_inv": 4, "o": 3, "O": "30-45", "o_inv": 4, "p": 3, "P": "30-45", "p_inv": 4}}, {"type": "Feature", "geometry": {"type": "Point", "coordinates": [126.89621400000001, 37.513244]}, "properties": {"row": 6, "col": 2, "walk_min": 6.2, "nearest_station_id": "kr_282", "nearest_station_name": "Mullae", "a": 2, "A": "20-30", "a_inv": 5, "b": 2, "B": "20-30", "b_inv": 5, "c": 2, "C": "20-30", "c_inv": 5, "d": 2, "D": "20-30", "d_inv": 5, "e": 3, "E": "30-45", "e_inv": 4, "f": 3, "F": "30-45", "f_inv": 4, "g": 3, "G": "30-45", "g_inv": 4, "h": 3, "H": "30-45", "h_inv": 4, "i": 3, "I": "30-45", "i_inv": 4, "j": 3, "J": "30-45", "j_inv": 4, "k": 4, "K": "45-60", "k_inv": 3, "l": 4, "L": "45-60", "l_inv": 3, "m": 4, "M": "45-60", "m_inv": 3, "n": 4, "N": "45-60", "n_inv": 3, "o": 1, "O": "10-20", "o_inv": 6, "p": 1, "P": "10-20", "p_inv": 6}}, {"type": "Feature", "geometry": {"type": "Point", "coordinates": [127.06513399999999, 37.513244]}, "properties": {"row": 6, "col": 27, "walk_min": 4.8, "nearest_station_id": "kr_017", "nearest_station_name": "Bongeunsa", "a": 3, "A": "30-45", "a_inv": 4, "b": 3, "B": "30-45", "b_inv": 4, "c": 3, "C": "30-45", "c_inv": 4, "d": 3, "D": "30-45", "d_inv": 4, "e": 1, "E": "10-20", "e_inv": 6, "f": 1, "F": "10-20", "f_inv": 6, "g": 3, "G": "30-45", "g_inv": 4, "h": 3, "H": "30-45", "h_inv": 4, "i": 2, "I": "20-30", "i_inv": 5, "j": 2, "J": "20-30", "j_inv": 5, "k": 1, "K": "10-20", "k_inv": 6, "l": 1, "L": "10-20", "l_inv": 6, "m": 2, "M": "20-30", "m_inv": 5, "n": 2, "N": "20-30", "n_inv": 5, "o": 3, "O": "30-45", "o_inv": 4, "p": 3, "P": "30-45", "p_inv": 4}}, {"type": "Feature", "geometry": {"type": "Point", "coordinates": [127.04486399999999, 37.513244]}, "properties": {"row": 6, "col": 24, "walk_min": 4.0, "nearest_station_id": "kr_016", "nearest_station_name": "Seonjeongneung", "a": 3, "A": "30-45", "a_inv": 4, "b": 3, "B": "30-45", "b_inv": 4, "c": 3, "C": "30-45", "c_inv": 4, "d": 3, "D": "30-45", "d_inv": 4, "e": 1, "E": "10-20", "e_inv": 6, "f": 1, "F": "10-20", "f_inv": 6, "g": 2, "G": "20-30", "g_inv": 5, "h": 2, "H": "20-30", "h_inv": 5, "i": 2, "I": "20-30", "i_inv": 5, "j": 2, "J": "20-30", "j_inv": 5, "k": 2, "K": "20-30", "k_inv": 5, "l": 2, "L": "20-30", "l_inv": 5, "m": 3, "M": "30-45", "m_inv": 4, "n": 3, "N": "30-45", "n_inv": 4, "o": 3, "O": "30-45", "o_inv": 4, "p": 3, "P": "30-45", "p_inv": 4}}, {"type": "Feature", "geometry": {"type": "Point", "coordinates": [126.99756400000001, 37.533514000000004]}, "properties": {"row": 9, "col": 17, "walk_min": 4.4, "nearest_station_id": "kr_320", "nearest_station_name": "\uc774\ud0dc\uc6d0", "a": 1, "A": "10-20", "a_inv": 6, "b": 1, "B": "10-20", "b_inv": 6, "c": 1, "C": "10-20", "c_inv": 6, "d": 1, "D": "10-20", "d_inv": 6, "e": 2, "E": "20-30", "e_inv": 5, "f": 2, "F": "20-30", "f_inv": 5, "g": 1, "G": "10-20", "g_inv": 6, "h": 1, "H": "10-20", "h_inv": 6, "i": 2, "I": "20-30", "i_inv": 5, "j": 2, "J": "20-30", "j_inv": 5, "k": 3, "K": "30-45", "k_inv": 4, "l": 3, "L": "30-45", "l_inv": 4, "m": 2, "M": "20-30", "m_inv": 5, "n": 2, "N": "20-30", "n_inv": 5, "o": 2, "O": "20-30", "o_inv": 5, "p": 2, "P": "20-30", "p_inv": 5}}, {"type": "Feature", "geometry": {"type": "Point", "coordinates": [127.05162399999999, 37.547024]}, "properties": {"row": 11, "col": 25, "walk_min": 5.6, "nearest_station_id": "kr_285", "nearest_station_name": "Ttukseom", "a": 2, "A": "20-30", "a_inv": 5, "b": 2, "B": "20-30", "b_inv": 5, "c": 2, "C": "20-30", "c_inv": 5, "d": 2, "D": "20-30", "d_inv": 5, "e": 3, "E": "30-45", "e_inv": 4, "f": 3, "F": "30-45", "f_inv": 4, "g": 1, "G": "10-20", "g_inv": 6, "h": 1, "H": "10-20", "h_inv": 6, "i": 3, "I": "30-45", "i_inv": 4, "j": 3, "J": "30-45", "j_inv": 4, "k": 2, "K": "20-30", "k_inv": 5, "l": 2, "L": "20-30", "l_inv": 5, "m": 0, "M": "<10", "m_inv": 7, "n": 0, "N": "<10", "n_inv": 7, "o": 3, "O": "30-45", "o_inv": 4, "p": 3, "P": "30-45", "p_inv": 4}}, {"type": "Feature", "geometry": {"type": "Point", "coordinates": [127.05837999999999, 37.54027]}, "properties": {"row": 10, "col": 26, "walk_min": 6.1, "nearest_station_id": "kr_186", "nearest_station_name": "Seongsu", "a": 2, "A": "20-30", "a_inv": 5, "b": 2, "B": "20-30", "b_inv": 5, "c": 2, "C": "20-30", "c_inv": 5, "d": 2, "D": "20-30", "d_inv": 5, "e": 3, "E": "30-45", "e_inv": 4, "f": 3, "F": "30-45", "f_inv": 4, "g": 1, "G": "10-20", "g_inv": 6, "h": 1, "H": "10-20", "h_inv": 6, "i": 4, "I": "45-60", "i_inv": 3, "j": 4, "J": "45-60", "j_inv": 3, "k": 1, "K": "10-20", "k_inv": 6, "l": 1, "L": "10-20", "l_inv": 6, "m": 0, "M": "<10", "m_inv": 7, "n": 0, "N": "<10", "n_inv": 7, "o": 3, "O": "30-45", "o_inv": 4, "p": 3, "P": "30-45", "p_inv": 4}}, {"type": "Feature", "geometry": {"type": "Point", "coordinates": [126.89621400000001, 37.533514000000004]}, "properties": {"row": 9, "col": 2, "walk_min": 5.1, "nearest_station_id": "kr_387", "nearest_station_name": "Seonyudo", "a": 2, "A": "20-30", "a_inv": 5, "b": 2, "B": "20-30", "b_inv": 5, "c": 2, "C": "20-30", "c_inv": 5, "d": 2, "D": "20-30", "d_inv": 5, "e": 3, "E": "30-45", "e_inv": 4, "f": 3, "F": "30-45", "f_inv": 4, "g": 3, "G": "30-45", "g_inv": 4, "h": 3, "H": "30-45", "h_inv": 4, "i": 2, "I": "20-30", "i_inv": 5, "j": 2, "J": "20-30", "j_inv": 5, "k": 4, "K": "45-60", "k_inv": 3, "l": 4, "L": "45-60", "l_inv": 3, "m": 4, "M": "45-60", "m_inv": 3, "n": 4, "N": "45-60", "n_inv": 3, "o": 1, "O": "10-20", "o_inv": 6, "p": 1, "P": "10-20", "p_inv": 6}}, {"type": "Feature", "geometry": {"type": "Point", "coordinates": [126.88270399999999, 37.547024]}, "properties": {"row": 11, "col": 0, "walk_min": 19.7, "nearest_station_id": "kr_417", "nearest_station_name": "Sinmokdong", "a": 3, "A": "30-45", "a_inv": 4, "b": 3, "B": "30-45", "b_inv": 4, "c": 3, "C": "30-45", "c_inv": 4, "d": 3, "D": "30-45", "d_inv": 4, "e": 4, "E": "45-60", "e_inv": 3, "f": 4, "F": "45-60", "f_inv": 3, "g": 4, "G": "45-60", "g_inv": 3, "h": 4, "H": "45-60", "h_inv": 3, "i": 4, "I": "45-60", "i_inv": 3, "j": 4, "J": "45-60", "j_inv": 3, "k": 5, "K": "60-90", "k_inv": 2, "l": 5, "L": "60-90", "l_inv": 2, "m": 5, "M": "60-90", "m_inv": 2, "n": 5, "N": "60-90", "n_inv": 2, "o": 3, "O": "30-45", "o_inv": 4, "p": 3, "P": "30-45", "p_inv": 4}}, {"type": "Feature", "geometry": {"type": "Point", "coordinates": [126.90973000000001, 37.594324]}, "properties": {"row": 18, "col": 4, "walk_min": 4.9, "nearest_station_id": "kr_340", "nearest_station_name": "Saejeol", "a": 3, "A": "30-45", "a_inv": 4, "b": 3, "B": "30-45", "b_inv": 4, "c": 3, "C": "30-45", "c_inv": 4, "d": 3, "D": "30-45", "d_inv": 4, "e": 4, "E": "45-60", "e_inv": 3, "f": 4, "F": "45-60", "f_inv": 3, "g": 3, "G": "30-45", "g_inv": 4, "h": 3, "H": "30-45", "h_inv": 4, "i": 4, "I": "45-60", "i_inv": 3, "j": 4, "J": "45-60", "j_inv": 3, "k": 4, "K": "45-60", "k_inv": 3, "l": 4, "L": "45-60", "l_inv": 3, "m": 4, "M": "45-60", "m_inv": 3, "n": 4, "N": "45-60", "n_inv": 3, "o": 3, "O": "30-45", "o_inv": 4, "p": 3, "P": "30-45", "p_inv": 4}}, {"type": "Feature", "geometry": {"type": "Point", "coordinates": [127.03811, 37.567294000000004]}, "properties": {"row": 14, "col": 23, "walk_min": 6.4, "nearest_station_id": "kr_094", "nearest_station_name": "\ub9c8\uc7a5", "a": 2, "A": "20-30", "a_inv": 5, "b": 2, "B": "20-30", "b_inv": 5, "c": 2, "C": "20-30", "c_inv": 5, "d": 2, "D": "20-30", "d_inv": 5, "e": 3, "E": "30-45", "e_inv": 4, "f": 3, "F": "30-45", "f_inv": 4, "g": 1, "G": "10-20", "g_inv": 6, "h": 1, "H": "10-20", "h_inv": 6, "i": 3, "I": "30-45", "i_inv": 4, "j": 3, "J": "30-45", "j_inv": 4, "k": 2, "K": "20-30", "k_inv": 5, "l": 2, "L": "20-30", "l_inv": 5, "m": 1, "M": "10-20", "m_inv": 6, "n": 1, "N": "10-20", "n_inv": 6, "o": 3, "O": "30-45", "o_inv": 4, "p": 3, "P": "30-45", "p_inv": 4}}, {"type": "Feature", "geometry": {"type": "Point", "coordinates": [126.916484, 37.519999999999996]}, "properties": {"row": 7, "col": 5, "walk_min": 5.6, "nearest_station_id": "kr_095", "nearest_station_name": "Singil", "a": 2, "A": "20-30", "a_inv": 5, "b": 2, "B": "20-30", "b_inv": 5, "c": 2, "C": "20-30", "c_inv": 5, "d": 2, "D": "20-30", "d_inv": 5, "e": 2, "E": "20-30", "e_inv": 5, "f": 2, "F": "20-30", "f_inv": 5, "g": 3, "G": "30-45", "g_inv": 4, "h": 3, "H": "30-45", "h_inv": 4, "i": 2, "I": "20-30", "i_inv": 5, "j": 2, "J": "20-30", "j_inv": 5, "k": 3, "K": "30-45", "k_inv": 4, "l": 3, "L": "30-45", "l_inv": 4, "m": 4, "M": "45-60", "m_inv": 3, "n": 4, "N": "45-60", "n_inv": 3, "o": 1, "O": "10-20", "o_inv": 6, "p": 1, "P": "10-20", "p_inv": 6}}, {"type": "Feature", "geometry": {"type": "Point", "coordinates": [127.07865000000001, 37.513244]}, "properties": {"row": 6, "col": 29, "walk_min": 7.8, "nearest_station_id": "kr_012", "nearest_station_name": "Sports Complex", "a": 3, "A": "30-45", "a_inv": 4, "b": 3, "B": "30-45", "b_inv": 4, "c": 3, "C": "30-45", "c_inv": 4, "d": 3, "D": "30-45", "d_inv": 4, "e": 1, "E": "10-20", "e_inv": 6, "f": 1, "F": "10-20", "f_inv": 6, "g": 3, "G": "30-45", "g_inv": 4, "h": 3, "H": "30-45", "h_inv": 4, "i": 2, "I": "20-30", "i_inv": 5, "j": 2, "J": "20-30", "j_inv": 5, "k": 1, "K": "10-20", "k_inv": 6, "l": 1, "L": "10-20", "l_inv": 6, "m": 2, "M": "20-30", "m_inv": 5, "n": 2, "N": "20-30", "n_inv": 5, "o": 4, "O": "45-60", "o_inv": 3, "p": 4, "P": "45-60", "p_inv": 3}}, {"type": "Feature", "geometry": {"type": "Point", "coordinates": [126.93000000000002, 37.513244]}, "properties": {"row": 6, "col": 7, "walk_min": 12.2, "nearest_station_id": "kr_381", "nearest_station_name": "\ub300\ubc29", "a": 2, "A": "20-30", "a_inv": 5, "b": 2, "B": "20-30", "b_inv": 5, "c": 2, "C": "20-30", "c_inv": 5, "d": 2, "D": "20-30", "d_inv": 5, "e": 3, "E": "30-45", "e_inv": 4, "f": 3, "F": "30-45", "f_inv": 4, "g": 3, "G": "30-45", "g_inv": 4, "h": 3, "H": "30-45", "h_inv": 4, "i": 2, "I": "20-30", "i_inv": 5, "j": 2, "J": "20-30", "j_inv": 5, "k": 4, "K": "45-60", "k_inv": 3, "l": 4, "L": "45-60", "l_inv": 3, "m": 4, "M": "45-60", "m_inv": 3, "n": 4, "N": "45-60", "n_inv": 3, "o": 2, "O": "20-30", "o_inv": 5, "p": 2, "P": "20-30", "p_inv": 5}}, {"type": "Feature", "geometry": {"type": "Point", "coordinates": [127.031354, 37.526754000000004]}, "properties": {"row": 8, "col": 22, "walk_min": 4.2, "nearest_station_id": "kr_138", "nearest_station_name": "\uc555\uad6c\uc815", "a": 2, "A": "20-30", "a_inv": 5, "b": 2, "B": "20-30", "b_inv": 5, "c": 2, "C": "20-30", "c_inv": 5, "d": 2, "D": "20-30", "d_inv": 5, "e": 1, "E": "10-20", "e_inv": 6, "f": 1, "F": "10-20", "f_inv": 6, "g": 2, "G": "20-30", "g_inv": 5, "h": 2, "H": "20-30", "h_inv": 5, "i": 2, "I": "20-30", "i_inv": 5, "j": 2, "J": "20-30", "j_inv": 5, "k": 2, "K": "20-30", "k_inv": 5, "l": 2, "L": "20-30", "l_inv": 5, "m": 2, "M": "20-30", "m_inv": 5, "n": 2, "N": "20-30", "n_inv": 5, "o": 3, "O": "30-45", "o_inv": 4, "p": 3, "P": "30-45", "p_inv": 4}}, {"type": "Feature", "geometry": {"type": "Point", "coordinates": [127.06513399999999, 37.54027]}, "properties": {"row": 10, "col": 27, "walk_min": 4.4, "nearest_station_id": "kr_209", "nearest_station_name": "Konkuk University", "a": 2, "A": "20-30", "a_inv": 5, "b": 2, "B": "20-30", "b_inv": 5, "c": 2, "C": "20-30", "c_inv": 5, "d": 2, "D": "20-30", "d_inv": 5, "e": 3, "E": "30-45", "e_inv": 4, "f": 3, "F": "30-45", "f_inv": 4, "g": 1, "G": "10-20", "g_inv": 6, "h": 1, "H": "10-20", "h_inv": 6, "i": 3, "I": "30-45", "i_inv": 4, "j": 3, "J": "30-45", "j_inv": 4, "k": 1, "K": "10-20", "k_inv": 6, "l": 1, "L": "10-20", "l_inv": 6, "m": 0, "M": "<10", "m_inv": 7, "n": 0, "N": "<10", "n_inv": 7, "o": 3, "O": "30-45", "o_inv": 4, "p": 3, "P": "30-45", "p_inv": 4}}, {"type": "Feature", "geometry": {"type": "Point", "coordinates": [126.99756400000001, 37.506484]}, "properties": {"row": 5, "col": 17, "walk_min": 6.6, "nearest_station_id": "kr_403", "nearest_station_name": "Sinbanpo", "a": 2, "A": "20-30", "a_inv": 5, "b": 2, "B": "20-30", "b_inv": 5, "c": 2, "C": "20-30", "c_inv": 5, "d": 2, "D": "20-30", "d_inv": 5, "e": 1, "E": "10-20", "e_inv": 6, "f": 1, "F": "10-20", "f_inv": 6, "g": 3, "G": "30-45", "g_inv": 4, "h": 3, "H": "30-45", "h_inv": 4, "i": 1, "I": "10-20", "i_inv": 6, "j": 1, "J": "10-20", "j_inv": 6, "k": 2, "K": "20-30", "k_inv": 5, "l": 2, "L": "20-30", "l_inv": 5, "m": 3, "M": "30-45", "m_inv": 4, "n": 3, "N": "30-45", "n_inv": 4, "o": 3, "O": "30-45", "o_inv": 4, "p": 3, "P": "30-45", "p_inv": 4}}, {"type": "Feature", "geometry": {"type": "Point", "coordinates": [126.99756400000001, 37.54027]}, "properties": {"row": 10, "col": 17, "walk_min": 6.0, "nearest_station_id": "kr_334", "nearest_station_name": "\ud55c\uac15\uc9c4", "a": 1, "A": "10-20", "a_inv": 6, "b": 1, "B": "10-20", "b_inv": 6, "c": 1, "C": "10-20", "c_inv": 6, "d": 1, "D": "10-20", "d_inv": 6, "e": 2, "E": "20-30", "e_inv": 5, "f": 2, "F": "20-30", "f_inv": 5, "g": 1, "G": "10-20", "g_inv": 6, "h": 1, "H": "10-20", "h_inv": 6, "i": 2, "I": "20-30", "i_inv": 5, "j": 2, "J": "20-30", "j_inv": 5, "k": 3, "K": "30-45", "k_inv": 4, "l": 3, "L": "30-45", "l_inv": 4, "m": 2, "M": "20-30", "m_inv": 5, "n": 2, "N": "20-30", "n_inv": 5, "o": 3, "O": "30-45", "o_inv": 4, "p": 3, "P": "30-45", "p_inv": 4}}, {"type": "Feature", "geometry": {"type": "Point", "coordinates": [126.99756400000001, 37.56054]}, "properties": {"row": 13, "col": 17, "walk_min": 6.3, "nearest_station_id": "kr_030", "nearest_station_name": "Chungmuro", "a": 1, "A": "10-20", "a_inv": 6, "b": 1, "B": "10-20", "b_inv": 6, "c": 1, "C": "10-20", "c_inv": 6, "d": 1, "D": "10-20", "d_inv": 6, "e": 2, "E": "20-30", "e_inv": 5, "f": 2, "F": "20-30", "f_inv": 5, "g": 1, "G": "10-20", "g_inv": 6, "h": 1, "H": "10-20", "h_inv": 6, "i": 3, "I": "30-45", "i_inv": 4, "j": 3, "J": "30-45", "j_inv": 4, "k": 3, "K": "30-45", "k_inv": 4, "l": 3, "L": "30-45", "l_inv": 4, "m": 2, "M": "20-30", "m_inv": 5, "n": 2, "N": "20-30", "n_inv": 5, "o": 2, "O": "20-30", "o_inv": 5, "p": 2, "P": "20-30", "p_inv": 5}}, {"type": "Feature", "geometry": {"type": "Point", "coordinates": [126.977294, 37.567294000000004]}, "properties": {"row": 14, "col": 14, "walk_min": 3.1, "nearest_station_id": "kr_246", "nearest_station_name": "Gwanghwamun", "a": 0, "A": "<10", "a_inv": 7, "b": 0, "B": "<10", "b_inv": 7, "c": 0, "C": "<10", "c_inv": 7, "d": 0, "D": "<10", "d_inv": 7, "e": 2, "E": "20-30", "e_inv": 5, "f": 2, "F": "20-30", "f_inv": 5, "g": 1, "G": "10-20", "g_inv": 6, "h": 1, "H": "10-20", "h_inv": 6, "i": 2, "I": "20-30", "i_inv": 5, "j": 2, "J": "20-30", "j_inv": 5, "k": 3, "K": "30-45", "k_inv": 4, "l": 3, "L": "30-45", "l_inv": 4, "m": 2, "M": "20-30", "m_inv": 5, "n": 2, "N": "20-30", "n_inv": 5, "o": 1, "O": "10-20", "o_inv": 6, "p": 1, "P": "10-20", "p_inv": 6}}, {"type": "Feature", "geometry": {"type": "Point", "coordinates": [126.957024, 37.492974000000004]}, "properties": {"row": 3, "col": 11, "walk_min": 4.8, "nearest_station_id": "kr_213", "nearest_station_name": "\uc22d\uc2e4\ub300\uc785\uad6c", "a": 3, "A": "30-45", "a_inv": 4, "b": 3, "B": "30-45", "b_inv": 4, "c": 3, "C": "30-45", "c_inv": 4, "d": 3, "D": "30-45", "d_inv": 4, "e": 2, "E": "20-30", "e_inv": 5, "f": 2, "F": "20-30", "f_inv": 5, "g": 3, "G": "30-45", "g_inv": 4, "h": 3, "H": "30-45", "h_inv": 4, "i": 2, "I": "20-30", "i_inv": 5, "j": 2, "J": "20-30", "j_inv": 5, "k": 3, "K": "30-45", "k_inv": 4, "l": 3, "L": "30-45", "l_inv": 4, "m": 4, "M": "45-60", "m_inv": 3, "n": 4, "N": "45-60", "n_inv": 3, "o": 3, "O": "30-45", "o_inv": 4, "p": 3, "P": "30-45", "p_inv": 4}}, {"type": "Feature", "geometry": {"type": "Point", "coordinates": [127.03811, 37.519999999999996]}, "properties": {"row": 7, "col": 23, "walk_min": 5.6, "nearest_station_id": "kr_155", "nearest_station_name": "Gangnam-gu Office", "a": 3, "A": "30-45", "a_inv": 4, "b": 3, "B": "30-45", "b_inv": 4, "c": 3, "C": "30-45", "c_inv": 4, "d": 3, "D": "30-45", "d_inv": 4, "e": 1, "E": "10-20", "e_inv": 6, "f": 1, "F": "10-20", "f_inv": 6, "g": 2, "G": "20-30", "g_inv": 5, "h": 2, "H": "20-30", "h_inv": 5, "i": 2, "I": "20-30", "i_inv": 5, "j": 2, "J": "20-30", "j_inv": 5, "k": 3, "K": "30-45", "k_inv": 4, "l": 3, "L": "30-45", "l_inv": 4, "m": 3, "M": "30-45", "m_inv": 4, "n": 3, "N": "30-45", "n_inv": 4, "o": 3, "O": "30-45", "o_inv": 4, "p": 3, "P": "30-45", "p_inv": 4}}, {"type": "Feature", "geometry": {"type": "Point", "coordinates": [126.88946000000001, 37.526754000000004]}, "properties": {"row": 8, "col": 1, "walk_min": 6.9, "nearest_station_id": "kr_314", "nearest_station_name": "Yangpyeong", "a": 2, "A": "20-30", "a_inv": 5, "b": 2, "B": "20-30", "b_inv": 5, "c": 3, "C": "30-45", "c_inv": 4, "d": 3, "D": "30-45", "d_inv": 4, "e": 3, "E": "30-45", "e_inv": 4, "f": 3, "F": "30-45", "f_inv": 4, "g": 3, "G": "30-45", "g_inv": 4, "h": 3, "H": "30-45", "h_inv": 4, "i": 3, "I": "30-45", "i_inv": 4, "j": 3, "J": "30-45", "j_inv": 4, "k": 4, "K": "45-60", "k_inv": 3, "l": 4, "L": "45-60", "l_inv": 3, "m": 4, "M": "45-60", "m_inv": 3, "n": 4, "N": "45-60", "n_inv": 3, "o": 2, "O": "20-30", "o_inv": 5, "p": 2, "P": "20-30", "p_inv": 5}}, {"type": "Feature", "geometry": {"type": "Point", "coordinates": [126.99756400000001, 37.58081]}, "properties": {"row": 16, "col": 17, "walk_min": 6.9, "nearest_station_id": "kr_057", "nearest_station_name": "Hyehwa", "a": 1, "A": "10-20", "a_inv": 6, "b": 1, "B": "10-20", "b_inv": 6, "c": 1, "C": "10-20", "c_inv": 6, "d": 1, "D": "10-20", "d_inv": 6, "e": 3, "E": "30-45", "e_inv": 4, "f": 3, "F": "30-45", "f_inv": 4, "g": 1, "G": "10-20", "g_inv": 6, "h": 1, "H": "10-20", "h_inv": 6, "i": 3, "I": "30-45", "i_inv": 4, "j": 3, "J": "30-45", "j_inv": 4, "k": 3, "K": "30-45", "k_inv": 4, "l": 3, "L": "30-45", "l_inv": 4, "m": 2, "M": "20-30", "m_inv": 5, "n": 2, "N": "20-30", "n_inv": 5, "o": 2, "O": "20-30", "o_inv": 5, "p": 2, "P": "20-30", "p_inv": 5}}, {"type": "Feature", "geometry": {"type": "Point", "coordinates": [126.916484, 37.594324]}, "properties": {"row": 18, "col": 5, "walk_min": 4.3, "nearest_station_id": "kr_318", "nearest_station_name": "\uc751\uc554", "a": 3, "A": "30-45", "a_inv": 4, "b": 3, "B": "30-45", "b_inv": 4, "c": 3, "C": "30-45", "c_inv": 4, "d": 3, "D": "30-45", "d_inv": 4, "e": 4, "E": "45-60", "e_inv": 3, "f": 4, "F": "45-60", "f_inv": 3, "g": 3, "G": "30-45", "g_inv": 4, "h": 3, "H": "30-45", "h_inv": 4, "i": 4, "I": "45-60", "i_inv": 3, "j": 4, "J": "45-60", "j_inv": 3, "k": 4, "K": "45-60", "k_inv": 3, "l": 4, "L": "45-60", "l_inv": 3, "m": 4, "M": "45-60", "m_inv": 3, "n": 4, "N": "45-60", "n_inv": 3, "o": 3, "O": "30-45", "o_inv": 4, "p": 3, "P": "30-45", "p_inv": 4}}, {"type": "Feature", "geometry": {"type": "Point", "coordinates": [126.88946000000001, 37.486214000000004]}, "properties": {"row": 2, "col": 1, "walk_min": 4.4, "nearest_station_id": "kr_328", "nearest_station_name": "\ub0a8\uad6c\ub85c", "a": 4, "A": "45-60", "a_inv": 3, "b": 4, "B": "45-60", "b_inv": 3, "c": 4, "C": "45-60", "c_inv": 3, "d": 4, "D": "45-60", "d_inv": 3, "e": 3, "E": "30-45", "e_inv": 4, "f": 3, "F": "30-45", "f_inv": 4, "g": 4, "G": "45-60", "g_inv": 3, "h": 4, "H": "45-60", "h_inv": 3, "i": 4, "I": "45-60", "i_inv": 3, "j": 4, "J": "45-60", "j_inv": 3, "k": 4, "K": "45-60", "k_inv": 3, "l": 4, "L": "45-60", "l_inv": 3, "m": 5, "M": "60-90", "m_inv": 2, "n": 5, "N": "60-90", "n_inv": 2, "o": 4, "O": "45-60", "o_inv": 3, "p": 4, "P": "45-60", "p_inv": 3}}, {"type": "Feature", "geometry": {"type": "Point", "coordinates": [127.07865000000001, 37.56054]}, "properties": {"row": 13, "col": 29, "walk_min": 6.0, "nearest_station_id": "kr_046", "nearest_station_name": "\uad70\uc790", "a": 3, "A": "30-45", "a_inv": 4, "b": 3, "B": "30-45", "b_inv": 4, "c": 2, "C": "20-30", "c_inv": 5, "d": 2, "D": "20-30", "d_inv": 5, "e": 3, "E": "30-45", "e_inv": 4, "f": 3, "F": "30-45", "f_inv": 4, "g": 1, "G": "10-20", "g_inv": 6, "h": 1, "H": "10-20", "h_inv": 6, "i": 3, "I": "30-45", "i_inv": 4, "j": 3, "J": "30-45", "j_inv": 4, "k": 3, "K": "30-45", "k_inv": 4, "l": 3, "L": "30-45", "l_inv": 4, "m": 2, "M": "20-30", "m_inv": 5, "n": 2, "N": "20-30", "n_inv": 5, "o": 3, "O": "30-45", "o_inv": 4, "p": 3, "P": "30-45", "p_inv": 4}}, {"type": "Feature", "geometry": {"type": "Point", "coordinates": [126.977294, 37.479459999999996]}, "properties": {"row": 1, "col": 14, "walk_min": 5.4, "nearest_station_id": "kr_133", "nearest_station_name": "Sadang", "a": 2, "A": "20-30", "a_inv": 5, "b": 2, "B": "20-30", "b_inv": 5, "c": 3, "C": "30-45", "c_inv": 4, "d": 3, "D": "30-45", "d_inv": 4, "e": 1, "E": "10-20", "e_inv": 6, "f": 1, "F": "10-20", "f_inv": 6, "g": 3, "G": "30-45", "g_inv": 4, "h": 3, "H": "30-45", "h_inv": 4, "i": 1, "I": "10-20", "i_inv": 6, "j": 1, "J": "10-20", "j_inv": 6, "k": 3, "K": "30-45", "k_inv": 4, "l": 3, "L": "30-45", "l_inv": 4, "m": 3, "M": "30-45", "m_inv": 4, "n": 3, "N": "30-45", "n_inv": 4, "o": 3, "O": "30-45", "o_inv": 4, "p": 3, "P": "30-45", "p_inv": 4}}, {"type": "Feature", "geometry": {"type": "Point", "coordinates": [126.96378399999999, 37.472704]}, "properties": {"row": 0, "col": 12, "walk_min": 5.6, "nearest_station_id": "kr_319", "nearest_station_name": "Nakseongdae", "a": 2, "A": "20-30", "a_inv": 5, "b": 2, "B": "20-30", "b_inv": 5, "c": 3, "C": "30-45", "c_inv": 4, "d": 3, "D": "30-45", "d_inv": 4, "e": 1, "E": "10-20", "e_inv": 6, "f": 1, "F": "10-20", "f_inv": 6, "g": 3, "G": "30-45", "g_inv": 4, "h": 3, "H": "30-45", "h_inv": 4, "i": 0, "I": "<10", "i_inv": 7, "j": 0, "J": "<10", "j_inv": 7, "k": 3, "K": "30-45", "k_inv": 4, "l": 3, "L": "30-45", "l_inv": 4, "m": 4, "M": "45-60", "m_inv": 3, "n": 4, "N": "45-60", "n_inv": 3, "o": 3, "O": "30-45", "o_inv": 4, "p": 3, "P": "30-45", "p_inv": 4}}, {"type": "Feature", "geometry": {"type": "Point", "coordinates": [127.01108400000001, 37.574054000000004]}, "properties": {"row": 15, "col": 19, "walk_min": 4.5, "nearest_station_id": "kr_011", "nearest_station_name": "Dongdaemun", "a": 1, "A": "10-20", "a_inv": 6, "b": 1, "B": "10-20", "b_inv": 6, "c": 1, "C": "10-20", "c_inv": 6, "d": 1, "D": "10-20", "d_inv": 6, "e": 2, "E": "20-30", "e_inv": 5, "f": 2, "F": "20-30", "f_inv": 5, "g": 1, "G": "10-20", "g_inv": 6, "h": 1, "H": "10-20", "h_inv": 6, "i": 3, "I": "30-45", "i_inv": 4, "j": 3, "J": "30-45", "j_inv": 4, "k": 3, "K": "30-45", "k_inv": 4, "l": 3, "L": "30-45", "l_inv": 4, "m": 2, "M": "20-30", "m_inv": 5, "n": 2, "N": "20-30", "n_inv": 5, "o": 2, "O": "20-30", "o_inv": 5, "p": 2, "P": "20-30", "p_inv": 5}}, {"type": "Feature", "geometry": {"type": "Point", "coordinates": [126.88946000000001, 37.54027]}, "properties": {"row": 10, "col": 1, "walk_min": 6.2, "nearest_station_id": "kr_387", "nearest_station_name": "Seonyudo", "a": 2, "A": "20-30", "a_inv": 5, "b": 2, "B": "20-30", "b_inv": 5, "c": 2, "C": "20-30", "c_inv": 5, "d": 2, "D": "20-30", "d_inv": 5, "e": 3, "E": "30-45", "e_inv": 4, "f": 3, "F": "30-45", "f_inv": 4, "g": 3, "G": "30-45", "g_inv": 4, "h": 3, "H": "30-45", "h_inv": 4, "i": 3, "I": "30-45", "i_inv": 4, "j": 3, "J": "30-45", "j_inv": 4, "k": 4, "K": "45-60", "k_inv": 3, "l": 4, "L": "45-60", "l_inv": 3, "m": 4, "M": "45-60", "m_inv": 3, "n": 4, "N": "45-60", "n_inv": 3, "o": 1, "O": "10-20", "o_inv": 6, "p": 1, "P": "10-20", "p_inv": 6}}, {"type": "Feature", "geometry": {"type": "Point", "coordinates": [126.957024, 37.54027]}, "properties": {"row": 10, "col": 11, "walk_min": 4.4, "nearest_station_id": "kr_245", "nearest_station_name": "\ud6a8\ucc3d\uacf5\uc6d0\uc55e", "a": 1, "A": "10-20", "a_inv": 6, "b": 1, "B": "10-20", "b_inv": 6, "c": 1, "C": "10-20", "c_inv": 6, "d": 1, "D": "10-20", "d_inv": 6, "e": 2, "E": "20-30", "e_inv": 5, "f": 2, "F": "20-30", "f_inv": 5, "g": 2, "G": "20-30", "g_inv": 5, "h": 2, "H": "20-30", "h_inv": 5, "i": 2, "I": "20-30", "i_inv": 5, "j": 2, "J": "20-30", "j_inv": 5, "k": 3, "K": "30-45", "k_inv": 4, "l": 3, "L": "30-45", "l_inv": 4, "m": 3, "M": "30-45", "m_inv": 4, "n": 3, "N": "30-45", "n_inv": 4, "o": 2, "O": "20-30", "o_inv": 5, "p": 2, "P": "20-30", "p_inv": 5}}, {"type": "Feature", "geometry": {"type": "Point", "coordinates": [127.031354, 37.574054000000004]}, "properties": {"row": 15, "col": 22, "walk_min": 5.5, "nearest_station_id": "kr_026", "nearest_station_name": "Jegidong", "a": 2, "A": "20-30", "a_inv": 5, "b": 2, "B": "20-30", "b_inv": 5, "c": 1, "C": "10-20", "c_inv": 6, "d": 1, "D": "10-20", "d_inv": 6, "e": 3, "E": "30-45", "e_inv": 4, "f": 3, "F": "30-45", "f_inv": 4, "g": 1, "G": "10-20", "g_inv": 6, "h": 1, "H": "10-20", "h_inv": 6, "i": 3, "I": "30-45", "i_inv": 4, "j": 3, "J": "30-45", "j_inv": 4, "k": 3, "K": "30-45", "k_inv": 4, "l": 3, "L": "30-45", "l_inv": 4, "m": 1, "M": "10-20", "m_inv": 6, "n": 1, "N": "10-20", "n_inv": 6, "o": 3, "O": "30-45", "o_inv": 4, "p": 3, "P": "30-45", "p_inv": 4}}, {"type": "Feature", "geometry": {"type": "Point", "coordinates": [127.01108400000001, 37.58081]}, "properties": {"row": 16, "col": 19, "walk_min": 6.0, "nearest_station_id": "kr_101", "nearest_station_name": "\ucc3d\uc2e0", "a": 2, "A": "20-30", "a_inv": 5, "b": 2, "B": "20-30", "b_inv": 5, "c": 2, "C": "20-30", "c_inv": 5, "d": 2, "D": "20-30", "d_inv": 5, "e": 3, "E": "30-45", "e_inv": 4, "f": 3, "F": "30-45", "f_inv": 4, "g": 1, "G": "10-20", "g_inv": 6, "h": 1, "H": "10-20", "h_inv": 6, "i": 3, "I": "30-45", "i_inv": 4, "j": 3, "J": "30-45", "j_inv": 4, "k": 3, "K": "30-45", "k_inv": 4, "l": 3, "L": "30-45", "l_inv": 4, "m": 2, "M": "20-30", "m_inv": 5, "n": 2, "N": "20-30", "n_inv": 5, "o": 3, "O": "30-45", "o_inv": 4, "p": 3, "P": "30-45", "p_inv": 4}}, {"type": "Feature", "geometry": {"type": "Point", "coordinates": [126.957024, 37.56054]}, "properties": {"row": 13, "col": 11, "walk_min": 3.9, "nearest_station_id": "kr_276", "nearest_station_name": "Chungjeongno", "a": 1, "A": "10-20", "a_inv": 6, "b": 1, "B": "10-20", "b_inv": 6, "c": 1, "C": "10-20", "c_inv": 6, "d": 1, "D": "10-20", "d_inv": 6, "e": 3, "E": "30-45", "e_inv": 4, "f": 3, "F": "30-45", "f_inv": 4, "g": 2, "G": "20-30", "g_inv": 5, "h": 2, "H": "20-30", "h_inv": 5, "i": 2, "I": "20-30", "i_inv": 5, "j": 2, "J": "20-30", "j_inv": 5, "k": 3, "K": "30-45", "k_inv": 4, "l": 3, "L": "30-45", "l_inv": 4, "m": 3, "M": "30-45", "m_inv": 4, "n": 3, "N": "30-45", "n_inv": 4, "o": 1, "O": "10-20", "o_inv": 6, "p": 1, "P": "10-20", "p_inv": 6}}, {"type": "Feature", "geometry": {"type": "Point", "coordinates": [127.02459400000001, 37.567294000000004]}, "properties": {"row": 14, "col": 21, "walk_min": 5.8, "nearest_station_id": "kr_076", "nearest_station_name": "Sangwangsimni", "a": 1, "A": "10-20", "a_inv": 6, "b": 1, "B": "10-20", "b_inv": 6, "c": 1, "C": "10-20", "c_inv": 6, "d": 1, "D": "10-20", "d_inv": 6, "e": 3, "E": "30-45", "e_inv": 4, "f": 3, "F": "30-45", "f_inv": 4, "g": 1, "G": "10-20", "g_inv": 6, "h": 1, "H": "10-20", "h_inv": 6, "i": 3, "I": "30-45", "i_inv": 4, "j": 3, "J": "30-45", "j_inv": 4, "k": 2, "K": "20-30", "k_inv": 5, "l": 2, "L": "20-30", "l_inv": 5, "m": 1, "M": "10-20", "m_inv": 6, "n": 1, "N": "10-20", "n_inv": 6, "o": 2, "O": "20-30", "o_inv": 5, "p": 2, "P": "20-30", "p_inv": 5}}, {"type": "Feature", "geometry": {"type": "Point", "coordinates": [127.05837999999999, 37.486214000000004]}, "properties": {"row": 2, "col": 26, "walk_min": 8.3, "nearest_station_id": "kr_164", "nearest_station_name": "Dogok", "a": 3, "A": "30-45", "a_inv": 4, "b": 3, "B": "30-45", "b_inv": 4, "c": 3, "C": "30-45", "c_inv": 4, "d": 3, "D": "30-45", "d_inv": 4, "e": 1, "E": "10-20", "e_inv": 6, "f": 1, "F": "10-20", "f_inv": 6, "g": 3, "G": "30-45", "g_inv": 4, "h": 3, "H": "30-45", "h_inv": 4, "i": 2, "I": "20-30", "i_inv": 5, "j": 2, "J": "20-30", "j_inv": 5, "k": 3, "K": "30-45", "k_inv": 4, "l": 3, "L": "30-45", "l_inv": 4, "m": 3, "M": "30-45", "m_inv": 4, "n": 3, "N": "30-45", "n_inv": 4, "o": 4, "O": "45-60", "o_inv": 3, "p": 4, "P": "45-60", "p_inv": 3}}, {"type": "Feature", "geometry": {"type": "Point", "coordinates": [126.98405400000001, 37.472704]}, "properties": {"row": 0, "col": 15, "walk_min": 12.2, "nearest_station_id": "kr_133", "nearest_station_name": "Sadang", "a": 3, "A": "30-45", "a_inv": 4, "b": 3, "B": "30-45", "b_inv": 4, "c": 3, "C": "30-45", "c_inv": 4, "d": 3, "D": "30-45", "d_inv": 4, "e": 2, "E": "20-30", "e_inv": 5, "f": 2, "F": "20-30", "f_inv": 5, "g": 4, "G": "45-60", "g_inv": 3, "h": 4, "H": "45-60", "h_inv": 3, "i": 1, "I": "10-20", "i_inv": 6, "j": 1, "J": "10-20", "j_inv": 6, "k": 3, "K": "30-45", "k_inv": 4, "l": 3, "L": "30-45", "l_inv": 4, "m": 4, "M": "45-60", "m_inv": 3, "n": 4, "N": "45-60", "n_inv": 3, "o": 3, "O": "30-45", "o_inv": 4, "p": 3, "P": "30-45", "p_inv": 4}}, {"type": "Feature", "geometry": {"type": "Point", "coordinates": [126.90973000000001, 37.519999999999996]}, "properties": {"row": 7, "col": 4, "walk_min": 5.7, "nearest_station_id": "kr_241", "nearest_station_name": "\uc601\ub4f1\ud3ec\uc2dc\uc7a5", "a": 2, "A": "20-30", "a_inv": 5, "b": 2, "B": "20-30", "b_inv": 5, "c": 2, "C": "20-30", "c_inv": 5, "d": 2, "D": "20-30", "d_inv": 5, "e": 2, "E": "20-30", "e_inv": 5, "f": 2, "F": "20-30", "f_inv": 5, "g": 3, "G": "30-45", "g_inv": 4, "h": 3, "H": "30-45", "h_inv": 4, "i": 2, "I": "20-30", "i_inv": 5, "j": 2, "J": "20-30", "j_inv": 5, "k": 3, "K": "30-45", "k_inv": 4, "l": 3, "L": "30-45", "l_inv": 4, "m": 4, "M": "45-60", "m_inv": 3, "n": 4, "N": "45-60", "n_inv": 3, "o": 2, "O": "20-30", "o_inv": 5, "p": 2, "P": "20-30", "p_inv": 5}}, {"type": "Feature", "geometry": {"type": "Point", "coordinates": [127.04486399999999, 37.601084]}, "properties": {"row": 19, "col": 24, "walk_min": 5.4, "nearest_station_id": "kr_142", "nearest_station_name": "\uc6d4\uace1", "a": 3, "A": "30-45", "a_inv": 4, "b": 3, "B": "30-45", "b_inv": 4, "c": 2, "C": "20-30", "c_inv": 5, "d": 2, "D": "20-30", "d_inv": 5, "e": 3, "E": "30-45", "e_inv": 4, "f": 3, "F": "30-45", "f_inv": 4, "g": 2, "G": "20-30", "g_inv": 5, "h": 2, "H": "20-30", "h_inv": 5, "i": 4, "I": "45-60", "i_inv": 3, "j": 4, "J": "45-60", "j_inv": 3, "k": 4, "K": "45-60", "k_inv": 3, "l": 4, "L": "45-60", "l_inv": 3, "m": 3, "M": "30-45", "m_inv": 4, "n": 3, "N": "30-45", "n_inv": 4, "o": 3, "O": "30-45", "o_inv": 4, "p": 3, "P": "30-45", "p_inv": 4}}, {"type": "Feature", "geometry": {"type": "Point", "coordinates": [127.004324, 37.49973]}, "properties": {"row": 4, "col": 18, "walk_min": 6.1, "nearest_station_id": "kr_002", "nearest_station_name": "Express Bus Terminal", "a": 2, "A": "20-30", "a_inv": 5, "b": 2, "B": "20-30", "b_inv": 5, "c": 2, "C": "20-30", "c_inv": 5, "d": 2, "D": "20-30", "d_inv": 5, "e": 1, "E": "10-20", "e_inv": 6, "f": 1, "F": "10-20", "f_inv": 6, "g": 3, "G": "30-45", "g_inv": 4, "h": 3, "H": "30-45", "h_inv": 4, "i": 1, "I": "10-20", "i_inv": 6, "j": 1, "J": "10-20", "j_inv": 6, "k": 2, "K": "20-30", "k_inv": 5, "l": 2, "L": "20-30", "l_inv": 5, "m": 3, "M": "30-45", "m_inv": 4, "n": 3, "N": "30-45", "n_inv": 4, "o": 3, "O": "30-45", "o_inv": 4, "p": 3, "P": "30-45", "p_inv": 4}}, {"type": "Feature", "geometry": {"type": "Point", "coordinates": [126.957024, 37.513244]}, "properties": {"row": 6, "col": 11, "walk_min": 8.4, "nearest_station_id": "kr_399", "nearest_station_name": "Nodeul", "a": 2, "A": "20-30", "a_inv": 5, "b": 2, "B": "20-30", "b_inv": 5, "c": 2, "C": "20-30", "c_inv": 5, "d": 2, "D": "20-30", "d_inv": 5, "e": 2, "E": "20-30", "e_inv": 5, "f": 2, "F": "20-30", "f_inv": 5, "g": 3, "G": "30-45", "g_inv": 4, "h": 3, "H": "30-45", "h_inv": 4, "i": 1, "I": "10-20", "i_inv": 6, "j": 1, "J": "10-20", "j_inv": 6, "k": 3, "K": "30-45", "k_inv": 4, "l": 3, "L": "30-45", "l_inv": 4, "m": 4, "M": "45-60", "m_inv": 3, "n": 4, "N": "45-60", "n_inv": 3, "o": 2, "O": "20-30", "o_inv": 5, "p": 2, "P": "20-30", "p_inv": 5}}, {"type": "Feature", "geometry": {"type": "Point", "coordinates": [127.02459400000001, 37.513244]}, "properties": {"row": 6, "col": 21, "walk_min": 3.7, "nearest_station_id": "kr_130", "nearest_station_name": "\ub17c\ud604", "a": 2, "A": "20-30", "a_inv": 5, "b": 2, "B": "20-30", "b_inv": 5, "c": 2, "C": "20-30", "c_inv": 5, "d": 2, "D": "20-30", "d_inv": 5, "e": 1, "E": "10-20", "e_inv": 6, "f": 1, "F": "10-20", "f_inv": 6, "g": 2, "G": "20-30", "g_inv": 5, "h": 2, "H": "20-30", "h_inv": 5, "i": 1, "I": "10-20", "i_inv": 6, "j": 1, "J": "10-20", "j_inv": 6, "k": 2, "K": "20-30", "k_inv": 5, "l": 2, "L": "20-30", "l_inv": 5, "m": 3, "M": "30-45", "m_inv": 4, "n": 3, "N": "30-45", "n_inv": 4, "o": 3, "O": "30-45", "o_inv": 4, "p": 3, "P": "30-45", "p_inv": 4}}, {"type": "Feature", "geometry": {"type": "Point", "coordinates": [126.93000000000002, 37.479459999999996]}, "properties": {"row": 1, "col": 7, "walk_min": 5.4, "nearest_station_id": "kr_375", "nearest_station_name": "Sillim", "a": 3, "A": "30-45", "a_inv": 4, "b": 3, "B": "30-45", "b_inv": 4, "c": 3, "C": "30-45", "c_inv": 4, "d": 3, "D": "30-45", "d_inv": 4, "e": 2, "E": "20-30", "e_inv": 5, "f": 2, "F": "20-30", "f_inv": 5, "g": 4, "G": "45-60", "g_inv": 3, "h": 4, "H": "45-60", "h_inv": 3, "i": 1, "I": "10-20", "i_inv": 6, "j": 1, "J": "10-20", "j_inv": 6, "k": 3, "K": "30-45", "k_inv": 4, "l": 3, "L": "30-45", "l_inv": 4, "m": 4, "M": "45-60", "m_inv": 3, "n": 4, "N": "45-60", "n_inv": 3, "o": 3, "O": "30-45", "o_inv": 4, "p": 3, "P": "30-45", "p_inv": 4}}, {"type": "Feature", "geometry": {"type": "Point", "coordinates": [127.004324, 37.486214000000004]}, "properties": {"row": 2, "col": 18, "walk_min": 7.0, "nearest_station_id": "kr_333", "nearest_station_name": "Seocho", "a": 3, "A": "30-45", "a_inv": 4, "b": 3, "B": "30-45", "b_inv": 4, "c": 3, "C": "30-45", "c_inv": 4, "d": 3, "D": "30-45", "d_inv": 4, "e": 1, "E": "10-20", "e_inv": 6, "f": 1, "F": "10-20", "f_inv": 6, "g": 3, "G": "30-45", "g_inv": 4, "h": 3, "H": "30-45", "h_inv": 4, "i": 1, "I": "10-20", "i_inv": 6, "j": 1, "J": "10-20", "j_inv": 6, "k": 2, "K": "20-30", "k_inv": 5, "l": 2, "L": "20-30", "l_inv": 5, "m": 3, "M": "30-45", "m_inv": 4, "n": 3, "N": "30-45", "n_inv": 4, "o": 3, "O": "30-45", "o_inv": 4, "p": 3, "P": "30-45", "p_inv": 4}}, {"type": "Feature", "geometry": {"type": "Point", "coordinates": [127.05837999999999, 37.492974000000004]}, "properties": {"row": 3, "col": 26, "walk_min": 4.7, "nearest_station_id": "kr_290", "nearest_station_name": "\ub300\uce58", "a": 3, "A": "30-45", "a_inv": 4, "b": 3, "B": "30-45", "b_inv": 4, "c": 3, "C": "30-45", "c_inv": 4, "d": 3, "D": "30-45", "d_inv": 4, "e": 1, "E": "10-20", "e_inv": 6, "f": 1, "F": "10-20", "f_inv": 6, "g": 3, "G": "30-45", "g_inv": 4, "h": 3, "H": "30-45", "h_inv": 4, "i": 2, "I": "20-30", "i_inv": 5, "j": 2, "J": "20-30", "j_inv": 5, "k": 2, "K": "20-30", "k_inv": 5, "l": 2, "L": "20-30", "l_inv": 5, "m": 3, "M": "30-45", "m_inv": 4, "n": 3, "N": "30-45", "n_inv": 4, "o": 4, "O": "45-60", "o_inv": 3, "p": 4, "P": "45-60", "p_inv": 3}}, {"type": "Feature", "geometry": {"type": "Point", "coordinates": [126.923244, 37.601084]}, "properties": {"row": 19, "col": 6, "walk_min": 5.6, "nearest_station_id": "kr_294", "nearest_station_name": "\uc5ed\ucd0c", "a": 3, "A": "30-45", "a_inv": 4, "b": 3, "B": "30-45", "b_inv": 4, "c": 2, "C": "20-30", "c_inv": 5, "d": 2, "D": "20-30", "d_inv": 5, "e": 4, "E": "45-60", "e_inv": 3, "f": 4, "F": "45-60", "f_inv": 3, "g": 3, "G": "30-45", "g_inv": 4, "h": 3, "H": "30-45", "h_inv": 4, "i": 4, "I": "45-60", "i_inv": 3, "j": 4, "J": "45-60", "j_inv": 3, "k": 4, "K": "45-60", "k_inv": 3, "l": 4, "L": "45-60", "l_inv": 3, "m": 3, "M": "30-45", "m_inv": 4, "n": 3, "N": "30-45", "n_inv": 4, "o": 3, "O": "30-45", "o_inv": 4, "p": 3, "P": "30-45", "p_inv": 4}}, {"type": "Feature", "geometry": {"type": "Point", "coordinates": [126.916484, 37.55378399999999]}, "properties": {"row": 12, "col": 5, "walk_min": 5.2, "nearest_station_id": "kr_323", "nearest_station_name": "Hapjeong", "a": 2, "A": "20-30", "a_inv": 5, "b": 2, "B": "20-30", "b_inv": 5, "c": 2, "C": "20-30", "c_inv": 5, "d": 2, "D": "20-30", "d_inv": 5, "e": 3, "E": "30-45", "e_inv": 4, "f": 3, "F": "30-45", "f_inv": 4, "g": 3, "G": "30-45", "g_inv": 4, "h": 3, "H": "30-45", "h_inv": 4, "i": 3, "I": "30-45", "i_inv": 4, "j": 3, "J": "30-45", "j_inv": 4, "k": 4, "K": "45-60", "k_inv": 3, "l": 4, "L": "45-60", "l_inv": 3, "m": 3, "M": "30-45", "m_inv": 4, "n": 3, "N": "30-45", "n_inv": 4, "o": 1, "O": "10-20", "o_inv": 6, "p": 1, "P": "10-20", "p_inv": 6}}, {"type": "Feature", "geometry": {"type": "Point", "coordinates": [127.04486399999999, 37.519999999999996]}, "properties": {"row": 7, "col": 24, "walk_min": 5.3, "nearest_station_id": "kr_166", "nearest_station_name": "\uccad\ub2f4", "a": 3, "A": "30-45", "a_inv": 4, "b": 3, "B": "30-45", "b_inv": 4, "c": 3, "C": "30-45", "c_inv": 4, "d": 3, "D": "30-45", "d_inv": 4, "e": 2, "E": "20-30", "e_inv": 5, "f": 2, "F": "20-30", "f_inv": 5, "g": 2, "G": "20-30", "g_inv": 5, "h": 2, "H": "20-30", "h_inv": 5, "i": 2, "I": "20-30", "i_inv": 5, "j": 2, "J": "20-30", "j_inv": 5, "k": 3, "K": "30-45", "k_inv": 4, "l": 3, "L": "30-45", "l_inv": 4, "m": 3, "M": "30-45", "m_inv": 4, "n": 3, "N": "30-45", "n_inv": 4, "o": 3, "O": "30-45", "o_inv": 4, "p": 3, "P": "30-45", "p_inv": 4}}, {"type": "Feature", "geometry": {"type": "Point", "coordinates": [126.977294, 37.519999999999996]}, "properties": {"row": 7, "col": 14, "walk_min": 8.4, "nearest_station_id": "kr_219", "nearest_station_name": "Ichon", "a": 1, "A": "10-20", "a_inv": 6, "b": 1, "B": "10-20", "b_inv": 6, "c": 2, "C": "20-30", "c_inv": 5, "d": 2, "D": "20-30", "d_inv": 5, "e": 2, "E": "20-30", "e_inv": 5, "f": 2, "F": "20-30", "f_inv": 5, "g": 3, "G": "30-45", "g_inv": 4, "h": 3, "H": "30-45", "h_inv": 4, "i": 1, "I": "10-20", "i_inv": 6, "j": 1, "J": "10-20", "j_inv": 6, "k": 3, "K": "30-45", "k_inv": 4, "l": 3, "L": "30-45", "l_inv": 4, "m": 3, "M": "30-45", "m_inv": 4, "n": 3, "N": "30-45", "n_inv": 4, "o": 3, "O": "30-45", "o_inv": 4, "p": 3, "P": "30-45", "p_inv": 4}}, {"type": "Feature", "geometry": {"type": "Point", "coordinates": [126.88270399999999, 37.506484]}, "properties": {"row": 5, "col": 0, "walk_min": 10.0, "nearest_station_id": "kr_019", "nearest_station_name": "Guro", "a": 2, "A": "20-30", "a_inv": 5, "b": 2, "B": "20-30", "b_inv": 5, "c": 3, "C": "30-45", "c_inv": 4, "d": 3, "D": "30-45", "d_inv": 4, "e": 3, "E": "30-45", "e_inv": 4, "f": 3, "F": "30-45", "f_inv": 4, "g": 3, "G": "30-45", "g_inv": 4, "h": 3, "H": "30-45", "h_inv": 4, "i": 3, "I": "30-45", "i_inv": 4, "j": 3, "J": "30-45", "j_inv": 4, "k": 4, "K": "45-60", "k_inv": 3, "l": 4, "L": "45-60", "l_inv": 3, "m": 4, "M": "45-60", "m_inv": 3, "n": 4, "N": "45-60", "n_inv": 3, "o": 2, "O": "20-30", "o_inv": 5, "p": 2, "P": "20-30", "p_inv": 5}}, {"type": "Feature", "geometry": {"type": "Point", "coordinates": [127.02459400000001, 37.587564]}, "properties": {"row": 17, "col": 21, "walk_min": 4.6, "nearest_station_id": "kr_122", "nearest_station_name": "\uc548\uc554", "a": 2, "A": "20-30", "a_inv": 5, "b": 2, "B": "20-30", "b_inv": 5, "c": 2, "C": "20-30", "c_inv": 5, "d": 2, "D": "20-30", "d_inv": 5, "e": 3, "E": "30-45", "e_inv": 4, "f": 3, "F": "30-45", "f_inv": 4, "g": 1, "G": "10-20", "g_inv": 6, "h": 1, "H": "10-20", "h_inv": 6, "i": 3, "I": "30-45", "i_inv": 4, "j": 3, "J": "30-45", "j_inv": 4, "k": 3, "K": "30-45", "k_inv": 4, "l": 3, "L": "30-45", "l_inv": 4, "m": 2, "M": "20-30", "m_inv": 5, "n": 2, "N": "20-30", "n_inv": 5, "o": 3, "O": "30-45", "o_inv": 4, "p": 3, "P": "30-45", "p_inv": 4}}, {"type": "Feature", "geometry": {"type": "Point", "coordinates": [127.03811, 37.58081]}, "properties": {"row": 16, "col": 23, "walk_min": 5.4, "nearest_station_id": "kr_026", "nearest_station_name": "Jegidong", "a": 2, "A": "20-30", "a_inv": 5, "b": 2, "B": "20-30", "b_inv": 5, "c": 2, "C": "20-30", "c_inv": 5, "d": 2, "D": "20-30", "d_inv": 5, "e": 3, "E": "30-45", "e_inv": 4, "f": 3, "F": "30-45", "f_inv": 4, "g": 2, "G": "20-30", "g_inv": 5, "h": 2, "H": "20-30", "h_inv": 5, "i": 3, "I": "30-45", "i_inv": 4, "j": 3, "J": "30-45", "j_inv": 4, "k": 3, "K": "30-45", "k_inv": 4, "l": 3, "L": "30-45", "l_inv": 4, "m": 2, "M": "20-30", "m_inv": 5, "n": 2, "N": "20-30", "n_inv": 5, "o": 3, "O": "30-45", "o_inv": 4, "p": 3, "P": "30-45", "p_inv": 4}}, {"type": "Feature", "geometry": {"type": "Point", "coordinates": [126.902974, 37.526754000000004]}, "properties": {"row": 8, "col": 3, "walk_min": 5.4, "nearest_station_id": "kr_241", "nearest_station_name": "\uc601\ub4f1\ud3ec\uc2dc\uc7a5", "a": 2, "A": "20-30", "a_inv": 5, "b": 2, "B": "20-30", "b_inv": 5, "c": 2, "C": "20-30", "c_inv": 5, "d": 2, "D": "20-30", "d_inv": 5, "e": 3, "E": "30-45", "e_inv": 4, "f": 3, "F": "30-45", "f_inv": 4, "g": 3, "G": "30-45", "g_inv": 4, "h": 3, "H": "30-45", "h_inv": 4, "i": 2, "I": "20-30", "i_inv": 5, "j": 2, "J": "20-30", "j_inv": 5, "k": 3, "K": "30-45", "k_inv": 4, "l": 3, "L": "30-45", "l_inv": 4, "m": 4, "M": "45-60", "m_inv": 3, "n": 4, "N": "45-60", "n_inv": 3, "o": 1, "O": "10-20", "o_inv": 6, "p": 1, "P": "10-20", "p_inv": 6}}, {"type": "Feature", "geometry": {"type": "Point", "coordinates": [127.071894, 37.506484]}, "properties": {"row": 5, "col": 28, "walk_min": 7.9, "nearest_station_id": "kr_012", "nearest_station_name": "Sports Complex", "a": 3, "A": "30-45", "a_inv": 4, "b": 3, "B": "30-45", "b_inv": 4, "c": 3, "C": "30-45", "c_inv": 4, "d": 3, "D": "30-45", "d_inv": 4, "e": 1, "E": "10-20", "e_inv": 6, "f": 1, "F": "10-20", "f_inv": 6, "g": 3, "G": "30-45", "g_inv": 4, "h": 3, "H": "30-45", "h_inv": 4, "i": 2, "I": "20-30", "i_inv": 5, "j": 2, "J": "20-30", "j_inv": 5, "k": 1, "K": "10-20", "k_inv": 6, "l": 1, "L": "10-20", "l_inv": 6, "m": 2, "M": "20-30", "m_inv": 5, "n": 2, "N": "20-30", "n_inv": 5, "o": 4, "O": "45-60", "o_inv": 3, "p": 4, "P": "45-60", "p_inv": 3}}, {"type": "Feature", "geometry": {"type": "Point", "coordinates": [126.88946000000001, 37.533514000000004]}, "properties": {"row": 9, "col": 1, "walk_min": 8.6, "nearest_station_id": "kr_387", "nearest_station_name": "Seonyudo", "a": 3, "A": "30-45", "a_inv": 4, "b": 3, "B": "30-45", "b_inv": 4, "c": 2, "C": "20-30", "c_inv": 5, "d": 2, "D": "20-30", "d_inv": 5, "e": 3, "E": "30-45", "e_inv": 4, "f": 3, "F": "30-45", "f_inv": 4, "g": 3, "G": "30-45", "g_inv": 4, "h": 3, "H": "30-45", "h_inv": 4, "i": 3, "I": "30-45", "i_inv": 4, "j": 3, "J": "30-45", "j_inv": 4, "k": 4, "K": "45-60", "k_inv": 3, "l": 4, "L": "45-60", "l_inv": 3, "m": 4, "M": "45-60", "m_inv": 3, "n": 4, "N": "45-60", "n_inv": 3, "o": 1, "O": "10-20", "o_inv": 6, "p": 1, "P": "10-20", "p_inv": 6}}, {"type": "Feature", "geometry": {"type": "Point", "coordinates": [127.03811, 37.486214000000004]}, "properties": {"row": 2, "col": 23, "walk_min": 6.0, "nearest_station_id": "kr_020", "nearest_station_name": "Yangjae", "a": 3, "A": "30-45", "a_inv": 4, "b": 3, "B": "30-45", "b_inv": 4, "c": 3, "C": "30-45", "c_inv": 4, "d": 3, "D": "30-45", "d_inv": 4, "e": 0, "E": "<10", "e_inv": 7, "f": 0, "F": "<10", "f_inv": 7, "g": 3, "G": "30-45", "g_inv": 4, "h": 3, "H": "30-45", "h_inv": 4, "i": 2, "I": "20-30", "i_inv": 5, "j": 2, "J": "20-30", "j_inv": 5, "k": 2, "K": "20-30", "k_inv": 5, "l": 2, "L": "20-30", "l_inv": 5, "m": 3, "M": "30-45", "m_inv": 4, "n": 3, "N": "30-45", "n_inv": 4, "o": 3, "O": "30-45", "o_inv": 4, "p": 3, "P": "30-45", "p_inv": 4}}, {"type": "Feature", "geometry": {"type": "Point", "coordinates": [127.05162399999999, 37.54027]}, "properties": {"row": 10, "col": 25, "walk_min": 6.6, "nearest_station_id": "kr_186", "nearest_station_name": "Seongsu", "a": 2, "A": "20-30", "a_inv": 5, "b": 2, "B": "20-30", "b_inv": 5, "c": 2, "C": "20-30", "c_inv": 5, "d": 2, "D": "20-30", "d_inv": 5, "e": 3, "E": "30-45", "e_inv": 4, "f": 3, "F": "30-45", "f_inv": 4, "g": 1, "G": "10-20", "g_inv": 6, "h": 1, "H": "10-20", "h_inv": 6, "i": 4, "I": "45-60", "i_inv": 3, "j": 4, "J": "45-60", "j_inv": 3, "k": 2, "K": "20-30", "k_inv": 5, "l": 2, "L": "20-30", "l_inv": 5, "m": 0, "M": "<10", "m_inv": 7, "n": 0, "N": "<10", "n_inv": 7, "o": 3, "O": "30-45", "o_inv": 4, "p": 3, "P": "30-45", "p_inv": 4}}, {"type": "Feature", "geometry": {"type": "Point", "coordinates": [126.923244, 37.49973]}, "properties": {"row": 4, "col": 6, "walk_min": 4.6, "nearest_station_id": "kr_337", "nearest_station_name": "\ubcf4\ub77c\ub9e4", "a": 3, "A": "30-45", "a_inv": 4, "b": 3, "B": "30-45", "b_inv": 4, "c": 4, "C": "45-60", "c_inv": 3, "d": 4, "D": "45-60", "d_inv": 3, "e": 3, "E": "30-45", "e_inv": 4, "f": 3, "F": "30-45", "f_inv": 4, "g": 4, "G": "45-60", "g_inv": 3, "h": 4, "H": "45-60", "h_inv": 3, "i": 3, "I": "30-45", "i_inv": 4, "j": 3, "J": "30-45", "j_inv": 4, "k": 3, "K": "30-45", "k_inv": 4, "l": 3, "L": "30-45", "l_inv": 4, "m": 4, "M": "45-60", "m_inv": 3, "n": 4, "N": "45-60", "n_inv": 3, "o": 4, "O": "45-60", "o_inv": 3, "p": 4, "P": "45-60", "p_inv": 3}}, {"type": "Feature", "geometry": {"type": "Point", "coordinates": [127.05162399999999, 37.49973]}, "properties": {"row": 4, "col": 25, "walk_min": 6.8, "nearest_station_id": "kr_275", "nearest_station_name": "Seolleung", "a": 3, "A": "30-45", "a_inv": 4, "b": 3, "B": "30-45", "b_inv": 4, "c": 3, "C": "30-45", "c_inv": 4, "d": 3, "D": "30-45", "d_inv": 4, "e": 1, "E": "10-20", "e_inv": 6, "f": 1, "F": "10-20", "f_inv": 6, "g": 3, "G": "30-45", "g_inv": 4, "h": 3, "H": "30-45", "h_inv": 4, "i": 2, "I": "20-30", "i_inv": 5, "j": 2, "J": "20-30", "j_inv": 5, "k": 1, "K": "10-20", "k_inv": 6, "l": 1, "L": "10-20", "l_inv": 6, "m": 3, "M": "30-45", "m_inv": 4, "n": 3, "N": "30-45", "n_inv": 4, "o": 3, "O": "30-45", "o_inv": 4, "p": 3, "P": "30-45", "p_inv": 4}}, {"type": "Feature", "geometry": {"type": "Point", "coordinates": [126.977294, 37.486214000000004]}, "properties": {"row": 2, "col": 14, "walk_min": 5.0, "nearest_station_id": "kr_139", "nearest_station_name": "Chongsin Univ. (Isu)", "a": 2, "A": "20-30", "a_inv": 5, "b": 2, "B": "20-30", "b_inv": 5, "c": 2, "C": "20-30", "c_inv": 5, "d": 2, "D": "20-30", "d_inv": 5, "e": 1, "E": "10-20", "e_inv": 6, "f": 1, "F": "10-20", "f_inv": 6, "g": 3, "G": "30-45", "g_inv": 4, "h": 3, "H": "30-45", "h_inv": 4, "i": 1, "I": "10-20", "i_inv": 6, "j": 1, "J": "10-20", "j_inv": 6, "k": 3, "K": "30-45", "k_inv": 4, "l": 3, "L": "30-45", "l_inv": 4, "m": 3, "M": "30-45", "m_inv": 4, "n": 3, "N": "30-45", "n_inv": 4, "o": 3, "O": "30-45", "o_inv": 4, "p": 3, "P": "30-45", "p_inv": 4}}, {"type": "Feature", "geometry": {"type": "Point", "coordinates": [127.01784, 37.492974000000004]}, "properties": {"row": 3, "col": 20, "walk_min": 5.5, "nearest_station_id": "kr_052", "nearest_station_name": "Seoul Nat'l Univ. of Education (Court & Public Prosecutors' Office)", "a": 2, "A": "20-30", "a_inv": 5, "b": 2, "B": "20-30", "b_inv": 5, "c": 2, "C": "20-30", "c_inv": 5, "d": 2, "D": "20-30", "d_inv": 5, "e": 0, "E": "<10", "e_inv": 7, "f": 0, "F": "<10", "f_inv": 7, "g": 3, "G": "30-45", "g_inv": 4, "h": 3, "H": "30-45", "h_inv": 4, "i": 1, "I": "10-20", "i_inv": 6, "j": 1, "J": "10-20", "j_inv": 6, "k": 2, "K": "20-30", "k_inv": 5, "l": 2, "L": "20-30", "l_inv": 5, "m": 3, "M": "30-45", "m_inv": 4, "n": 3, "N": "30-45", "n_inv": 4, "o": 3, "O": "30-45", "o_inv": 4, "p": 3, "P": "30-45", "p_inv": 4}}, {"type": "Feature", "geometry": {"type": "Point", "coordinates": [126.936754, 37.547024]}, "properties": {"row": 11, "col": 8, "walk_min": 3.9, "nearest_station_id": "kr_140", "nearest_station_name": "\ub300\ud765", "a": 1, "A": "10-20", "a_inv": 6, "b": 1, "B": "10-20", "b_inv": 6, "c": 1, "C": "10-20", "c_inv": 6, "d": 1, "D": "10-20", "d_inv": 6, "e": 3, "E": "30-45", "e_inv": 4, "f": 3, "F": "30-45", "f_inv": 4, "g": 2, "G": "20-30", "g_inv": 5, "h": 2, "H": "20-30", "h_inv": 5, "i": 2, "I": "20-30", "i_inv": 5, "j": 2, "J": "20-30", "j_inv": 5, "k": 3, "K": "30-45", "k_inv": 4, "l": 3, "L": "30-45", "l_inv": 4, "m": 3, "M": "30-45", "m_inv": 4, "n": 3, "N": "30-45", "n_inv": 4, "o": 2, "O": "20-30", "o_inv": 5, "p": 2, "P": "20-30", "p_inv": 5}}, {"type": "Feature", "geometry": {"type": "Point", "coordinates": [126.94351400000001, 37.56054]}, "properties": {"row": 13, "col": 9, "walk_min": 6.8, "nearest_station_id": "kr_373", "nearest_station_name": "Ewha Womans University", "a": 1, "A": "10-20", "a_inv": 6, "b": 1, "B": "10-20", "b_inv": 6, "c": 1, "C": "10-20", "c_inv": 6, "d": 1, "D": "10-20", "d_inv": 6, "e": 3, "E": "30-45", "e_inv": 4, "f": 3, "F": "30-45", "f_inv": 4, "g": 2, "G": "20-30", "g_inv": 5, "h": 2, "H": "20-30", "h_inv": 5, "i": 3, "I": "30-45", "i_inv": 4, "j": 3, "J": "30-45", "j_inv": 4, "k": 4, "K": "45-60", "k_inv": 3, "l": 4, "L": "45-60", "l_inv": 3, "m": 3, "M": "30-45", "m_inv": 4, "n": 3, "N": "30-45", "n_inv": 4, "o": 1, "O": "10-20", "o_inv": 6, "p": 1, "P": "10-20", "p_inv": 6}}, {"type": "Feature", "geometry": {"type": "Point", "coordinates": [126.99081000000001, 37.49973]}, "properties": {"row": 4, "col": 16, "walk_min": 6.1, "nearest_station_id": "kr_400", "nearest_station_name": "Gubanpo", "a": 2, "A": "20-30", "a_inv": 5, "b": 2, "B": "20-30", "b_inv": 5, "c": 2, "C": "20-30", "c_inv": 5, "d": 2, "D": "20-30", "d_inv": 5, "e": 1, "E": "10-20", "e_inv": 6, "f": 1, "F": "10-20", "f_inv": 6, "g": 3, "G": "30-45", "g_inv": 4, "h": 3, "H": "30-45", "h_inv": 4, "i": 1, "I": "10-20", "i_inv": 6, "j": 1, "J": "10-20", "j_inv": 6, "k": 2, "K": "20-30", "k_inv": 5, "l": 2, "L": "20-30", "l_inv": 5, "m": 3, "M": "30-45", "m_inv": 4, "n": 3, "N": "30-45", "n_inv": 4, "o": 3, "O": "30-45", "o_inv": 4, "p": 3, "P": "30-45", "p_inv": 4}}, {"type": "Feature", "geometry": {"type": "Point", "coordinates": [127.04486399999999, 37.49973]}, "properties": {"row": 4, "col": 24, "walk_min": 8.7, "nearest_station_id": "kr_275", "nearest_station_name": "Seolleung", "a": 3, "A": "30-45", "a_inv": 4, "b": 3, "B": "30-45", "b_inv": 4, "c": 3, "C": "30-45", "c_inv": 4, "d": 3, "D": "30-45", "d_inv": 4, "e": 1, "E": "10-20", "e_inv": 6, "f": 1, "F": "10-20", "f_inv": 6, "g": 3, "G": "30-45", "g_inv": 4, "h": 3, "H": "30-45", "h_inv": 4, "i": 2, "I": "20-30", "i_inv": 5, "j": 2, "J": "20-30", "j_inv": 5, "k": 1, "K": "10-20", "k_inv": 6, "l": 1, "L": "10-20", "l_inv": 6, "m": 3, "M": "30-45", "m_inv": 4, "n": 3, "N": "30-45", "n_inv": 4, "o": 4, "O": "45-60", "o_inv": 3, "p": 4, "P": "45-60", "p_inv": 3}}, {"type": "Feature", "geometry": {"type": "Point", "coordinates": [126.88946000000001, 37.492974000000004]}, "properties": {"row": 3, "col": 1, "walk_min": 5.8, "nearest_station_id": "kr_255", "nearest_station_name": "Daerim(Guro-gu Office)", "a": 2, "A": "20-30", "a_inv": 5, "b": 2, "B": "20-30", "b_inv": 5, "c": 2, "C": "20-30", "c_inv": 5, "d": 2, "D": "20-30", "d_inv": 5, "e": 3, "E": "30-45", "e_inv": 4, "f": 3, "F": "30-45", "f_inv": 4, "g": 3, "G": "30-45", "g_inv": 4, "h": 3, "H": "30-45", "h_inv": 4, "i": 2, "I": "20-30", "i_inv": 5, "j": 2, "J": "20-30", "j_inv": 5, "k": 4, "K": "45-60", "k_inv": 3, "l": 4, "L": "45-60", "l_inv": 3, "m": 4, "M": "45-60", "m_inv": 3, "n": 4, "N": "45-60", "n_inv": 3, "o": 2, "O": "20-30", "o_inv": 5, "p": 2, "P": "20-30", "p_inv": 5}}, {"type": "Feature", "geometry": {"type": "Point", "coordinates": [126.977294, 37.506484]}, "properties": {"row": 5, "col": 14, "walk_min": 2.7, "nearest_station_id": "kr_003", "nearest_station_name": "Dongjak", "a": 1, "A": "10-20", "a_inv": 6, "b": 1, "B": "10-20", "b_inv": 6, "c": 1, "C": "10-20", "c_inv": 6, "d": 1, "D": "10-20", "d_inv": 6, "e": 1, "E": "10-20", "e_inv": 6, "f": 1, "F": "10-20", "f_inv": 6, "g": 2, "G": "20-30", "g_inv": 5, "h": 2, "H": "20-30", "h_inv": 5, "i": 0, "I": "<10", "i_inv": 7, "j": 0, "J": "<10", "j_inv": 7, "k": 2, "K": "20-30", "k_inv": 5, "l": 2, "L": "20-30", "l_inv": 5, "m": 3, "M": "30-45", "m_inv": 4, "n": 3, "N": "30-45", "n_inv": 4, "o": 2, "O": "20-30", "o_inv": 5, "p": 2, "P": "20-30", "p_inv": 5}}, {"type": "Feature", "geometry": {"type": "Point", "coordinates": [127.02459400000001, 37.56054]}, "properties": {"row": 13, "col": 21, "walk_min": 5.0, "nearest_station_id": "kr_076", "nearest_station_name": "Sangwangsimni", "a": 1, "A": "10-20", "a_inv": 6, "b": 1, "B": "10-20", "b_inv": 6, "c": 1, "C": "10-20", "c_inv": 6, "d": 1, "D": "10-20", "d_inv": 6, "e": 2, "E": "20-30", "e_inv": 5, "f": 2, "F": "20-30", "f_inv": 5, "g": 0, "G": "<10", "g_inv": 7, "h": 0, "H": "<10", "h_inv": 7, "i": 3, "I": "30-45", "i_inv": 4, "j": 3, "J": "30-45", "j_inv": 4, "k": 2, "K": "20-30", "k_inv": 5, "l": 2, "L": "20-30", "l_inv": 5, "m": 1, "M": "10-20", "m_inv": 6, "n": 1, "N": "10-20", "n_inv": 6, "o": 2, "O": "20-30", "o_inv": 5, "p": 2, "P": "20-30", "p_inv": 5}}, {"type": "Feature", "geometry": {"type": "Point", "coordinates": [127.02459400000001, 37.55378399999999]}, "properties": {"row": 12, "col": 21, "walk_min": 4.5, "nearest_station_id": "kr_277", "nearest_station_name": "\uc2e0\uae08\ud638", "a": 1, "A": "10-20", "a_inv": 6, "b": 1, "B": "10-20", "b_inv": 6, "c": 1, "C": "10-20", "c_inv": 6, "d": 1, "D": "10-20", "d_inv": 6, "e": 2, "E": "20-30", "e_inv": 5, "f": 2, "F": "20-30", "f_inv": 5, "g": 0, "G": "<10", "g_inv": 7, "h": 0, "H": "<10", "h_inv": 7, "i": 3, "I": "30-45", "i_inv": 4, "j": 3, "J": "30-45", "j_inv": 4, "k": 2, "K": "20-30", "k_inv": 5, "l": 2, "L": "20-30", "l_inv": 5, "m": 1, "M": "10-20", "m_inv": 6, "n": 1, "N": "10-20", "n_inv": 6, "o": 2, "O": "20-30", "o_inv": 5, "p": 2, "P": "20-30", "p_inv": 5}}, {"type": "Feature", "geometry": {"type": "Point", "coordinates": [127.01784, 37.49973]}, "properties": {"row": 4, "col": 20, "walk_min": 6.1, "nearest_station_id": "kr_433", "nearest_station_name": "Sapyeong", "a": 2, "A": "20-30", "a_inv": 5, "b": 2, "B": "20-30", "b_inv": 5, "c": 2, "C": "20-30", "c_inv": 5, "d": 2, "D": "20-30", "d_inv": 5, "e": 0, "E": "<10", "e_inv": 7, "f": 0, "F": "<10", "f_inv": 7, "g": 3, "G": "30-45", "g_inv": 4, "h": 3, "H": "30-45", "h_inv": 4, "i": 1, "I": "10-20", "i_inv": 6, "j": 1, "J": "10-20", "j_inv": 6, "k": 2, "K": "20-30", "k_inv": 5, "l": 2, "L": "20-30", "l_inv": 5, "m": 3, "M": "30-45", "m_inv": 4, "n": 3, "N": "30-45", "n_inv": 4, "o": 3, "O": "30-45", "o_inv": 4, "p": 3, "P": "30-45", "p_inv": 4}}, {"type": "Feature", "geometry": {"type": "Point", "coordinates": [127.01784, 37.56054]}, "properties": {"row": 13, "col": 20, "walk_min": 3.7, "nearest_station_id": "kr_029", "nearest_station_name": "\uccad\uad6c", "a": 1, "A": "10-20", "a_inv": 6, "b": 1, "B": "10-20", "b_inv": 6, "c": 1, "C": "10-20", "c_inv": 6, "d": 1, "D": "10-20", "d_inv": 6, "e": 2, "E": "20-30", "e_inv": 5, "f": 2, "F": "20-30", "f_inv": 5, "g": 0, "G": "<10", "g_inv": 7, "h": 0, "H": "<10", "h_inv": 7, "i": 3, "I": "30-45", "i_inv": 4, "j": 3, "J": "30-45", "j_inv": 4, "k": 2, "K": "20-30", "k_inv": 5, "l": 2, "L": "20-30", "l_inv": 5, "m": 1, "M": "10-20", "m_inv": 6, "n": 1, "N": "10-20", "n_inv": 6, "o": 2, "O": "20-30", "o_inv": 5, "p": 2, "P": "20-30", "p_inv": 5}}, {"type": "Feature", "geometry": {"type": "Point", "coordinates": [126.99081000000001, 37.506484]}, "properties": {"row": 5, "col": 16, "walk_min": 8.6, "nearest_station_id": "kr_403", "nearest_station_name": "Sinbanpo", "a": 2, "A": "20-30", "a_inv": 5, "b": 2, "B": "20-30", "b_inv": 5, "c": 2, "C": "20-30", "c_inv": 5, "d": 2, "D": "20-30", "d_inv": 5, "e": 1, "E": "10-20", "e_inv": 6, "f": 1, "F": "10-20", "f_inv": 6, "g": 3, "G": "30-45", "g_inv": 4, "h": 3, "H": "30-45", "h_inv": 4, "i": 1, "I": "10-20", "i_inv": 6, "j": 1, "J": "10-20", "j_inv": 6, "k": 3, "K": "30-45", "k_inv": 4, "l": 3, "L": "30-45", "l_inv": 4, "m": 3, "M": "30-45", "m_inv": 4, "n": 3, "N": "30-45", "n_inv": 4, "o": 3, "O": "30-45", "o_inv": 4, "p": 3, "P": "30-45", "p_inv": 4}}, {"type": "Feature", "geometry": {"type": "Point", "coordinates": [127.03811, 37.506484]}, "properties": {"row": 5, "col": 23, "walk_min": 4.8, "nearest_station_id": "kr_434", "nearest_station_name": "Eonju", "a": 2, "A": "20-30", "a_inv": 5, "b": 2, "B": "20-30", "b_inv": 5, "c": 3, "C": "30-45", "c_inv": 4, "d": 3, "D": "30-45", "d_inv": 4, "e": 0, "E": "<10", "e_inv": 7, "f": 0, "F": "<10", "f_inv": 7, "g": 2, "G": "20-30", "g_inv": 5, "h": 2, "H": "20-30", "h_inv": 5, "i": 1, "I": "10-20", "i_inv": 6, "j": 1, "J": "10-20", "j_inv": 6, "k": 1, "K": "10-20", "k_inv": 6, "l": 1, "L": "10-20", "l_inv": 6, "m": 2, "M": "20-30", "m_inv": 5, "n": 2, "N": "20-30", "n_inv": 5, "o": 3, "O": "30-45", "o_inv": 4, "p": 3, "P": "30-45", "p_inv": 4}}, {"type": "Feature", "geometry": {"type": "Point", "coordinates": [126.936754, 37.49973]}, "properties": {"row": 4, "col": 8, "walk_min": 6.9, "nearest_station_id": "kr_273", "nearest_station_name": "\uc7a5\uc2b9\ubc30\uae30", "a": 3, "A": "30-45", "a_inv": 4, "b": 3, "B": "30-45", "b_inv": 4, "c": 4, "C": "45-60", "c_inv": 3, "d": 4, "D": "45-60", "d_inv": 3, "e": 3, "E": "30-45", "e_inv": 4, "f": 3, "F": "30-45", "f_inv": 4, "g": 4, "G": "45-60", "g_inv": 3, "h": 4, "H": "45-60", "h_inv": 3, "i": 3, "I": "30-45", "i_inv": 4, "j": 3, "J": "30-45", "j_inv": 4, "k": 3, "K": "30-45", "k_inv": 4, "l": 3, "L": "30-45", "l_inv": 4, "m": 4, "M": "45-60", "m_inv": 3, "n": 4, "N": "45-60", "n_inv": 3, "o": 4, "O": "45-60", "o_inv": 3, "p": 4, "P": "45-60", "p_inv": 3}}, {"type": "Feature", "geometry": {"type": "Point", "coordinates": [127.03811, 37.479459999999996]}, "properties": {"row": 1, "col": 23, "walk_min": 8.5, "nearest_station_id": "kr_020", "nearest_station_name": "Yangjae", "a": 3, "A": "30-45", "a_inv": 4, "b": 3, "B": "30-45", "b_inv": 4, "c": 3, "C": "30-45", "c_inv": 4, "d": 3, "D": "30-45", "d_inv": 4, "e": 1, "E": "10-20", "e_inv": 6, "f": 1, "F": "10-20", "f_inv": 6, "g": 3, "G": "30-45", "g_inv": 4, "h": 3, "H": "30-45", "h_inv": 4, "i": 2, "I": "20-30", "i_inv": 5, "j": 2, "J": "20-30", "j_inv": 5, "k": 2, "K": "20-30", "k_inv": 5, "l": 2, "L": "20-30", "l_inv": 5, "m": 3, "M": "30-45", "m_inv": 4, "n": 3, "N": "30-45", "n_inv": 4, "o": 3, "O": "30-45", "o_inv": 4, "p": 3, "P": "30-45", "p_inv": 4}}, {"type": "Feature", "geometry": {"type": "Point", "coordinates": [126.95027, 37.547024]}, "properties": {"row": 11, "col": 10, "walk_min": 6.0, "nearest_station_id": "kr_100", "nearest_station_name": "\uacf5\ub355", "a": 1, "A": "10-20", "a_inv": 6, "b": 1, "B": "10-20", "b_inv": 6, "c": 1, "C": "10-20", "c_inv": 6, "d": 1, "D": "10-20", "d_inv": 6, "e": 3, "E": "30-45", "e_inv": 4, "f": 3, "F": "30-45", "f_inv": 4, "g": 2, "G": "20-30", "g_inv": 5, "h": 2, "H": "20-30", "h_inv": 5, "i": 2, "I": "20-30", "i_inv": 5, "j": 2, "J": "20-30", "j_inv": 5, "k": 3, "K": "30-45", "k_inv": 4, "l": 3, "L": "30-45", "l_inv": 4, "m": 3, "M": "30-45", "m_inv": 4, "n": 3, "N": "30-45", "n_inv": 4, "o": 2, "O": "20-30", "o_inv": 5, "p": 2, "P": "20-30", "p_inv": 5}}, {"type": "Feature", "geometry": {"type": "Point", "coordinates": [126.96378399999999, 37.533514000000004]}, "properties": {"row": 9, "col": 12, "walk_min": 6.0, "nearest_station_id": "kr_397", "nearest_station_name": "Yongsan", "a": 1, "A": "10-20", "a_inv": 6, "b": 1, "B": "10-20", "b_inv": 6, "c": 1, "C": "10-20", "c_inv": 6, "d": 1, "D": "10-20", "d_inv": 6, "e": 2, "E": "20-30", "e_inv": 5, "f": 2, "F": "20-30", "f_inv": 5, "g": 2, "G": "20-30", "g_inv": 5, "h": 2, "H": "20-30", "h_inv": 5, "i": 2, "I": "20-30", "i_inv": 5, "j": 2, "J": "20-30", "j_inv": 5, "k": 3, "K": "30-45", "k_inv": 4, "l": 3, "L": "30-45", "l_inv": 4, "m": 3, "M": "30-45", "m_inv": 4, "n": 3, "N": "30-45", "n_inv": 4, "o": 2, "O": "20-30", "o_inv": 5, "p": 2, "P": "20-30", "p_inv": 5}}, {"type": "Feature", "geometry": {"type": "Point", "coordinates": [127.01784, 37.519999999999996]}, "properties": {"row": 7, "col": 20, "walk_min": 7.2, "nearest_station_id": "kr_056", "nearest_station_name": "Sinsa", "a": 2, "A": "20-30", "a_inv": 5, "b": 2, "B": "20-30", "b_inv": 5, "c": 2, "C": "20-30", "c_inv": 5, "d": 2, "D": "20-30", "d_inv": 5, "e": 1, "E": "10-20", "e_inv": 6, "f": 1, "F": "10-20", "f_inv": 6, "g": 2, "G": "20-30", "g_inv": 5, "h": 2, "H": "20-30", "h_inv": 5, "i": 2, "I": "20-30", "i_inv": 5, "j": 2, "J": "20-30", "j_inv": 5, "k": 2, "K": "20-30", "k_inv": 5, "l": 2, "L": "20-30", "l_inv": 5, "m": 3, "M": "30-45", "m_inv": 4, "n": 3, "N": "30-45", "n_inv": 4, "o": 3, "O": "30-45", "o_inv": 4, "p": 3, "P": "30-45", "p_inv": 4}}, {"type": "Feature", "geometry": {"type": "Point", "coordinates": [126.923244, 37.56054]}, "properties": {"row": 13, "col": 6, "walk_min": 6.0, "nearest_station_id": "kr_368", "nearest_station_name": "Hongik University", "a": 2, "A": "20-30", "a_inv": 5, "b": 2, "B": "20-30", "b_inv": 5, "c": 1, "C": "10-20", "c_inv": 6, "d": 1, "D": "10-20", "d_inv": 6, "e": 3, "E": "30-45", "e_inv": 4, "f": 3, "F": "30-45", "f_inv": 4, "g": 3, "G": "30-45", "g_inv": 4, "h": 3, "H": "30-45", "h_inv": 4, "i": 3, "I": "30-45", "i_inv": 4, "j": 3, "J": "30-45", "j_inv": 4, "k": 4, "K": "45-60", "k_inv": 3, "l": 4, "L": "45-60", "l_inv": 3, "m": 3, "M": "30-45", "m_inv": 4, "n": 3, "N": "30-45", "n_inv": 4, "o": 0, "O": "<10", "o_inv": 7, "p": 0, "P": "<10", "p_inv": 7}}, {"type": "Feature", "geometry": {"type": "Point", "coordinates": [126.88946000000001, 37.513244]}, "properties": {"row": 6, "col": 1, "walk_min": 6.5, "nearest_station_id": "kr_013", "nearest_station_name": "Sindorim", "a": 2, "A": "20-30", "a_inv": 5, "b": 2, "B": "20-30", "b_inv": 5, "c": 2, "C": "20-30", "c_inv": 5, "d": 2, "D": "20-30", "d_inv": 5, "e": 3, "E": "30-45", "e_inv": 4, "f": 3, "F": "30-45", "f_inv": 4, "g": 3, "G": "30-45", "g_inv": 4, "h": 3, "H": "30-45", "h_inv": 4, "i": 3, "I": "30-45", "i_inv": 4, "j": 3, "J": "30-45", "j_inv": 4, "k": 4, "K": "45-60", "k_inv": 3, "l": 4, "L": "45-60", "l_inv": 3, "m": 4, "M": "45-60", "m_inv": 3, "n": 4, "N": "45-60", "n_inv": 3, "o": 1, "O": "10-20", "o_inv": 6, "p": 1, "P": "10-20", "p_inv": 6}}, {"type": "Feature", "geometry": {"type": "Point", "coordinates": [126.936754, 37.479459999999996]}, "properties": {"row": 1, "col": 8, "walk_min": 6.3, "nearest_station_id": "kr_377", "nearest_station_name": "Bongcheon", "a": 3, "A": "30-45", "a_inv": 4, "b": 3, "B": "30-45", "b_inv": 4, "c": 3, "C": "30-45", "c_inv": 4, "d": 3, "D": "30-45", "d_inv": 4, "e": 2, "E": "20-30", "e_inv": 5, "f": 2, "F": "20-30", "f_inv": 5, "g": 4, "G": "45-60", "g_inv": 3, "h": 4, "H": "45-60", "h_inv": 3, "i": 1, "I": "10-20", "i_inv": 6, "j": 1, "J": "10-20", "j_inv": 6, "k": 3, "K": "30-45", "k_inv": 4, "l": 3, "L": "30-45", "l_inv": 4, "m": 4, "M": "45-60", "m_inv": 3, "n": 4, "N": "45-60", "n_inv": 3, "o": 3, "O": "30-45", "o_inv": 4, "p": 3, "P": "30-45", "p_inv": 4}}, {"type": "Feature", "geometry": {"type": "Point", "coordinates": [127.04486399999999, 37.56054]}, "properties": {"row": 13, "col": 24, "walk_min": 5.2, "nearest_station_id": "kr_243", "nearest_station_name": "\uc6a9\ub2f5", "a": 2, "A": "20-30", "a_inv": 5, "b": 2, "B": "20-30", "b_inv": 5, "c": 2, "C": "20-30", "c_inv": 5, "d": 2, "D": "20-30", "d_inv": 5, "e": 3, "E": "30-45", "e_inv": 4, "f": 3, "F": "30-45", "f_inv": 4, "g": 1, "G": "10-20", "g_inv": 6, "h": 1, "H": "10-20", "h_inv": 6, "i": 3, "I": "30-45", "i_inv": 4, "j": 3, "J": "30-45", "j_inv": 4, "k": 2, "K": "20-30", "k_inv": 5, "l": 2, "L": "20-30", "l_inv": 5, "m": 1, "M": "10-20", "m_inv": 6, "n": 1, "N": "10-20", "n_inv": 6, "o": 3, "O": "30-45", "o_inv": 4, "p": 3, "P": "30-45", "p_inv": 4}}, {"type": "Feature", "geometry": {"type": "Point", "coordinates": [126.98405400000001, 37.58081]}, "properties": {"row": 16, "col": 15, "walk_min": 6.2, "nearest_station_id": "kr_022", "nearest_station_name": "Anguk", "a": 1, "A": "10-20", "a_inv": 6, "b": 1, "B": "10-20", "b_inv": 6, "c": 1, "C": "10-20", "c_inv": 6, "d": 1, "D": "10-20", "d_inv": 6, "e": 3, "E": "30-45", "e_inv": 4, "f": 3, "F": "30-45", "f_inv": 4, "g": 1, "G": "10-20", "g_inv": 6, "h": 1, "H": "10-20", "h_inv": 6, "i": 3, "I": "30-45", "i_inv": 4, "j": 3, "J": "30-45", "j_inv": 4, "k": 3, "K": "30-45", "k_inv": 4, "l": 3, "L": "30-45", "l_inv": 4, "m": 2, "M": "20-30", "m_inv": 5, "n": 2, "N": "20-30", "n_inv": 5, "o": 2, "O": "20-30", "o_inv": 5, "p": 2, "P": "20-30", "p_inv": 5}}, {"type": "Feature", "geometry": {"type": "Point", "coordinates": [126.97054, 37.567294000000004]}, "properties": {"row": 14, "col": 13, "walk_min": 5.4, "nearest_station_id": "kr_260", "nearest_station_name": "\uc11c\ub300\ubb38", "a": 1, "A": "10-20", "a_inv": 6, "b": 1, "B": "10-20", "b_inv": 6, "c": 1, "C": "10-20", "c_inv": 6, "d": 1, "D": "10-20", "d_inv": 6, "e": 3, "E": "30-45", "e_inv": 4, "f": 3, "F": "30-45", "f_inv": 4, "g": 2, "G": "20-30", "g_inv": 5, "h": 2, "H": "20-30", "h_inv": 5, "i": 3, "I": "30-45", "i_inv": 4, "j": 3, "J": "30-45", "j_inv": 4, "k": 3, "K": "30-45", "k_inv": 4, "l": 3, "L": "30-45", "l_inv": 4, "m": 2, "M": "20-30", "m_inv": 5, "n": 2, "N": "20-30", "n_inv": 5, "o": 2, "O": "20-30", "o_inv": 5, "p": 2, "P": "20-30", "p_inv": 5}}, {"type": "Feature", "geometry": {"type": "Point", "coordinates": [126.902974, 37.567294000000004]}, "properties": {"row": 14, "col": 3, "walk_min": 7.4, "nearest_station_id": "kr_293", "nearest_station_name": "\uc6d4\ub4dc\ucef5\uacbd\uae30\uc7a5", "a": 3, "A": "30-45", "a_inv": 4, "b": 3, "B": "30-45", "b_inv": 4, "c": 3, "C": "30-45", "c_inv": 4, "d": 3, "D": "30-45", "d_inv": 4, "e": 3, "E": "30-45", "e_inv": 4, "f": 3, "F": "30-45", "f_inv": 4, "g": 3, "G": "30-45", "g_inv": 4, "h": 3, "H": "30-45", "h_inv": 4, "i": 3, "I": "30-45", "i_inv": 4, "j": 3, "J": "30-45", "j_inv": 4, "k": 4, "K": "45-60", "k_inv": 3, "l": 4, "L": "45-60", "l_inv": 3, "m": 4, "M": "45-60", "m_inv": 3, "n": 4, "N": "45-60", "n_inv": 3, "o": 3, "O": "30-45", "o_inv": 4, "p": 3, "P": "30-45", "p_inv": 4}}, {"type": "Feature", "geometry": {"type": "Point", "coordinates": [126.93000000000002, 37.601084]}, "properties": {"row": 19, "col": 7, "walk_min": 6.2, "nearest_station_id": "kr_113", "nearest_station_name": "Nokbeon", "a": 2, "A": "20-30", "a_inv": 5, "b": 2, "B": "20-30", "b_inv": 5, "c": 2, "C": "20-30", "c_inv": 5, "d": 2, "D": "20-30", "d_inv": 5, "e": 4, "E": "45-60", "e_inv": 3, "f": 4, "F": "45-60", "f_inv": 3, "g": 3, "G": "30-45", "g_inv": 4, "h": 3, "H": "30-45", "h_inv": 4, "i": 4, "I": "45-60", "i_inv": 3, "j": 4, "J": "45-60", "j_inv": 3, "k": 4, "K": "45-60", "k_inv": 3, "l": 4, "L": "45-60", "l_inv": 3, "m": 3, "M": "30-45", "m_inv": 4, "n": 3, "N": "30-45", "n_inv": 4, "o": 3, "O": "30-45", "o_inv": 4, "p": 3, "P": "30-45", "p_inv": 4}}, {"type": "Feature", "geometry": {"type": "Point", "coordinates": [127.05162399999999, 37.486214000000004]}, "properties": {"row": 2, "col": 25, "walk_min": 7.3, "nearest_station_id": "kr_250", "nearest_station_name": "Maebong", "a": 3, "A": "30-45", "a_inv": 4, "b": 3, "B": "30-45", "b_inv": 4, "c": 3, "C": "30-45", "c_inv": 4, "d": 3, "D": "30-45", "d_inv": 4, "e": 1, "E": "10-20", "e_inv": 6, "f": 1, "F": "10-20", "f_inv": 6, "g": 3, "G": "30-45", "g_inv": 4, "h": 3, "H": "30-45", "h_inv": 4, "i": 2, "I": "20-30", "i_inv": 5, "j": 2, "J": "20-30", "j_inv": 5, "k": 2, "K": "20-30", "k_inv": 5, "l": 2, "L": "20-30", "l_inv": 5, "m": 3, "M": "30-45", "m_inv": 4, "n": 3, "N": "30-45", "n_inv": 4, "o": 4, "O": "45-60", "o_inv": 3, "p": 4, "P": "45-60", "p_inv": 3}}, {"type": "Feature", "geometry": {"type": "Point", "coordinates": [126.95027, 37.55378399999999]}, "properties": {"row": 12, "col": 10, "walk_min": 5.5, "nearest_station_id": "kr_373", "nearest_station_name": "Ewha Womans University", "a": 1, "A": "10-20", "a_inv": 6, "b": 1, "B": "10-20", "b_inv": 6, "c": 1, "C": "10-20", "c_inv": 6, "d": 1, "D": "10-20", "d_inv": 6, "e": 3, "E": "30-45", "e_inv": 4, "f": 3, "F": "30-45", "f_inv": 4, "g": 2, "G": "20-30", "g_inv": 5, "h": 2, "H": "20-30", "h_inv": 5, "i": 3, "I": "30-45", "i_inv": 4, "j": 3, "J": "30-45", "j_inv": 4, "k": 4, "K": "45-60", "k_inv": 3, "l": 4, "L": "45-60", "l_inv": 3, "m": 3, "M": "30-45", "m_inv": 4, "n": 3, "N": "30-45", "n_inv": 4, "o": 1, "O": "10-20", "o_inv": 6, "p": 1, "P": "10-20", "p_inv": 6}}, {"type": "Feature", "geometry": {"type": "Point", "coordinates": [127.03811, 37.594324]}, "properties": {"row": 18, "col": 23, "walk_min": 6.3, "nearest_station_id": "kr_131", "nearest_station_name": "Korea Univ.", "a": 2, "A": "20-30", "a_inv": 5, "b": 2, "B": "20-30", "b_inv": 5, "c": 2, "C": "20-30", "c_inv": 5, "d": 2, "D": "20-30", "d_inv": 5, "e": 3, "E": "30-45", "e_inv": 4, "f": 3, "F": "30-45", "f_inv": 4, "g": 2, "G": "20-30", "g_inv": 5, "h": 2, "H": "20-30", "h_inv": 5, "i": 4, "I": "45-60", "i_inv": 3, "j": 4, "J": "45-60", "j_inv": 3, "k": 4, "K": "45-60", "k_inv": 3, "l": 4, "L": "45-60", "l_inv": 3, "m": 3, "M": "30-45", "m_inv": 4, "n": 3, "N": "30-45", "n_inv": 4, "o": 3, "O": "30-45", "o_inv": 4, "p": 3, "P": "30-45", "p_inv": 4}}, {"type": "Feature", "geometry": {"type": "Point", "coordinates": [127.031354, 37.479459999999996]}, "properties": {"row": 1, "col": 22, "walk_min": 8.0, "nearest_station_id": "kr_020", "nearest_station_name": "Yangjae", "a": 3, "A": "30-45", "a_inv": 4, "b": 3, "B": "30-45", "b_inv": 4, "c": 3, "C": "30-45", "c_inv": 4, "d": 3, "D": "30-45", "d_inv": 4, "e": 1, "E": "10-20", "e_inv": 6, "f": 1, "F": "10-20", "f_inv": 6, "g": 3, "G": "30-45", "g_inv": 4, "h": 3, "H": "30-45", "h_inv": 4, "i": 2, "I": "20-30", "i_inv": 5, "j": 2, "J": "20-30", "j_inv": 5, "k": 2, "K": "20-30", "k_inv": 5, "l": 2, "L": "20-30", "l_inv": 5, "m": 3, "M": "30-45", "m_inv": 4, "n": 3, "N": "30-45", "n_inv": 4, "o": 3, "O": "30-45", "o_inv": 4, "p": 3, "P": "30-45", "p_inv": 4}}, {"type": "Feature", "geometry": {"type": "Point", "coordinates": [127.01108400000001, 37.594324]}, "properties": {"row": 18, "col": 19, "walk_min": 7.1, "nearest_station_id": "kr_160", "nearest_station_name": "Sungshin Women's Univ.", "a": 2, "A": "20-30", "a_inv": 5, "b": 2, "B": "20-30", "b_inv": 5, "c": 2, "C": "20-30", "c_inv": 5, "d": 2, "D": "20-30", "d_inv": 5, "e": 3, "E": "30-45", "e_inv": 4, "f": 3, "F": "30-45", "f_inv": 4, "g": 2, "G": "20-30", "g_inv": 5, "h": 2, "H": "20-30", "h_inv": 5, "i": 3, "I": "30-45", "i_inv": 4, "j": 3, "J": "30-45", "j_inv": 4, "k": 3, "K": "30-45", "k_inv": 4, "l": 3, "L": "30-45", "l_inv": 4, "m": 3, "M": "30-45", "m_inv": 4, "n": 3, "N": "30-45", "n_inv": 4, "o": 3, "O": "30-45", "o_inv": 4, "p": 3, "P": "30-45", "p_inv": 4}}, {"type": "Feature", "geometry": {"type": "Point", "coordinates": [127.05162399999999, 37.587564]}, "properties": {"row": 17, "col": 25, "walk_min": 5.9, "nearest_station_id": "kr_031", "nearest_station_name": "Hoegi", "a": 2, "A": "20-30", "a_inv": 5, "b": 2, "B": "20-30", "b_inv": 5, "c": 2, "C": "20-30", "c_inv": 5, "d": 2, "D": "20-30", "d_inv": 5, "e": 3, "E": "30-45", "e_inv": 4, "f": 3, "F": "30-45", "f_inv": 4, "g": 2, "G": "20-30", "g_inv": 5, "h": 2, "H": "20-30", "h_inv": 5, "i": 4, "I": "45-60", "i_inv": 3, "j": 4, "J": "45-60", "j_inv": 3, "k": 3, "K": "30-45", "k_inv": 4, "l": 3, "L": "30-45", "l_inv": 4, "m": 2, "M": "20-30", "m_inv": 5, "n": 2, "N": "20-30", "n_inv": 5, "o": 3, "O": "30-45", "o_inv": 4, "p": 3, "P": "30-45", "p_inv": 4}}, {"type": "Feature", "geometry": {"type": "Point", "coordinates": [127.004324, 37.513244]}, "properties": {"row": 6, "col": 18, "walk_min": 11.4, "nearest_station_id": "kr_216", "nearest_station_name": "Jamwon", "a": 3, "A": "30-45", "a_inv": 4, "b": 3, "B": "30-45", "b_inv": 4, "c": 3, "C": "30-45", "c_inv": 4, "d": 3, "D": "30-45", "d_inv": 4, "e": 1, "E": "10-20", "e_inv": 6, "f": 1, "F": "10-20", "f_inv": 6, "g": 3, "G": "30-45", "g_inv": 4, "h": 3, "H": "30-45", "h_inv": 4, "i": 2, "I": "20-30", "i_inv": 5, "j": 2, "J": "20-30", "j_inv": 5, "k": 3, "K": "30-45", "k_inv": 4, "l": 3, "L": "30-45", "l_inv": 4, "m": 3, "M": "30-45", "m_inv": 4, "n": 3, "N": "30-45", "n_inv": 4, "o": 3, "O": "30-45", "o_inv": 4, "p": 3, "P": "30-45", "p_inv": 4}}, {"type": "Feature", "geometry": {"type": "Point", "coordinates": [127.004324, 37.55378399999999]}, "properties": {"row": 12, "col": 18, "walk_min": 9.7, "nearest_station_id": "kr_054", "nearest_station_name": "\uc57d\uc218", "a": 2, "A": "20-30", "a_inv": 5, "b": 2, "B": "20-30", "b_inv": 5, "c": 1, "C": "10-20", "c_inv": 6, "d": 1, "D": "10-20", "d_inv": 6, "e": 2, "E": "20-30", "e_inv": 5, "f": 2, "F": "20-30", "f_inv": 5, "g": 1, "G": "10-20", "g_inv": 6, "h": 1, "H": "10-20", "h_inv": 6, "i": 3, "I": "30-45", "i_inv": 4, "j": 3, "J": "30-45", "j_inv": 4, "k": 3, "K": "30-45", "k_inv": 4, "l": 3, "L": "30-45", "l_inv": 4, "m": 2, "M": "20-30", "m_inv": 5, "n": 2, "N": "20-30", "n_inv": 5, "o": 3, "O": "30-45", "o_inv": 4, "p": 3, "P": "30-45", "p_inv": 4}}, {"type": "Feature", "geometry": {"type": "Point", "coordinates": [127.031354, 37.49973]}, "properties": {"row": 4, "col": 22, "walk_min": 4.6, "nearest_station_id": "kr_252", "nearest_station_name": "Yeoksam", "a": 2, "A": "20-30", "a_inv": 5, "b": 2, "B": "20-30", "b_inv": 5, "c": 3, "C": "30-45", "c_inv": 4, "d": 3, "D": "30-45", "d_inv": 4, "e": 0, "E": "<10", "e_inv": 7, "f": 0, "F": "<10", "f_inv": 7, "g": 2, "G": "20-30", "g_inv": 5, "h": 2, "H": "20-30", "h_inv": 5, "i": 1, "I": "10-20", "i_inv": 6, "j": 1, "J": "10-20", "j_inv": 6, "k": 1, "K": "10-20", "k_inv": 6, "l": 1, "L": "10-20", "l_inv": 6, "m": 2, "M": "20-30", "m_inv": 5, "n": 2, "N": "20-30", "n_inv": 5, "o": 3, "O": "30-45", "o_inv": 4, "p": 3, "P": "30-45", "p_inv": 4}}, {"type": "Feature", "geometry": {"type": "Point", "coordinates": [127.02459400000001, 37.492974000000004]}, "properties": {"row": 3, "col": 21, "walk_min": 7.3, "nearest_station_id": "kr_027", "nearest_station_name": "Gangnam", "a": 3, "A": "30-45", "a_inv": 4, "b": 3, "B": "30-45", "b_inv": 4, "c": 3, "C": "30-45", "c_inv": 4, "d": 3, "D": "30-45", "d_inv": 4, "e": 0, "E": "<10", "e_inv": 7, "f": 0, "F": "<10", "f_inv": 7, "g": 3, "G": "30-45", "g_inv": 4, "h": 3, "H": "30-45", "h_inv": 4, "i": 1, "I": "10-20", "i_inv": 6, "j": 1, "J": "10-20", "j_inv": 6, "k": 2, "K": "20-30", "k_inv": 5, "l": 2, "L": "20-30", "l_inv": 5, "m": 3, "M": "30-45", "m_inv": 4, "n": 3, "N": "30-45", "n_inv": 4, "o": 3, "O": "30-45", "o_inv": 4, "p": 3, "P": "30-45", "p_inv": 4}}, {"type": "Feature", "geometry": {"type": "Point", "coordinates": [126.977294, 37.55378399999999]}, "properties": {"row": 12, "col": 14, "walk_min": 6.0, "nearest_station_id": "kr_033", "nearest_station_name": "Hoehyeon (Namdaemun Market)", "a": 0, "A": "<10", "a_inv": 7, "b": 0, "B": "<10", "b_inv": 7, "c": 0, "C": "<10", "c_inv": 7, "d": 0, "D": "<10", "d_inv": 7, "e": 3, "E": "30-45", "e_inv": 4, "f": 3, "F": "30-45", "f_inv": 4, "g": 1, "G": "10-20", "g_inv": 6, "h": 1, "H": "10-20", "h_inv": 6, "i": 2, "I": "20-30", "i_inv": 5, "j": 2, "J": "20-30", "j_inv": 5, "k": 3, "K": "30-45", "k_inv": 4, "l": 3, "L": "30-45", "l_inv": 4, "m": 2, "M": "20-30", "m_inv": 5, "n": 2, "N": "20-30", "n_inv": 5, "o": 2, "O": "20-30", "o_inv": 5, "p": 2, "P": "20-30", "p_inv": 5}}, {"type": "Feature", "geometry": {"type": "Point", "coordinates": [126.88270399999999, 37.519999999999996]}, "properties": {"row": 7, "col": 0, "walk_min": 7.7, "nearest_station_id": "kr_314", "nearest_station_name": "Yangpyeong", "a": 2, "A": "20-30", "a_inv": 5, "b": 2, "B": "20-30", "b_inv": 5, "c": 3, "C": "30-45", "c_inv": 4, "d": 3, "D": "30-45", "d_inv": 4, "e": 3, "E": "30-45", "e_inv": 4, "f": 3, "F": "30-45", "f_inv": 4, "g": 3, "G": "30-45", "g_inv": 4, "h": 3, "H": "30-45", "h_inv": 4, "i": 3, "I": "30-45", "i_inv": 4, "j": 3, "J": "30-45", "j_inv": 4, "k": 4, "K": "45-60", "k_inv": 3, "l": 4, "L": "45-60", "l_inv": 3, "m": 4, "M": "45-60", "m_inv": 3, "n": 4, "N": "45-60", "n_inv": 3, "o": 2, "O": "20-30", "o_inv": 5, "p": 2, "P": "20-30", "p_inv": 5}}, {"type": "Feature", "geometry": {"type": "Point", "coordinates": [126.977294, 37.533514000000004]}, "properties": {"row": 9, "col": 14, "walk_min": 5.8, "nearest_station_id": "kr_136", "nearest_station_name": "Samgakji", "a": 1, "A": "10-20", "a_inv": 6, "b": 1, "B": "10-20", "b_inv": 6, "c": 1, "C": "10-20", "c_inv": 6, "d": 1, "D": "10-20", "d_inv": 6, "e": 2, "E": "20-30", "e_inv": 5, "f": 2, "F": "20-30", "f_inv": 5, "g": 2, "G": "20-30", "g_inv": 5, "h": 2, "H": "20-30", "h_inv": 5, "i": 2, "I": "20-30", "i_inv": 5, "j": 2, "J": "20-30", "j_inv": 5, "k": 3, "K": "30-45", "k_inv": 4, "l": 3, "L": "30-45", "l_inv": 4, "m": 3, "M": "30-45", "m_inv": 4, "n": 3, "N": "30-45", "n_inv": 4, "o": 2, "O": "20-30", "o_inv": 5, "p": 2, "P": "20-30", "p_inv": 5}}, {"type": "Feature", "geometry": {"type": "Point", "coordinates": [127.05837999999999, 37.49973]}, "properties": {"row": 4, "col": 26, "walk_min": 9.1, "nearest_station_id": "kr_290", "nearest_station_name": "\ub300\uce58", "a": 3, "A": "30-45", "a_inv": 4, "b": 3, "B": "30-45", "b_inv": 4, "c": 3, "C": "30-45", "c_inv": 4, "d": 3, "D": "30-45", "d_inv": 4, "e": 1, "E": "10-20", "e_inv": 6, "f": 1, "F": "10-20", "f_inv": 6, "g": 3, "G": "30-45", "g_inv": 4, "h": 3, "H": "30-45", "h_inv": 4, "i": 2, "I": "20-30", "i_inv": 5, "j": 2, "J": "20-30", "j_inv": 5, "k": 2, "K": "20-30", "k_inv": 5, "l": 2, "L": "20-30", "l_inv": 5, "m": 3, "M": "30-45", "m_inv": 4, "n": 3, "N": "30-45", "n_inv": 4, "o": 4, "O": "45-60", "o_inv": 3, "p": 4, "P": "45-60", "p_inv": 3}}, {"type": "Feature", "geometry": {"type": "Point", "coordinates": [126.94351400000001, 37.506484]}, "properties": {"row": 5, "col": 9, "walk_min": 5.6, "nearest_station_id": "kr_273", "nearest_station_name": "\uc7a5\uc2b9\ubc30\uae30", "a": 3, "A": "30-45", "a_inv": 4, "b": 3, "B": "30-45", "b_inv": 4, "c": 3, "C": "30-45", "c_inv": 4, "d": 3, "D": "30-45", "d_inv": 4, "e": 2, "E": "20-30", "e_inv": 5, "f": 2, "F": "20-30", "f_inv": 5, "g": 3, "G": "30-45", "g_inv": 4, "h": 3, "H": "30-45", "h_inv": 4, "i": 2, "I": "20-30", "i_inv": 5, "j": 2, "J": "20-30", "j_inv": 5, "k": 3, "K": "30-45", "k_inv": 4, "l": 3, "L": "30-45", "l_inv": 4, "m": 4, "M": "45-60", "m_inv": 3, "n": 4, "N": "45-60", "n_inv": 3, "o": 3, "O": "30-45", "o_inv": 4, "p": 3, "P": "30-45", "p_inv": 4}}, {"type": "Feature", "geometry": {"type": "Point", "coordinates": [126.95027, 37.506484]}, "properties": {"row": 5, "col": 10, "walk_min": 7.2, "nearest_station_id": "kr_244", "nearest_station_name": "\uc0c1\ub3c4", "a": 3, "A": "30-45", "a_inv": 4, "b": 3, "B": "30-45", "b_inv": 4, "c": 3, "C": "30-45", "c_inv": 4, "d": 3, "D": "30-45", "d_inv": 4, "e": 2, "E": "20-30", "e_inv": 5, "f": 2, "F": "20-30", "f_inv": 5, "g": 3, "G": "30-45", "g_inv": 4, "h": 3, "H": "30-45", "h_inv": 4, "i": 2, "I": "20-30", "i_inv": 5, "j": 2, "J": "20-30", "j_inv": 5, "k": 3, "K": "30-45", "k_inv": 4, "l": 3, "L": "30-45", "l_inv": 4, "m": 4, "M": "45-60", "m_inv": 3, "n": 4, "N": "45-60", "n_inv": 3, "o": 3, "O": "30-45", "o_inv": 4, "p": 3, "P": "30-45", "p_inv": 4}}, {"type": "Feature", "geometry": {"type": "Point", "coordinates": [126.923244, 37.526754000000004]}, "properties": {"row": 8, "col": 6, "walk_min": 6.1, "nearest_station_id": "kr_431", "nearest_station_name": "National Assembly", "a": 2, "A": "20-30", "a_inv": 5, "b": 2, "B": "20-30", "b_inv": 5, "c": 2, "C": "20-30", "c_inv": 5, "d": 2, "D": "20-30", "d_inv": 5, "e": 2, "E": "20-30", "e_inv": 5, "f": 2, "F": "20-30", "f_inv": 5, "g": 3, "G": "30-45", "g_inv": 4, "h": 3, "H": "30-45", "h_inv": 4, "i": 2, "I": "20-30", "i_inv": 5, "j": 2, "J": "20-30", "j_inv": 5, "k": 3, "K": "30-45", "k_inv": 4, "l": 3, "L": "30-45", "l_inv": 4, "m": 4, "M": "45-60", "m_inv": 3, "n": 4, "N": "45-60", "n_inv": 3, "o": 1, "O": "10-20", "o_inv": 6, "p": 1, "P": "10-20", "p_inv": 6}}, {"type": "Feature", "geometry": {"type": "Point", "coordinates": [126.957024, 37.533514000000004]}, "properties": {"row": 9, "col": 11, "walk_min": 8.6, "nearest_station_id": "kr_245", "nearest_station_name": "\ud6a8\ucc3d\uacf5\uc6d0\uc55e", "a": 1, "A": "10-20", "a_inv": 6, "b": 1, "B": "10-20", "b_inv": 6, "c": 1, "C": "10-20", "c_inv": 6, "d": 1, "D": "10-20", "d_inv": 6, "e": 3, "E": "30-45", "e_inv": 4, "f": 3, "F": "30-45", "f_inv": 4, "g": 2, "G": "20-30", "g_inv": 5, "h": 2, "H": "20-30", "h_inv": 5, "i": 2, "I": "20-30", "i_inv": 5, "j": 2, "J": "20-30", "j_inv": 5, "k": 3, "K": "30-45", "k_inv": 4, "l": 3, "L": "30-45", "l_inv": 4, "m": 3, "M": "30-45", "m_inv": 4, "n": 3, "N": "30-45", "n_inv": 4, "o": 2, "O": "20-30", "o_inv": 5, "p": 2, "P": "20-30", "p_inv": 5}}, {"type": "Feature", "geometry": {"type": "Point", "coordinates": [126.88946000000001, 37.519999999999996]}, "properties": {"row": 7, "col": 1, "walk_min": 5.3, "nearest_station_id": "kr_282", "nearest_station_name": "Mullae", "a": 2, "A": "20-30", "a_inv": 5, "b": 2, "B": "20-30", "b_inv": 5, "c": 2, "C": "20-30", "c_inv": 5, "d": 2, "D": "20-30", "d_inv": 5, "e": 3, "E": "30-45", "e_inv": 4, "f": 3, "F": "30-45", "f_inv": 4, "g": 3, "G": "30-45", "g_inv": 4, "h": 3, "H": "30-45", "h_inv": 4, "i": 3, "I": "30-45", "i_inv": 4, "j": 3, "J": "30-45", "j_inv": 4, "k": 4, "K": "45-60", "k_inv": 3, "l": 4, "L": "45-60", "l_inv": 3, "m": 4, "M": "45-60", "m_inv": 3, "n": 4, "N": "45-60", "n_inv": 3, "o": 2, "O": "20-30", "o_inv": 5, "p": 2, "P": "20-30", "p_inv": 5}}, {"type": "Feature", "geometry": {"type": "Point", "coordinates": [126.916484, 37.587564]}, "properties": {"row": 17, "col": 5, "walk_min": 7.3, "nearest_station_id": "kr_340", "nearest_station_name": "Saejeol", "a": 3, "A": "30-45", "a_inv": 4, "b": 3, "B": "30-45", "b_inv": 4, "c": 3, "C": "30-45", "c_inv": 4, "d": 3, "D": "30-45", "d_inv": 4, "e": 4, "E": "45-60", "e_inv": 3, "f": 4, "F": "45-60", "f_inv": 3, "g": 3, "G": "30-45", "g_inv": 4, "h": 3, "H": "30-45", "h_inv": 4, "i": 4, "I": "45-60", "i_inv": 3, "j": 4, "J": "45-60", "j_inv": 3, "k": 5, "K": "60-90", "k_inv": 2, "l": 5, "L": "60-90", "l_inv": 2, "m": 4, "M": "45-60", "m_inv": 3, "n": 4, "N": "45-60", "n_inv": 3, "o": 4, "O": "45-60", "o_inv": 3, "p": 4, "P": "45-60", "p_inv": 3}}, {"type": "Feature", "geometry": {"type": "Point", "coordinates": [127.02459400000001, 37.519999999999996]}, "properties": {"row": 7, "col": 21, "walk_min": 6.2, "nearest_station_id": "kr_137", "nearest_station_name": "Apgujeong", "a": 2, "A": "20-30", "a_inv": 5, "b": 2, "B": "20-30", "b_inv": 5, "c": 2, "C": "20-30", "c_inv": 5, "d": 2, "D": "20-30", "d_inv": 5, "e": 1, "E": "10-20", "e_inv": 6, "f": 1, "F": "10-20", "f_inv": 6, "g": 2, "G": "20-30", "g_inv": 5, "h": 2, "H": "20-30", "h_inv": 5, "i": 2, "I": "20-30", "i_inv": 5, "j": 2, "J": "20-30", "j_inv": 5, "k": 2, "K": "20-30", "k_inv": 5, "l": 2, "L": "20-30", "l_inv": 5, "m": 3, "M": "30-45", "m_inv": 4, "n": 3, "N": "30-45", "n_inv": 4, "o": 3, "O": "30-45", "o_inv": 4, "p": 3, "P": "30-45", "p_inv": 4}}, {"type": "Feature", "geometry": {"type": "Point", "coordinates": [126.99756400000001, 37.486214000000004]}, "properties": {"row": 2, "col": 17, "walk_min": 5.6, "nearest_station_id": "kr_135", "nearest_station_name": "Naebang", "a": 2, "A": "20-30", "a_inv": 5, "b": 2, "B": "20-30", "b_inv": 5, "c": 3, "C": "30-45", "c_inv": 4, "d": 3, "D": "30-45", "d_inv": 4, "e": 1, "E": "10-20", "e_inv": 6, "f": 1, "F": "10-20", "f_inv": 6, "g": 3, "G": "30-45", "g_inv": 4, "h": 3, "H": "30-45", "h_inv": 4, "i": 1, "I": "10-20", "i_inv": 6, "j": 1, "J": "10-20", "j_inv": 6, "k": 2, "K": "20-30", "k_inv": 5, "l": 2, "L": "20-30", "l_inv": 5, "m": 3, "M": "30-45", "m_inv": 4, "n": 3, "N": "30-45", "n_inv": 4, "o": 3, "O": "30-45", "o_inv": 4, "p": 3, "P": "30-45", "p_inv": 4}}, {"type": "Feature", "geometry": {"type": "Point", "coordinates": [126.96378399999999, 37.55378399999999]}, "properties": {"row": 12, "col": 12, "walk_min": 7.1, "nearest_station_id": "kr_283", "nearest_station_name": "Chungjeongno(Kyonggi University)", "a": 1, "A": "10-20", "a_inv": 6, "b": 1, "B": "10-20", "b_inv": 6, "c": 1, "C": "10-20", "c_inv": 6, "d": 1, "D": "10-20", "d_inv": 6, "e": 3, "E": "30-45", "e_inv": 4, "f": 3, "F": "30-45", "f_inv": 4, "g": 2, "G": "20-30", "g_inv": 5, "h": 2, "H": "20-30", "h_inv": 5, "i": 3, "I": "30-45", "i_inv": 4, "j": 3, "J": "30-45", "j_inv": 4, "k": 3, "K": "30-45", "k_inv": 4, "l": 3, "L": "30-45", "l_inv": 4, "m": 3, "M": "30-45", "m_inv": 4, "n": 3, "N": "30-45", "n_inv": 4, "o": 2, "O": "20-30", "o_inv": 5, "p": 2, "P": "20-30", "p_inv": 5}}, {"type": "Feature", "geometry": {"type": "Point", "coordinates": [127.07865000000001, 37.547024]}, "properties": {"row": 11, "col": 29, "walk_min": 5.2, "nearest_station_id": "kr_185", "nearest_station_name": "\uc5b4\ub9b0\uc774\ub300\uacf5\uc6d0", "a": 3, "A": "30-45", "a_inv": 4, "b": 3, "B": "30-45", "b_inv": 4, "c": 3, "C": "30-45", "c_inv": 4, "d": 3, "D": "30-45", "d_inv": 4, "e": 3, "E": "30-45", "e_inv": 4, "f": 3, "F": "30-45", "f_inv": 4, "g": 1, "G": "10-20", "g_inv": 6, "h": 1, "H": "10-20", "h_inv": 6, "i": 3, "I": "30-45", "i_inv": 4, "j": 3, "J": "30-45", "j_inv": 4, "k": 3, "K": "30-45", "k_inv": 4, "l": 3, "L": "30-45", "l_inv": 4, "m": 2, "M": "20-30", "m_inv": 5, "n": 2, "N": "20-30", "n_inv": 5, "o": 3, "O": "30-45", "o_inv": 4, "p": 3, "P": "30-45", "p_inv": 4}}, {"type": "Feature", "geometry": {"type": "Point", "coordinates": [126.916484, 37.486214000000004]}, "properties": {"row": 2, "col": 5, "walk_min": 6.9, "nearest_station_id": "kr_336", "nearest_station_name": "Sindaebang", "a": 3, "A": "30-45", "a_inv": 4, "b": 3, "B": "30-45", "b_inv": 4, "c": 3, "C": "30-45", "c_inv": 4, "d": 3, "D": "30-45", "d_inv": 4, "e": 3, "E": "30-45", "e_inv": 4, "f": 3, "F": "30-45", "f_inv": 4, "g": 4, "G": "45-60", "g_inv": 3, "h": 4, "H": "45-60", "h_inv": 3, "i": 2, "I": "20-30", "i_inv": 5, "j": 2, "J": "20-30", "j_inv": 5, "k": 4, "K": "45-60", "k_inv": 3, "l": 4, "L": "45-60", "l_inv": 3, "m": 4, "M": "45-60", "m_inv": 3, "n": 4, "N": "45-60", "n_inv": 3, "o": 2, "O": "20-30", "o_inv": 5, "p": 2, "P": "20-30", "p_inv": 5}}, {"type": "Feature", "geometry": {"type": "Point", "coordinates": [127.071894, 37.49973]}, "properties": {"row": 4, "col": 28, "walk_min": 6.5, "nearest_station_id": "kr_322", "nearest_station_name": "\ud559\uc5ec\uc6b8", "a": 3, "A": "30-45", "a_inv": 4, "b": 3, "B": "30-45", "b_inv": 4, "c": 3, "C": "30-45", "c_inv": 4, "d": 3, "D": "30-45", "d_inv": 4, "e": 1, "E": "10-20", "e_inv": 6, "f": 1, "F": "10-20", "f_inv": 6, "g": 3, "G": "30-45", "g_inv": 4, "h": 3, "H": "30-45", "h_inv": 4, "i": 2, "I": "20-30", "i_inv": 5, "j": 2, "J": "20-30", "j_inv": 5, "k": 3, "K": "30-45", "k_inv": 4, "l": 3, "L": "30-45", "l_inv": 4, "m": 3, "M": "30-45", "m_inv": 4, "n": 3, "N": "30-45", "n_inv": 4, "o": 4, "O": "45-60", "o_inv": 3, "p": 4, "P": "45-60", "p_inv": 3}}, {"type": "Feature", "geometry": {"type": "Point", "coordinates": [127.07865000000001, 37.506484]}, "properties": {"row": 5, "col": 29, "walk_min": 8.7, "nearest_station_id": "kr_012", "nearest_station_name": "Sports Complex", "a": 3, "A": "30-45", "a_inv": 4, "b": 3, "B": "30-45", "b_inv": 4, "c": 3, "C": "30-45", "c_inv": 4, "d": 3, "D": "30-45", "d_inv": 4, "e": 1, "E": "10-20", "e_inv": 6, "f": 1, "F": "10-20", "f_inv": 6, "g": 3, "G": "30-45", "g_inv": 4, "h": 3, "H": "30-45", "h_inv": 4, "i": 3, "I": "30-45", "i_inv": 4, "j": 3, "J": "30-45", "j_inv": 4, "k": 1, "K": "10-20", "k_inv": 6, "l": 1, "L": "10-20", "l_inv": 6, "m": 2, "M": "20-30", "m_inv": 5, "n": 2, "N": "20-30", "n_inv": 5, "o": 4, "O": "45-60", "o_inv": 3, "p": 4, "P": "45-60", "p_inv": 3}}, {"type": "Feature", "geometry": {"type": "Point", "coordinates": [127.04486399999999, 37.574054000000004]}, "properties": {"row": 15, "col": 24, "walk_min": 8.0, "nearest_station_id": "kr_221", "nearest_station_name": "\uc2e0\ub2f5", "a": 2, "A": "20-30", "a_inv": 5, "b": 2, "B": "20-30", "b_inv": 5, "c": 2, "C": "20-30", "c_inv": 5, "d": 2, "D": "20-30", "d_inv": 5, "e": 3, "E": "30-45", "e_inv": 4, "f": 3, "F": "30-45", "f_inv": 4, "g": 2, "G": "20-30", "g_inv": 5, "h": 2, "H": "20-30", "h_inv": 5, "i": 4, "I": "45-60", "i_inv": 3, "j": 4, "J": "45-60", "j_inv": 3, "k": 3, "K": "30-45", "k_inv": 4, "l": 3, "L": "30-45", "l_inv": 4, "m": 2, "M": "20-30", "m_inv": 5, "n": 2, "N": "20-30", "n_inv": 5, "o": 3, "O": "30-45", "o_inv": 4, "p": 3, "P": "30-45", "p_inv": 4}}, {"type": "Feature", "geometry": {"type": "Point", "coordinates": [127.01784, 37.479459999999996]}, "properties": {"row": 1, "col": 20, "walk_min": 9.3, "nearest_station_id": "kr_152", "nearest_station_name": "Nambu Bus Terminal (Seoul Arts Center)", "a": 3, "A": "30-45", "a_inv": 4, "b": 3, "B": "30-45", "b_inv": 4, "c": 3, "C": "30-45", "c_inv": 4, "d": 3, "D": "30-45", "d_inv": 4, "e": 1, "E": "10-20", "e_inv": 6, "f": 1, "F": "10-20", "f_inv": 6, "g": 3, "G": "30-45", "g_inv": 4, "h": 3, "H": "30-45", "h_inv": 4, "i": 1, "I": "10-20", "i_inv": 6, "j": 1, "J": "10-20", "j_inv": 6, "k": 2, "K": "20-30", "k_inv": 5, "l": 2, "L": "20-30", "l_inv": 5, "m": 3, "M": "30-45", "m_inv": 4, "n": 3, "N": "30-45", "n_inv": 4, "o": 3, "O": "30-45", "o_inv": 4, "p": 3, "P": "30-45", "p_inv": 4}}, {"type": "Feature", "geometry": {"type": "Point", "coordinates": [127.004324, 37.479459999999996]}, "properties": {"row": 1, "col": 18, "walk_min": 9.1, "nearest_station_id": "kr_344", "nearest_station_name": "Bangbae", "a": 3, "A": "30-45", "a_inv": 4, "b": 3, "B": "30-45", "b_inv": 4, "c": 3, "C": "30-45", "c_inv": 4, "d": 3, "D": "30-45", "d_inv": 4, "e": 1, "E": "10-20", "e_inv": 6, "f": 1, "F": "10-20", "f_inv": 6, "g": 3, "G": "30-45", "g_inv": 4, "h": 3, "H": "30-45", "h_inv": 4, "i": 1, "I": "10-20", "i_inv": 6, "j": 1, "J": "10-20", "j_inv": 6, "k": 3, "K": "30-45", "k_inv": 4, "l": 3, "L": "30-45", "l_inv": 4, "m": 3, "M": "30-45", "m_inv": 4, "n": 3, "N": "30-45", "n_inv": 4, "o": 3, "O": "30-45", "o_inv": 4, "p": 3, "P": "30-45", "p_inv": 4}}, {"type": "Feature", "geometry": {"type": "Point", "coordinates": [126.97054, 37.56054]}, "properties": {"row": 13, "col": 13, "walk_min": 8.2, "nearest_station_id": "kr_014", "nearest_station_name": "City Hall", "a": 1, "A": "10-20", "a_inv": 6, "b": 1, "B": "10-20", "b_inv": 6, "c": 1, "C": "10-20", "c_inv": 6, "d": 1, "D": "10-20", "d_inv": 6, "e": 3, "E": "30-45", "e_inv": 4, "f": 3, "F": "30-45", "f_inv": 4, "g": 2, "G": "20-30", "g_inv": 5, "h": 2, "H": "20-30", "h_inv": 5, "i": 3, "I": "30-45", "i_inv": 4, "j": 3, "J": "30-45", "j_inv": 4, "k": 3, "K": "30-45", "k_inv": 4, "l": 3, "L": "30-45", "l_inv": 4, "m": 3, "M": "30-45", "m_inv": 4, "n": 3, "N": "30-45", "n_inv": 4, "o": 2, "O": "20-30", "o_inv": 5, "p": 2, "P": "20-30", "p_inv": 5}}, {"type": "Feature", "geometry": {"type": "Point", "coordinates": [126.89621400000001, 37.574054000000004]}, "properties": {"row": 15, "col": 2, "walk_min": 8.7, "nearest_station_id": "kr_327", "nearest_station_name": "\ub514\uc9c0\ud138\ubbf8\ub514\uc5b4\uc2dc\ud2f0", "a": 3, "A": "30-45", "a_inv": 4, "b": 3, "B": "30-45", "b_inv": 4, "c": 3, "C": "30-45", "c_inv": 4, "d": 3, "D": "30-45", "d_inv": 4, "e": 4, "E": "45-60", "e_inv": 3, "f": 4, "F": "45-60", "f_inv": 3, "g": 4, "G": "45-60", "g_inv": 3, "h": 4, "H": "45-60", "h_inv": 3, "i": 3, "I": "30-45", "i_inv": 4, "j": 3, "J": "30-45", "j_inv": 4, "k": 5, "K": "60-90", "k_inv": 2, "l": 5, "L": "60-90", "l_inv": 2, "m": 4, "M": "45-60", "m_inv": 3, "n": 4, "N": "45-60", "n_inv": 3, "o": 3, "O": "30-45", "o_inv": 4, "p": 3, "P": "30-45", "p_inv": 4}}, {"type": "Feature", "geometry": {"type": "Point", "coordinates": [127.031354, 37.594324]}, "properties": {"row": 18, "col": 22, "walk_min": 8.7, "nearest_station_id": "kr_131", "nearest_station_name": "Korea Univ.", "a": 2, "A": "20-30", "a_inv": 5, "b": 2, "B": "20-30", "b_inv": 5, "c": 2, "C": "20-30", "c_inv": 5, "d": 2, "D": "20-30", "d_inv": 5, "e": 3, "E": "30-45", "e_inv": 4, "f": 3, "F": "30-45", "f_inv": 4, "g": 2, "G": "20-30", "g_inv": 5, "h": 2, "H": "20-30", "h_inv": 5, "i": 4, "I": "45-60", "i_inv": 3, "j": 4, "J": "45-60", "j_inv": 3, "k": 4, "K": "45-60", "k_inv": 3, "l": 4, "L": "45-60", "l_inv": 3, "m": 3, "M": "30-45", "m_inv": 4, "n": 3, "N": "30-45", "n_inv": 4, "o": 3, "O": "30-45", "o_inv": 4, "p": 3, "P": "30-45", "p_inv": 4}}, {"type": "Feature", "geometry": {"type": "Point", "coordinates": [126.957024, 37.479459999999996]}, "properties": {"row": 1, "col": 11, "walk_min": 8.1, "nearest_station_id": "kr_370", "nearest_station_name": "Seoul Nat'l University (Gwanak-gu Office)", "a": 3, "A": "30-45", "a_inv": 4, "b": 3, "B": "30-45", "b_inv": 4, "c": 3, "C": "30-45", "c_inv": 4, "d": 3, "D": "30-45", "d_inv": 4, "e": 2, "E": "20-30", "e_inv": 5, "f": 2, "F": "20-30", "f_inv": 5, "g": 4, "G": "45-60", "g_inv": 3, "h": 4, "H": "45-60", "h_inv": 3, "i": 1, "I": "10-20", "i_inv": 6, "j": 1, "J": "10-20", "j_inv": 6, "k": 3, "K": "30-45", "k_inv": 4, "l": 3, "L": "30-45", "l_inv": 4, "m": 4, "M": "45-60", "m_inv": 3, "n": 4, "N": "45-60", "n_inv": 3, "o": 3, "O": "30-45", "o_inv": 4, "p": 3, "P": "30-45", "p_inv": 4}}, {"type": "Feature", "geometry": {"type": "Point", "coordinates": [127.071894, 37.533514000000004]}, "properties": {"row": 9, "col": 28, "walk_min": 7.2, "nearest_station_id": "kr_181", "nearest_station_name": "Jayang", "a": 3, "A": "30-45", "a_inv": 4, "b": 3, "B": "30-45", "b_inv": 4, "c": 3, "C": "30-45", "c_inv": 4, "d": 3, "D": "30-45", "d_inv": 4, "e": 2, "E": "20-30", "e_inv": 5, "f": 2, "F": "20-30", "f_inv": 5, "g": 2, "G": "20-30", "g_inv": 5, "h": 2, "H": "20-30", "h_inv": 5, "i": 3, "I": "30-45", "i_inv": 4, "j": 3, "J": "30-45", "j_inv": 4, "k": 3, "K": "30-45", "k_inv": 4, "l": 3, "L": "30-45", "l_inv": 4, "m": 2, "M": "20-30", "m_inv": 5, "n": 2, "N": "20-30", "n_inv": 5, "o": 4, "O": "45-60", "o_inv": 3, "p": 4, "P": "45-60", "p_inv": 3}}, {"type": "Feature", "geometry": {"type": "Point", "coordinates": [127.01108400000001, 37.587564]}, "properties": {"row": 17, "col": 19, "walk_min": 5.4, "nearest_station_id": "kr_061", "nearest_station_name": "Hansung Univ. (Samseongyo)", "a": 2, "A": "20-30", "a_inv": 5, "b": 2, "B": "20-30", "b_inv": 5, "c": 1, "C": "10-20", "c_inv": 6, "d": 1, "D": "10-20", "d_inv": 6, "e": 3, "E": "30-45", "e_inv": 4, "f": 3, "F": "30-45", "f_inv": 4, "g": 1, "G": "10-20", "g_inv": 6, "h": 1, "H": "10-20", "h_inv": 6, "i": 3, "I": "30-45", "i_inv": 4, "j": 3, "J": "30-45", "j_inv": 4, "k": 3, "K": "30-45", "k_inv": 4, "l": 3, "L": "30-45", "l_inv": 4, "m": 2, "M": "20-30", "m_inv": 5, "n": 2, "N": "20-30", "n_inv": 5, "o": 3, "O": "30-45", "o_inv": 4, "p": 3, "P": "30-45", "p_inv": 4}}, {"type": "Feature", "geometry": {"type": "Point", "coordinates": [126.88946000000001, 37.479459999999996]}, "properties": {"row": 1, "col": 1, "walk_min": 8.8, "nearest_station_id": "kr_291", "nearest_station_name": "\uac00\uc0b0\ub514\uc9c0\ud138\ub2e8\uc9c0", "a": 4, "A": "45-60", "a_inv": 3, "b": 4, "B": "45-60", "b_inv": 3, "c": 4, "C": "45-60", "c_inv": 3, "d": 4, "D": "45-60", "d_inv": 3, "e": 3, "E": "30-45", "e_inv": 4, "f": 3, "F": "30-45", "f_inv": 4, "g": 5, "G": "60-90", "g_inv": 2, "h": 5, "H": "60-90", "h_inv": 2, "i": 4, "I": "45-60", "i_inv": 3, "j": 4, "J": "45-60", "j_inv": 3, "k": 4, "K": "45-60", "k_inv": 3, "l": 4, "L": "45-60", "l_inv": 3, "m": 5, "M": "60-90", "m_inv": 2, "n": 5, "N": "60-90", "n_inv": 2, "o": 4, "O": "45-60", "o_inv": 3, "p": 4, "P": "45-60", "p_inv": 3}}, {"type": "Feature", "geometry": {"type": "Point", "coordinates": [126.902974, 37.49973]}, "properties": {"row": 4, "col": 3, "walk_min": 7.4, "nearest_station_id": "kr_365", "nearest_station_name": "\uc2e0\ud48d", "a": 4, "A": "45-60", "a_inv": 3, "b": 4, "B": "45-60", "b_inv": 3, "c": 4, "C": "45-60", "c_inv": 3, "d": 4, "D": "45-60", "d_inv": 3, "e": 3, "E": "30-45", "e_inv": 4, "f": 3, "F": "30-45", "f_inv": 4, "g": 4, "G": "45-60", "g_inv": 3, "h": 4, "H": "45-60", "h_inv": 3, "i": 3, "I": "30-45", "i_inv": 4, "j": 3, "J": "30-45", "j_inv": 4, "k": 4, "K": "45-60", "k_inv": 3, "l": 4, "L": "45-60", "l_inv": 3, "m": 5, "M": "60-90", "m_inv": 2, "n": 5, "N": "60-90", "n_inv": 2, "o": 4, "O": "45-60", "o_inv": 3, "p": 4, "P": "45-60", "p_inv": 3}}, {"type": "Feature", "geometry": {"type": "Point", "coordinates": [127.085404, 37.601084]}, "properties": {"row": 19, "col": 30, "walk_min": 6.7, "nearest_station_id": "kr_158", "nearest_station_name": "\uc911\ud654", "a": 3, "A": "30-45", "a_inv": 4, "b": 3, "B": "30-45", "b_inv": 4, "c": 3, "C": "30-45", "c_inv": 4, "d": 3, "D": "30-45", "d_inv": 4, "e": 4, "E": "45-60", "e_inv": 3, "f": 4, "F": "45-60", "f_inv": 3, "g": 2, "G": "20-30", "g_inv": 5, "h": 2, "H": "20-30", "h_inv": 5, "i": 4, "I": "45-60", "i_inv": 3, "j": 4, "J": "45-60", "j_inv": 3, "k": 4, "K": "45-60", "k_inv": 3, "l": 4, "L": "45-60", "l_inv": 3, "m": 3, "M": "30-45", "m_inv": 4, "n": 3, "N": "30-45", "n_inv": 4, "o": 4, "O": "45-60", "o_inv": 3, "p": 4, "P": "45-60", "p_inv": 3}}, {"type": "Feature", "geometry": {"type": "Point", "coordinates": [127.05837999999999, 37.56054]}, "properties": {"row": 13, "col": 26, "walk_min": 7.0, "nearest_station_id": "kr_103", "nearest_station_name": "\uc7a5\ud55c\ud3c9", "a": 2, "A": "20-30", "a_inv": 5, "b": 2, "B": "20-30", "b_inv": 5, "c": 2, "C": "20-30", "c_inv": 5, "d": 2, "D": "20-30", "d_inv": 5, "e": 3, "E": "30-45", "e_inv": 4, "f": 3, "F": "30-45", "f_inv": 4, "g": 1, "G": "10-20", "g_inv": 6, "h": 1, "H": "10-20", "h_inv": 6, "i": 3, "I": "30-45", "i_inv": 4, "j": 3, "J": "30-45", "j_inv": 4, "k": 3, "K": "30-45", "k_inv": 4, "l": 3, "L": "30-45", "l_inv": 4, "m": 2, "M": "20-30", "m_inv": 5, "n": 2, "N": "20-30", "n_inv": 5, "o": 3, "O": "30-45", "o_inv": 4, "p": 3, "P": "30-45", "p_inv": 4}}, {"type": "Feature", "geometry": {"type": "Point", "coordinates": [126.90973000000001, 37.601084]}, "properties": {"row": 19, "col": 4, "walk_min": 8.2, "nearest_station_id": "kr_318", "nearest_station_name": "\uc751\uc554", "a": 3, "A": "30-45", "a_inv": 4, "b": 3, "B": "30-45", "b_inv": 4, "c": 3, "C": "30-45", "c_inv": 4, "d": 3, "D": "30-45", "d_inv": 4, "e": 4, "E": "45-60", "e_inv": 3, "f": 4, "F": "45-60", "f_inv": 3, "g": 3, "G": "30-45", "g_inv": 4, "h": 3, "H": "30-45", "h_inv": 4, "i": 4, "I": "45-60", "i_inv": 3, "j": 4, "J": "45-60", "j_inv": 3, "k": 5, "K": "60-90", "k_inv": 2, "l": 5, "L": "60-90", "l_inv": 2, "m": 4, "M": "45-60", "m_inv": 3, "n": 4, "N": "45-60", "n_inv": 3, "o": 4, "O": "45-60", "o_inv": 3, "p": 4, "P": "45-60", "p_inv": 3}}, {"type": "Feature", "geometry": {"type": "Point", "coordinates": [126.97054, 37.58081]}, "properties": {"row": 16, "col": 13, "walk_min": 7.7, "nearest_station_id": "kr_058", "nearest_station_name": "\uacbd\ubcf5\uad81", "a": 1, "A": "10-20", "a_inv": 6, "b": 1, "B": "10-20", "b_inv": 6, "c": 1, "C": "10-20", "c_inv": 6, "d": 1, "D": "10-20", "d_inv": 6, "e": 3, "E": "30-45", "e_inv": 4, "f": 3, "F": "30-45", "f_inv": 4, "g": 2, "G": "20-30", "g_inv": 5, "h": 2, "H": "20-30", "h_inv": 5, "i": 3, "I": "30-45", "i_inv": 4, "j": 3, "J": "30-45", "j_inv": 4, "k": 3, "K": "30-45", "k_inv": 4, "l": 3, "L": "30-45", "l_inv": 4, "m": 3, "M": "30-45", "m_inv": 4, "n": 3, "N": "30-45", "n_inv": 4, "o": 2, "O": "20-30", "o_inv": 5, "p": 2, "P": "20-30", "p_inv": 5}}, {"type": "Feature", "geometry": {"type": "Point", "coordinates": [126.977294, 37.547024]}, "properties": {"row": 11, "col": 14, "walk_min": 7.4, "nearest_station_id": "kr_242", "nearest_station_name": "Sookmyung Women's Univ.", "a": 0, "A": "<10", "a_inv": 7, "b": 0, "B": "<10", "b_inv": 7, "c": 1, "C": "10-20", "c_inv": 6, "d": 1, "D": "10-20", "d_inv": 6, "e": 2, "E": "20-30", "e_inv": 5, "f": 2, "F": "20-30", "f_inv": 5, "g": 2, "G": "20-30", "g_inv": 5, "h": 2, "H": "20-30", "h_inv": 5, "i": 2, "I": "20-30", "i_inv": 5, "j": 2, "J": "20-30", "j_inv": 5, "k": 3, "K": "30-45", "k_inv": 4, "l": 3, "L": "30-45", "l_inv": 4, "m": 3, "M": "30-45", "m_inv": 4, "n": 3, "N": "30-45", "n_inv": 4, "o": 2, "O": "20-30", "o_inv": 5, "p": 2, "P": "20-30", "p_inv": 5}}, {"type": "Feature", "geometry": {"type": "Point", "coordinates": [126.89621400000001, 37.486214000000004]}, "properties": {"row": 2, "col": 2, "walk_min": 7.5, "nearest_station_id": "kr_288", "nearest_station_name": "Guro Digital Complex", "a": 3, "A": "30-45", "a_inv": 4, "b": 3, "B": "30-45", "b_inv": 4, "c": 3, "C": "30-45", "c_inv": 4, "d": 3, "D": "30-45", "d_inv": 4, "e": 3, "E": "30-45", "e_inv": 4, "f": 3, "F": "30-45", "f_inv": 4, "g": 4, "G": "45-60", "g_inv": 3, "h": 4, "H": "45-60", "h_inv": 3, "i": 3, "I": "30-45", "i_inv": 4, "j": 3, "J": "30-45", "j_inv": 4, "k": 4, "K": "45-60", "k_inv": 3, "l": 4, "L": "45-60", "l_inv": 3, "m": 4, "M": "45-60", "m_inv": 3, "n": 4, "N": "45-60", "n_inv": 3, "o": 3, "O": "30-45", "o_inv": 4, "p": 3, "P": "30-45", "p_inv": 4}}, {"type": "Feature", "geometry": {"type": "Point", "coordinates": [126.916484, 37.607839999999996]}, "properties": {"row": 20, "col": 5, "walk_min": 8.5, "nearest_station_id": "kr_390", "nearest_station_name": "\uad6c\uc0b0", "a": 3, "A": "30-45", "a_inv": 4, "b": 3, "B": "30-45", "b_inv": 4, "c": 3, "C": "30-45", "c_inv": 4, "d": 3, "D": "30-45", "d_inv": 4, "e": 4, "E": "45-60", "e_inv": 3, "f": 4, "F": "45-60", "f_inv": 3, "g": 3, "G": "30-45", "g_inv": 4, "h": 3, "H": "30-45", "h_inv": 4, "i": 4, "I": "45-60", "i_inv": 3, "j": 4, "J": "45-60", "j_inv": 3, "k": 5, "K": "60-90", "k_inv": 2, "l": 5, "L": "60-90", "l_inv": 2, "m": 4, "M": "45-60", "m_inv": 3, "n": 4, "N": "45-60", "n_inv": 3, "o": 4, "O": "45-60", "o_inv": 3, "p": 4, "P": "45-60", "p_inv": 3}}, {"type": "Feature", "geometry": {"type": "Point", "coordinates": [127.05837999999999, 37.594324]}, "properties": {"row": 18, "col": 26, "walk_min": 6.6, "nearest_station_id": "kr_034", "nearest_station_name": "Hankuk University of Foreign Studies", "a": 2, "A": "20-30", "a_inv": 5, "b": 2, "B": "20-30", "b_inv": 5, "c": 2, "C": "20-30", "c_inv": 5, "d": 2, "D": "20-30", "d_inv": 5, "e": 3, "E": "30-45", "e_inv": 4, "f": 3, "F": "30-45", "f_inv": 4, "g": 2, "G": "20-30", "g_inv": 5, "h": 2, "H": "20-30", "h_inv": 5, "i": 4, "I": "45-60", "i_inv": 3, "j": 4, "J": "45-60", "j_inv": 3, "k": 3, "K": "30-45", "k_inv": 4, "l": 3, "L": "30-45", "l_inv": 4, "m": 2, "M": "20-30", "m_inv": 5, "n": 2, "N": "20-30", "n_inv": 5, "o": 3, "O": "30-45", "o_inv": 4, "p": 3, "P": "30-45", "p_inv": 4}}, {"type": "Feature", "geometry": {"type": "Point", "coordinates": [126.98405400000001, 37.506484]}, "properties": {"row": 5, "col": 15, "walk_min": 9.4, "nearest_station_id": "kr_003", "nearest_station_name": "Dongjak", "a": 2, "A": "20-30", "a_inv": 5, "b": 2, "B": "20-30", "b_inv": 5, "c": 2, "C": "20-30", "c_inv": 5, "d": 2, "D": "20-30", "d_inv": 5, "e": 1, "E": "10-20", "e_inv": 6, "f": 1, "F": "10-20", "f_inv": 6, "g": 3, "G": "30-45", "g_inv": 4, "h": 3, "H": "30-45", "h_inv": 4, "i": 1, "I": "10-20", "i_inv": 6, "j": 1, "J": "10-20", "j_inv": 6, "k": 3, "K": "30-45", "k_inv": 4, "l": 3, "L": "30-45", "l_inv": 4, "m": 3, "M": "30-45", "m_inv": 4, "n": 3, "N": "30-45", "n_inv": 4, "o": 3, "O": "30-45", "o_inv": 4, "p": 3, "P": "30-45", "p_inv": 4}}, {"type": "Feature", "geometry": {"type": "Point", "coordinates": [127.031354, 37.519999999999996]}, "properties": {"row": 7, "col": 22, "walk_min": 7.8, "nearest_station_id": "kr_138", "nearest_station_name": "\uc555\uad6c\uc815", "a": 2, "A": "20-30", "a_inv": 5, "b": 2, "B": "20-30", "b_inv": 5, "c": 2, "C": "20-30", "c_inv": 5, "d": 2, "D": "20-30", "d_inv": 5, "e": 1, "E": "10-20", "e_inv": 6, "f": 1, "F": "10-20", "f_inv": 6, "g": 2, "G": "20-30", "g_inv": 5, "h": 2, "H": "20-30", "h_inv": 5, "i": 2, "I": "20-30", "i_inv": 5, "j": 2, "J": "20-30", "j_inv": 5, "k": 3, "K": "30-45", "k_inv": 4, "l": 3, "L": "30-45", "l_inv": 4, "m": 3, "M": "30-45", "m_inv": 4, "n": 3, "N": "30-45", "n_inv": 4, "o": 3, "O": "30-45", "o_inv": 4, "p": 3, "P": "30-45", "p_inv": 4}}, {"type": "Feature", "geometry": {"type": "Point", "coordinates": [126.90973000000001, 37.56054]}, "properties": {"row": 13, "col": 4, "walk_min": 7.4, "nearest_station_id": "kr_240", "nearest_station_name": "\ub9dd\uc6d0", "a": 2, "A": "20-30", "a_inv": 5, "b": 2, "B": "20-30", "b_inv": 5, "c": 3, "C": "30-45", "c_inv": 4, "d": 3, "D": "30-45", "d_inv": 4, "e": 3, "E": "30-45", "e_inv": 4, "f": 3, "F": "30-45", "f_inv": 4, "g": 3, "G": "30-45", "g_inv": 4, "h": 3, "H": "30-45", "h_inv": 4, "i": 3, "I": "30-45", "i_inv": 4, "j": 3, "J": "30-45", "j_inv": 4, "k": 4, "K": "45-60", "k_inv": 3, "l": 4, "L": "45-60", "l_inv": 3, "m": 4, "M": "45-60", "m_inv": 3, "n": 4, "N": "45-60", "n_inv": 3, "o": 3, "O": "30-45", "o_inv": 4, "p": 3, "P": "30-45", "p_inv": 4}}, {"type": "Feature", "geometry": {"type": "Point", "coordinates": [126.99081000000001, 37.479459999999996]}, "properties": {"row": 1, "col": 16, "walk_min": 7.5, "nearest_station_id": "kr_344", "nearest_station_name": "Bangbae", "a": 3, "A": "30-45", "a_inv": 4, "b": 3, "B": "30-45", "b_inv": 4, "c": 3, "C": "30-45", "c_inv": 4, "d": 3, "D": "30-45", "d_inv": 4, "e": 1, "E": "10-20", "e_inv": 6, "f": 1, "F": "10-20", "f_inv": 6, "g": 3, "G": "30-45", "g_inv": 4, "h": 3, "H": "30-45", "h_inv": 4, "i": 1, "I": "10-20", "i_inv": 6, "j": 1, "J": "10-20", "j_inv": 6, "k": 3, "K": "30-45", "k_inv": 4, "l": 3, "L": "30-45", "l_inv": 4, "m": 3, "M": "30-45", "m_inv": 4, "n": 3, "N": "30-45", "n_inv": 4, "o": 3, "O": "30-45", "o_inv": 4, "p": 3, "P": "30-45", "p_inv": 4}}, {"type": "Feature", "geometry": {"type": "Point", "coordinates": [127.02459400000001, 37.607839999999996]}, "properties": {"row": 20, "col": 21, "walk_min": 7.7, "nearest_station_id": "kr_082", "nearest_station_name": "Gireum", "a": 2, "A": "20-30", "a_inv": 5, "b": 2, "B": "20-30", "b_inv": 5, "c": 2, "C": "20-30", "c_inv": 5, "d": 2, "D": "20-30", "d_inv": 5, "e": 3, "E": "30-45", "e_inv": 4, "f": 3, "F": "30-45", "f_inv": 4, "g": 2, "G": "20-30", "g_inv": 5, "h": 2, "H": "20-30", "h_inv": 5, "i": 4, "I": "45-60", "i_inv": 3, "j": 4, "J": "45-60", "j_inv": 3, "k": 4, "K": "45-60", "k_inv": 3, "l": 4, "L": "45-60", "l_inv": 3, "m": 3, "M": "30-45", "m_inv": 4, "n": 3, "N": "30-45", "n_inv": 4, "o": 3, "O": "30-45", "o_inv": 4, "p": 3, "P": "30-45", "p_inv": 4}}, {"type": "Feature", "geometry": {"type": "Point", "coordinates": [127.01108400000001, 37.479459999999996]}, "properties": {"row": 1, "col": 19, "walk_min": 8.8, "nearest_station_id": "kr_152", "nearest_station_name": "Nambu Bus Terminal (Seoul Arts Center)", "a": 3, "A": "30-45", "a_inv": 4, "b": 3, "B": "30-45", "b_inv": 4, "c": 3, "C": "30-45", "c_inv": 4, "d": 3, "D": "30-45", "d_inv": 4, "e": 1, "E": "10-20", "e_inv": 6, "f": 1, "F": "10-20", "f_inv": 6, "g": 3, "G": "30-45", "g_inv": 4, "h": 3, "H": "30-45", "h_inv": 4, "i": 1, "I": "10-20", "i_inv": 6, "j": 1, "J": "10-20", "j_inv": 6, "k": 2, "K": "20-30", "k_inv": 5, "l": 2, "L": "20-30", "l_inv": 5, "m": 3, "M": "30-45", "m_inv": 4, "n": 3, "N": "30-45", "n_inv": 4, "o": 3, "O": "30-45", "o_inv": 4, "p": 3, "P": "30-45", "p_inv": 4}}, {"type": "Feature", "geometry": {"type": "Point", "coordinates": [127.004324, 37.533514000000004]}, "properties": {"row": 9, "col": 18, "walk_min": 11.3, "nearest_station_id": "kr_334", "nearest_station_name": "\ud55c\uac15\uc9c4", "a": 2, "A": "20-30", "a_inv": 5, "b": 2, "B": "20-30", "b_inv": 5, "c": 2, "C": "20-30", "c_inv": 5, "d": 2, "D": "20-30", "d_inv": 5, "e": 3, "E": "30-45", "e_inv": 4, "f": 3, "F": "30-45", "f_inv": 4, "g": 2, "G": "20-30", "g_inv": 5, "h": 2, "H": "20-30", "h_inv": 5, "i": 3, "I": "30-45", "i_inv": 4, "j": 3, "J": "30-45", "j_inv": 4, "k": 3, "K": "30-45", "k_inv": 4, "l": 3, "L": "30-45", "l_inv": 4, "m": 3, "M": "30-45", "m_inv": 4, "n": 3, "N": "30-45", "n_inv": 4, "o": 3, "O": "30-45", "o_inv": 4, "p": 3, "P": "30-45", "p_inv": 4}}, {"type": "Feature", "geometry": {"type": "Point", "coordinates": [127.01108400000001, 37.54027]}, "properties": {"row": 10, "col": 19, "walk_min": 9.3, "nearest_station_id": "kr_059", "nearest_station_name": "Oksu", "a": 2, "A": "20-30", "a_inv": 5, "b": 2, "B": "20-30", "b_inv": 5, "c": 2, "C": "20-30", "c_inv": 5, "d": 2, "D": "20-30", "d_inv": 5, "e": 2, "E": "20-30", "e_inv": 5, "f": 2, "F": "20-30", "f_inv": 5, "g": 2, "G": "20-30", "g_inv": 5, "h": 2, "H": "20-30", "h_inv": 5, "i": 3, "I": "30-45", "i_inv": 4, "j": 3, "J": "30-45", "j_inv": 4, "k": 3, "K": "30-45", "k_inv": 4, "l": 3, "L": "30-45", "l_inv": 4, "m": 3, "M": "30-45", "m_inv": 4, "n": 3, "N": "30-45", "n_inv": 4, "o": 3, "O": "30-45", "o_inv": 4, "p": 3, "P": "30-45", "p_inv": 4}}, {"type": "Feature", "geometry": {"type": "Point", "coordinates": [126.93000000000002, 37.55378399999999]}, "properties": {"row": 12, "col": 7, "walk_min": 5.9, "nearest_station_id": "kr_376", "nearest_station_name": "Sinchon", "a": 1, "A": "10-20", "a_inv": 6, "b": 1, "B": "10-20", "b_inv": 6, "c": 1, "C": "10-20", "c_inv": 6, "d": 1, "D": "10-20", "d_inv": 6, "e": 3, "E": "30-45", "e_inv": 4, "f": 3, "F": "30-45", "f_inv": 4, "g": 2, "G": "20-30", "g_inv": 5, "h": 2, "H": "20-30", "h_inv": 5, "i": 3, "I": "30-45", "i_inv": 4, "j": 3, "J": "30-45", "j_inv": 4, "k": 4, "K": "45-60", "k_inv": 3, "l": 4, "L": "45-60", "l_inv": 3, "m": 3, "M": "30-45", "m_inv": 4, "n": 3, "N": "30-45", "n_inv": 4, "o": 1, "O": "10-20", "o_inv": 6, "p": 1, "P": "10-20", "p_inv": 6}}, {"type": "Feature", "geometry": {"type": "Point", "coordinates": [126.94351400000001, 37.58081]}, "properties": {"row": 16, "col": 9, "walk_min": 11.7, "nearest_station_id": "kr_096", "nearest_station_name": "Muakjae", "a": 2, "A": "20-30", "a_inv": 5, "b": 2, "B": "20-30", "b_inv": 5, "c": 2, "C": "20-30", "c_inv": 5, "d": 2, "D": "20-30", "d_inv": 5, "e": 4, "E": "45-60", "e_inv": 3, "f": 4, "F": "45-60", "f_inv": 3, "g": 3, "G": "30-45", "g_inv": 4, "h": 3, "H": "30-45", "h_inv": 4, "i": 4, "I": "45-60", "i_inv": 3, "j": 4, "J": "45-60", "j_inv": 3, "k": 4, "K": "45-60", "k_inv": 3, "l": 4, "L": "45-60", "l_inv": 3, "m": 3, "M": "30-45", "m_inv": 4, "n": 3, "N": "30-45", "n_inv": 4, "o": 3, "O": "30-45", "o_inv": 4, "p": 3, "P": "30-45", "p_inv": 4}}, {"type": "Feature", "geometry": {"type": "Point", "coordinates": [126.923244, 37.486214000000004]}, "properties": {"row": 2, "col": 6, "walk_min": 8.3, "nearest_station_id": "kr_375", "nearest_station_name": "Sillim", "a": 3, "A": "30-45", "a_inv": 4, "b": 3, "B": "30-45", "b_inv": 4, "c": 3, "C": "30-45", "c_inv": 4, "d": 3, "D": "30-45", "d_inv": 4, "e": 3, "E": "30-45", "e_inv": 4, "f": 3, "F": "30-45", "f_inv": 4, "g": 4, "G": "45-60", "g_inv": 3, "h": 4, "H": "45-60", "h_inv": 3, "i": 2, "I": "20-30", "i_inv": 5, "j": 2, "J": "20-30", "j_inv": 5, "k": 4, "K": "45-60", "k_inv": 3, "l": 4, "L": "45-60", "l_inv": 3, "m": 4, "M": "45-60", "m_inv": 3, "n": 4, "N": "45-60", "n_inv": 3, "o": 3, "O": "30-45", "o_inv": 4, "p": 3, "P": "30-45", "p_inv": 4}}, {"type": "Feature", "geometry": {"type": "Point", "coordinates": [127.085404, 37.492974000000004]}, "properties": {"row": 3, "col": 30, "walk_min": 7.1, "nearest_station_id": "kr_348", "nearest_station_name": "\ub300\uccad", "a": 4, "A": "45-60", "a_inv": 3, "b": 4, "B": "45-60", "b_inv": 3, "c": 4, "C": "45-60", "c_inv": 3, "d": 4, "D": "45-60", "d_inv": 3, "e": 2, "E": "20-30", "e_inv": 5, "f": 2, "F": "20-30", "f_inv": 5, "g": 4, "G": "45-60", "g_inv": 3, "h": 4, "H": "45-60", "h_inv": 3, "i": 3, "I": "30-45", "i_inv": 4, "j": 3, "J": "30-45", "j_inv": 4, "k": 3, "K": "30-45", "k_inv": 4, "l": 3, "L": "30-45", "l_inv": 4, "m": 3, "M": "30-45", "m_inv": 4, "n": 3, "N": "30-45", "n_inv": 4, "o": 4, "O": "45-60", "o_inv": 3, "p": 4, "P": "45-60", "p_inv": 3}}, {"type": "Feature", "geometry": {"type": "Point", "coordinates": [126.94351400000001, 37.533514000000004]}, "properties": {"row": 9, "col": 9, "walk_min": 5.8, "nearest_station_id": "kr_193", "nearest_station_name": "\ub9c8\ud3ec", "a": 1, "A": "10-20", "a_inv": 6, "b": 1, "B": "10-20", "b_inv": 6, "c": 1, "C": "10-20", "c_inv": 6, "d": 1, "D": "10-20", "d_inv": 6, "e": 3, "E": "30-45", "e_inv": 4, "f": 3, "F": "30-45", "f_inv": 4, "g": 2, "G": "20-30", "g_inv": 5, "h": 2, "H": "20-30", "h_inv": 5, "i": 2, "I": "20-30", "i_inv": 5, "j": 2, "J": "20-30", "j_inv": 5, "k": 3, "K": "30-45", "k_inv": 4, "l": 3, "L": "30-45", "l_inv": 4, "m": 3, "M": "30-45", "m_inv": 4, "n": 3, "N": "30-45", "n_inv": 4, "o": 2, "O": "20-30", "o_inv": 5, "p": 2, "P": "20-30", "p_inv": 5}}, {"type": "Feature", "geometry": {"type": "Point", "coordinates": [126.902974, 37.55378399999999]}, "properties": {"row": 12, "col": 3, "walk_min": 7.3, "nearest_station_id": "kr_240", "nearest_station_name": "\ub9dd\uc6d0", "a": 2, "A": "20-30", "a_inv": 5, "b": 2, "B": "20-30", "b_inv": 5, "c": 3, "C": "30-45", "c_inv": 4, "d": 3, "D": "30-45", "d_inv": 4, "e": 3, "E": "30-45", "e_inv": 4, "f": 3, "F": "30-45", "f_inv": 4, "g": 3, "G": "30-45", "g_inv": 4, "h": 3, "H": "30-45", "h_inv": 4, "i": 3, "I": "30-45", "i_inv": 4, "j": 3, "J": "30-45", "j_inv": 4, "k": 4, "K": "45-60", "k_inv": 3, "l": 4, "L": "45-60", "l_inv": 3, "m": 4, "M": "45-60", "m_inv": 3, "n": 4, "N": "45-60", "n_inv": 3, "o": 3, "O": "30-45", "o_inv": 4, "p": 3, "P": "30-45", "p_inv": 4}}, {"type": "Feature", "geometry": {"type": "Point", "coordinates": [126.99081000000001, 37.492974000000004]}, "properties": {"row": 3, "col": 16, "walk_min": 9.0, "nearest_station_id": "kr_135", "nearest_station_name": "Naebang", "a": 2, "A": "20-30", "a_inv": 5, "b": 2, "B": "20-30", "b_inv": 5, "c": 3, "C": "30-45", "c_inv": 4, "d": 3, "D": "30-45", "d_inv": 4, "e": 1, "E": "10-20", "e_inv": 6, "f": 1, "F": "10-20", "f_inv": 6, "g": 3, "G": "30-45", "g_inv": 4, "h": 3, "H": "30-45", "h_inv": 4, "i": 2, "I": "20-30", "i_inv": 5, "j": 2, "J": "20-30", "j_inv": 5, "k": 3, "K": "30-45", "k_inv": 4, "l": 3, "L": "30-45", "l_inv": 4, "m": 3, "M": "30-45", "m_inv": 4, "n": 3, "N": "30-45", "n_inv": 4, "o": 3, "O": "30-45", "o_inv": 4, "p": 3, "P": "30-45", "p_inv": 4}}, {"type": "Feature", "geometry": {"type": "Point", "coordinates": [127.05837999999999, 37.533514000000004]}, "properties": {"row": 9, "col": 26, "walk_min": 10.3, "nearest_station_id": "kr_181", "nearest_station_name": "Jayang", "a": 3, "A": "30-45", "a_inv": 4, "b": 3, "B": "30-45", "b_inv": 4, "c": 3, "C": "30-45", "c_inv": 4, "d": 3, "D": "30-45", "d_inv": 4, "e": 3, "E": "30-45", "e_inv": 4, "f": 3, "F": "30-45", "f_inv": 4, "g": 2, "G": "20-30", "g_inv": 5, "h": 2, "H": "20-30", "h_inv": 5, "i": 3, "I": "30-45", "i_inv": 4, "j": 3, "J": "30-45", "j_inv": 4, "k": 3, "K": "30-45", "k_inv": 4, "l": 3, "L": "30-45", "l_inv": 4, "m": 3, "M": "30-45", "m_inv": 4, "n": 3, "N": "30-45", "n_inv": 4, "o": 4, "O": "45-60", "o_inv": 3, "p": 4, "P": "45-60", "p_inv": 3}}, {"type": "Feature", "geometry": {"type": "Point", "coordinates": [126.902974, 37.58081]}, "properties": {"row": 16, "col": 3, "walk_min": 8.5, "nearest_station_id": "kr_327", "nearest_station_name": "\ub514\uc9c0\ud138\ubbf8\ub514\uc5b4\uc2dc\ud2f0", "a": 3, "A": "30-45", "a_inv": 4, "b": 3, "B": "30-45", "b_inv": 4, "c": 3, "C": "30-45", "c_inv": 4, "d": 3, "D": "30-45", "d_inv": 4, "e": 4, "E": "45-60", "e_inv": 3, "f": 4, "F": "45-60", "f_inv": 3, "g": 4, "G": "45-60", "g_inv": 3, "h": 4, "H": "45-60", "h_inv": 3, "i": 4, "I": "45-60", "i_inv": 3, "j": 4, "J": "45-60", "j_inv": 3, "k": 5, "K": "60-90", "k_inv": 2, "l": 5, "L": "60-90", "l_inv": 2, "m": 4, "M": "45-60", "m_inv": 3, "n": 4, "N": "45-60", "n_inv": 3, "o": 4, "O": "45-60", "o_inv": 3, "p": 4, "P": "45-60", "p_inv": 3}}, {"type": "Feature", "geometry": {"type": "Point", "coordinates": [126.90973000000001, 37.567294000000004]}, "properties": {"row": 14, "col": 4, "walk_min": 9.9, "nearest_station_id": "kr_259", "nearest_station_name": "\ub9c8\ud3ec\uad6c\uccad", "a": 3, "A": "30-45", "a_inv": 4, "b": 3, "B": "30-45", "b_inv": 4, "c": 3, "C": "30-45", "c_inv": 4, "d": 3, "D": "30-45", "d_inv": 4, "e": 4, "E": "45-60", "e_inv": 3, "f": 4, "F": "45-60", "f_inv": 3, "g": 4, "G": "45-60", "g_inv": 3, "h": 4, "H": "45-60", "h_inv": 3, "i": 3, "I": "30-45", "i_inv": 4, "j": 3, "J": "30-45", "j_inv": 4, "k": 5, "K": "60-90", "k_inv": 2, "l": 5, "L": "60-90", "l_inv": 2, "m": 4, "M": "45-60", "m_inv": 3, "n": 4, "N": "45-60", "n_inv": 3, "o": 3, "O": "30-45", "o_inv": 4, "p": 3, "P": "30-45", "p_inv": 4}}, {"type": "Feature", "geometry": {"type": "Point", "coordinates": [126.95027, 37.56054]}, "properties": {"row": 13, "col": 10, "walk_min": 8.4, "nearest_station_id": "kr_326", "nearest_station_name": "Ahyeon", "a": 1, "A": "10-20", "a_inv": 6, "b": 1, "B": "10-20", "b_inv": 6, "c": 1, "C": "10-20", "c_inv": 6, "d": 1, "D": "10-20", "d_inv": 6, "e": 3, "E": "30-45", "e_inv": 4, "f": 3, "F": "30-45", "f_inv": 4, "g": 2, "G": "20-30", "g_inv": 5, "h": 2, "H": "20-30", "h_inv": 5, "i": 3, "I": "30-45", "i_inv": 4, "j": 3, "J": "30-45", "j_inv": 4, "k": 4, "K": "45-60", "k_inv": 3, "l": 4, "L": "45-60", "l_inv": 3, "m": 3, "M": "30-45", "m_inv": 4, "n": 3, "N": "30-45", "n_inv": 4, "o": 1, "O": "10-20", "o_inv": 6, "p": 1, "P": "10-20", "p_inv": 6}}, {"type": "Feature", "geometry": {"type": "Point", "coordinates": [127.071894, 37.526754000000004]}, "properties": {"row": 8, "col": 28, "walk_min": 9.3, "nearest_station_id": "kr_181", "nearest_station_name": "Jayang", "a": 3, "A": "30-45", "a_inv": 4, "b": 3, "B": "30-45", "b_inv": 4, "c": 3, "C": "30-45", "c_inv": 4, "d": 3, "D": "30-45", "d_inv": 4, "e": 2, "E": "20-30", "e_inv": 5, "f": 2, "F": "20-30", "f_inv": 5, "g": 2, "G": "20-30", "g_inv": 5, "h": 2, "H": "20-30", "h_inv": 5, "i": 3, "I": "30-45", "i_inv": 4, "j": 3, "J": "30-45", "j_inv": 4, "k": 3, "K": "30-45", "k_inv": 4, "l": 3, "L": "30-45", "l_inv": 4, "m": 3, "M": "30-45", "m_inv": 4, "n": 3, "N": "30-45", "n_inv": 4, "o": 4, "O": "45-60", "o_inv": 3, "p": 4, "P": "45-60", "p_inv": 3}}, {"type": "Feature", "geometry": {"type": "Point", "coordinates": [127.06513399999999, 37.49973]}, "properties": {"row": 4, "col": 27, "walk_min": 10.2, "nearest_station_id": "kr_322", "nearest_station_name": "\ud559\uc5ec\uc6b8", "a": 3, "A": "30-45", "a_inv": 4, "b": 3, "B": "30-45", "b_inv": 4, "c": 4, "C": "45-60", "c_inv": 3, "d": 4, "D": "45-60", "d_inv": 3, "e": 2, "E": "20-30", "e_inv": 5, "f": 2, "F": "20-30", "f_inv": 5, "g": 3, "G": "30-45", "g_inv": 4, "h": 3, "H": "30-45", "h_inv": 4, "i": 3, "I": "30-45", "i_inv": 4, "j": 3, "J": "30-45", "j_inv": 4, "k": 3, "K": "30-45", "k_inv": 4, "l": 3, "L": "30-45", "l_inv": 4, "m": 3, "M": "30-45", "m_inv": 4, "n": 3, "N": "30-45", "n_inv": 4, "o": 4, "O": "45-60", "o_inv": 3, "p": 4, "P": "45-60", "p_inv": 3}}, {"type": "Feature", "geometry": {"type": "Point", "coordinates": [126.93000000000002, 37.492974000000004]}, "properties": {"row": 3, "col": 7, "walk_min": 8.4, "nearest_station_id": "kr_299", "nearest_station_name": "\uc2e0\ub300\ubc29\uc0bc\uac70\ub9ac", "a": 3, "A": "30-45", "a_inv": 4, "b": 3, "B": "30-45", "b_inv": 4, "c": 4, "C": "45-60", "c_inv": 3, "d": 4, "D": "45-60", "d_inv": 3, "e": 3, "E": "30-45", "e_inv": 4, "f": 3, "F": "30-45", "f_inv": 4, "g": 4, "G": "45-60", "g_inv": 3, "h": 4, "H": "45-60", "h_inv": 3, "i": 3, "I": "30-45", "i_inv": 4, "j": 3, "J": "30-45", "j_inv": 4, "k": 4, "K": "45-60", "k_inv": 3, "l": 4, "L": "45-60", "l_inv": 3, "m": 4, "M": "45-60", "m_inv": 3, "n": 4, "N": "45-60", "n_inv": 3, "o": 4, "O": "45-60", "o_inv": 3, "p": 4, "P": "45-60", "p_inv": 3}}, {"type": "Feature", "geometry": {"type": "Point", "coordinates": [127.071894, 37.601084]}, "properties": {"row": 19, "col": 28, "walk_min": 8.0, "nearest_station_id": "kr_037", "nearest_station_name": "Sinimun (Korea National University of Arts)", "a": 3, "A": "30-45", "a_inv": 4, "b": 3, "B": "30-45", "b_inv": 4, "c": 3, "C": "30-45", "c_inv": 4, "d": 3, "D": "30-45", "d_inv": 4, "e": 4, "E": "45-60", "e_inv": 3, "f": 4, "F": "45-60", "f_inv": 3, "g": 3, "G": "30-45", "g_inv": 4, "h": 3, "H": "30-45", "h_inv": 4, "i": 4, "I": "45-60", "i_inv": 3, "j": 4, "J": "45-60", "j_inv": 3, "k": 4, "K": "45-60", "k_inv": 3, "l": 4, "L": "45-60", "l_inv": 3, "m": 3, "M": "30-45", "m_inv": 4, "n": 3, "N": "30-45", "n_inv": 4, "o": 4, "O": "45-60", "o_inv": 3, "p": 4, "P": "45-60", "p_inv": 3}}, {"type": "Feature", "geometry": {"type": "Point", "coordinates": [126.923244, 37.479459999999996]}, "properties": {"row": 1, "col": 6, "walk_min": 10.0, "nearest_station_id": "kr_375", "nearest_station_name": "Sillim", "a": 3, "A": "30-45", "a_inv": 4, "b": 3, "B": "30-45", "b_inv": 4, "c": 3, "C": "30-45", "c_inv": 4, "d": 3, "D": "30-45", "d_inv": 4, "e": 3, "E": "30-45", "e_inv": 4, "f": 3, "F": "30-45", "f_inv": 4, "g": 4, "G": "45-60", "g_inv": 3, "h": 4, "H": "45-60", "h_inv": 3, "i": 2, "I": "20-30", "i_inv": 5, "j": 2, "J": "20-30", "j_inv": 5, "k": 4, "K": "45-60", "k_inv": 3, "l": 4, "L": "45-60", "l_inv": 3, "m": 4, "M": "45-60", "m_inv": 3, "n": 4, "N": "45-60", "n_inv": 3, "o": 3, "O": "30-45", "o_inv": 4, "p": 3, "P": "30-45", "p_inv": 4}}, {"type": "Feature", "geometry": {"type": "Point", "coordinates": [127.02459400000001, 37.58081]}, "properties": {"row": 16, "col": 21, "walk_min": 7.3, "nearest_station_id": "kr_122", "nearest_station_name": "\uc548\uc554", "a": 2, "A": "20-30", "a_inv": 5, "b": 2, "B": "20-30", "b_inv": 5, "c": 2, "C": "20-30", "c_inv": 5, "d": 2, "D": "20-30", "d_inv": 5, "e": 3, "E": "30-45", "e_inv": 4, "f": 3, "F": "30-45", "f_inv": 4, "g": 2, "G": "20-30", "g_inv": 5, "h": 2, "H": "20-30", "h_inv": 5, "i": 3, "I": "30-45", "i_inv": 4, "j": 3, "J": "30-45", "j_inv": 4, "k": 3, "K": "30-45", "k_inv": 4, "l": 3, "L": "30-45", "l_inv": 4, "m": 2, "M": "20-30", "m_inv": 5, "n": 2, "N": "20-30", "n_inv": 5, "o": 3, "O": "30-45", "o_inv": 4, "p": 3, "P": "30-45", "p_inv": 4}}, {"type": "Feature", "geometry": {"type": "Point", "coordinates": [127.04486399999999, 37.54027]}, "properties": {"row": 10, "col": 24, "walk_min": 9.5, "nearest_station_id": "kr_285", "nearest_station_name": "Ttukseom", "a": 2, "A": "20-30", "a_inv": 5, "b": 2, "B": "20-30", "b_inv": 5, "c": 2, "C": "20-30", "c_inv": 5, "d": 2, "D": "20-30", "d_inv": 5, "e": 3, "E": "30-45", "e_inv": 4, "f": 3, "F": "30-45", "f_inv": 4, "g": 1, "G": "10-20", "g_inv": 6, "h": 1, "H": "10-20", "h_inv": 6, "i": 4, "I": "45-60", "i_inv": 3, "j": 4, "J": "45-60", "j_inv": 3, "k": 2, "K": "20-30", "k_inv": 5, "l": 2, "L": "20-30", "l_inv": 5, "m": 1, "M": "10-20", "m_inv": 6, "n": 1, "N": "10-20", "n_inv": 6, "o": 3, "O": "30-45", "o_inv": 4, "p": 3, "P": "30-45", "p_inv": 4}}, {"type": "Feature", "geometry": {"type": "Point", "coordinates": [126.957024, 37.472704]}, "properties": {"row": 0, "col": 11, "walk_min": 10.8, "nearest_station_id": "kr_319", "nearest_station_name": "Nakseongdae", "a": 3, "A": "30-45", "a_inv": 4, "b": 3, "B": "30-45", "b_inv": 4, "c": 3, "C": "30-45", "c_inv": 4, "d": 3, "D": "30-45", "d_inv": 4, "e": 2, "E": "20-30", "e_inv": 5, "f": 2, "F": "20-30", "f_inv": 5, "g": 4, "G": "45-60", "g_inv": 3, "h": 4, "H": "45-60", "h_inv": 3, "i": 1, "I": "10-20", "i_inv": 6, "j": 1, "J": "10-20", "j_inv": 6, "k": 3, "K": "30-45", "k_inv": 4, "l": 3, "L": "30-45", "l_inv": 4, "m": 4, "M": "45-60", "m_inv": 3, "n": 4, "N": "45-60", "n_inv": 3, "o": 3, "O": "30-45", "o_inv": 4, "p": 3, "P": "30-45", "p_inv": 4}}, {"type": "Feature", "geometry": {"type": "Point", "coordinates": [126.90973000000001, 37.492974000000004]}, "properties": {"row": 3, "col": 4, "walk_min": 7.6, "nearest_station_id": "kr_336", "nearest_station_name": "Sindaebang", "a": 3, "A": "30-45", "a_inv": 4, "b": 3, "B": "30-45", "b_inv": 4, "c": 3, "C": "30-45", "c_inv": 4, "d": 3, "D": "30-45", "d_inv": 4, "e": 3, "E": "30-45", "e_inv": 4, "f": 3, "F": "30-45", "f_inv": 4, "g": 4, "G": "45-60", "g_inv": 3, "h": 4, "H": "45-60", "h_inv": 3, "i": 3, "I": "30-45", "i_inv": 4, "j": 3, "J": "30-45", "j_inv": 4, "k": 4, "K": "45-60", "k_inv": 3, "l": 4, "L": "45-60", "l_inv": 3, "m": 4, "M": "45-60", "m_inv": 3, "n": 4, "N": "45-60", "n_inv": 3, "o": 3, "O": "30-45", "o_inv": 4, "p": 3, "P": "30-45", "p_inv": 4}}, {"type": "Feature", "geometry": {"type": "Point", "coordinates": [126.902974, 37.587564]}, "properties": {"row": 17, "col": 3, "walk_min": 9.2, "nearest_station_id": "kr_339", "nearest_station_name": "\uc99d\uc0b0", "a": 3, "A": "30-45", "a_inv": 4, "b": 3, "B": "30-45", "b_inv": 4, "c": 3, "C": "30-45", "c_inv": 4, "d": 3, "D": "30-45", "d_inv": 4, "e": 4, "E": "45-60", "e_inv": 3, "f": 4, "F": "45-60", "f_inv": 3, "g": 4, "G": "45-60", "g_inv": 3, "h": 4, "H": "45-60", "h_inv": 3, "i": 4, "I": "45-60", "i_inv": 3, "j": 4, "J": "45-60", "j_inv": 3, "k": 5, "K": "60-90", "k_inv": 2, "l": 5, "L": "60-90", "l_inv": 2, "m": 4, "M": "45-60", "m_inv": 3, "n": 4, "N": "45-60", "n_inv": 3, "o": 4, "O": "45-60", "o_inv": 3, "p": 4, "P": "45-60", "p_inv": 3}}, {"type": "Feature", "geometry": {"type": "Point", "coordinates": [127.085404, 37.55378399999999]}, "properties": {"row": 12, "col": 30, "walk_min": 9.3, "nearest_station_id": "kr_087", "nearest_station_name": "\uc544\ucc28\uc0b0", "a": 3, "A": "30-45", "a_inv": 4, "b": 3, "B": "30-45", "b_inv": 4, "c": 3, "C": "30-45", "c_inv": 4, "d": 3, "D": "30-45", "d_inv": 4, "e": 3, "E": "30-45", "e_inv": 4, "f": 3, "F": "30-45", "f_inv": 4, "g": 2, "G": "20-30", "g_inv": 5, "h": 2, "H": "20-30", "h_inv": 5, "i": 3, "I": "30-45", "i_inv": 4, "j": 3, "J": "30-45", "j_inv": 4, "k": 3, "K": "30-45", "k_inv": 4, "l": 3, "L": "30-45", "l_inv": 4, "m": 2, "M": "20-30", "m_inv": 5, "n": 2, "N": "20-30", "n_inv": 5, "o": 4, "O": "45-60", "o_inv": 3, "p": 4, "P": "45-60", "p_inv": 3}}, {"type": "Feature", "geometry": {"type": "Point", "coordinates": [126.96378399999999, 37.574054000000004]}, "properties": {"row": 15, "col": 12, "walk_min": 8.6, "nearest_station_id": "kr_063", "nearest_station_name": "\ub3c5\ub9bd\ubb38", "a": 2, "A": "20-30", "a_inv": 5, "b": 2, "B": "20-30", "b_inv": 5, "c": 1, "C": "10-20", "c_inv": 6, "d": 1, "D": "10-20", "d_inv": 6, "e": 3, "E": "30-45", "e_inv": 4, "f": 3, "F": "30-45", "f_inv": 4, "g": 2, "G": "20-30", "g_inv": 5, "h": 2, "H": "20-30", "h_inv": 5, "i": 3, "I": "30-45", "i_inv": 4, "j": 3, "J": "30-45", "j_inv": 4, "k": 4, "K": "45-60", "k_inv": 3, "l": 4, "L": "45-60", "l_inv": 3, "m": 3, "M": "30-45", "m_inv": 4, "n": 3, "N": "30-45", "n_inv": 4, "o": 3, "O": "30-45", "o_inv": 4, "p": 3, "P": "30-45", "p_inv": 4}}, {"type": "Feature", "geometry": {"type": "Point", "coordinates": [126.957024, 37.547024]}, "properties": {"row": 11, "col": 11, "walk_min": 8.3, "nearest_station_id": "kr_257", "nearest_station_name": "\uc560\uc624\uac1c", "a": 1, "A": "10-20", "a_inv": 6, "b": 1, "B": "10-20", "b_inv": 6, "c": 2, "C": "20-30", "c_inv": 5, "d": 2, "D": "20-30", "d_inv": 5, "e": 3, "E": "30-45", "e_inv": 4, "f": 3, "F": "30-45", "f_inv": 4, "g": 2, "G": "20-30", "g_inv": 5, "h": 2, "H": "20-30", "h_inv": 5, "i": 2, "I": "20-30", "i_inv": 5, "j": 2, "J": "20-30", "j_inv": 5, "k": 4, "K": "45-60", "k_inv": 3, "l": 4, "L": "45-60", "l_inv": 3, "m": 3, "M": "30-45", "m_inv": 4, "n": 3, "N": "30-45", "n_inv": 4, "o": 2, "O": "20-30", "o_inv": 5, "p": 2, "P": "20-30", "p_inv": 5}}, {"type": "Feature", "geometry": {"type": "Point", "coordinates": [126.957024, 37.506484]}, "properties": {"row": 5, "col": 11, "walk_min": 7.6, "nearest_station_id": "kr_404", "nearest_station_name": "Heukseok", "a": 2, "A": "20-30", "a_inv": 5, "b": 2, "B": "20-30", "b_inv": 5, "c": 2, "C": "20-30", "c_inv": 5, "d": 2, "D": "20-30", "d_inv": 5, "e": 2, "E": "20-30", "e_inv": 5, "f": 2, "F": "20-30", "f_inv": 5, "g": 3, "G": "30-45", "g_inv": 4, "h": 3, "H": "30-45", "h_inv": 4, "i": 2, "I": "20-30", "i_inv": 5, "j": 2, "J": "20-30", "j_inv": 5, "k": 3, "K": "30-45", "k_inv": 4, "l": 3, "L": "30-45", "l_inv": 4, "m": 4, "M": "45-60", "m_inv": 3, "n": 4, "N": "45-60", "n_inv": 3, "o": 2, "O": "20-30", "o_inv": 5, "p": 2, "P": "20-30", "p_inv": 5}}, {"type": "Feature", "geometry": {"type": "Point", "coordinates": [126.93000000000002, 37.56054]}, "properties": {"row": 13, "col": 7, "walk_min": 9.5, "nearest_station_id": "kr_368", "nearest_station_name": "Hongik University", "a": 2, "A": "20-30", "a_inv": 5, "b": 2, "B": "20-30", "b_inv": 5, "c": 1, "C": "10-20", "c_inv": 6, "d": 1, "D": "10-20", "d_inv": 6, "e": 3, "E": "30-45", "e_inv": 4, "f": 3, "F": "30-45", "f_inv": 4, "g": 3, "G": "30-45", "g_inv": 4, "h": 3, "H": "30-45", "h_inv": 4, "i": 3, "I": "30-45", "i_inv": 4, "j": 3, "J": "30-45", "j_inv": 4, "k": 4, "K": "45-60", "k_inv": 3, "l": 4, "L": "45-60", "l_inv": 3, "m": 3, "M": "30-45", "m_inv": 4, "n": 3, "N": "30-45", "n_inv": 4, "o": 1, "O": "10-20", "o_inv": 6, "p": 1, "P": "10-20", "p_inv": 6}}, {"type": "Feature", "geometry": {"type": "Point", "coordinates": [127.031354, 37.567294000000004]}, "properties": {"row": 14, "col": 22, "walk_min": 8.4, "nearest_station_id": "kr_076", "nearest_station_name": "Sangwangsimni", "a": 2, "A": "20-30", "a_inv": 5, "b": 2, "B": "20-30", "b_inv": 5, "c": 2, "C": "20-30", "c_inv": 5, "d": 2, "D": "20-30", "d_inv": 5, "e": 3, "E": "30-45", "e_inv": 4, "f": 3, "F": "30-45", "f_inv": 4, "g": 1, "G": "10-20", "g_inv": 6, "h": 1, "H": "10-20", "h_inv": 6, "i": 3, "I": "30-45", "i_inv": 4, "j": 3, "J": "30-45", "j_inv": 4, "k": 3, "K": "30-45", "k_inv": 4, "l": 3, "L": "30-45", "l_inv": 4, "m": 1, "M": "10-20", "m_inv": 6, "n": 1, "N": "10-20", "n_inv": 6, "o": 3, "O": "30-45", "o_inv": 4, "p": 3, "P": "30-45", "p_inv": 4}}, {"type": "Feature", "geometry": {"type": "Point", "coordinates": [126.96378399999999, 37.547024]}, "properties": {"row": 11, "col": 12, "walk_min": 8.9, "nearest_station_id": "kr_242", "nearest_station_name": "Sookmyung Women's Univ.", "a": 1, "A": "10-20", "a_inv": 6, "b": 1, "B": "10-20", "b_inv": 6, "c": 1, "C": "10-20", "c_inv": 6, "d": 1, "D": "10-20", "d_inv": 6, "e": 3, "E": "30-45", "e_inv": 4, "f": 3, "F": "30-45", "f_inv": 4, "g": 2, "G": "20-30", "g_inv": 5, "h": 2, "H": "20-30", "h_inv": 5, "i": 2, "I": "20-30", "i_inv": 5, "j": 2, "J": "20-30", "j_inv": 5, "k": 4, "K": "45-60", "k_inv": 3, "l": 4, "L": "45-60", "l_inv": 3, "m": 3, "M": "30-45", "m_inv": 4, "n": 3, "N": "30-45", "n_inv": 4, "o": 2, "O": "20-30", "o_inv": 5, "p": 2, "P": "20-30", "p_inv": 5}}, {"type": "Feature", "geometry": {"type": "Point", "coordinates": [126.902974, 37.492974000000004]}, "properties": {"row": 3, "col": 3, "walk_min": 7.3, "nearest_station_id": "kr_343", "nearest_station_name": "\ub300\ub9bc", "a": 4, "A": "45-60", "a_inv": 3, "b": 4, "B": "45-60", "b_inv": 3, "c": 4, "C": "45-60", "c_inv": 3, "d": 4, "D": "45-60", "d_inv": 3, "e": 3, "E": "30-45", "e_inv": 4, "f": 3, "F": "30-45", "f_inv": 4, "g": 4, "G": "45-60", "g_inv": 3, "h": 4, "H": "45-60", "h_inv": 3, "i": 3, "I": "30-45", "i_inv": 4, "j": 3, "J": "30-45", "j_inv": 4, "k": 4, "K": "45-60", "k_inv": 3, "l": 4, "L": "45-60", "l_inv": 3, "m": 5, "M": "60-90", "m_inv": 2, "n": 5, "N": "60-90", "n_inv": 2, "o": 4, "O": "45-60", "o_inv": 3, "p": 4, "P": "45-60", "p_inv": 3}}, {"type": "Feature", "geometry": {"type": "Point", "coordinates": [127.03811, 37.607839999999996]}, "properties": {"row": 20, "col": 23, "walk_min": 11.4, "nearest_station_id": "kr_142", "nearest_station_name": "\uc6d4\uace1", "a": 3, "A": "30-45", "a_inv": 4, "b": 3, "B": "30-45", "b_inv": 4, "c": 3, "C": "30-45", "c_inv": 4, "d": 3, "D": "30-45", "d_inv": 4, "e": 3, "E": "30-45", "e_inv": 4, "f": 3, "F": "30-45", "f_inv": 4, "g": 3, "G": "30-45", "g_inv": 4, "h": 3, "H": "30-45", "h_inv": 4, "i": 4, "I": "45-60", "i_inv": 3, "j": 4, "J": "45-60", "j_inv": 3, "k": 4, "K": "45-60", "k_inv": 3, "l": 4, "L": "45-60", "l_inv": 3, "m": 3, "M": "30-45", "m_inv": 4, "n": 3, "N": "30-45", "n_inv": 4, "o": 4, "O": "45-60", "o_inv": 3, "p": 4, "P": "45-60", "p_inv": 3}}, {"type": "Feature", "geometry": {"type": "Point", "coordinates": [127.031354, 37.492974000000004]}, "properties": {"row": 3, "col": 22, "walk_min": 9.5, "nearest_station_id": "kr_027", "nearest_station_name": "Gangnam", "a": 3, "A": "30-45", "a_inv": 4, "b": 3, "B": "30-45", "b_inv": 4, "c": 3, "C": "30-45", "c_inv": 4, "d": 3, "D": "30-45", "d_inv": 4, "e": 1, "E": "10-20", "e_inv": 6, "f": 1, "F": "10-20", "f_inv": 6, "g": 3, "G": "30-45", "g_inv": 4, "h": 3, "H": "30-45", "h_inv": 4, "i": 2, "I": "20-30", "i_inv": 5, "j": 2, "J": "20-30", "j_inv": 5, "k": 2, "K": "20-30", "k_inv": 5, "l": 2, "L": "20-30", "l_inv": 5, "m": 3, "M": "30-45", "m_inv": 4, "n": 3, "N": "30-45", "n_inv": 4, "o": 3, "O": "30-45", "o_inv": 4, "p": 3, "P": "30-45", "p_inv": 4}}, {"type": "Feature", "geometry": {"type": "Point", "coordinates": [127.05162399999999, 37.58081]}, "properties": {"row": 16, "col": 25, "walk_min": 8.9, "nearest_station_id": "kr_028", "nearest_station_name": "Cheongnyangni (University of Seoul)", "a": 2, "A": "20-30", "a_inv": 5, "b": 2, "B": "20-30", "b_inv": 5, "c": 2, "C": "20-30", "c_inv": 5, "d": 2, "D": "20-30", "d_inv": 5, "e": 3, "E": "30-45", "e_inv": 4, "f": 3, "F": "30-45", "f_inv": 4, "g": 2, "G": "20-30", "g_inv": 5, "h": 2, "H": "20-30", "h_inv": 5, "i": 4, "I": "45-60", "i_inv": 3, "j": 4, "J": "45-60", "j_inv": 3, "k": 3, "K": "30-45", "k_inv": 4, "l": 3, "L": "30-45", "l_inv": 4, "m": 2, "M": "20-30", "m_inv": 5, "n": 2, "N": "20-30", "n_inv": 5, "o": 3, "O": "30-45", "o_inv": 4, "p": 3, "P": "30-45", "p_inv": 4}}, {"type": "Feature", "geometry": {"type": "Point", "coordinates": [126.977294, 37.58081]}, "properties": {"row": 16, "col": 14, "walk_min": 9.4, "nearest_station_id": "kr_058", "nearest_station_name": "\uacbd\ubcf5\uad81", "a": 1, "A": "10-20", "a_inv": 6, "b": 1, "B": "10-20", "b_inv": 6, "c": 1, "C": "10-20", "c_inv": 6, "d": 1, "D": "10-20", "d_inv": 6, "e": 3, "E": "30-45", "e_inv": 4, "f": 3, "F": "30-45", "f_inv": 4, "g": 2, "G": "20-30", "g_inv": 5, "h": 2, "H": "20-30", "h_inv": 5, "i": 3, "I": "30-45", "i_inv": 4, "j": 3, "J": "30-45", "j_inv": 4, "k": 3, "K": "30-45", "k_inv": 4, "l": 3, "L": "30-45", "l_inv": 4, "m": 3, "M": "30-45", "m_inv": 4, "n": 3, "N": "30-45", "n_inv": 4, "o": 2, "O": "20-30", "o_inv": 5, "p": 2, "P": "20-30", "p_inv": 5}}, {"type": "Feature", "geometry": {"type": "Point", "coordinates": [126.916484, 37.533514000000004]}, "properties": {"row": 9, "col": 5, "walk_min": 16.7, "nearest_station_id": "kr_431", "nearest_station_name": "National Assembly", "a": 3, "A": "30-45", "a_inv": 4, "b": 3, "B": "30-45", "b_inv": 4, "c": 3, "C": "30-45", "c_inv": 4, "d": 3, "D": "30-45", "d_inv": 4, "e": 3, "E": "30-45", "e_inv": 4, "f": 3, "F": "30-45", "f_inv": 4, "g": 4, "G": "45-60", "g_inv": 3, "h": 4, "H": "45-60", "h_inv": 3, "i": 3, "I": "30-45", "i_inv": 4, "j": 3, "J": "30-45", "j_inv": 4, "k": 4, "K": "45-60", "k_inv": 3, "l": 4, "L": "45-60", "l_inv": 3, "m": 4, "M": "45-60", "m_inv": 3, "n": 4, "N": "45-60", "n_inv": 3, "o": 2, "O": "20-30", "o_inv": 5, "p": 2, "P": "20-30", "p_inv": 5}}, {"type": "Feature", "geometry": {"type": "Point", "coordinates": [127.07865000000001, 37.607839999999996]}, "properties": {"row": 20, "col": 29, "walk_min": 9.8, "nearest_station_id": "kr_163", "nearest_station_name": "\uba39\uace8", "a": 4, "A": "45-60", "a_inv": 3, "b": 4, "B": "45-60", "b_inv": 3, "c": 3, "C": "30-45", "c_inv": 4, "d": 3, "D": "30-45", "d_inv": 4, "e": 4, "E": "45-60", "e_inv": 3, "f": 4, "F": "45-60", "f_inv": 3, "g": 3, "G": "30-45", "g_inv": 4, "h": 3, "H": "30-45", "h_inv": 4, "i": 4, "I": "45-60", "i_inv": 3, "j": 4, "J": "45-60", "j_inv": 3, "k": 4, "K": "45-60", "k_inv": 3, "l": 4, "L": "45-60", "l_inv": 3, "m": 3, "M": "30-45", "m_inv": 4, "n": 3, "N": "30-45", "n_inv": 4, "o": 4, "O": "45-60", "o_inv": 3, "p": 4, "P": "45-60", "p_inv": 3}}, {"type": "Feature", "geometry": {"type": "Point", "coordinates": [126.97054, 37.479459999999996]}, "properties": {"row": 1, "col": 13, "walk_min": 10.4, "nearest_station_id": "kr_182", "nearest_station_name": "\ub0a8\uc131", "a": 3, "A": "30-45", "a_inv": 4, "b": 3, "B": "30-45", "b_inv": 4, "c": 3, "C": "30-45", "c_inv": 4, "d": 3, "D": "30-45", "d_inv": 4, "e": 2, "E": "20-30", "e_inv": 5, "f": 2, "F": "20-30", "f_inv": 5, "g": 3, "G": "30-45", "g_inv": 4, "h": 3, "H": "30-45", "h_inv": 4, "i": 2, "I": "20-30", "i_inv": 5, "j": 2, "J": "20-30", "j_inv": 5, "k": 3, "K": "30-45", "k_inv": 4, "l": 3, "L": "30-45", "l_inv": 4, "m": 4, "M": "45-60", "m_inv": 3, "n": 4, "N": "45-60", "n_inv": 3, "o": 3, "O": "30-45", "o_inv": 4, "p": 3, "P": "30-45", "p_inv": 4}}, {"type": "Feature", "geometry": {"type": "Point", "coordinates": [127.05837999999999, 37.519999999999996]}, "properties": {"row": 7, "col": 26, "walk_min": 8.6, "nearest_station_id": "kr_166", "nearest_station_name": "\uccad\ub2f4", "a": 3, "A": "30-45", "a_inv": 4, "b": 3, "B": "30-45", "b_inv": 4, "c": 3, "C": "30-45", "c_inv": 4, "d": 3, "D": "30-45", "d_inv": 4, "e": 2, "E": "20-30", "e_inv": 5, "f": 2, "F": "20-30", "f_inv": 5, "g": 3, "G": "30-45", "g_inv": 4, "h": 3, "H": "30-45", "h_inv": 4, "i": 2, "I": "20-30", "i_inv": 5, "j": 2, "J": "20-30", "j_inv": 5, "k": 2, "K": "20-30", "k_inv": 5, "l": 2, "L": "20-30", "l_inv": 5, "m": 3, "M": "30-45", "m_inv": 4, "n": 3, "N": "30-45", "n_inv": 4, "o": 4, "O": "45-60", "o_inv": 3, "p": 4, "P": "45-60", "p_inv": 3}}, {"type": "Feature", "geometry": {"type": "Point", "coordinates": [126.89621400000001, 37.506484]}, "properties": {"row": 5, "col": 2, "walk_min": 16.4, "nearest_station_id": "kr_013", "nearest_station_name": "Sindorim", "a": 3, "A": "30-45", "a_inv": 4, "b": 3, "B": "30-45", "b_inv": 4, "c": 3, "C": "30-45", "c_inv": 4, "d": 3, "D": "30-45", "d_inv": 4, "e": 3, "E": "30-45", "e_inv": 4, "f": 3, "F": "30-45", "f_inv": 4, "g": 4, "G": "45-60", "g_inv": 3, "h": 4, "H": "45-60", "h_inv": 3, "i": 3, "I": "30-45", "i_inv": 4, "j": 3, "J": "30-45", "j_inv": 4, "k": 4, "K": "45-60", "k_inv": 3, "l": 4, "L": "45-60", "l_inv": 3, "m": 4, "M": "45-60", "m_inv": 3, "n": 4, "N": "45-60", "n_inv": 3, "o": 3, "O": "30-45", "o_inv": 4, "p": 3, "P": "30-45", "p_inv": 4}}, {"type": "Feature", "geometry": {"type": "Point", "coordinates": [126.94351400000001, 37.486214000000004]}, "properties": {"row": 2, "col": 9, "walk_min": 10.3, "nearest_station_id": "kr_377", "nearest_station_name": "Bongcheon", "a": 3, "A": "30-45", "a_inv": 4, "b": 3, "B": "30-45", "b_inv": 4, "c": 3, "C": "30-45", "c_inv": 4, "d": 3, "D": "30-45", "d_inv": 4, "e": 2, "E": "20-30", "e_inv": 5, "f": 2, "F": "20-30", "f_inv": 5, "g": 4, "G": "45-60", "g_inv": 3, "h": 4, "H": "45-60", "h_inv": 3, "i": 1, "I": "10-20", "i_inv": 6, "j": 1, "J": "10-20", "j_inv": 6, "k": 3, "K": "30-45", "k_inv": 4, "l": 3, "L": "30-45", "l_inv": 4, "m": 4, "M": "45-60", "m_inv": 3, "n": 4, "N": "45-60", "n_inv": 3, "o": 3, "O": "30-45", "o_inv": 4, "p": 3, "P": "30-45", "p_inv": 4}}, {"type": "Feature", "geometry": {"type": "Point", "coordinates": [126.88270399999999, 37.472704]}, "properties": {"row": 0, "col": 0, "walk_min": 11.6, "nearest_station_id": "kr_291", "nearest_station_name": "\uac00\uc0b0\ub514\uc9c0\ud138\ub2e8\uc9c0", "a": 4, "A": "45-60", "a_inv": 3, "b": 4, "B": "45-60", "b_inv": 3, "c": 4, "C": "45-60", "c_inv": 3, "d": 4, "D": "45-60", "d_inv": 3, "e": 4, "E": "45-60", "e_inv": 3, "f": 4, "F": "45-60", "f_inv": 3, "g": 5, "G": "60-90", "g_inv": 2, "h": 5, "H": "60-90", "h_inv": 2, "i": 4, "I": "45-60", "i_inv": 3, "j": 4, "J": "45-60", "j_inv": 3, "k": 5, "K": "60-90", "k_inv": 2, "l": 5, "L": "60-90", "l_inv": 2, "m": 5, "M": "60-90", "m_inv": 2, "n": 5, "N": "60-90", "n_inv": 2, "o": 4, "O": "45-60", "o_inv": 3, "p": 4, "P": "45-60", "p_inv": 3}}, {"type": "Feature", "geometry": {"type": "Point", "coordinates": [127.071894, 37.55378399999999]}, "properties": {"row": 12, "col": 28, "walk_min": 8.5, "nearest_station_id": "kr_046", "nearest_station_name": "\uad70\uc790", "a": 3, "A": "30-45", "a_inv": 4, "b": 3, "B": "30-45", "b_inv": 4, "c": 3, "C": "30-45", "c_inv": 4, "d": 3, "D": "30-45", "d_inv": 4, "e": 3, "E": "30-45", "e_inv": 4, "f": 3, "F": "30-45", "f_inv": 4, "g": 1, "G": "10-20", "g_inv": 6, "h": 1, "H": "10-20", "h_inv": 6, "i": 3, "I": "30-45", "i_inv": 4, "j": 3, "J": "30-45", "j_inv": 4, "k": 3, "K": "30-45", "k_inv": 4, "l": 3, "L": "30-45", "l_inv": 4, "m": 2, "M": "20-30", "m_inv": 5, "n": 2, "N": "20-30", "n_inv": 5, "o": 3, "O": "30-45", "o_inv": 4, "p": 3, "P": "30-45", "p_inv": 4}}, {"type": "Feature", "geometry": {"type": "Point", "coordinates": [127.004324, 37.574054000000004]}, "properties": {"row": 15, "col": 18, "walk_min": 10.4, "nearest_station_id": "kr_050", "nearest_station_name": "Jongno 5(o)-ga", "a": 2, "A": "20-30", "a_inv": 5, "b": 2, "B": "20-30", "b_inv": 5, "c": 1, "C": "10-20", "c_inv": 6, "d": 1, "D": "10-20", "d_inv": 6, "e": 3, "E": "30-45", "e_inv": 4, "f": 3, "F": "30-45", "f_inv": 4, "g": 2, "G": "20-30", "g_inv": 5, "h": 2, "H": "20-30", "h_inv": 5, "i": 3, "I": "30-45", "i_inv": 4, "j": 3, "J": "30-45", "j_inv": 4, "k": 3, "K": "30-45", "k_inv": 4, "l": 3, "L": "30-45", "l_inv": 4, "m": 2, "M": "20-30", "m_inv": 5, "n": 2, "N": "20-30", "n_inv": 5, "o": 2, "O": "20-30", "o_inv": 5, "p": 2, "P": "20-30", "p_inv": 5}}, {"type": "Feature", "geometry": {"type": "Point", "coordinates": [127.004324, 37.594324]}, "properties": {"row": 18, "col": 18, "walk_min": 10.9, "nearest_station_id": "kr_061", "nearest_station_name": "Hansung Univ. (Samseongyo)", "a": 2, "A": "20-30", "a_inv": 5, "b": 2, "B": "20-30", "b_inv": 5, "c": 2, "C": "20-30", "c_inv": 5, "d": 2, "D": "20-30", "d_inv": 5, "e": 3, "E": "30-45", "e_inv": 4, "f": 3, "F": "30-45", "f_inv": 4, "g": 2, "G": "20-30", "g_inv": 5, "h": 2, "H": "20-30", "h_inv": 5, "i": 4, "I": "45-60", "i_inv": 3, "j": 4, "J": "45-60", "j_inv": 3, "k": 3, "K": "30-45", "k_inv": 4, "l": 3, "L": "30-45", "l_inv": 4, "m": 3, "M": "30-45", "m_inv": 4, "n": 3, "N": "30-45", "n_inv": 4, "o": 3, "O": "30-45", "o_inv": 4, "p": 3, "P": "30-45", "p_inv": 4}}, {"type": "Feature", "geometry": {"type": "Point", "coordinates": [126.99081000000001, 37.58081]}, "properties": {"row": 16, "col": 16, "walk_min": 12.6, "nearest_station_id": "kr_022", "nearest_station_name": "Anguk", "a": 2, "A": "20-30", "a_inv": 5, "b": 2, "B": "20-30", "b_inv": 5, "c": 1, "C": "10-20", "c_inv": 6, "d": 1, "D": "10-20", "d_inv": 6, "e": 3, "E": "30-45", "e_inv": 4, "f": 3, "F": "30-45", "f_inv": 4, "g": 2, "G": "20-30", "g_inv": 5, "h": 2, "H": "20-30", "h_inv": 5, "i": 3, "I": "30-45", "i_inv": 4, "j": 3, "J": "30-45", "j_inv": 4, "k": 3, "K": "30-45", "k_inv": 4, "l": 3, "L": "30-45", "l_inv": 4, "m": 3, "M": "30-45", "m_inv": 4, "n": 3, "N": "30-45", "n_inv": 4, "o": 3, "O": "30-45", "o_inv": 4, "p": 3, "P": "30-45", "p_inv": 4}}, {"type": "Feature", "geometry": {"type": "Point", "coordinates": [126.936754, 37.486214000000004]}, "properties": {"row": 2, "col": 8, "walk_min": 8.8, "nearest_station_id": "kr_377", "nearest_station_name": "Bongcheon", "a": 3, "A": "30-45", "a_inv": 4, "b": 3, "B": "30-45", "b_inv": 4, "c": 3, "C": "30-45", "c_inv": 4, "d": 3, "D": "30-45", "d_inv": 4, "e": 2, "E": "20-30", "e_inv": 5, "f": 2, "F": "20-30", "f_inv": 5, "g": 4, "G": "45-60", "g_inv": 3, "h": 4, "H": "45-60", "h_inv": 3, "i": 1, "I": "10-20", "i_inv": 6, "j": 1, "J": "10-20", "j_inv": 6, "k": 3, "K": "30-45", "k_inv": 4, "l": 3, "L": "30-45", "l_inv": 4, "m": 4, "M": "45-60", "m_inv": 3, "n": 4, "N": "45-60", "n_inv": 3, "o": 3, "O": "30-45", "o_inv": 4, "p": 3, "P": "30-45", "p_inv": 4}}, {"type": "Feature", "geometry": {"type": "Point", "coordinates": [126.936754, 37.587564]}, "properties": {"row": 17, "col": 8, "walk_min": 9.5, "nearest_station_id": "kr_110", "nearest_station_name": "Hongje (Seoul Culture Arts Univ.)", "a": 2, "A": "20-30", "a_inv": 5, "b": 2, "B": "20-30", "b_inv": 5, "c": 2, "C": "20-30", "c_inv": 5, "d": 2, "D": "20-30", "d_inv": 5, "e": 4, "E": "45-60", "e_inv": 3, "f": 4, "F": "45-60", "f_inv": 3, "g": 3, "G": "30-45", "g_inv": 4, "h": 3, "H": "30-45", "h_inv": 4, "i": 4, "I": "45-60", "i_inv": 3, "j": 4, "J": "45-60", "j_inv": 3, "k": 4, "K": "45-60", "k_inv": 3, "l": 4, "L": "45-60", "l_inv": 3, "m": 3, "M": "30-45", "m_inv": 4, "n": 3, "N": "30-45", "n_inv": 4, "o": 3, "O": "30-45", "o_inv": 4, "p": 3, "P": "30-45", "p_inv": 4}}, {"type": "Feature", "geometry": {"type": "Point", "coordinates": [127.07865000000001, 37.594324]}, "properties": {"row": 18, "col": 29, "walk_min": 10.0, "nearest_station_id": "kr_141", "nearest_station_name": "\uc0c1\ubd09", "a": 4, "A": "45-60", "a_inv": 3, "b": 4, "B": "45-60", "b_inv": 3, "c": 3, "C": "30-45", "c_inv": 4, "d": 3, "D": "30-45", "d_inv": 4, "e": 4, "E": "45-60", "e_inv": 3, "f": 4, "F": "45-60", "f_inv": 3, "g": 3, "G": "30-45", "g_inv": 4, "h": 3, "H": "30-45", "h_inv": 4, "i": 4, "I": "45-60", "i_inv": 3, "j": 4, "J": "45-60", "j_inv": 3, "k": 4, "K": "45-60", "k_inv": 3, "l": 4, "L": "45-60", "l_inv": 3, "m": 3, "M": "30-45", "m_inv": 4, "n": 3, "N": "30-45", "n_inv": 4, "o": 4, "O": "45-60", "o_inv": 3, "p": 4, "P": "45-60", "p_inv": 3}}, {"type": "Feature", "geometry": {"type": "Point", "coordinates": [127.05162399999999, 37.594324]}, "properties": {"row": 18, "col": 25, "walk_min": 10.0, "nearest_station_id": "kr_031", "nearest_station_name": "Hoegi", "a": 3, "A": "30-45", "a_inv": 4, "b": 3, "B": "30-45", "b_inv": 4, "c": 2, "C": "20-30", "c_inv": 5, "d": 2, "D": "20-30", "d_inv": 5, "e": 3, "E": "30-45", "e_inv": 4, "f": 3, "F": "30-45", "f_inv": 4, "g": 2, "G": "20-30", "g_inv": 5, "h": 2, "H": "20-30", "h_inv": 5, "i": 4, "I": "45-60", "i_inv": 3, "j": 4, "J": "45-60", "j_inv": 3, "k": 3, "K": "30-45", "k_inv": 4, "l": 3, "L": "30-45", "l_inv": 4, "m": 3, "M": "30-45", "m_inv": 4, "n": 3, "N": "30-45", "n_inv": 4, "o": 3, "O": "30-45", "o_inv": 4, "p": 3, "P": "30-45", "p_inv": 4}}, {"type": "Feature", "geometry": {"type": "Point", "coordinates": [127.07865000000001, 37.49973]}, "properties": {"row": 4, "col": 29, "walk_min": 12.5, "nearest_station_id": "kr_348", "nearest_station_name": "\ub300\uccad", "a": 4, "A": "45-60", "a_inv": 3, "b": 4, "B": "45-60", "b_inv": 3, "c": 4, "C": "45-60", "c_inv": 3, "d": 4, "D": "45-60", "d_inv": 3, "e": 2, "E": "20-30", "e_inv": 5, "f": 2, "F": "20-30", "f_inv": 5, "g": 4, "G": "45-60", "g_inv": 3, "h": 4, "H": "45-60", "h_inv": 3, "i": 3, "I": "30-45", "i_inv": 4, "j": 3, "J": "30-45", "j_inv": 4, "k": 2, "K": "20-30", "k_inv": 5, "l": 2, "L": "20-30", "l_inv": 5, "m": 3, "M": "30-45", "m_inv": 4, "n": 3, "N": "30-45", "n_inv": 4, "o": 4, "O": "45-60", "o_inv": 3, "p": 4, "P": "45-60", "p_inv": 3}}, {"type": "Feature", "geometry": {"type": "Point", "coordinates": [126.936754, 37.607839999999996]}, "properties": {"row": 20, "col": 8, "walk_min": 13.8, "nearest_station_id": "kr_123", "nearest_station_name": "Bulgwang", "a": 3, "A": "30-45", "a_inv": 4, "b": 3, "B": "30-45", "b_inv": 4, "c": 3, "C": "30-45", "c_inv": 4, "d": 3, "D": "30-45", "d_inv": 4, "e": 4, "E": "45-60", "e_inv": 3, "f": 4, "F": "45-60", "f_inv": 3, "g": 3, "G": "30-45", "g_inv": 4, "h": 3, "H": "30-45", "h_inv": 4, "i": 4, "I": "45-60", "i_inv": 3, "j": 4, "J": "45-60", "j_inv": 3, "k": 5, "K": "60-90", "k_inv": 2, "l": 5, "L": "60-90", "l_inv": 2, "m": 4, "M": "45-60", "m_inv": 3, "n": 4, "N": "45-60", "n_inv": 3, "o": 4, "O": "45-60", "o_inv": 3, "p": 4, "P": "45-60", "p_inv": 3}}, {"type": "Feature", "geometry": {"type": "Point", "coordinates": [127.06513399999999, 37.567294000000004]}, "properties": {"row": 14, "col": 27, "walk_min": 9.8, "nearest_station_id": "kr_103", "nearest_station_name": "\uc7a5\ud55c\ud3c9", "a": 3, "A": "30-45", "a_inv": 4, "b": 3, "B": "30-45", "b_inv": 4, "c": 2, "C": "20-30", "c_inv": 5, "d": 2, "D": "20-30", "d_inv": 5, "e": 3, "E": "30-45", "e_inv": 4, "f": 3, "F": "30-45", "f_inv": 4, "g": 1, "G": "10-20", "g_inv": 6, "h": 1, "H": "10-20", "h_inv": 6, "i": 4, "I": "45-60", "i_inv": 3, "j": 4, "J": "45-60", "j_inv": 3, "k": 3, "K": "30-45", "k_inv": 4, "l": 3, "L": "30-45", "l_inv": 4, "m": 2, "M": "20-30", "m_inv": 5, "n": 2, "N": "20-30", "n_inv": 5, "o": 3, "O": "30-45", "o_inv": 4, "p": 3, "P": "30-45", "p_inv": 4}}, {"type": "Feature", "geometry": {"type": "Point", "coordinates": [126.923244, 37.492974000000004]}, "properties": {"row": 3, "col": 6, "walk_min": 9.7, "nearest_station_id": "kr_337", "nearest_station_name": "\ubcf4\ub77c\ub9e4", "a": 4, "A": "45-60", "a_inv": 3, "b": 4, "B": "45-60", "b_inv": 3, "c": 4, "C": "45-60", "c_inv": 3, "d": 4, "D": "45-60", "d_inv": 3, "e": 3, "E": "30-45", "e_inv": 4, "f": 3, "F": "30-45", "f_inv": 4, "g": 4, "G": "45-60", "g_inv": 3, "h": 4, "H": "45-60", "h_inv": 3, "i": 3, "I": "30-45", "i_inv": 4, "j": 3, "J": "30-45", "j_inv": 4, "k": 4, "K": "45-60", "k_inv": 3, "l": 4, "L": "45-60", "l_inv": 3, "m": 5, "M": "60-90", "m_inv": 2, "n": 5, "N": "60-90", "n_inv": 2, "o": 4, "O": "45-60", "o_inv": 3, "p": 4, "P": "45-60", "p_inv": 3}}, {"type": "Feature", "geometry": {"type": "Point", "coordinates": [127.06513399999999, 37.607839999999996]}, "properties": {"row": 20, "col": 27, "walk_min": 9.1, "nearest_station_id": "kr_187", "nearest_station_name": "\uc11d\uacc4", "a": 3, "A": "30-45", "a_inv": 4, "b": 3, "B": "30-45", "b_inv": 4, "c": 3, "C": "30-45", "c_inv": 4, "d": 3, "D": "30-45", "d_inv": 4, "e": 4, "E": "45-60", "e_inv": 3, "f": 4, "F": "45-60", "f_inv": 3, "g": 3, "G": "30-45", "g_inv": 4, "h": 3, "H": "30-45", "h_inv": 4, "i": 4, "I": "45-60", "i_inv": 3, "j": 4, "J": "45-60", "j_inv": 3, "k": 4, "K": "45-60", "k_inv": 3, "l": 4, "L": "45-60", "l_inv": 3, "m": 3, "M": "30-45", "m_inv": 4, "n": 3, "N": "30-45", "n_inv": 4, "o": 4, "O": "45-60", "o_inv": 3, "p": 4, "P": "45-60", "p_inv": 3}}, {"type": "Feature", "geometry": {"type": "Point", "coordinates": [126.96378399999999, 37.513244]}, "properties": {"row": 6, "col": 12, "walk_min": 6.4, "nearest_station_id": "kr_404", "nearest_station_name": "Heukseok", "a": 2, "A": "20-30", "a_inv": 5, "b": 2, "B": "20-30", "b_inv": 5, "c": 2, "C": "20-30", "c_inv": 5, "d": 2, "D": "20-30", "d_inv": 5, "e": 1, "E": "10-20", "e_inv": 6, "f": 1, "F": "10-20", "f_inv": 6, "g": 3, "G": "30-45", "g_inv": 4, "h": 3, "H": "30-45", "h_inv": 4, "i": 1, "I": "10-20", "i_inv": 6, "j": 1, "J": "10-20", "j_inv": 6, "k": 3, "K": "30-45", "k_inv": 4, "l": 3, "L": "30-45", "l_inv": 4, "m": 3, "M": "30-45", "m_inv": 4, "n": 3, "N": "30-45", "n_inv": 4, "o": 2, "O": "20-30", "o_inv": 5, "p": 2, "P": "20-30", "p_inv": 5}}, {"type": "Feature", "geometry": {"type": "Point", "coordinates": [127.01108400000001, 37.49973]}, "properties": {"row": 4, "col": 19, "walk_min": 7.5, "nearest_station_id": "kr_433", "nearest_station_name": "Sapyeong", "a": 2, "A": "20-30", "a_inv": 5, "b": 2, "B": "20-30", "b_inv": 5, "c": 3, "C": "30-45", "c_inv": 4, "d": 3, "D": "30-45", "d_inv": 4, "e": 1, "E": "10-20", "e_inv": 6, "f": 1, "F": "10-20", "f_inv": 6, "g": 3, "G": "30-45", "g_inv": 4, "h": 3, "H": "30-45", "h_inv": 4, "i": 1, "I": "10-20", "i_inv": 6, "j": 1, "J": "10-20", "j_inv": 6, "k": 2, "K": "20-30", "k_inv": 5, "l": 2, "L": "20-30", "l_inv": 5, "m": 3, "M": "30-45", "m_inv": 4, "n": 3, "N": "30-45", "n_inv": 4, "o": 3, "O": "30-45", "o_inv": 4, "p": 3, "P": "30-45", "p_inv": 4}}, {"type": "Feature", "geometry": {"type": "Point", "coordinates": [126.957024, 37.49973]}, "properties": {"row": 4, "col": 11, "walk_min": 10.6, "nearest_station_id": "kr_213", "nearest_station_name": "\uc22d\uc2e4\ub300\uc785\uad6c", "a": 3, "A": "30-45", "a_inv": 4, "b": 3, "B": "30-45", "b_inv": 4, "c": 3, "C": "30-45", "c_inv": 4, "d": 3, "D": "30-45", "d_inv": 4, "e": 2, "E": "20-30", "e_inv": 5, "f": 2, "F": "20-30", "f_inv": 5, "g": 4, "G": "45-60", "g_inv": 3, "h": 4, "H": "45-60", "h_inv": 3, "i": 3, "I": "30-45", "i_inv": 4, "j": 3, "J": "30-45", "j_inv": 4, "k": 3, "K": "30-45", "k_inv": 4, "l": 3, "L": "30-45", "l_inv": 4, "m": 4, "M": "45-60", "m_inv": 3, "n": 4, "N": "45-60", "n_inv": 3, "o": 4, "O": "45-60", "o_inv": 3, "p": 4, "P": "45-60", "p_inv": 3}}, {"type": "Feature", "geometry": {"type": "Point", "coordinates": [126.93000000000002, 37.54027]}, "properties": {"row": 10, "col": 7, "walk_min": 8.2, "nearest_station_id": "kr_156", "nearest_station_name": "\uad11\ud765\ucc3d", "a": 2, "A": "20-30", "a_inv": 5, "b": 2, "B": "20-30", "b_inv": 5, "c": 2, "C": "20-30", "c_inv": 5, "d": 2, "D": "20-30", "d_inv": 5, "e": 3, "E": "30-45", "e_inv": 4, "f": 3, "F": "30-45", "f_inv": 4, "g": 3, "G": "30-45", "g_inv": 4, "h": 3, "H": "30-45", "h_inv": 4, "i": 3, "I": "30-45", "i_inv": 4, "j": 3, "J": "30-45", "j_inv": 4, "k": 4, "K": "45-60", "k_inv": 3, "l": 4, "L": "45-60", "l_inv": 3, "m": 3, "M": "30-45", "m_inv": 4, "n": 3, "N": "30-45", "n_inv": 4, "o": 3, "O": "30-45", "o_inv": 4, "p": 3, "P": "30-45", "p_inv": 4}}, {"type": "Feature", "geometry": {"type": "Point", "coordinates": [127.05837999999999, 37.506484]}, "properties": {"row": 5, "col": 26, "walk_min": 11.2, "nearest_station_id": "kr_279", "nearest_station_name": "Samseong(World Trade Center Seoul)", "a": 3, "A": "30-45", "a_inv": 4, "b": 3, "B": "30-45", "b_inv": 4, "c": 3, "C": "30-45", "c_inv": 4, "d": 3, "D": "30-45", "d_inv": 4, "e": 1, "E": "10-20", "e_inv": 6, "f": 1, "F": "10-20", "f_inv": 6, "g": 3, "G": "30-45", "g_inv": 4, "h": 3, "H": "30-45", "h_inv": 4, "i": 2, "I": "20-30", "i_inv": 5, "j": 2, "J": "20-30", "j_inv": 5, "k": 1, "K": "10-20", "k_inv": 6, "l": 1, "L": "10-20", "l_inv": 6, "m": 3, "M": "30-45", "m_inv": 4, "n": 3, "N": "30-45", "n_inv": 4, "o": 4, "O": "45-60", "o_inv": 3, "p": 4, "P": "45-60", "p_inv": 3}}, {"type": "Feature", "geometry": {"type": "Point", "coordinates": [127.071894, 37.56054]}, "properties": {"row": 13, "col": 28, "walk_min": 8.1, "nearest_station_id": "kr_103", "nearest_station_name": "\uc7a5\ud55c\ud3c9", "a": 3, "A": "30-45", "a_inv": 4, "b": 3, "B": "30-45", "b_inv": 4, "c": 2, "C": "20-30", "c_inv": 5, "d": 2, "D": "20-30", "d_inv": 5, "e": 3, "E": "30-45", "e_inv": 4, "f": 3, "F": "30-45", "f_inv": 4, "g": 1, "G": "10-20", "g_inv": 6, "h": 1, "H": "10-20", "h_inv": 6, "i": 3, "I": "30-45", "i_inv": 4, "j": 3, "J": "30-45", "j_inv": 4, "k": 3, "K": "30-45", "k_inv": 4, "l": 3, "L": "30-45", "l_inv": 4, "m": 2, "M": "20-30", "m_inv": 5, "n": 2, "N": "20-30", "n_inv": 5, "o": 3, "O": "30-45", "o_inv": 4, "p": 3, "P": "30-45", "p_inv": 4}}, {"type": "Feature", "geometry": {"type": "Point", "coordinates": [127.031354, 37.601084]}, "properties": {"row": 19, "col": 22, "walk_min": 10.7, "nearest_station_id": "kr_082", "nearest_station_name": "Gireum", "a": 3, "A": "30-45", "a_inv": 4, "b": 3, "B": "30-45", "b_inv": 4, "c": 3, "C": "30-45", "c_inv": 4, "d": 3, "D": "30-45", "d_inv": 4, "e": 3, "E": "30-45", "e_inv": 4, "f": 3, "F": "30-45", "f_inv": 4, "g": 3, "G": "30-45", "g_inv": 4, "h": 3, "H": "30-45", "h_inv": 4, "i": 4, "I": "45-60", "i_inv": 3, "j": 4, "J": "45-60", "j_inv": 3, "k": 4, "K": "45-60", "k_inv": 3, "l": 4, "L": "45-60", "l_inv": 3, "m": 3, "M": "30-45", "m_inv": 4, "n": 3, "N": "30-45", "n_inv": 4, "o": 3, "O": "30-45", "o_inv": 4, "p": 3, "P": "30-45", "p_inv": 4}}, {"type": "Feature", "geometry": {"type": "Point", "coordinates": [126.95027, 37.533514000000004]}, "properties": {"row": 9, "col": 10, "walk_min": 10.1, "nearest_station_id": "kr_193", "nearest_station_name": "\ub9c8\ud3ec", "a": 2, "A": "20-30", "a_inv": 5, "b": 2, "B": "20-30", "b_inv": 5, "c": 2, "C": "20-30", "c_inv": 5, "d": 2, "D": "20-30", "d_inv": 5, "e": 3, "E": "30-45", "e_inv": 4, "f": 3, "F": "30-45", "f_inv": 4, "g": 3, "G": "30-45", "g_inv": 4, "h": 3, "H": "30-45", "h_inv": 4, "i": 3, "I": "30-45", "i_inv": 4, "j": 3, "J": "30-45", "j_inv": 4, "k": 4, "K": "45-60", "k_inv": 3, "l": 4, "L": "45-60", "l_inv": 3, "m": 3, "M": "30-45", "m_inv": 4, "n": 3, "N": "30-45", "n_inv": 4, "o": 2, "O": "20-30", "o_inv": 5, "p": 2, "P": "20-30", "p_inv": 5}}, {"type": "Feature", "geometry": {"type": "Point", "coordinates": [126.936754, 37.519999999999996]}, "properties": {"row": 7, "col": 8, "walk_min": 10.9, "nearest_station_id": "kr_180", "nearest_station_name": "\uc5ec\uc758\ub098\ub8e8", "a": 2, "A": "20-30", "a_inv": 5, "b": 2, "B": "20-30", "b_inv": 5, "c": 2, "C": "20-30", "c_inv": 5, "d": 2, "D": "20-30", "d_inv": 5, "e": 3, "E": "30-45", "e_inv": 4, "f": 3, "F": "30-45", "f_inv": 4, "g": 3, "G": "30-45", "g_inv": 4, "h": 3, "H": "30-45", "h_inv": 4, "i": 2, "I": "20-30", "i_inv": 5, "j": 2, "J": "20-30", "j_inv": 5, "k": 3, "K": "30-45", "k_inv": 4, "l": 3, "L": "30-45", "l_inv": 4, "m": 4, "M": "45-60", "m_inv": 3, "n": 4, "N": "45-60", "n_inv": 3, "o": 2, "O": "20-30", "o_inv": 5, "p": 2, "P": "20-30", "p_inv": 5}}, {"type": "Feature", "geometry": {"type": "Point", "coordinates": [126.90973000000001, 37.526754000000004]}, "properties": {"row": 8, "col": 4, "walk_min": 11.2, "nearest_station_id": "kr_431", "nearest_station_name": "National Assembly", "a": 2, "A": "20-30", "a_inv": 5, "b": 2, "B": "20-30", "b_inv": 5, "c": 3, "C": "30-45", "c_inv": 4, "d": 3, "D": "30-45", "d_inv": 4, "e": 3, "E": "30-45", "e_inv": 4, "f": 3, "F": "30-45", "f_inv": 4, "g": 3, "G": "30-45", "g_inv": 4, "h": 3, "H": "30-45", "h_inv": 4, "i": 3, "I": "30-45", "i_inv": 4, "j": 3, "J": "30-45", "j_inv": 4, "k": 4, "K": "45-60", "k_inv": 3, "l": 4, "L": "45-60", "l_inv": 3, "m": 4, "M": "45-60", "m_inv": 3, "n": 4, "N": "45-60", "n_inv": 3, "o": 2, "O": "20-30", "o_inv": 5, "p": 2, "P": "20-30", "p_inv": 5}}, {"type": "Feature", "geometry": {"type": "Point", "coordinates": [126.936754, 37.56054]}, "properties": {"row": 13, "col": 8, "walk_min": 9.5, "nearest_station_id": "kr_376", "nearest_station_name": "Sinchon", "a": 2, "A": "20-30", "a_inv": 5, "b": 2, "B": "20-30", "b_inv": 5, "c": 1, "C": "10-20", "c_inv": 6, "d": 1, "D": "10-20", "d_inv": 6, "e": 3, "E": "30-45", "e_inv": 4, "f": 3, "F": "30-45", "f_inv": 4, "g": 3, "G": "30-45", "g_inv": 4, "h": 3, "H": "30-45", "h_inv": 4, "i": 3, "I": "30-45", "i_inv": 4, "j": 3, "J": "30-45", "j_inv": 4, "k": 4, "K": "45-60", "k_inv": 3, "l": 4, "L": "45-60", "l_inv": 3, "m": 3, "M": "30-45", "m_inv": 4, "n": 3, "N": "30-45", "n_inv": 4, "o": 1, "O": "10-20", "o_inv": 6, "p": 1, "P": "10-20", "p_inv": 6}}, {"type": "Feature", "geometry": {"type": "Point", "coordinates": [126.99756400000001, 37.587564]}, "properties": {"row": 17, "col": 17, "walk_min": 8.6, "nearest_station_id": "kr_061", "nearest_station_name": "Hansung Univ. (Samseongyo)", "a": 2, "A": "20-30", "a_inv": 5, "b": 2, "B": "20-30", "b_inv": 5, "c": 2, "C": "20-30", "c_inv": 5, "d": 2, "D": "20-30", "d_inv": 5, "e": 3, "E": "30-45", "e_inv": 4, "f": 3, "F": "30-45", "f_inv": 4, "g": 2, "G": "20-30", "g_inv": 5, "h": 2, "H": "20-30", "h_inv": 5, "i": 3, "I": "30-45", "i_inv": 4, "j": 3, "J": "30-45", "j_inv": 4, "k": 3, "K": "30-45", "k_inv": 4, "l": 3, "L": "30-45", "l_inv": 4, "m": 2, "M": "20-30", "m_inv": 5, "n": 2, "N": "20-30", "n_inv": 5, "o": 3, "O": "30-45", "o_inv": 4, "p": 3, "P": "30-45", "p_inv": 4}}, {"type": "Feature", "geometry": {"type": "Point", "coordinates": [127.03811, 37.55378399999999]}, "properties": {"row": 12, "col": 23, "walk_min": 9.9, "nearest_station_id": "kr_272", "nearest_station_name": "Hanyang University", "a": 2, "A": "20-30", "a_inv": 5, "b": 2, "B": "20-30", "b_inv": 5, "c": 2, "C": "20-30", "c_inv": 5, "d": 2, "D": "20-30", "d_inv": 5, "e": 3, "E": "30-45", "e_inv": 4, "f": 3, "F": "30-45", "f_inv": 4, "g": 1, "G": "10-20", "g_inv": 6, "h": 1, "H": "10-20", "h_inv": 6, "i": 4, "I": "45-60", "i_inv": 3, "j": 4, "J": "45-60", "j_inv": 3, "k": 2, "K": "20-30", "k_inv": 5, "l": 2, "L": "20-30", "l_inv": 5, "m": 1, "M": "10-20", "m_inv": 6, "n": 1, "N": "10-20", "n_inv": 6, "o": 3, "O": "30-45", "o_inv": 4, "p": 3, "P": "30-45", "p_inv": 4}}, {"type": "Feature", "geometry": {"type": "Point", "coordinates": [127.02459400000001, 37.54027]}, "properties": {"row": 10, "col": 21, "walk_min": 29.0, "nearest_station_id": "kr_059", "nearest_station_name": "Oksu", "a": 3, "A": "30-45", "a_inv": 4, "b": 3, "B": "30-45", "b_inv": 4, "c": 3, "C": "30-45", "c_inv": 4, "d": 3, "D": "30-45", "d_inv": 4, "e": 3, "E": "30-45", "e_inv": 4, "f": 3, "F": "30-45", "f_inv": 4, "g": 3, "G": "30-45", "g_inv": 4, "h": 3, "H": "30-45", "h_inv": 4, "i": 4, "I": "45-60", "i_inv": 3, "j": 4, "J": "45-60", "j_inv": 3, "k": 4, "K": "45-60", "k_inv": 3, "l": 4, "L": "45-60", "l_inv": 3, "m": 4, "M": "45-60", "m_inv": 3, "n": 4, "N": "45-60", "n_inv": 3, "o": 4, "O": "45-60", "o_inv": 3, "p": 4, "P": "45-60", "p_inv": 3}}, {"type": "Feature", "geometry": {"type": "Point", "coordinates": [127.06513399999999, 37.486214000000004]}, "properties": {"row": 2, "col": 27, "walk_min": 11.6, "nearest_station_id": "kr_289", "nearest_station_name": "Daechi", "a": 4, "A": "45-60", "a_inv": 3, "b": 4, "B": "45-60", "b_inv": 3, "c": 4, "C": "45-60", "c_inv": 3, "d": 4, "D": "45-60", "d_inv": 3, "e": 2, "E": "20-30", "e_inv": 5, "f": 2, "F": "20-30", "f_inv": 5, "g": 4, "G": "45-60", "g_inv": 3, "h": 4, "H": "45-60", "h_inv": 3, "i": 3, "I": "30-45", "i_inv": 4, "j": 3, "J": "30-45", "j_inv": 4, "k": 3, "K": "30-45", "k_inv": 4, "l": 3, "L": "30-45", "l_inv": 4, "m": 4, "M": "45-60", "m_inv": 3, "n": 4, "N": "45-60", "n_inv": 3, "o": 4, "O": "45-60", "o_inv": 3, "p": 4, "P": "45-60", "p_inv": 3}}, {"type": "Feature", "geometry": {"type": "Point", "coordinates": [127.02459400000001, 37.547024]}, "properties": {"row": 11, "col": 21, "walk_min": 9.1, "nearest_station_id": "kr_068", "nearest_station_name": "\uae08\ud638", "a": 2, "A": "20-30", "a_inv": 5, "b": 2, "B": "20-30", "b_inv": 5, "c": 2, "C": "20-30", "c_inv": 5, "d": 2, "D": "20-30", "d_inv": 5, "e": 2, "E": "20-30", "e_inv": 5, "f": 2, "F": "20-30", "f_inv": 5, "g": 1, "G": "10-20", "g_inv": 6, "h": 1, "H": "10-20", "h_inv": 6, "i": 3, "I": "30-45", "i_inv": 4, "j": 3, "J": "30-45", "j_inv": 4, "k": 3, "K": "30-45", "k_inv": 4, "l": 3, "L": "30-45", "l_inv": 4, "m": 2, "M": "20-30", "m_inv": 5, "n": 2, "N": "20-30", "n_inv": 5, "o": 3, "O": "30-45", "o_inv": 4, "p": 3, "P": "30-45", "p_inv": 4}}, {"type": "Feature", "geometry": {"type": "Point", "coordinates": [127.04486399999999, 37.594324]}, "properties": {"row": 18, "col": 24, "walk_min": 11.5, "nearest_station_id": "kr_142", "nearest_station_name": "\uc6d4\uace1", "a": 3, "A": "30-45", "a_inv": 4, "b": 3, "B": "30-45", "b_inv": 4, "c": 3, "C": "30-45", "c_inv": 4, "d": 3, "D": "30-45", "d_inv": 4, "e": 3, "E": "30-45", "e_inv": 4, "f": 3, "F": "30-45", "f_inv": 4, "g": 3, "G": "30-45", "g_inv": 4, "h": 3, "H": "30-45", "h_inv": 4, "i": 4, "I": "45-60", "i_inv": 3, "j": 4, "J": "45-60", "j_inv": 3, "k": 4, "K": "45-60", "k_inv": 3, "l": 4, "L": "45-60", "l_inv": 3, "m": 3, "M": "30-45", "m_inv": 4, "n": 3, "N": "30-45", "n_inv": 4, "o": 4, "O": "45-60", "o_inv": 3, "p": 4, "P": "45-60", "p_inv": 3}}, {"type": "Feature", "geometry": {"type": "Point", "coordinates": [126.90973000000001, 37.506484]}, "properties": {"row": 5, "col": 4, "walk_min": 8.5, "nearest_station_id": "kr_365", "nearest_station_name": "\uc2e0\ud48d", "a": 3, "A": "30-45", "a_inv": 4, "b": 3, "B": "30-45", "b_inv": 4, "c": 3, "C": "30-45", "c_inv": 4, "d": 3, "D": "30-45", "d_inv": 4, "e": 3, "E": "30-45", "e_inv": 4, "f": 3, "F": "30-45", "f_inv": 4, "g": 4, "G": "45-60", "g_inv": 3, "h": 4, "H": "45-60", "h_inv": 3, "i": 3, "I": "30-45", "i_inv": 4, "j": 3, "J": "30-45", "j_inv": 4, "k": 4, "K": "45-60", "k_inv": 3, "l": 4, "L": "45-60", "l_inv": 3, "m": 4, "M": "45-60", "m_inv": 3, "n": 4, "N": "45-60", "n_inv": 3, "o": 4, "O": "45-60", "o_inv": 3, "p": 4, "P": "45-60", "p_inv": 3}}, {"type": "Feature", "geometry": {"type": "Point", "coordinates": [126.98405400000001, 37.55378399999999]}, "properties": {"row": 12, "col": 15, "walk_min": 10.0, "nearest_station_id": "kr_035", "nearest_station_name": "Myeong-dong", "a": 1, "A": "10-20", "a_inv": 6, "b": 1, "B": "10-20", "b_inv": 6, "c": 1, "C": "10-20", "c_inv": 6, "d": 1, "D": "10-20", "d_inv": 6, "e": 3, "E": "30-45", "e_inv": 4, "f": 3, "F": "30-45", "f_inv": 4, "g": 2, "G": "20-30", "g_inv": 5, "h": 2, "H": "20-30", "h_inv": 5, "i": 3, "I": "30-45", "i_inv": 4, "j": 3, "J": "30-45", "j_inv": 4, "k": 3, "K": "30-45", "k_inv": 4, "l": 3, "L": "30-45", "l_inv": 4, "m": 3, "M": "30-45", "m_inv": 4, "n": 3, "N": "30-45", "n_inv": 4, "o": 2, "O": "20-30", "o_inv": 5, "p": 2, "P": "20-30", "p_inv": 5}}, {"type": "Feature", "geometry": {"type": "Point", "coordinates": [126.97054, 37.472704]}, "properties": {"row": 0, "col": 13, "walk_min": 10.7, "nearest_station_id": "kr_319", "nearest_station_name": "Nakseongdae", "a": 3, "A": "30-45", "a_inv": 4, "b": 3, "B": "30-45", "b_inv": 4, "c": 3, "C": "30-45", "c_inv": 4, "d": 3, "D": "30-45", "d_inv": 4, "e": 2, "E": "20-30", "e_inv": 5, "f": 2, "F": "20-30", "f_inv": 5, "g": 4, "G": "45-60", "g_inv": 3, "h": 4, "H": "45-60", "h_inv": 3, "i": 1, "I": "10-20", "i_inv": 6, "j": 1, "J": "10-20", "j_inv": 6, "k": 3, "K": "30-45", "k_inv": 4, "l": 3, "L": "30-45", "l_inv": 4, "m": 4, "M": "45-60", "m_inv": 3, "n": 4, "N": "45-60", "n_inv": 3, "o": 3, "O": "30-45", "o_inv": 4, "p": 3, "P": "30-45", "p_inv": 4}}, {"type": "Feature", "geometry": {"type": "Point", "coordinates": [127.04486399999999, 37.492974000000004]}, "properties": {"row": 3, "col": 24, "walk_min": 11.4, "nearest_station_id": "kr_251", "nearest_station_name": "\ub9e4\ubd09", "a": 3, "A": "30-45", "a_inv": 4, "b": 3, "B": "30-45", "b_inv": 4, "c": 3, "C": "30-45", "c_inv": 4, "d": 3, "D": "30-45", "d_inv": 4, "e": 1, "E": "10-20", "e_inv": 6, "f": 1, "F": "10-20", "f_inv": 6, "g": 3, "G": "30-45", "g_inv": 4, "h": 3, "H": "30-45", "h_inv": 4, "i": 2, "I": "20-30", "i_inv": 5, "j": 2, "J": "20-30", "j_inv": 5, "k": 3, "K": "30-45", "k_inv": 4, "l": 3, "L": "30-45", "l_inv": 4, "m": 3, "M": "30-45", "m_inv": 4, "n": 3, "N": "30-45", "n_inv": 4, "o": 4, "O": "45-60", "o_inv": 3, "p": 4, "P": "45-60", "p_inv": 3}}, {"type": "Feature", "geometry": {"type": "Point", "coordinates": [126.916484, 37.58081]}, "properties": {"row": 16, "col": 5, "walk_min": 9.7, "nearest_station_id": "kr_339", "nearest_station_name": "\uc99d\uc0b0", "a": 3, "A": "30-45", "a_inv": 4, "b": 3, "B": "30-45", "b_inv": 4, "c": 3, "C": "30-45", "c_inv": 4, "d": 3, "D": "30-45", "d_inv": 4, "e": 4, "E": "45-60", "e_inv": 3, "f": 4, "F": "45-60", "f_inv": 3, "g": 4, "G": "45-60", "g_inv": 3, "h": 4, "H": "45-60", "h_inv": 3, "i": 4, "I": "45-60", "i_inv": 3, "j": 4, "J": "45-60", "j_inv": 3, "k": 5, "K": "60-90", "k_inv": 2, "l": 5, "L": "60-90", "l_inv": 2, "m": 4, "M": "45-60", "m_inv": 3, "n": 4, "N": "45-60", "n_inv": 3, "o": 4, "O": "45-60", "o_inv": 3, "p": 4, "P": "45-60", "p_inv": 3}}, {"type": "Feature", "geometry": {"type": "Point", "coordinates": [126.99756400000001, 37.526754000000004]}, "properties": {"row": 8, "col": 17, "walk_min": 11.5, "nearest_station_id": "kr_320", "nearest_station_name": "\uc774\ud0dc\uc6d0", "a": 2, "A": "20-30", "a_inv": 5, "b": 2, "B": "20-30", "b_inv": 5, "c": 2, "C": "20-30", "c_inv": 5, "d": 2, "D": "20-30", "d_inv": 5, "e": 3, "E": "30-45", "e_inv": 4, "f": 3, "F": "30-45", "f_inv": 4, "g": 2, "G": "20-30", "g_inv": 5, "h": 2, "H": "20-30", "h_inv": 5, "i": 3, "I": "30-45", "i_inv": 4, "j": 3, "J": "30-45", "j_inv": 4, "k": 4, "K": "45-60", "k_inv": 3, "l": 4, "L": "45-60", "l_inv": 3, "m": 3, "M": "30-45", "m_inv": 4, "n": 3, "N": "30-45", "n_inv": 4, "o": 3, "O": "30-45", "o_inv": 4, "p": 3, "P": "30-45", "p_inv": 4}}, {"type": "Feature", "geometry": {"type": "Point", "coordinates": [126.98405400000001, 37.54027]}, "properties": {"row": 10, "col": 15, "walk_min": 11.9, "nearest_station_id": "kr_295", "nearest_station_name": "\ub179\uc0ac\ud3c9", "a": 1, "A": "10-20", "a_inv": 6, "b": 1, "B": "10-20", "b_inv": 6, "c": 2, "C": "20-30", "c_inv": 5, "d": 2, "D": "20-30", "d_inv": 5, "e": 3, "E": "30-45", "e_inv": 4, "f": 3, "F": "30-45", "f_inv": 4, "g": 2, "G": "20-30", "g_inv": 5, "h": 2, "H": "20-30", "h_inv": 5, "i": 2, "I": "20-30", "i_inv": 5, "j": 2, "J": "20-30", "j_inv": 5, "k": 4, "K": "45-60", "k_inv": 3, "l": 4, "L": "45-60", "l_inv": 3, "m": 3, "M": "30-45", "m_inv": 4, "n": 3, "N": "30-45", "n_inv": 4, "o": 3, "O": "30-45", "o_inv": 4, "p": 3, "P": "30-45", "p_inv": 4}}, {"type": "Feature", "geometry": {"type": "Point", "coordinates": [126.99756400000001, 37.574054000000004]}, "properties": {"row": 15, "col": 17, "walk_min": 11.7, "nearest_station_id": "kr_050", "nearest_station_name": "Jongno 5(o)-ga", "a": 2, "A": "20-30", "a_inv": 5, "b": 2, "B": "20-30", "b_inv": 5, "c": 1, "C": "10-20", "c_inv": 6, "d": 1, "D": "10-20", "d_inv": 6, "e": 3, "E": "30-45", "e_inv": 4, "f": 3, "F": "30-45", "f_inv": 4, "g": 2, "G": "20-30", "g_inv": 5, "h": 2, "H": "20-30", "h_inv": 5, "i": 3, "I": "30-45", "i_inv": 4, "j": 3, "J": "30-45", "j_inv": 4, "k": 3, "K": "30-45", "k_inv": 4, "l": 3, "L": "30-45", "l_inv": 4, "m": 3, "M": "30-45", "m_inv": 4, "n": 3, "N": "30-45", "n_inv": 4, "o": 2, "O": "20-30", "o_inv": 5, "p": 2, "P": "20-30", "p_inv": 5}}, {"type": "Feature", "geometry": {"type": "Point", "coordinates": [127.06513399999999, 37.55378399999999]}, "properties": {"row": 12, "col": 27, "walk_min": 11.3, "nearest_station_id": "kr_103", "nearest_station_name": "\uc7a5\ud55c\ud3c9", "a": 3, "A": "30-45", "a_inv": 4, "b": 3, "B": "30-45", "b_inv": 4, "c": 3, "C": "30-45", "c_inv": 4, "d": 3, "D": "30-45", "d_inv": 4, "e": 3, "E": "30-45", "e_inv": 4, "f": 3, "F": "30-45", "f_inv": 4, "g": 1, "G": "10-20", "g_inv": 6, "h": 1, "H": "10-20", "h_inv": 6, "i": 4, "I": "45-60", "i_inv": 3, "j": 4, "J": "45-60", "j_inv": 3, "k": 3, "K": "30-45", "k_inv": 4, "l": 3, "L": "30-45", "l_inv": 4, "m": 2, "M": "20-30", "m_inv": 5, "n": 2, "N": "20-30", "n_inv": 5, "o": 3, "O": "30-45", "o_inv": 4, "p": 3, "P": "30-45", "p_inv": 4}}, {"type": "Feature", "geometry": {"type": "Point", "coordinates": [127.02459400000001, 37.486214000000004]}, "properties": {"row": 2, "col": 21, "walk_min": 9.3, "nearest_station_id": "kr_152", "nearest_station_name": "Nambu Bus Terminal (Seoul Arts Center)", "a": 3, "A": "30-45", "a_inv": 4, "b": 3, "B": "30-45", "b_inv": 4, "c": 3, "C": "30-45", "c_inv": 4, "d": 3, "D": "30-45", "d_inv": 4, "e": 1, "E": "10-20", "e_inv": 6, "f": 1, "F": "10-20", "f_inv": 6, "g": 3, "G": "30-45", "g_inv": 4, "h": 3, "H": "30-45", "h_inv": 4, "i": 2, "I": "20-30", "i_inv": 5, "j": 2, "J": "20-30", "j_inv": 5, "k": 2, "K": "20-30", "k_inv": 5, "l": 2, "L": "20-30", "l_inv": 5, "m": 3, "M": "30-45", "m_inv": 4, "n": 3, "N": "30-45", "n_inv": 4, "o": 3, "O": "30-45", "o_inv": 4, "p": 3, "P": "30-45", "p_inv": 4}}, {"type": "Feature", "geometry": {"type": "Point", "coordinates": [127.06513399999999, 37.547024]}, "properties": {"row": 11, "col": 27, "walk_min": 8.9, "nearest_station_id": "kr_185", "nearest_station_name": "\uc5b4\ub9b0\uc774\ub300\uacf5\uc6d0", "a": 3, "A": "30-45", "a_inv": 4, "b": 3, "B": "30-45", "b_inv": 4, "c": 3, "C": "30-45", "c_inv": 4, "d": 3, "D": "30-45", "d_inv": 4, "e": 3, "E": "30-45", "e_inv": 4, "f": 3, "F": "30-45", "f_inv": 4, "g": 1, "G": "10-20", "g_inv": 6, "h": 1, "H": "10-20", "h_inv": 6, "i": 3, "I": "30-45", "i_inv": 4, "j": 3, "J": "30-45", "j_inv": 4, "k": 3, "K": "30-45", "k_inv": 4, "l": 3, "L": "30-45", "l_inv": 4, "m": 2, "M": "20-30", "m_inv": 5, "n": 2, "N": "20-30", "n_inv": 5, "o": 3, "O": "30-45", "o_inv": 4, "p": 3, "P": "30-45", "p_inv": 4}}, {"type": "Feature", "geometry": {"type": "Point", "coordinates": [126.98405400000001, 37.492974000000004]}, "properties": {"row": 3, "col": 15, "walk_min": 10.5, "nearest_station_id": "kr_139", "nearest_station_name": "Chongsin Univ. (Isu)", "a": 2, "A": "20-30", "a_inv": 5, "b": 2, "B": "20-30", "b_inv": 5, "c": 2, "C": "20-30", "c_inv": 5, "d": 2, "D": "20-30", "d_inv": 5, "e": 2, "E": "20-30", "e_inv": 5, "f": 2, "F": "20-30", "f_inv": 5, "g": 3, "G": "30-45", "g_inv": 4, "h": 3, "H": "30-45", "h_inv": 4, "i": 1, "I": "10-20", "i_inv": 6, "j": 1, "J": "10-20", "j_inv": 6, "k": 3, "K": "30-45", "k_inv": 4, "l": 3, "L": "30-45", "l_inv": 4, "m": 4, "M": "45-60", "m_inv": 3, "n": 4, "N": "45-60", "n_inv": 3, "o": 3, "O": "30-45", "o_inv": 4, "p": 3, "P": "30-45", "p_inv": 4}}, {"type": "Feature", "geometry": {"type": "Point", "coordinates": [127.05837999999999, 37.55378399999999]}, "properties": {"row": 12, "col": 26, "walk_min": 12.8, "nearest_station_id": "kr_103", "nearest_station_name": "\uc7a5\ud55c\ud3c9", "a": 3, "A": "30-45", "a_inv": 4, "b": 3, "B": "30-45", "b_inv": 4, "c": 3, "C": "30-45", "c_inv": 4, "d": 3, "D": "30-45", "d_inv": 4, "e": 3, "E": "30-45", "e_inv": 4, "f": 3, "F": "30-45", "f_inv": 4, "g": 2, "G": "20-30", "g_inv": 5, "h": 2, "H": "20-30", "h_inv": 5, "i": 4, "I": "45-60", "i_inv": 3, "j": 4, "J": "45-60", "j_inv": 3, "k": 3, "K": "30-45", "k_inv": 4, "l": 3, "L": "30-45", "l_inv": 4, "m": 2, "M": "20-30", "m_inv": 5, "n": 2, "N": "20-30", "n_inv": 5, "o": 3, "O": "30-45", "o_inv": 4, "p": 3, "P": "30-45", "p_inv": 4}}, {"type": "Feature", "geometry": {"type": "Point", "coordinates": [127.05837999999999, 37.601084]}, "properties": {"row": 19, "col": 26, "walk_min": 10.4, "nearest_station_id": "kr_037", "nearest_station_name": "Sinimun (Korea National University of Arts)", "a": 3, "A": "30-45", "a_inv": 4, "b": 3, "B": "30-45", "b_inv": 4, "c": 3, "C": "30-45", "c_inv": 4, "d": 3, "D": "30-45", "d_inv": 4, "e": 4, "E": "45-60", "e_inv": 3, "f": 4, "F": "45-60", "f_inv": 3, "g": 3, "G": "30-45", "g_inv": 4, "h": 3, "H": "30-45", "h_inv": 4, "i": 4, "I": "45-60", "i_inv": 3, "j": 4, "J": "45-60", "j_inv": 3, "k": 4, "K": "45-60", "k_inv": 3, "l": 4, "L": "45-60", "l_inv": 3, "m": 3, "M": "30-45", "m_inv": 4, "n": 3, "N": "30-45", "n_inv": 4, "o": 4, "O": "45-60", "o_inv": 3, "p": 4, "P": "45-60", "p_inv": 3}}, {"type": "Feature", "geometry": {"type": "Point", "coordinates": [127.031354, 37.607839999999996]}, "properties": {"row": 20, "col": 22, "walk_min": 11.0, "nearest_station_id": "kr_091", "nearest_station_name": "Miasageori", "a": 3, "A": "30-45", "a_inv": 4, "b": 3, "B": "30-45", "b_inv": 4, "c": 3, "C": "30-45", "c_inv": 4, "d": 3, "D": "30-45", "d_inv": 4, "e": 3, "E": "30-45", "e_inv": 4, "f": 3, "F": "30-45", "f_inv": 4, "g": 3, "G": "30-45", "g_inv": 4, "h": 3, "H": "30-45", "h_inv": 4, "i": 4, "I": "45-60", "i_inv": 3, "j": 4, "J": "45-60", "j_inv": 3, "k": 4, "K": "45-60", "k_inv": 3, "l": 4, "L": "45-60", "l_inv": 3, "m": 3, "M": "30-45", "m_inv": 4, "n": 3, "N": "30-45", "n_inv": 4, "o": 3, "O": "30-45", "o_inv": 4, "p": 3, "P": "30-45", "p_inv": 4}}, {"type": "Feature", "geometry": {"type": "Point", "coordinates": [127.07865000000001, 37.54027]}, "properties": {"row": 10, "col": 29, "walk_min": 10.4, "nearest_station_id": "kr_183", "nearest_station_name": "Konkuk Univ.", "a": 3, "A": "30-45", "a_inv": 4, "b": 3, "B": "30-45", "b_inv": 4, "c": 3, "C": "30-45", "c_inv": 4, "d": 3, "D": "30-45", "d_inv": 4, "e": 3, "E": "30-45", "e_inv": 4, "f": 3, "F": "30-45", "f_inv": 4, "g": 2, "G": "20-30", "g_inv": 5, "h": 2, "H": "20-30", "h_inv": 5, "i": 3, "I": "30-45", "i_inv": 4, "j": 3, "J": "30-45", "j_inv": 4, "k": 3, "K": "30-45", "k_inv": 4, "l": 3, "L": "30-45", "l_inv": 4, "m": 2, "M": "20-30", "m_inv": 5, "n": 2, "N": "20-30", "n_inv": 5, "o": 4, "O": "45-60", "o_inv": 3, "p": 4, "P": "45-60", "p_inv": 3}}, {"type": "Feature", "geometry": {"type": "Point", "coordinates": [126.936754, 37.54027]}, "properties": {"row": 10, "col": 8, "walk_min": 8.1, "nearest_station_id": "kr_193", "nearest_station_name": "\ub9c8\ud3ec", "a": 2, "A": "20-30", "a_inv": 5, "b": 2, "B": "20-30", "b_inv": 5, "c": 2, "C": "20-30", "c_inv": 5, "d": 2, "D": "20-30", "d_inv": 5, "e": 3, "E": "30-45", "e_inv": 4, "f": 3, "F": "30-45", "f_inv": 4, "g": 3, "G": "30-45", "g_inv": 4, "h": 3, "H": "30-45", "h_inv": 4, "i": 3, "I": "30-45", "i_inv": 4, "j": 3, "J": "30-45", "j_inv": 4, "k": 4, "K": "45-60", "k_inv": 3, "l": 4, "L": "45-60", "l_inv": 3, "m": 3, "M": "30-45", "m_inv": 4, "n": 3, "N": "30-45", "n_inv": 4, "o": 2, "O": "20-30", "o_inv": 5, "p": 2, "P": "20-30", "p_inv": 5}}, {"type": "Feature", "geometry": {"type": "Point", "coordinates": [126.90973000000001, 37.533514000000004]}, "properties": {"row": 9, "col": 4, "walk_min": 14.5, "nearest_station_id": "kr_049", "nearest_station_name": "Dangsan", "a": 3, "A": "30-45", "a_inv": 4, "b": 3, "B": "30-45", "b_inv": 4, "c": 3, "C": "30-45", "c_inv": 4, "d": 3, "D": "30-45", "d_inv": 4, "e": 3, "E": "30-45", "e_inv": 4, "f": 3, "F": "30-45", "f_inv": 4, "g": 4, "G": "45-60", "g_inv": 3, "h": 4, "H": "45-60", "h_inv": 3, "i": 3, "I": "30-45", "i_inv": 4, "j": 3, "J": "30-45", "j_inv": 4, "k": 4, "K": "45-60", "k_inv": 3, "l": 4, "L": "45-60", "l_inv": 3, "m": 4, "M": "45-60", "m_inv": 3, "n": 4, "N": "45-60", "n_inv": 3, "o": 2, "O": "20-30", "o_inv": 5, "p": 2, "P": "20-30", "p_inv": 5}}, {"type": "Feature", "geometry": {"type": "Point", "coordinates": [126.957024, 37.58081]}, "properties": {"row": 16, "col": 11, "walk_min": 12.6, "nearest_station_id": "kr_067", "nearest_station_name": "\ubb34\uc545\uc7ac", "a": 2, "A": "20-30", "a_inv": 5, "b": 2, "B": "20-30", "b_inv": 5, "c": 2, "C": "20-30", "c_inv": 5, "d": 2, "D": "20-30", "d_inv": 5, "e": 4, "E": "45-60", "e_inv": 3, "f": 4, "F": "45-60", "f_inv": 3, "g": 3, "G": "30-45", "g_inv": 4, "h": 3, "H": "30-45", "h_inv": 4, "i": 4, "I": "45-60", "i_inv": 3, "j": 4, "J": "45-60", "j_inv": 3, "k": 4, "K": "45-60", "k_inv": 3, "l": 4, "L": "45-60", "l_inv": 3, "m": 3, "M": "30-45", "m_inv": 4, "n": 3, "N": "30-45", "n_inv": 4, "o": 3, "O": "30-45", "o_inv": 4, "p": 3, "P": "30-45", "p_inv": 4}}, {"type": "Feature", "geometry": {"type": "Point", "coordinates": [126.977294, 37.472704]}, "properties": {"row": 0, "col": 14, "walk_min": 11.3, "nearest_station_id": "kr_133", "nearest_station_name": "Sadang", "a": 3, "A": "30-45", "a_inv": 4, "b": 3, "B": "30-45", "b_inv": 4, "c": 3, "C": "30-45", "c_inv": 4, "d": 3, "D": "30-45", "d_inv": 4, "e": 2, "E": "20-30", "e_inv": 5, "f": 2, "F": "20-30", "f_inv": 5, "g": 3, "G": "30-45", "g_inv": 4, "h": 3, "H": "30-45", "h_inv": 4, "i": 1, "I": "10-20", "i_inv": 6, "j": 1, "J": "10-20", "j_inv": 6, "k": 3, "K": "30-45", "k_inv": 4, "l": 3, "L": "30-45", "l_inv": 4, "m": 4, "M": "45-60", "m_inv": 3, "n": 4, "N": "45-60", "n_inv": 3, "o": 3, "O": "30-45", "o_inv": 4, "p": 3, "P": "30-45", "p_inv": 4}}, {"type": "Feature", "geometry": {"type": "Point", "coordinates": [126.916484, 37.56054]}, "properties": {"row": 13, "col": 5, "walk_min": 9.5, "nearest_station_id": "kr_368", "nearest_station_name": "Hongik University", "a": 2, "A": "20-30", "a_inv": 5, "b": 2, "B": "20-30", "b_inv": 5, "c": 2, "C": "20-30", "c_inv": 5, "d": 2, "D": "20-30", "d_inv": 5, "e": 3, "E": "30-45", "e_inv": 4, "f": 3, "F": "30-45", "f_inv": 4, "g": 3, "G": "30-45", "g_inv": 4, "h": 3, "H": "30-45", "h_inv": 4, "i": 3, "I": "30-45", "i_inv": 4, "j": 3, "J": "30-45", "j_inv": 4, "k": 4, "K": "45-60", "k_inv": 3, "l": 4, "L": "45-60", "l_inv": 3, "m": 4, "M": "45-60", "m_inv": 3, "n": 4, "N": "45-60", "n_inv": 3, "o": 1, "O": "10-20", "o_inv": 6, "p": 1, "P": "10-20", "p_inv": 6}}, {"type": "Feature", "geometry": {"type": "Point", "coordinates": [126.96378399999999, 37.519999999999996]}, "properties": {"row": 7, "col": 12, "walk_min": 11.6, "nearest_station_id": "kr_219", "nearest_station_name": "Ichon", "a": 1, "A": "10-20", "a_inv": 6, "b": 1, "B": "10-20", "b_inv": 6, "c": 2, "C": "20-30", "c_inv": 5, "d": 2, "D": "20-30", "d_inv": 5, "e": 2, "E": "20-30", "e_inv": 5, "f": 2, "F": "20-30", "f_inv": 5, "g": 3, "G": "30-45", "g_inv": 4, "h": 3, "H": "30-45", "h_inv": 4, "i": 2, "I": "20-30", "i_inv": 5, "j": 2, "J": "20-30", "j_inv": 5, "k": 3, "K": "30-45", "k_inv": 4, "l": 3, "L": "30-45", "l_inv": 4, "m": 3, "M": "30-45", "m_inv": 4, "n": 3, "N": "30-45", "n_inv": 4, "o": 3, "O": "30-45", "o_inv": 4, "p": 3, "P": "30-45", "p_inv": 4}}, {"type": "Feature", "geometry": {"type": "Point", "coordinates": [127.05162399999999, 37.526754000000004]}, "properties": {"row": 8, "col": 25, "walk_min": 11.6, "nearest_station_id": "kr_166", "nearest_station_name": "\uccad\ub2f4", "a": 3, "A": "30-45", "a_inv": 4, "b": 3, "B": "30-45", "b_inv": 4, "c": 3, "C": "30-45", "c_inv": 4, "d": 3, "D": "30-45", "d_inv": 4, "e": 2, "E": "20-30", "e_inv": 5, "f": 2, "F": "20-30", "f_inv": 5, "g": 3, "G": "30-45", "g_inv": 4, "h": 3, "H": "30-45", "h_inv": 4, "i": 3, "I": "30-45", "i_inv": 4, "j": 3, "J": "30-45", "j_inv": 4, "k": 3, "K": "30-45", "k_inv": 4, "l": 3, "L": "30-45", "l_inv": 4, "m": 3, "M": "30-45", "m_inv": 4, "n": 3, "N": "30-45", "n_inv": 4, "o": 4, "O": "45-60", "o_inv": 3, "p": 4, "P": "45-60", "p_inv": 3}}, {"type": "Feature", "geometry": {"type": "Point", "coordinates": [127.02459400000001, 37.533514000000004]}, "properties": {"row": 9, "col": 21, "walk_min": 10.0, "nearest_station_id": "kr_137", "nearest_station_name": "Apgujeong", "a": 2, "A": "20-30", "a_inv": 5, "b": 2, "B": "20-30", "b_inv": 5, "c": 2, "C": "20-30", "c_inv": 5, "d": 2, "D": "20-30", "d_inv": 5, "e": 1, "E": "10-20", "e_inv": 6, "f": 1, "F": "10-20", "f_inv": 6, "g": 2, "G": "20-30", "g_inv": 5, "h": 2, "H": "20-30", "h_inv": 5, "i": 2, "I": "20-30", "i_inv": 5, "j": 2, "J": "20-30", "j_inv": 5, "k": 3, "K": "30-45", "k_inv": 4, "l": 3, "L": "30-45", "l_inv": 4, "m": 3, "M": "30-45", "m_inv": 4, "n": 3, "N": "30-45", "n_inv": 4, "o": 3, "O": "30-45", "o_inv": 4, "p": 3, "P": "30-45", "p_inv": 4}}, {"type": "Feature", "geometry": {"type": "Point", "coordinates": [126.93000000000002, 37.594324]}, "properties": {"row": 18, "col": 7, "walk_min": 12.0, "nearest_station_id": "kr_113", "nearest_station_name": "Nokbeon", "a": 3, "A": "30-45", "a_inv": 4, "b": 3, "B": "30-45", "b_inv": 4, "c": 3, "C": "30-45", "c_inv": 4, "d": 3, "D": "30-45", "d_inv": 4, "e": 4, "E": "45-60", "e_inv": 3, "f": 4, "F": "45-60", "f_inv": 3, "g": 3, "G": "30-45", "g_inv": 4, "h": 3, "H": "30-45", "h_inv": 4, "i": 4, "I": "45-60", "i_inv": 3, "j": 4, "J": "45-60", "j_inv": 3, "k": 4, "K": "45-60", "k_inv": 3, "l": 4, "L": "45-60", "l_inv": 3, "m": 4, "M": "45-60", "m_inv": 3, "n": 4, "N": "45-60", "n_inv": 3, "o": 3, "O": "30-45", "o_inv": 4, "p": 3, "P": "30-45", "p_inv": 4}}, {"type": "Feature", "geometry": {"type": "Point", "coordinates": [126.99756400000001, 37.492974000000004]}, "properties": {"row": 3, "col": 17, "walk_min": 9.7, "nearest_station_id": "kr_135", "nearest_station_name": "Naebang", "a": 3, "A": "30-45", "a_inv": 4, "b": 3, "B": "30-45", "b_inv": 4, "c": 3, "C": "30-45", "c_inv": 4, "d": 3, "D": "30-45", "d_inv": 4, "e": 1, "E": "10-20", "e_inv": 6, "f": 1, "F": "10-20", "f_inv": 6, "g": 3, "G": "30-45", "g_inv": 4, "h": 3, "H": "30-45", "h_inv": 4, "i": 2, "I": "20-30", "i_inv": 5, "j": 2, "J": "20-30", "j_inv": 5, "k": 3, "K": "30-45", "k_inv": 4, "l": 3, "L": "30-45", "l_inv": 4, "m": 3, "M": "30-45", "m_inv": 4, "n": 3, "N": "30-45", "n_inv": 4, "o": 3, "O": "30-45", "o_inv": 4, "p": 3, "P": "30-45", "p_inv": 4}}, {"type": "Feature", "geometry": {"type": "Point", "coordinates": [127.01108400000001, 37.547024]}, "properties": {"row": 11, "col": 19, "walk_min": 8.8, "nearest_station_id": "kr_372", "nearest_station_name": "Geumho", "a": 2, "A": "20-30", "a_inv": 5, "b": 2, "B": "20-30", "b_inv": 5, "c": 2, "C": "20-30", "c_inv": 5, "d": 2, "D": "20-30", "d_inv": 5, "e": 2, "E": "20-30", "e_inv": 5, "f": 2, "F": "20-30", "f_inv": 5, "g": 2, "G": "20-30", "g_inv": 5, "h": 2, "H": "20-30", "h_inv": 5, "i": 3, "I": "30-45", "i_inv": 4, "j": 3, "J": "30-45", "j_inv": 4, "k": 3, "K": "30-45", "k_inv": 4, "l": 3, "L": "30-45", "l_inv": 4, "m": 3, "M": "30-45", "m_inv": 4, "n": 3, "N": "30-45", "n_inv": 4, "o": 3, "O": "30-45", "o_inv": 4, "p": 3, "P": "30-45", "p_inv": 4}}, {"type": "Feature", "geometry": {"type": "Point", "coordinates": [126.93000000000002, 37.614594]}, "properties": {"row": 21, "col": 7, "walk_min": 8.8, "nearest_station_id": "kr_409", "nearest_station_name": "\ub3c5\ubc14\uc704", "a": 3, "A": "30-45", "a_inv": 4, "b": 3, "B": "30-45", "b_inv": 4, "c": 3, "C": "30-45", "c_inv": 4, "d": 3, "D": "30-45", "d_inv": 4, "e": 4, "E": "45-60", "e_inv": 3, "f": 4, "F": "45-60", "f_inv": 3, "g": 3, "G": "30-45", "g_inv": 4, "h": 3, "H": "30-45", "h_inv": 4, "i": 4, "I": "45-60", "i_inv": 3, "j": 4, "J": "45-60", "j_inv": 3, "k": 4, "K": "45-60", "k_inv": 3, "l": 4, "L": "45-60", "l_inv": 3, "m": 4, "M": "45-60", "m_inv": 3, "n": 4, "N": "45-60", "n_inv": 3, "o": 3, "O": "30-45", "o_inv": 4, "p": 3, "P": "30-45", "p_inv": 4}}, {"type": "Feature", "geometry": {"type": "Point", "coordinates": [127.05837999999999, 37.567294000000004]}, "properties": {"row": 14, "col": 26, "walk_min": 10.8, "nearest_station_id": "kr_099", "nearest_station_name": "\ub2f5\uc2ed\ub9ac", "a": 3, "A": "30-45", "a_inv": 4, "b": 3, "B": "30-45", "b_inv": 4, "c": 2, "C": "20-30", "c_inv": 5, "d": 2, "D": "20-30", "d_inv": 5, "e": 3, "E": "30-45", "e_inv": 4, "f": 3, "F": "30-45", "f_inv": 4, "g": 1, "G": "10-20", "g_inv": 6, "h": 1, "H": "10-20", "h_inv": 6, "i": 4, "I": "45-60", "i_inv": 3, "j": 4, "J": "45-60", "j_inv": 3, "k": 3, "K": "30-45", "k_inv": 4, "l": 3, "L": "30-45", "l_inv": 4, "m": 2, "M": "20-30", "m_inv": 5, "n": 2, "N": "20-30", "n_inv": 5, "o": 3, "O": "30-45", "o_inv": 4, "p": 3, "P": "30-45", "p_inv": 4}}, {"type": "Feature", "geometry": {"type": "Point", "coordinates": [127.05162399999999, 37.55378399999999]}, "properties": {"row": 12, "col": 25, "walk_min": 13.8, "nearest_station_id": "kr_272", "nearest_station_name": "Hanyang University", "a": 3, "A": "30-45", "a_inv": 4, "b": 3, "B": "30-45", "b_inv": 4, "c": 3, "C": "30-45", "c_inv": 4, "d": 3, "D": "30-45", "d_inv": 4, "e": 3, "E": "30-45", "e_inv": 4, "f": 3, "F": "30-45", "f_inv": 4, "g": 1, "G": "10-20", "g_inv": 6, "h": 1, "H": "10-20", "h_inv": 6, "i": 4, "I": "45-60", "i_inv": 3, "j": 4, "J": "45-60", "j_inv": 3, "k": 3, "K": "30-45", "k_inv": 4, "l": 3, "L": "30-45", "l_inv": 4, "m": 2, "M": "20-30", "m_inv": 5, "n": 2, "N": "20-30", "n_inv": 5, "o": 3, "O": "30-45", "o_inv": 4, "p": 3, "P": "30-45", "p_inv": 4}}, {"type": "Feature", "geometry": {"type": "Point", "coordinates": [126.902974, 37.506484]}, "properties": {"row": 5, "col": 3, "walk_min": 11.2, "nearest_station_id": "kr_365", "nearest_station_name": "\uc2e0\ud48d", "a": 3, "A": "30-45", "a_inv": 4, "b": 3, "B": "30-45", "b_inv": 4, "c": 3, "C": "30-45", "c_inv": 4, "d": 3, "D": "30-45", "d_inv": 4, "e": 3, "E": "30-45", "e_inv": 4, "f": 3, "F": "30-45", "f_inv": 4, "g": 4, "G": "45-60", "g_inv": 3, "h": 4, "H": "45-60", "h_inv": 3, "i": 3, "I": "30-45", "i_inv": 4, "j": 3, "J": "30-45", "j_inv": 4, "k": 4, "K": "45-60", "k_inv": 3, "l": 4, "L": "45-60", "l_inv": 3, "m": 4, "M": "45-60", "m_inv": 3, "n": 4, "N": "45-60", "n_inv": 3, "o": 3, "O": "30-45", "o_inv": 4, "p": 3, "P": "30-45", "p_inv": 4}}, {"type": "Feature", "geometry": {"type": "Point", "coordinates": [126.99081000000001, 37.54027]}, "properties": {"row": 10, "col": 16, "walk_min": 10.5, "nearest_station_id": "kr_320", "nearest_station_name": "\uc774\ud0dc\uc6d0", "a": 1, "A": "10-20", "a_inv": 6, "b": 1, "B": "10-20", "b_inv": 6, "c": 2, "C": "20-30", "c_inv": 5, "d": 2, "D": "20-30", "d_inv": 5, "e": 3, "E": "30-45", "e_inv": 4, "f": 3, "F": "30-45", "f_inv": 4, "g": 2, "G": "20-30", "g_inv": 5, "h": 2, "H": "20-30", "h_inv": 5, "i": 2, "I": "20-30", "i_inv": 5, "j": 2, "J": "20-30", "j_inv": 5, "k": 3, "K": "30-45", "k_inv": 4, "l": 3, "L": "30-45", "l_inv": 4, "m": 3, "M": "30-45", "m_inv": 4, "n": 3, "N": "30-45", "n_inv": 4, "o": 3, "O": "30-45", "o_inv": 4, "p": 3, "P": "30-45", "p_inv": 4}}, {"type": "Feature", "geometry": {"type": "Point", "coordinates": [126.93000000000002, 37.533514000000004]}, "properties": {"row": 9, "col": 7, "walk_min": 7.2, "nearest_station_id": "kr_180", "nearest_station_name": "\uc5ec\uc758\ub098\ub8e8", "a": 2, "A": "20-30", "a_inv": 5, "b": 2, "B": "20-30", "b_inv": 5, "c": 2, "C": "20-30", "c_inv": 5, "d": 2, "D": "20-30", "d_inv": 5, "e": 3, "E": "30-45", "e_inv": 4, "f": 3, "F": "30-45", "f_inv": 4, "g": 3, "G": "30-45", "g_inv": 4, "h": 3, "H": "30-45", "h_inv": 4, "i": 2, "I": "20-30", "i_inv": 5, "j": 2, "J": "20-30", "j_inv": 5, "k": 3, "K": "30-45", "k_inv": 4, "l": 3, "L": "30-45", "l_inv": 4, "m": 3, "M": "30-45", "m_inv": 4, "n": 3, "N": "30-45", "n_inv": 4, "o": 2, "O": "20-30", "o_inv": 5, "p": 2, "P": "20-30", "p_inv": 5}}, {"type": "Feature", "geometry": {"type": "Point", "coordinates": [127.04486399999999, 37.587564]}, "properties": {"row": 17, "col": 24, "walk_min": 9.6, "nearest_station_id": "kr_131", "nearest_station_name": "Korea Univ.", "a": 2, "A": "20-30", "a_inv": 5, "b": 2, "B": "20-30", "b_inv": 5, "c": 2, "C": "20-30", "c_inv": 5, "d": 2, "D": "20-30", "d_inv": 5, "e": 3, "E": "30-45", "e_inv": 4, "f": 3, "F": "30-45", "f_inv": 4, "g": 2, "G": "20-30", "g_inv": 5, "h": 2, "H": "20-30", "h_inv": 5, "i": 4, "I": "45-60", "i_inv": 3, "j": 4, "J": "45-60", "j_inv": 3, "k": 3, "K": "30-45", "k_inv": 4, "l": 3, "L": "30-45", "l_inv": 4, "m": 3, "M": "30-45", "m_inv": 4, "n": 3, "N": "30-45", "n_inv": 4, "o": 3, "O": "30-45", "o_inv": 4, "p": 3, "P": "30-45", "p_inv": 4}}, {"type": "Feature", "geometry": {"type": "Point", "coordinates": [126.99081000000001, 37.526754000000004]}, "properties": {"row": 8, "col": 16, "walk_min": 14.9, "nearest_station_id": "kr_320", "nearest_station_name": "\uc774\ud0dc\uc6d0", "a": 2, "A": "20-30", "a_inv": 5, "b": 2, "B": "20-30", "b_inv": 5, "c": 2, "C": "20-30", "c_inv": 5, "d": 2, "D": "20-30", "d_inv": 5, "e": 3, "E": "30-45", "e_inv": 4, "f": 3, "F": "30-45", "f_inv": 4, "g": 2, "G": "20-30", "g_inv": 5, "h": 2, "H": "20-30", "h_inv": 5, "i": 3, "I": "30-45", "i_inv": 4, "j": 3, "J": "30-45", "j_inv": 4, "k": 4, "K": "45-60", "k_inv": 3, "l": 4, "L": "45-60", "l_inv": 3, "m": 3, "M": "30-45", "m_inv": 4, "n": 3, "N": "30-45", "n_inv": 4, "o": 3, "O": "30-45", "o_inv": 4, "p": 3, "P": "30-45", "p_inv": 4}}, {"type": "Feature", "geometry": {"type": "Point", "coordinates": [126.93000000000002, 37.506484]}, "properties": {"row": 5, "col": 7, "walk_min": 10.9, "nearest_station_id": "kr_381", "nearest_station_name": "\ub300\ubc29", "a": 3, "A": "30-45", "a_inv": 4, "b": 3, "B": "30-45", "b_inv": 4, "c": 3, "C": "30-45", "c_inv": 4, "d": 3, "D": "30-45", "d_inv": 4, "e": 3, "E": "30-45", "e_inv": 4, "f": 3, "F": "30-45", "f_inv": 4, "g": 4, "G": "45-60", "g_inv": 3, "h": 4, "H": "45-60", "h_inv": 3, "i": 3, "I": "30-45", "i_inv": 4, "j": 3, "J": "30-45", "j_inv": 4, "k": 4, "K": "45-60", "k_inv": 3, "l": 4, "L": "45-60", "l_inv": 3, "m": 4, "M": "45-60", "m_inv": 3, "n": 4, "N": "45-60", "n_inv": 3, "o": 3, "O": "30-45", "o_inv": 4, "p": 3, "P": "30-45", "p_inv": 4}}, {"type": "Feature", "geometry": {"type": "Point", "coordinates": [126.95027, 37.574054000000004]}, "properties": {"row": 15, "col": 10, "walk_min": 12.8, "nearest_station_id": "kr_083", "nearest_station_name": "Dongnimmun", "a": 2, "A": "20-30", "a_inv": 5, "b": 2, "B": "20-30", "b_inv": 5, "c": 2, "C": "20-30", "c_inv": 5, "d": 2, "D": "20-30", "d_inv": 5, "e": 3, "E": "30-45", "e_inv": 4, "f": 3, "F": "30-45", "f_inv": 4, "g": 3, "G": "30-45", "g_inv": 4, "h": 3, "H": "30-45", "h_inv": 4, "i": 4, "I": "45-60", "i_inv": 3, "j": 4, "J": "45-60", "j_inv": 3, "k": 4, "K": "45-60", "k_inv": 3, "l": 4, "L": "45-60", "l_inv": 3, "m": 3, "M": "30-45", "m_inv": 4, "n": 3, "N": "30-45", "n_inv": 4, "o": 3, "O": "30-45", "o_inv": 4, "p": 3, "P": "30-45", "p_inv": 4}}, {"type": "Feature", "geometry": {"type": "Point", "coordinates": [127.06513399999999, 37.587564]}, "properties": {"row": 17, "col": 27, "walk_min": 10.8, "nearest_station_id": "kr_031", "nearest_station_name": "Hoegi", "a": 3, "A": "30-45", "a_inv": 4, "b": 3, "B": "30-45", "b_inv": 4, "c": 3, "C": "30-45", "c_inv": 4, "d": 3, "D": "30-45", "d_inv": 4, "e": 3, "E": "30-45", "e_inv": 4, "f": 3, "F": "30-45", "f_inv": 4, "g": 3, "G": "30-45", "g_inv": 4, "h": 3, "H": "30-45", "h_inv": 4, "i": 4, "I": "45-60", "i_inv": 3, "j": 4, "J": "45-60", "j_inv": 3, "k": 3, "K": "30-45", "k_inv": 4, "l": 3, "L": "30-45", "l_inv": 4, "m": 3, "M": "30-45", "m_inv": 4, "n": 3, "N": "30-45", "n_inv": 4, "o": 3, "O": "30-45", "o_inv": 4, "p": 3, "P": "30-45", "p_inv": 4}}, {"type": "Feature", "geometry": {"type": "Point", "coordinates": [126.977294, 37.54027]}, "properties": {"row": 10, "col": 14, "walk_min": 11.8, "nearest_station_id": "kr_398", "nearest_station_name": "Namyeong", "a": 1, "A": "10-20", "a_inv": 6, "b": 1, "B": "10-20", "b_inv": 6, "c": 1, "C": "10-20", "c_inv": 6, "d": 1, "D": "10-20", "d_inv": 6, "e": 3, "E": "30-45", "e_inv": 4, "f": 3, "F": "30-45", "f_inv": 4, "g": 2, "G": "20-30", "g_inv": 5, "h": 2, "H": "20-30", "h_inv": 5, "i": 3, "I": "30-45", "i_inv": 4, "j": 3, "J": "30-45", "j_inv": 4, "k": 4, "K": "45-60", "k_inv": 3, "l": 4, "L": "45-60", "l_inv": 3, "m": 3, "M": "30-45", "m_inv": 4, "n": 3, "N": "30-45", "n_inv": 4, "o": 2, "O": "20-30", "o_inv": 5, "p": 2, "P": "20-30", "p_inv": 5}}, {"type": "Feature", "geometry": {"type": "Point", "coordinates": [127.03811, 37.526754000000004]}, "properties": {"row": 8, "col": 23, "walk_min": 11.7, "nearest_station_id": "kr_138", "nearest_station_name": "\uc555\uad6c\uc815", "a": 3, "A": "30-45", "a_inv": 4, "b": 3, "B": "30-45", "b_inv": 4, "c": 3, "C": "30-45", "c_inv": 4, "d": 3, "D": "30-45", "d_inv": 4, "e": 2, "E": "20-30", "e_inv": 5, "f": 2, "F": "20-30", "f_inv": 5, "g": 2, "G": "20-30", "g_inv": 5, "h": 2, "H": "20-30", "h_inv": 5, "i": 2, "I": "20-30", "i_inv": 5, "j": 2, "J": "20-30", "j_inv": 5, "k": 3, "K": "30-45", "k_inv": 4, "l": 3, "L": "30-45", "l_inv": 4, "m": 3, "M": "30-45", "m_inv": 4, "n": 3, "N": "30-45", "n_inv": 4, "o": 3, "O": "30-45", "o_inv": 4, "p": 3, "P": "30-45", "p_inv": 4}}, {"type": "Feature", "geometry": {"type": "Point", "coordinates": [126.902974, 37.54027]}, "properties": {"row": 10, "col": 3, "walk_min": 13.2, "nearest_station_id": "kr_049", "nearest_station_name": "Dangsan", "a": 3, "A": "30-45", "a_inv": 4, "b": 3, "B": "30-45", "b_inv": 4, "c": 3, "C": "30-45", "c_inv": 4, "d": 3, "D": "30-45", "d_inv": 4, "e": 3, "E": "30-45", "e_inv": 4, "f": 3, "F": "30-45", "f_inv": 4, "g": 3, "G": "30-45", "g_inv": 4, "h": 3, "H": "30-45", "h_inv": 4, "i": 3, "I": "30-45", "i_inv": 4, "j": 3, "J": "30-45", "j_inv": 4, "k": 4, "K": "45-60", "k_inv": 3, "l": 4, "L": "45-60", "l_inv": 3, "m": 4, "M": "45-60", "m_inv": 3, "n": 4, "N": "45-60", "n_inv": 3, "o": 2, "O": "20-30", "o_inv": 5, "p": 2, "P": "20-30", "p_inv": 5}}, {"type": "Feature", "geometry": {"type": "Point", "coordinates": [127.06513399999999, 37.519999999999996]}, "properties": {"row": 7, "col": 27, "walk_min": 8.1, "nearest_station_id": "kr_017", "nearest_station_name": "Bongeunsa", "a": 3, "A": "30-45", "a_inv": 4, "b": 3, "B": "30-45", "b_inv": 4, "c": 3, "C": "30-45", "c_inv": 4, "d": 3, "D": "30-45", "d_inv": 4, "e": 1, "E": "10-20", "e_inv": 6, "f": 1, "F": "10-20", "f_inv": 6, "g": 3, "G": "30-45", "g_inv": 4, "h": 3, "H": "30-45", "h_inv": 4, "i": 2, "I": "20-30", "i_inv": 5, "j": 2, "J": "20-30", "j_inv": 5, "k": 1, "K": "10-20", "k_inv": 6, "l": 1, "L": "10-20", "l_inv": 6, "m": 2, "M": "20-30", "m_inv": 5, "n": 2, "N": "20-30", "n_inv": 5, "o": 4, "O": "45-60", "o_inv": 3, "p": 4, "P": "45-60", "p_inv": 3}}, {"type": "Feature", "geometry": {"type": "Point", "coordinates": [127.07865000000001, 37.486214000000004]}, "properties": {"row": 2, "col": 29, "walk_min": 40.4, "nearest_station_id": "kr_298", "nearest_station_name": "Irwon", "a": 5, "A": "60-90", "a_inv": 2, "b": 5, "B": "60-90", "b_inv": 2, "c": 5, "C": "60-90", "c_inv": 2, "d": 5, "D": "60-90", "d_inv": 2, "e": 4, "E": "45-60", "e_inv": 3, "f": 4, "F": "45-60", "f_inv": 3, "g": 5, "G": "60-90", "g_inv": 2, "h": 5, "H": "60-90", "h_inv": 2, "i": 5, "I": "60-90", "i_inv": 2, "j": 5, "J": "60-90", "j_inv": 2, "k": 5, "K": "60-90", "k_inv": 2, "l": 5, "L": "60-90", "l_inv": 2, "m": 5, "M": "60-90", "m_inv": 2, "n": 5, "N": "60-90", "n_inv": 2, "o": 5, "O": "60-90", "o_inv": 2, "p": 5, "P": "60-90", "p_inv": 2}}, {"type": "Feature", "geometry": {"type": "Point", "coordinates": [126.94351400000001, 37.594324]}, "properties": {"row": 18, "col": 9, "walk_min": 32.0, "nearest_station_id": "kr_075", "nearest_station_name": "\ud64d\uc81c", "a": 4, "A": "45-60", "a_inv": 3, "b": 4, "B": "45-60", "b_inv": 3, "c": 4, "C": "45-60", "c_inv": 3, "d": 4, "D": "45-60", "d_inv": 3, "e": 5, "E": "60-90", "e_inv": 2, "f": 5, "F": "60-90", "f_inv": 2, "g": 4, "G": "45-60", "g_inv": 3, "h": 4, "H": "45-60", "h_inv": 3, "i": 5, "I": "60-90", "i_inv": 2, "j": 5, "J": "60-90", "j_inv": 2, "k": 5, "K": "60-90", "k_inv": 2, "l": 5, "L": "60-90", "l_inv": 2, "m": 5, "M": "60-90", "m_inv": 2, "n": 5, "N": "60-90", "n_inv": 2, "o": 4, "O": "45-60", "o_inv": 3, "p": 4, "P": "45-60", "p_inv": 3}}, {"type": "Feature", "geometry": {"type": "Point", "coordinates": [126.916484, 37.506484]}, "properties": {"row": 5, "col": 5, "walk_min": 11.5, "nearest_station_id": "kr_337", "nearest_station_name": "\ubcf4\ub77c\ub9e4", "a": 3, "A": "30-45", "a_inv": 4, "b": 3, "B": "30-45", "b_inv": 4, "c": 4, "C": "45-60", "c_inv": 3, "d": 4, "D": "45-60", "d_inv": 3, "e": 3, "E": "30-45", "e_inv": 4, "f": 3, "F": "30-45", "f_inv": 4, "g": 4, "G": "45-60", "g_inv": 3, "h": 4, "H": "45-60", "h_inv": 3, "i": 3, "I": "30-45", "i_inv": 4, "j": 3, "J": "30-45", "j_inv": 4, "k": 4, "K": "45-60", "k_inv": 3, "l": 4, "L": "45-60", "l_inv": 3, "m": 4, "M": "45-60", "m_inv": 3, "n": 4, "N": "45-60", "n_inv": 3, "o": 4, "O": "45-60", "o_inv": 3, "p": 4, "P": "45-60", "p_inv": 3}}, {"type": "Feature", "geometry": {"type": "Point", "coordinates": [126.936754, 37.513244]}, "properties": {"row": 6, "col": 8, "walk_min": 12.2, "nearest_station_id": "kr_004", "nearest_station_name": "Noryangjin", "a": 2, "A": "20-30", "a_inv": 5, "b": 2, "B": "20-30", "b_inv": 5, "c": 2, "C": "20-30", "c_inv": 5, "d": 2, "D": "20-30", "d_inv": 5, "e": 2, "E": "20-30", "e_inv": 5, "f": 2, "F": "20-30", "f_inv": 5, "g": 3, "G": "30-45", "g_inv": 4, "h": 3, "H": "30-45", "h_inv": 4, "i": 2, "I": "20-30", "i_inv": 5, "j": 2, "J": "20-30", "j_inv": 5, "k": 3, "K": "30-45", "k_inv": 4, "l": 3, "L": "30-45", "l_inv": 4, "m": 4, "M": "45-60", "m_inv": 3, "n": 4, "N": "45-60", "n_inv": 3, "o": 2, "O": "20-30", "o_inv": 5, "p": 2, "P": "20-30", "p_inv": 5}}, {"type": "Feature", "geometry": {"type": "Point", "coordinates": [126.99081000000001, 37.55378399999999]}, "properties": {"row": 12, "col": 16, "walk_min": 13.1, "nearest_station_id": "kr_030", "nearest_station_name": "Chungmuro", "a": 1, "A": "10-20", "a_inv": 6, "b": 1, "B": "10-20", "b_inv": 6, "c": 1, "C": "10-20", "c_inv": 6, "d": 1, "D": "10-20", "d_inv": 6, "e": 3, "E": "30-45", "e_inv": 4, "f": 3, "F": "30-45", "f_inv": 4, "g": 2, "G": "20-30", "g_inv": 5, "h": 2, "H": "20-30", "h_inv": 5, "i": 3, "I": "30-45", "i_inv": 4, "j": 3, "J": "30-45", "j_inv": 4, "k": 3, "K": "30-45", "k_inv": 4, "l": 3, "L": "30-45", "l_inv": 4, "m": 3, "M": "30-45", "m_inv": 4, "n": 3, "N": "30-45", "n_inv": 4, "o": 2, "O": "20-30", "o_inv": 5, "p": 2, "P": "20-30", "p_inv": 5}}, {"type": "Feature", "geometry": {"type": "Point", "coordinates": [127.02459400000001, 37.479459999999996]}, "properties": {"row": 1, "col": 21, "walk_min": 17.7, "nearest_station_id": "kr_020", "nearest_station_name": "Yangjae", "a": 3, "A": "30-45", "a_inv": 4, "b": 3, "B": "30-45", "b_inv": 4, "c": 4, "C": "45-60", "c_inv": 3, "d": 4, "D": "45-60", "d_inv": 3, "e": 2, "E": "20-30", "e_inv": 5, "f": 2, "F": "20-30", "f_inv": 5, "g": 4, "G": "45-60", "g_inv": 3, "h": 4, "H": "45-60", "h_inv": 3, "i": 3, "I": "30-45", "i_inv": 4, "j": 3, "J": "30-45", "j_inv": 4, "k": 3, "K": "30-45", "k_inv": 4, "l": 3, "L": "30-45", "l_inv": 4, "m": 4, "M": "45-60", "m_inv": 3, "n": 4, "N": "45-60", "n_inv": 3, "o": 4, "O": "45-60", "o_inv": 3, "p": 4, "P": "45-60", "p_inv": 3}}, {"type": "Feature", "geometry": {"type": "Point", "coordinates": [126.89621400000001, 37.49973]}, "properties": {"row": 4, "col": 2, "walk_min": 12.3, "nearest_station_id": "kr_255", "nearest_station_name": "Daerim(Guro-gu Office)", "a": 3, "A": "30-45", "a_inv": 4, "b": 3, "B": "30-45", "b_inv": 4, "c": 3, "C": "30-45", "c_inv": 4, "d": 3, "D": "30-45", "d_inv": 4, "e": 3, "E": "30-45", "e_inv": 4, "f": 3, "F": "30-45", "f_inv": 4, "g": 4, "G": "45-60", "g_inv": 3, "h": 4, "H": "45-60", "h_inv": 3, "i": 3, "I": "30-45", "i_inv": 4, "j": 3, "J": "30-45", "j_inv": 4, "k": 4, "K": "45-60", "k_inv": 3, "l": 4, "L": "45-60", "l_inv": 3, "m": 4, "M": "45-60", "m_inv": 3, "n": 4, "N": "45-60", "n_inv": 3, "o": 3, "O": "30-45", "o_inv": 4, "p": 3, "P": "30-45", "p_inv": 4}}, {"type": "Feature", "geometry": {"type": "Point", "coordinates": [126.99756400000001, 37.472704]}, "properties": {"row": 0, "col": 17, "walk_min": 14.5, "nearest_station_id": "kr_344", "nearest_station_name": "Bangbae", "a": 3, "A": "30-45", "a_inv": 4, "b": 3, "B": "30-45", "b_inv": 4, "c": 3, "C": "30-45", "c_inv": 4, "d": 3, "D": "30-45", "d_inv": 4, "e": 2, "E": "20-30", "e_inv": 5, "f": 2, "F": "20-30", "f_inv": 5, "g": 4, "G": "45-60", "g_inv": 3, "h": 4, "H": "45-60", "h_inv": 3, "i": 1, "I": "10-20", "i_inv": 6, "j": 1, "J": "10-20", "j_inv": 6, "k": 3, "K": "30-45", "k_inv": 4, "l": 3, "L": "30-45", "l_inv": 4, "m": 4, "M": "45-60", "m_inv": 3, "n": 4, "N": "45-60", "n_inv": 3, "o": 4, "O": "45-60", "o_inv": 3, "p": 4, "P": "45-60", "p_inv": 3}}, {"type": "Feature", "geometry": {"type": "Point", "coordinates": [127.04486399999999, 37.479459999999996]}, "properties": {"row": 1, "col": 24, "walk_min": 12.6, "nearest_station_id": "kr_250", "nearest_station_name": "Maebong", "a": 3, "A": "30-45", "a_inv": 4, "b": 3, "B": "30-45", "b_inv": 4, "c": 3, "C": "30-45", "c_inv": 4, "d": 3, "D": "30-45", "d_inv": 4, "e": 1, "E": "10-20", "e_inv": 6, "f": 1, "F": "10-20", "f_inv": 6, "g": 3, "G": "30-45", "g_inv": 4, "h": 3, "H": "30-45", "h_inv": 4, "i": 2, "I": "20-30", "i_inv": 5, "j": 2, "J": "20-30", "j_inv": 5, "k": 3, "K": "30-45", "k_inv": 4, "l": 3, "L": "30-45", "l_inv": 4, "m": 3, "M": "30-45", "m_inv": 4, "n": 3, "N": "30-45", "n_inv": 4, "o": 4, "O": "45-60", "o_inv": 3, "p": 4, "P": "45-60", "p_inv": 3}}, {"type": "Feature", "geometry": {"type": "Point", "coordinates": [126.99756400000001, 37.594324]}, "properties": {"row": 18, "col": 17, "walk_min": 12.4, "nearest_station_id": "kr_061", "nearest_station_name": "Hansung Univ. (Samseongyo)", "a": 2, "A": "20-30", "a_inv": 5, "b": 2, "B": "20-30", "b_inv": 5, "c": 2, "C": "20-30", "c_inv": 5, "d": 2, "D": "20-30", "d_inv": 5, "e": 3, "E": "30-45", "e_inv": 4, "f": 3, "F": "30-45", "f_inv": 4, "g": 2, "G": "20-30", "g_inv": 5, "h": 2, "H": "20-30", "h_inv": 5, "i": 4, "I": "45-60", "i_inv": 3, "j": 4, "J": "45-60", "j_inv": 3, "k": 4, "K": "45-60", "k_inv": 3, "l": 4, "L": "45-60", "l_inv": 3, "m": 3, "M": "30-45", "m_inv": 4, "n": 3, "N": "30-45", "n_inv": 4, "o": 3, "O": "30-45", "o_inv": 4, "p": 3, "P": "30-45", "p_inv": 4}}, {"type": "Feature", "geometry": {"type": "Point", "coordinates": [126.916484, 37.479459999999996]}, "properties": {"row": 1, "col": 5, "walk_min": 12.9, "nearest_station_id": "kr_336", "nearest_station_name": "Sindaebang", "a": 3, "A": "30-45", "a_inv": 4, "b": 3, "B": "30-45", "b_inv": 4, "c": 3, "C": "30-45", "c_inv": 4, "d": 3, "D": "30-45", "d_inv": 4, "e": 3, "E": "30-45", "e_inv": 4, "f": 3, "F": "30-45", "f_inv": 4, "g": 4, "G": "45-60", "g_inv": 3, "h": 4, "H": "45-60", "h_inv": 3, "i": 2, "I": "20-30", "i_inv": 5, "j": 2, "J": "20-30", "j_inv": 5, "k": 4, "K": "45-60", "k_inv": 3, "l": 4, "L": "45-60", "l_inv": 3, "m": 5, "M": "60-90", "m_inv": 2, "n": 5, "N": "60-90", "n_inv": 2, "o": 3, "O": "30-45", "o_inv": 4, "p": 3, "P": "30-45", "p_inv": 4}}, {"type": "Feature", "geometry": {"type": "Point", "coordinates": [127.031354, 37.533514000000004]}, "properties": {"row": 9, "col": 22, "walk_min": 13.2, "nearest_station_id": "kr_138", "nearest_station_name": "\uc555\uad6c\uc815", "a": 3, "A": "30-45", "a_inv": 4, "b": 3, "B": "30-45", "b_inv": 4, "c": 3, "C": "30-45", "c_inv": 4, "d": 3, "D": "30-45", "d_inv": 4, "e": 2, "E": "20-30", "e_inv": 5, "f": 2, "F": "20-30", "f_inv": 5, "g": 2, "G": "20-30", "g_inv": 5, "h": 2, "H": "20-30", "h_inv": 5, "i": 3, "I": "30-45", "i_inv": 4, "j": 3, "J": "30-45", "j_inv": 4, "k": 3, "K": "30-45", "k_inv": 4, "l": 3, "L": "30-45", "l_inv": 4, "m": 3, "M": "30-45", "m_inv": 4, "n": 3, "N": "30-45", "n_inv": 4, "o": 3, "O": "30-45", "o_inv": 4, "p": 3, "P": "30-45", "p_inv": 4}}, {"type": "Feature", "geometry": {"type": "Point", "coordinates": [126.875944, 37.54027]}, "properties": {"row": 10, "col": -1, "walk_min": 14.4, "nearest_station_id": "kr_073", "nearest_station_name": "Yeomchang", "a": 3, "A": "30-45", "a_inv": 4, "b": 3, "B": "30-45", "b_inv": 4, "c": 3, "C": "30-45", "c_inv": 4, "d": 3, "D": "30-45", "d_inv": 4, "e": 3, "E": "30-45", "e_inv": 4, "f": 3, "F": "30-45", "f_inv": 4, "g": 4, "G": "45-60", "g_inv": 3, "h": 4, "H": "45-60", "h_inv": 3, "i": 3, "I": "30-45", "i_inv": 4, "j": 3, "J": "30-45", "j_inv": 4, "k": 4, "K": "45-60", "k_inv": 3, "l": 4, "L": "45-60", "l_inv": 3, "m": 4, "M": "45-60", "m_inv": 3, "n": 4, "N": "45-60", "n_inv": 3, "o": 2, "O": "20-30", "o_inv": 5, "p": 2, "P": "20-30", "p_inv": 5}}, {"type": "Feature", "geometry": {"type": "Point", "coordinates": [126.88270399999999, 37.492974000000004]}, "properties": {"row": 3, "col": 0, "walk_min": 11.9, "nearest_station_id": "kr_328", "nearest_station_name": "\ub0a8\uad6c\ub85c", "a": 4, "A": "45-60", "a_inv": 3, "b": 4, "B": "45-60", "b_inv": 3, "c": 4, "C": "45-60", "c_inv": 3, "d": 4, "D": "45-60", "d_inv": 3, "e": 3, "E": "30-45", "e_inv": 4, "f": 3, "F": "30-45", "f_inv": 4, "g": 4, "G": "45-60", "g_inv": 3, "h": 4, "H": "45-60", "h_inv": 3, "i": 4, "I": "45-60", "i_inv": 3, "j": 4, "J": "45-60", "j_inv": 3, "k": 4, "K": "45-60", "k_inv": 3, "l": 4, "L": "45-60", "l_inv": 3, "m": 5, "M": "60-90", "m_inv": 2, "n": 5, "N": "60-90", "n_inv": 2, "o": 3, "O": "30-45", "o_inv": 4, "p": 3, "P": "30-45", "p_inv": 4}}, {"type": "Feature", "geometry": {"type": "Point", "coordinates": [127.01108400000001, 37.519999999999996]}, "properties": {"row": 7, "col": 19, "walk_min": 12.1, "nearest_station_id": "kr_056", "nearest_station_name": "Sinsa", "a": 3, "A": "30-45", "a_inv": 4, "b": 3, "B": "30-45", "b_inv": 4, "c": 3, "C": "30-45", "c_inv": 4, "d": 3, "D": "30-45", "d_inv": 4, "e": 1, "E": "10-20", "e_inv": 6, "f": 1, "F": "10-20", "f_inv": 6, "g": 3, "G": "30-45", "g_inv": 4, "h": 3, "H": "30-45", "h_inv": 4, "i": 2, "I": "20-30", "i_inv": 5, "j": 2, "J": "20-30", "j_inv": 5, "k": 3, "K": "30-45", "k_inv": 4, "l": 3, "L": "30-45", "l_inv": 4, "m": 3, "M": "30-45", "m_inv": 4, "n": 3, "N": "30-45", "n_inv": 4, "o": 3, "O": "30-45", "o_inv": 4, "p": 3, "P": "30-45", "p_inv": 4}}, {"type": "Feature", "geometry": {"type": "Point", "coordinates": [126.99756400000001, 37.547024]}, "properties": {"row": 11, "col": 17, "walk_min": 20.5, "nearest_station_id": "kr_324", "nearest_station_name": "\ubc84\ud2f0\uace0\uac1c", "a": 3, "A": "30-45", "a_inv": 4, "b": 3, "B": "30-45", "b_inv": 4, "c": 3, "C": "30-45", "c_inv": 4, "d": 3, "D": "30-45", "d_inv": 4, "e": 3, "E": "30-45", "e_inv": 4, "f": 3, "F": "30-45", "f_inv": 4, "g": 3, "G": "30-45", "g_inv": 4, "h": 3, "H": "30-45", "h_inv": 4, "i": 3, "I": "30-45", "i_inv": 4, "j": 3, "J": "30-45", "j_inv": 4, "k": 4, "K": "45-60", "k_inv": 3, "l": 4, "L": "45-60", "l_inv": 3, "m": 3, "M": "30-45", "m_inv": 4, "n": 3, "N": "30-45", "n_inv": 4, "o": 3, "O": "30-45", "o_inv": 4, "p": 3, "P": "30-45", "p_inv": 4}}, {"type": "Feature", "geometry": {"type": "Point", "coordinates": [127.05162399999999, 37.574054000000004]}, "properties": {"row": 15, "col": 25, "walk_min": 11.9, "nearest_station_id": "kr_221", "nearest_station_name": "\uc2e0\ub2f5", "a": 2, "A": "20-30", "a_inv": 5, "b": 2, "B": "20-30", "b_inv": 5, "c": 2, "C": "20-30", "c_inv": 5, "d": 2, "D": "20-30", "d_inv": 5, "e": 3, "E": "30-45", "e_inv": 4, "f": 3, "F": "30-45", "f_inv": 4, "g": 2, "G": "20-30", "g_inv": 5, "h": 2, "H": "20-30", "h_inv": 5, "i": 4, "I": "45-60", "i_inv": 3, "j": 4, "J": "45-60", "j_inv": 3, "k": 3, "K": "30-45", "k_inv": 4, "l": 3, "L": "30-45", "l_inv": 4, "m": 2, "M": "20-30", "m_inv": 5, "n": 2, "N": "20-30", "n_inv": 5, "o": 3, "O": "30-45", "o_inv": 4, "p": 3, "P": "30-45", "p_inv": 4}}, {"type": "Feature", "geometry": {"type": "Point", "coordinates": [126.96378399999999, 37.58081]}, "properties": {"row": 16, "col": 12, "walk_min": 11.7, "nearest_station_id": "kr_063", "nearest_station_name": "\ub3c5\ub9bd\ubb38", "a": 2, "A": "20-30", "a_inv": 5, "b": 2, "B": "20-30", "b_inv": 5, "c": 2, "C": "20-30", "c_inv": 5, "d": 2, "D": "20-30", "d_inv": 5, "e": 3, "E": "30-45", "e_inv": 4, "f": 3, "F": "30-45", "f_inv": 4, "g": 2, "G": "20-30", "g_inv": 5, "h": 2, "H": "20-30", "h_inv": 5, "i": 3, "I": "30-45", "i_inv": 4, "j": 3, "J": "30-45", "j_inv": 4, "k": 4, "K": "45-60", "k_inv": 3, "l": 4, "L": "45-60", "l_inv": 3, "m": 3, "M": "30-45", "m_inv": 4, "n": 3, "N": "30-45", "n_inv": 4, "o": 3, "O": "30-45", "o_inv": 4, "p": 3, "P": "30-45", "p_inv": 4}}, {"type": "Feature", "geometry": {"type": "Point", "coordinates": [126.923244, 37.594324]}, "properties": {"row": 18, "col": 6, "walk_min": 12.7, "nearest_station_id": "kr_318", "nearest_station_name": "\uc751\uc554", "a": 3, "A": "30-45", "a_inv": 4, "b": 3, "B": "30-45", "b_inv": 4, "c": 3, "C": "30-45", "c_inv": 4, "d": 3, "D": "30-45", "d_inv": 4, "e": 4, "E": "45-60", "e_inv": 3, "f": 4, "F": "45-60", "f_inv": 3, "g": 4, "G": "45-60", "g_inv": 3, "h": 4, "H": "45-60", "h_inv": 3, "i": 4, "I": "45-60", "i_inv": 3, "j": 4, "J": "45-60", "j_inv": 3, "k": 5, "K": "60-90", "k_inv": 2, "l": 5, "L": "60-90", "l_inv": 2, "m": 4, "M": "45-60", "m_inv": 3, "n": 4, "N": "45-60", "n_inv": 3, "o": 4, "O": "45-60", "o_inv": 3, "p": 4, "P": "45-60", "p_inv": 3}}, {"type": "Feature", "geometry": {"type": "Point", "coordinates": [126.957024, 37.567294000000004]}, "properties": {"row": 14, "col": 11, "walk_min": 13.9, "nearest_station_id": "kr_083", "nearest_station_name": "Dongnimmun", "a": 2, "A": "20-30", "a_inv": 5, "b": 2, "B": "20-30", "b_inv": 5, "c": 2, "C": "20-30", "c_inv": 5, "d": 2, "D": "20-30", "d_inv": 5, "e": 3, "E": "30-45", "e_inv": 4, "f": 3, "F": "30-45", "f_inv": 4, "g": 3, "G": "30-45", "g_inv": 4, "h": 3, "H": "30-45", "h_inv": 4, "i": 3, "I": "30-45", "i_inv": 4, "j": 3, "J": "30-45", "j_inv": 4, "k": 4, "K": "45-60", "k_inv": 3, "l": 4, "L": "45-60", "l_inv": 3, "m": 3, "M": "30-45", "m_inv": 4, "n": 3, "N": "30-45", "n_inv": 4, "o": 3, "O": "30-45", "o_inv": 4, "p": 3, "P": "30-45", "p_inv": 4}}, {"type": "Feature", "geometry": {"type": "Point", "coordinates": [127.071894, 37.594324]}, "properties": {"row": 18, "col": 28, "walk_min": 12.1, "nearest_station_id": "kr_034", "nearest_station_name": "Hankuk University of Foreign Studies", "a": 3, "A": "30-45", "a_inv": 4, "b": 3, "B": "30-45", "b_inv": 4, "c": 3, "C": "30-45", "c_inv": 4, "d": 3, "D": "30-45", "d_inv": 4, "e": 4, "E": "45-60", "e_inv": 3, "f": 4, "F": "45-60", "f_inv": 3, "g": 3, "G": "30-45", "g_inv": 4, "h": 3, "H": "30-45", "h_inv": 4, "i": 4, "I": "45-60", "i_inv": 3, "j": 4, "J": "45-60", "j_inv": 3, "k": 4, "K": "45-60", "k_inv": 3, "l": 4, "L": "45-60", "l_inv": 3, "m": 3, "M": "30-45", "m_inv": 4, "n": 3, "N": "30-45", "n_inv": 4, "o": 4, "O": "45-60", "o_inv": 3, "p": 4, "P": "45-60", "p_inv": 3}}, {"type": "Feature", "geometry": {"type": "Point", "coordinates": [126.90973000000001, 37.479459999999996]}, "properties": {"row": 1, "col": 4, "walk_min": 13.9, "nearest_station_id": "kr_336", "nearest_station_name": "Sindaebang", "a": 3, "A": "30-45", "a_inv": 4, "b": 3, "B": "30-45", "b_inv": 4, "c": 3, "C": "30-45", "c_inv": 4, "d": 3, "D": "30-45", "d_inv": 4, "e": 3, "E": "30-45", "e_inv": 4, "f": 3, "F": "30-45", "f_inv": 4, "g": 4, "G": "45-60", "g_inv": 3, "h": 4, "H": "45-60", "h_inv": 3, "i": 2, "I": "20-30", "i_inv": 5, "j": 2, "J": "20-30", "j_inv": 5, "k": 4, "K": "45-60", "k_inv": 3, "l": 4, "L": "45-60", "l_inv": 3, "m": 5, "M": "60-90", "m_inv": 2, "n": 5, "N": "60-90", "n_inv": 2, "o": 3, "O": "30-45", "o_inv": 4, "p": 3, "P": "30-45", "p_inv": 4}}, {"type": "Feature", "geometry": {"type": "Point", "coordinates": [126.916484, 37.492974000000004]}, "properties": {"row": 3, "col": 5, "walk_min": 14.3, "nearest_station_id": "kr_336", "nearest_station_name": "Sindaebang", "a": 4, "A": "45-60", "a_inv": 3, "b": 4, "B": "45-60", "b_inv": 3, "c": 4, "C": "45-60", "c_inv": 3, "d": 4, "D": "45-60", "d_inv": 3, "e": 3, "E": "30-45", "e_inv": 4, "f": 3, "F": "30-45", "f_inv": 4, "g": 4, "G": "45-60", "g_inv": 3, "h": 4, "H": "45-60", "h_inv": 3, "i": 3, "I": "30-45", "i_inv": 4, "j": 3, "J": "30-45", "j_inv": 4, "k": 4, "K": "45-60", "k_inv": 3, "l": 4, "L": "45-60", "l_inv": 3, "m": 5, "M": "60-90", "m_inv": 2, "n": 5, "N": "60-90", "n_inv": 2, "o": 4, "O": "45-60", "o_inv": 3, "p": 4, "P": "45-60", "p_inv": 3}}, {"type": "Feature", "geometry": {"type": "Point", "coordinates": [126.923244, 37.506484]}, "properties": {"row": 5, "col": 6, "walk_min": 12.3, "nearest_station_id": "kr_380", "nearest_station_name": "Daebang", "a": 3, "A": "30-45", "a_inv": 4, "b": 3, "B": "30-45", "b_inv": 4, "c": 3, "C": "30-45", "c_inv": 4, "d": 3, "D": "30-45", "d_inv": 4, "e": 3, "E": "30-45", "e_inv": 4, "f": 3, "F": "30-45", "f_inv": 4, "g": 4, "G": "45-60", "g_inv": 3, "h": 4, "H": "45-60", "h_inv": 3, "i": 3, "I": "30-45", "i_inv": 4, "j": 3, "J": "30-45", "j_inv": 4, "k": 4, "K": "45-60", "k_inv": 3, "l": 4, "L": "45-60", "l_inv": 3, "m": 4, "M": "45-60", "m_inv": 3, "n": 4, "N": "45-60", "n_inv": 3, "o": 3, "O": "30-45", "o_inv": 4, "p": 3, "P": "30-45", "p_inv": 4}}, {"type": "Feature", "geometry": {"type": "Point", "coordinates": [126.977294, 37.492974000000004]}, "properties": {"row": 3, "col": 14, "walk_min": 16.0, "nearest_station_id": "kr_139", "nearest_station_name": "Chongsin Univ. (Isu)", "a": 3, "A": "30-45", "a_inv": 4, "b": 3, "B": "30-45", "b_inv": 4, "c": 3, "C": "30-45", "c_inv": 4, "d": 3, "D": "30-45", "d_inv": 4, "e": 2, "E": "20-30", "e_inv": 5, "f": 2, "F": "20-30", "f_inv": 5, "g": 4, "G": "45-60", "g_inv": 3, "h": 4, "H": "45-60", "h_inv": 3, "i": 2, "I": "20-30", "i_inv": 5, "j": 2, "J": "20-30", "j_inv": 5, "k": 3, "K": "30-45", "k_inv": 4, "l": 3, "L": "30-45", "l_inv": 4, "m": 4, "M": "45-60", "m_inv": 3, "n": 4, "N": "45-60", "n_inv": 3, "o": 3, "O": "30-45", "o_inv": 4, "p": 3, "P": "30-45", "p_inv": 4}}, {"type": "Feature", "geometry": {"type": "Point", "coordinates": [127.01108400000001, 37.601084]}, "properties": {"row": 19, "col": 19, "walk_min": 13.7, "nearest_station_id": "kr_160", "nearest_station_name": "Sungshin Women's Univ.", "a": 3, "A": "30-45", "a_inv": 4, "b": 3, "B": "30-45", "b_inv": 4, "c": 3, "C": "30-45", "c_inv": 4, "d": 3, "D": "30-45", "d_inv": 4, "e": 3, "E": "30-45", "e_inv": 4, "f": 3, "F": "30-45", "f_inv": 4, "g": 3, "G": "30-45", "g_inv": 4, "h": 3, "H": "30-45", "h_inv": 4, "i": 4, "I": "45-60", "i_inv": 3, "j": 4, "J": "45-60", "j_inv": 3, "k": 4, "K": "45-60", "k_inv": 3, "l": 4, "L": "45-60", "l_inv": 3, "m": 3, "M": "30-45", "m_inv": 4, "n": 3, "N": "30-45", "n_inv": 4, "o": 3, "O": "30-45", "o_inv": 4, "p": 3, "P": "30-45", "p_inv": 4}}, {"type": "Feature", "geometry": {"type": "Point", "coordinates": [126.936754, 37.594324]}, "properties": {"row": 18, "col": 8, "walk_min": 13.8, "nearest_station_id": "kr_113", "nearest_station_name": "Nokbeon", "a": 3, "A": "30-45", "a_inv": 4, "b": 3, "B": "30-45", "b_inv": 4, "c": 3, "C": "30-45", "c_inv": 4, "d": 3, "D": "30-45", "d_inv": 4, "e": 4, "E": "45-60", "e_inv": 3, "f": 4, "F": "45-60", "f_inv": 3, "g": 3, "G": "30-45", "g_inv": 4, "h": 3, "H": "30-45", "h_inv": 4, "i": 4, "I": "45-60", "i_inv": 3, "j": 4, "J": "45-60", "j_inv": 3, "k": 4, "K": "45-60", "k_inv": 3, "l": 4, "L": "45-60", "l_inv": 3, "m": 4, "M": "45-60", "m_inv": 3, "n": 4, "N": "45-60", "n_inv": 3, "o": 3, "O": "30-45", "o_inv": 4, "p": 3, "P": "30-45", "p_inv": 4}}, {"type": "Feature", "geometry": {"type": "Point", "coordinates": [126.97054, 37.513244]}, "properties": {"row": 6, "col": 13, "walk_min": 9.3, "nearest_station_id": "kr_404", "nearest_station_name": "Heukseok", "a": 1, "A": "10-20", "a_inv": 6, "b": 1, "B": "10-20", "b_inv": 6, "c": 2, "C": "20-30", "c_inv": 5, "d": 2, "D": "20-30", "d_inv": 5, "e": 2, "E": "20-30", "e_inv": 5, "f": 2, "F": "20-30", "f_inv": 5, "g": 3, "G": "30-45", "g_inv": 4, "h": 3, "H": "30-45", "h_inv": 4, "i": 2, "I": "20-30", "i_inv": 5, "j": 2, "J": "20-30", "j_inv": 5, "k": 3, "K": "30-45", "k_inv": 4, "l": 3, "L": "30-45", "l_inv": 4, "m": 3, "M": "30-45", "m_inv": 4, "n": 3, "N": "30-45", "n_inv": 4, "o": 3, "O": "30-45", "o_inv": 4, "p": 3, "P": "30-45", "p_inv": 4}}, {"type": "Feature", "geometry": {"type": "Point", "coordinates": [127.02459400000001, 37.594324]}, "properties": {"row": 18, "col": 21, "walk_min": 12.2, "nearest_station_id": "kr_160", "nearest_station_name": "Sungshin Women's Univ.", "a": 3, "A": "30-45", "a_inv": 4, "b": 3, "B": "30-45", "b_inv": 4, "c": 2, "C": "20-30", "c_inv": 5, "d": 2, "D": "20-30", "d_inv": 5, "e": 3, "E": "30-45", "e_inv": 4, "f": 3, "F": "30-45", "f_inv": 4, "g": 2, "G": "20-30", "g_inv": 5, "h": 2, "H": "20-30", "h_inv": 5, "i": 4, "I": "45-60", "i_inv": 3, "j": 4, "J": "45-60", "j_inv": 3, "k": 4, "K": "45-60", "k_inv": 3, "l": 4, "L": "45-60", "l_inv": 3, "m": 3, "M": "30-45", "m_inv": 4, "n": 3, "N": "30-45", "n_inv": 4, "o": 3, "O": "30-45", "o_inv": 4, "p": 3, "P": "30-45", "p_inv": 4}}, {"type": "Feature", "geometry": {"type": "Point", "coordinates": [127.071894, 37.607839999999996]}, "properties": {"row": 20, "col": 28, "walk_min": 14.6, "nearest_station_id": "kr_163", "nearest_station_name": "\uba39\uace8", "a": 4, "A": "45-60", "a_inv": 3, "b": 4, "B": "45-60", "b_inv": 3, "c": 3, "C": "30-45", "c_inv": 4, "d": 3, "D": "30-45", "d_inv": 4, "e": 4, "E": "45-60", "e_inv": 3, "f": 4, "F": "45-60", "f_inv": 3, "g": 3, "G": "30-45", "g_inv": 4, "h": 3, "H": "30-45", "h_inv": 4, "i": 5, "I": "60-90", "i_inv": 2, "j": 5, "J": "60-90", "j_inv": 2, "k": 4, "K": "45-60", "k_inv": 3, "l": 4, "L": "45-60", "l_inv": 3, "m": 4, "M": "45-60", "m_inv": 3, "n": 4, "N": "45-60", "n_inv": 3, "o": 4, "O": "45-60", "o_inv": 3, "p": 4, "P": "45-60", "p_inv": 3}}, {"type": "Feature", "geometry": {"type": "Point", "coordinates": [126.96378399999999, 37.486214000000004]}, "properties": {"row": 2, "col": 12, "walk_min": 13.3, "nearest_station_id": "kr_182", "nearest_station_name": "\ub0a8\uc131", "a": 3, "A": "30-45", "a_inv": 4, "b": 3, "B": "30-45", "b_inv": 4, "c": 3, "C": "30-45", "c_inv": 4, "d": 3, "D": "30-45", "d_inv": 4, "e": 2, "E": "20-30", "e_inv": 5, "f": 2, "F": "20-30", "f_inv": 5, "g": 4, "G": "45-60", "g_inv": 3, "h": 4, "H": "45-60", "h_inv": 3, "i": 3, "I": "30-45", "i_inv": 4, "j": 3, "J": "30-45", "j_inv": 4, "k": 3, "K": "30-45", "k_inv": 4, "l": 3, "L": "30-45", "l_inv": 4, "m": 4, "M": "45-60", "m_inv": 3, "n": 4, "N": "45-60", "n_inv": 3, "o": 4, "O": "45-60", "o_inv": 3, "p": 4, "P": "45-60", "p_inv": 3}}, {"type": "Feature", "geometry": {"type": "Point", "coordinates": [126.90973000000001, 37.54027]}, "properties": {"row": 10, "col": 4, "walk_min": 9.3, "nearest_station_id": "kr_211", "nearest_station_name": "\ud569\uc815", "a": 2, "A": "20-30", "a_inv": 5, "b": 2, "B": "20-30", "b_inv": 5, "c": 3, "C": "30-45", "c_inv": 4, "d": 3, "D": "30-45", "d_inv": 4, "e": 3, "E": "30-45", "e_inv": 4, "f": 3, "F": "30-45", "f_inv": 4, "g": 3, "G": "30-45", "g_inv": 4, "h": 3, "H": "30-45", "h_inv": 4, "i": 3, "I": "30-45", "i_inv": 4, "j": 3, "J": "30-45", "j_inv": 4, "k": 4, "K": "45-60", "k_inv": 3, "l": 4, "L": "45-60", "l_inv": 3, "m": 4, "M": "45-60", "m_inv": 3, "n": 4, "N": "45-60", "n_inv": 3, "o": 3, "O": "30-45", "o_inv": 4, "p": 3, "P": "30-45", "p_inv": 4}}, {"type": "Feature", "geometry": {"type": "Point", "coordinates": [126.97054, 37.506484]}, "properties": {"row": 5, "col": 13, "walk_min": 8.9, "nearest_station_id": "kr_404", "nearest_station_name": "Heukseok", "a": 2, "A": "20-30", "a_inv": 5, "b": 2, "B": "20-30", "b_inv": 5, "c": 2, "C": "20-30", "c_inv": 5, "d": 2, "D": "20-30", "d_inv": 5, "e": 2, "E": "20-30", "e_inv": 5, "f": 2, "F": "20-30", "f_inv": 5, "g": 3, "G": "30-45", "g_inv": 4, "h": 3, "H": "30-45", "h_inv": 4, "i": 1, "I": "10-20", "i_inv": 6, "j": 1, "J": "10-20", "j_inv": 6, "k": 3, "K": "30-45", "k_inv": 4, "l": 3, "L": "30-45", "l_inv": 4, "m": 4, "M": "45-60", "m_inv": 3, "n": 4, "N": "45-60", "n_inv": 3, "o": 2, "O": "20-30", "o_inv": 5, "p": 2, "P": "20-30", "p_inv": 5}}, {"type": "Feature", "geometry": {"type": "Point", "coordinates": [127.01784, 37.526754000000004]}, "properties": {"row": 8, "col": 20, "walk_min": 13.1, "nearest_station_id": "kr_137", "nearest_station_name": "Apgujeong", "a": 3, "A": "30-45", "a_inv": 4, "b": 3, "B": "30-45", "b_inv": 4, "c": 3, "C": "30-45", "c_inv": 4, "d": 3, "D": "30-45", "d_inv": 4, "e": 2, "E": "20-30", "e_inv": 5, "f": 2, "F": "20-30", "f_inv": 5, "g": 2, "G": "20-30", "g_inv": 5, "h": 2, "H": "20-30", "h_inv": 5, "i": 3, "I": "30-45", "i_inv": 4, "j": 3, "J": "30-45", "j_inv": 4, "k": 3, "K": "30-45", "k_inv": 4, "l": 3, "L": "30-45", "l_inv": 4, "m": 3, "M": "30-45", "m_inv": 4, "n": 3, "N": "30-45", "n_inv": 4, "o": 3, "O": "30-45", "o_inv": 4, "p": 3, "P": "30-45", "p_inv": 4}}, {"type": "Feature", "geometry": {"type": "Point", "coordinates": [126.923244, 37.533514000000004]}, "properties": {"row": 9, "col": 6, "walk_min": 12.1, "nearest_station_id": "kr_431", "nearest_station_name": "National Assembly", "a": 2, "A": "20-30", "a_inv": 5, "b": 2, "B": "20-30", "b_inv": 5, "c": 3, "C": "30-45", "c_inv": 4, "d": 3, "D": "30-45", "d_inv": 4, "e": 3, "E": "30-45", "e_inv": 4, "f": 3, "F": "30-45", "f_inv": 4, "g": 3, "G": "30-45", "g_inv": 4, "h": 3, "H": "30-45", "h_inv": 4, "i": 3, "I": "30-45", "i_inv": 4, "j": 3, "J": "30-45", "j_inv": 4, "k": 4, "K": "45-60", "k_inv": 3, "l": 4, "L": "45-60", "l_inv": 3, "m": 4, "M": "45-60", "m_inv": 3, "n": 4, "N": "45-60", "n_inv": 3, "o": 2, "O": "20-30", "o_inv": 5, "p": 2, "P": "20-30", "p_inv": 5}}, {"type": "Feature", "geometry": {"type": "Point", "coordinates": [126.875944, 37.479459999999996]}, "properties": {"row": 1, "col": -1, "walk_min": 8.6, "nearest_station_id": "kr_291", "nearest_station_name": "\uac00\uc0b0\ub514\uc9c0\ud138\ub2e8\uc9c0", "a": 3, "A": "30-45", "a_inv": 4, "b": 3, "B": "30-45", "b_inv": 4, "c": 3, "C": "30-45", "c_inv": 4, "d": 3, "D": "30-45", "d_inv": 4, "e": 3, "E": "30-45", "e_inv": 4, "f": 3, "F": "30-45", "f_inv": 4, "g": 4, "G": "45-60", "g_inv": 3, "h": 4, "H": "45-60", "h_inv": 3, "i": 3, "I": "30-45", "i_inv": 4, "j": 3, "J": "30-45", "j_inv": 4, "k": 4, "K": "45-60", "k_inv": 3, "l": 4, "L": "45-60", "l_inv": 3, "m": 4, "M": "45-60", "m_inv": 3, "n": 4, "N": "45-60", "n_inv": 3, "o": 2, "O": "20-30", "o_inv": 5, "p": 2, "P": "20-30", "p_inv": 5}}, {"type": "Feature", "geometry": {"type": "Point", "coordinates": [126.916484, 37.54027]}, "properties": {"row": 10, "col": 5, "walk_min": 9.8, "nearest_station_id": "kr_184", "nearest_station_name": "\uc0c1\uc218", "a": 2, "A": "20-30", "a_inv": 5, "b": 2, "B": "20-30", "b_inv": 5, "c": 2, "C": "20-30", "c_inv": 5, "d": 2, "D": "20-30", "d_inv": 5, "e": 3, "E": "30-45", "e_inv": 4, "f": 3, "F": "30-45", "f_inv": 4, "g": 3, "G": "30-45", "g_inv": 4, "h": 3, "H": "30-45", "h_inv": 4, "i": 3, "I": "30-45", "i_inv": 4, "j": 3, "J": "30-45", "j_inv": 4, "k": 4, "K": "45-60", "k_inv": 3, "l": 4, "L": "45-60", "l_inv": 3, "m": 4, "M": "45-60", "m_inv": 3, "n": 4, "N": "45-60", "n_inv": 3, "o": 3, "O": "30-45", "o_inv": 4, "p": 3, "P": "30-45", "p_inv": 4}}, {"type": "Feature", "geometry": {"type": "Point", "coordinates": [127.071894, 37.486214000000004]}, "properties": {"row": 2, "col": 28, "walk_min": 17.7, "nearest_station_id": "kr_347", "nearest_station_name": "Daecheong", "a": 4, "A": "45-60", "a_inv": 3, "b": 4, "B": "45-60", "b_inv": 3, "c": 4, "C": "45-60", "c_inv": 3, "d": 4, "D": "45-60", "d_inv": 3, "e": 3, "E": "30-45", "e_inv": 4, "f": 3, "F": "30-45", "f_inv": 4, "g": 4, "G": "45-60", "g_inv": 3, "h": 4, "H": "45-60", "h_inv": 3, "i": 3, "I": "30-45", "i_inv": 4, "j": 3, "J": "30-45", "j_inv": 4, "k": 3, "K": "30-45", "k_inv": 4, "l": 3, "L": "30-45", "l_inv": 4, "m": 4, "M": "45-60", "m_inv": 3, "n": 4, "N": "45-60", "n_inv": 3, "o": 5, "O": "60-90", "o_inv": 2, "p": 5, "P": "60-90", "p_inv": 2}}, {"type": "Feature", "geometry": {"type": "Point", "coordinates": [126.96378399999999, 37.49973]}, "properties": {"row": 4, "col": 12, "walk_min": 18.6, "nearest_station_id": "kr_404", "nearest_station_name": "Heukseok", "a": 3, "A": "30-45", "a_inv": 4, "b": 3, "B": "30-45", "b_inv": 4, "c": 4, "C": "45-60", "c_inv": 3, "d": 4, "D": "45-60", "d_inv": 3, "e": 3, "E": "30-45", "e_inv": 4, "f": 3, "F": "30-45", "f_inv": 4, "g": 4, "G": "45-60", "g_inv": 3, "h": 4, "H": "45-60", "h_inv": 3, "i": 3, "I": "30-45", "i_inv": 4, "j": 3, "J": "30-45", "j_inv": 4, "k": 4, "K": "45-60", "k_inv": 3, "l": 4, "L": "45-60", "l_inv": 3, "m": 4, "M": "45-60", "m_inv": 3, "n": 4, "N": "45-60", "n_inv": 3, "o": 4, "O": "45-60", "o_inv": 3, "p": 4, "P": "45-60", "p_inv": 3}}, {"type": "Feature", "geometry": {"type": "Point", "coordinates": [126.98405400000001, 37.526754000000004]}, "properties": {"row": 8, "col": 15, "walk_min": 13.5, "nearest_station_id": "kr_295", "nearest_station_name": "\ub179\uc0ac\ud3c9", "a": 2, "A": "20-30", "a_inv": 5, "b": 2, "B": "20-30", "b_inv": 5, "c": 2, "C": "20-30", "c_inv": 5, "d": 2, "D": "20-30", "d_inv": 5, "e": 3, "E": "30-45", "e_inv": 4, "f": 3, "F": "30-45", "f_inv": 4, "g": 3, "G": "30-45", "g_inv": 4, "h": 3, "H": "30-45", "h_inv": 4, "i": 2, "I": "20-30", "i_inv": 5, "j": 2, "J": "20-30", "j_inv": 5, "k": 4, "K": "45-60", "k_inv": 3, "l": 4, "L": "45-60", "l_inv": 3, "m": 3, "M": "30-45", "m_inv": 4, "n": 3, "N": "30-45", "n_inv": 4, "o": 3, "O": "30-45", "o_inv": 4, "p": 3, "P": "30-45", "p_inv": 4}}, {"type": "Feature", "geometry": {"type": "Point", "coordinates": [126.96378399999999, 37.492974000000004]}, "properties": {"row": 3, "col": 12, "walk_min": 19.0, "nearest_station_id": "kr_213", "nearest_station_name": "\uc22d\uc2e4\ub300\uc785\uad6c", "a": 4, "A": "45-60", "a_inv": 3, "b": 4, "B": "45-60", "b_inv": 3, "c": 4, "C": "45-60", "c_inv": 3, "d": 4, "D": "45-60", "d_inv": 3, "e": 3, "E": "30-45", "e_inv": 4, "f": 3, "F": "30-45", "f_inv": 4, "g": 4, "G": "45-60", "g_inv": 3, "h": 4, "H": "45-60", "h_inv": 3, "i": 3, "I": "30-45", "i_inv": 4, "j": 3, "J": "30-45", "j_inv": 4, "k": 4, "K": "45-60", "k_inv": 3, "l": 4, "L": "45-60", "l_inv": 3, "m": 5, "M": "60-90", "m_inv": 2, "n": 5, "N": "60-90", "n_inv": 2, "o": 4, "O": "45-60", "o_inv": 3, "p": 4, "P": "45-60", "p_inv": 3}}, {"type": "Feature", "geometry": {"type": "Point", "coordinates": [126.95027, 37.486214000000004]}, "properties": {"row": 2, "col": 10, "walk_min": 12.8, "nearest_station_id": "kr_370", "nearest_station_name": "Seoul Nat'l University (Gwanak-gu Office)", "a": 3, "A": "30-45", "a_inv": 4, "b": 3, "B": "30-45", "b_inv": 4, "c": 3, "C": "30-45", "c_inv": 4, "d": 3, "D": "30-45", "d_inv": 4, "e": 3, "E": "30-45", "e_inv": 4, "f": 3, "F": "30-45", "f_inv": 4, "g": 4, "G": "45-60", "g_inv": 3, "h": 4, "H": "45-60", "h_inv": 3, "i": 2, "I": "20-30", "i_inv": 5, "j": 2, "J": "20-30", "j_inv": 5, "k": 3, "K": "30-45", "k_inv": 4, "l": 3, "L": "30-45", "l_inv": 4, "m": 4, "M": "45-60", "m_inv": 3, "n": 4, "N": "45-60", "n_inv": 3, "o": 4, "O": "45-60", "o_inv": 3, "p": 4, "P": "45-60", "p_inv": 3}}, {"type": "Feature", "geometry": {"type": "Point", "coordinates": [126.977294, 37.526754000000004]}, "properties": {"row": 8, "col": 14, "walk_min": 13.0, "nearest_station_id": "kr_219", "nearest_station_name": "Ichon", "a": 2, "A": "20-30", "a_inv": 5, "b": 2, "B": "20-30", "b_inv": 5, "c": 2, "C": "20-30", "c_inv": 5, "d": 2, "D": "20-30", "d_inv": 5, "e": 2, "E": "20-30", "e_inv": 5, "f": 2, "F": "20-30", "f_inv": 5, "g": 3, "G": "30-45", "g_inv": 4, "h": 3, "H": "30-45", "h_inv": 4, "i": 2, "I": "20-30", "i_inv": 5, "j": 2, "J": "20-30", "j_inv": 5, "k": 3, "K": "30-45", "k_inv": 4, "l": 3, "L": "30-45", "l_inv": 4, "m": 3, "M": "30-45", "m_inv": 4, "n": 3, "N": "30-45", "n_inv": 4, "o": 3, "O": "30-45", "o_inv": 4, "p": 3, "P": "30-45", "p_inv": 4}}, {"type": "Feature", "geometry": {"type": "Point", "coordinates": [126.902974, 37.594324]}, "properties": {"row": 18, "col": 3, "walk_min": 13.0, "nearest_station_id": "kr_340", "nearest_station_name": "Saejeol", "a": 3, "A": "30-45", "a_inv": 4, "b": 3, "B": "30-45", "b_inv": 4, "c": 3, "C": "30-45", "c_inv": 4, "d": 3, "D": "30-45", "d_inv": 4, "e": 4, "E": "45-60", "e_inv": 3, "f": 4, "F": "45-60", "f_inv": 3, "g": 4, "G": "45-60", "g_inv": 3, "h": 4, "H": "45-60", "h_inv": 3, "i": 4, "I": "45-60", "i_inv": 3, "j": 4, "J": "45-60", "j_inv": 3, "k": 5, "K": "60-90", "k_inv": 2, "l": 5, "L": "60-90", "l_inv": 2, "m": 4, "M": "45-60", "m_inv": 3, "n": 4, "N": "45-60", "n_inv": 3, "o": 4, "O": "45-60", "o_inv": 3, "p": 4, "P": "45-60", "p_inv": 3}}, {"type": "Feature", "geometry": {"type": "Point", "coordinates": [126.88946000000001, 37.49973]}, "properties": {"row": 4, "col": 1, "walk_min": 13.7, "nearest_station_id": "kr_019", "nearest_station_name": "Guro", "a": 3, "A": "30-45", "a_inv": 4, "b": 3, "B": "30-45", "b_inv": 4, "c": 3, "C": "30-45", "c_inv": 4, "d": 3, "D": "30-45", "d_inv": 4, "e": 3, "E": "30-45", "e_inv": 4, "f": 3, "F": "30-45", "f_inv": 4, "g": 4, "G": "45-60", "g_inv": 3, "h": 4, "H": "45-60", "h_inv": 3, "i": 3, "I": "30-45", "i_inv": 4, "j": 3, "J": "30-45", "j_inv": 4, "k": 4, "K": "45-60", "k_inv": 3, "l": 4, "L": "45-60", "l_inv": 3, "m": 4, "M": "45-60", "m_inv": 3, "n": 4, "N": "45-60", "n_inv": 3, "o": 2, "O": "20-30", "o_inv": 5, "p": 2, "P": "20-30", "p_inv": 5}}, {"type": "Feature", "geometry": {"type": "Point", "coordinates": [127.01784, 37.601084]}, "properties": {"row": 19, "col": 20, "walk_min": 14.2, "nearest_station_id": "kr_082", "nearest_station_name": "Gireum", "a": 3, "A": "30-45", "a_inv": 4, "b": 3, "B": "30-45", "b_inv": 4, "c": 3, "C": "30-45", "c_inv": 4, "d": 3, "D": "30-45", "d_inv": 4, "e": 4, "E": "45-60", "e_inv": 3, "f": 4, "F": "45-60", "f_inv": 3, "g": 3, "G": "30-45", "g_inv": 4, "h": 3, "H": "30-45", "h_inv": 4, "i": 4, "I": "45-60", "i_inv": 3, "j": 4, "J": "45-60", "j_inv": 3, "k": 4, "K": "45-60", "k_inv": 3, "l": 4, "L": "45-60", "l_inv": 3, "m": 3, "M": "30-45", "m_inv": 4, "n": 3, "N": "30-45", "n_inv": 4, "o": 3, "O": "30-45", "o_inv": 4, "p": 3, "P": "30-45", "p_inv": 4}}, {"type": "Feature", "geometry": {"type": "Point", "coordinates": [127.05837999999999, 37.58081]}, "properties": {"row": 16, "col": 26, "walk_min": 14.1, "nearest_station_id": "kr_031", "nearest_station_name": "Hoegi", "a": 3, "A": "30-45", "a_inv": 4, "b": 3, "B": "30-45", "b_inv": 4, "c": 3, "C": "30-45", "c_inv": 4, "d": 3, "D": "30-45", "d_inv": 4, "e": 4, "E": "45-60", "e_inv": 3, "f": 4, "F": "45-60", "f_inv": 3, "g": 3, "G": "30-45", "g_inv": 4, "h": 3, "H": "30-45", "h_inv": 4, "i": 4, "I": "45-60", "i_inv": 3, "j": 4, "J": "45-60", "j_inv": 3, "k": 4, "K": "45-60", "k_inv": 3, "l": 4, "L": "45-60", "l_inv": 3, "m": 3, "M": "30-45", "m_inv": 4, "n": 3, "N": "30-45", "n_inv": 4, "o": 3, "O": "30-45", "o_inv": 4, "p": 3, "P": "30-45", "p_inv": 4}}, {"type": "Feature", "geometry": {"type": "Point", "coordinates": [127.004324, 37.472704]}, "properties": {"row": 0, "col": 18, "walk_min": 15.1, "nearest_station_id": "kr_344", "nearest_station_name": "Bangbae", "a": 3, "A": "30-45", "a_inv": 4, "b": 3, "B": "30-45", "b_inv": 4, "c": 3, "C": "30-45", "c_inv": 4, "d": 3, "D": "30-45", "d_inv": 4, "e": 2, "E": "20-30", "e_inv": 5, "f": 2, "F": "20-30", "f_inv": 5, "g": 4, "G": "45-60", "g_inv": 3, "h": 4, "H": "45-60", "h_inv": 3, "i": 1, "I": "10-20", "i_inv": 6, "j": 1, "J": "10-20", "j_inv": 6, "k": 3, "K": "30-45", "k_inv": 4, "l": 3, "L": "30-45", "l_inv": 4, "m": 4, "M": "45-60", "m_inv": 3, "n": 4, "N": "45-60", "n_inv": 3, "o": 4, "O": "45-60", "o_inv": 3, "p": 4, "P": "45-60", "p_inv": 3}}, {"type": "Feature", "geometry": {"type": "Point", "coordinates": [127.04486399999999, 37.526754000000004]}, "properties": {"row": 8, "col": 24, "walk_min": 13.8, "nearest_station_id": "kr_166", "nearest_station_name": "\uccad\ub2f4", "a": 3, "A": "30-45", "a_inv": 4, "b": 3, "B": "30-45", "b_inv": 4, "c": 3, "C": "30-45", "c_inv": 4, "d": 3, "D": "30-45", "d_inv": 4, "e": 2, "E": "20-30", "e_inv": 5, "f": 2, "F": "20-30", "f_inv": 5, "g": 3, "G": "30-45", "g_inv": 4, "h": 3, "H": "30-45", "h_inv": 4, "i": 3, "I": "30-45", "i_inv": 4, "j": 3, "J": "30-45", "j_inv": 4, "k": 3, "K": "30-45", "k_inv": 4, "l": 3, "L": "30-45", "l_inv": 4, "m": 3, "M": "30-45", "m_inv": 4, "n": 3, "N": "30-45", "n_inv": 4, "o": 4, "O": "45-60", "o_inv": 3, "p": 4, "P": "45-60", "p_inv": 3}}, {"type": "Feature", "geometry": {"type": "Point", "coordinates": [127.071894, 37.567294000000004]}, "properties": {"row": 14, "col": 28, "walk_min": 13.4, "nearest_station_id": "kr_103", "nearest_station_name": "\uc7a5\ud55c\ud3c9", "a": 3, "A": "30-45", "a_inv": 4, "b": 3, "B": "30-45", "b_inv": 4, "c": 3, "C": "30-45", "c_inv": 4, "d": 3, "D": "30-45", "d_inv": 4, "e": 3, "E": "30-45", "e_inv": 4, "f": 3, "F": "30-45", "f_inv": 4, "g": 2, "G": "20-30", "g_inv": 5, "h": 2, "H": "20-30", "h_inv": 5, "i": 4, "I": "45-60", "i_inv": 3, "j": 4, "J": "45-60", "j_inv": 3, "k": 3, "K": "30-45", "k_inv": 4, "l": 3, "L": "30-45", "l_inv": 4, "m": 3, "M": "30-45", "m_inv": 4, "n": 3, "N": "30-45", "n_inv": 4, "o": 4, "O": "45-60", "o_inv": 3, "p": 4, "P": "45-60", "p_inv": 3}}, {"type": "Feature", "geometry": {"type": "Point", "coordinates": [126.957024, 37.526754000000004]}, "properties": {"row": 8, "col": 11, "walk_min": 15.9, "nearest_station_id": "kr_397", "nearest_station_name": "Yongsan", "a": 2, "A": "20-30", "a_inv": 5, "b": 2, "B": "20-30", "b_inv": 5, "c": 2, "C": "20-30", "c_inv": 5, "d": 2, "D": "20-30", "d_inv": 5, "e": 3, "E": "30-45", "e_inv": 4, "f": 3, "F": "30-45", "f_inv": 4, "g": 3, "G": "30-45", "g_inv": 4, "h": 3, "H": "30-45", "h_inv": 4, "i": 3, "I": "30-45", "i_inv": 4, "j": 3, "J": "30-45", "j_inv": 4, "k": 4, "K": "45-60", "k_inv": 3, "l": 4, "L": "45-60", "l_inv": 3, "m": 4, "M": "45-60", "m_inv": 3, "n": 4, "N": "45-60", "n_inv": 3, "o": 3, "O": "30-45", "o_inv": 4, "p": 3, "P": "30-45", "p_inv": 4}}, {"type": "Feature", "geometry": {"type": "Point", "coordinates": [126.957024, 37.486214000000004]}, "properties": {"row": 2, "col": 11, "walk_min": 13.2, "nearest_station_id": "kr_370", "nearest_station_name": "Seoul Nat'l University (Gwanak-gu Office)", "a": 3, "A": "30-45", "a_inv": 4, "b": 3, "B": "30-45", "b_inv": 4, "c": 3, "C": "30-45", "c_inv": 4, "d": 3, "D": "30-45", "d_inv": 4, "e": 3, "E": "30-45", "e_inv": 4, "f": 3, "F": "30-45", "f_inv": 4, "g": 4, "G": "45-60", "g_inv": 3, "h": 4, "H": "45-60", "h_inv": 3, "i": 2, "I": "20-30", "i_inv": 5, "j": 2, "J": "20-30", "j_inv": 5, "k": 4, "K": "45-60", "k_inv": 3, "l": 4, "L": "45-60", "l_inv": 3, "m": 4, "M": "45-60", "m_inv": 3, "n": 4, "N": "45-60", "n_inv": 3, "o": 4, "O": "45-60", "o_inv": 3, "p": 4, "P": "45-60", "p_inv": 3}}, {"type": "Feature", "geometry": {"type": "Point", "coordinates": [126.875944, 37.547024]}, "properties": {"row": 11, "col": -1, "walk_min": 9.1, "nearest_station_id": "kr_073", "nearest_station_name": "Yeomchang", "a": 3, "A": "30-45", "a_inv": 4, "b": 3, "B": "30-45", "b_inv": 4, "c": 3, "C": "30-45", "c_inv": 4, "d": 3, "D": "30-45", "d_inv": 4, "e": 3, "E": "30-45", "e_inv": 4, "f": 3, "F": "30-45", "f_inv": 4, "g": 4, "G": "45-60", "g_inv": 3, "h": 4, "H": "45-60", "h_inv": 3, "i": 3, "I": "30-45", "i_inv": 4, "j": 3, "J": "30-45", "j_inv": 4, "k": 4, "K": "45-60", "k_inv": 3, "l": 4, "L": "45-60", "l_inv": 3, "m": 4, "M": "45-60", "m_inv": 3, "n": 4, "N": "45-60", "n_inv": 3, "o": 2, "O": "20-30", "o_inv": 5, "p": 2, "P": "20-30", "p_inv": 5}}, {"type": "Feature", "geometry": {"type": "Point", "coordinates": [126.89621400000001, 37.58081]}, "properties": {"row": 16, "col": 2, "walk_min": 14.8, "nearest_station_id": "kr_327", "nearest_station_name": "\ub514\uc9c0\ud138\ubbf8\ub514\uc5b4\uc2dc\ud2f0", "a": 3, "A": "30-45", "a_inv": 4, "b": 3, "B": "30-45", "b_inv": 4, "c": 3, "C": "30-45", "c_inv": 4, "d": 3, "D": "30-45", "d_inv": 4, "e": 4, "E": "45-60", "e_inv": 3, "f": 4, "F": "45-60", "f_inv": 3, "g": 4, "G": "45-60", "g_inv": 3, "h": 4, "H": "45-60", "h_inv": 3, "i": 4, "I": "45-60", "i_inv": 3, "j": 4, "J": "45-60", "j_inv": 3, "k": 5, "K": "60-90", "k_inv": 2, "l": 5, "L": "60-90", "l_inv": 2, "m": 5, "M": "60-90", "m_inv": 2, "n": 5, "N": "60-90", "n_inv": 2, "o": 4, "O": "45-60", "o_inv": 3, "p": 4, "P": "45-60", "p_inv": 3}}, {"type": "Feature", "geometry": {"type": "Point", "coordinates": [126.977294, 37.513244]}, "properties": {"row": 6, "col": 14, "walk_min": 16.5, "nearest_station_id": "kr_219", "nearest_station_name": "Ichon", "a": 2, "A": "20-30", "a_inv": 5, "b": 2, "B": "20-30", "b_inv": 5, "c": 2, "C": "20-30", "c_inv": 5, "d": 2, "D": "20-30", "d_inv": 5, "e": 3, "E": "30-45", "e_inv": 4, "f": 3, "F": "30-45", "f_inv": 4, "g": 3, "G": "30-45", "g_inv": 4, "h": 3, "H": "30-45", "h_inv": 4, "i": 2, "I": "20-30", "i_inv": 5, "j": 2, "J": "20-30", "j_inv": 5, "k": 3, "K": "30-45", "k_inv": 4, "l": 3, "L": "30-45", "l_inv": 4, "m": 4, "M": "45-60", "m_inv": 3, "n": 4, "N": "45-60", "n_inv": 3, "o": 3, "O": "30-45", "o_inv": 4, "p": 3, "P": "30-45", "p_inv": 4}}, {"type": "Feature", "geometry": {"type": "Point", "coordinates": [127.05837999999999, 37.607839999999996]}, "properties": {"row": 20, "col": 26, "walk_min": 13.7, "nearest_station_id": "kr_165", "nearest_station_name": "\ub3cc\uacf6\uc774", "a": 3, "A": "30-45", "a_inv": 4, "b": 3, "B": "30-45", "b_inv": 4, "c": 3, "C": "30-45", "c_inv": 4, "d": 3, "D": "30-45", "d_inv": 4, "e": 4, "E": "45-60", "e_inv": 3, "f": 4, "F": "45-60", "f_inv": 3, "g": 3, "G": "30-45", "g_inv": 4, "h": 3, "H": "30-45", "h_inv": 4, "i": 4, "I": "45-60", "i_inv": 3, "j": 4, "J": "45-60", "j_inv": 3, "k": 4, "K": "45-60", "k_inv": 3, "l": 4, "L": "45-60", "l_inv": 3, "m": 4, "M": "45-60", "m_inv": 3, "n": 4, "N": "45-60", "n_inv": 3, "o": 4, "O": "45-60", "o_inv": 3, "p": 4, "P": "45-60", "p_inv": 3}}, {"type": "Feature", "geometry": {"type": "Point", "coordinates": [127.07865000000001, 37.526754000000004]}, "properties": {"row": 8, "col": 29, "walk_min": 13.8, "nearest_station_id": "kr_181", "nearest_station_name": "Jayang", "a": 3, "A": "30-45", "a_inv": 4, "b": 3, "B": "30-45", "b_inv": 4, "c": 3, "C": "30-45", "c_inv": 4, "d": 3, "D": "30-45", "d_inv": 4, "e": 3, "E": "30-45", "e_inv": 4, "f": 3, "F": "30-45", "f_inv": 4, "g": 2, "G": "20-30", "g_inv": 5, "h": 2, "H": "20-30", "h_inv": 5, "i": 3, "I": "30-45", "i_inv": 4, "j": 3, "J": "30-45", "j_inv": 4, "k": 3, "K": "30-45", "k_inv": 4, "l": 3, "L": "30-45", "l_inv": 4, "m": 2, "M": "20-30", "m_inv": 5, "n": 2, "N": "20-30", "n_inv": 5, "o": 4, "O": "45-60", "o_inv": 3, "p": 4, "P": "45-60", "p_inv": 3}}, {"type": "Feature", "geometry": {"type": "Point", "coordinates": [126.902974, 37.547024]}, "properties": {"row": 11, "col": 3, "walk_min": 12.7, "nearest_station_id": "kr_211", "nearest_station_name": "\ud569\uc815", "a": 3, "A": "30-45", "a_inv": 4, "b": 3, "B": "30-45", "b_inv": 4, "c": 3, "C": "30-45", "c_inv": 4, "d": 3, "D": "30-45", "d_inv": 4, "e": 4, "E": "45-60", "e_inv": 3, "f": 4, "F": "45-60", "f_inv": 3, "g": 3, "G": "30-45", "g_inv": 4, "h": 3, "H": "30-45", "h_inv": 4, "i": 3, "I": "30-45", "i_inv": 4, "j": 3, "J": "30-45", "j_inv": 4, "k": 4, "K": "45-60", "k_inv": 3, "l": 4, "L": "45-60", "l_inv": 3, "m": 4, "M": "45-60", "m_inv": 3, "n": 4, "N": "45-60", "n_inv": 3, "o": 3, "O": "30-45", "o_inv": 4, "p": 3, "P": "30-45", "p_inv": 4}}, {"type": "Feature", "geometry": {"type": "Point", "coordinates": [126.89621400000001, 37.56054]}, "properties": {"row": 13, "col": 2, "walk_min": 24.6, "nearest_station_id": "kr_259", "nearest_station_name": "\ub9c8\ud3ec\uad6c\uccad", "a": 4, "A": "45-60", "a_inv": 3, "b": 4, "B": "45-60", "b_inv": 3, "c": 4, "C": "45-60", "c_inv": 3, "d": 4, "D": "45-60", "d_inv": 3, "e": 5, "E": "60-90", "e_inv": 2, "f": 5, "F": "60-90", "f_inv": 2, "g": 4, "G": "45-60", "g_inv": 3, "h": 4, "H": "45-60", "h_inv": 3, "i": 4, "I": "45-60", "i_inv": 3, "j": 4, "J": "45-60", "j_inv": 3, "k": 5, "K": "60-90", "k_inv": 2, "l": 5, "L": "60-90", "l_inv": 2, "m": 5, "M": "60-90", "m_inv": 2, "n": 5, "N": "60-90", "n_inv": 2, "o": 4, "O": "45-60", "o_inv": 3, "p": 4, "P": "45-60", "p_inv": 3}}, {"type": "Feature", "geometry": {"type": "Point", "coordinates": [126.94351400000001, 37.472704]}, "properties": {"row": 0, "col": 9, "walk_min": 14.7, "nearest_station_id": "kr_377", "nearest_station_name": "Bongcheon", "a": 3, "A": "30-45", "a_inv": 4, "b": 3, "B": "30-45", "b_inv": 4, "c": 4, "C": "45-60", "c_inv": 3, "d": 4, "D": "45-60", "d_inv": 3, "e": 3, "E": "30-45", "e_inv": 4, "f": 3, "F": "30-45", "f_inv": 4, "g": 4, "G": "45-60", "g_inv": 3, "h": 4, "H": "45-60", "h_inv": 3, "i": 2, "I": "20-30", "i_inv": 5, "j": 2, "J": "20-30", "j_inv": 5, "k": 4, "K": "45-60", "k_inv": 3, "l": 4, "L": "45-60", "l_inv": 3, "m": 4, "M": "45-60", "m_inv": 3, "n": 4, "N": "45-60", "n_inv": 3, "o": 3, "O": "30-45", "o_inv": 4, "p": 3, "P": "30-45", "p_inv": 4}}, {"type": "Feature", "geometry": {"type": "Point", "coordinates": [127.05162399999999, 37.533514000000004]}, "properties": {"row": 9, "col": 25, "walk_min": 12.0, "nearest_station_id": "kr_186", "nearest_station_name": "Seongsu", "a": 3, "A": "30-45", "a_inv": 4, "b": 3, "B": "30-45", "b_inv": 4, "c": 3, "C": "30-45", "c_inv": 4, "d": 3, "D": "30-45", "d_inv": 4, "e": 3, "E": "30-45", "e_inv": 4, "f": 3, "F": "30-45", "f_inv": 4, "g": 2, "G": "20-30", "g_inv": 5, "h": 2, "H": "20-30", "h_inv": 5, "i": 4, "I": "45-60", "i_inv": 3, "j": 4, "J": "45-60", "j_inv": 3, "k": 3, "K": "30-45", "k_inv": 4, "l": 3, "L": "30-45", "l_inv": 4, "m": 2, "M": "20-30", "m_inv": 5, "n": 2, "N": "20-30", "n_inv": 5, "o": 4, "O": "45-60", "o_inv": 3, "p": 4, "P": "45-60", "p_inv": 3}}, {"type": "Feature", "geometry": {"type": "Point", "coordinates": [126.99756400000001, 37.55378399999999]}, "properties": {"row": 12, "col": 17, "walk_min": 15.5, "nearest_station_id": "kr_030", "nearest_station_name": "Chungmuro", "a": 2, "A": "20-30", "a_inv": 5, "b": 2, "B": "20-30", "b_inv": 5, "c": 2, "C": "20-30", "c_inv": 5, "d": 2, "D": "20-30", "d_inv": 5, "e": 3, "E": "30-45", "e_inv": 4, "f": 3, "F": "30-45", "f_inv": 4, "g": 2, "G": "20-30", "g_inv": 5, "h": 2, "H": "20-30", "h_inv": 5, "i": 3, "I": "30-45", "i_inv": 4, "j": 3, "J": "30-45", "j_inv": 4, "k": 4, "K": "45-60", "k_inv": 3, "l": 4, "L": "45-60", "l_inv": 3, "m": 3, "M": "30-45", "m_inv": 4, "n": 3, "N": "30-45", "n_inv": 4, "o": 3, "O": "30-45", "o_inv": 4, "p": 3, "P": "30-45", "p_inv": 4}}, {"type": "Feature", "geometry": {"type": "Point", "coordinates": [126.89621400000001, 37.479459999999996]}, "properties": {"row": 1, "col": 2, "walk_min": 16.2, "nearest_station_id": "kr_288", "nearest_station_name": "Guro Digital Complex", "a": 3, "A": "30-45", "a_inv": 4, "b": 3, "B": "30-45", "b_inv": 4, "c": 3, "C": "30-45", "c_inv": 4, "d": 3, "D": "30-45", "d_inv": 4, "e": 3, "E": "30-45", "e_inv": 4, "f": 3, "F": "30-45", "f_inv": 4, "g": 4, "G": "45-60", "g_inv": 3, "h": 4, "H": "45-60", "h_inv": 3, "i": 3, "I": "30-45", "i_inv": 4, "j": 3, "J": "30-45", "j_inv": 4, "k": 4, "K": "45-60", "k_inv": 3, "l": 4, "L": "45-60", "l_inv": 3, "m": 5, "M": "60-90", "m_inv": 2, "n": 5, "N": "60-90", "n_inv": 2, "o": 3, "O": "30-45", "o_inv": 4, "p": 3, "P": "30-45", "p_inv": 4}}, {"type": "Feature", "geometry": {"type": "Point", "coordinates": [126.936754, 37.472704]}, "properties": {"row": 0, "col": 8, "walk_min": 14.3, "nearest_station_id": "kr_377", "nearest_station_name": "Bongcheon", "a": 3, "A": "30-45", "a_inv": 4, "b": 3, "B": "30-45", "b_inv": 4, "c": 4, "C": "45-60", "c_inv": 3, "d": 4, "D": "45-60", "d_inv": 3, "e": 3, "E": "30-45", "e_inv": 4, "f": 3, "F": "30-45", "f_inv": 4, "g": 4, "G": "45-60", "g_inv": 3, "h": 4, "H": "45-60", "h_inv": 3, "i": 2, "I": "20-30", "i_inv": 5, "j": 2, "J": "20-30", "j_inv": 5, "k": 4, "K": "45-60", "k_inv": 3, "l": 4, "L": "45-60", "l_inv": 3, "m": 4, "M": "45-60", "m_inv": 3, "n": 4, "N": "45-60", "n_inv": 3, "o": 3, "O": "30-45", "o_inv": 4, "p": 3, "P": "30-45", "p_inv": 4}}, {"type": "Feature", "geometry": {"type": "Point", "coordinates": [126.902974, 37.479459999999996]}, "properties": {"row": 1, "col": 3, "walk_min": 17.0, "nearest_station_id": "kr_288", "nearest_station_name": "Guro Digital Complex", "a": 3, "A": "30-45", "a_inv": 4, "b": 3, "B": "30-45", "b_inv": 4, "c": 3, "C": "30-45", "c_inv": 4, "d": 3, "D": "30-45", "d_inv": 4, "e": 3, "E": "30-45", "e_inv": 4, "f": 3, "F": "30-45", "f_inv": 4, "g": 4, "G": "45-60", "g_inv": 3, "h": 4, "H": "45-60", "h_inv": 3, "i": 3, "I": "30-45", "i_inv": 4, "j": 3, "J": "30-45", "j_inv": 4, "k": 4, "K": "45-60", "k_inv": 3, "l": 4, "L": "45-60", "l_inv": 3, "m": 5, "M": "60-90", "m_inv": 2, "n": 5, "N": "60-90", "n_inv": 2, "o": 3, "O": "30-45", "o_inv": 4, "p": 3, "P": "30-45", "p_inv": 4}}, {"type": "Feature", "geometry": {"type": "Point", "coordinates": [127.01784, 37.607839999999996]}, "properties": {"row": 20, "col": 20, "walk_min": 14.7, "nearest_station_id": "kr_082", "nearest_station_name": "Gireum", "a": 3, "A": "30-45", "a_inv": 4, "b": 3, "B": "30-45", "b_inv": 4, "c": 3, "C": "30-45", "c_inv": 4, "d": 3, "D": "30-45", "d_inv": 4, "e": 4, "E": "45-60", "e_inv": 3, "f": 4, "F": "45-60", "f_inv": 3, "g": 3, "G": "30-45", "g_inv": 4, "h": 3, "H": "30-45", "h_inv": 4, "i": 4, "I": "45-60", "i_inv": 3, "j": 4, "J": "45-60", "j_inv": 3, "k": 4, "K": "45-60", "k_inv": 3, "l": 4, "L": "45-60", "l_inv": 3, "m": 3, "M": "30-45", "m_inv": 4, "n": 3, "N": "30-45", "n_inv": 4, "o": 3, "O": "30-45", "o_inv": 4, "p": 3, "P": "30-45", "p_inv": 4}}, {"type": "Feature", "geometry": {"type": "Point", "coordinates": [127.07865000000001, 37.533514000000004]}, "properties": {"row": 9, "col": 29, "walk_min": 13.8, "nearest_station_id": "kr_210", "nearest_station_name": "Guui(Gwangjin-gu Office)", "a": 3, "A": "30-45", "a_inv": 4, "b": 3, "B": "30-45", "b_inv": 4, "c": 3, "C": "30-45", "c_inv": 4, "d": 3, "D": "30-45", "d_inv": 4, "e": 3, "E": "30-45", "e_inv": 4, "f": 3, "F": "30-45", "f_inv": 4, "g": 2, "G": "20-30", "g_inv": 5, "h": 2, "H": "20-30", "h_inv": 5, "i": 4, "I": "45-60", "i_inv": 3, "j": 4, "J": "45-60", "j_inv": 3, "k": 2, "K": "20-30", "k_inv": 5, "l": 2, "L": "20-30", "l_inv": 5, "m": 2, "M": "20-30", "m_inv": 5, "n": 2, "N": "20-30", "n_inv": 5, "o": 4, "O": "45-60", "o_inv": 3, "p": 4, "P": "45-60", "p_inv": 3}}, {"type": "Feature", "geometry": {"type": "Point", "coordinates": [126.923244, 37.587564]}, "properties": {"row": 17, "col": 6, "walk_min": 15.0, "nearest_station_id": "kr_340", "nearest_station_name": "Saejeol", "a": 4, "A": "45-60", "a_inv": 3, "b": 4, "B": "45-60", "b_inv": 3, "c": 3, "C": "30-45", "c_inv": 4, "d": 3, "D": "30-45", "d_inv": 4, "e": 4, "E": "45-60", "e_inv": 3, "f": 4, "F": "45-60", "f_inv": 3, "g": 4, "G": "45-60", "g_inv": 3, "h": 4, "H": "45-60", "h_inv": 3, "i": 4, "I": "45-60", "i_inv": 3, "j": 4, "J": "45-60", "j_inv": 3, "k": 5, "K": "60-90", "k_inv": 2, "l": 5, "L": "60-90", "l_inv": 2, "m": 4, "M": "45-60", "m_inv": 3, "n": 4, "N": "45-60", "n_inv": 3, "o": 4, "O": "45-60", "o_inv": 3, "p": 4, "P": "45-60", "p_inv": 3}}, {"type": "Feature", "geometry": {"type": "Point", "coordinates": [126.936754, 37.58081]}, "properties": {"row": 16, "col": 8, "walk_min": 15.5, "nearest_station_id": "kr_110", "nearest_station_name": "Hongje (Seoul Culture Arts Univ.)", "a": 3, "A": "30-45", "a_inv": 4, "b": 3, "B": "30-45", "b_inv": 4, "c": 3, "C": "30-45", "c_inv": 4, "d": 3, "D": "30-45", "d_inv": 4, "e": 4, "E": "45-60", "e_inv": 3, "f": 4, "F": "45-60", "f_inv": 3, "g": 3, "G": "30-45", "g_inv": 4, "h": 3, "H": "30-45", "h_inv": 4, "i": 4, "I": "45-60", "i_inv": 3, "j": 4, "J": "45-60", "j_inv": 3, "k": 4, "K": "45-60", "k_inv": 3, "l": 4, "L": "45-60", "l_inv": 3, "m": 4, "M": "45-60", "m_inv": 3, "n": 4, "N": "45-60", "n_inv": 3, "o": 3, "O": "30-45", "o_inv": 4, "p": 3, "P": "30-45", "p_inv": 4}}, {"type": "Feature", "geometry": {"type": "Point", "coordinates": [127.085404, 37.547024]}, "properties": {"row": 11, "col": 30, "walk_min": 12.0, "nearest_station_id": "kr_087", "nearest_station_name": "\uc544\ucc28\uc0b0", "a": 3, "A": "30-45", "a_inv": 4, "b": 3, "B": "30-45", "b_inv": 4, "c": 3, "C": "30-45", "c_inv": 4, "d": 3, "D": "30-45", "d_inv": 4, "e": 3, "E": "30-45", "e_inv": 4, "f": 3, "F": "30-45", "f_inv": 4, "g": 2, "G": "20-30", "g_inv": 5, "h": 2, "H": "20-30", "h_inv": 5, "i": 3, "I": "30-45", "i_inv": 4, "j": 3, "J": "30-45", "j_inv": 4, "k": 3, "K": "30-45", "k_inv": 4, "l": 3, "L": "30-45", "l_inv": 4, "m": 3, "M": "30-45", "m_inv": 4, "n": 3, "N": "30-45", "n_inv": 4, "o": 4, "O": "45-60", "o_inv": 3, "p": 4, "P": "45-60", "p_inv": 3}}, {"type": "Feature", "geometry": {"type": "Point", "coordinates": [126.94351400000001, 37.492974000000004]}, "properties": {"row": 3, "col": 9, "walk_min": 12.8, "nearest_station_id": "kr_213", "nearest_station_name": "\uc22d\uc2e4\ub300\uc785\uad6c", "a": 3, "A": "30-45", "a_inv": 4, "b": 3, "B": "30-45", "b_inv": 4, "c": 4, "C": "45-60", "c_inv": 3, "d": 4, "D": "45-60", "d_inv": 3, "e": 3, "E": "30-45", "e_inv": 4, "f": 3, "F": "30-45", "f_inv": 4, "g": 4, "G": "45-60", "g_inv": 3, "h": 4, "H": "45-60", "h_inv": 3, "i": 3, "I": "30-45", "i_inv": 4, "j": 3, "J": "30-45", "j_inv": 4, "k": 4, "K": "45-60", "k_inv": 3, "l": 4, "L": "45-60", "l_inv": 3, "m": 4, "M": "45-60", "m_inv": 3, "n": 4, "N": "45-60", "n_inv": 3, "o": 4, "O": "45-60", "o_inv": 3, "p": 4, "P": "45-60", "p_inv": 3}}, {"type": "Feature", "geometry": {"type": "Point", "coordinates": [126.99081000000001, 37.587564]}, "properties": {"row": 17, "col": 16, "walk_min": 15.0, "nearest_station_id": "kr_057", "nearest_station_name": "Hyehwa", "a": 2, "A": "20-30", "a_inv": 5, "b": 2, "B": "20-30", "b_inv": 5, "c": 2, "C": "20-30", "c_inv": 5, "d": 2, "D": "20-30", "d_inv": 5, "e": 3, "E": "30-45", "e_inv": 4, "f": 3, "F": "30-45", "f_inv": 4, "g": 2, "G": "20-30", "g_inv": 5, "h": 2, "H": "20-30", "h_inv": 5, "i": 4, "I": "45-60", "i_inv": 3, "j": 4, "J": "45-60", "j_inv": 3, "k": 4, "K": "45-60", "k_inv": 3, "l": 4, "L": "45-60", "l_inv": 3, "m": 3, "M": "30-45", "m_inv": 4, "n": 3, "N": "30-45", "n_inv": 4, "o": 3, "O": "30-45", "o_inv": 4, "p": 3, "P": "30-45", "p_inv": 4}}, {"type": "Feature", "geometry": {"type": "Point", "coordinates": [127.085404, 37.513244]}, "properties": {"row": 6, "col": 30, "walk_min": 15.9, "nearest_station_id": "kr_157", "nearest_station_name": "Jamsilsaenae", "a": 4, "A": "45-60", "a_inv": 3, "b": 4, "B": "45-60", "b_inv": 3, "c": 4, "C": "45-60", "c_inv": 3, "d": 4, "D": "45-60", "d_inv": 3, "e": 2, "E": "20-30", "e_inv": 5, "f": 2, "F": "20-30", "f_inv": 5, "g": 3, "G": "30-45", "g_inv": 4, "h": 3, "H": "30-45", "h_inv": 4, "i": 3, "I": "30-45", "i_inv": 4, "j": 3, "J": "30-45", "j_inv": 4, "k": 1, "K": "10-20", "k_inv": 6, "l": 1, "L": "10-20", "l_inv": 6, "m": 2, "M": "20-30", "m_inv": 5, "n": 2, "N": "20-30", "n_inv": 5, "o": 4, "O": "45-60", "o_inv": 3, "p": 4, "P": "45-60", "p_inv": 3}}, {"type": "Feature", "geometry": {"type": "Point", "coordinates": [126.936754, 37.492974000000004]}, "properties": {"row": 3, "col": 8, "walk_min": 13.7, "nearest_station_id": "kr_299", "nearest_station_name": "\uc2e0\ub300\ubc29\uc0bc\uac70\ub9ac", "a": 4, "A": "45-60", "a_inv": 3, "b": 4, "B": "45-60", "b_inv": 3, "c": 4, "C": "45-60", "c_inv": 3, "d": 4, "D": "45-60", "d_inv": 3, "e": 3, "E": "30-45", "e_inv": 4, "f": 3, "F": "30-45", "f_inv": 4, "g": 4, "G": "45-60", "g_inv": 3, "h": 4, "H": "45-60", "h_inv": 3, "i": 3, "I": "30-45", "i_inv": 4, "j": 3, "J": "30-45", "j_inv": 4, "k": 4, "K": "45-60", "k_inv": 3, "l": 4, "L": "45-60", "l_inv": 3, "m": 5, "M": "60-90", "m_inv": 2, "n": 5, "N": "60-90", "n_inv": 2, "o": 4, "O": "45-60", "o_inv": 3, "p": 4, "P": "45-60", "p_inv": 3}}, {"type": "Feature", "geometry": {"type": "Point", "coordinates": [126.88270399999999, 37.533514000000004]}, "properties": {"row": 9, "col": 0, "walk_min": 15.6, "nearest_station_id": "kr_314", "nearest_station_name": "Yangpyeong", "a": 3, "A": "30-45", "a_inv": 4, "b": 3, "B": "30-45", "b_inv": 4, "c": 3, "C": "30-45", "c_inv": 4, "d": 3, "D": "30-45", "d_inv": 4, "e": 3, "E": "30-45", "e_inv": 4, "f": 3, "F": "30-45", "f_inv": 4, "g": 4, "G": "45-60", "g_inv": 3, "h": 4, "H": "45-60", "h_inv": 3, "i": 3, "I": "30-45", "i_inv": 4, "j": 3, "J": "30-45", "j_inv": 4, "k": 4, "K": "45-60", "k_inv": 3, "l": 4, "L": "45-60", "l_inv": 3, "m": 5, "M": "60-90", "m_inv": 2, "n": 5, "N": "60-90", "n_inv": 2, "o": 3, "O": "30-45", "o_inv": 4, "p": 3, "P": "30-45", "p_inv": 4}}, {"type": "Feature", "geometry": {"type": "Point", "coordinates": [127.085404, 37.607839999999996]}, "properties": {"row": 20, "col": 30, "walk_min": 10.7, "nearest_station_id": "kr_163", "nearest_station_name": "\uba39\uace8", "a": 4, "A": "45-60", "a_inv": 3, "b": 4, "B": "45-60", "b_inv": 3, "c": 4, "C": "45-60", "c_inv": 3, "d": 4, "D": "45-60", "d_inv": 3, "e": 4, "E": "45-60", "e_inv": 3, "f": 4, "F": "45-60", "f_inv": 3, "g": 3, "G": "30-45", "g_inv": 4, "h": 3, "H": "30-45", "h_inv": 4, "i": 4, "I": "45-60", "i_inv": 3, "j": 4, "J": "45-60", "j_inv": 3, "k": 4, "K": "45-60", "k_inv": 3, "l": 4, "L": "45-60", "l_inv": 3, "m": 3, "M": "30-45", "m_inv": 4, "n": 3, "N": "30-45", "n_inv": 4, "o": 4, "O": "45-60", "o_inv": 3, "p": 4, "P": "45-60", "p_inv": 3}}, {"type": "Feature", "geometry": {"type": "Point", "coordinates": [127.05162399999999, 37.607839999999996]}, "properties": {"row": 20, "col": 25, "walk_min": 14.8, "nearest_station_id": "kr_165", "nearest_station_name": "\ub3cc\uacf6\uc774", "a": 3, "A": "30-45", "a_inv": 4, "b": 3, "B": "30-45", "b_inv": 4, "c": 3, "C": "30-45", "c_inv": 4, "d": 3, "D": "30-45", "d_inv": 4, "e": 4, "E": "45-60", "e_inv": 3, "f": 4, "F": "45-60", "f_inv": 3, "g": 3, "G": "30-45", "g_inv": 4, "h": 3, "H": "30-45", "h_inv": 4, "i": 4, "I": "45-60", "i_inv": 3, "j": 4, "J": "45-60", "j_inv": 3, "k": 4, "K": "45-60", "k_inv": 3, "l": 4, "L": "45-60", "l_inv": 3, "m": 4, "M": "45-60", "m_inv": 3, "n": 4, "N": "45-60", "n_inv": 3, "o": 4, "O": "45-60", "o_inv": 3, "p": 4, "P": "45-60", "p_inv": 3}}, {"type": "Feature", "geometry": {"type": "Point", "coordinates": [127.03811, 37.492974000000004]}, "properties": {"row": 3, "col": 23, "walk_min": 13.7, "nearest_station_id": "kr_252", "nearest_station_name": "Yeoksam", "a": 3, "A": "30-45", "a_inv": 4, "b": 3, "B": "30-45", "b_inv": 4, "c": 3, "C": "30-45", "c_inv": 4, "d": 3, "D": "30-45", "d_inv": 4, "e": 1, "E": "10-20", "e_inv": 6, "f": 1, "F": "10-20", "f_inv": 6, "g": 3, "G": "30-45", "g_inv": 4, "h": 3, "H": "30-45", "h_inv": 4, "i": 2, "I": "20-30", "i_inv": 5, "j": 2, "J": "20-30", "j_inv": 5, "k": 2, "K": "20-30", "k_inv": 5, "l": 2, "L": "20-30", "l_inv": 5, "m": 3, "M": "30-45", "m_inv": 4, "n": 3, "N": "30-45", "n_inv": 4, "o": 4, "O": "45-60", "o_inv": 3, "p": 4, "P": "45-60", "p_inv": 3}}, {"type": "Feature", "geometry": {"type": "Point", "coordinates": [126.89621400000001, 37.547024]}, "properties": {"row": 11, "col": 2, "walk_min": 12.1, "nearest_station_id": "kr_387", "nearest_station_name": "Seonyudo", "a": 3, "A": "30-45", "a_inv": 4, "b": 3, "B": "30-45", "b_inv": 4, "c": 3, "C": "30-45", "c_inv": 4, "d": 3, "D": "30-45", "d_inv": 4, "e": 3, "E": "30-45", "e_inv": 4, "f": 3, "F": "30-45", "f_inv": 4, "g": 4, "G": "45-60", "g_inv": 3, "h": 4, "H": "45-60", "h_inv": 3, "i": 3, "I": "30-45", "i_inv": 4, "j": 3, "J": "30-45", "j_inv": 4, "k": 4, "K": "45-60", "k_inv": 3, "l": 4, "L": "45-60", "l_inv": 3, "m": 4, "M": "45-60", "m_inv": 3, "n": 4, "N": "45-60", "n_inv": 3, "o": 2, "O": "20-30", "o_inv": 5, "p": 2, "P": "20-30", "p_inv": 5}}, {"type": "Feature", "geometry": {"type": "Point", "coordinates": [126.923244, 37.54027]}, "properties": {"row": 10, "col": 6, "walk_min": 16.6, "nearest_station_id": "kr_184", "nearest_station_name": "\uc0c1\uc218", "a": 3, "A": "30-45", "a_inv": 4, "b": 3, "B": "30-45", "b_inv": 4, "c": 3, "C": "30-45", "c_inv": 4, "d": 3, "D": "30-45", "d_inv": 4, "e": 4, "E": "45-60", "e_inv": 3, "f": 4, "F": "45-60", "f_inv": 3, "g": 4, "G": "45-60", "g_inv": 3, "h": 4, "H": "45-60", "h_inv": 3, "i": 3, "I": "30-45", "i_inv": 4, "j": 3, "J": "30-45", "j_inv": 4, "k": 4, "K": "45-60", "k_inv": 3, "l": 4, "L": "45-60", "l_inv": 3, "m": 4, "M": "45-60", "m_inv": 3, "n": 4, "N": "45-60", "n_inv": 3, "o": 3, "O": "30-45", "o_inv": 4, "p": 3, "P": "30-45", "p_inv": 4}}, {"type": "Feature", "geometry": {"type": "Point", "coordinates": [126.902974, 37.601084]}, "properties": {"row": 19, "col": 3, "walk_min": 16.3, "nearest_station_id": "kr_318", "nearest_station_name": "\uc751\uc554", "a": 4, "A": "45-60", "a_inv": 3, "b": 4, "B": "45-60", "b_inv": 3, "c": 3, "C": "30-45", "c_inv": 4, "d": 3, "D": "30-45", "d_inv": 4, "e": 5, "E": "60-90", "e_inv": 2, "f": 5, "F": "60-90", "f_inv": 2, "g": 4, "G": "45-60", "g_inv": 3, "h": 4, "H": "45-60", "h_inv": 3, "i": 4, "I": "45-60", "i_inv": 3, "j": 4, "J": "45-60", "j_inv": 3, "k": 5, "K": "60-90", "k_inv": 2, "l": 5, "L": "60-90", "l_inv": 2, "m": 4, "M": "45-60", "m_inv": 3, "n": 4, "N": "45-60", "n_inv": 3, "o": 4, "O": "45-60", "o_inv": 3, "p": 4, "P": "45-60", "p_inv": 3}}, {"type": "Feature", "geometry": {"type": "Point", "coordinates": [126.90973000000001, 37.574054000000004]}, "properties": {"row": 15, "col": 4, "walk_min": 15.6, "nearest_station_id": "kr_327", "nearest_station_name": "\ub514\uc9c0\ud138\ubbf8\ub514\uc5b4\uc2dc\ud2f0", "a": 3, "A": "30-45", "a_inv": 4, "b": 3, "B": "30-45", "b_inv": 4, "c": 3, "C": "30-45", "c_inv": 4, "d": 3, "D": "30-45", "d_inv": 4, "e": 4, "E": "45-60", "e_inv": 3, "f": 4, "F": "45-60", "f_inv": 3, "g": 4, "G": "45-60", "g_inv": 3, "h": 4, "H": "45-60", "h_inv": 3, "i": 4, "I": "45-60", "i_inv": 3, "j": 4, "J": "45-60", "j_inv": 3, "k": 5, "K": "60-90", "k_inv": 2, "l": 5, "L": "60-90", "l_inv": 2, "m": 5, "M": "60-90", "m_inv": 2, "n": 5, "N": "60-90", "n_inv": 2, "o": 4, "O": "45-60", "o_inv": 3, "p": 4, "P": "45-60", "p_inv": 3}}, {"type": "Feature", "geometry": {"type": "Point", "coordinates": [126.98405400000001, 37.587564]}, "properties": {"row": 17, "col": 15, "walk_min": 15.8, "nearest_station_id": "kr_022", "nearest_station_name": "Anguk", "a": 2, "A": "20-30", "a_inv": 5, "b": 2, "B": "20-30", "b_inv": 5, "c": 2, "C": "20-30", "c_inv": 5, "d": 2, "D": "20-30", "d_inv": 5, "e": 3, "E": "30-45", "e_inv": 4, "f": 3, "F": "30-45", "f_inv": 4, "g": 2, "G": "20-30", "g_inv": 5, "h": 2, "H": "20-30", "h_inv": 5, "i": 3, "I": "30-45", "i_inv": 4, "j": 3, "J": "30-45", "j_inv": 4, "k": 4, "K": "45-60", "k_inv": 3, "l": 4, "L": "45-60", "l_inv": 3, "m": 3, "M": "30-45", "m_inv": 4, "n": 3, "N": "30-45", "n_inv": 4, "o": 3, "O": "30-45", "o_inv": 4, "p": 3, "P": "30-45", "p_inv": 4}}, {"type": "Feature", "geometry": {"type": "Point", "coordinates": [127.05162399999999, 37.479459999999996]}, "properties": {"row": 1, "col": 25, "walk_min": 15.8, "nearest_station_id": "kr_250", "nearest_station_name": "Maebong", "a": 4, "A": "45-60", "a_inv": 3, "b": 4, "B": "45-60", "b_inv": 3, "c": 4, "C": "45-60", "c_inv": 3, "d": 4, "D": "45-60", "d_inv": 3, "e": 2, "E": "20-30", "e_inv": 5, "f": 2, "F": "20-30", "f_inv": 5, "g": 4, "G": "45-60", "g_inv": 3, "h": 4, "H": "45-60", "h_inv": 3, "i": 3, "I": "30-45", "i_inv": 4, "j": 3, "J": "30-45", "j_inv": 4, "k": 3, "K": "30-45", "k_inv": 4, "l": 3, "L": "30-45", "l_inv": 4, "m": 4, "M": "45-60", "m_inv": 3, "n": 4, "N": "45-60", "n_inv": 3, "o": 4, "O": "45-60", "o_inv": 3, "p": 4, "P": "45-60", "p_inv": 3}}, {"type": "Feature", "geometry": {"type": "Point", "coordinates": [126.95027, 37.567294000000004]}, "properties": {"row": 14, "col": 10, "walk_min": 16.4, "nearest_station_id": "kr_083", "nearest_station_name": "Dongnimmun", "a": 2, "A": "20-30", "a_inv": 5, "b": 2, "B": "20-30", "b_inv": 5, "c": 2, "C": "20-30", "c_inv": 5, "d": 2, "D": "20-30", "d_inv": 5, "e": 4, "E": "45-60", "e_inv": 3, "f": 4, "F": "45-60", "f_inv": 3, "g": 3, "G": "30-45", "g_inv": 4, "h": 3, "H": "30-45", "h_inv": 4, "i": 4, "I": "45-60", "i_inv": 3, "j": 4, "J": "45-60", "j_inv": 3, "k": 4, "K": "45-60", "k_inv": 3, "l": 4, "L": "45-60", "l_inv": 3, "m": 3, "M": "30-45", "m_inv": 4, "n": 3, "N": "30-45", "n_inv": 4, "o": 3, "O": "30-45", "o_inv": 4, "p": 3, "P": "30-45", "p_inv": 4}}, {"type": "Feature", "geometry": {"type": "Point", "coordinates": [126.98405400000001, 37.547024]}, "properties": {"row": 11, "col": 15, "walk_min": 15.0, "nearest_station_id": "kr_242", "nearest_station_name": "Sookmyung Women's Univ.", "a": 1, "A": "10-20", "a_inv": 6, "b": 1, "B": "10-20", "b_inv": 6, "c": 2, "C": "20-30", "c_inv": 5, "d": 2, "D": "20-30", "d_inv": 5, "e": 3, "E": "30-45", "e_inv": 4, "f": 3, "F": "30-45", "f_inv": 4, "g": 3, "G": "30-45", "g_inv": 4, "h": 3, "H": "30-45", "h_inv": 4, "i": 3, "I": "30-45", "i_inv": 4, "j": 3, "J": "30-45", "j_inv": 4, "k": 4, "K": "45-60", "k_inv": 3, "l": 4, "L": "45-60", "l_inv": 3, "m": 3, "M": "30-45", "m_inv": 4, "n": 3, "N": "30-45", "n_inv": 4, "o": 3, "O": "30-45", "o_inv": 4, "p": 3, "P": "30-45", "p_inv": 4}}, {"type": "Feature", "geometry": {"type": "Point", "coordinates": [127.05837999999999, 37.479459999999996]}, "properties": {"row": 1, "col": 26, "walk_min": 20.1, "nearest_station_id": "kr_164", "nearest_station_name": "Dogok", "a": 4, "A": "45-60", "a_inv": 3, "b": 4, "B": "45-60", "b_inv": 3, "c": 4, "C": "45-60", "c_inv": 3, "d": 4, "D": "45-60", "d_inv": 3, "e": 2, "E": "20-30", "e_inv": 5, "f": 2, "F": "20-30", "f_inv": 5, "g": 4, "G": "45-60", "g_inv": 3, "h": 4, "H": "45-60", "h_inv": 3, "i": 3, "I": "30-45", "i_inv": 4, "j": 3, "J": "30-45", "j_inv": 4, "k": 3, "K": "30-45", "k_inv": 4, "l": 3, "L": "30-45", "l_inv": 4, "m": 4, "M": "45-60", "m_inv": 3, "n": 4, "N": "45-60", "n_inv": 3, "o": 4, "O": "45-60", "o_inv": 3, "p": 4, "P": "45-60", "p_inv": 3}}, {"type": "Feature", "geometry": {"type": "Point", "coordinates": [127.03811, 37.54027]}, "properties": {"row": 10, "col": 23, "walk_min": 17.6, "nearest_station_id": "kr_285", "nearest_station_name": "Ttukseom", "a": 3, "A": "30-45", "a_inv": 4, "b": 3, "B": "30-45", "b_inv": 4, "c": 3, "C": "30-45", "c_inv": 4, "d": 3, "D": "30-45", "d_inv": 4, "e": 4, "E": "45-60", "e_inv": 3, "f": 4, "F": "45-60", "f_inv": 3, "g": 2, "G": "20-30", "g_inv": 5, "h": 2, "H": "20-30", "h_inv": 5, "i": 4, "I": "45-60", "i_inv": 3, "j": 4, "J": "45-60", "j_inv": 3, "k": 3, "K": "30-45", "k_inv": 4, "l": 3, "L": "30-45", "l_inv": 4, "m": 2, "M": "20-30", "m_inv": 5, "n": 2, "N": "20-30", "n_inv": 5, "o": 4, "O": "45-60", "o_inv": 3, "p": 4, "P": "45-60", "p_inv": 3}}, {"type": "Feature", "geometry": {"type": "Point", "coordinates": [127.05162399999999, 37.601084]}, "properties": {"row": 19, "col": 25, "walk_min": 18.2, "nearest_station_id": "kr_154", "nearest_station_name": "\uc0c1\uc6d4\uace1", "a": 3, "A": "30-45", "a_inv": 4, "b": 3, "B": "30-45", "b_inv": 4, "c": 3, "C": "30-45", "c_inv": 4, "d": 3, "D": "30-45", "d_inv": 4, "e": 4, "E": "45-60", "e_inv": 3, "f": 4, "F": "45-60", "f_inv": 3, "g": 3, "G": "30-45", "g_inv": 4, "h": 3, "H": "30-45", "h_inv": 4, "i": 5, "I": "60-90", "i_inv": 2, "j": 5, "J": "60-90", "j_inv": 2, "k": 4, "K": "45-60", "k_inv": 3, "l": 4, "L": "45-60", "l_inv": 3, "m": 4, "M": "45-60", "m_inv": 3, "n": 4, "N": "45-60", "n_inv": 3, "o": 4, "O": "45-60", "o_inv": 3, "p": 4, "P": "45-60", "p_inv": 3}}, {"type": "Feature", "geometry": {"type": "Point", "coordinates": [127.071894, 37.587564]}, "properties": {"row": 17, "col": 28, "walk_min": 17.3, "nearest_station_id": "kr_034", "nearest_station_name": "Hankuk University of Foreign Studies", "a": 3, "A": "30-45", "a_inv": 4, "b": 3, "B": "30-45", "b_inv": 4, "c": 3, "C": "30-45", "c_inv": 4, "d": 3, "D": "30-45", "d_inv": 4, "e": 4, "E": "45-60", "e_inv": 3, "f": 4, "F": "45-60", "f_inv": 3, "g": 3, "G": "30-45", "g_inv": 4, "h": 3, "H": "30-45", "h_inv": 4, "i": 4, "I": "45-60", "i_inv": 3, "j": 4, "J": "45-60", "j_inv": 3, "k": 4, "K": "45-60", "k_inv": 3, "l": 4, "L": "45-60", "l_inv": 3, "m": 3, "M": "30-45", "m_inv": 4, "n": 3, "N": "30-45", "n_inv": 4, "o": 4, "O": "45-60", "o_inv": 3, "p": 4, "P": "45-60", "p_inv": 3}}, {"type": "Feature", "geometry": {"type": "Point", "coordinates": [126.97054, 37.492974000000004]}, "properties": {"row": 3, "col": 13, "walk_min": 17.8, "nearest_station_id": "kr_182", "nearest_station_name": "\ub0a8\uc131", "a": 3, "A": "30-45", "a_inv": 4, "b": 3, "B": "30-45", "b_inv": 4, "c": 3, "C": "30-45", "c_inv": 4, "d": 3, "D": "30-45", "d_inv": 4, "e": 3, "E": "30-45", "e_inv": 4, "f": 3, "F": "30-45", "f_inv": 4, "g": 4, "G": "45-60", "g_inv": 3, "h": 4, "H": "45-60", "h_inv": 3, "i": 3, "I": "30-45", "i_inv": 4, "j": 3, "J": "30-45", "j_inv": 4, "k": 3, "K": "30-45", "k_inv": 4, "l": 3, "L": "30-45", "l_inv": 4, "m": 4, "M": "45-60", "m_inv": 3, "n": 4, "N": "45-60", "n_inv": 3, "o": 4, "O": "45-60", "o_inv": 3, "p": 4, "P": "45-60", "p_inv": 3}}, {"type": "Feature", "geometry": {"type": "Point", "coordinates": [126.93000000000002, 37.472704]}, "properties": {"row": 0, "col": 7, "walk_min": 16.8, "nearest_station_id": "kr_375", "nearest_station_name": "Sillim", "a": 4, "A": "45-60", "a_inv": 3, "b": 4, "B": "45-60", "b_inv": 3, "c": 4, "C": "45-60", "c_inv": 3, "d": 4, "D": "45-60", "d_inv": 3, "e": 3, "E": "30-45", "e_inv": 4, "f": 3, "F": "30-45", "f_inv": 4, "g": 4, "G": "45-60", "g_inv": 3, "h": 4, "H": "45-60", "h_inv": 3, "i": 2, "I": "20-30", "i_inv": 5, "j": 2, "J": "20-30", "j_inv": 5, "k": 4, "K": "45-60", "k_inv": 3, "l": 4, "L": "45-60", "l_inv": 3, "m": 5, "M": "60-90", "m_inv": 2, "n": 5, "N": "60-90", "n_inv": 2, "o": 3, "O": "30-45", "o_inv": 4, "p": 3, "P": "30-45", "p_inv": 4}}, {"type": "Feature", "geometry": {"type": "Point", "coordinates": [126.88946000000001, 37.547024]}, "properties": {"row": 11, "col": 1, "walk_min": 15.0, "nearest_station_id": "kr_417", "nearest_station_name": "Sinmokdong", "a": 3, "A": "30-45", "a_inv": 4, "b": 3, "B": "30-45", "b_inv": 4, "c": 3, "C": "30-45", "c_inv": 4, "d": 3, "D": "30-45", "d_inv": 4, "e": 3, "E": "30-45", "e_inv": 4, "f": 3, "F": "30-45", "f_inv": 4, "g": 4, "G": "45-60", "g_inv": 3, "h": 4, "H": "45-60", "h_inv": 3, "i": 3, "I": "30-45", "i_inv": 4, "j": 3, "J": "30-45", "j_inv": 4, "k": 4, "K": "45-60", "k_inv": 3, "l": 4, "L": "45-60", "l_inv": 3, "m": 4, "M": "45-60", "m_inv": 3, "n": 4, "N": "45-60", "n_inv": 3, "o": 2, "O": "20-30", "o_inv": 5, "p": 2, "P": "20-30", "p_inv": 5}}, {"type": "Feature", "geometry": {"type": "Point", "coordinates": [127.03811, 37.533514000000004]}, "properties": {"row": 9, "col": 23, "walk_min": 14.8, "nearest_station_id": "kr_138", "nearest_station_name": "\uc555\uad6c\uc815", "a": 3, "A": "30-45", "a_inv": 4, "b": 3, "B": "30-45", "b_inv": 4, "c": 3, "C": "30-45", "c_inv": 4, "d": 3, "D": "30-45", "d_inv": 4, "e": 2, "E": "20-30", "e_inv": 5, "f": 2, "F": "20-30", "f_inv": 5, "g": 3, "G": "30-45", "g_inv": 4, "h": 3, "H": "30-45", "h_inv": 4, "i": 3, "I": "30-45", "i_inv": 4, "j": 3, "J": "30-45", "j_inv": 4, "k": 3, "K": "30-45", "k_inv": 4, "l": 3, "L": "30-45", "l_inv": 4, "m": 3, "M": "30-45", "m_inv": 4, "n": 3, "N": "30-45", "n_inv": 4, "o": 3, "O": "30-45", "o_inv": 4, "p": 3, "P": "30-45", "p_inv": 4}}, {"type": "Feature", "geometry": {"type": "Point", "coordinates": [126.916484, 37.567294000000004]}, "properties": {"row": 14, "col": 5, "walk_min": 16.3, "nearest_station_id": "kr_259", "nearest_station_name": "\ub9c8\ud3ec\uad6c\uccad", "a": 3, "A": "30-45", "a_inv": 4, "b": 3, "B": "30-45", "b_inv": 4, "c": 3, "C": "30-45", "c_inv": 4, "d": 3, "D": "30-45", "d_inv": 4, "e": 4, "E": "45-60", "e_inv": 3, "f": 4, "F": "45-60", "f_inv": 3, "g": 4, "G": "45-60", "g_inv": 3, "h": 4, "H": "45-60", "h_inv": 3, "i": 4, "I": "45-60", "i_inv": 3, "j": 4, "J": "45-60", "j_inv": 3, "k": 5, "K": "60-90", "k_inv": 2, "l": 5, "L": "60-90", "l_inv": 2, "m": 4, "M": "45-60", "m_inv": 3, "n": 4, "N": "45-60", "n_inv": 3, "o": 3, "O": "30-45", "o_inv": 4, "p": 3, "P": "30-45", "p_inv": 4}}, {"type": "Feature", "geometry": {"type": "Point", "coordinates": [126.89621400000001, 37.55378399999999]}, "properties": {"row": 12, "col": 2, "walk_min": 15.0, "nearest_station_id": "kr_259", "nearest_station_name": "\ub9c8\ud3ec\uad6c\uccad", "a": 3, "A": "30-45", "a_inv": 4, "b": 3, "B": "30-45", "b_inv": 4, "c": 3, "C": "30-45", "c_inv": 4, "d": 3, "D": "30-45", "d_inv": 4, "e": 4, "E": "45-60", "e_inv": 3, "f": 4, "F": "45-60", "f_inv": 3, "g": 4, "G": "45-60", "g_inv": 3, "h": 4, "H": "45-60", "h_inv": 3, "i": 4, "I": "45-60", "i_inv": 3, "j": 4, "J": "45-60", "j_inv": 3, "k": 5, "K": "60-90", "k_inv": 2, "l": 5, "L": "60-90", "l_inv": 2, "m": 4, "M": "45-60", "m_inv": 3, "n": 4, "N": "45-60", "n_inv": 3, "o": 4, "O": "45-60", "o_inv": 3, "p": 4, "P": "45-60", "p_inv": 3}}, {"type": "Feature", "geometry": {"type": "Point", "coordinates": [127.092164, 37.601084]}, "properties": {"row": 19, "col": 31, "walk_min": 12.1, "nearest_station_id": "kr_141", "nearest_station_name": "\uc0c1\ubd09", "a": 4, "A": "45-60", "a_inv": 3, "b": 4, "B": "45-60", "b_inv": 3, "c": 4, "C": "45-60", "c_inv": 3, "d": 4, "D": "45-60", "d_inv": 3, "e": 4, "E": "45-60", "e_inv": 3, "f": 4, "F": "45-60", "f_inv": 3, "g": 3, "G": "30-45", "g_inv": 4, "h": 3, "H": "30-45", "h_inv": 4, "i": 4, "I": "45-60", "i_inv": 3, "j": 4, "J": "45-60", "j_inv": 3, "k": 4, "K": "45-60", "k_inv": 3, "l": 4, "L": "45-60", "l_inv": 3, "m": 3, "M": "30-45", "m_inv": 4, "n": 3, "N": "30-45", "n_inv": 4, "o": 4, "O": "45-60", "o_inv": 3, "p": 4, "P": "45-60", "p_inv": 3}}, {"type": "Feature", "geometry": {"type": "Point", "coordinates": [127.05837999999999, 37.526754000000004]}, "properties": {"row": 8, "col": 26, "walk_min": 16.6, "nearest_station_id": "kr_181", "nearest_station_name": "Jayang", "a": 4, "A": "45-60", "a_inv": 3, "b": 4, "B": "45-60", "b_inv": 3, "c": 4, "C": "45-60", "c_inv": 3, "d": 4, "D": "45-60", "d_inv": 3, "e": 3, "E": "30-45", "e_inv": 4, "f": 3, "F": "30-45", "f_inv": 4, "g": 3, "G": "30-45", "g_inv": 4, "h": 3, "H": "30-45", "h_inv": 4, "i": 3, "I": "30-45", "i_inv": 4, "j": 3, "J": "30-45", "j_inv": 4, "k": 4, "K": "45-60", "k_inv": 3, "l": 4, "L": "45-60", "l_inv": 3, "m": 3, "M": "30-45", "m_inv": 4, "n": 3, "N": "30-45", "n_inv": 4, "o": 4, "O": "45-60", "o_inv": 3, "p": 4, "P": "45-60", "p_inv": 3}}, {"type": "Feature", "geometry": {"type": "Point", "coordinates": [127.07865000000001, 37.519999999999996]}, "properties": {"row": 7, "col": 29, "walk_min": 13.6, "nearest_station_id": "kr_012", "nearest_station_name": "Sports Complex", "a": 4, "A": "45-60", "a_inv": 3, "b": 4, "B": "45-60", "b_inv": 3, "c": 4, "C": "45-60", "c_inv": 3, "d": 4, "D": "45-60", "d_inv": 3, "e": 2, "E": "20-30", "e_inv": 5, "f": 2, "F": "20-30", "f_inv": 5, "g": 3, "G": "30-45", "g_inv": 4, "h": 3, "H": "30-45", "h_inv": 4, "i": 3, "I": "30-45", "i_inv": 4, "j": 3, "J": "30-45", "j_inv": 4, "k": 1, "K": "10-20", "k_inv": 6, "l": 1, "L": "10-20", "l_inv": 6, "m": 2, "M": "20-30", "m_inv": 5, "n": 2, "N": "20-30", "n_inv": 5, "o": 4, "O": "45-60", "o_inv": 3, "p": 4, "P": "45-60", "p_inv": 3}}, {"type": "Feature", "geometry": {"type": "Point", "coordinates": [127.085404, 37.506484]}, "properties": {"row": 5, "col": 30, "walk_min": 15.7, "nearest_station_id": "kr_394", "nearest_station_name": "\uc0bc\uc804", "a": 4, "A": "45-60", "a_inv": 3, "b": 4, "B": "45-60", "b_inv": 3, "c": 4, "C": "45-60", "c_inv": 3, "d": 4, "D": "45-60", "d_inv": 3, "e": 2, "E": "20-30", "e_inv": 5, "f": 2, "F": "20-30", "f_inv": 5, "g": 3, "G": "30-45", "g_inv": 4, "h": 3, "H": "30-45", "h_inv": 4, "i": 3, "I": "30-45", "i_inv": 4, "j": 3, "J": "30-45", "j_inv": 4, "k": 2, "K": "20-30", "k_inv": 5, "l": 2, "L": "20-30", "l_inv": 5, "m": 3, "M": "30-45", "m_inv": 4, "n": 3, "N": "30-45", "n_inv": 4, "o": 4, "O": "45-60", "o_inv": 3, "p": 4, "P": "45-60", "p_inv": 3}}, {"type": "Feature", "geometry": {"type": "Point", "coordinates": [126.90973000000001, 37.607839999999996]}, "properties": {"row": 20, "col": 4, "walk_min": 15.6, "nearest_station_id": "kr_390", "nearest_station_name": "\uad6c\uc0b0", "a": 4, "A": "45-60", "a_inv": 3, "b": 4, "B": "45-60", "b_inv": 3, "c": 3, "C": "30-45", "c_inv": 4, "d": 3, "D": "30-45", "d_inv": 4, "e": 5, "E": "60-90", "e_inv": 2, "f": 5, "F": "60-90", "f_inv": 2, "g": 4, "G": "45-60", "g_inv": 3, "h": 4, "H": "45-60", "h_inv": 3, "i": 5, "I": "60-90", "i_inv": 2, "j": 5, "J": "60-90", "j_inv": 2, "k": 5, "K": "60-90", "k_inv": 2, "l": 5, "L": "60-90", "l_inv": 2, "m": 4, "M": "45-60", "m_inv": 3, "n": 4, "N": "45-60", "n_inv": 3, "o": 4, "O": "45-60", "o_inv": 3, "p": 4, "P": "45-60", "p_inv": 3}}, {"type": "Feature", "geometry": {"type": "Point", "coordinates": [126.923244, 37.614594]}, "properties": {"row": 21, "col": 6, "walk_min": 14.8, "nearest_station_id": "kr_134", "nearest_station_name": "Yeonsinnae", "a": 3, "A": "30-45", "a_inv": 4, "b": 3, "B": "30-45", "b_inv": 4, "c": 3, "C": "30-45", "c_inv": 4, "d": 3, "D": "30-45", "d_inv": 4, "e": 4, "E": "45-60", "e_inv": 3, "f": 4, "F": "45-60", "f_inv": 3, "g": 3, "G": "30-45", "g_inv": 4, "h": 3, "H": "30-45", "h_inv": 4, "i": 4, "I": "45-60", "i_inv": 3, "j": 4, "J": "45-60", "j_inv": 3, "k": 5, "K": "60-90", "k_inv": 2, "l": 5, "L": "60-90", "l_inv": 2, "m": 4, "M": "45-60", "m_inv": 3, "n": 4, "N": "45-60", "n_inv": 3, "o": 4, "O": "45-60", "o_inv": 3, "p": 4, "P": "45-60", "p_inv": 3}}, {"type": "Feature", "geometry": {"type": "Point", "coordinates": [126.923244, 37.567294000000004]}, "properties": {"row": 14, "col": 6, "walk_min": 18.5, "nearest_station_id": "kr_368", "nearest_station_name": "Hongik University", "a": 3, "A": "30-45", "a_inv": 4, "b": 3, "B": "30-45", "b_inv": 4, "c": 2, "C": "20-30", "c_inv": 5, "d": 2, "D": "20-30", "d_inv": 5, "e": 4, "E": "45-60", "e_inv": 3, "f": 4, "F": "45-60", "f_inv": 3, "g": 3, "G": "30-45", "g_inv": 4, "h": 3, "H": "30-45", "h_inv": 4, "i": 4, "I": "45-60", "i_inv": 3, "j": 4, "J": "45-60", "j_inv": 3, "k": 5, "K": "60-90", "k_inv": 2, "l": 5, "L": "60-90", "l_inv": 2, "m": 4, "M": "45-60", "m_inv": 3, "n": 4, "N": "45-60", "n_inv": 3, "o": 1, "O": "10-20", "o_inv": 6, "p": 1, "P": "10-20", "p_inv": 6}}, {"type": "Feature", "geometry": {"type": "Point", "coordinates": [126.957024, 37.519999999999996]}, "properties": {"row": 7, "col": 11, "walk_min": 19.6, "nearest_station_id": "kr_399", "nearest_station_name": "Nodeul", "a": 2, "A": "20-30", "a_inv": 5, "b": 2, "B": "20-30", "b_inv": 5, "c": 3, "C": "30-45", "c_inv": 4, "d": 3, "D": "30-45", "d_inv": 4, "e": 3, "E": "30-45", "e_inv": 4, "f": 3, "F": "30-45", "f_inv": 4, "g": 3, "G": "30-45", "g_inv": 4, "h": 3, "H": "30-45", "h_inv": 4, "i": 3, "I": "30-45", "i_inv": 4, "j": 3, "J": "30-45", "j_inv": 4, "k": 4, "K": "45-60", "k_inv": 3, "l": 4, "L": "45-60", "l_inv": 3, "m": 4, "M": "45-60", "m_inv": 3, "n": 4, "N": "45-60", "n_inv": 3, "o": 3, "O": "30-45", "o_inv": 4, "p": 3, "P": "30-45", "p_inv": 4}}, {"type": "Feature", "geometry": {"type": "Point", "coordinates": [127.031354, 37.547024]}, "properties": {"row": 11, "col": 22, "walk_min": 16.4, "nearest_station_id": "kr_296", "nearest_station_name": "\ud589\ub2f9", "a": 3, "A": "30-45", "a_inv": 4, "b": 3, "B": "30-45", "b_inv": 4, "c": 3, "C": "30-45", "c_inv": 4, "d": 3, "D": "30-45", "d_inv": 4, "e": 3, "E": "30-45", "e_inv": 4, "f": 3, "F": "30-45", "f_inv": 4, "g": 2, "G": "20-30", "g_inv": 5, "h": 2, "H": "20-30", "h_inv": 5, "i": 4, "I": "45-60", "i_inv": 3, "j": 4, "J": "45-60", "j_inv": 3, "k": 3, "K": "30-45", "k_inv": 4, "l": 3, "L": "30-45", "l_inv": 4, "m": 2, "M": "20-30", "m_inv": 5, "n": 2, "N": "20-30", "n_inv": 5, "o": 3, "O": "30-45", "o_inv": 4, "p": 3, "P": "30-45", "p_inv": 4}}, {"type": "Feature", "geometry": {"type": "Point", "coordinates": [126.94351400000001, 37.519999999999996]}, "properties": {"row": 7, "col": 9, "walk_min": 16.2, "nearest_station_id": "kr_004", "nearest_station_name": "Noryangjin", "a": 2, "A": "20-30", "a_inv": 5, "b": 2, "B": "20-30", "b_inv": 5, "c": 3, "C": "30-45", "c_inv": 4, "d": 3, "D": "30-45", "d_inv": 4, "e": 3, "E": "30-45", "e_inv": 4, "f": 3, "F": "30-45", "f_inv": 4, "g": 3, "G": "30-45", "g_inv": 4, "h": 3, "H": "30-45", "h_inv": 4, "i": 3, "I": "30-45", "i_inv": 4, "j": 3, "J": "30-45", "j_inv": 4, "k": 4, "K": "45-60", "k_inv": 3, "l": 4, "L": "45-60", "l_inv": 3, "m": 4, "M": "45-60", "m_inv": 3, "n": 4, "N": "45-60", "n_inv": 3, "o": 3, "O": "30-45", "o_inv": 4, "p": 3, "P": "30-45", "p_inv": 4}}, {"type": "Feature", "geometry": {"type": "Point", "coordinates": [127.07865000000001, 37.567294000000004]}, "properties": {"row": 14, "col": 29, "walk_min": 18.7, "nearest_station_id": "kr_098", "nearest_station_name": "\uc911\uace1", "a": 4, "A": "45-60", "a_inv": 3, "b": 4, "B": "45-60", "b_inv": 3, "c": 3, "C": "30-45", "c_inv": 4, "d": 3, "D": "30-45", "d_inv": 4, "e": 4, "E": "45-60", "e_inv": 3, "f": 4, "F": "45-60", "f_inv": 3, "g": 3, "G": "30-45", "g_inv": 4, "h": 3, "H": "30-45", "h_inv": 4, "i": 4, "I": "45-60", "i_inv": 3, "j": 4, "J": "45-60", "j_inv": 3, "k": 4, "K": "45-60", "k_inv": 3, "l": 4, "L": "45-60", "l_inv": 3, "m": 3, "M": "30-45", "m_inv": 4, "n": 3, "N": "30-45", "n_inv": 4, "o": 4, "O": "45-60", "o_inv": 3, "p": 4, "P": "45-60", "p_inv": 3}}, {"type": "Feature", "geometry": {"type": "Point", "coordinates": [126.98405400000001, 37.519999999999996]}, "properties": {"row": 7, "col": 15, "walk_min": 17.2, "nearest_station_id": "kr_219", "nearest_station_name": "Ichon", "a": 2, "A": "20-30", "a_inv": 5, "b": 2, "B": "20-30", "b_inv": 5, "c": 2, "C": "20-30", "c_inv": 5, "d": 2, "D": "20-30", "d_inv": 5, "e": 3, "E": "30-45", "e_inv": 4, "f": 3, "F": "30-45", "f_inv": 4, "g": 3, "G": "30-45", "g_inv": 4, "h": 3, "H": "30-45", "h_inv": 4, "i": 2, "I": "20-30", "i_inv": 5, "j": 2, "J": "20-30", "j_inv": 5, "k": 4, "K": "45-60", "k_inv": 3, "l": 4, "L": "45-60", "l_inv": 3, "m": 4, "M": "45-60", "m_inv": 3, "n": 4, "N": "45-60", "n_inv": 3, "o": 3, "O": "30-45", "o_inv": 4, "p": 3, "P": "30-45", "p_inv": 4}}, {"type": "Feature", "geometry": {"type": "Point", "coordinates": [126.916484, 37.574054000000004]}, "properties": {"row": 15, "col": 5, "walk_min": 18.1, "nearest_station_id": "kr_339", "nearest_station_name": "\uc99d\uc0b0", "a": 4, "A": "45-60", "a_inv": 3, "b": 4, "B": "45-60", "b_inv": 3, "c": 4, "C": "45-60", "c_inv": 3, "d": 4, "D": "45-60", "d_inv": 3, "e": 5, "E": "60-90", "e_inv": 2, "f": 5, "F": "60-90", "f_inv": 2, "g": 4, "G": "45-60", "g_inv": 3, "h": 4, "H": "45-60", "h_inv": 3, "i": 4, "I": "45-60", "i_inv": 3, "j": 4, "J": "45-60", "j_inv": 3, "k": 5, "K": "60-90", "k_inv": 2, "l": 5, "L": "60-90", "l_inv": 2, "m": 5, "M": "60-90", "m_inv": 2, "n": 5, "N": "60-90", "n_inv": 2, "o": 4, "O": "45-60", "o_inv": 3, "p": 4, "P": "45-60", "p_inv": 3}}, {"type": "Feature", "geometry": {"type": "Point", "coordinates": [126.88946000000001, 37.574054000000004]}, "properties": {"row": 15, "col": 1, "walk_min": 17.6, "nearest_station_id": "kr_293", "nearest_station_name": "\uc6d4\ub4dc\ucef5\uacbd\uae30\uc7a5", "a": 3, "A": "30-45", "a_inv": 4, "b": 3, "B": "30-45", "b_inv": 4, "c": 4, "C": "45-60", "c_inv": 3, "d": 4, "D": "45-60", "d_inv": 3, "e": 4, "E": "45-60", "e_inv": 3, "f": 4, "F": "45-60", "f_inv": 3, "g": 4, "G": "45-60", "g_inv": 3, "h": 4, "H": "45-60", "h_inv": 3, "i": 4, "I": "45-60", "i_inv": 3, "j": 4, "J": "45-60", "j_inv": 3, "k": 5, "K": "60-90", "k_inv": 2, "l": 5, "L": "60-90", "l_inv": 2, "m": 5, "M": "60-90", "m_inv": 2, "n": 5, "N": "60-90", "n_inv": 2, "o": 4, "O": "45-60", "o_inv": 3, "p": 4, "P": "45-60", "p_inv": 3}}, {"type": "Feature", "geometry": {"type": "Point", "coordinates": [126.88946000000001, 37.58081]}, "properties": {"row": 16, "col": 1, "walk_min": 18.3, "nearest_station_id": "kr_327", "nearest_station_name": "\ub514\uc9c0\ud138\ubbf8\ub514\uc5b4\uc2dc\ud2f0", "a": 3, "A": "30-45", "a_inv": 4, "b": 3, "B": "30-45", "b_inv": 4, "c": 4, "C": "45-60", "c_inv": 3, "d": 4, "D": "45-60", "d_inv": 3, "e": 4, "E": "45-60", "e_inv": 3, "f": 4, "F": "45-60", "f_inv": 3, "g": 4, "G": "45-60", "g_inv": 3, "h": 4, "H": "45-60", "h_inv": 3, "i": 4, "I": "45-60", "i_inv": 3, "j": 4, "J": "45-60", "j_inv": 3, "k": 5, "K": "60-90", "k_inv": 2, "l": 5, "L": "60-90", "l_inv": 2, "m": 5, "M": "60-90", "m_inv": 2, "n": 5, "N": "60-90", "n_inv": 2, "o": 4, "O": "45-60", "o_inv": 3, "p": 4, "P": "45-60", "p_inv": 3}}, {"type": "Feature", "geometry": {"type": "Point", "coordinates": [127.03811, 37.547024]}, "properties": {"row": 11, "col": 23, "walk_min": 17.3, "nearest_station_id": "kr_285", "nearest_station_name": "Ttukseom", "a": 3, "A": "30-45", "a_inv": 4, "b": 3, "B": "30-45", "b_inv": 4, "c": 3, "C": "30-45", "c_inv": 4, "d": 3, "D": "30-45", "d_inv": 4, "e": 4, "E": "45-60", "e_inv": 3, "f": 4, "F": "45-60", "f_inv": 3, "g": 2, "G": "20-30", "g_inv": 5, "h": 2, "H": "20-30", "h_inv": 5, "i": 4, "I": "45-60", "i_inv": 3, "j": 4, "J": "45-60", "j_inv": 3, "k": 3, "K": "30-45", "k_inv": 4, "l": 3, "L": "30-45", "l_inv": 4, "m": 2, "M": "20-30", "m_inv": 5, "n": 2, "N": "20-30", "n_inv": 5, "o": 4, "O": "45-60", "o_inv": 3, "p": 4, "P": "45-60", "p_inv": 3}}, {"type": "Feature", "geometry": {"type": "Point", "coordinates": [126.93000000000002, 37.567294000000004]}, "properties": {"row": 14, "col": 7, "walk_min": 17.4, "nearest_station_id": "kr_368", "nearest_station_name": "Hongik University", "a": 3, "A": "30-45", "a_inv": 4, "b": 3, "B": "30-45", "b_inv": 4, "c": 2, "C": "20-30", "c_inv": 5, "d": 2, "D": "20-30", "d_inv": 5, "e": 4, "E": "45-60", "e_inv": 3, "f": 4, "F": "45-60", "f_inv": 3, "g": 3, "G": "30-45", "g_inv": 4, "h": 3, "H": "30-45", "h_inv": 4, "i": 4, "I": "45-60", "i_inv": 3, "j": 4, "J": "45-60", "j_inv": 3, "k": 5, "K": "60-90", "k_inv": 2, "l": 5, "L": "60-90", "l_inv": 2, "m": 4, "M": "45-60", "m_inv": 3, "n": 4, "N": "45-60", "n_inv": 3, "o": 1, "O": "10-20", "o_inv": 6, "p": 1, "P": "10-20", "p_inv": 6}}, {"type": "Feature", "geometry": {"type": "Point", "coordinates": [126.88946000000001, 37.472704]}, "properties": {"row": 0, "col": 1, "walk_min": 17.3, "nearest_station_id": "kr_443", "nearest_station_name": "Doksan", "a": 4, "A": "45-60", "a_inv": 3, "b": 4, "B": "45-60", "b_inv": 3, "c": 4, "C": "45-60", "c_inv": 3, "d": 4, "D": "45-60", "d_inv": 3, "e": 4, "E": "45-60", "e_inv": 3, "f": 4, "F": "45-60", "f_inv": 3, "g": 5, "G": "60-90", "g_inv": 2, "h": 5, "H": "60-90", "h_inv": 2, "i": 4, "I": "45-60", "i_inv": 3, "j": 4, "J": "45-60", "j_inv": 3, "k": 5, "K": "60-90", "k_inv": 2, "l": 5, "L": "60-90", "l_inv": 2, "m": 5, "M": "60-90", "m_inv": 2, "n": 5, "N": "60-90", "n_inv": 2, "o": 4, "O": "45-60", "o_inv": 3, "p": 4, "P": "45-60", "p_inv": 3}}, {"type": "Feature", "geometry": {"type": "Point", "coordinates": [127.02459400000001, 37.614594]}, "properties": {"row": 21, "col": 21, "walk_min": 15.5, "nearest_station_id": "kr_091", "nearest_station_name": "Miasageori", "a": 3, "A": "30-45", "a_inv": 4, "b": 3, "B": "30-45", "b_inv": 4, "c": 3, "C": "30-45", "c_inv": 4, "d": 3, "D": "30-45", "d_inv": 4, "e": 4, "E": "45-60", "e_inv": 3, "f": 4, "F": "45-60", "f_inv": 3, "g": 3, "G": "30-45", "g_inv": 4, "h": 3, "H": "30-45", "h_inv": 4, "i": 4, "I": "45-60", "i_inv": 3, "j": 4, "J": "45-60", "j_inv": 3, "k": 4, "K": "45-60", "k_inv": 3, "l": 4, "L": "45-60", "l_inv": 3, "m": 4, "M": "45-60", "m_inv": 3, "n": 4, "N": "45-60", "n_inv": 3, "o": 4, "O": "45-60", "o_inv": 3, "p": 4, "P": "45-60", "p_inv": 3}}, {"type": "Feature", "geometry": {"type": "Point", "coordinates": [126.923244, 37.472704]}, "properties": {"row": 0, "col": 6, "walk_min": 19.2, "nearest_station_id": "kr_375", "nearest_station_name": "Sillim", "a": 4, "A": "45-60", "a_inv": 3, "b": 4, "B": "45-60", "b_inv": 3, "c": 4, "C": "45-60", "c_inv": 3, "d": 4, "D": "45-60", "d_inv": 3, "e": 3, "E": "30-45", "e_inv": 4, "f": 3, "F": "30-45", "f_inv": 4, "g": 5, "G": "60-90", "g_inv": 2, "h": 5, "H": "60-90", "h_inv": 2, "i": 3, "I": "30-45", "i_inv": 4, "j": 3, "J": "30-45", "j_inv": 4, "k": 4, "K": "45-60", "k_inv": 3, "l": 4, "L": "45-60", "l_inv": 3, "m": 5, "M": "60-90", "m_inv": 2, "n": 5, "N": "60-90", "n_inv": 2, "o": 3, "O": "30-45", "o_inv": 4, "p": 3, "P": "30-45", "p_inv": 4}}, {"type": "Feature", "geometry": {"type": "Point", "coordinates": [127.06513399999999, 37.58081]}, "properties": {"row": 16, "col": 27, "walk_min": 20.9, "nearest_station_id": "kr_031", "nearest_station_name": "Hoegi", "a": 3, "A": "30-45", "a_inv": 4, "b": 3, "B": "30-45", "b_inv": 4, "c": 3, "C": "30-45", "c_inv": 4, "d": 3, "D": "30-45", "d_inv": 4, "e": 4, "E": "45-60", "e_inv": 3, "f": 4, "F": "45-60", "f_inv": 3, "g": 3, "G": "30-45", "g_inv": 4, "h": 3, "H": "30-45", "h_inv": 4, "i": 5, "I": "60-90", "i_inv": 2, "j": 5, "J": "60-90", "j_inv": 2, "k": 4, "K": "45-60", "k_inv": 3, "l": 4, "L": "45-60", "l_inv": 3, "m": 3, "M": "30-45", "m_inv": 4, "n": 3, "N": "30-45", "n_inv": 4, "o": 4, "O": "45-60", "o_inv": 3, "p": 4, "P": "45-60", "p_inv": 3}}, {"type": "Feature", "geometry": {"type": "Point", "coordinates": [126.99756400000001, 37.513244]}, "properties": {"row": 6, "col": 17, "walk_min": 18.5, "nearest_station_id": "kr_216", "nearest_station_name": "Jamwon", "a": 3, "A": "30-45", "a_inv": 4, "b": 3, "B": "30-45", "b_inv": 4, "c": 3, "C": "30-45", "c_inv": 4, "d": 3, "D": "30-45", "d_inv": 4, "e": 2, "E": "20-30", "e_inv": 5, "f": 2, "F": "20-30", "f_inv": 5, "g": 3, "G": "30-45", "g_inv": 4, "h": 3, "H": "30-45", "h_inv": 4, "i": 2, "I": "20-30", "i_inv": 5, "j": 2, "J": "20-30", "j_inv": 5, "k": 3, "K": "30-45", "k_inv": 4, "l": 3, "L": "30-45", "l_inv": 4, "m": 4, "M": "45-60", "m_inv": 3, "n": 4, "N": "45-60", "n_inv": 3, "o": 4, "O": "45-60", "o_inv": 3, "p": 4, "P": "45-60", "p_inv": 3}}, {"type": "Feature", "geometry": {"type": "Point", "coordinates": [126.95027, 37.587564]}, "properties": {"row": 17, "col": 10, "walk_min": 27.2, "nearest_station_id": "kr_075", "nearest_station_name": "\ud64d\uc81c", "a": 4, "A": "45-60", "a_inv": 3, "b": 4, "B": "45-60", "b_inv": 3, "c": 3, "C": "30-45", "c_inv": 4, "d": 3, "D": "30-45", "d_inv": 4, "e": 5, "E": "60-90", "e_inv": 2, "f": 5, "F": "60-90", "f_inv": 2, "g": 4, "G": "45-60", "g_inv": 3, "h": 4, "H": "45-60", "h_inv": 3, "i": 5, "I": "60-90", "i_inv": 2, "j": 5, "J": "60-90", "j_inv": 2, "k": 5, "K": "60-90", "k_inv": 2, "l": 5, "L": "60-90", "l_inv": 2, "m": 4, "M": "45-60", "m_inv": 3, "n": 4, "N": "45-60", "n_inv": 3, "o": 4, "O": "45-60", "o_inv": 3, "p": 4, "P": "45-60", "p_inv": 3}}, {"type": "Feature", "geometry": {"type": "Point", "coordinates": [127.01108400000001, 37.533514000000004]}, "properties": {"row": 9, "col": 19, "walk_min": 17.5, "nearest_station_id": "kr_059", "nearest_station_name": "Oksu", "a": 2, "A": "20-30", "a_inv": 5, "b": 2, "B": "20-30", "b_inv": 5, "c": 3, "C": "30-45", "c_inv": 4, "d": 3, "D": "30-45", "d_inv": 4, "e": 3, "E": "30-45", "e_inv": 4, "f": 3, "F": "30-45", "f_inv": 4, "g": 2, "G": "20-30", "g_inv": 5, "h": 2, "H": "20-30", "h_inv": 5, "i": 3, "I": "30-45", "i_inv": 4, "j": 3, "J": "30-45", "j_inv": 4, "k": 4, "K": "45-60", "k_inv": 3, "l": 4, "L": "45-60", "l_inv": 3, "m": 3, "M": "30-45", "m_inv": 4, "n": 3, "N": "30-45", "n_inv": 4, "o": 3, "O": "30-45", "o_inv": 4, "p": 3, "P": "30-45", "p_inv": 4}}, {"type": "Feature", "geometry": {"type": "Point", "coordinates": [126.97054, 37.587564]}, "properties": {"row": 17, "col": 13, "walk_min": 19.8, "nearest_station_id": "kr_058", "nearest_station_name": "\uacbd\ubcf5\uad81", "a": 3, "A": "30-45", "a_inv": 4, "b": 3, "B": "30-45", "b_inv": 4, "c": 2, "C": "20-30", "c_inv": 5, "d": 2, "D": "20-30", "d_inv": 5, "e": 4, "E": "45-60", "e_inv": 3, "f": 4, "F": "45-60", "f_inv": 3, "g": 3, "G": "30-45", "g_inv": 4, "h": 3, "H": "30-45", "h_inv": 4, "i": 4, "I": "45-60", "i_inv": 3, "j": 4, "J": "45-60", "j_inv": 3, "k": 4, "K": "45-60", "k_inv": 3, "l": 4, "L": "45-60", "l_inv": 3, "m": 3, "M": "30-45", "m_inv": 4, "n": 3, "N": "30-45", "n_inv": 4, "o": 3, "O": "30-45", "o_inv": 4, "p": 3, "P": "30-45", "p_inv": 4}}, {"type": "Feature", "geometry": {"type": "Point", "coordinates": [127.05837999999999, 37.574054000000004]}, "properties": {"row": 15, "col": 26, "walk_min": 17.6, "nearest_station_id": "kr_099", "nearest_station_name": "\ub2f5\uc2ed\ub9ac", "a": 3, "A": "30-45", "a_inv": 4, "b": 3, "B": "30-45", "b_inv": 4, "c": 3, "C": "30-45", "c_inv": 4, "d": 3, "D": "30-45", "d_inv": 4, "e": 4, "E": "45-60", "e_inv": 3, "f": 4, "F": "45-60", "f_inv": 3, "g": 2, "G": "20-30", "g_inv": 5, "h": 2, "H": "20-30", "h_inv": 5, "i": 4, "I": "45-60", "i_inv": 3, "j": 4, "J": "45-60", "j_inv": 3, "k": 3, "K": "30-45", "k_inv": 4, "l": 3, "L": "30-45", "l_inv": 4, "m": 3, "M": "30-45", "m_inv": 4, "n": 3, "N": "30-45", "n_inv": 4, "o": 4, "O": "45-60", "o_inv": 3, "p": 4, "P": "45-60", "p_inv": 3}}, {"type": "Feature", "geometry": {"type": "Point", "coordinates": [126.94351400000001, 37.567294000000004]}, "properties": {"row": 14, "col": 9, "walk_min": 20.1, "nearest_station_id": "kr_373", "nearest_station_name": "Ewha Womans University", "a": 3, "A": "30-45", "a_inv": 4, "b": 3, "B": "30-45", "b_inv": 4, "c": 2, "C": "20-30", "c_inv": 5, "d": 2, "D": "20-30", "d_inv": 5, "e": 4, "E": "45-60", "e_inv": 3, "f": 4, "F": "45-60", "f_inv": 3, "g": 3, "G": "30-45", "g_inv": 4, "h": 3, "H": "30-45", "h_inv": 4, "i": 4, "I": "45-60", "i_inv": 3, "j": 4, "J": "45-60", "j_inv": 3, "k": 4, "K": "45-60", "k_inv": 3, "l": 4, "L": "45-60", "l_inv": 3, "m": 4, "M": "45-60", "m_inv": 3, "n": 4, "N": "45-60", "n_inv": 3, "o": 3, "O": "30-45", "o_inv": 4, "p": 3, "P": "30-45", "p_inv": 4}}, {"type": "Feature", "geometry": {"type": "Point", "coordinates": [126.95027, 37.472704]}, "properties": {"row": 0, "col": 10, "walk_min": 16.2, "nearest_station_id": "kr_370", "nearest_station_name": "Seoul Nat'l University (Gwanak-gu Office)", "a": 3, "A": "30-45", "a_inv": 4, "b": 3, "B": "30-45", "b_inv": 4, "c": 3, "C": "30-45", "c_inv": 4, "d": 3, "D": "30-45", "d_inv": 4, "e": 3, "E": "30-45", "e_inv": 4, "f": 3, "F": "30-45", "f_inv": 4, "g": 4, "G": "45-60", "g_inv": 3, "h": 4, "H": "45-60", "h_inv": 3, "i": 2, "I": "20-30", "i_inv": 5, "j": 2, "J": "20-30", "j_inv": 5, "k": 4, "K": "45-60", "k_inv": 3, "l": 4, "L": "45-60", "l_inv": 3, "m": 4, "M": "45-60", "m_inv": 3, "n": 4, "N": "45-60", "n_inv": 3, "o": 4, "O": "45-60", "o_inv": 3, "p": 4, "P": "45-60", "p_inv": 3}}, {"type": "Feature", "geometry": {"type": "Point", "coordinates": [127.092164, 37.607839999999996]}, "properties": {"row": 20, "col": 31, "walk_min": 16.9, "nearest_station_id": "kr_354", "nearest_station_name": "Bonghwasan", "a": 4, "A": "45-60", "a_inv": 3, "b": 4, "B": "45-60", "b_inv": 3, "c": 4, "C": "45-60", "c_inv": 3, "d": 4, "D": "45-60", "d_inv": 3, "e": 5, "E": "60-90", "e_inv": 2, "f": 5, "F": "60-90", "f_inv": 2, "g": 4, "G": "45-60", "g_inv": 3, "h": 4, "H": "45-60", "h_inv": 3, "i": 5, "I": "60-90", "i_inv": 2, "j": 5, "J": "60-90", "j_inv": 2, "k": 5, "K": "60-90", "k_inv": 2, "l": 5, "L": "60-90", "l_inv": 2, "m": 4, "M": "45-60", "m_inv": 3, "n": 4, "N": "45-60", "n_inv": 3, "o": 5, "O": "60-90", "o_inv": 2, "p": 5, "P": "60-90", "p_inv": 2}}, {"type": "Feature", "geometry": {"type": "Point", "coordinates": [127.01784, 37.472704]}, "properties": {"row": 0, "col": 20, "walk_min": 19.5, "nearest_station_id": "kr_152", "nearest_station_name": "Nambu Bus Terminal (Seoul Arts Center)", "a": 3, "A": "30-45", "a_inv": 4, "b": 3, "B": "30-45", "b_inv": 4, "c": 4, "C": "45-60", "c_inv": 3, "d": 4, "D": "45-60", "d_inv": 3, "e": 2, "E": "20-30", "e_inv": 5, "f": 2, "F": "20-30", "f_inv": 5, "g": 4, "G": "45-60", "g_inv": 3, "h": 4, "H": "45-60", "h_inv": 3, "i": 3, "I": "30-45", "i_inv": 4, "j": 3, "J": "30-45", "j_inv": 4, "k": 3, "K": "30-45", "k_inv": 4, "l": 3, "L": "30-45", "l_inv": 4, "m": 4, "M": "45-60", "m_inv": 3, "n": 4, "N": "45-60", "n_inv": 3, "o": 4, "O": "45-60", "o_inv": 3, "p": 4, "P": "45-60", "p_inv": 3}}, {"type": "Feature", "geometry": {"type": "Point", "coordinates": [127.04486399999999, 37.533514000000004]}, "properties": {"row": 9, "col": 24, "walk_min": 15.0, "nearest_station_id": "kr_285", "nearest_station_name": "Ttukseom", "a": 3, "A": "30-45", "a_inv": 4, "b": 3, "B": "30-45", "b_inv": 4, "c": 3, "C": "30-45", "c_inv": 4, "d": 3, "D": "30-45", "d_inv": 4, "e": 3, "E": "30-45", "e_inv": 4, "f": 3, "F": "30-45", "f_inv": 4, "g": 2, "G": "20-30", "g_inv": 5, "h": 2, "H": "20-30", "h_inv": 5, "i": 4, "I": "45-60", "i_inv": 3, "j": 4, "J": "45-60", "j_inv": 3, "k": 3, "K": "30-45", "k_inv": 4, "l": 3, "L": "30-45", "l_inv": 4, "m": 1, "M": "10-20", "m_inv": 6, "n": 1, "N": "10-20", "n_inv": 6, "o": 4, "O": "45-60", "o_inv": 3, "p": 4, "P": "45-60", "p_inv": 3}}, {"type": "Feature", "geometry": {"type": "Point", "coordinates": [126.89621400000001, 37.587564]}, "properties": {"row": 17, "col": 2, "walk_min": 17.7, "nearest_station_id": "kr_339", "nearest_station_name": "\uc99d\uc0b0", "a": 4, "A": "45-60", "a_inv": 3, "b": 4, "B": "45-60", "b_inv": 3, "c": 4, "C": "45-60", "c_inv": 3, "d": 4, "D": "45-60", "d_inv": 3, "e": 4, "E": "45-60", "e_inv": 3, "f": 4, "F": "45-60", "f_inv": 3, "g": 4, "G": "45-60", "g_inv": 3, "h": 4, "H": "45-60", "h_inv": 3, "i": 4, "I": "45-60", "i_inv": 3, "j": 4, "J": "45-60", "j_inv": 3, "k": 5, "K": "60-90", "k_inv": 2, "l": 5, "L": "60-90", "l_inv": 2, "m": 5, "M": "60-90", "m_inv": 2, "n": 5, "N": "60-90", "n_inv": 2, "o": 4, "O": "45-60", "o_inv": 3, "p": 4, "P": "45-60", "p_inv": 3}}, {"type": "Feature", "geometry": {"type": "Point", "coordinates": [126.977294, 37.587564]}, "properties": {"row": 17, "col": 14, "walk_min": 18.9, "nearest_station_id": "kr_058", "nearest_station_name": "\uacbd\ubcf5\uad81", "a": 2, "A": "20-30", "a_inv": 5, "b": 2, "B": "20-30", "b_inv": 5, "c": 2, "C": "20-30", "c_inv": 5, "d": 2, "D": "20-30", "d_inv": 5, "e": 4, "E": "45-60", "e_inv": 3, "f": 4, "F": "45-60", "f_inv": 3, "g": 3, "G": "30-45", "g_inv": 4, "h": 3, "H": "30-45", "h_inv": 4, "i": 4, "I": "45-60", "i_inv": 3, "j": 4, "J": "45-60", "j_inv": 3, "k": 4, "K": "45-60", "k_inv": 3, "l": 4, "L": "45-60", "l_inv": 3, "m": 3, "M": "30-45", "m_inv": 4, "n": 3, "N": "30-45", "n_inv": 4, "o": 3, "O": "30-45", "o_inv": 4, "p": 3, "P": "30-45", "p_inv": 4}}, {"type": "Feature", "geometry": {"type": "Point", "coordinates": [126.923244, 37.58081]}, "properties": {"row": 16, "col": 6, "walk_min": 17.9, "nearest_station_id": "kr_339", "nearest_station_name": "\uc99d\uc0b0", "a": 4, "A": "45-60", "a_inv": 3, "b": 4, "B": "45-60", "b_inv": 3, "c": 4, "C": "45-60", "c_inv": 3, "d": 4, "D": "45-60", "d_inv": 3, "e": 5, "E": "60-90", "e_inv": 2, "f": 5, "F": "60-90", "f_inv": 2, "g": 4, "G": "45-60", "g_inv": 3, "h": 4, "H": "45-60", "h_inv": 3, "i": 4, "I": "45-60", "i_inv": 3, "j": 4, "J": "45-60", "j_inv": 3, "k": 5, "K": "60-90", "k_inv": 2, "l": 5, "L": "60-90", "l_inv": 2, "m": 5, "M": "60-90", "m_inv": 2, "n": 5, "N": "60-90", "n_inv": 2, "o": 4, "O": "45-60", "o_inv": 3, "p": 4, "P": "45-60", "p_inv": 3}}, {"type": "Feature", "geometry": {"type": "Point", "coordinates": [127.004324, 37.601084]}, "properties": {"row": 19, "col": 18, "walk_min": 20.7, "nearest_station_id": "kr_160", "nearest_station_name": "Sungshin Women's Univ.", "a": 3, "A": "30-45", "a_inv": 4, "b": 3, "B": "30-45", "b_inv": 4, "c": 3, "C": "30-45", "c_inv": 4, "d": 3, "D": "30-45", "d_inv": 4, "e": 4, "E": "45-60", "e_inv": 3, "f": 4, "F": "45-60", "f_inv": 3, "g": 3, "G": "30-45", "g_inv": 4, "h": 3, "H": "30-45", "h_inv": 4, "i": 4, "I": "45-60", "i_inv": 3, "j": 4, "J": "45-60", "j_inv": 3, "k": 4, "K": "45-60", "k_inv": 3, "l": 4, "L": "45-60", "l_inv": 3, "m": 3, "M": "30-45", "m_inv": 4, "n": 3, "N": "30-45", "n_inv": 4, "o": 4, "O": "45-60", "o_inv": 3, "p": 4, "P": "45-60", "p_inv": 3}}, {"type": "Feature", "geometry": {"type": "Point", "coordinates": [127.06513399999999, 37.479459999999996]}, "properties": {"row": 1, "col": 27, "walk_min": 22.3, "nearest_station_id": "kr_164", "nearest_station_name": "Dogok", "a": 4, "A": "45-60", "a_inv": 3, "b": 4, "B": "45-60", "b_inv": 3, "c": 4, "C": "45-60", "c_inv": 3, "d": 4, "D": "45-60", "d_inv": 3, "e": 3, "E": "30-45", "e_inv": 4, "f": 3, "F": "30-45", "f_inv": 4, "g": 4, "G": "45-60", "g_inv": 3, "h": 4, "H": "45-60", "h_inv": 3, "i": 3, "I": "30-45", "i_inv": 4, "j": 3, "J": "30-45", "j_inv": 4, "k": 4, "K": "45-60", "k_inv": 3, "l": 4, "L": "45-60", "l_inv": 3, "m": 4, "M": "45-60", "m_inv": 3, "n": 4, "N": "45-60", "n_inv": 3, "o": 5, "O": "60-90", "o_inv": 2, "p": 5, "P": "60-90", "p_inv": 2}}, {"type": "Feature", "geometry": {"type": "Point", "coordinates": [127.085404, 37.533514000000004]}, "properties": {"row": 9, "col": 30, "walk_min": 21.2, "nearest_station_id": "kr_210", "nearest_station_name": "Guui(Gwangjin-gu Office)", "a": 4, "A": "45-60", "a_inv": 3, "b": 4, "B": "45-60", "b_inv": 3, "c": 4, "C": "45-60", "c_inv": 3, "d": 4, "D": "45-60", "d_inv": 3, "e": 3, "E": "30-45", "e_inv": 4, "f": 3, "F": "30-45", "f_inv": 4, "g": 3, "G": "30-45", "g_inv": 4, "h": 3, "H": "30-45", "h_inv": 4, "i": 4, "I": "45-60", "i_inv": 3, "j": 4, "J": "45-60", "j_inv": 3, "k": 2, "K": "20-30", "k_inv": 5, "l": 2, "L": "20-30", "l_inv": 5, "m": 2, "M": "20-30", "m_inv": 5, "n": 2, "N": "20-30", "n_inv": 5, "o": 4, "O": "45-60", "o_inv": 3, "p": 4, "P": "45-60", "p_inv": 3}}, {"type": "Feature", "geometry": {"type": "Point", "coordinates": [127.031354, 37.472704]}, "properties": {"row": 0, "col": 22, "walk_min": 19.9, "nearest_station_id": "kr_038", "nearest_station_name": "Yangjae Citizen's Forest", "a": 4, "A": "45-60", "a_inv": 3, "b": 4, "B": "45-60", "b_inv": 3, "c": 4, "C": "45-60", "c_inv": 3, "d": 4, "D": "45-60", "d_inv": 3, "e": 2, "E": "20-30", "e_inv": 5, "f": 2, "F": "20-30", "f_inv": 5, "g": 4, "G": "45-60", "g_inv": 3, "h": 4, "H": "45-60", "h_inv": 3, "i": 3, "I": "30-45", "i_inv": 4, "j": 3, "J": "30-45", "j_inv": 4, "k": 3, "K": "30-45", "k_inv": 4, "l": 3, "L": "30-45", "l_inv": 4, "m": 4, "M": "45-60", "m_inv": 3, "n": 4, "N": "45-60", "n_inv": 3, "o": 4, "O": "45-60", "o_inv": 3, "p": 4, "P": "45-60", "p_inv": 3}}, {"type": "Feature", "geometry": {"type": "Point", "coordinates": [127.071894, 37.574054000000004]}, "properties": {"row": 15, "col": 28, "walk_min": 20.3, "nearest_station_id": "kr_111", "nearest_station_name": "\uc6a9\ub9c8\uc0b0", "a": 4, "A": "45-60", "a_inv": 3, "b": 4, "B": "45-60", "b_inv": 3, "c": 4, "C": "45-60", "c_inv": 3, "d": 4, "D": "45-60", "d_inv": 3, "e": 4, "E": "45-60", "e_inv": 3, "f": 4, "F": "45-60", "f_inv": 3, "g": 3, "G": "30-45", "g_inv": 4, "h": 3, "H": "30-45", "h_inv": 4, "i": 4, "I": "45-60", "i_inv": 3, "j": 4, "J": "45-60", "j_inv": 3, "k": 4, "K": "45-60", "k_inv": 3, "l": 4, "L": "45-60", "l_inv": 3, "m": 3, "M": "30-45", "m_inv": 4, "n": 3, "N": "30-45", "n_inv": 4, "o": 4, "O": "45-60", "o_inv": 3, "p": 4, "P": "45-60", "p_inv": 3}}, {"type": "Feature", "geometry": {"type": "Point", "coordinates": [126.99081000000001, 37.472704]}, "properties": {"row": 0, "col": 16, "walk_min": 19.5, "nearest_station_id": "kr_247", "nearest_station_name": "Namtaeryeong", "a": 3, "A": "30-45", "a_inv": 4, "b": 3, "B": "30-45", "b_inv": 4, "c": 3, "C": "30-45", "c_inv": 4, "d": 3, "D": "30-45", "d_inv": 4, "e": 2, "E": "20-30", "e_inv": 5, "f": 2, "F": "20-30", "f_inv": 5, "g": 4, "G": "45-60", "g_inv": 3, "h": 4, "H": "45-60", "h_inv": 3, "i": 2, "I": "20-30", "i_inv": 5, "j": 2, "J": "20-30", "j_inv": 5, "k": 3, "K": "30-45", "k_inv": 4, "l": 3, "L": "30-45", "l_inv": 4, "m": 4, "M": "45-60", "m_inv": 3, "n": 4, "N": "45-60", "n_inv": 3, "o": 4, "O": "45-60", "o_inv": 3, "p": 4, "P": "45-60", "p_inv": 3}}, {"type": "Feature", "geometry": {"type": "Point", "coordinates": [127.01108400000001, 37.472704]}, "properties": {"row": 0, "col": 19, "walk_min": 19.4, "nearest_station_id": "kr_152", "nearest_station_name": "Nambu Bus Terminal (Seoul Arts Center)", "a": 3, "A": "30-45", "a_inv": 4, "b": 3, "B": "30-45", "b_inv": 4, "c": 4, "C": "45-60", "c_inv": 3, "d": 4, "D": "45-60", "d_inv": 3, "e": 2, "E": "20-30", "e_inv": 5, "f": 2, "F": "20-30", "f_inv": 5, "g": 4, "G": "45-60", "g_inv": 3, "h": 4, "H": "45-60", "h_inv": 3, "i": 2, "I": "20-30", "i_inv": 5, "j": 2, "J": "20-30", "j_inv": 5, "k": 3, "K": "30-45", "k_inv": 4, "l": 3, "L": "30-45", "l_inv": 4, "m": 4, "M": "45-60", "m_inv": 3, "n": 4, "N": "45-60", "n_inv": 3, "o": 4, "O": "45-60", "o_inv": 3, "p": 4, "P": "45-60", "p_inv": 3}}, {"type": "Feature", "geometry": {"type": "Point", "coordinates": [127.06513399999999, 37.526754000000004]}, "properties": {"row": 8, "col": 27, "walk_min": 19.1, "nearest_station_id": "kr_181", "nearest_station_name": "Jayang", "a": 4, "A": "45-60", "a_inv": 3, "b": 4, "B": "45-60", "b_inv": 3, "c": 4, "C": "45-60", "c_inv": 3, "d": 4, "D": "45-60", "d_inv": 3, "e": 3, "E": "30-45", "e_inv": 4, "f": 3, "F": "30-45", "f_inv": 4, "g": 3, "G": "30-45", "g_inv": 4, "h": 3, "H": "30-45", "h_inv": 4, "i": 3, "I": "30-45", "i_inv": 4, "j": 3, "J": "30-45", "j_inv": 4, "k": 4, "K": "45-60", "k_inv": 3, "l": 4, "L": "45-60", "l_inv": 3, "m": 4, "M": "45-60", "m_inv": 3, "n": 4, "N": "45-60", "n_inv": 3, "o": 5, "O": "60-90", "o_inv": 2, "p": 5, "P": "60-90", "p_inv": 2}}, {"type": "Feature", "geometry": {"type": "Point", "coordinates": [126.936754, 37.567294000000004]}, "properties": {"row": 14, "col": 8, "walk_min": 19.9, "nearest_station_id": "kr_376", "nearest_station_name": "Sinchon", "a": 2, "A": "20-30", "a_inv": 5, "b": 2, "B": "20-30", "b_inv": 5, "c": 2, "C": "20-30", "c_inv": 5, "d": 2, "D": "20-30", "d_inv": 5, "e": 4, "E": "45-60", "e_inv": 3, "f": 4, "F": "45-60", "f_inv": 3, "g": 3, "G": "30-45", "g_inv": 4, "h": 3, "H": "30-45", "h_inv": 4, "i": 4, "I": "45-60", "i_inv": 3, "j": 4, "J": "45-60", "j_inv": 3, "k": 5, "K": "60-90", "k_inv": 2, "l": 5, "L": "60-90", "l_inv": 2, "m": 4, "M": "45-60", "m_inv": 3, "n": 4, "N": "45-60", "n_inv": 3, "o": 2, "O": "20-30", "o_inv": 5, "p": 2, "P": "20-30", "p_inv": 5}}, {"type": "Feature", "geometry": {"type": "Point", "coordinates": [126.93000000000002, 37.587564]}, "properties": {"row": 17, "col": 7, "walk_min": 19.2, "nearest_station_id": "kr_110", "nearest_station_name": "Hongje (Seoul Culture Arts Univ.)", "a": 3, "A": "30-45", "a_inv": 4, "b": 3, "B": "30-45", "b_inv": 4, "c": 3, "C": "30-45", "c_inv": 4, "d": 3, "D": "30-45", "d_inv": 4, "e": 4, "E": "45-60", "e_inv": 3, "f": 4, "F": "45-60", "f_inv": 3, "g": 3, "G": "30-45", "g_inv": 4, "h": 3, "H": "30-45", "h_inv": 4, "i": 4, "I": "45-60", "i_inv": 3, "j": 4, "J": "45-60", "j_inv": 3, "k": 5, "K": "60-90", "k_inv": 2, "l": 5, "L": "60-90", "l_inv": 2, "m": 4, "M": "45-60", "m_inv": 3, "n": 4, "N": "45-60", "n_inv": 3, "o": 4, "O": "45-60", "o_inv": 3, "p": 4, "P": "45-60", "p_inv": 3}}, {"type": "Feature", "geometry": {"type": "Point", "coordinates": [127.071894, 37.519999999999996]}, "properties": {"row": 7, "col": 28, "walk_min": 18.5, "nearest_station_id": "kr_012", "nearest_station_name": "Sports Complex", "a": 4, "A": "45-60", "a_inv": 3, "b": 4, "B": "45-60", "b_inv": 3, "c": 4, "C": "45-60", "c_inv": 3, "d": 4, "D": "45-60", "d_inv": 3, "e": 2, "E": "20-30", "e_inv": 5, "f": 2, "F": "20-30", "f_inv": 5, "g": 3, "G": "30-45", "g_inv": 4, "h": 3, "H": "30-45", "h_inv": 4, "i": 3, "I": "30-45", "i_inv": 4, "j": 3, "J": "30-45", "j_inv": 4, "k": 2, "K": "20-30", "k_inv": 5, "l": 2, "L": "20-30", "l_inv": 5, "m": 3, "M": "30-45", "m_inv": 4, "n": 3, "N": "30-45", "n_inv": 4, "o": 4, "O": "45-60", "o_inv": 3, "p": 4, "P": "45-60", "p_inv": 3}}, {"type": "Feature", "geometry": {"type": "Point", "coordinates": [127.004324, 37.526754000000004]}, "properties": {"row": 8, "col": 18, "walk_min": 17.3, "nearest_station_id": "kr_320", "nearest_station_name": "\uc774\ud0dc\uc6d0", "a": 2, "A": "20-30", "a_inv": 5, "b": 2, "B": "20-30", "b_inv": 5, "c": 2, "C": "20-30", "c_inv": 5, "d": 2, "D": "20-30", "d_inv": 5, "e": 3, "E": "30-45", "e_inv": 4, "f": 3, "F": "30-45", "f_inv": 4, "g": 3, "G": "30-45", "g_inv": 4, "h": 3, "H": "30-45", "h_inv": 4, "i": 3, "I": "30-45", "i_inv": 4, "j": 3, "J": "30-45", "j_inv": 4, "k": 4, "K": "45-60", "k_inv": 3, "l": 4, "L": "45-60", "l_inv": 3, "m": 3, "M": "30-45", "m_inv": 4, "n": 3, "N": "30-45", "n_inv": 4, "o": 3, "O": "30-45", "o_inv": 4, "p": 3, "P": "30-45", "p_inv": 4}}, {"type": "Feature", "geometry": {"type": "Point", "coordinates": [127.031354, 37.614594]}, "properties": {"row": 21, "col": 22, "walk_min": 16.2, "nearest_station_id": "kr_091", "nearest_station_name": "Miasageori", "a": 3, "A": "30-45", "a_inv": 4, "b": 3, "B": "30-45", "b_inv": 4, "c": 3, "C": "30-45", "c_inv": 4, "d": 3, "D": "30-45", "d_inv": 4, "e": 4, "E": "45-60", "e_inv": 3, "f": 4, "F": "45-60", "f_inv": 3, "g": 3, "G": "30-45", "g_inv": 4, "h": 3, "H": "30-45", "h_inv": 4, "i": 4, "I": "45-60", "i_inv": 3, "j": 4, "J": "45-60", "j_inv": 3, "k": 4, "K": "45-60", "k_inv": 3, "l": 4, "L": "45-60", "l_inv": 3, "m": 4, "M": "45-60", "m_inv": 3, "n": 4, "N": "45-60", "n_inv": 3, "o": 4, "O": "45-60", "o_inv": 3, "p": 4, "P": "45-60", "p_inv": 3}}, {"type": "Feature", "geometry": {"type": "Point", "coordinates": [126.923244, 37.574054000000004]}, "properties": {"row": 15, "col": 6, "walk_min": 21.2, "nearest_station_id": "kr_339", "nearest_station_name": "\uc99d\uc0b0", "a": 4, "A": "45-60", "a_inv": 3, "b": 4, "B": "45-60", "b_inv": 3, "c": 4, "C": "45-60", "c_inv": 3, "d": 4, "D": "45-60", "d_inv": 3, "e": 5, "E": "60-90", "e_inv": 2, "f": 5, "F": "60-90", "f_inv": 2, "g": 4, "G": "45-60", "g_inv": 3, "h": 4, "H": "45-60", "h_inv": 3, "i": 4, "I": "45-60", "i_inv": 3, "j": 4, "J": "45-60", "j_inv": 3, "k": 5, "K": "60-90", "k_inv": 2, "l": 5, "L": "60-90", "l_inv": 2, "m": 5, "M": "60-90", "m_inv": 2, "n": 5, "N": "60-90", "n_inv": 2, "o": 4, "O": "45-60", "o_inv": 3, "p": 4, "P": "45-60", "p_inv": 3}}, {"type": "Feature", "geometry": {"type": "Point", "coordinates": [127.05837999999999, 37.614594]}, "properties": {"row": 21, "col": 26, "walk_min": 19.2, "nearest_station_id": "kr_165", "nearest_station_name": "\ub3cc\uacf6\uc774", "a": 4, "A": "45-60", "a_inv": 3, "b": 4, "B": "45-60", "b_inv": 3, "c": 4, "C": "45-60", "c_inv": 3, "d": 4, "D": "45-60", "d_inv": 3, "e": 4, "E": "45-60", "e_inv": 3, "f": 4, "F": "45-60", "f_inv": 3, "g": 3, "G": "30-45", "g_inv": 4, "h": 3, "H": "30-45", "h_inv": 4, "i": 5, "I": "60-90", "i_inv": 2, "j": 5, "J": "60-90", "j_inv": 2, "k": 5, "K": "60-90", "k_inv": 2, "l": 5, "L": "60-90", "l_inv": 2, "m": 4, "M": "45-60", "m_inv": 3, "n": 4, "N": "45-60", "n_inv": 3, "o": 4, "O": "45-60", "o_inv": 3, "p": 4, "P": "45-60", "p_inv": 3}}, {"type": "Feature", "geometry": {"type": "Point", "coordinates": [126.98405400000001, 37.513244]}, "properties": {"row": 6, "col": 15, "walk_min": 21.6, "nearest_station_id": "kr_003", "nearest_station_name": "Dongjak", "a": 3, "A": "30-45", "a_inv": 4, "b": 3, "B": "30-45", "b_inv": 4, "c": 3, "C": "30-45", "c_inv": 4, "d": 3, "D": "30-45", "d_inv": 4, "e": 3, "E": "30-45", "e_inv": 4, "f": 3, "F": "30-45", "f_inv": 4, "g": 4, "G": "45-60", "g_inv": 3, "h": 4, "H": "45-60", "h_inv": 3, "i": 3, "I": "30-45", "i_inv": 4, "j": 3, "J": "30-45", "j_inv": 4, "k": 4, "K": "45-60", "k_inv": 3, "l": 4, "L": "45-60", "l_inv": 3, "m": 4, "M": "45-60", "m_inv": 3, "n": 4, "N": "45-60", "n_inv": 3, "o": 3, "O": "30-45", "o_inv": 4, "p": 3, "P": "30-45", "p_inv": 4}}, {"type": "Feature", "geometry": {"type": "Point", "coordinates": [127.085404, 37.54027]}, "properties": {"row": 10, "col": 30, "walk_min": 16.5, "nearest_station_id": "kr_210", "nearest_station_name": "Guui(Gwangjin-gu Office)", "a": 3, "A": "30-45", "a_inv": 4, "b": 3, "B": "30-45", "b_inv": 4, "c": 3, "C": "30-45", "c_inv": 4, "d": 3, "D": "30-45", "d_inv": 4, "e": 3, "E": "30-45", "e_inv": 4, "f": 3, "F": "30-45", "f_inv": 4, "g": 2, "G": "20-30", "g_inv": 5, "h": 2, "H": "20-30", "h_inv": 5, "i": 4, "I": "45-60", "i_inv": 3, "j": 4, "J": "45-60", "j_inv": 3, "k": 2, "K": "20-30", "k_inv": 5, "l": 2, "L": "20-30", "l_inv": 5, "m": 1, "M": "10-20", "m_inv": 6, "n": 1, "N": "10-20", "n_inv": 6, "o": 4, "O": "45-60", "o_inv": 3, "p": 4, "P": "45-60", "p_inv": 3}}, {"type": "Feature", "geometry": {"type": "Point", "coordinates": [126.99081000000001, 37.594324]}, "properties": {"row": 18, "col": 16, "walk_min": 19.7, "nearest_station_id": "kr_061", "nearest_station_name": "Hansung Univ. (Samseongyo)", "a": 3, "A": "30-45", "a_inv": 4, "b": 3, "B": "30-45", "b_inv": 4, "c": 3, "C": "30-45", "c_inv": 4, "d": 3, "D": "30-45", "d_inv": 4, "e": 4, "E": "45-60", "e_inv": 3, "f": 4, "F": "45-60", "f_inv": 3, "g": 3, "G": "30-45", "g_inv": 4, "h": 3, "H": "30-45", "h_inv": 4, "i": 4, "I": "45-60", "i_inv": 3, "j": 4, "J": "45-60", "j_inv": 3, "k": 4, "K": "45-60", "k_inv": 3, "l": 4, "L": "45-60", "l_inv": 3, "m": 3, "M": "30-45", "m_inv": 4, "n": 3, "N": "30-45", "n_inv": 4, "o": 3, "O": "30-45", "o_inv": 4, "p": 3, "P": "30-45", "p_inv": 4}}, {"type": "Feature", "geometry": {"type": "Point", "coordinates": [127.06513399999999, 37.574054000000004]}, "properties": {"row": 15, "col": 27, "walk_min": 20.8, "nearest_station_id": "kr_099", "nearest_station_name": "\ub2f5\uc2ed\ub9ac", "a": 3, "A": "30-45", "a_inv": 4, "b": 3, "B": "30-45", "b_inv": 4, "c": 3, "C": "30-45", "c_inv": 4, "d": 3, "D": "30-45", "d_inv": 4, "e": 4, "E": "45-60", "e_inv": 3, "f": 4, "F": "45-60", "f_inv": 3, "g": 2, "G": "20-30", "g_inv": 5, "h": 2, "H": "20-30", "h_inv": 5, "i": 4, "I": "45-60", "i_inv": 3, "j": 4, "J": "45-60", "j_inv": 3, "k": 4, "K": "45-60", "k_inv": 3, "l": 4, "L": "45-60", "l_inv": 3, "m": 3, "M": "30-45", "m_inv": 4, "n": 3, "N": "30-45", "n_inv": 4, "o": 4, "O": "45-60", "o_inv": 3, "p": 4, "P": "45-60", "p_inv": 3}}, {"type": "Feature", "geometry": {"type": "Point", "coordinates": [126.99081000000001, 37.547024]}, "properties": {"row": 11, "col": 16, "walk_min": 20.7, "nearest_station_id": "kr_334", "nearest_station_name": "\ud55c\uac15\uc9c4", "a": 3, "A": "30-45", "a_inv": 4, "b": 3, "B": "30-45", "b_inv": 4, "c": 3, "C": "30-45", "c_inv": 4, "d": 3, "D": "30-45", "d_inv": 4, "e": 3, "E": "30-45", "e_inv": 4, "f": 3, "F": "30-45", "f_inv": 4, "g": 3, "G": "30-45", "g_inv": 4, "h": 3, "H": "30-45", "h_inv": 4, "i": 3, "I": "30-45", "i_inv": 4, "j": 3, "J": "30-45", "j_inv": 4, "k": 4, "K": "45-60", "k_inv": 3, "l": 4, "L": "45-60", "l_inv": 3, "m": 3, "M": "30-45", "m_inv": 4, "n": 3, "N": "30-45", "n_inv": 4, "o": 3, "O": "30-45", "o_inv": 4, "p": 3, "P": "30-45", "p_inv": 4}}, {"type": "Feature", "geometry": {"type": "Point", "coordinates": [126.96378399999999, 37.587564]}, "properties": {"row": 17, "col": 12, "walk_min": 23.9, "nearest_station_id": "kr_067", "nearest_station_name": "\ubb34\uc545\uc7ac", "a": 3, "A": "30-45", "a_inv": 4, "b": 3, "B": "30-45", "b_inv": 4, "c": 3, "C": "30-45", "c_inv": 4, "d": 3, "D": "30-45", "d_inv": 4, "e": 4, "E": "45-60", "e_inv": 3, "f": 4, "F": "45-60", "f_inv": 3, "g": 3, "G": "30-45", "g_inv": 4, "h": 3, "H": "30-45", "h_inv": 4, "i": 4, "I": "45-60", "i_inv": 3, "j": 4, "J": "45-60", "j_inv": 3, "k": 5, "K": "60-90", "k_inv": 2, "l": 5, "L": "60-90", "l_inv": 2, "m": 4, "M": "45-60", "m_inv": 3, "n": 4, "N": "45-60", "n_inv": 3, "o": 4, "O": "45-60", "o_inv": 3, "p": 4, "P": "45-60", "p_inv": 3}}, {"type": "Feature", "geometry": {"type": "Point", "coordinates": [126.875944, 37.533514000000004]}, "properties": {"row": 9, "col": -1, "walk_min": 19.7, "nearest_station_id": "kr_366", "nearest_station_name": "Omokgyo", "a": 3, "A": "30-45", "a_inv": 4, "b": 3, "B": "30-45", "b_inv": 4, "c": 4, "C": "45-60", "c_inv": 3, "d": 4, "D": "45-60", "d_inv": 3, "e": 4, "E": "45-60", "e_inv": 3, "f": 4, "F": "45-60", "f_inv": 3, "g": 4, "G": "45-60", "g_inv": 3, "h": 4, "H": "45-60", "h_inv": 3, "i": 4, "I": "45-60", "i_inv": 3, "j": 4, "J": "45-60", "j_inv": 3, "k": 5, "K": "60-90", "k_inv": 2, "l": 5, "L": "60-90", "l_inv": 2, "m": 5, "M": "60-90", "m_inv": 2, "n": 5, "N": "60-90", "n_inv": 2, "o": 3, "O": "30-45", "o_inv": 4, "p": 3, "P": "30-45", "p_inv": 4}}, {"type": "Feature", "geometry": {"type": "Point", "coordinates": [127.071894, 37.479459999999996]}, "properties": {"row": 1, "col": 28, "walk_min": 42.9, "nearest_station_id": "kr_298", "nearest_station_name": "Irwon", "a": 5, "A": "60-90", "a_inv": 2, "b": 5, "B": "60-90", "b_inv": 2, "c": 5, "C": "60-90", "c_inv": 2, "d": 5, "D": "60-90", "d_inv": 2, "e": 4, "E": "45-60", "e_inv": 3, "f": 4, "F": "45-60", "f_inv": 3, "g": 5, "G": "60-90", "g_inv": 2, "h": 5, "H": "60-90", "h_inv": 2, "i": 5, "I": "60-90", "i_inv": 2, "j": 5, "J": "60-90", "j_inv": 2, "k": 5, "K": "60-90", "k_inv": 2, "l": 5, "L": "60-90", "l_inv": 2, "m": 5, "M": "60-90", "m_inv": 2, "n": 5, "N": "60-90", "n_inv": 2, "o": 6, "O": "90-120", "o_inv": 1, "p": 6, "P": "90-120", "p_inv": 1}}, {"type": "Feature", "geometry": {"type": "Point", "coordinates": [126.89621400000001, 37.601084]}, "properties": {"row": 19, "col": 2, "walk_min": 35.2, "nearest_station_id": "kr_318", "nearest_station_name": "\uc751\uc554", "a": 5, "A": "60-90", "a_inv": 2, "b": 5, "B": "60-90", "b_inv": 2, "c": 5, "C": "60-90", "c_inv": 2, "d": 5, "D": "60-90", "d_inv": 2, "e": 5, "E": "60-90", "e_inv": 2, "f": 5, "F": "60-90", "f_inv": 2, "g": 5, "G": "60-90", "g_inv": 2, "h": 5, "H": "60-90", "h_inv": 2, "i": 5, "I": "60-90", "i_inv": 2, "j": 5, "J": "60-90", "j_inv": 2, "k": 5, "K": "60-90", "k_inv": 2, "l": 5, "L": "60-90", "l_inv": 2, "m": 5, "M": "60-90", "m_inv": 2, "n": 5, "N": "60-90", "n_inv": 2, "o": 5, "O": "60-90", "o_inv": 2, "p": 5, "P": "60-90", "p_inv": 2}}, {"type": "Feature", "geometry": {"type": "Point", "coordinates": [127.04486399999999, 37.614594]}, "properties": {"row": 21, "col": 24, "walk_min": 17.8, "nearest_station_id": "kr_154", "nearest_station_name": "\uc0c1\uc6d4\uace1", "a": 3, "A": "30-45", "a_inv": 4, "b": 3, "B": "30-45", "b_inv": 4, "c": 3, "C": "30-45", "c_inv": 4, "d": 3, "D": "30-45", "d_inv": 4, "e": 4, "E": "45-60", "e_inv": 3, "f": 4, "F": "45-60", "f_inv": 3, "g": 3, "G": "30-45", "g_inv": 4, "h": 3, "H": "30-45", "h_inv": 4, "i": 5, "I": "60-90", "i_inv": 2, "j": 5, "J": "60-90", "j_inv": 2, "k": 4, "K": "45-60", "k_inv": 3, "l": 4, "L": "45-60", "l_inv": 3, "m": 4, "M": "45-60", "m_inv": 3, "n": 4, "N": "45-60", "n_inv": 3, "o": 4, "O": "45-60", "o_inv": 3, "p": 4, "P": "45-60", "p_inv": 3}}, {"type": "Feature", "geometry": {"type": "Point", "coordinates": [126.89621400000001, 37.594324]}, "properties": {"row": 18, "col": 2, "walk_min": 25.0, "nearest_station_id": "kr_340", "nearest_station_name": "Saejeol", "a": 4, "A": "45-60", "a_inv": 3, "b": 4, "B": "45-60", "b_inv": 3, "c": 4, "C": "45-60", "c_inv": 3, "d": 4, "D": "45-60", "d_inv": 3, "e": 5, "E": "60-90", "e_inv": 2, "f": 5, "F": "60-90", "f_inv": 2, "g": 5, "G": "60-90", "g_inv": 2, "h": 5, "H": "60-90", "h_inv": 2, "i": 5, "I": "60-90", "i_inv": 2, "j": 5, "J": "60-90", "j_inv": 2, "k": 5, "K": "60-90", "k_inv": 2, "l": 5, "L": "60-90", "l_inv": 2, "m": 5, "M": "60-90", "m_inv": 2, "n": 5, "N": "60-90", "n_inv": 2, "o": 5, "O": "60-90", "o_inv": 2, "p": 5, "P": "60-90", "p_inv": 2}}, {"type": "Feature", "geometry": {"type": "Point", "coordinates": [126.916484, 37.472704]}, "properties": {"row": 0, "col": 5, "walk_min": 21.6, "nearest_station_id": "kr_336", "nearest_station_name": "Sindaebang", "a": 4, "A": "45-60", "a_inv": 3, "b": 4, "B": "45-60", "b_inv": 3, "c": 4, "C": "45-60", "c_inv": 3, "d": 4, "D": "45-60", "d_inv": 3, "e": 3, "E": "30-45", "e_inv": 4, "f": 3, "F": "30-45", "f_inv": 4, "g": 5, "G": "60-90", "g_inv": 2, "h": 5, "H": "60-90", "h_inv": 2, "i": 3, "I": "30-45", "i_inv": 4, "j": 3, "J": "30-45", "j_inv": 4, "k": 5, "K": "60-90", "k_inv": 2, "l": 5, "L": "60-90", "l_inv": 2, "m": 5, "M": "60-90", "m_inv": 2, "n": 5, "N": "60-90", "n_inv": 2, "o": 3, "O": "30-45", "o_inv": 4, "p": 3, "P": "30-45", "p_inv": 4}}, {"type": "Feature", "geometry": {"type": "Point", "coordinates": [126.902974, 37.607839999999996]}, "properties": {"row": 20, "col": 3, "walk_min": 21.6, "nearest_station_id": "kr_390", "nearest_station_name": "\uad6c\uc0b0", "a": 4, "A": "45-60", "a_inv": 3, "b": 4, "B": "45-60", "b_inv": 3, "c": 4, "C": "45-60", "c_inv": 3, "d": 4, "D": "45-60", "d_inv": 3, "e": 5, "E": "60-90", "e_inv": 2, "f": 5, "F": "60-90", "f_inv": 2, "g": 4, "G": "45-60", "g_inv": 3, "h": 4, "H": "45-60", "h_inv": 3, "i": 5, "I": "60-90", "i_inv": 2, "j": 5, "J": "60-90", "j_inv": 2, "k": 5, "K": "60-90", "k_inv": 2, "l": 5, "L": "60-90", "l_inv": 2, "m": 5, "M": "60-90", "m_inv": 2, "n": 5, "N": "60-90", "n_inv": 2, "o": 4, "O": "45-60", "o_inv": 3, "p": 4, "P": "45-60", "p_inv": 3}}, {"type": "Feature", "geometry": {"type": "Point", "coordinates": [126.916484, 37.614594]}, "properties": {"row": 21, "col": 5, "walk_min": 17.2, "nearest_station_id": "kr_390", "nearest_station_name": "\uad6c\uc0b0", "a": 4, "A": "45-60", "a_inv": 3, "b": 4, "B": "45-60", "b_inv": 3, "c": 3, "C": "30-45", "c_inv": 4, "d": 3, "D": "30-45", "d_inv": 4, "e": 5, "E": "60-90", "e_inv": 2, "f": 5, "F": "60-90", "f_inv": 2, "g": 4, "G": "45-60", "g_inv": 3, "h": 4, "H": "45-60", "h_inv": 3, "i": 5, "I": "60-90", "i_inv": 2, "j": 5, "J": "60-90", "j_inv": 2, "k": 5, "K": "60-90", "k_inv": 2, "l": 5, "L": "60-90", "l_inv": 2, "m": 4, "M": "45-60", "m_inv": 3, "n": 4, "N": "45-60", "n_inv": 3, "o": 4, "O": "45-60", "o_inv": 3, "p": 4, "P": "45-60", "p_inv": 3}}, {"type": "Feature", "geometry": {"type": "Point", "coordinates": [127.01108400000001, 37.526754000000004]}, "properties": {"row": 8, "col": 19, "walk_min": 20.1, "nearest_station_id": "kr_056", "nearest_station_name": "Sinsa", "a": 3, "A": "30-45", "a_inv": 4, "b": 3, "B": "30-45", "b_inv": 4, "c": 3, "C": "30-45", "c_inv": 4, "d": 3, "D": "30-45", "d_inv": 4, "e": 3, "E": "30-45", "e_inv": 4, "f": 3, "F": "30-45", "f_inv": 4, "g": 3, "G": "30-45", "g_inv": 4, "h": 3, "H": "30-45", "h_inv": 4, "i": 3, "I": "30-45", "i_inv": 4, "j": 3, "J": "30-45", "j_inv": 4, "k": 3, "K": "30-45", "k_inv": 4, "l": 3, "L": "30-45", "l_inv": 4, "m": 3, "M": "30-45", "m_inv": 4, "n": 3, "N": "30-45", "n_inv": 4, "o": 4, "O": "45-60", "o_inv": 3, "p": 4, "P": "45-60", "p_inv": 3}}, {"type": "Feature", "geometry": {"type": "Point", "coordinates": [126.89621400000001, 37.472704]}, "properties": {"row": 0, "col": 2, "walk_min": 22.8, "nearest_station_id": "kr_443", "nearest_station_name": "Doksan", "a": 4, "A": "45-60", "a_inv": 3, "b": 4, "B": "45-60", "b_inv": 3, "c": 4, "C": "45-60", "c_inv": 3, "d": 4, "D": "45-60", "d_inv": 3, "e": 4, "E": "45-60", "e_inv": 3, "f": 4, "F": "45-60", "f_inv": 3, "g": 5, "G": "60-90", "g_inv": 2, "h": 5, "H": "60-90", "h_inv": 2, "i": 4, "I": "45-60", "i_inv": 3, "j": 4, "J": "45-60", "j_inv": 3, "k": 5, "K": "60-90", "k_inv": 2, "l": 5, "L": "60-90", "l_inv": 2, "m": 5, "M": "60-90", "m_inv": 2, "n": 5, "N": "60-90", "n_inv": 2, "o": 4, "O": "45-60", "o_inv": 3, "p": 4, "P": "45-60", "p_inv": 3}}, {"type": "Feature", "geometry": {"type": "Point", "coordinates": [127.07865000000001, 37.587564]}, "properties": {"row": 17, "col": 29, "walk_min": 22.4, "nearest_station_id": "kr_124", "nearest_station_name": "\uba74\ubaa9", "a": 4, "A": "45-60", "a_inv": 3, "b": 4, "B": "45-60", "b_inv": 3, "c": 4, "C": "45-60", "c_inv": 3, "d": 4, "D": "45-60", "d_inv": 3, "e": 4, "E": "45-60", "e_inv": 3, "f": 4, "F": "45-60", "f_inv": 3, "g": 3, "G": "30-45", "g_inv": 4, "h": 3, "H": "30-45", "h_inv": 4, "i": 5, "I": "60-90", "i_inv": 2, "j": 5, "J": "60-90", "j_inv": 2, "k": 5, "K": "60-90", "k_inv": 2, "l": 5, "L": "60-90", "l_inv": 2, "m": 4, "M": "45-60", "m_inv": 3, "n": 4, "N": "45-60", "n_inv": 3, "o": 5, "O": "60-90", "o_inv": 2, "p": 5, "P": "60-90", "p_inv": 2}}, {"type": "Feature", "geometry": {"type": "Point", "coordinates": [127.085404, 37.526754000000004]}, "properties": {"row": 8, "col": 30, "walk_min": 21.9, "nearest_station_id": "kr_210", "nearest_station_name": "Guui(Gwangjin-gu Office)", "a": 4, "A": "45-60", "a_inv": 3, "b": 4, "B": "45-60", "b_inv": 3, "c": 4, "C": "45-60", "c_inv": 3, "d": 4, "D": "45-60", "d_inv": 3, "e": 3, "E": "30-45", "e_inv": 4, "f": 3, "F": "30-45", "f_inv": 4, "g": 3, "G": "30-45", "g_inv": 4, "h": 3, "H": "30-45", "h_inv": 4, "i": 4, "I": "45-60", "i_inv": 3, "j": 4, "J": "45-60", "j_inv": 3, "k": 2, "K": "20-30", "k_inv": 5, "l": 2, "L": "20-30", "l_inv": 5, "m": 2, "M": "20-30", "m_inv": 5, "n": 2, "N": "20-30", "n_inv": 5, "o": 4, "O": "45-60", "o_inv": 3, "p": 4, "P": "45-60", "p_inv": 3}}, {"type": "Feature", "geometry": {"type": "Point", "coordinates": [127.03811, 37.614594]}, "properties": {"row": 21, "col": 23, "walk_min": 18.4, "nearest_station_id": "kr_091", "nearest_station_name": "Miasageori", "a": 3, "A": "30-45", "a_inv": 4, "b": 3, "B": "30-45", "b_inv": 4, "c": 3, "C": "30-45", "c_inv": 4, "d": 3, "D": "30-45", "d_inv": 4, "e": 4, "E": "45-60", "e_inv": 3, "f": 4, "F": "45-60", "f_inv": 3, "g": 3, "G": "30-45", "g_inv": 4, "h": 3, "H": "30-45", "h_inv": 4, "i": 5, "I": "60-90", "i_inv": 2, "j": 5, "J": "60-90", "j_inv": 2, "k": 4, "K": "45-60", "k_inv": 3, "l": 4, "L": "45-60", "l_inv": 3, "m": 4, "M": "45-60", "m_inv": 3, "n": 4, "N": "45-60", "n_inv": 3, "o": 4, "O": "45-60", "o_inv": 3, "p": 4, "P": "45-60", "p_inv": 3}}, {"type": "Feature", "geometry": {"type": "Point", "coordinates": [126.99756400000001, 37.601084]}, "properties": {"row": 19, "col": 17, "walk_min": 23.8, "nearest_station_id": "kr_061", "nearest_station_name": "Hansung Univ. (Samseongyo)", "a": 3, "A": "30-45", "a_inv": 4, "b": 3, "B": "30-45", "b_inv": 4, "c": 3, "C": "30-45", "c_inv": 4, "d": 3, "D": "30-45", "d_inv": 4, "e": 4, "E": "45-60", "e_inv": 3, "f": 4, "F": "45-60", "f_inv": 3, "g": 3, "G": "30-45", "g_inv": 4, "h": 3, "H": "30-45", "h_inv": 4, "i": 4, "I": "45-60", "i_inv": 3, "j": 4, "J": "45-60", "j_inv": 3, "k": 4, "K": "45-60", "k_inv": 3, "l": 4, "L": "45-60", "l_inv": 3, "m": 4, "M": "45-60", "m_inv": 3, "n": 4, "N": "45-60", "n_inv": 3, "o": 4, "O": "45-60", "o_inv": 3, "p": 4, "P": "45-60", "p_inv": 3}}, {"type": "Feature", "geometry": {"type": "Point", "coordinates": [126.99756400000001, 37.519999999999996]}, "properties": {"row": 7, "col": 17, "walk_min": 21.4, "nearest_station_id": "kr_216", "nearest_station_name": "Jamwon", "a": 3, "A": "30-45", "a_inv": 4, "b": 3, "B": "30-45", "b_inv": 4, "c": 3, "C": "30-45", "c_inv": 4, "d": 3, "D": "30-45", "d_inv": 4, "e": 3, "E": "30-45", "e_inv": 4, "f": 3, "F": "30-45", "f_inv": 4, "g": 3, "G": "30-45", "g_inv": 4, "h": 3, "H": "30-45", "h_inv": 4, "i": 3, "I": "30-45", "i_inv": 4, "j": 3, "J": "30-45", "j_inv": 4, "k": 4, "K": "45-60", "k_inv": 3, "l": 4, "L": "45-60", "l_inv": 3, "m": 4, "M": "45-60", "m_inv": 3, "n": 4, "N": "45-60", "n_inv": 3, "o": 4, "O": "45-60", "o_inv": 3, "p": 4, "P": "45-60", "p_inv": 3}}, {"type": "Feature", "geometry": {"type": "Point", "coordinates": [126.93000000000002, 37.58081]}, "properties": {"row": 16, "col": 7, "walk_min": 22.8, "nearest_station_id": "kr_110", "nearest_station_name": "Hongje (Seoul Culture Arts Univ.)", "a": 3, "A": "30-45", "a_inv": 4, "b": 3, "B": "30-45", "b_inv": 4, "c": 3, "C": "30-45", "c_inv": 4, "d": 3, "D": "30-45", "d_inv": 4, "e": 4, "E": "45-60", "e_inv": 3, "f": 4, "F": "45-60", "f_inv": 3, "g": 4, "G": "45-60", "g_inv": 3, "h": 4, "H": "45-60", "h_inv": 3, "i": 5, "I": "60-90", "i_inv": 2, "j": 5, "J": "60-90", "j_inv": 2, "k": 5, "K": "60-90", "k_inv": 2, "l": 5, "L": "60-90", "l_inv": 2, "m": 4, "M": "45-60", "m_inv": 3, "n": 4, "N": "45-60", "n_inv": 3, "o": 4, "O": "45-60", "o_inv": 3, "p": 4, "P": "45-60", "p_inv": 3}}, {"type": "Feature", "geometry": {"type": "Point", "coordinates": [126.94351400000001, 37.574054000000004]}, "properties": {"row": 15, "col": 9, "walk_min": 21.7, "nearest_station_id": "kr_096", "nearest_station_name": "Muakjae", "a": 3, "A": "30-45", "a_inv": 4, "b": 3, "B": "30-45", "b_inv": 4, "c": 3, "C": "30-45", "c_inv": 4, "d": 3, "D": "30-45", "d_inv": 4, "e": 4, "E": "45-60", "e_inv": 3, "f": 4, "F": "45-60", "f_inv": 3, "g": 3, "G": "30-45", "g_inv": 4, "h": 3, "H": "30-45", "h_inv": 4, "i": 4, "I": "45-60", "i_inv": 3, "j": 4, "J": "45-60", "j_inv": 3, "k": 5, "K": "60-90", "k_inv": 2, "l": 5, "L": "60-90", "l_inv": 2, "m": 4, "M": "45-60", "m_inv": 3, "n": 4, "N": "45-60", "n_inv": 3, "o": 4, "O": "45-60", "o_inv": 3, "p": 4, "P": "45-60", "p_inv": 3}}, {"type": "Feature", "geometry": {"type": "Point", "coordinates": [126.957024, 37.587564]}, "properties": {"row": 17, "col": 11, "walk_min": 25.5, "nearest_station_id": "kr_067", "nearest_station_name": "\ubb34\uc545\uc7ac", "a": 3, "A": "30-45", "a_inv": 4, "b": 3, "B": "30-45", "b_inv": 4, "c": 3, "C": "30-45", "c_inv": 4, "d": 3, "D": "30-45", "d_inv": 4, "e": 4, "E": "45-60", "e_inv": 3, "f": 4, "F": "45-60", "f_inv": 3, "g": 4, "G": "45-60", "g_inv": 3, "h": 4, "H": "45-60", "h_inv": 3, "i": 5, "I": "60-90", "i_inv": 2, "j": 5, "J": "60-90", "j_inv": 2, "k": 5, "K": "60-90", "k_inv": 2, "l": 5, "L": "60-90", "l_inv": 2, "m": 4, "M": "45-60", "m_inv": 3, "n": 4, "N": "45-60", "n_inv": 3, "o": 4, "O": "45-60", "o_inv": 3, "p": 4, "P": "45-60", "p_inv": 3}}, {"type": "Feature", "geometry": {"type": "Point", "coordinates": [126.90973000000001, 37.472704]}, "properties": {"row": 0, "col": 4, "walk_min": 23.7, "nearest_station_id": "kr_288", "nearest_station_name": "Guro Digital Complex", "a": 4, "A": "45-60", "a_inv": 3, "b": 4, "B": "45-60", "b_inv": 3, "c": 4, "C": "45-60", "c_inv": 3, "d": 4, "D": "45-60", "d_inv": 3, "e": 4, "E": "45-60", "e_inv": 3, "f": 4, "F": "45-60", "f_inv": 3, "g": 5, "G": "60-90", "g_inv": 2, "h": 5, "H": "60-90", "h_inv": 2, "i": 3, "I": "30-45", "i_inv": 4, "j": 3, "J": "30-45", "j_inv": 4, "k": 5, "K": "60-90", "k_inv": 2, "l": 5, "L": "60-90", "l_inv": 2, "m": 5, "M": "60-90", "m_inv": 2, "n": 5, "N": "60-90", "n_inv": 2, "o": 3, "O": "30-45", "o_inv": 4, "p": 3, "P": "30-45", "p_inv": 4}}, {"type": "Feature", "geometry": {"type": "Point", "coordinates": [127.085404, 37.567294000000004]}, "properties": {"row": 14, "col": 30, "walk_min": 19.5, "nearest_station_id": "kr_098", "nearest_station_name": "\uc911\uace1", "a": 4, "A": "45-60", "a_inv": 3, "b": 4, "B": "45-60", "b_inv": 3, "c": 4, "C": "45-60", "c_inv": 3, "d": 4, "D": "45-60", "d_inv": 3, "e": 4, "E": "45-60", "e_inv": 3, "f": 4, "F": "45-60", "f_inv": 3, "g": 3, "G": "30-45", "g_inv": 4, "h": 3, "H": "30-45", "h_inv": 4, "i": 4, "I": "45-60", "i_inv": 3, "j": 4, "J": "45-60", "j_inv": 3, "k": 4, "K": "45-60", "k_inv": 3, "l": 4, "L": "45-60", "l_inv": 3, "m": 3, "M": "30-45", "m_inv": 4, "n": 3, "N": "30-45", "n_inv": 4, "o": 4, "O": "45-60", "o_inv": 3, "p": 4, "P": "45-60", "p_inv": 3}}, {"type": "Feature", "geometry": {"type": "Point", "coordinates": [127.05162399999999, 37.614594]}, "properties": {"row": 21, "col": 25, "walk_min": 20.0, "nearest_station_id": "kr_165", "nearest_station_name": "\ub3cc\uacf6\uc774", "a": 4, "A": "45-60", "a_inv": 3, "b": 4, "B": "45-60", "b_inv": 3, "c": 4, "C": "45-60", "c_inv": 3, "d": 4, "D": "45-60", "d_inv": 3, "e": 4, "E": "45-60", "e_inv": 3, "f": 4, "F": "45-60", "f_inv": 3, "g": 3, "G": "30-45", "g_inv": 4, "h": 3, "H": "30-45", "h_inv": 4, "i": 5, "I": "60-90", "i_inv": 2, "j": 5, "J": "60-90", "j_inv": 2, "k": 5, "K": "60-90", "k_inv": 2, "l": 5, "L": "60-90", "l_inv": 2, "m": 4, "M": "45-60", "m_inv": 3, "n": 4, "N": "45-60", "n_inv": 3, "o": 4, "O": "45-60", "o_inv": 3, "p": 4, "P": "45-60", "p_inv": 3}}, {"type": "Feature", "geometry": {"type": "Point", "coordinates": [127.071894, 37.58081]}, "properties": {"row": 16, "col": 28, "walk_min": 23.7, "nearest_station_id": "kr_120", "nearest_station_name": "\uc0ac\uac00\uc815", "a": 4, "A": "45-60", "a_inv": 3, "b": 4, "B": "45-60", "b_inv": 3, "c": 4, "C": "45-60", "c_inv": 3, "d": 4, "D": "45-60", "d_inv": 3, "e": 4, "E": "45-60", "e_inv": 3, "f": 4, "F": "45-60", "f_inv": 3, "g": 3, "G": "30-45", "g_inv": 4, "h": 3, "H": "30-45", "h_inv": 4, "i": 5, "I": "60-90", "i_inv": 2, "j": 5, "J": "60-90", "j_inv": 2, "k": 4, "K": "45-60", "k_inv": 3, "l": 4, "L": "45-60", "l_inv": 3, "m": 4, "M": "45-60", "m_inv": 3, "n": 4, "N": "45-60", "n_inv": 3, "o": 5, "O": "60-90", "o_inv": 2, "p": 5, "P": "60-90", "p_inv": 2}}, {"type": "Feature", "geometry": {"type": "Point", "coordinates": [126.99081000000001, 37.513244]}, "properties": {"row": 6, "col": 16, "walk_min": 23.0, "nearest_station_id": "kr_403", "nearest_station_name": "Sinbanpo", "a": 3, "A": "30-45", "a_inv": 4, "b": 3, "B": "30-45", "b_inv": 4, "c": 3, "C": "30-45", "c_inv": 4, "d": 3, "D": "30-45", "d_inv": 4, "e": 3, "E": "30-45", "e_inv": 4, "f": 3, "F": "30-45", "f_inv": 4, "g": 4, "G": "45-60", "g_inv": 3, "h": 4, "H": "45-60", "h_inv": 3, "i": 3, "I": "30-45", "i_inv": 4, "j": 3, "J": "30-45", "j_inv": 4, "k": 3, "K": "30-45", "k_inv": 4, "l": 3, "L": "30-45", "l_inv": 4, "m": 4, "M": "45-60", "m_inv": 3, "n": 4, "N": "45-60", "n_inv": 3, "o": 4, "O": "45-60", "o_inv": 3, "p": 4, "P": "45-60", "p_inv": 3}}, {"type": "Feature", "geometry": {"type": "Point", "coordinates": [126.90973000000001, 37.614594]}, "properties": {"row": 21, "col": 4, "walk_min": 20.7, "nearest_station_id": "kr_390", "nearest_station_name": "\uad6c\uc0b0", "a": 4, "A": "45-60", "a_inv": 3, "b": 4, "B": "45-60", "b_inv": 3, "c": 4, "C": "45-60", "c_inv": 3, "d": 4, "D": "45-60", "d_inv": 3, "e": 5, "E": "60-90", "e_inv": 2, "f": 5, "F": "60-90", "f_inv": 2, "g": 4, "G": "45-60", "g_inv": 3, "h": 4, "H": "45-60", "h_inv": 3, "i": 5, "I": "60-90", "i_inv": 2, "j": 5, "J": "60-90", "j_inv": 2, "k": 5, "K": "60-90", "k_inv": 2, "l": 5, "L": "60-90", "l_inv": 2, "m": 5, "M": "60-90", "m_inv": 2, "n": 5, "N": "60-90", "n_inv": 2, "o": 4, "O": "45-60", "o_inv": 3, "p": 4, "P": "45-60", "p_inv": 3}}, {"type": "Feature", "geometry": {"type": "Point", "coordinates": [126.99081000000001, 37.601084]}, "properties": {"row": 19, "col": 16, "walk_min": 26.8, "nearest_station_id": "kr_061", "nearest_station_name": "Hansung Univ. (Samseongyo)", "a": 3, "A": "30-45", "a_inv": 4, "b": 3, "B": "30-45", "b_inv": 4, "c": 3, "C": "30-45", "c_inv": 4, "d": 3, "D": "30-45", "d_inv": 4, "e": 4, "E": "45-60", "e_inv": 3, "f": 4, "F": "45-60", "f_inv": 3, "g": 3, "G": "30-45", "g_inv": 4, "h": 3, "H": "30-45", "h_inv": 4, "i": 5, "I": "60-90", "i_inv": 2, "j": 5, "J": "60-90", "j_inv": 2, "k": 4, "K": "45-60", "k_inv": 3, "l": 4, "L": "45-60", "l_inv": 3, "m": 4, "M": "45-60", "m_inv": 3, "n": 4, "N": "45-60", "n_inv": 3, "o": 4, "O": "45-60", "o_inv": 3, "p": 4, "P": "45-60", "p_inv": 3}}, {"type": "Feature", "geometry": {"type": "Point", "coordinates": [126.95027, 37.526754000000004]}, "properties": {"row": 8, "col": 10, "walk_min": 20.8, "nearest_station_id": "kr_397", "nearest_station_name": "Yongsan", "a": 2, "A": "20-30", "a_inv": 5, "b": 2, "B": "20-30", "b_inv": 5, "c": 2, "C": "20-30", "c_inv": 5, "d": 2, "D": "20-30", "d_inv": 5, "e": 3, "E": "30-45", "e_inv": 4, "f": 3, "F": "30-45", "f_inv": 4, "g": 3, "G": "30-45", "g_inv": 4, "h": 3, "H": "30-45", "h_inv": 4, "i": 3, "I": "30-45", "i_inv": 4, "j": 3, "J": "30-45", "j_inv": 4, "k": 4, "K": "45-60", "k_inv": 3, "l": 4, "L": "45-60", "l_inv": 3, "m": 4, "M": "45-60", "m_inv": 3, "n": 4, "N": "45-60", "n_inv": 3, "o": 3, "O": "30-45", "o_inv": 4, "p": 3, "P": "30-45", "p_inv": 4}}, {"type": "Feature", "geometry": {"type": "Point", "coordinates": [126.875944, 37.506484]}, "properties": {"row": 5, "col": -1, "walk_min": 20.7, "nearest_station_id": "kr_019", "nearest_station_name": "Guro", "a": 3, "A": "30-45", "a_inv": 4, "b": 3, "B": "30-45", "b_inv": 4, "c": 3, "C": "30-45", "c_inv": 4, "d": 3, "D": "30-45", "d_inv": 4, "e": 4, "E": "45-60", "e_inv": 3, "f": 4, "F": "45-60", "f_inv": 3, "g": 4, "G": "45-60", "g_inv": 3, "h": 4, "H": "45-60", "h_inv": 3, "i": 4, "I": "45-60", "i_inv": 3, "j": 4, "J": "45-60", "j_inv": 3, "k": 5, "K": "60-90", "k_inv": 2, "l": 5, "L": "60-90", "l_inv": 2, "m": 5, "M": "60-90", "m_inv": 2, "n": 5, "N": "60-90", "n_inv": 2, "o": 3, "O": "30-45", "o_inv": 4, "p": 3, "P": "30-45", "p_inv": 4}}, {"type": "Feature", "geometry": {"type": "Point", "coordinates": [126.88946000000001, 37.465944]}, "properties": {"row": -1, "col": 1, "walk_min": 23.6, "nearest_station_id": "kr_443", "nearest_station_name": "Doksan", "a": 4, "A": "45-60", "a_inv": 3, "b": 4, "B": "45-60", "b_inv": 3, "c": 4, "C": "45-60", "c_inv": 3, "d": 4, "D": "45-60", "d_inv": 3, "e": 5, "E": "60-90", "e_inv": 2, "f": 5, "F": "60-90", "f_inv": 2, "g": 5, "G": "60-90", "g_inv": 2, "h": 5, "H": "60-90", "h_inv": 2, "i": 4, "I": "45-60", "i_inv": 3, "j": 4, "J": "45-60", "j_inv": 3, "k": 5, "K": "60-90", "k_inv": 2, "l": 5, "L": "60-90", "l_inv": 2, "m": 5, "M": "60-90", "m_inv": 2, "n": 5, "N": "60-90", "n_inv": 2, "o": 4, "O": "45-60", "o_inv": 3, "p": 4, "P": "45-60", "p_inv": 3}}, {"type": "Feature", "geometry": {"type": "Point", "coordinates": [127.02459400000001, 37.472704]}, "properties": {"row": 0, "col": 21, "walk_min": 24.5, "nearest_station_id": "kr_038", "nearest_station_name": "Yangjae Citizen's Forest", "a": 4, "A": "45-60", "a_inv": 3, "b": 4, "B": "45-60", "b_inv": 3, "c": 4, "C": "45-60", "c_inv": 3, "d": 4, "D": "45-60", "d_inv": 3, "e": 3, "E": "30-45", "e_inv": 4, "f": 3, "F": "30-45", "f_inv": 4, "g": 4, "G": "45-60", "g_inv": 3, "h": 4, "H": "45-60", "h_inv": 3, "i": 3, "I": "30-45", "i_inv": 4, "j": 3, "J": "30-45", "j_inv": 4, "k": 4, "K": "45-60", "k_inv": 3, "l": 4, "L": "45-60", "l_inv": 3, "m": 4, "M": "45-60", "m_inv": 3, "n": 4, "N": "45-60", "n_inv": 3, "o": 5, "O": "60-90", "o_inv": 2, "p": 5, "P": "60-90", "p_inv": 2}}, {"type": "Feature", "geometry": {"type": "Point", "coordinates": [127.071894, 37.614594]}, "properties": {"row": 21, "col": 28, "walk_min": 24.4, "nearest_station_id": "kr_097", "nearest_station_name": "\ud0dc\ub989\uc785\uad6c", "a": 4, "A": "45-60", "a_inv": 3, "b": 4, "B": "45-60", "b_inv": 3, "c": 4, "C": "45-60", "c_inv": 3, "d": 4, "D": "45-60", "d_inv": 3, "e": 5, "E": "60-90", "e_inv": 2, "f": 5, "F": "60-90", "f_inv": 2, "g": 4, "G": "45-60", "g_inv": 3, "h": 4, "H": "45-60", "h_inv": 3, "i": 5, "I": "60-90", "i_inv": 2, "j": 5, "J": "60-90", "j_inv": 2, "k": 5, "K": "60-90", "k_inv": 2, "l": 5, "L": "60-90", "l_inv": 2, "m": 4, "M": "45-60", "m_inv": 3, "n": 4, "N": "45-60", "n_inv": 3, "o": 5, "O": "60-90", "o_inv": 2, "p": 5, "P": "60-90", "p_inv": 2}}, {"type": "Feature", "geometry": {"type": "Point", "coordinates": [126.88270399999999, 37.574054000000004]}, "properties": {"row": 15, "col": 0, "walk_min": 38.3, "nearest_station_id": "kr_293", "nearest_station_name": "\uc6d4\ub4dc\ucef5\uacbd\uae30\uc7a5", "a": 5, "A": "60-90", "a_inv": 2, "b": 5, "B": "60-90", "b_inv": 2, "c": 5, "C": "60-90", "c_inv": 2, "d": 5, "D": "60-90", "d_inv": 2, "e": 5, "E": "60-90", "e_inv": 2, "f": 5, "F": "60-90", "f_inv": 2, "g": 5, "G": "60-90", "g_inv": 2, "h": 5, "H": "60-90", "h_inv": 2, "i": 5, "I": "60-90", "i_inv": 2, "j": 5, "J": "60-90", "j_inv": 2, "k": 6, "K": "90-120", "k_inv": 1, "l": 6, "L": "90-120", "l_inv": 1, "m": 5, "M": "60-90", "m_inv": 2, "n": 5, "N": "60-90", "n_inv": 2, "o": 5, "O": "60-90", "o_inv": 2, "p": 5, "P": "60-90", "p_inv": 2}}, {"type": "Feature", "geometry": {"type": "Point", "coordinates": [126.902974, 37.472704]}, "properties": {"row": 0, "col": 3, "walk_min": 26.0, "nearest_station_id": "kr_288", "nearest_station_name": "Guro Digital Complex", "a": 4, "A": "45-60", "a_inv": 3, "b": 4, "B": "45-60", "b_inv": 3, "c": 4, "C": "45-60", "c_inv": 3, "d": 4, "D": "45-60", "d_inv": 3, "e": 4, "E": "45-60", "e_inv": 3, "f": 4, "F": "45-60", "f_inv": 3, "g": 5, "G": "60-90", "g_inv": 2, "h": 5, "H": "60-90", "h_inv": 2, "i": 4, "I": "45-60", "i_inv": 3, "j": 4, "J": "45-60", "j_inv": 3, "k": 5, "K": "60-90", "k_inv": 2, "l": 5, "L": "60-90", "l_inv": 2, "m": 5, "M": "60-90", "m_inv": 2, "n": 5, "N": "60-90", "n_inv": 2, "o": 4, "O": "45-60", "o_inv": 3, "p": 4, "P": "45-60", "p_inv": 3}}, {"type": "Feature", "geometry": {"type": "Point", "coordinates": [126.99081000000001, 37.519999999999996]}, "properties": {"row": 7, "col": 16, "walk_min": 24.0, "nearest_station_id": "kr_320", "nearest_station_name": "\uc774\ud0dc\uc6d0", "a": 3, "A": "30-45", "a_inv": 4, "b": 3, "B": "30-45", "b_inv": 4, "c": 3, "C": "30-45", "c_inv": 4, "d": 3, "D": "30-45", "d_inv": 4, "e": 3, "E": "30-45", "e_inv": 4, "f": 3, "F": "30-45", "f_inv": 4, "g": 3, "G": "30-45", "g_inv": 4, "h": 3, "H": "30-45", "h_inv": 4, "i": 3, "I": "30-45", "i_inv": 4, "j": 3, "J": "30-45", "j_inv": 4, "k": 4, "K": "45-60", "k_inv": 3, "l": 4, "L": "45-60", "l_inv": 3, "m": 4, "M": "45-60", "m_inv": 3, "n": 4, "N": "45-60", "n_inv": 3, "o": 4, "O": "45-60", "o_inv": 3, "p": 4, "P": "45-60", "p_inv": 3}}, {"type": "Feature", "geometry": {"type": "Point", "coordinates": [127.031354, 37.54027]}, "properties": {"row": 10, "col": 22, "walk_min": 26.5, "nearest_station_id": "kr_059", "nearest_station_name": "Oksu", "a": 3, "A": "30-45", "a_inv": 4, "b": 3, "B": "30-45", "b_inv": 4, "c": 3, "C": "30-45", "c_inv": 4, "d": 3, "D": "30-45", "d_inv": 4, "e": 3, "E": "30-45", "e_inv": 4, "f": 3, "F": "30-45", "f_inv": 4, "g": 3, "G": "30-45", "g_inv": 4, "h": 3, "H": "30-45", "h_inv": 4, "i": 4, "I": "45-60", "i_inv": 3, "j": 4, "J": "45-60", "j_inv": 3, "k": 4, "K": "45-60", "k_inv": 3, "l": 4, "L": "45-60", "l_inv": 3, "m": 3, "M": "30-45", "m_inv": 4, "n": 3, "N": "30-45", "n_inv": 4, "o": 4, "O": "45-60", "o_inv": 3, "p": 4, "P": "45-60", "p_inv": 3}}, {"type": "Feature", "geometry": {"type": "Point", "coordinates": [127.092164, 37.506484]}, "properties": {"row": 5, "col": 31, "walk_min": 21.7, "nearest_station_id": "kr_394", "nearest_station_name": "\uc0bc\uc804", "a": 4, "A": "45-60", "a_inv": 3, "b": 4, "B": "45-60", "b_inv": 3, "c": 4, "C": "45-60", "c_inv": 3, "d": 4, "D": "45-60", "d_inv": 3, "e": 3, "E": "30-45", "e_inv": 4, "f": 3, "F": "30-45", "f_inv": 4, "g": 4, "G": "45-60", "g_inv": 3, "h": 4, "H": "45-60", "h_inv": 3, "i": 4, "I": "45-60", "i_inv": 3, "j": 4, "J": "45-60", "j_inv": 3, "k": 2, "K": "20-30", "k_inv": 5, "l": 2, "L": "20-30", "l_inv": 5, "m": 3, "M": "30-45", "m_inv": 4, "n": 3, "N": "30-45", "n_inv": 4, "o": 5, "O": "60-90", "o_inv": 2, "p": 5, "P": "60-90", "p_inv": 2}}, {"type": "Feature", "geometry": {"type": "Point", "coordinates": [126.936754, 37.574054000000004]}, "properties": {"row": 15, "col": 8, "walk_min": 24.2, "nearest_station_id": "kr_096", "nearest_station_name": "Muakjae", "a": 3, "A": "30-45", "a_inv": 4, "b": 3, "B": "30-45", "b_inv": 4, "c": 3, "C": "30-45", "c_inv": 4, "d": 3, "D": "30-45", "d_inv": 4, "e": 4, "E": "45-60", "e_inv": 3, "f": 4, "F": "45-60", "f_inv": 3, "g": 3, "G": "30-45", "g_inv": 4, "h": 3, "H": "30-45", "h_inv": 4, "i": 5, "I": "60-90", "i_inv": 2, "j": 5, "J": "60-90", "j_inv": 2, "k": 5, "K": "60-90", "k_inv": 2, "l": 5, "L": "60-90", "l_inv": 2, "m": 4, "M": "45-60", "m_inv": 3, "n": 4, "N": "45-60", "n_inv": 3, "o": 4, "O": "45-60", "o_inv": 3, "p": 4, "P": "45-60", "p_inv": 3}}, {"type": "Feature", "geometry": {"type": "Point", "coordinates": [127.04486399999999, 37.472704]}, "properties": {"row": 0, "col": 24, "walk_min": 26.1, "nearest_station_id": "kr_038", "nearest_station_name": "Yangjae Citizen's Forest", "a": 4, "A": "45-60", "a_inv": 3, "b": 4, "B": "45-60", "b_inv": 3, "c": 4, "C": "45-60", "c_inv": 3, "d": 4, "D": "45-60", "d_inv": 3, "e": 3, "E": "30-45", "e_inv": 4, "f": 3, "F": "30-45", "f_inv": 4, "g": 4, "G": "45-60", "g_inv": 3, "h": 4, "H": "45-60", "h_inv": 3, "i": 3, "I": "30-45", "i_inv": 4, "j": 3, "J": "30-45", "j_inv": 4, "k": 4, "K": "45-60", "k_inv": 3, "l": 4, "L": "45-60", "l_inv": 3, "m": 4, "M": "45-60", "m_inv": 3, "n": 4, "N": "45-60", "n_inv": 3, "o": 5, "O": "60-90", "o_inv": 2, "p": 5, "P": "60-90", "p_inv": 2}}, {"type": "Feature", "geometry": {"type": "Point", "coordinates": [127.01108400000001, 37.607839999999996]}, "properties": {"row": 20, "col": 19, "walk_min": 25.2, "nearest_station_id": "kr_082", "nearest_station_name": "Gireum", "a": 4, "A": "45-60", "a_inv": 3, "b": 4, "B": "45-60", "b_inv": 3, "c": 3, "C": "30-45", "c_inv": 4, "d": 3, "D": "30-45", "d_inv": 4, "e": 4, "E": "45-60", "e_inv": 3, "f": 4, "F": "45-60", "f_inv": 3, "g": 3, "G": "30-45", "g_inv": 4, "h": 3, "H": "30-45", "h_inv": 4, "i": 5, "I": "60-90", "i_inv": 2, "j": 5, "J": "60-90", "j_inv": 2, "k": 5, "K": "60-90", "k_inv": 2, "l": 5, "L": "60-90", "l_inv": 2, "m": 4, "M": "45-60", "m_inv": 3, "n": 4, "N": "45-60", "n_inv": 3, "o": 4, "O": "45-60", "o_inv": 3, "p": 4, "P": "45-60", "p_inv": 3}}, {"type": "Feature", "geometry": {"type": "Point", "coordinates": [127.05162399999999, 37.472704]}, "properties": {"row": 0, "col": 25, "walk_min": 26.4, "nearest_station_id": "kr_038", "nearest_station_name": "Yangjae Citizen's Forest", "a": 4, "A": "45-60", "a_inv": 3, "b": 4, "B": "45-60", "b_inv": 3, "c": 4, "C": "45-60", "c_inv": 3, "d": 4, "D": "45-60", "d_inv": 3, "e": 3, "E": "30-45", "e_inv": 4, "f": 3, "F": "30-45", "f_inv": 4, "g": 4, "G": "45-60", "g_inv": 3, "h": 4, "H": "45-60", "h_inv": 3, "i": 3, "I": "30-45", "i_inv": 4, "j": 3, "J": "30-45", "j_inv": 4, "k": 4, "K": "45-60", "k_inv": 3, "l": 4, "L": "45-60", "l_inv": 3, "m": 4, "M": "45-60", "m_inv": 3, "n": 4, "N": "45-60", "n_inv": 3, "o": 5, "O": "60-90", "o_inv": 2, "p": 5, "P": "60-90", "p_inv": 2}}, {"type": "Feature", "geometry": {"type": "Point", "coordinates": [126.977294, 37.465944]}, "properties": {"row": -1, "col": 14, "walk_min": 23.7, "nearest_station_id": "kr_247", "nearest_station_name": "Namtaeryeong", "a": 4, "A": "45-60", "a_inv": 3, "b": 4, "B": "45-60", "b_inv": 3, "c": 4, "C": "45-60", "c_inv": 3, "d": 4, "D": "45-60", "d_inv": 3, "e": 3, "E": "30-45", "e_inv": 4, "f": 3, "F": "30-45", "f_inv": 4, "g": 4, "G": "45-60", "g_inv": 3, "h": 4, "H": "45-60", "h_inv": 3, "i": 2, "I": "20-30", "i_inv": 5, "j": 2, "J": "20-30", "j_inv": 5, "k": 4, "K": "45-60", "k_inv": 3, "l": 4, "L": "45-60", "l_inv": 3, "m": 5, "M": "60-90", "m_inv": 2, "n": 5, "N": "60-90", "n_inv": 2, "o": 4, "O": "45-60", "o_inv": 3, "p": 4, "P": "45-60", "p_inv": 3}}, {"type": "Feature", "geometry": {"type": "Point", "coordinates": [127.07865000000001, 37.574054000000004]}, "properties": {"row": 15, "col": 29, "walk_min": 28.0, "nearest_station_id": "kr_111", "nearest_station_name": "\uc6a9\ub9c8\uc0b0", "a": 4, "A": "45-60", "a_inv": 3, "b": 4, "B": "45-60", "b_inv": 3, "c": 4, "C": "45-60", "c_inv": 3, "d": 4, "D": "45-60", "d_inv": 3, "e": 5, "E": "60-90", "e_inv": 2, "f": 5, "F": "60-90", "f_inv": 2, "g": 3, "G": "30-45", "g_inv": 4, "h": 3, "H": "30-45", "h_inv": 4, "i": 5, "I": "60-90", "i_inv": 2, "j": 5, "J": "60-90", "j_inv": 2, "k": 5, "K": "60-90", "k_inv": 2, "l": 5, "L": "60-90", "l_inv": 2, "m": 4, "M": "45-60", "m_inv": 3, "n": 4, "N": "45-60", "n_inv": 3, "o": 5, "O": "60-90", "o_inv": 2, "p": 5, "P": "60-90", "p_inv": 2}}, {"type": "Feature", "geometry": {"type": "Point", "coordinates": [126.88270399999999, 37.58081]}, "properties": {"row": 16, "col": 0, "walk_min": 25.4, "nearest_station_id": "kr_327", "nearest_station_name": "\ub514\uc9c0\ud138\ubbf8\ub514\uc5b4\uc2dc\ud2f0", "a": 4, "A": "45-60", "a_inv": 3, "b": 4, "B": "45-60", "b_inv": 3, "c": 4, "C": "45-60", "c_inv": 3, "d": 4, "D": "45-60", "d_inv": 3, "e": 5, "E": "60-90", "e_inv": 2, "f": 5, "F": "60-90", "f_inv": 2, "g": 5, "G": "60-90", "g_inv": 2, "h": 5, "H": "60-90", "h_inv": 2, "i": 5, "I": "60-90", "i_inv": 2, "j": 5, "J": "60-90", "j_inv": 2, "k": 5, "K": "60-90", "k_inv": 2, "l": 5, "L": "60-90", "l_inv": 2, "m": 5, "M": "60-90", "m_inv": 2, "n": 5, "N": "60-90", "n_inv": 2, "o": 5, "O": "60-90", "o_inv": 2, "p": 5, "P": "60-90", "p_inv": 2}}, {"type": "Feature", "geometry": {"type": "Point", "coordinates": [127.092164, 37.49973]}, "properties": {"row": 4, "col": 31, "walk_min": 26.2, "nearest_station_id": "kr_408", "nearest_station_name": "\uc11d\ucd0c\uace0\ubd84", "a": 5, "A": "60-90", "a_inv": 2, "b": 5, "B": "60-90", "b_inv": 2, "c": 5, "C": "60-90", "c_inv": 2, "d": 5, "D": "60-90", "d_inv": 2, "e": 3, "E": "30-45", "e_inv": 4, "f": 3, "F": "30-45", "f_inv": 4, "g": 4, "G": "45-60", "g_inv": 3, "h": 4, "H": "45-60", "h_inv": 3, "i": 4, "I": "45-60", "i_inv": 3, "j": 4, "J": "45-60", "j_inv": 3, "k": 3, "K": "30-45", "k_inv": 4, "l": 3, "L": "30-45", "l_inv": 4, "m": 4, "M": "45-60", "m_inv": 3, "n": 4, "N": "45-60", "n_inv": 3, "o": 5, "O": "60-90", "o_inv": 2, "p": 5, "P": "60-90", "p_inv": 2}}, {"type": "Feature", "geometry": {"type": "Point", "coordinates": [127.085404, 37.574054000000004]}, "properties": {"row": 15, "col": 30, "walk_min": 22.7, "nearest_station_id": "kr_111", "nearest_station_name": "\uc6a9\ub9c8\uc0b0", "a": 4, "A": "45-60", "a_inv": 3, "b": 4, "B": "45-60", "b_inv": 3, "c": 4, "C": "45-60", "c_inv": 3, "d": 4, "D": "45-60", "d_inv": 3, "e": 4, "E": "45-60", "e_inv": 3, "f": 4, "F": "45-60", "f_inv": 3, "g": 3, "G": "30-45", "g_inv": 4, "h": 3, "H": "30-45", "h_inv": 4, "i": 4, "I": "45-60", "i_inv": 3, "j": 4, "J": "45-60", "j_inv": 3, "k": 4, "K": "45-60", "k_inv": 3, "l": 4, "L": "45-60", "l_inv": 3, "m": 4, "M": "45-60", "m_inv": 3, "n": 4, "N": "45-60", "n_inv": 3, "o": 5, "O": "60-90", "o_inv": 2, "p": 5, "P": "60-90", "p_inv": 2}}, {"type": "Feature", "geometry": {"type": "Point", "coordinates": [126.93000000000002, 37.574054000000004]}, "properties": {"row": 15, "col": 7, "walk_min": 25.0, "nearest_station_id": "kr_096", "nearest_station_name": "Muakjae", "a": 3, "A": "30-45", "a_inv": 4, "b": 3, "B": "30-45", "b_inv": 4, "c": 3, "C": "30-45", "c_inv": 4, "d": 3, "D": "30-45", "d_inv": 4, "e": 5, "E": "60-90", "e_inv": 2, "f": 5, "F": "60-90", "f_inv": 2, "g": 4, "G": "45-60", "g_inv": 3, "h": 4, "H": "45-60", "h_inv": 3, "i": 5, "I": "60-90", "i_inv": 2, "j": 5, "J": "60-90", "j_inv": 2, "k": 5, "K": "60-90", "k_inv": 2, "l": 5, "L": "60-90", "l_inv": 2, "m": 4, "M": "45-60", "m_inv": 3, "n": 4, "N": "45-60", "n_inv": 3, "o": 4, "O": "45-60", "o_inv": 3, "p": 4, "P": "45-60", "p_inv": 3}}, {"type": "Feature", "geometry": {"type": "Point", "coordinates": [126.88946000000001, 37.587564]}, "properties": {"row": 17, "col": 1, "walk_min": 26.5, "nearest_station_id": "kr_327", "nearest_station_name": "\ub514\uc9c0\ud138\ubbf8\ub514\uc5b4\uc2dc\ud2f0", "a": 4, "A": "45-60", "a_inv": 3, "b": 4, "B": "45-60", "b_inv": 3, "c": 4, "C": "45-60", "c_inv": 3, "d": 4, "D": "45-60", "d_inv": 3, "e": 5, "E": "60-90", "e_inv": 2, "f": 5, "F": "60-90", "f_inv": 2, "g": 5, "G": "60-90", "g_inv": 2, "h": 5, "H": "60-90", "h_inv": 2, "i": 5, "I": "60-90", "i_inv": 2, "j": 5, "J": "60-90", "j_inv": 2, "k": 5, "K": "60-90", "k_inv": 2, "l": 5, "L": "60-90", "l_inv": 2, "m": 5, "M": "60-90", "m_inv": 2, "n": 5, "N": "60-90", "n_inv": 2, "o": 5, "O": "60-90", "o_inv": 2, "p": 5, "P": "60-90", "p_inv": 2}}, {"type": "Feature", "geometry": {"type": "Point", "coordinates": [127.092164, 37.513244]}, "properties": {"row": 6, "col": 31, "walk_min": 23.7, "nearest_station_id": "kr_178", "nearest_station_name": "Jamsil(Songpa-gu Office)", "a": 4, "A": "45-60", "a_inv": 3, "b": 4, "B": "45-60", "b_inv": 3, "c": 4, "C": "45-60", "c_inv": 3, "d": 4, "D": "45-60", "d_inv": 3, "e": 3, "E": "30-45", "e_inv": 4, "f": 3, "F": "30-45", "f_inv": 4, "g": 4, "G": "45-60", "g_inv": 3, "h": 4, "H": "45-60", "h_inv": 3, "i": 4, "I": "45-60", "i_inv": 3, "j": 4, "J": "45-60", "j_inv": 3, "k": 2, "K": "20-30", "k_inv": 5, "l": 2, "L": "20-30", "l_inv": 5, "m": 3, "M": "30-45", "m_inv": 4, "n": 3, "N": "30-45", "n_inv": 4, "o": 5, "O": "60-90", "o_inv": 2, "p": 5, "P": "60-90", "p_inv": 2}}, {"type": "Feature", "geometry": {"type": "Point", "coordinates": [127.085404, 37.519999999999996]}, "properties": {"row": 7, "col": 30, "walk_min": 24.3, "nearest_station_id": "kr_157", "nearest_station_name": "Jamsilsaenae", "a": 4, "A": "45-60", "a_inv": 3, "b": 4, "B": "45-60", "b_inv": 3, "c": 5, "C": "60-90", "c_inv": 2, "d": 5, "D": "60-90", "d_inv": 2, "e": 3, "E": "30-45", "e_inv": 4, "f": 3, "F": "30-45", "f_inv": 4, "g": 4, "G": "45-60", "g_inv": 3, "h": 4, "H": "45-60", "h_inv": 3, "i": 4, "I": "45-60", "i_inv": 3, "j": 4, "J": "45-60", "j_inv": 3, "k": 2, "K": "20-30", "k_inv": 5, "l": 2, "L": "20-30", "l_inv": 5, "m": 3, "M": "30-45", "m_inv": 4, "n": 3, "N": "30-45", "n_inv": 4, "o": 5, "O": "60-90", "o_inv": 2, "p": 5, "P": "60-90", "p_inv": 2}}, {"type": "Feature", "geometry": {"type": "Point", "coordinates": [126.94351400000001, 37.601084]}, "properties": {"row": 19, "col": 9, "walk_min": 33.5, "nearest_station_id": "kr_080", "nearest_station_name": "\ub179\ubc88", "a": 4, "A": "45-60", "a_inv": 3, "b": 4, "B": "45-60", "b_inv": 3, "c": 4, "C": "45-60", "c_inv": 3, "d": 4, "D": "45-60", "d_inv": 3, "e": 5, "E": "60-90", "e_inv": 2, "f": 5, "F": "60-90", "f_inv": 2, "g": 4, "G": "45-60", "g_inv": 3, "h": 4, "H": "45-60", "h_inv": 3, "i": 5, "I": "60-90", "i_inv": 2, "j": 5, "J": "60-90", "j_inv": 2, "k": 5, "K": "60-90", "k_inv": 2, "l": 5, "L": "60-90", "l_inv": 2, "m": 5, "M": "60-90", "m_inv": 2, "n": 5, "N": "60-90", "n_inv": 2, "o": 5, "O": "60-90", "o_inv": 2, "p": 5, "P": "60-90", "p_inv": 2}}, {"type": "Feature", "geometry": {"type": "Point", "coordinates": [126.957024, 37.465944]}, "properties": {"row": -1, "col": 11, "walk_min": 25.4, "nearest_station_id": "kr_319", "nearest_station_name": "Nakseongdae", "a": 4, "A": "45-60", "a_inv": 3, "b": 4, "B": "45-60", "b_inv": 3, "c": 4, "C": "45-60", "c_inv": 3, "d": 4, "D": "45-60", "d_inv": 3, "e": 3, "E": "30-45", "e_inv": 4, "f": 3, "F": "30-45", "f_inv": 4, "g": 5, "G": "60-90", "g_inv": 2, "h": 5, "H": "60-90", "h_inv": 2, "i": 2, "I": "20-30", "i_inv": 5, "j": 2, "J": "20-30", "j_inv": 5, "k": 4, "K": "45-60", "k_inv": 3, "l": 4, "L": "45-60", "l_inv": 3, "m": 5, "M": "60-90", "m_inv": 2, "n": 5, "N": "60-90", "n_inv": 2, "o": 4, "O": "45-60", "o_inv": 3, "p": 4, "P": "45-60", "p_inv": 3}}, {"type": "Feature", "geometry": {"type": "Point", "coordinates": [126.94351400000001, 37.607839999999996]}, "properties": {"row": 20, "col": 9, "walk_min": 28.7, "nearest_station_id": "kr_080", "nearest_station_name": "\ub179\ubc88", "a": 4, "A": "45-60", "a_inv": 3, "b": 4, "B": "45-60", "b_inv": 3, "c": 4, "C": "45-60", "c_inv": 3, "d": 4, "D": "45-60", "d_inv": 3, "e": 5, "E": "60-90", "e_inv": 2, "f": 5, "F": "60-90", "f_inv": 2, "g": 4, "G": "45-60", "g_inv": 3, "h": 4, "H": "45-60", "h_inv": 3, "i": 5, "I": "60-90", "i_inv": 2, "j": 5, "J": "60-90", "j_inv": 2, "k": 5, "K": "60-90", "k_inv": 2, "l": 5, "L": "60-90", "l_inv": 2, "m": 5, "M": "60-90", "m_inv": 2, "n": 5, "N": "60-90", "n_inv": 2, "o": 5, "O": "60-90", "o_inv": 2, "p": 5, "P": "60-90", "p_inv": 2}}, {"type": "Feature", "geometry": {"type": "Point", "coordinates": [126.93000000000002, 37.465944]}, "properties": {"row": -1, "col": 7, "walk_min": 29.3, "nearest_station_id": "kr_375", "nearest_station_name": "Sillim", "a": 4, "A": "45-60", "a_inv": 3, "b": 4, "B": "45-60", "b_inv": 3, "c": 5, "C": "60-90", "c_inv": 2, "d": 5, "D": "60-90", "d_inv": 2, "e": 4, "E": "45-60", "e_inv": 3, "f": 4, "F": "45-60", "f_inv": 3, "g": 5, "G": "60-90", "g_inv": 2, "h": 5, "H": "60-90", "h_inv": 2, "i": 3, "I": "30-45", "i_inv": 4, "j": 3, "J": "30-45", "j_inv": 4, "k": 5, "K": "60-90", "k_inv": 2, "l": 5, "L": "60-90", "l_inv": 2, "m": 5, "M": "60-90", "m_inv": 2, "n": 5, "N": "60-90", "n_inv": 2, "o": 4, "O": "45-60", "o_inv": 3, "p": 4, "P": "45-60", "p_inv": 3}}, {"type": "Feature", "geometry": {"type": "Point", "coordinates": [126.936754, 37.465944]}, "properties": {"row": -1, "col": 8, "walk_min": 25.7, "nearest_station_id": "kr_377", "nearest_station_name": "Bongcheon", "a": 4, "A": "45-60", "a_inv": 3, "b": 4, "B": "45-60", "b_inv": 3, "c": 4, "C": "45-60", "c_inv": 3, "d": 4, "D": "45-60", "d_inv": 3, "e": 3, "E": "30-45", "e_inv": 4, "f": 3, "F": "30-45", "f_inv": 4, "g": 5, "G": "60-90", "g_inv": 2, "h": 5, "H": "60-90", "h_inv": 2, "i": 3, "I": "30-45", "i_inv": 4, "j": 3, "J": "30-45", "j_inv": 4, "k": 4, "K": "45-60", "k_inv": 3, "l": 4, "L": "45-60", "l_inv": 3, "m": 5, "M": "60-90", "m_inv": 2, "n": 5, "N": "60-90", "n_inv": 2, "o": 4, "O": "45-60", "o_inv": 3, "p": 4, "P": "45-60", "p_inv": 3}}, {"type": "Feature", "geometry": {"type": "Point", "coordinates": [126.89621400000001, 37.607839999999996]}, "properties": {"row": 20, "col": 2, "walk_min": 37.1, "nearest_station_id": "kr_390", "nearest_station_name": "\uad6c\uc0b0", "a": 5, "A": "60-90", "a_inv": 2, "b": 5, "B": "60-90", "b_inv": 2, "c": 5, "C": "60-90", "c_inv": 2, "d": 5, "D": "60-90", "d_inv": 2, "e": 5, "E": "60-90", "e_inv": 2, "f": 5, "F": "60-90", "f_inv": 2, "g": 5, "G": "60-90", "g_inv": 2, "h": 5, "H": "60-90", "h_inv": 2, "i": 5, "I": "60-90", "i_inv": 2, "j": 5, "J": "60-90", "j_inv": 2, "k": 6, "K": "90-120", "k_inv": 1, "l": 6, "L": "90-120", "l_inv": 1, "m": 5, "M": "60-90", "m_inv": 2, "n": 5, "N": "60-90", "n_inv": 2, "o": 5, "O": "60-90", "o_inv": 2, "p": 5, "P": "60-90", "p_inv": 2}}, {"type": "Feature", "geometry": {"type": "Point", "coordinates": [126.98405400000001, 37.594324]}, "properties": {"row": 18, "col": 15, "walk_min": 27.2, "nearest_station_id": "kr_022", "nearest_station_name": "Anguk", "a": 3, "A": "30-45", "a_inv": 4, "b": 3, "B": "30-45", "b_inv": 4, "c": 3, "C": "30-45", "c_inv": 4, "d": 3, "D": "30-45", "d_inv": 4, "e": 4, "E": "45-60", "e_inv": 3, "f": 4, "F": "45-60", "f_inv": 3, "g": 3, "G": "30-45", "g_inv": 4, "h": 3, "H": "30-45", "h_inv": 4, "i": 4, "I": "45-60", "i_inv": 3, "j": 4, "J": "45-60", "j_inv": 3, "k": 4, "K": "45-60", "k_inv": 3, "l": 4, "L": "45-60", "l_inv": 3, "m": 4, "M": "45-60", "m_inv": 3, "n": 4, "N": "45-60", "n_inv": 3, "o": 4, "O": "45-60", "o_inv": 3, "p": 4, "P": "45-60", "p_inv": 3}}, {"type": "Feature", "geometry": {"type": "Point", "coordinates": [126.88946000000001, 37.567294000000004]}, "properties": {"row": 14, "col": 1, "walk_min": 31.4, "nearest_station_id": "kr_293", "nearest_station_name": "\uc6d4\ub4dc\ucef5\uacbd\uae30\uc7a5", "a": 4, "A": "45-60", "a_inv": 3, "b": 4, "B": "45-60", "b_inv": 3, "c": 4, "C": "45-60", "c_inv": 3, "d": 4, "D": "45-60", "d_inv": 3, "e": 5, "E": "60-90", "e_inv": 2, "f": 5, "F": "60-90", "f_inv": 2, "g": 5, "G": "60-90", "g_inv": 2, "h": 5, "H": "60-90", "h_inv": 2, "i": 5, "I": "60-90", "i_inv": 2, "j": 5, "J": "60-90", "j_inv": 2, "k": 5, "K": "60-90", "k_inv": 2, "l": 5, "L": "60-90", "l_inv": 2, "m": 5, "M": "60-90", "m_inv": 2, "n": 5, "N": "60-90", "n_inv": 2, "o": 5, "O": "60-90", "o_inv": 2, "p": 5, "P": "60-90", "p_inv": 2}}, {"type": "Feature", "geometry": {"type": "Point", "coordinates": [126.875944, 37.526754000000004]}, "properties": {"row": 8, "col": -1, "walk_min": 25.6, "nearest_station_id": "kr_366", "nearest_station_name": "Omokgyo", "a": 4, "A": "45-60", "a_inv": 3, "b": 4, "B": "45-60", "b_inv": 3, "c": 4, "C": "45-60", "c_inv": 3, "d": 4, "D": "45-60", "d_inv": 3, "e": 4, "E": "45-60", "e_inv": 3, "f": 4, "F": "45-60", "f_inv": 3, "g": 5, "G": "60-90", "g_inv": 2, "h": 5, "H": "60-90", "h_inv": 2, "i": 4, "I": "45-60", "i_inv": 3, "j": 4, "J": "45-60", "j_inv": 3, "k": 5, "K": "60-90", "k_inv": 2, "l": 5, "L": "60-90", "l_inv": 2, "m": 5, "M": "60-90", "m_inv": 2, "n": 5, "N": "60-90", "n_inv": 2, "o": 4, "O": "45-60", "o_inv": 3, "p": 4, "P": "45-60", "p_inv": 3}}, {"type": "Feature", "geometry": {"type": "Point", "coordinates": [126.95027, 37.519999999999996]}, "properties": {"row": 7, "col": 10, "walk_min": 26.9, "nearest_station_id": "kr_399", "nearest_station_name": "Nodeul", "a": 3, "A": "30-45", "a_inv": 4, "b": 3, "B": "30-45", "b_inv": 4, "c": 3, "C": "30-45", "c_inv": 4, "d": 3, "D": "30-45", "d_inv": 4, "e": 3, "E": "30-45", "e_inv": 4, "f": 3, "F": "30-45", "f_inv": 4, "g": 4, "G": "45-60", "g_inv": 3, "h": 4, "H": "45-60", "h_inv": 3, "i": 3, "I": "30-45", "i_inv": 4, "j": 3, "J": "30-45", "j_inv": 4, "k": 4, "K": "45-60", "k_inv": 3, "l": 4, "L": "45-60", "l_inv": 3, "m": 5, "M": "60-90", "m_inv": 2, "n": 5, "N": "60-90", "n_inv": 2, "o": 3, "O": "30-45", "o_inv": 4, "p": 3, "P": "30-45", "p_inv": 4}}, {"type": "Feature", "geometry": {"type": "Point", "coordinates": [126.977294, 37.594324]}, "properties": {"row": 18, "col": 14, "walk_min": 31.3, "nearest_station_id": "kr_022", "nearest_station_name": "Anguk", "a": 3, "A": "30-45", "a_inv": 4, "b": 3, "B": "30-45", "b_inv": 4, "c": 3, "C": "30-45", "c_inv": 4, "d": 3, "D": "30-45", "d_inv": 4, "e": 4, "E": "45-60", "e_inv": 3, "f": 4, "F": "45-60", "f_inv": 3, "g": 3, "G": "30-45", "g_inv": 4, "h": 3, "H": "30-45", "h_inv": 4, "i": 5, "I": "60-90", "i_inv": 2, "j": 5, "J": "60-90", "j_inv": 2, "k": 5, "K": "60-90", "k_inv": 2, "l": 5, "L": "60-90", "l_inv": 2, "m": 4, "M": "45-60", "m_inv": 3, "n": 4, "N": "45-60", "n_inv": 3, "o": 4, "O": "45-60", "o_inv": 3, "p": 4, "P": "45-60", "p_inv": 3}}, {"type": "Feature", "geometry": {"type": "Point", "coordinates": [126.88270399999999, 37.587564]}, "properties": {"row": 17, "col": 0, "walk_min": 37.2, "nearest_station_id": "kr_327", "nearest_station_name": "\ub514\uc9c0\ud138\ubbf8\ub514\uc5b4\uc2dc\ud2f0", "a": 5, "A": "60-90", "a_inv": 2, "b": 5, "B": "60-90", "b_inv": 2, "c": 5, "C": "60-90", "c_inv": 2, "d": 5, "D": "60-90", "d_inv": 2, "e": 5, "E": "60-90", "e_inv": 2, "f": 5, "F": "60-90", "f_inv": 2, "g": 5, "G": "60-90", "g_inv": 2, "h": 5, "H": "60-90", "h_inv": 2, "i": 5, "I": "60-90", "i_inv": 2, "j": 5, "J": "60-90", "j_inv": 2, "k": 6, "K": "90-120", "k_inv": 1, "l": 6, "L": "90-120", "l_inv": 1, "m": 5, "M": "60-90", "m_inv": 2, "n": 5, "N": "60-90", "n_inv": 2, "o": 5, "O": "60-90", "o_inv": 2, "p": 5, "P": "60-90", "p_inv": 2}}, {"type": "Feature", "geometry": {"type": "Point", "coordinates": [127.06513399999999, 37.472704]}, "properties": {"row": 0, "col": 27, "walk_min": 35.0, "nearest_station_id": "kr_298", "nearest_station_name": "Irwon", "a": 5, "A": "60-90", "a_inv": 2, "b": 5, "B": "60-90", "b_inv": 2, "c": 5, "C": "60-90", "c_inv": 2, "d": 5, "D": "60-90", "d_inv": 2, "e": 4, "E": "45-60", "e_inv": 3, "f": 4, "F": "45-60", "f_inv": 3, "g": 5, "G": "60-90", "g_inv": 2, "h": 5, "H": "60-90", "h_inv": 2, "i": 4, "I": "45-60", "i_inv": 3, "j": 4, "J": "45-60", "j_inv": 3, "k": 4, "K": "45-60", "k_inv": 3, "l": 4, "L": "45-60", "l_inv": 3, "m": 5, "M": "60-90", "m_inv": 2, "n": 5, "N": "60-90", "n_inv": 2, "o": 5, "O": "60-90", "o_inv": 2, "p": 5, "P": "60-90", "p_inv": 2}}, {"type": "Feature", "geometry": {"type": "Point", "coordinates": [127.05837999999999, 37.472704]}, "properties": {"row": 0, "col": 26, "walk_min": 33.1, "nearest_station_id": "kr_250", "nearest_station_name": "Maebong", "a": 5, "A": "60-90", "a_inv": 2, "b": 5, "B": "60-90", "b_inv": 2, "c": 5, "C": "60-90", "c_inv": 2, "d": 5, "D": "60-90", "d_inv": 2, "e": 3, "E": "30-45", "e_inv": 4, "f": 3, "F": "30-45", "f_inv": 4, "g": 5, "G": "60-90", "g_inv": 2, "h": 5, "H": "60-90", "h_inv": 2, "i": 4, "I": "45-60", "i_inv": 3, "j": 4, "J": "45-60", "j_inv": 3, "k": 4, "K": "45-60", "k_inv": 3, "l": 4, "L": "45-60", "l_inv": 3, "m": 5, "M": "60-90", "m_inv": 2, "n": 5, "N": "60-90", "n_inv": 2, "o": 5, "O": "60-90", "o_inv": 2, "p": 5, "P": "60-90", "p_inv": 2}}, {"type": "Feature", "geometry": {"type": "Point", "coordinates": [127.07865000000001, 37.58081]}, "properties": {"row": 16, "col": 29, "walk_min": 30.4, "nearest_station_id": "kr_120", "nearest_station_name": "\uc0ac\uac00\uc815", "a": 5, "A": "60-90", "a_inv": 2, "b": 5, "B": "60-90", "b_inv": 2, "c": 5, "C": "60-90", "c_inv": 2, "d": 5, "D": "60-90", "d_inv": 2, "e": 5, "E": "60-90", "e_inv": 2, "f": 5, "F": "60-90", "f_inv": 2, "g": 4, "G": "45-60", "g_inv": 3, "h": 4, "H": "45-60", "h_inv": 3, "i": 5, "I": "60-90", "i_inv": 2, "j": 5, "J": "60-90", "j_inv": 2, "k": 5, "K": "60-90", "k_inv": 2, "l": 5, "L": "60-90", "l_inv": 2, "m": 4, "M": "45-60", "m_inv": 3, "n": 4, "N": "45-60", "n_inv": 3, "o": 5, "O": "60-90", "o_inv": 2, "p": 5, "P": "60-90", "p_inv": 2}}, {"type": "Feature", "geometry": {"type": "Point", "coordinates": [126.97054, 37.594324]}, "properties": {"row": 18, "col": 13, "walk_min": 34.6, "nearest_station_id": "kr_058", "nearest_station_name": "\uacbd\ubcf5\uad81", "a": 4, "A": "45-60", "a_inv": 3, "b": 4, "B": "45-60", "b_inv": 3, "c": 3, "C": "30-45", "c_inv": 4, "d": 3, "D": "30-45", "d_inv": 4, "e": 5, "E": "60-90", "e_inv": 2, "f": 5, "F": "60-90", "f_inv": 2, "g": 4, "G": "45-60", "g_inv": 3, "h": 4, "H": "45-60", "h_inv": 3, "i": 5, "I": "60-90", "i_inv": 2, "j": 5, "J": "60-90", "j_inv": 2, "k": 5, "K": "60-90", "k_inv": 2, "l": 5, "L": "60-90", "l_inv": 2, "m": 4, "M": "45-60", "m_inv": 3, "n": 4, "N": "45-60", "n_inv": 3, "o": 4, "O": "45-60", "o_inv": 3, "p": 4, "P": "45-60", "p_inv": 3}}, {"type": "Feature", "geometry": {"type": "Point", "coordinates": [126.88946000000001, 37.594324]}, "properties": {"row": 18, "col": 1, "walk_min": 31.7, "nearest_station_id": "kr_340", "nearest_station_name": "Saejeol", "a": 5, "A": "60-90", "a_inv": 2, "b": 5, "B": "60-90", "b_inv": 2, "c": 5, "C": "60-90", "c_inv": 2, "d": 5, "D": "60-90", "d_inv": 2, "e": 5, "E": "60-90", "e_inv": 2, "f": 5, "F": "60-90", "f_inv": 2, "g": 5, "G": "60-90", "g_inv": 2, "h": 5, "H": "60-90", "h_inv": 2, "i": 5, "I": "60-90", "i_inv": 2, "j": 5, "J": "60-90", "j_inv": 2, "k": 5, "K": "60-90", "k_inv": 2, "l": 5, "L": "60-90", "l_inv": 2, "m": 5, "M": "60-90", "m_inv": 2, "n": 5, "N": "60-90", "n_inv": 2, "o": 5, "O": "60-90", "o_inv": 2, "p": 5, "P": "60-90", "p_inv": 2}}, {"type": "Feature", "geometry": {"type": "Point", "coordinates": [127.092164, 37.519999999999996]}, "properties": {"row": 7, "col": 31, "walk_min": 30.2, "nearest_station_id": "kr_191", "nearest_station_name": "Jamsillaru", "a": 5, "A": "60-90", "a_inv": 2, "b": 5, "B": "60-90", "b_inv": 2, "c": 5, "C": "60-90", "c_inv": 2, "d": 5, "D": "60-90", "d_inv": 2, "e": 3, "E": "30-45", "e_inv": 4, "f": 3, "F": "30-45", "f_inv": 4, "g": 4, "G": "45-60", "g_inv": 3, "h": 4, "H": "45-60", "h_inv": 3, "i": 4, "I": "45-60", "i_inv": 3, "j": 4, "J": "45-60", "j_inv": 3, "k": 3, "K": "30-45", "k_inv": 4, "l": 3, "L": "30-45", "l_inv": 4, "m": 3, "M": "30-45", "m_inv": 4, "n": 3, "N": "30-45", "n_inv": 4, "o": 5, "O": "60-90", "o_inv": 2, "p": 5, "P": "60-90", "p_inv": 2}}, {"type": "Feature", "geometry": {"type": "Point", "coordinates": [127.06513399999999, 37.614594]}, "properties": {"row": 21, "col": 27, "walk_min": 27.6, "nearest_station_id": "kr_039", "nearest_station_name": "Seokgye", "a": 4, "A": "45-60", "a_inv": 3, "b": 4, "B": "45-60", "b_inv": 3, "c": 4, "C": "45-60", "c_inv": 3, "d": 4, "D": "45-60", "d_inv": 3, "e": 5, "E": "60-90", "e_inv": 2, "f": 5, "F": "60-90", "f_inv": 2, "g": 4, "G": "45-60", "g_inv": 3, "h": 4, "H": "45-60", "h_inv": 3, "i": 5, "I": "60-90", "i_inv": 2, "j": 5, "J": "60-90", "j_inv": 2, "k": 5, "K": "60-90", "k_inv": 2, "l": 5, "L": "60-90", "l_inv": 2, "m": 5, "M": "60-90", "m_inv": 2, "n": 5, "N": "60-90", "n_inv": 2, "o": 5, "O": "60-90", "o_inv": 2, "p": 5, "P": "60-90", "p_inv": 2}}, {"type": "Feature", "geometry": {"type": "Point", "coordinates": [126.96378399999999, 37.594324]}, "properties": {"row": 18, "col": 12, "walk_min": 34.5, "nearest_station_id": "kr_067", "nearest_station_name": "\ubb34\uc545\uc7ac", "a": 4, "A": "45-60", "a_inv": 3, "b": 4, "B": "45-60", "b_inv": 3, "c": 4, "C": "45-60", "c_inv": 3, "d": 4, "D": "45-60", "d_inv": 3, "e": 5, "E": "60-90", "e_inv": 2, "f": 5, "F": "60-90", "f_inv": 2, "g": 4, "G": "45-60", "g_inv": 3, "h": 4, "H": "45-60", "h_inv": 3, "i": 5, "I": "60-90", "i_inv": 2, "j": 5, "J": "60-90", "j_inv": 2, "k": 5, "K": "60-90", "k_inv": 2, "l": 5, "L": "60-90", "l_inv": 2, "m": 5, "M": "60-90", "m_inv": 2, "n": 5, "N": "60-90", "n_inv": 2, "o": 5, "O": "60-90", "o_inv": 2, "p": 5, "P": "60-90", "p_inv": 2}}, {"type": "Feature", "geometry": {"type": "Point", "coordinates": [127.071894, 37.472704]}, "properties": {"row": 0, "col": 28, "walk_min": 35.4, "nearest_station_id": "kr_298", "nearest_station_name": "Irwon", "a": 5, "A": "60-90", "a_inv": 2, "b": 5, "B": "60-90", "b_inv": 2, "c": 5, "C": "60-90", "c_inv": 2, "d": 5, "D": "60-90", "d_inv": 2, "e": 4, "E": "45-60", "e_inv": 3, "f": 4, "F": "45-60", "f_inv": 3, "g": 5, "G": "60-90", "g_inv": 2, "h": 5, "H": "60-90", "h_inv": 2, "i": 5, "I": "60-90", "i_inv": 2, "j": 5, "J": "60-90", "j_inv": 2, "k": 4, "K": "45-60", "k_inv": 3, "l": 4, "L": "45-60", "l_inv": 3, "m": 5, "M": "60-90", "m_inv": 2, "n": 5, "N": "60-90", "n_inv": 2, "o": 5, "O": "60-90", "o_inv": 2, "p": 5, "P": "60-90", "p_inv": 2}}, {"type": "Feature", "geometry": {"type": "Point", "coordinates": [127.09891999999999, 37.49973]}, "properties": {"row": 4, "col": 32, "walk_min": 29.6, "nearest_station_id": "kr_408", "nearest_station_name": "\uc11d\ucd0c\uace0\ubd84", "a": 5, "A": "60-90", "a_inv": 2, "b": 5, "B": "60-90", "b_inv": 2, "c": 5, "C": "60-90", "c_inv": 2, "d": 5, "D": "60-90", "d_inv": 2, "e": 3, "E": "30-45", "e_inv": 4, "f": 3, "F": "30-45", "f_inv": 4, "g": 4, "G": "45-60", "g_inv": 3, "h": 4, "H": "45-60", "h_inv": 3, "i": 4, "I": "45-60", "i_inv": 3, "j": 4, "J": "45-60", "j_inv": 3, "k": 3, "K": "30-45", "k_inv": 4, "l": 3, "L": "30-45", "l_inv": 4, "m": 4, "M": "45-60", "m_inv": 3, "n": 4, "N": "45-60", "n_inv": 3, "o": 5, "O": "60-90", "o_inv": 2, "p": 5, "P": "60-90", "p_inv": 2}}, {"type": "Feature", "geometry": {"type": "Point", "coordinates": [126.98405400000001, 37.601084]}, "properties": {"row": 19, "col": 15, "walk_min": 43.6, "nearest_station_id": "kr_061", "nearest_station_name": "Hansung Univ. (Samseongyo)", "a": 4, "A": "45-60", "a_inv": 3, "b": 4, "B": "45-60", "b_inv": 3, "c": 4, "C": "45-60", "c_inv": 3, "d": 4, "D": "45-60", "d_inv": 3, "e": 5, "E": "60-90", "e_inv": 2, "f": 5, "F": "60-90", "f_inv": 2, "g": 4, "G": "45-60", "g_inv": 3, "h": 4, "H": "45-60", "h_inv": 3, "i": 5, "I": "60-90", "i_inv": 2, "j": 5, "J": "60-90", "j_inv": 2, "k": 5, "K": "60-90", "k_inv": 2, "l": 5, "L": "60-90", "l_inv": 2, "m": 5, "M": "60-90", "m_inv": 2, "n": 5, "N": "60-90", "n_inv": 2, "o": 5, "O": "60-90", "o_inv": 2, "p": 5, "P": "60-90", "p_inv": 2}}, {"type": "Feature", "geometry": {"type": "Point", "coordinates": [126.99756400000001, 37.607839999999996]}, "properties": {"row": 20, "col": 17, "walk_min": 35.7, "nearest_station_id": "kr_061", "nearest_station_name": "Hansung Univ. (Samseongyo)", "a": 4, "A": "45-60", "a_inv": 3, "b": 4, "B": "45-60", "b_inv": 3, "c": 4, "C": "45-60", "c_inv": 3, "d": 4, "D": "45-60", "d_inv": 3, "e": 5, "E": "60-90", "e_inv": 2, "f": 5, "F": "60-90", "f_inv": 2, "g": 4, "G": "45-60", "g_inv": 3, "h": 4, "H": "45-60", "h_inv": 3, "i": 5, "I": "60-90", "i_inv": 2, "j": 5, "J": "60-90", "j_inv": 2, "k": 5, "K": "60-90", "k_inv": 2, "l": 5, "L": "60-90", "l_inv": 2, "m": 4, "M": "45-60", "m_inv": 3, "n": 4, "N": "45-60", "n_inv": 3, "o": 5, "O": "60-90", "o_inv": 2, "p": 5, "P": "60-90", "p_inv": 2}}, {"type": "Feature", "geometry": {"type": "Point", "coordinates": [127.004324, 37.519999999999996]}, "properties": {"row": 7, "col": 18, "walk_min": 30.8, "nearest_station_id": "kr_216", "nearest_station_name": "Jamwon", "a": 4, "A": "45-60", "a_inv": 3, "b": 4, "B": "45-60", "b_inv": 3, "c": 4, "C": "45-60", "c_inv": 3, "d": 4, "D": "45-60", "d_inv": 3, "e": 3, "E": "30-45", "e_inv": 4, "f": 3, "F": "30-45", "f_inv": 4, "g": 4, "G": "45-60", "g_inv": 3, "h": 4, "H": "45-60", "h_inv": 3, "i": 3, "I": "30-45", "i_inv": 4, "j": 3, "J": "30-45", "j_inv": 4, "k": 4, "K": "45-60", "k_inv": 3, "l": 4, "L": "45-60", "l_inv": 3, "m": 5, "M": "60-90", "m_inv": 2, "n": 5, "N": "60-90", "n_inv": 2, "o": 4, "O": "45-60", "o_inv": 3, "p": 4, "P": "45-60", "p_inv": 3}}, {"type": "Feature", "geometry": {"type": "Point", "coordinates": [126.902974, 37.614594]}, "properties": {"row": 21, "col": 3, "walk_min": 35.3, "nearest_station_id": "kr_390", "nearest_station_name": "\uad6c\uc0b0", "a": 5, "A": "60-90", "a_inv": 2, "b": 5, "B": "60-90", "b_inv": 2, "c": 5, "C": "60-90", "c_inv": 2, "d": 5, "D": "60-90", "d_inv": 2, "e": 5, "E": "60-90", "e_inv": 2, "f": 5, "F": "60-90", "f_inv": 2, "g": 5, "G": "60-90", "g_inv": 2, "h": 5, "H": "60-90", "h_inv": 2, "i": 5, "I": "60-90", "i_inv": 2, "j": 5, "J": "60-90", "j_inv": 2, "k": 5, "K": "60-90", "k_inv": 2, "l": 5, "L": "60-90", "l_inv": 2, "m": 5, "M": "60-90", "m_inv": 2, "n": 5, "N": "60-90", "n_inv": 2, "o": 5, "O": "60-90", "o_inv": 2, "p": 5, "P": "60-90", "p_inv": 2}}, {"type": "Feature", "geometry": {"type": "Point", "coordinates": [126.916484, 37.465944]}, "properties": {"row": -1, "col": 5, "walk_min": 33.8, "nearest_station_id": "kr_375", "nearest_station_name": "Sillim", "a": 5, "A": "60-90", "a_inv": 2, "b": 5, "B": "60-90", "b_inv": 2, "c": 5, "C": "60-90", "c_inv": 2, "d": 5, "D": "60-90", "d_inv": 2, "e": 4, "E": "45-60", "e_inv": 3, "f": 4, "F": "45-60", "f_inv": 3, "g": 5, "G": "60-90", "g_inv": 2, "h": 5, "H": "60-90", "h_inv": 2, "i": 4, "I": "45-60", "i_inv": 3, "j": 4, "J": "45-60", "j_inv": 3, "k": 5, "K": "60-90", "k_inv": 2, "l": 5, "L": "60-90", "l_inv": 2, "m": 5, "M": "60-90", "m_inv": 2, "n": 5, "N": "60-90", "n_inv": 2, "o": 4, "O": "45-60", "o_inv": 3, "p": 4, "P": "45-60", "p_inv": 3}}, {"type": "Feature", "geometry": {"type": "Point", "coordinates": [127.031354, 37.465944]}, "properties": {"row": -1, "col": 22, "walk_min": 31.5, "nearest_station_id": "kr_038", "nearest_station_name": "Yangjae Citizen's Forest", "a": 5, "A": "60-90", "a_inv": 2, "b": 5, "B": "60-90", "b_inv": 2, "c": 5, "C": "60-90", "c_inv": 2, "d": 5, "D": "60-90", "d_inv": 2, "e": 3, "E": "30-45", "e_inv": 4, "f": 3, "F": "30-45", "f_inv": 4, "g": 5, "G": "60-90", "g_inv": 2, "h": 5, "H": "60-90", "h_inv": 2, "i": 4, "I": "45-60", "i_inv": 3, "j": 4, "J": "45-60", "j_inv": 3, "k": 4, "K": "45-60", "k_inv": 3, "l": 4, "L": "45-60", "l_inv": 3, "m": 5, "M": "60-90", "m_inv": 2, "n": 5, "N": "60-90", "n_inv": 2, "o": 5, "O": "60-90", "o_inv": 2, "p": 5, "P": "60-90", "p_inv": 2}}, {"type": "Feature", "geometry": {"type": "Point", "coordinates": [126.923244, 37.465944]}, "properties": {"row": -1, "col": 6, "walk_min": 40.5, "nearest_station_id": "kr_375", "nearest_station_name": "Sillim", "a": 5, "A": "60-90", "a_inv": 2, "b": 5, "B": "60-90", "b_inv": 2, "c": 5, "C": "60-90", "c_inv": 2, "d": 5, "D": "60-90", "d_inv": 2, "e": 5, "E": "60-90", "e_inv": 2, "f": 5, "F": "60-90", "f_inv": 2, "g": 5, "G": "60-90", "g_inv": 2, "h": 5, "H": "60-90", "h_inv": 2, "i": 4, "I": "45-60", "i_inv": 3, "j": 4, "J": "45-60", "j_inv": 3, "k": 5, "K": "60-90", "k_inv": 2, "l": 5, "L": "60-90", "l_inv": 2, "m": 5, "M": "60-90", "m_inv": 2, "n": 5, "N": "60-90", "n_inv": 2, "o": 5, "O": "60-90", "o_inv": 2, "p": 5, "P": "60-90", "p_inv": 2}}, {"type": "Feature", "geometry": {"type": "Point", "coordinates": [126.957024, 37.594324]}, "properties": {"row": 18, "col": 11, "walk_min": 36.5, "nearest_station_id": "kr_075", "nearest_station_name": "\ud64d\uc81c", "a": 4, "A": "45-60", "a_inv": 3, "b": 4, "B": "45-60", "b_inv": 3, "c": 4, "C": "45-60", "c_inv": 3, "d": 4, "D": "45-60", "d_inv": 3, "e": 5, "E": "60-90", "e_inv": 2, "f": 5, "F": "60-90", "f_inv": 2, "g": 4, "G": "45-60", "g_inv": 3, "h": 4, "H": "45-60", "h_inv": 3, "i": 5, "I": "60-90", "i_inv": 2, "j": 5, "J": "60-90", "j_inv": 2, "k": 5, "K": "60-90", "k_inv": 2, "l": 5, "L": "60-90", "l_inv": 2, "m": 5, "M": "60-90", "m_inv": 2, "n": 5, "N": "60-90", "n_inv": 2, "o": 5, "O": "60-90", "o_inv": 2, "p": 5, "P": "60-90", "p_inv": 2}}, {"type": "Feature", "geometry": {"type": "Point", "coordinates": [127.02459400000001, 37.465944]}, "properties": {"row": -1, "col": 21, "walk_min": 33.1, "nearest_station_id": "kr_038", "nearest_station_name": "Yangjae Citizen's Forest", "a": 5, "A": "60-90", "a_inv": 2, "b": 5, "B": "60-90", "b_inv": 2, "c": 5, "C": "60-90", "c_inv": 2, "d": 5, "D": "60-90", "d_inv": 2, "e": 3, "E": "30-45", "e_inv": 4, "f": 3, "F": "30-45", "f_inv": 4, "g": 5, "G": "60-90", "g_inv": 2, "h": 5, "H": "60-90", "h_inv": 2, "i": 4, "I": "45-60", "i_inv": 3, "j": 4, "J": "45-60", "j_inv": 3, "k": 4, "K": "45-60", "k_inv": 3, "l": 4, "L": "45-60", "l_inv": 3, "m": 5, "M": "60-90", "m_inv": 2, "n": 5, "N": "60-90", "n_inv": 2, "o": 5, "O": "60-90", "o_inv": 2, "p": 5, "P": "60-90", "p_inv": 2}}, {"type": "Feature", "geometry": {"type": "Point", "coordinates": [126.89621400000001, 37.614594]}, "properties": {"row": 21, "col": 2, "walk_min": 31.9, "nearest_station_id": "kr_390", "nearest_station_name": "\uad6c\uc0b0", "a": 5, "A": "60-90", "a_inv": 2, "b": 5, "B": "60-90", "b_inv": 2, "c": 4, "C": "45-60", "c_inv": 3, "d": 4, "D": "45-60", "d_inv": 3, "e": 5, "E": "60-90", "e_inv": 2, "f": 5, "F": "60-90", "f_inv": 2, "g": 5, "G": "60-90", "g_inv": 2, "h": 5, "H": "60-90", "h_inv": 2, "i": 5, "I": "60-90", "i_inv": 2, "j": 5, "J": "60-90", "j_inv": 2, "k": 5, "K": "60-90", "k_inv": 2, "l": 5, "L": "60-90", "l_inv": 2, "m": 5, "M": "60-90", "m_inv": 2, "n": 5, "N": "60-90", "n_inv": 2, "o": 5, "O": "60-90", "o_inv": 2, "p": 5, "P": "60-90", "p_inv": 2}}, {"type": "Feature", "geometry": {"type": "Point", "coordinates": [126.88946000000001, 37.56054]}, "properties": {"row": 13, "col": 1, "walk_min": 38.9, "nearest_station_id": "kr_259", "nearest_station_name": "\ub9c8\ud3ec\uad6c\uccad", "a": 5, "A": "60-90", "a_inv": 2, "b": 5, "B": "60-90", "b_inv": 2, "c": 5, "C": "60-90", "c_inv": 2, "d": 5, "D": "60-90", "d_inv": 2, "e": 5, "E": "60-90", "e_inv": 2, "f": 5, "F": "60-90", "f_inv": 2, "g": 5, "G": "60-90", "g_inv": 2, "h": 5, "H": "60-90", "h_inv": 2, "i": 5, "I": "60-90", "i_inv": 2, "j": 5, "J": "60-90", "j_inv": 2, "k": 5, "K": "60-90", "k_inv": 2, "l": 5, "L": "60-90", "l_inv": 2, "m": 5, "M": "60-90", "m_inv": 2, "n": 5, "N": "60-90", "n_inv": 2, "o": 5, "O": "60-90", "o_inv": 2, "p": 5, "P": "60-90", "p_inv": 2}}, {"type": "Feature", "geometry": {"type": "Point", "coordinates": [127.085404, 37.58081]}, "properties": {"row": 16, "col": 30, "walk_min": 38.9, "nearest_station_id": "kr_120", "nearest_station_name": "\uc0ac\uac00\uc815", "a": 5, "A": "60-90", "a_inv": 2, "b": 5, "B": "60-90", "b_inv": 2, "c": 5, "C": "60-90", "c_inv": 2, "d": 5, "D": "60-90", "d_inv": 2, "e": 5, "E": "60-90", "e_inv": 2, "f": 5, "F": "60-90", "f_inv": 2, "g": 4, "G": "45-60", "g_inv": 3, "h": 4, "H": "45-60", "h_inv": 3, "i": 5, "I": "60-90", "i_inv": 2, "j": 5, "J": "60-90", "j_inv": 2, "k": 5, "K": "60-90", "k_inv": 2, "l": 5, "L": "60-90", "l_inv": 2, "m": 5, "M": "60-90", "m_inv": 2, "n": 5, "N": "60-90", "n_inv": 2, "o": 5, "O": "60-90", "o_inv": 2, "p": 5, "P": "60-90", "p_inv": 2}}, {"type": "Feature", "geometry": {"type": "Point", "coordinates": [126.88946000000001, 37.601084]}, "properties": {"row": 19, "col": 1, "walk_min": 36.8, "nearest_station_id": "kr_318", "nearest_station_name": "\uc751\uc554", "a": 5, "A": "60-90", "a_inv": 2, "b": 5, "B": "60-90", "b_inv": 2, "c": 5, "C": "60-90", "c_inv": 2, "d": 5, "D": "60-90", "d_inv": 2, "e": 5, "E": "60-90", "e_inv": 2, "f": 5, "F": "60-90", "f_inv": 2, "g": 5, "G": "60-90", "g_inv": 2, "h": 5, "H": "60-90", "h_inv": 2, "i": 5, "I": "60-90", "i_inv": 2, "j": 5, "J": "60-90", "j_inv": 2, "k": 6, "K": "90-120", "k_inv": 1, "l": 6, "L": "90-120", "l_inv": 1, "m": 5, "M": "60-90", "m_inv": 2, "n": 5, "N": "60-90", "n_inv": 2, "o": 5, "O": "60-90", "o_inv": 2, "p": 5, "P": "60-90", "p_inv": 2}}, {"type": "Feature", "geometry": {"type": "Point", "coordinates": [127.004324, 37.607839999999996]}, "properties": {"row": 20, "col": 18, "walk_min": 36.3, "nearest_station_id": "kr_082", "nearest_station_name": "Gireum", "a": 4, "A": "45-60", "a_inv": 3, "b": 4, "B": "45-60", "b_inv": 3, "c": 4, "C": "45-60", "c_inv": 3, "d": 4, "D": "45-60", "d_inv": 3, "e": 5, "E": "60-90", "e_inv": 2, "f": 5, "F": "60-90", "f_inv": 2, "g": 4, "G": "45-60", "g_inv": 3, "h": 4, "H": "45-60", "h_inv": 3, "i": 5, "I": "60-90", "i_inv": 2, "j": 5, "J": "60-90", "j_inv": 2, "k": 5, "K": "60-90", "k_inv": 2, "l": 5, "L": "60-90", "l_inv": 2, "m": 5, "M": "60-90", "m_inv": 2, "n": 5, "N": "60-90", "n_inv": 2, "o": 5, "O": "60-90", "o_inv": 2, "p": 5, "P": "60-90", "p_inv": 2}}, {"type": "Feature", "geometry": {"type": "Point", "coordinates": [126.93000000000002, 37.45919]}, "properties": {"row": -2, "col": 7, "walk_min": 38.3, "nearest_station_id": "kr_377", "nearest_station_name": "Bongcheon", "a": 5, "A": "60-90", "a_inv": 2, "b": 5, "B": "60-90", "b_inv": 2, "c": 5, "C": "60-90", "c_inv": 2, "d": 5, "D": "60-90", "d_inv": 2, "e": 4, "E": "45-60", "e_inv": 3, "f": 4, "F": "45-60", "f_inv": 3, "g": 5, "G": "60-90", "g_inv": 2, "h": 5, "H": "60-90", "h_inv": 2, "i": 4, "I": "45-60", "i_inv": 3, "j": 4, "J": "45-60", "j_inv": 3, "k": 5, "K": "60-90", "k_inv": 2, "l": 5, "L": "60-90", "l_inv": 2, "m": 5, "M": "60-90", "m_inv": 2, "n": 5, "N": "60-90", "n_inv": 2, "o": 5, "O": "60-90", "o_inv": 2, "p": 5, "P": "60-90", "p_inv": 2}}, {"type": "Feature", "geometry": {"type": "Point", "coordinates": [126.902974, 37.465944]}, "properties": {"row": -1, "col": 3, "walk_min": 35.6, "nearest_station_id": "kr_443", "nearest_station_name": "Doksan", "a": 5, "A": "60-90", "a_inv": 2, "b": 5, "B": "60-90", "b_inv": 2, "c": 5, "C": "60-90", "c_inv": 2, "d": 5, "D": "60-90", "d_inv": 2, "e": 5, "E": "60-90", "e_inv": 2, "f": 5, "F": "60-90", "f_inv": 2, "g": 5, "G": "60-90", "g_inv": 2, "h": 5, "H": "60-90", "h_inv": 2, "i": 5, "I": "60-90", "i_inv": 2, "j": 5, "J": "60-90", "j_inv": 2, "k": 5, "K": "60-90", "k_inv": 2, "l": 5, "L": "60-90", "l_inv": 2, "m": 5, "M": "60-90", "m_inv": 2, "n": 5, "N": "60-90", "n_inv": 2, "o": 5, "O": "60-90", "o_inv": 2, "p": 5, "P": "60-90", "p_inv": 2}}, {"type": "Feature", "geometry": {"type": "Point", "coordinates": [126.95027, 37.594324]}, "properties": {"row": 18, "col": 10, "walk_min": 40.0, "nearest_station_id": "kr_075", "nearest_station_name": "\ud64d\uc81c", "a": 4, "A": "45-60", "a_inv": 3, "b": 4, "B": "45-60", "b_inv": 3, "c": 4, "C": "45-60", "c_inv": 3, "d": 4, "D": "45-60", "d_inv": 3, "e": 5, "E": "60-90", "e_inv": 2, "f": 5, "F": "60-90", "f_inv": 2, "g": 5, "G": "60-90", "g_inv": 2, "h": 5, "H": "60-90", "h_inv": 2, "i": 5, "I": "60-90", "i_inv": 2, "j": 5, "J": "60-90", "j_inv": 2, "k": 5, "K": "60-90", "k_inv": 2, "l": 5, "L": "60-90", "l_inv": 2, "m": 5, "M": "60-90", "m_inv": 2, "n": 5, "N": "60-90", "n_inv": 2, "o": 5, "O": "60-90", "o_inv": 2, "p": 5, "P": "60-90", "p_inv": 2}}, {"type": "Feature", "geometry": {"type": "Point", "coordinates": [126.97054, 37.49973]}, "properties": {"row": 4, "col": 13, "walk_min": 36.9, "nearest_station_id": "kr_003", "nearest_station_name": "Dongjak", "a": 4, "A": "45-60", "a_inv": 3, "b": 4, "B": "45-60", "b_inv": 3, "c": 4, "C": "45-60", "c_inv": 3, "d": 4, "D": "45-60", "d_inv": 3, "e": 4, "E": "45-60", "e_inv": 3, "f": 4, "F": "45-60", "f_inv": 3, "g": 5, "G": "60-90", "g_inv": 2, "h": 5, "H": "60-90", "h_inv": 2, "i": 3, "I": "30-45", "i_inv": 4, "j": 3, "J": "30-45", "j_inv": 4, "k": 5, "K": "60-90", "k_inv": 2, "l": 5, "L": "60-90", "l_inv": 2, "m": 5, "M": "60-90", "m_inv": 2, "n": 5, "N": "60-90", "n_inv": 2, "o": 4, "O": "45-60", "o_inv": 3, "p": 4, "P": "45-60", "p_inv": 3}}, {"type": "Feature", "geometry": {"type": "Point", "coordinates": [126.95027, 37.601084]}, "properties": {"row": 19, "col": 10, "walk_min": 44.8, "nearest_station_id": "kr_080", "nearest_station_name": "\ub179\ubc88", "a": 5, "A": "60-90", "a_inv": 2, "b": 5, "B": "60-90", "b_inv": 2, "c": 5, "C": "60-90", "c_inv": 2, "d": 5, "D": "60-90", "d_inv": 2, "e": 5, "E": "60-90", "e_inv": 2, "f": 5, "F": "60-90", "f_inv": 2, "g": 5, "G": "60-90", "g_inv": 2, "h": 5, "H": "60-90", "h_inv": 2, "i": 5, "I": "60-90", "i_inv": 2, "j": 5, "J": "60-90", "j_inv": 2, "k": 6, "K": "90-120", "k_inv": 1, "l": 6, "L": "90-120", "l_inv": 1, "m": 5, "M": "60-90", "m_inv": 2, "n": 5, "N": "60-90", "n_inv": 2, "o": 5, "O": "60-90", "o_inv": 2, "p": 5, "P": "60-90", "p_inv": 2}}, {"type": "Feature", "geometry": {"type": "Point", "coordinates": [126.90973000000001, 37.465944]}, "properties": {"row": -1, "col": 4, "walk_min": 35.5, "nearest_station_id": "kr_443", "nearest_station_name": "Doksan", "a": 5, "A": "60-90", "a_inv": 2, "b": 5, "B": "60-90", "b_inv": 2, "c": 5, "C": "60-90", "c_inv": 2, "d": 5, "D": "60-90", "d_inv": 2, "e": 5, "E": "60-90", "e_inv": 2, "f": 5, "F": "60-90", "f_inv": 2, "g": 5, "G": "60-90", "g_inv": 2, "h": 5, "H": "60-90", "h_inv": 2, "i": 5, "I": "60-90", "i_inv": 2, "j": 5, "J": "60-90", "j_inv": 2, "k": 5, "K": "60-90", "k_inv": 2, "l": 5, "L": "60-90", "l_inv": 2, "m": 5, "M": "60-90", "m_inv": 2, "n": 5, "N": "60-90", "n_inv": 2, "o": 5, "O": "60-90", "o_inv": 2, "p": 5, "P": "60-90", "p_inv": 2}}, {"type": "Feature", "geometry": {"type": "Point", "coordinates": [126.88270399999999, 37.594324]}, "properties": {"row": 18, "col": 0, "walk_min": 43.4, "nearest_station_id": "kr_327", "nearest_station_name": "\ub514\uc9c0\ud138\ubbf8\ub514\uc5b4\uc2dc\ud2f0", "a": 5, "A": "60-90", "a_inv": 2, "b": 5, "B": "60-90", "b_inv": 2, "c": 5, "C": "60-90", "c_inv": 2, "d": 5, "D": "60-90", "d_inv": 2, "e": 5, "E": "60-90", "e_inv": 2, "f": 5, "F": "60-90", "f_inv": 2, "g": 5, "G": "60-90", "g_inv": 2, "h": 5, "H": "60-90", "h_inv": 2, "i": 5, "I": "60-90", "i_inv": 2, "j": 5, "J": "60-90", "j_inv": 2, "k": 6, "K": "90-120", "k_inv": 1, "l": 6, "L": "90-120", "l_inv": 1, "m": 6, "M": "90-120", "m_inv": 1, "n": 6, "N": "90-120", "n_inv": 1, "o": 5, "O": "60-90", "o_inv": 2, "p": 5, "P": "60-90", "p_inv": 2}}, {"type": "Feature", "geometry": {"type": "Point", "coordinates": [126.95027, 37.607839999999996]}, "properties": {"row": 20, "col": 10, "walk_min": 42.8, "nearest_station_id": "kr_080", "nearest_station_name": "\ub179\ubc88", "a": 5, "A": "60-90", "a_inv": 2, "b": 5, "B": "60-90", "b_inv": 2, "c": 5, "C": "60-90", "c_inv": 2, "d": 5, "D": "60-90", "d_inv": 2, "e": 5, "E": "60-90", "e_inv": 2, "f": 5, "F": "60-90", "f_inv": 2, "g": 5, "G": "60-90", "g_inv": 2, "h": 5, "H": "60-90", "h_inv": 2, "i": 5, "I": "60-90", "i_inv": 2, "j": 5, "J": "60-90", "j_inv": 2, "k": 5, "K": "60-90", "k_inv": 2, "l": 5, "L": "60-90", "l_inv": 2, "m": 5, "M": "60-90", "m_inv": 2, "n": 5, "N": "60-90", "n_inv": 2, "o": 5, "O": "60-90", "o_inv": 2, "p": 5, "P": "60-90", "p_inv": 2}}, {"type": "Feature", "geometry": {"type": "Point", "coordinates": [126.88270399999999, 37.567294000000004]}, "properties": {"row": 14, "col": 0, "walk_min": 45.4, "nearest_station_id": "kr_293", "nearest_station_name": "\uc6d4\ub4dc\ucef5\uacbd\uae30\uc7a5", "a": 5, "A": "60-90", "a_inv": 2, "b": 5, "B": "60-90", "b_inv": 2, "c": 5, "C": "60-90", "c_inv": 2, "d": 5, "D": "60-90", "d_inv": 2, "e": 5, "E": "60-90", "e_inv": 2, "f": 5, "F": "60-90", "f_inv": 2, "g": 5, "G": "60-90", "g_inv": 2, "h": 5, "H": "60-90", "h_inv": 2, "i": 5, "I": "60-90", "i_inv": 2, "j": 5, "J": "60-90", "j_inv": 2, "k": 6, "K": "90-120", "k_inv": 1, "l": 6, "L": "90-120", "l_inv": 1, "m": 6, "M": "90-120", "m_inv": 1, "n": 6, "N": "90-120", "n_inv": 1, "o": 5, "O": "60-90", "o_inv": 2, "p": 5, "P": "60-90", "p_inv": 2}}, {"type": "Feature", "geometry": {"type": "Point", "coordinates": [126.99081000000001, 37.607839999999996]}, "properties": {"row": 20, "col": 16, "walk_min": 45.6, "nearest_station_id": "kr_061", "nearest_station_name": "Hansung Univ. (Samseongyo)", "a": 5, "A": "60-90", "a_inv": 2, "b": 5, "B": "60-90", "b_inv": 2, "c": 4, "C": "45-60", "c_inv": 3, "d": 4, "D": "45-60", "d_inv": 3, "e": 5, "E": "60-90", "e_inv": 2, "f": 5, "F": "60-90", "f_inv": 2, "g": 4, "G": "45-60", "g_inv": 3, "h": 4, "H": "45-60", "h_inv": 3, "i": 5, "I": "60-90", "i_inv": 2, "j": 5, "J": "60-90", "j_inv": 2, "k": 5, "K": "60-90", "k_inv": 2, "l": 5, "L": "60-90", "l_inv": 2, "m": 5, "M": "60-90", "m_inv": 2, "n": 5, "N": "60-90", "n_inv": 2, "o": 5, "O": "60-90", "o_inv": 2, "p": 5, "P": "60-90", "p_inv": 2}}, {"type": "Feature", "geometry": {"type": "Point", "coordinates": [126.98405400000001, 37.607839999999996]}, "properties": {"row": 20, "col": 15, "walk_min": 48.9, "nearest_station_id": "kr_061", "nearest_station_name": "Hansung Univ. (Samseongyo)", "a": 5, "A": "60-90", "a_inv": 2, "b": 5, "B": "60-90", "b_inv": 2, "c": 5, "C": "60-90", "c_inv": 2, "d": 5, "D": "60-90", "d_inv": 2, "e": 5, "E": "60-90", "e_inv": 2, "f": 5, "F": "60-90", "f_inv": 2, "g": 5, "G": "60-90", "g_inv": 2, "h": 5, "H": "60-90", "h_inv": 2, "i": 5, "I": "60-90", "i_inv": 2, "j": 5, "J": "60-90", "j_inv": 2, "k": 5, "K": "60-90", "k_inv": 2, "l": 5, "L": "60-90", "l_inv": 2, "m": 5, "M": "60-90", "m_inv": 2, "n": 5, "N": "60-90", "n_inv": 2, "o": 5, "O": "60-90", "o_inv": 2, "p": 5, "P": "60-90", "p_inv": 2}}, {"type": "Feature", "geometry": {"type": "Point", "coordinates": [126.977294, 37.601084]}, "properties": {"row": 19, "col": 14, "walk_min": 47.7, "nearest_station_id": "kr_022", "nearest_station_name": "Anguk", "a": 4, "A": "45-60", "a_inv": 3, "b": 4, "B": "45-60", "b_inv": 3, "c": 4, "C": "45-60", "c_inv": 3, "d": 4, "D": "45-60", "d_inv": 3, "e": 5, "E": "60-90", "e_inv": 2, "f": 5, "F": "60-90", "f_inv": 2, "g": 5, "G": "60-90", "g_inv": 2, "h": 5, "H": "60-90", "h_inv": 2, "i": 5, "I": "60-90", "i_inv": 2, "j": 5, "J": "60-90", "j_inv": 2, "k": 5, "K": "60-90", "k_inv": 2, "l": 5, "L": "60-90", "l_inv": 2, "m": 5, "M": "60-90", "m_inv": 2, "n": 5, "N": "60-90", "n_inv": 2, "o": 5, "O": "60-90", "o_inv": 2, "p": 5, "P": "60-90", "p_inv": 2}}, {"type": "Feature", "geometry": {"type": "Point", "coordinates": [126.916484, 37.45919]}, "properties": {"row": -2, "col": 5, "walk_min": 40.8, "nearest_station_id": "kr_239", "nearest_station_name": "Seongnam", "a": 5, "A": "60-90", "a_inv": 2, "b": 5, "B": "60-90", "b_inv": 2, "c": 5, "C": "60-90", "c_inv": 2, "d": 5, "D": "60-90", "d_inv": 2, "e": 5, "E": "60-90", "e_inv": 2, "f": 5, "F": "60-90", "f_inv": 2, "g": 5, "G": "60-90", "g_inv": 2, "h": 5, "H": "60-90", "h_inv": 2, "i": 5, "I": "60-90", "i_inv": 2, "j": 5, "J": "60-90", "j_inv": 2, "k": 5, "K": "60-90", "k_inv": 2, "l": 5, "L": "60-90", "l_inv": 2, "m": 6, "M": "90-120", "m_inv": 1, "n": 6, "N": "90-120", "n_inv": 1, "o": 5, "O": "60-90", "o_inv": 2, "p": 5, "P": "60-90", "p_inv": 2}}, {"type": "Feature", "geometry": {"type": "Point", "coordinates": [127.07865000000001, 37.472704]}, "properties": {"row": 0, "col": 29, "walk_min": 43.5, "nearest_station_id": "kr_298", "nearest_station_name": "Irwon", "a": 5, "A": "60-90", "a_inv": 2, "b": 5, "B": "60-90", "b_inv": 2, "c": 5, "C": "60-90", "c_inv": 2, "d": 5, "D": "60-90", "d_inv": 2, "e": 4, "E": "45-60", "e_inv": 3, "f": 4, "F": "45-60", "f_inv": 3, "g": 5, "G": "60-90", "g_inv": 2, "h": 5, "H": "60-90", "h_inv": 2, "i": 5, "I": "60-90", "i_inv": 2, "j": 5, "J": "60-90", "j_inv": 2, "k": 5, "K": "60-90", "k_inv": 2, "l": 5, "L": "60-90", "l_inv": 2, "m": 5, "M": "60-90", "m_inv": 2, "n": 5, "N": "60-90", "n_inv": 2, "o": 6, "O": "90-120", "o_inv": 1, "p": 6, "P": "90-120", "p_inv": 1}}, {"type": "Feature", "geometry": {"type": "Point", "coordinates": [127.004324, 37.614594]}, "properties": {"row": 21, "col": 18, "walk_min": 41.8, "nearest_station_id": "kr_082", "nearest_station_name": "Gireum", "a": 5, "A": "60-90", "a_inv": 2, "b": 5, "B": "60-90", "b_inv": 2, "c": 4, "C": "45-60", "c_inv": 3, "d": 4, "D": "45-60", "d_inv": 3, "e": 5, "E": "60-90", "e_inv": 2, "f": 5, "F": "60-90", "f_inv": 2, "g": 5, "G": "60-90", "g_inv": 2, "h": 5, "H": "60-90", "h_inv": 2, "i": 5, "I": "60-90", "i_inv": 2, "j": 5, "J": "60-90", "j_inv": 2, "k": 5, "K": "60-90", "k_inv": 2, "l": 5, "L": "60-90", "l_inv": 2, "m": 5, "M": "60-90", "m_inv": 2, "n": 5, "N": "60-90", "n_inv": 2, "o": 5, "O": "60-90", "o_inv": 2, "p": 5, "P": "60-90", "p_inv": 2}}, {"type": "Feature", "geometry": {"type": "Point", "coordinates": [126.97054, 37.601084]}, "properties": {"row": 19, "col": 13, "walk_min": 46.8, "nearest_station_id": "kr_075", "nearest_station_name": "\ud64d\uc81c", "a": 5, "A": "60-90", "a_inv": 2, "b": 5, "B": "60-90", "b_inv": 2, "c": 5, "C": "60-90", "c_inv": 2, "d": 5, "D": "60-90", "d_inv": 2, "e": 5, "E": "60-90", "e_inv": 2, "f": 5, "F": "60-90", "f_inv": 2, "g": 5, "G": "60-90", "g_inv": 2, "h": 5, "H": "60-90", "h_inv": 2, "i": 5, "I": "60-90", "i_inv": 2, "j": 5, "J": "60-90", "j_inv": 2, "k": 5, "K": "60-90", "k_inv": 2, "l": 5, "L": "60-90", "l_inv": 2, "m": 5, "M": "60-90", "m_inv": 2, "n": 5, "N": "60-90", "n_inv": 2, "o": 5, "O": "60-90", "o_inv": 2, "p": 5, "P": "60-90", "p_inv": 2}}, {"type": "Feature", "geometry": {"type": "Point", "coordinates": [126.902974, 37.621354000000004]}, "properties": {"row": 22, "col": 3, "walk_min": 41.3, "nearest_station_id": "kr_134", "nearest_station_name": "Yeonsinnae", "a": 5, "A": "60-90", "a_inv": 2, "b": 5, "B": "60-90", "b_inv": 2, "c": 5, "C": "60-90", "c_inv": 2, "d": 5, "D": "60-90", "d_inv": 2, "e": 5, "E": "60-90", "e_inv": 2, "f": 5, "F": "60-90", "f_inv": 2, "g": 5, "G": "60-90", "g_inv": 2, "h": 5, "H": "60-90", "h_inv": 2, "i": 5, "I": "60-90", "i_inv": 2, "j": 5, "J": "60-90", "j_inv": 2, "k": 6, "K": "90-120", "k_inv": 1, "l": 6, "L": "90-120", "l_inv": 1, "m": 5, "M": "60-90", "m_inv": 2, "n": 5, "N": "60-90", "n_inv": 2, "o": 5, "O": "60-90", "o_inv": 2, "p": 5, "P": "60-90", "p_inv": 2}}, {"type": "Feature", "geometry": {"type": "Point", "coordinates": [126.957024, 37.601084]}, "properties": {"row": 19, "col": 11, "walk_min": 51.8, "nearest_station_id": "kr_075", "nearest_station_name": "\ud64d\uc81c", "a": 5, "A": "60-90", "a_inv": 2, "b": 5, "B": "60-90", "b_inv": 2, "c": 5, "C": "60-90", "c_inv": 2, "d": 5, "D": "60-90", "d_inv": 2, "e": 5, "E": "60-90", "e_inv": 2, "f": 5, "F": "60-90", "f_inv": 2, "g": 5, "G": "60-90", "g_inv": 2, "h": 5, "H": "60-90", "h_inv": 2, "i": 6, "I": "90-120", "i_inv": 1, "j": 6, "J": "90-120", "j_inv": 1, "k": 6, "K": "90-120", "k_inv": 1, "l": 6, "L": "90-120", "l_inv": 1, "m": 5, "M": "60-90", "m_inv": 2, "n": 5, "N": "60-90", "n_inv": 2, "o": 5, "O": "60-90", "o_inv": 2, "p": 5, "P": "60-90", "p_inv": 2}}, {"type": "Feature", "geometry": {"type": "Point", "coordinates": [127.05162399999999, 37.465944]}, "properties": {"row": -1, "col": 25, "walk_min": 42.9, "nearest_station_id": "kr_038", "nearest_station_name": "Yangjae Citizen's Forest", "a": 5, "A": "60-90", "a_inv": 2, "b": 5, "B": "60-90", "b_inv": 2, "c": 5, "C": "60-90", "c_inv": 2, "d": 5, "D": "60-90", "d_inv": 2, "e": 4, "E": "45-60", "e_inv": 3, "f": 4, "F": "45-60", "f_inv": 3, "g": 5, "G": "60-90", "g_inv": 2, "h": 5, "H": "60-90", "h_inv": 2, "i": 4, "I": "45-60", "i_inv": 3, "j": 4, "J": "45-60", "j_inv": 3, "k": 5, "K": "60-90", "k_inv": 2, "l": 5, "L": "60-90", "l_inv": 2, "m": 5, "M": "60-90", "m_inv": 2, "n": 5, "N": "60-90", "n_inv": 2, "o": 5, "O": "60-90", "o_inv": 2, "p": 5, "P": "60-90", "p_inv": 2}}, {"type": "Feature", "geometry": {"type": "Point", "coordinates": [126.88946000000001, 37.607839999999996]}, "properties": {"row": 20, "col": 1, "walk_min": 47.1, "nearest_station_id": "kr_390", "nearest_station_name": "\uad6c\uc0b0", "a": 5, "A": "60-90", "a_inv": 2, "b": 5, "B": "60-90", "b_inv": 2, "c": 5, "C": "60-90", "c_inv": 2, "d": 5, "D": "60-90", "d_inv": 2, "e": 6, "E": "90-120", "e_inv": 1, "f": 6, "F": "90-120", "f_inv": 1, "g": 5, "G": "60-90", "g_inv": 2, "h": 5, "H": "60-90", "h_inv": 2, "i": 6, "I": "90-120", "i_inv": 1, "j": 6, "J": "90-120", "j_inv": 1, "k": 6, "K": "90-120", "k_inv": 1, "l": 6, "L": "90-120", "l_inv": 1, "m": 5, "M": "60-90", "m_inv": 2, "n": 5, "N": "60-90", "n_inv": 2, "o": 5, "O": "60-90", "o_inv": 2, "p": 5, "P": "60-90", "p_inv": 2}}, {"type": "Feature", "geometry": {"type": "Point", "coordinates": [126.96378399999999, 37.601084]}, "properties": {"row": 19, "col": 12, "walk_min": 49.2, "nearest_station_id": "kr_075", "nearest_station_name": "\ud64d\uc81c", "a": 5, "A": "60-90", "a_inv": 2, "b": 5, "B": "60-90", "b_inv": 2, "c": 5, "C": "60-90", "c_inv": 2, "d": 5, "D": "60-90", "d_inv": 2, "e": 5, "E": "60-90", "e_inv": 2, "f": 5, "F": "60-90", "f_inv": 2, "g": 5, "G": "60-90", "g_inv": 2, "h": 5, "H": "60-90", "h_inv": 2, "i": 5, "I": "60-90", "i_inv": 2, "j": 5, "J": "60-90", "j_inv": 2, "k": 6, "K": "90-120", "k_inv": 1, "l": 6, "L": "90-120", "l_inv": 1, "m": 5, "M": "60-90", "m_inv": 2, "n": 5, "N": "60-90", "n_inv": 2, "o": 5, "O": "60-90", "o_inv": 2, "p": 5, "P": "60-90", "p_inv": 2}}, {"type": "Feature", "geometry": {"type": "Point", "coordinates": [126.923244, 37.45919]}, "properties": {"row": -2, "col": 6, "walk_min": 47.1, "nearest_station_id": "kr_239", "nearest_station_name": "Seongnam", "a": 6, "A": "90-120", "a_inv": 1, "b": 6, "B": "90-120", "b_inv": 1, "c": 6, "C": "90-120", "c_inv": 1, "d": 6, "D": "90-120", "d_inv": 1, "e": 5, "E": "60-90", "e_inv": 2, "f": 5, "F": "60-90", "f_inv": 2, "g": 6, "G": "90-120", "g_inv": 1, "h": 6, "H": "90-120", "h_inv": 1, "i": 5, "I": "60-90", "i_inv": 2, "j": 5, "J": "60-90", "j_inv": 2, "k": 6, "K": "90-120", "k_inv": 1, "l": 6, "L": "90-120", "l_inv": 1, "m": 6, "M": "90-120", "m_inv": 1, "n": 6, "N": "90-120", "n_inv": 1, "o": 6, "O": "90-120", "o_inv": 1, "p": 6, "P": "90-120", "p_inv": 1}}, {"type": "Feature", "geometry": {"type": "Point", "coordinates": [126.88270399999999, 37.601084]}, "properties": {"row": 19, "col": 0, "walk_min": 48.9, "nearest_station_id": "kr_318", "nearest_station_name": "\uc751\uc554", "a": 5, "A": "60-90", "a_inv": 2, "b": 5, "B": "60-90", "b_inv": 2, "c": 5, "C": "60-90", "c_inv": 2, "d": 5, "D": "60-90", "d_inv": 2, "e": 6, "E": "90-120", "e_inv": 1, "f": 6, "F": "90-120", "f_inv": 1, "g": 5, "G": "60-90", "g_inv": 2, "h": 5, "H": "60-90", "h_inv": 2, "i": 6, "I": "90-120", "i_inv": 1, "j": 6, "J": "90-120", "j_inv": 1, "k": 6, "K": "90-120", "k_inv": 1, "l": 6, "L": "90-120", "l_inv": 1, "m": 6, "M": "90-120", "m_inv": 1, "n": 6, "N": "90-120", "n_inv": 1, "o": 5, "O": "60-90", "o_inv": 2, "p": 5, "P": "60-90", "p_inv": 2}}, {"type": "Feature", "geometry": {"type": "Point", "coordinates": [126.88270399999999, 37.56054]}, "properties": {"row": 13, "col": 0, "walk_min": 48.1, "nearest_station_id": "kr_293", "nearest_station_name": "\uc6d4\ub4dc\ucef5\uacbd\uae30\uc7a5", "a": 5, "A": "60-90", "a_inv": 2, "b": 5, "B": "60-90", "b_inv": 2, "c": 5, "C": "60-90", "c_inv": 2, "d": 5, "D": "60-90", "d_inv": 2, "e": 5, "E": "60-90", "e_inv": 2, "f": 5, "F": "60-90", "f_inv": 2, "g": 5, "G": "60-90", "g_inv": 2, "h": 5, "H": "60-90", "h_inv": 2, "i": 5, "I": "60-90", "i_inv": 2, "j": 5, "J": "60-90", "j_inv": 2, "k": 6, "K": "90-120", "k_inv": 1, "l": 6, "L": "90-120", "l_inv": 1, "m": 6, "M": "90-120", "m_inv": 1, "n": 6, "N": "90-120", "n_inv": 1, "o": 5, "O": "60-90", "o_inv": 2, "p": 5, "P": "60-90", "p_inv": 2}}, {"type": "Feature", "geometry": {"type": "Point", "coordinates": [126.957024, 37.607839999999996]}, "properties": {"row": 20, "col": 11, "walk_min": 51.5, "nearest_station_id": "kr_080", "nearest_station_name": "\ub179\ubc88", "a": 5, "A": "60-90", "a_inv": 2, "b": 5, "B": "60-90", "b_inv": 2, "c": 5, "C": "60-90", "c_inv": 2, "d": 5, "D": "60-90", "d_inv": 2, "e": 6, "E": "90-120", "e_inv": 1, "f": 6, "F": "90-120", "f_inv": 1, "g": 5, "G": "60-90", "g_inv": 2, "h": 5, "H": "60-90", "h_inv": 2, "i": 6, "I": "90-120", "i_inv": 1, "j": 6, "J": "90-120", "j_inv": 1, "k": 6, "K": "90-120", "k_inv": 1, "l": 6, "L": "90-120", "l_inv": 1, "m": 5, "M": "60-90", "m_inv": 2, "n": 5, "N": "60-90", "n_inv": 2, "o": 5, "O": "60-90", "o_inv": 2, "p": 5, "P": "60-90", "p_inv": 2}}, {"type": "Feature", "geometry": {"type": "Point", "coordinates": [126.95027, 37.614594]}, "properties": {"row": 21, "col": 10, "walk_min": 50.9, "nearest_station_id": "kr_409", "nearest_station_name": "\ub3c5\ubc14\uc704", "a": 5, "A": "60-90", "a_inv": 2, "b": 5, "B": "60-90", "b_inv": 2, "c": 5, "C": "60-90", "c_inv": 2, "d": 5, "D": "60-90", "d_inv": 2, "e": 6, "E": "90-120", "e_inv": 1, "f": 6, "F": "90-120", "f_inv": 1, "g": 5, "G": "60-90", "g_inv": 2, "h": 5, "H": "60-90", "h_inv": 2, "i": 6, "I": "90-120", "i_inv": 1, "j": 6, "J": "90-120", "j_inv": 1, "k": 6, "K": "90-120", "k_inv": 1, "l": 6, "L": "90-120", "l_inv": 1, "m": 6, "M": "90-120", "m_inv": 1, "n": 6, "N": "90-120", "n_inv": 1, "o": 5, "O": "60-90", "o_inv": 2, "p": 5, "P": "60-90", "p_inv": 2}}, {"type": "Feature", "geometry": {"type": "Point", "coordinates": [127.07865000000001, 37.479459999999996]}, "properties": {"row": 1, "col": 29, "walk_min": 53.2, "nearest_station_id": "kr_298", "nearest_station_name": "Irwon", "a": 6, "A": "90-120", "a_inv": 1, "b": 6, "B": "90-120", "b_inv": 1, "c": 6, "C": "90-120", "c_inv": 1, "d": 6, "D": "90-120", "d_inv": 1, "e": 5, "E": "60-90", "e_inv": 2, "f": 5, "F": "60-90", "f_inv": 2, "g": 6, "G": "90-120", "g_inv": 1, "h": 6, "H": "90-120", "h_inv": 1, "i": 5, "I": "60-90", "i_inv": 2, "j": 5, "J": "60-90", "j_inv": 2, "k": 5, "K": "60-90", "k_inv": 2, "l": 5, "L": "60-90", "l_inv": 2, "m": 5, "M": "60-90", "m_inv": 2, "n": 5, "N": "60-90", "n_inv": 2, "o": 6, "O": "90-120", "o_inv": 1, "p": 6, "P": "90-120", "p_inv": 1}}, {"type": "Feature", "geometry": {"type": "Point", "coordinates": [127.085404, 37.472704]}, "properties": {"row": 0, "col": 30, "walk_min": 50.8, "nearest_station_id": "kr_298", "nearest_station_name": "Irwon", "a": 6, "A": "90-120", "a_inv": 1, "b": 6, "B": "90-120", "b_inv": 1, "c": 6, "C": "90-120", "c_inv": 1, "d": 6, "D": "90-120", "d_inv": 1, "e": 5, "E": "60-90", "e_inv": 2, "f": 5, "F": "60-90", "f_inv": 2, "g": 6, "G": "90-120", "g_inv": 1, "h": 6, "H": "90-120", "h_inv": 1, "i": 5, "I": "60-90", "i_inv": 2, "j": 5, "J": "60-90", "j_inv": 2, "k": 5, "K": "60-90", "k_inv": 2, "l": 5, "L": "60-90", "l_inv": 2, "m": 5, "M": "60-90", "m_inv": 2, "n": 5, "N": "60-90", "n_inv": 2, "o": 6, "O": "90-120", "o_inv": 1, "p": 6, "P": "90-120", "p_inv": 1}}, {"type": "Feature", "geometry": {"type": "Point", "coordinates": [126.88946000000001, 37.614594]}, "properties": {"row": 21, "col": 1, "walk_min": 53.1, "nearest_station_id": "kr_390", "nearest_station_name": "\uad6c\uc0b0", "a": 5, "A": "60-90", "a_inv": 2, "b": 5, "B": "60-90", "b_inv": 2, "c": 5, "C": "60-90", "c_inv": 2, "d": 5, "D": "60-90", "d_inv": 2, "e": 6, "E": "90-120", "e_inv": 1, "f": 6, "F": "90-120", "f_inv": 1, "g": 5, "G": "60-90", "g_inv": 2, "h": 5, "H": "60-90", "h_inv": 2, "i": 6, "I": "90-120", "i_inv": 1, "j": 6, "J": "90-120", "j_inv": 1, "k": 6, "K": "90-120", "k_inv": 1, "l": 6, "L": "90-120", "l_inv": 1, "m": 6, "M": "90-120", "m_inv": 1, "n": 6, "N": "90-120", "n_inv": 1, "o": 6, "O": "90-120", "o_inv": 1, "p": 6, "P": "90-120", "p_inv": 1}}, {"type": "Feature", "geometry": {"type": "Point", "coordinates": [126.875944, 37.58081]}, "properties": {"row": 16, "col": -1, "walk_min": 56.2, "nearest_station_id": "kr_327", "nearest_station_name": "\ub514\uc9c0\ud138\ubbf8\ub514\uc5b4\uc2dc\ud2f0", "a": 5, "A": "60-90", "a_inv": 2, "b": 5, "B": "60-90", "b_inv": 2, "c": 5, "C": "60-90", "c_inv": 2, "d": 5, "D": "60-90", "d_inv": 2, "e": 6, "E": "90-120", "e_inv": 1, "f": 6, "F": "90-120", "f_inv": 1, "g": 6, "G": "90-120", "g_inv": 1, "h": 6, "H": "90-120", "h_inv": 1, "i": 6, "I": "90-120", "i_inv": 1, "j": 6, "J": "90-120", "j_inv": 1, "k": 6, "K": "90-120", "k_inv": 1, "l": 6, "L": "90-120", "l_inv": 1, "m": 6, "M": "90-120", "m_inv": 1, "n": 6, "N": "90-120", "n_inv": 1, "o": 6, "O": "90-120", "o_inv": 1, "p": 6, "P": "90-120", "p_inv": 1}}, {"type": "Feature", "geometry": {"type": "Point", "coordinates": [126.957024, 37.614594]}, "properties": {"row": 21, "col": 11, "walk_min": 55.1, "nearest_station_id": "kr_409", "nearest_station_name": "\ub3c5\ubc14\uc704", "a": 5, "A": "60-90", "a_inv": 2, "b": 5, "B": "60-90", "b_inv": 2, "c": 5, "C": "60-90", "c_inv": 2, "d": 5, "D": "60-90", "d_inv": 2, "e": 6, "E": "90-120", "e_inv": 1, "f": 6, "F": "90-120", "f_inv": 1, "g": 5, "G": "60-90", "g_inv": 2, "h": 5, "H": "60-90", "h_inv": 2, "i": 6, "I": "90-120", "i_inv": 1, "j": 6, "J": "90-120", "j_inv": 1, "k": 6, "K": "90-120", "k_inv": 1, "l": 6, "L": "90-120", "l_inv": 1, "m": 6, "M": "90-120", "m_inv": 1, "n": 6, "N": "90-120", "n_inv": 1, "o": 6, "O": "90-120", "o_inv": 1, "p": 6, "P": "90-120", "p_inv": 1}}, {"type": "Feature", "geometry": {"type": "Point", "coordinates": [126.977294, 37.607839999999996]}, "properties": {"row": 20, "col": 14, "walk_min": 60.2, "nearest_station_id": "kr_061", "nearest_station_name": "Hansung Univ. (Samseongyo)", "a": 5, "A": "60-90", "a_inv": 2, "b": 5, "B": "60-90", "b_inv": 2, "c": 5, "C": "60-90", "c_inv": 2, "d": 5, "D": "60-90", "d_inv": 2, "e": 5, "E": "60-90", "e_inv": 2, "f": 5, "F": "60-90", "f_inv": 2, "g": 5, "G": "60-90", "g_inv": 2, "h": 5, "H": "60-90", "h_inv": 2, "i": 6, "I": "90-120", "i_inv": 1, "j": 6, "J": "90-120", "j_inv": 1, "k": 6, "K": "90-120", "k_inv": 1, "l": 6, "L": "90-120", "l_inv": 1, "m": 5, "M": "60-90", "m_inv": 2, "n": 5, "N": "60-90", "n_inv": 2, "o": 5, "O": "60-90", "o_inv": 2, "p": 5, "P": "60-90", "p_inv": 2}}, {"type": "Feature", "geometry": {"type": "Point", "coordinates": [126.875944, 37.594324]}, "properties": {"row": 18, "col": -1, "walk_min": 54.9, "nearest_station_id": "kr_327", "nearest_station_name": "\ub514\uc9c0\ud138\ubbf8\ub514\uc5b4\uc2dc\ud2f0", "a": 5, "A": "60-90", "a_inv": 2, "b": 5, "B": "60-90", "b_inv": 2, "c": 5, "C": "60-90", "c_inv": 2, "d": 5, "D": "60-90", "d_inv": 2, "e": 6, "E": "90-120", "e_inv": 1, "f": 6, "F": "90-120", "f_inv": 1, "g": 6, "G": "90-120", "g_inv": 1, "h": 6, "H": "90-120", "h_inv": 1, "i": 6, "I": "90-120", "i_inv": 1, "j": 6, "J": "90-120", "j_inv": 1, "k": 6, "K": "90-120", "k_inv": 1, "l": 6, "L": "90-120", "l_inv": 1, "m": 6, "M": "90-120", "m_inv": 1, "n": 6, "N": "90-120", "n_inv": 1, "o": 6, "O": "90-120", "o_inv": 1, "p": 6, "P": "90-120", "p_inv": 1}}, {"type": "Feature", "geometry": {"type": "Point", "coordinates": [126.97054, 37.607839999999996]}, "properties": {"row": 20, "col": 13, "walk_min": 63.9, "nearest_station_id": "kr_080", "nearest_station_name": "\ub179\ubc88", "a": 5, "A": "60-90", "a_inv": 2, "b": 5, "B": "60-90", "b_inv": 2, "c": 5, "C": "60-90", "c_inv": 2, "d": 5, "D": "60-90", "d_inv": 2, "e": 6, "E": "90-120", "e_inv": 1, "f": 6, "F": "90-120", "f_inv": 1, "g": 5, "G": "60-90", "g_inv": 2, "h": 5, "H": "60-90", "h_inv": 2, "i": 6, "I": "90-120", "i_inv": 1, "j": 6, "J": "90-120", "j_inv": 1, "k": 6, "K": "90-120", "k_inv": 1, "l": 6, "L": "90-120", "l_inv": 1, "m": 6, "M": "90-120", "m_inv": 1, "n": 6, "N": "90-120", "n_inv": 1, "o": 6, "O": "90-120", "o_inv": 1, "p": 6, "P": "90-120", "p_inv": 1}}, {"type": "Feature", "geometry": {"type": "Point", "coordinates": [126.96378399999999, 37.607839999999996]}, "properties": {"row": 20, "col": 12, "walk_min": 61.6, "nearest_station_id": "kr_080", "nearest_station_name": "\ub179\ubc88", "a": 5, "A": "60-90", "a_inv": 2, "b": 5, "B": "60-90", "b_inv": 2, "c": 5, "C": "60-90", "c_inv": 2, "d": 5, "D": "60-90", "d_inv": 2, "e": 6, "E": "90-120", "e_inv": 1, "f": 6, "F": "90-120", "f_inv": 1, "g": 5, "G": "60-90", "g_inv": 2, "h": 5, "H": "60-90", "h_inv": 2, "i": 6, "I": "90-120", "i_inv": 1, "j": 6, "J": "90-120", "j_inv": 1, "k": 6, "K": "90-120", "k_inv": 1, "l": 6, "L": "90-120", "l_inv": 1, "m": 6, "M": "90-120", "m_inv": 1, "n": 6, "N": "90-120", "n_inv": 1, "o": 6, "O": "90-120", "o_inv": 1, "p": 6, "P": "90-120", "p_inv": 1}}, {"type": "Feature", "geometry": {"type": "Point", "coordinates": [126.99081000000001, 37.614594]}, "properties": {"row": 21, "col": 16, "walk_min": 57.0, "nearest_station_id": "kr_082", "nearest_station_name": "Gireum", "a": 5, "A": "60-90", "a_inv": 2, "b": 5, "B": "60-90", "b_inv": 2, "c": 5, "C": "60-90", "c_inv": 2, "d": 5, "D": "60-90", "d_inv": 2, "e": 5, "E": "60-90", "e_inv": 2, "f": 5, "F": "60-90", "f_inv": 2, "g": 5, "G": "60-90", "g_inv": 2, "h": 5, "H": "60-90", "h_inv": 2, "i": 6, "I": "90-120", "i_inv": 1, "j": 6, "J": "90-120", "j_inv": 1, "k": 6, "K": "90-120", "k_inv": 1, "l": 6, "L": "90-120", "l_inv": 1, "m": 5, "M": "60-90", "m_inv": 2, "n": 5, "N": "60-90", "n_inv": 2, "o": 5, "O": "60-90", "o_inv": 2, "p": 5, "P": "60-90", "p_inv": 2}}, {"type": "Feature", "geometry": {"type": "Point", "coordinates": [126.875944, 37.567294000000004]}, "properties": {"row": 14, "col": -1, "walk_min": 58.2, "nearest_station_id": "kr_419", "nearest_station_name": "Jeungmi", "a": 5, "A": "60-90", "a_inv": 2, "b": 5, "B": "60-90", "b_inv": 2, "c": 5, "C": "60-90", "c_inv": 2, "d": 5, "D": "60-90", "d_inv": 2, "e": 6, "E": "90-120", "e_inv": 1, "f": 6, "F": "90-120", "f_inv": 1, "g": 6, "G": "90-120", "g_inv": 1, "h": 6, "H": "90-120", "h_inv": 1, "i": 6, "I": "90-120", "i_inv": 1, "j": 6, "J": "90-120", "j_inv": 1, "k": 6, "K": "90-120", "k_inv": 1, "l": 6, "L": "90-120", "l_inv": 1, "m": 6, "M": "90-120", "m_inv": 1, "n": 6, "N": "90-120", "n_inv": 1, "o": 5, "O": "60-90", "o_inv": 2, "p": 5, "P": "60-90", "p_inv": 2}}, {"type": "Feature", "geometry": {"type": "Point", "coordinates": [126.95027, 37.621354000000004]}, "properties": {"row": 22, "col": 10, "walk_min": 57.4, "nearest_station_id": "kr_409", "nearest_station_name": "\ub3c5\ubc14\uc704", "a": 5, "A": "60-90", "a_inv": 2, "b": 5, "B": "60-90", "b_inv": 2, "c": 5, "C": "60-90", "c_inv": 2, "d": 5, "D": "60-90", "d_inv": 2, "e": 6, "E": "90-120", "e_inv": 1, "f": 6, "F": "90-120", "f_inv": 1, "g": 5, "G": "60-90", "g_inv": 2, "h": 5, "H": "60-90", "h_inv": 2, "i": 6, "I": "90-120", "i_inv": 1, "j": 6, "J": "90-120", "j_inv": 1, "k": 6, "K": "90-120", "k_inv": 1, "l": 6, "L": "90-120", "l_inv": 1, "m": 6, "M": "90-120", "m_inv": 1, "n": 6, "N": "90-120", "n_inv": 1, "o": 6, "O": "90-120", "o_inv": 1, "p": 6, "P": "90-120", "p_inv": 1}}, {"type": "Feature", "geometry": {"type": "Point", "coordinates": [127.085404, 37.479459999999996]}, "properties": {"row": 1, "col": 30, "walk_min": 61.5, "nearest_station_id": "kr_298", "nearest_station_name": "Irwon", "a": 6, "A": "90-120", "a_inv": 1, "b": 6, "B": "90-120", "b_inv": 1, "c": 6, "C": "90-120", "c_inv": 1, "d": 6, "D": "90-120", "d_inv": 1, "e": 5, "E": "60-90", "e_inv": 2, "f": 5, "F": "60-90", "f_inv": 2, "g": 6, "G": "90-120", "g_inv": 1, "h": 6, "H": "90-120", "h_inv": 1, "i": 5, "I": "60-90", "i_inv": 2, "j": 5, "J": "60-90", "j_inv": 2, "k": 5, "K": "60-90", "k_inv": 2, "l": 5, "L": "60-90", "l_inv": 2, "m": 6, "M": "90-120", "m_inv": 1, "n": 6, "N": "90-120", "n_inv": 1, "o": 6, "O": "90-120", "o_inv": 1, "p": 6, "P": "90-120", "p_inv": 1}}, {"type": "Feature", "geometry": {"type": "Point", "coordinates": [126.875944, 37.574054000000004]}, "properties": {"row": 15, "col": -1, "walk_min": 63.4, "nearest_station_id": "kr_293", "nearest_station_name": "\uc6d4\ub4dc\ucef5\uacbd\uae30\uc7a5", "a": 5, "A": "60-90", "a_inv": 2, "b": 5, "B": "60-90", "b_inv": 2, "c": 6, "C": "90-120", "c_inv": 1, "d": 6, "D": "90-120", "d_inv": 1, "e": 6, "E": "90-120", "e_inv": 1, "f": 6, "F": "90-120", "f_inv": 1, "g": 6, "G": "90-120", "g_inv": 1, "h": 6, "H": "90-120", "h_inv": 1, "i": 6, "I": "90-120", "i_inv": 1, "j": 6, "J": "90-120", "j_inv": 1, "k": 6, "K": "90-120", "k_inv": 1, "l": 6, "L": "90-120", "l_inv": 1, "m": 6, "M": "90-120", "m_inv": 1, "n": 6, "N": "90-120", "n_inv": 1, "o": 6, "O": "90-120", "o_inv": 1, "p": 6, "P": "90-120", "p_inv": 1}}, {"type": "Feature", "geometry": {"type": "Point", "coordinates": [126.98405400000001, 37.614594]}, "properties": {"row": 21, "col": 15, "walk_min": 59.4, "nearest_station_id": "kr_061", "nearest_station_name": "Hansung Univ. (Samseongyo)", "a": 5, "A": "60-90", "a_inv": 2, "b": 5, "B": "60-90", "b_inv": 2, "c": 5, "C": "60-90", "c_inv": 2, "d": 5, "D": "60-90", "d_inv": 2, "e": 5, "E": "60-90", "e_inv": 2, "f": 5, "F": "60-90", "f_inv": 2, "g": 5, "G": "60-90", "g_inv": 2, "h": 5, "H": "60-90", "h_inv": 2, "i": 6, "I": "90-120", "i_inv": 1, "j": 6, "J": "90-120", "j_inv": 1, "k": 6, "K": "90-120", "k_inv": 1, "l": 6, "L": "90-120", "l_inv": 1, "m": 5, "M": "60-90", "m_inv": 2, "n": 5, "N": "60-90", "n_inv": 2, "o": 5, "O": "60-90", "o_inv": 2, "p": 5, "P": "60-90", "p_inv": 2}}, {"type": "Feature", "geometry": {"type": "Point", "coordinates": [126.86919, 37.574054000000004]}, "properties": {"row": 15, "col": -2, "walk_min": 66.6, "nearest_station_id": "kr_102", "nearest_station_name": "Gayang", "a": 6, "A": "90-120", "a_inv": 1, "b": 6, "B": "90-120", "b_inv": 1, "c": 6, "C": "90-120", "c_inv": 1, "d": 6, "D": "90-120", "d_inv": 1, "e": 6, "E": "90-120", "e_inv": 1, "f": 6, "F": "90-120", "f_inv": 1, "g": 6, "G": "90-120", "g_inv": 1, "h": 6, "H": "90-120", "h_inv": 1, "i": 6, "I": "90-120", "i_inv": 1, "j": 6, "J": "90-120", "j_inv": 1, "k": 6, "K": "90-120", "k_inv": 1, "l": 6, "L": "90-120", "l_inv": 1, "m": 6, "M": "90-120", "m_inv": 1, "n": 6, "N": "90-120", "n_inv": 1, "o": 5, "O": "60-90", "o_inv": 2, "p": 5, "P": "60-90", "p_inv": 2}}, {"type": "Feature", "geometry": {"type": "Point", "coordinates": [126.96378399999999, 37.614594]}, "properties": {"row": 21, "col": 12, "walk_min": 69.7, "nearest_station_id": "kr_409", "nearest_station_name": "\ub3c5\ubc14\uc704", "a": 6, "A": "90-120", "a_inv": 1, "b": 6, "B": "90-120", "b_inv": 1, "c": 6, "C": "90-120", "c_inv": 1, "d": 6, "D": "90-120", "d_inv": 1, "e": 6, "E": "90-120", "e_inv": 1, "f": 6, "F": "90-120", "f_inv": 1, "g": 6, "G": "90-120", "g_inv": 1, "h": 6, "H": "90-120", "h_inv": 1, "i": 6, "I": "90-120", "i_inv": 1, "j": 6, "J": "90-120", "j_inv": 1, "k": 6, "K": "90-120", "k_inv": 1, "l": 6, "L": "90-120", "l_inv": 1, "m": 6, "M": "90-120", "m_inv": 1, "n": 6, "N": "90-120", "n_inv": 1, "o": 6, "O": "90-120", "o_inv": 1, "p": 6, "P": "90-120", "p_inv": 1}}, {"type": "Feature", "geometry": {"type": "Point", "coordinates": [126.97054, 37.614594]}, "properties": {"row": 21, "col": 13, "walk_min": 75.2, "nearest_station_id": "kr_409", "nearest_station_name": "\ub3c5\ubc14\uc704", "a": 6, "A": "90-120", "a_inv": 1, "b": 6, "B": "90-120", "b_inv": 1, "c": 6, "C": "90-120", "c_inv": 1, "d": 6, "D": "90-120", "d_inv": 1, "e": 6, "E": "90-120", "e_inv": 1, "f": 6, "F": "90-120", "f_inv": 1, "g": 6, "G": "90-120", "g_inv": 1, "h": 6, "H": "90-120", "h_inv": 1, "i": 6, "I": "90-120", "i_inv": 1, "j": 6, "J": "90-120", "j_inv": 1, "k": 7, "K": "120+", "k_inv": 0, "l": 7, "L": "120+", "l_inv": 0, "m": 6, "M": "90-120", "m_inv": 1, "n": 6, "N": "90-120", "n_inv": 1, "o": 6, "O": "90-120", "o_inv": 1, "p": 6, "P": "90-120", "p_inv": 1}}, {"type": "Feature", "geometry": {"type": "Point", "coordinates": [126.96378399999999, 37.621354000000004]}, "properties": {"row": 22, "col": 12, "walk_min": 76.8, "nearest_station_id": "kr_409", "nearest_station_name": "\ub3c5\ubc14\uc704", "a": 6, "A": "90-120", "a_inv": 1, "b": 6, "B": "90-120", "b_inv": 1, "c": 6, "C": "90-120", "c_inv": 1, "d": 6, "D": "90-120", "d_inv": 1, "e": 7, "E": "120+", "e_inv": 0, "f": 7, "F": "120+", "f_inv": 0, "g": 6, "G": "90-120", "g_inv": 1, "h": 6, "H": "90-120", "h_inv": 1, "i": 7, "I": "120+", "i_inv": 0, "j": 7, "J": "120+", "j_inv": 0, "k": 7, "K": "120+", "k_inv": 0, "l": 7, "L": "120+", "l_inv": 0, "m": 6, "M": "90-120", "m_inv": 1, "n": 6, "N": "90-120", "n_inv": 1, "o": 6, "O": "90-120", "o_inv": 1, "p": 6, "P": "90-120", "p_inv": 1}}, {"type": "Feature", "geometry": {"type": "Point", "coordinates": [126.97054, 37.621354000000004]}, "properties": {"row": 22, "col": 13, "walk_min": 84.7, "nearest_station_id": "kr_409", "nearest_station_name": "\ub3c5\ubc14\uc704", "a": 6, "A": "90-120", "a_inv": 1, "b": 6, "B": "90-120", "b_inv": 1, "c": 6, "C": "90-120", "c_inv": 1, "d": 6, "D": "90-120", "d_inv": 1, "e": 7, "E": "120+", "e_inv": 0, "f": 7, "F": "120+", "f_inv": 0, "g": 6, "G": "90-120", "g_inv": 1, "h": 6, "H": "90-120", "h_inv": 1, "i": 7, "I": "120+", "i_inv": 0, "j": 7, "J": "120+", "j_inv": 0, "k": 7, "K": "120+", "k_inv": 0, "l": 7, "L": "120+", "l_inv": 0, "m": 7, "M": "120+", "m_inv": 0, "n": 7, "N": "120+", "n_inv": 0, "o": 6, "O": "90-120", "o_inv": 1, "p": 6, "P": "90-120", "p_inv": 1}}, {"type": "Feature", "geometry": {"type": "Point", "coordinates": [126.97054, 37.62811000000001]}, "properties": {"row": 23, "col": 13, "walk_min": 91.3, "nearest_station_id": "kr_409", "nearest_station_name": "\ub3c5\ubc14\uc704", "a": 6, "A": "90-120", "a_inv": 1, "b": 6, "B": "90-120", "b_inv": 1, "c": 6, "C": "90-120", "c_inv": 1, "d": 6, "D": "90-120", "d_inv": 1, "e": 7, "E": "120+", "e_inv": 0, "f": 7, "F": "120+", "f_inv": 0, "g": 7, "G": "120+", "g_inv": 0, "h": 7, "H": "120+", "h_inv": 0, "i": 7, "I": "120+", "i_inv": 0, "j": 7, "J": "120+", "j_inv": 0, "k": 7, "K": "120+", "k_inv": 0, "l": 7, "L": "120+", "l_inv": 0, "m": 7, "M": "120+", "m_inv": 0, "n": 7, "N": "120+", "n_inv": 0, "o": 7, "O": "120+", "o_inv": 0, "p": 7, "P": "120+", "p_inv": 0}}, {"type": "Feature", "geometry": {"type": "Point", "coordinates": [126.977294, 37.62811000000001]}, "properties": {"row": 23, "col": 14, "walk_min": 96.3, "nearest_station_id": "kr_409", "nearest_station_name": "\ub3c5\ubc14\uc704", "a": 7, "A": "120+", "a_inv": 0, "b": 7, "B": "120+", "b_inv": 0, "c": 6, "C": "90-120", "c_inv": 1, "d": 6, "D": "90-120", "d_inv": 1, "e": 7, "E": "120+", "e_inv": 0, "f": 7, "F": "120+", "f_inv": 0, "g": 7, "G": "120+", "g_inv": 0, "h": 7, "H": "120+", "h_inv": 0, "i": 7, "I": "120+", "i_inv": 0, "j": 7, "J": "120+", "j_inv": 0, "k": 7, "K": "120+", "k_inv": 0, "l": 7, "L": "120+", "l_inv": 0, "m": 7, "M": "120+", "m_inv": 0, "n": 7, "N": "120+", "n_inv": 0, "o": 7, "O": "120+", "o_inv": 0, "p": 7, "P": "120+", "p_inv": 0}}]}