{"type": "FeatureCollection", "meta": {"dataset": "kr_station_stress", "built": "2026-07-28", "transit_stress": "betweenness centrality (unweighted) on the 471-node/587-edge Seoul subway graph (kr_stations + network.geojson), min-max normalized 0-100, quintile tier (very-low..very-high = least..most transit-critical/congested).", "walk_stress": "HONEST PROXY, coordinates only: station_density_800m = count of OTHER stations within 800m great-circle distance. walk_stress_score = 100 - minmax(density). Fewer nearby stations -> higher walk stress (fewer walkable alternates). NOT based on sidewalks/terrain/pedestrian network."}, "features": [{"type": "Feature", "geometry": {"type": "Point", "coordinates": [126.90723, 37.51553]}, "properties": {"id": "kr_001", "name": "Yeongdeungpo", "district": "Yeongdeungpo-gu", "transit_stress_score": 100.0, "transit_stress_tier": "very-high", "walk_stress_score": 100.0, "walk_stress_tier": "mid", "reach_min_seoul_station_subway": 14, "reach_bucket_seoul_station_subway": "10-20", "reach_min_seoul_station_rail": 14, "reach_bucket_seoul_station_rail": "10-20", "reach_min_city_hall_subway": 16, "reach_bucket_city_hall_subway": "10-20", "reach_min_city_hall_rail": 16, "reach_bucket_city_hall_rail": "10-20", "reach_min_gangnam_subway": 23, "reach_bucket_gangnam_subway": "20-30", "reach_min_gangnam_rail": 23, "reach_bucket_gangnam_rail": "20-30", "reach_min_wangsimni_subway": 28, "reach_bucket_wangsimni_subway": "20-30", "reach_min_wangsimni_rail": 28, "reach_bucket_wangsimni_rail": "20-30", "reach_min_sadang_subway": 19, "reach_bucket_sadang_subway": "10-20", "reach_min_sadang_rail": 19, "reach_bucket_sadang_rail": "10-20", "reach_min_jamsil_subway": 36, "reach_bucket_jamsil_subway": "30-45", "reach_min_jamsil_rail": 36, "reach_bucket_jamsil_rail": "30-45", "reach_min_konkuk_subway": 37, "reach_bucket_konkuk_subway": "30-45", "reach_min_konkuk_rail": 37, "reach_bucket_konkuk_rail": "30-45", "reach_min_hongik_subway": 16, "reach_bucket_hongik_subway": "10-20", "reach_min_hongik_rail": 16, "reach_bucket_hongik_rail": "10-20"}}, {"type": "Feature", "geometry": {"type": "Point", "coordinates": [127.00489, 37.50495]}, "properties": {"id": "kr_002", "name": "Express Bus Terminal", "district": "Seocho-gu", "transit_stress_score": 67.3, "transit_stress_tier": "very-high", "walk_stress_score": 75.0, "walk_stress_tier": "very-low", "reach_min_seoul_station_subway": 18, "reach_bucket_seoul_station_subway": "10-20", "reach_min_seoul_station_rail": 18, "reach_bucket_seoul_station_rail": "10-20", "reach_min_city_hall_subway": 21, "reach_bucket_city_hall_subway": "20-30", "reach_min_city_hall_rail": 21, "reach_bucket_city_hall_rail": "20-30", "reach_min_gangnam_subway": 6, "reach_bucket_gangnam_subway": "<10", "reach_min_gangnam_rail": 6, "reach_bucket_gangnam_rail": "<10", "reach_min_wangsimni_subway": 23, "reach_bucket_wangsimni_subway": "20-30", "reach_min_wangsimni_rail": 23, "reach_bucket_wangsimni_rail": "20-30", "reach_min_sadang_subway": 11, "reach_bucket_sadang_subway": "10-20", "reach_min_sadang_rail": 11, "reach_bucket_sadang_rail": "10-20", "reach_min_jamsil_subway": 19, "reach_bucket_jamsil_subway": "10-20", "reach_min_jamsil_rail": 19, "reach_bucket_jamsil_rail": "10-20", "reach_min_konkuk_subway": 30, "reach_bucket_konkuk_subway": "30-45", "reach_min_konkuk_rail": 30, "reach_bucket_konkuk_rail": "30-45", "reach_min_hongik_subway": 27, "reach_bucket_hongik_subway": "20-30", "reach_min_hongik_rail": 27, "reach_bucket_hongik_rail": "20-30"}}, {"type": "Feature", "geometry": {"type": "Point", "coordinates": [126.97941, 37.50294]}, "properties": {"id": "kr_003", "name": "Dongjak", "district": "Dongjak-gu", "transit_stress_score": 65.5, "transit_stress_tier": "very-high", "walk_stress_score": 87.5, "walk_stress_tier": "very-low", "reach_min_seoul_station_subway": 14, "reach_bucket_seoul_station_subway": "10-20", "reach_min_seoul_station_rail": 14, "reach_bucket_seoul_station_rail": "10-20", "reach_min_city_hall_subway": 16, "reach_bucket_city_hall_subway": "10-20", "reach_min_city_hall_rail": 16, "reach_bucket_city_hall_rail": "10-20", "reach_min_gangnam_subway": 10, "reach_bucket_gangnam_subway": "10-20", "reach_min_gangnam_rail": 10, "reach_bucket_gangnam_rail": "10-20", "reach_min_wangsimni_subway": 27, "reach_bucket_wangsimni_subway": "20-30", "reach_min_wangsimni_rail": 27, "reach_bucket_wangsimni_rail": "20-30", "reach_min_sadang_subway": 6, "reach_bucket_sadang_subway": "<10", "reach_min_sadang_rail": 6, "reach_bucket_sadang_rail": "<10", "reach_min_jamsil_subway": 23, "reach_bucket_jamsil_subway": "20-30", "reach_min_jamsil_rail": 23, "reach_bucket_jamsil_rail": "20-30", "reach_min_konkuk_subway": 34, "reach_bucket_konkuk_subway": "30-45", "reach_min_konkuk_rail": 34, "reach_bucket_konkuk_rail": "30-45", "reach_min_hongik_subway": 22, "reach_bucket_hongik_subway": "20-30", "reach_min_hongik_rail": 22, "reach_bucket_hongik_rail": "20-30"}}, {"type": "Feature", "geometry": {"type": "Point", "coordinates": [126.94159, 37.51394]}, "properties": {"id": "kr_004", "name": "Noryangjin", "district": "Dongjak-gu", "transit_stress_score": 65.4, "transit_stress_tier": "very-high", "walk_stress_score": 100.0, "walk_stress_tier": "mid", "reach_min_seoul_station_subway": 12, "reach_bucket_seoul_station_subway": "10-20", "reach_min_seoul_station_rail": 12, "reach_bucket_seoul_station_rail": "10-20", "reach_min_city_hall_subway": 14, "reach_bucket_city_hall_subway": "10-20", "reach_min_city_hall_rail": 14, "reach_bucket_city_hall_rail": "10-20", "reach_min_gangnam_subway": 17, "reach_bucket_gangnam_subway": "10-20", "reach_min_gangnam_rail": 17, "reach_bucket_gangnam_rail": "10-20", "reach_min_wangsimni_subway": 26, "reach_bucket_wangsimni_subway": "20-30", "reach_min_wangsimni_rail": 26, "reach_bucket_wangsimni_rail": "20-30", "reach_min_sadang_subway": 13, "reach_bucket_sadang_subway": "10-20", "reach_min_sadang_rail": 13, "reach_bucket_sadang_rail": "10-20", "reach_min_jamsil_subway": 30, "reach_bucket_jamsil_subway": "30-45", "reach_min_jamsil_rail": 30, "reach_bucket_jamsil_rail": "30-45", "reach_min_konkuk_subway": 35, "reach_bucket_konkuk_subway": "30-45", "reach_min_konkuk_rail": 35, "reach_bucket_konkuk_rail": "30-45", "reach_min_hongik_subway": 15, "reach_bucket_hongik_subway": "10-20", "reach_min_hongik_rail": 15, "reach_bucket_hongik_rail": "10-20"}}, {"type": "Feature", "geometry": {"type": "Point", "coordinates": [126.97234, 37.55433]}, "properties": {"id": "kr_005", "name": "Seoul Station", "district": "Yongsan-gu", "transit_stress_score": 63.2, "transit_stress_tier": "very-high", "walk_stress_score": 87.5, "walk_stress_tier": "very-low", "reach_min_seoul_station_subway": 0, "reach_bucket_seoul_station_subway": "<10", "reach_min_seoul_station_rail": 0, "reach_bucket_seoul_station_rail": "<10", "reach_min_city_hall_subway": 3, "reach_bucket_city_hall_subway": "<10", "reach_min_city_hall_rail": 3, "reach_bucket_city_hall_rail": "<10", "reach_min_gangnam_subway": 24, "reach_bucket_gangnam_subway": "20-30", "reach_min_gangnam_rail": 24, "reach_bucket_gangnam_rail": "20-30", "reach_min_wangsimni_subway": 15, "reach_bucket_wangsimni_subway": "10-20", "reach_min_wangsimni_rail": 15, "reach_bucket_wangsimni_rail": "10-20", "reach_min_sadang_subway": 20, "reach_bucket_sadang_subway": "20-30", "reach_min_sadang_rail": 20, "reach_bucket_sadang_rail": "20-30", "reach_min_jamsil_subway": 35, "reach_bucket_jamsil_subway": "30-45", "reach_min_jamsil_rail": 35, "reach_bucket_jamsil_rail": "30-45", "reach_min_konkuk_subway": 24, "reach_bucket_konkuk_subway": "20-30", "reach_min_konkuk_rail": 24, "reach_bucket_konkuk_rail": "20-30", "reach_min_hongik_subway": 14, "reach_bucket_hongik_subway": "10-20", "reach_min_hongik_rail": 14, "reach_bucket_hongik_rail": "10-20"}}, {"type": "Feature", "geometry": {"type": "Point", "coordinates": [127.02466, 37.50413]}, "properties": {"id": "kr_006", "name": "Sinnonhyeon", "district": "Gangnam-gu", "transit_stress_score": 50.5, "transit_stress_tier": "very-high", "walk_stress_score": 75.0, "walk_stress_tier": "very-low", "reach_min_seoul_station_subway": 22, "reach_bucket_seoul_station_subway": "20-30", "reach_min_seoul_station_rail": 22, "reach_bucket_seoul_station_rail": "20-30", "reach_min_city_hall_subway": 24, "reach_bucket_city_hall_subway": "20-30", "reach_min_city_hall_rail": 24, "reach_bucket_city_hall_rail": "20-30", "reach_min_gangnam_subway": 2, "reach_bucket_gangnam_subway": "<10", "reach_min_gangnam_rail": 2, "reach_bucket_gangnam_rail": "<10", "reach_min_wangsimni_subway": 22, "reach_bucket_wangsimni_subway": "20-30", "reach_min_wangsimni_rail": 22, "reach_bucket_wangsimni_rail": "20-30", "reach_min_sadang_subway": 13, "reach_bucket_sadang_subway": "10-20", "reach_min_sadang_rail": 13, "reach_bucket_sadang_rail": "10-20", "reach_min_jamsil_subway": 15, "reach_bucket_jamsil_subway": "10-20", "reach_min_jamsil_rail": 15, "reach_bucket_jamsil_rail": "10-20", "reach_min_konkuk_subway": 26, "reach_bucket_konkuk_subway": "20-30", "reach_min_konkuk_rail": 26, "reach_bucket_konkuk_rail": "20-30", "reach_min_hongik_subway": 30, "reach_bucket_hongik_subway": "30-45", "reach_min_hongik_rail": 30, "reach_bucket_hongik_rail": "30-45"}}, {"type": "Feature", "geometry": {"type": "Point", "coordinates": [126.99154, 37.57166]}, "properties": {"id": "kr_007", "name": "Jongno 3(sam)-ga", "district": "Jongno-gu", "transit_stress_score": 47.5, "transit_stress_tier": "very-high", "walk_stress_score": 25.0, "walk_stress_tier": "very-low", "reach_min_seoul_station_subway": 7, "reach_bucket_seoul_station_subway": "<10", "reach_min_seoul_station_rail": 7, "reach_bucket_seoul_station_rail": "<10", "reach_min_city_hall_subway": 4, "reach_bucket_city_hall_subway": "<10", "reach_min_city_hall_rail": 4, "reach_bucket_city_hall_rail": "<10", "reach_min_gangnam_subway": 24, "reach_bucket_gangnam_subway": "20-30", "reach_min_gangnam_rail": 24, "reach_bucket_gangnam_rail": "20-30", "reach_min_wangsimni_subway": 10, "reach_bucket_wangsimni_subway": "10-20", "reach_min_wangsimni_rail": 10, "reach_bucket_wangsimni_rail": "10-20", "reach_min_sadang_subway": 27, "reach_bucket_sadang_subway": "20-30", "reach_min_sadang_rail": 27, "reach_bucket_sadang_rail": "20-30", "reach_min_jamsil_subway": 31, "reach_bucket_jamsil_subway": "30-45", "reach_min_jamsil_rail": 31, "reach_bucket_jamsil_rail": "30-45", "reach_min_konkuk_subway": 19, "reach_bucket_konkuk_subway": "10-20", "reach_min_konkuk_rail": 19, "reach_bucket_konkuk_rail": "10-20", "reach_min_hongik_subway": 15, "reach_bucket_hongik_subway": "10-20", "reach_min_hongik_rail": 15, "reach_bucket_hongik_rail": "10-20"}}, {"type": "Feature", "geometry": {"type": "Point", "coordinates": [126.89402, 37.45556]}, "properties": {"id": "kr_008", "name": "Geumcheon-gu Office", "district": "Geumcheon-gu", "transit_stress_score": 46.5, "transit_stress_tier": "very-high", "walk_stress_score": 87.5, "walk_stress_tier": "very-low", "reach_min_seoul_station_subway": 26, "reach_bucket_seoul_station_subway": "20-30", "reach_min_seoul_station_rail": 26, "reach_bucket_seoul_station_rail": "20-30", "reach_min_city_hall_subway": 29, "reach_bucket_city_hall_subway": "20-30", "reach_min_city_hall_rail": 29, "reach_bucket_city_hall_rail": "20-30", "reach_min_gangnam_subway": 36, "reach_bucket_gangnam_subway": "30-45", "reach_min_gangnam_rail": 36, "reach_bucket_gangnam_rail": "30-45", "reach_min_wangsimni_subway": 41, "reach_bucket_wangsimni_subway": "30-45", "reach_min_wangsimni_rail": 41, "reach_bucket_wangsimni_rail": "30-45", "reach_min_sadang_subway": 32, "reach_bucket_sadang_subway": "30-45", "reach_min_sadang_rail": 32, "reach_bucket_sadang_rail": "30-45", "reach_min_jamsil_subway": 49, "reach_bucket_jamsil_subway": "45-60", "reach_min_jamsil_rail": 49, "reach_bucket_jamsil_rail": "45-60", "reach_min_konkuk_subway": 50, "reach_bucket_konkuk_subway": "45-60", "reach_min_konkuk_rail": 50, "reach_bucket_konkuk_rail": "45-60", "reach_min_hongik_subway": 27, "reach_bucket_hongik_subway": "20-30", "reach_min_hongik_rail": 27, "reach_bucket_hongik_rail": "20-30"}}, {"type": "Feature", "geometry": {"type": "Point", "coordinates": [127.00777, 37.56495]}, "properties": {"id": "kr_009", "name": "Dongdaemun History & Culture Park Station (DDP)", "district": "Jung-gu", "transit_stress_score": 44.0, "transit_stress_tier": "very-high", "walk_stress_score": 25.0, "walk_stress_tier": "very-low", "reach_min_seoul_station_subway": 8, "reach_bucket_seoul_station_subway": "<10", "reach_min_seoul_station_rail": 8, "reach_bucket_seoul_station_rail": "<10", "reach_min_city_hall_subway": 7, "reach_bucket_city_hall_subway": "<10", "reach_min_city_hall_rail": 7, "reach_bucket_city_hall_rail": "<10", "reach_min_gangnam_subway": 20, "reach_bucket_gangnam_subway": "20-30", "reach_min_gangnam_rail": 20, "reach_bucket_gangnam_rail": "20-30", "reach_min_wangsimni_subway": 6, "reach_bucket_wangsimni_subway": "<10", "reach_min_wangsimni_rail": 6, "reach_bucket_wangsimni_rail": "<10", "reach_min_sadang_subway": 28, "reach_bucket_sadang_subway": "20-30", "reach_min_sadang_rail": 28, "reach_bucket_sadang_rail": "20-30", "reach_min_jamsil_subway": 27, "reach_bucket_jamsil_subway": "20-30", "reach_min_jamsil_rail": 27, "reach_bucket_jamsil_rail": "20-30", "reach_min_konkuk_subway": 15, "reach_bucket_konkuk_subway": "10-20", "reach_min_konkuk_rail": 15, "reach_bucket_konkuk_rail": "10-20", "reach_min_hongik_subway": 18, "reach_bucket_hongik_subway": "10-20", "reach_min_hongik_rail": 18, "reach_bucket_hongik_rail": "10-20"}}, {"type": "Feature", "geometry": {"type": "Point", "coordinates": [126.92304, 37.40145]}, "properties": {"id": "kr_010", "name": "Anyang", "district": null, "transit_stress_score": 42.3, "transit_stress_tier": "very-high", "walk_stress_score": 100.0, "walk_stress_tier": "mid", "reach_min_seoul_station_subway": 39, "reach_bucket_seoul_station_subway": "30-45", "reach_min_seoul_station_rail": 39, "reach_bucket_seoul_station_rail": "30-45", "reach_min_city_hall_subway": 41, "reach_bucket_city_hall_subway": "30-45", "reach_min_city_hall_rail": 41, "reach_bucket_city_hall_rail": "30-45", "reach_min_gangnam_subway": 48, "reach_bucket_gangnam_subway": "45-60", "reach_min_gangnam_rail": 48, "reach_bucket_gangnam_rail": "45-60", "reach_min_wangsimni_subway": 53, "reach_bucket_wangsimni_subway": "45-60", "reach_min_wangsimni_rail": 53, "reach_bucket_wangsimni_rail": "45-60", "reach_min_sadang_subway": 39, "reach_bucket_sadang_subway": "30-45", "reach_min_sadang_rail": 39, "reach_bucket_sadang_rail": "30-45", "reach_min_jamsil_subway": 62, "reach_bucket_jamsil_subway": "60-90", "reach_min_jamsil_rail": 62, "reach_bucket_jamsil_rail": "60-90", "reach_min_konkuk_subway": 62, "reach_bucket_konkuk_subway": "60-90", "reach_min_konkuk_rail": 62, "reach_bucket_konkuk_rail": "60-90", "reach_min_hongik_subway": 39, "reach_bucket_hongik_subway": "30-45", "reach_min_hongik_rail": 39, "reach_bucket_hongik_rail": "30-45"}}, {"type": "Feature", "geometry": {"type": "Point", "coordinates": [127.01023, 37.57127]}, "properties": {"id": "kr_011", "name": "Dongdaemun", "district": "Jongno-gu", "transit_stress_score": 42.2, "transit_stress_tier": "very-high", "walk_stress_score": 25.0, "walk_stress_tier": "very-low", "reach_min_seoul_station_subway": 10, "reach_bucket_seoul_station_subway": "10-20", "reach_min_seoul_station_rail": 10, "reach_bucket_seoul_station_rail": "10-20", "reach_min_city_hall_subway": 8, "reach_bucket_city_hall_subway": "<10", "reach_min_city_hall_rail": 8, "reach_bucket_city_hall_rail": "<10", "reach_min_gangnam_subway": 22, "reach_bucket_gangnam_subway": "20-30", "reach_min_gangnam_rail": 22, "reach_bucket_gangnam_rail": "20-30", "reach_min_wangsimni_subway": 8, "reach_bucket_wangsimni_subway": "<10", "reach_min_wangsimni_rail": 8, "reach_bucket_wangsimni_rail": "<10", "reach_min_sadang_subway": 30, "reach_bucket_sadang_subway": "30-45", "reach_min_sadang_rail": 30, "reach_bucket_sadang_rail": "30-45", "reach_min_jamsil_subway": 28, "reach_bucket_jamsil_subway": "20-30", "reach_min_jamsil_rail": 28, "reach_bucket_jamsil_rail": "20-30", "reach_min_konkuk_subway": 17, "reach_bucket_konkuk_subway": "10-20", "reach_min_konkuk_rail": 17, "reach_bucket_konkuk_rail": "10-20", "reach_min_hongik_subway": 19, "reach_bucket_hongik_subway": "10-20", "reach_min_hongik_rail": 19, "reach_bucket_hongik_rail": "10-20"}}, {"type": "Feature", "geometry": {"type": "Point", "coordinates": [127.07511, 37.51122]}, "properties": {"id": "kr_012", "name": "Sports Complex", "district": "Songpa-gu", "transit_stress_score": 39.1, "transit_stress_tier": "very-high", "walk_stress_score": 100.0, "walk_stress_tier": "mid", "reach_min_seoul_station_subway": 32, "reach_bucket_seoul_station_subway": "30-45", "reach_min_seoul_station_rail": 32, "reach_bucket_seoul_station_rail": "30-45", "reach_min_city_hall_subway": 34, "reach_bucket_city_hall_subway": "30-45", "reach_min_city_hall_rail": 34, "reach_bucket_city_hall_rail": "30-45", "reach_min_gangnam_subway": 10, "reach_bucket_gangnam_subway": "10-20", "reach_min_gangnam_rail": 10, "reach_bucket_gangnam_rail": "10-20", "reach_min_wangsimni_subway": 25, "reach_bucket_wangsimni_subway": "20-30", "reach_min_wangsimni_rail": 25, "reach_bucket_wangsimni_rail": "20-30", "reach_min_sadang_subway": 21, "reach_bucket_sadang_subway": "20-30", "reach_min_sadang_rail": 21, "reach_bucket_sadang_rail": "20-30", "reach_min_jamsil_subway": 5, "reach_bucket_jamsil_subway": "<10", "reach_min_jamsil_rail": 5, "reach_bucket_jamsil_rail": "<10", "reach_min_konkuk_subway": 16, "reach_bucket_konkuk_subway": "10-20", "reach_min_konkuk_rail": 16, "reach_bucket_konkuk_rail": "10-20", "reach_min_hongik_subway": 40, "reach_bucket_hongik_subway": "30-45", "reach_min_hongik_rail": 40, "reach_bucket_hongik_rail": "30-45"}}, {"type": "Feature", "geometry": {"type": "Point", "coordinates": [126.89152, 37.50903]}, "properties": {"id": "kr_013", "name": "Sindorim", "district": "Guro-gu", "transit_stress_score": 38.2, "transit_stress_tier": "very-high", "walk_stress_score": 100.0, "walk_stress_tier": "mid", "reach_min_seoul_station_subway": 17, "reach_bucket_seoul_station_subway": "10-20", "reach_min_seoul_station_rail": 17, "reach_bucket_seoul_station_rail": "10-20", "reach_min_city_hall_subway": 20, "reach_bucket_city_hall_subway": "20-30", "reach_min_city_hall_rail": 20, "reach_bucket_city_hall_rail": "20-30", "reach_min_gangnam_subway": 27, "reach_bucket_gangnam_subway": "20-30", "reach_min_gangnam_rail": 27, "reach_bucket_gangnam_rail": "20-30", "reach_min_wangsimni_subway": 31, "reach_bucket_wangsimni_subway": "30-45", "reach_min_wangsimni_rail": 31, "reach_bucket_wangsimni_rail": "30-45", "reach_min_sadang_subway": 22, "reach_bucket_sadang_subway": "20-30", "reach_min_sadang_rail": 22, "reach_bucket_sadang_rail": "20-30", "reach_min_jamsil_subway": 40, "reach_bucket_jamsil_subway": "30-45", "reach_min_jamsil_rail": 40, "reach_bucket_jamsil_rail": "30-45", "reach_min_konkuk_subway": 41, "reach_bucket_konkuk_subway": "30-45", "reach_min_konkuk_rail": 41, "reach_bucket_konkuk_rail": "30-45", "reach_min_hongik_subway": 14, "reach_bucket_hongik_subway": "10-20", "reach_min_hongik_rail": 14, "reach_bucket_hongik_rail": "10-20"}}, {"type": "Feature", "geometry": {"type": "Point", "coordinates": [126.97613, 37.56452]}, "properties": {"id": "kr_014", "name": "City Hall", "district": "Jung-gu", "transit_stress_score": 37.2, "transit_stress_tier": "very-high", "walk_stress_score": 62.5, "walk_stress_tier": "very-low", "reach_min_seoul_station_subway": 3, "reach_bucket_seoul_station_subway": "<10", "reach_min_seoul_station_rail": 3, "reach_bucket_seoul_station_rail": "<10", "reach_min_city_hall_subway": 0, "reach_bucket_city_hall_subway": "<10", "reach_min_city_hall_rail": 0, "reach_bucket_city_hall_rail": "<10", "reach_min_gangnam_subway": 26, "reach_bucket_gangnam_subway": "20-30", "reach_min_gangnam_rail": 26, "reach_bucket_gangnam_rail": "20-30", "reach_min_wangsimni_subway": 13, "reach_bucket_wangsimni_subway": "10-20", "reach_min_wangsimni_rail": 13, "reach_bucket_wangsimni_rail": "10-20", "reach_min_sadang_subway": 23, "reach_bucket_sadang_subway": "20-30", "reach_min_sadang_rail": 23, "reach_bucket_sadang_rail": "20-30", "reach_min_jamsil_subway": 34, "reach_bucket_jamsil_subway": "30-45", "reach_min_jamsil_rail": 34, "reach_bucket_jamsil_rail": "30-45", "reach_min_konkuk_subway": 23, "reach_bucket_konkuk_subway": "20-30", "reach_min_konkuk_rail": 23, "reach_bucket_konkuk_rail": "20-30", "reach_min_hongik_subway": 11, "reach_bucket_hongik_subway": "10-20", "reach_min_hongik_rail": 11, "reach_bucket_hongik_rail": "10-20"}}, {"type": "Feature", "geometry": {"type": "Point", "coordinates": [127.10698, 37.50519]}, "properties": {"id": "kr_015", "name": "Seokchon", "district": "Songpa-gu", "transit_stress_score": 36.2, "transit_stress_tier": "very-high", "walk_stress_score": 87.5, "walk_stress_tier": "very-low", "reach_min_seoul_station_subway": 38, "reach_bucket_seoul_station_subway": "30-45", "reach_min_seoul_station_rail": 38, "reach_bucket_seoul_station_rail": "30-45", "reach_min_city_hall_subway": 40, "reach_bucket_city_hall_subway": "30-45", "reach_min_city_hall_rail": 40, "reach_bucket_city_hall_rail": "30-45", "reach_min_gangnam_subway": 16, "reach_bucket_gangnam_subway": "10-20", "reach_min_gangnam_rail": 16, "reach_bucket_gangnam_rail": "10-20", "reach_min_wangsimni_subway": 29, "reach_bucket_wangsimni_subway": "20-30", "reach_min_wangsimni_rail": 29, "reach_bucket_wangsimni_rail": "20-30", "reach_min_sadang_subway": 27, "reach_bucket_sadang_subway": "20-30", "reach_min_sadang_rail": 27, "reach_bucket_sadang_rail": "20-30", "reach_min_jamsil_subway": 11, "reach_bucket_jamsil_subway": "10-20", "reach_min_jamsil_rail": 11, "reach_bucket_jamsil_rail": "10-20", "reach_min_konkuk_subway": 22, "reach_bucket_konkuk_subway": "20-30", "reach_min_konkuk_rail": 22, "reach_bucket_konkuk_rail": "20-30", "reach_min_hongik_subway": 46, "reach_bucket_hongik_subway": "45-60", "reach_min_hongik_rail": 46, "reach_bucket_hongik_rail": "45-60"}}, {"type": "Feature", "geometry": {"type": "Point", "coordinates": [127.04384, 37.51026]}, "properties": {"id": "kr_016", "name": "Seonjeongneung", "district": "Gangnam-gu", "transit_stress_score": 34.5, "transit_stress_tier": "very-high", "walk_stress_score": 87.5, "walk_stress_tier": "very-low", "reach_min_seoul_station_subway": 26, "reach_bucket_seoul_station_subway": "20-30", "reach_min_seoul_station_rail": 26, "reach_bucket_seoul_station_rail": "20-30", "reach_min_city_hall_subway": 28, "reach_bucket_city_hall_subway": "20-30", "reach_min_city_hall_rail": 28, "reach_bucket_city_hall_rail": "20-30", "reach_min_gangnam_subway": 6, "reach_bucket_gangnam_subway": "<10", "reach_min_gangnam_rail": 6, "reach_bucket_gangnam_rail": "<10", "reach_min_wangsimni_subway": 26, "reach_bucket_wangsimni_subway": "20-30", "reach_min_wangsimni_rail": 26, "reach_bucket_wangsimni_rail": "20-30", "reach_min_sadang_subway": 17, "reach_bucket_sadang_subway": "10-20", "reach_min_sadang_rail": 17, "reach_bucket_sadang_rail": "10-20", "reach_min_jamsil_subway": 11, "reach_bucket_jamsil_subway": "10-20", "reach_min_jamsil_rail": 11, "reach_bucket_jamsil_rail": "10-20", "reach_min_konkuk_subway": 22, "reach_bucket_konkuk_subway": "20-30", "reach_min_konkuk_rail": 22, "reach_bucket_konkuk_rail": "20-30", "reach_min_hongik_subway": 34, "reach_bucket_hongik_subway": "30-45", "reach_min_hongik_rail": 34, "reach_bucket_hongik_rail": "30-45"}}, {"type": "Feature", "geometry": {"type": "Point", "coordinates": [127.06017, 37.51418]}, "properties": {"id": "kr_017", "name": "Bongeunsa", "district": "Gangnam-gu", "transit_stress_score": 33.4, "transit_stress_tier": "very-high", "walk_stress_score": 75.0, "walk_stress_tier": "very-low", "reach_min_seoul_station_subway": 29, "reach_bucket_seoul_station_subway": "20-30", "reach_min_seoul_station_rail": 29, "reach_bucket_seoul_station_rail": "20-30", "reach_min_city_hall_subway": 31, "reach_bucket_city_hall_subway": "30-45", "reach_min_city_hall_rail": 31, "reach_bucket_city_hall_rail": "30-45", "reach_min_gangnam_subway": 9, "reach_bucket_gangnam_subway": "<10", "reach_min_gangnam_rail": 9, "reach_bucket_gangnam_rail": "<10", "reach_min_wangsimni_subway": 28, "reach_bucket_wangsimni_subway": "20-30", "reach_min_wangsimni_rail": 28, "reach_bucket_wangsimni_rail": "20-30", "reach_min_sadang_subway": 20, "reach_bucket_sadang_subway": "20-30", "reach_min_sadang_rail": 20, "reach_bucket_sadang_rail": "20-30", "reach_min_jamsil_subway": 8, "reach_bucket_jamsil_subway": "<10", "reach_min_jamsil_rail": 8, "reach_bucket_jamsil_rail": "<10", "reach_min_konkuk_subway": 19, "reach_bucket_konkuk_subway": "10-20", "reach_min_konkuk_rail": 19, "reach_bucket_konkuk_rail": "10-20", "reach_min_hongik_subway": 37, "reach_bucket_hongik_subway": "30-45", "reach_min_hongik_rail": 37, "reach_bucket_hongik_rail": "30-45"}}, {"type": "Feature", "geometry": {"type": "Point", "coordinates": [126.98318, 37.57016]}, "properties": {"id": "kr_018", "name": "Jonggak", "district": "Jongno-gu", "transit_stress_score": 32.7, "transit_stress_tier": "very-high", "walk_stress_score": 50.0, "walk_stress_tier": "very-low", "reach_min_seoul_station_subway": 5, "reach_bucket_seoul_station_subway": "<10", "reach_min_seoul_station_rail": 5, "reach_bucket_seoul_station_rail": "<10", "reach_min_city_hall_subway": 2, "reach_bucket_city_hall_subway": "<10", "reach_min_city_hall_rail": 2, "reach_bucket_city_hall_rail": "<10", "reach_min_gangnam_subway": 26, "reach_bucket_gangnam_subway": "20-30", "reach_min_gangnam_rail": 26, "reach_bucket_gangnam_rail": "20-30", "reach_min_wangsimni_subway": 12, "reach_bucket_wangsimni_subway": "10-20", "reach_min_wangsimni_rail": 12, "reach_bucket_wangsimni_rail": "10-20", "reach_min_sadang_subway": 25, "reach_bucket_sadang_subway": "20-30", "reach_min_sadang_rail": 25, "reach_bucket_sadang_rail": "20-30", "reach_min_jamsil_subway": 32, "reach_bucket_jamsil_subway": "30-45", "reach_min_jamsil_rail": 32, "reach_bucket_jamsil_rail": "30-45", "reach_min_konkuk_subway": 21, "reach_bucket_konkuk_subway": "20-30", "reach_min_konkuk_rail": 21, "reach_bucket_konkuk_rail": "20-30", "reach_min_hongik_subway": 13, "reach_bucket_hongik_subway": "10-20", "reach_min_hongik_rail": 13, "reach_bucket_hongik_rail": "10-20"}}, {"type": "Feature", "geometry": {"type": "Point", "coordinates": [126.88228, 37.50327]}, "properties": {"id": "kr_019", "name": "Guro", "district": "Guro-gu", "transit_stress_score": 30.8, "transit_stress_tier": "very-high", "walk_stress_score": 100.0, "walk_stress_tier": "mid", "reach_min_seoul_station_subway": 19, "reach_bucket_seoul_station_subway": "10-20", "reach_min_seoul_station_rail": 19, "reach_bucket_seoul_station_rail": "10-20", "reach_min_city_hall_subway": 22, "reach_bucket_city_hall_subway": "20-30", "reach_min_city_hall_rail": 22, "reach_bucket_city_hall_rail": "20-30", "reach_min_gangnam_subway": 29, "reach_bucket_gangnam_subway": "20-30", "reach_min_gangnam_rail": 29, "reach_bucket_gangnam_rail": "20-30", "reach_min_wangsimni_subway": 34, "reach_bucket_wangsimni_subway": "30-45", "reach_min_wangsimni_rail": 34, "reach_bucket_wangsimni_rail": "30-45", "reach_min_sadang_subway": 25, "reach_bucket_sadang_subway": "20-30", "reach_min_sadang_rail": 25, "reach_bucket_sadang_rail": "20-30", "reach_min_jamsil_subway": 42, "reach_bucket_jamsil_subway": "30-45", "reach_min_jamsil_rail": 42, "reach_bucket_jamsil_rail": "30-45", "reach_min_konkuk_subway": 43, "reach_bucket_konkuk_subway": "30-45", "reach_min_konkuk_rail": 43, "reach_bucket_konkuk_rail": "30-45", "reach_min_hongik_subway": 16, "reach_bucket_hongik_subway": "10-20", "reach_min_hongik_rail": 16, "reach_bucket_hongik_rail": "10-20"}}, {"type": "Feature", "geometry": {"type": "Point", "coordinates": [127.03449, 37.48417]}, "properties": {"id": "kr_020", "name": "Yangjae", "district": "Seocho-gu", "transit_stress_score": 30.7, "transit_stress_tier": "very-high", "walk_stress_score": 100.0, "walk_stress_tier": "mid", "reach_min_seoul_station_subway": 27, "reach_bucket_seoul_station_subway": "20-30", "reach_min_seoul_station_rail": 27, "reach_bucket_seoul_station_rail": "20-30", "reach_min_city_hall_subway": 29, "reach_bucket_city_hall_subway": "20-30", "reach_min_city_hall_rail": 29, "reach_bucket_city_hall_rail": "20-30", "reach_min_gangnam_subway": 3, "reach_bucket_gangnam_subway": "<10", "reach_min_gangnam_rail": 3, "reach_bucket_gangnam_rail": "<10", "reach_min_wangsimni_subway": 28, "reach_bucket_wangsimni_subway": "20-30", "reach_min_wangsimni_rail": 28, "reach_bucket_wangsimni_rail": "20-30", "reach_min_sadang_subway": 14, "reach_bucket_sadang_subway": "10-20", "reach_min_sadang_rail": 14, "reach_bucket_sadang_rail": "10-20", "reach_min_jamsil_subway": 19, "reach_bucket_jamsil_subway": "10-20", "reach_min_jamsil_rail": 19, "reach_bucket_jamsil_rail": "10-20", "reach_min_konkuk_subway": 30, "reach_bucket_konkuk_subway": "30-45", "reach_min_konkuk_rail": 30, "reach_bucket_konkuk_rail": "30-45", "reach_min_hongik_subway": 36, "reach_bucket_hongik_subway": "30-45", "reach_min_hongik_rail": 36, "reach_bucket_hongik_rail": "30-45"}}, {"type": "Feature", "geometry": {"type": "Point", "coordinates": [127.02494, 37.57527]}, "properties": {"id": "kr_021", "name": "Sinseol-dong", "district": "Dongdaemun-gu", "transit_stress_score": 29.2, "transit_stress_tier": "very-high", "walk_stress_score": 87.5, "walk_stress_tier": "very-low", "reach_min_seoul_station_subway": 14, "reach_bucket_seoul_station_subway": "10-20", "reach_min_seoul_station_rail": 14, "reach_bucket_seoul_station_rail": "10-20", "reach_min_city_hall_subway": 11, "reach_bucket_city_hall_subway": "10-20", "reach_min_city_hall_rail": 11, "reach_bucket_city_hall_rail": "10-20", "reach_min_gangnam_subway": 25, "reach_bucket_gangnam_subway": "20-30", "reach_min_gangnam_rail": 25, "reach_bucket_gangnam_rail": "20-30", "reach_min_wangsimni_subway": 12, "reach_bucket_wangsimni_subway": "10-20", "reach_min_wangsimni_rail": 12, "reach_bucket_wangsimni_rail": "10-20", "reach_min_sadang_subway": 33, "reach_bucket_sadang_subway": "30-45", "reach_min_sadang_rail": 33, "reach_bucket_sadang_rail": "30-45", "reach_min_jamsil_subway": 25, "reach_bucket_jamsil_subway": "20-30", "reach_min_jamsil_rail": 25, "reach_bucket_jamsil_rail": "20-30", "reach_min_konkuk_subway": 14, "reach_bucket_konkuk_subway": "10-20", "reach_min_konkuk_rail": 14, "reach_bucket_konkuk_rail": "10-20", "reach_min_hongik_subway": 23, "reach_bucket_hongik_subway": "20-30", "reach_min_hongik_rail": 23, "reach_bucket_hongik_rail": "20-30"}}, {"type": "Feature", "geometry": {"type": "Point", "coordinates": [126.98621, 37.57685]}, "properties": {"id": "kr_022", "name": "Anguk", "district": "Jongno-gu", "transit_stress_score": 28.7, "transit_stress_tier": "very-high", "walk_stress_score": 75.0, "walk_stress_tier": "very-low", "reach_min_seoul_station_subway": 8, "reach_bucket_seoul_station_subway": "<10", "reach_min_seoul_station_rail": 8, "reach_bucket_seoul_station_rail": "<10", "reach_min_city_hall_subway": 6, "reach_bucket_city_hall_subway": "<10", "reach_min_city_hall_rail": 6, "reach_bucket_city_hall_rail": "<10", "reach_min_gangnam_subway": 26, "reach_bucket_gangnam_subway": "20-30", "reach_min_gangnam_rail": 26, "reach_bucket_gangnam_rail": "20-30", "reach_min_wangsimni_subway": 12, "reach_bucket_wangsimni_subway": "10-20", "reach_min_wangsimni_rail": 12, "reach_bucket_wangsimni_rail": "10-20", "reach_min_sadang_subway": 28, "reach_bucket_sadang_subway": "20-30", "reach_min_sadang_rail": 28, "reach_bucket_sadang_rail": "20-30", "reach_min_jamsil_subway": 32, "reach_bucket_jamsil_subway": "30-45", "reach_min_jamsil_rail": 32, "reach_bucket_jamsil_rail": "30-45", "reach_min_konkuk_subway": 21, "reach_bucket_konkuk_subway": "20-30", "reach_min_konkuk_rail": 21, "reach_bucket_konkuk_rail": "20-30", "reach_min_hongik_subway": 17, "reach_bucket_hongik_subway": "10-20", "reach_min_hongik_rail": 17, "reach_bucket_hongik_rail": "10-20"}}, {"type": "Feature", "geometry": {"type": "Point", "coordinates": [126.94338, 37.37233]}, "properties": {"id": "kr_023", "name": "Geumjeong", "district": null, "transit_stress_score": 28.3, "transit_stress_tier": "very-high", "walk_stress_score": 100.0, "walk_stress_tier": "mid", "reach_min_seoul_station_subway": 46, "reach_bucket_seoul_station_subway": "45-60", "reach_min_seoul_station_rail": 46, "reach_bucket_seoul_station_rail": "45-60", "reach_min_city_hall_subway": 49, "reach_bucket_city_hall_subway": "45-60", "reach_min_city_hall_rail": 49, "reach_bucket_city_hall_rail": "45-60", "reach_min_gangnam_subway": 43, "reach_bucket_gangnam_subway": "30-45", "reach_min_gangnam_rail": 43, "reach_bucket_gangnam_rail": "30-45", "reach_min_wangsimni_subway": 60, "reach_bucket_wangsimni_subway": "60-90", "reach_min_wangsimni_rail": 60, "reach_bucket_wangsimni_rail": "60-90", "reach_min_sadang_subway": 32, "reach_bucket_sadang_subway": "30-45", "reach_min_sadang_rail": 32, "reach_bucket_sadang_rail": "30-45", "reach_min_jamsil_subway": 58, "reach_bucket_jamsil_subway": "45-60", "reach_min_jamsil_rail": 58, "reach_bucket_jamsil_rail": "45-60", "reach_min_konkuk_subway": 69, "reach_bucket_konkuk_subway": "60-90", "reach_min_konkuk_rail": 69, "reach_bucket_konkuk_rail": "60-90", "reach_min_hongik_subway": 47, "reach_bucket_hongik_subway": "45-60", "reach_min_hongik_rail": 47, "reach_bucket_hongik_rail": "45-60"}}, {"type": "Feature", "geometry": {"type": "Point", "coordinates": [126.812, 37.48528]}, "properties": {"id": "kr_024", "name": "Yeokgok", "district": null, "transit_stress_score": 27.5, "transit_stress_tier": "very-high", "walk_stress_score": 100.0, "walk_stress_tier": "mid", "reach_min_seoul_station_subway": 32, "reach_bucket_seoul_station_subway": "30-45", "reach_min_seoul_station_rail": 32, "reach_bucket_seoul_station_rail": "30-45", "reach_min_city_hall_subway": 34, "reach_bucket_city_hall_subway": "30-45", "reach_min_city_hall_rail": 34, "reach_bucket_city_hall_rail": "30-45", "reach_min_gangnam_subway": 41, "reach_bucket_gangnam_subway": "30-45", "reach_min_gangnam_rail": 41, "reach_bucket_gangnam_rail": "30-45", "reach_min_wangsimni_subway": 46, "reach_bucket_wangsimni_subway": "45-60", "reach_min_wangsimni_rail": 46, "reach_bucket_wangsimni_rail": "45-60", "reach_min_sadang_subway": 37, "reach_bucket_sadang_subway": "30-45", "reach_min_sadang_rail": 37, "reach_bucket_sadang_rail": "30-45", "reach_min_jamsil_subway": 54, "reach_bucket_jamsil_subway": "45-60", "reach_min_jamsil_rail": 54, "reach_bucket_jamsil_rail": "45-60", "reach_min_konkuk_subway": 55, "reach_bucket_konkuk_subway": "45-60", "reach_min_konkuk_rail": 55, "reach_bucket_konkuk_rail": "45-60", "reach_min_hongik_subway": 28, "reach_bucket_hongik_subway": "20-30", "reach_min_hongik_rail": 28, "reach_bucket_hongik_rail": "20-30"}}, {"type": "Feature", "geometry": {"type": "Point", "coordinates": [127.01714, 37.57344]}, "properties": {"id": "kr_025", "name": "Dongmyo", "district": "Jongno-gu", "transit_stress_score": 27.0, "transit_stress_tier": "very-high", "walk_stress_score": 37.5, "walk_stress_tier": "very-low", "reach_min_seoul_station_subway": 12, "reach_bucket_seoul_station_subway": "10-20", "reach_min_seoul_station_rail": 12, "reach_bucket_seoul_station_rail": "10-20", "reach_min_city_hall_subway": 10, "reach_bucket_city_hall_subway": "10-20", "reach_min_city_hall_rail": 10, "reach_bucket_city_hall_rail": "10-20", "reach_min_gangnam_subway": 24, "reach_bucket_gangnam_subway": "20-30", "reach_min_gangnam_rail": 24, "reach_bucket_gangnam_rail": "20-30", "reach_min_wangsimni_subway": 10, "reach_bucket_wangsimni_subway": "10-20", "reach_min_wangsimni_rail": 10, "reach_bucket_wangsimni_rail": "10-20", "reach_min_sadang_subway": 32, "reach_bucket_sadang_subway": "30-45", "reach_min_sadang_rail": 32, "reach_bucket_sadang_rail": "30-45", "reach_min_jamsil_subway": 27, "reach_bucket_jamsil_subway": "20-30", "reach_min_jamsil_rail": 27, "reach_bucket_jamsil_rail": "20-30", "reach_min_konkuk_subway": 16, "reach_bucket_konkuk_subway": "10-20", "reach_min_konkuk_rail": 16, "reach_bucket_konkuk_rail": "10-20", "reach_min_hongik_subway": 21, "reach_bucket_hongik_subway": "20-30", "reach_min_hongik_rail": 21, "reach_bucket_hongik_rail": "20-30"}}, {"type": "Feature", "geometry": {"type": "Point", "coordinates": [127.03473, 37.57829]}, "properties": {"id": "kr_026", "name": "Jegidong", "district": "Dongdaemun-gu", "transit_stress_score": 26.0, "transit_stress_tier": "very-high", "walk_stress_score": 87.5, "walk_stress_tier": "very-low", "reach_min_seoul_station_subway": 16, "reach_bucket_seoul_station_subway": "10-20", "reach_min_seoul_station_rail": 16, "reach_bucket_seoul_station_rail": "10-20", "reach_min_city_hall_subway": 14, "reach_bucket_city_hall_subway": "10-20", "reach_min_city_hall_rail": 14, "reach_bucket_city_hall_rail": "10-20", "reach_min_gangnam_subway": 28, "reach_bucket_gangnam_subway": "20-30", "reach_min_gangnam_rail": 28, "reach_bucket_gangnam_rail": "20-30", "reach_min_wangsimni_subway": 14, "reach_bucket_wangsimni_subway": "10-20", "reach_min_wangsimni_rail": 14, "reach_bucket_wangsimni_rail": "10-20", "reach_min_sadang_subway": 36, "reach_bucket_sadang_subway": "30-45", "reach_min_sadang_rail": 36, "reach_bucket_sadang_rail": "30-45", "reach_min_jamsil_subway": 27, "reach_bucket_jamsil_subway": "20-30", "reach_min_jamsil_rail": 27, "reach_bucket_jamsil_rail": "20-30", "reach_min_konkuk_subway": 16, "reach_bucket_konkuk_subway": "10-20", "reach_min_konkuk_rail": 16, "reach_bucket_konkuk_rail": "10-20", "reach_min_hongik_subway": 25, "reach_bucket_hongik_subway": "20-30", "reach_min_hongik_rail": 25, "reach_bucket_hongik_rail": "20-30"}}, {"type": "Feature", "geometry": {"type": "Point", "coordinates": [127.02778, 37.49752]}, "properties": {"id": "kr_027", "name": "Gangnam", "district": "Gangnam-gu", "transit_stress_score": 25.8, "transit_stress_tier": "very-high", "walk_stress_score": 87.5, "walk_stress_tier": "very-low", "reach_min_seoul_station_subway": 24, "reach_bucket_seoul_station_subway": "20-30", "reach_min_seoul_station_rail": 24, "reach_bucket_seoul_station_rail": "20-30", "reach_min_city_hall_subway": 26, "reach_bucket_city_hall_subway": "20-30", "reach_min_city_hall_rail": 26, "reach_bucket_city_hall_rail": "20-30", "reach_min_gangnam_subway": 0, "reach_bucket_gangnam_subway": "<10", "reach_min_gangnam_rail": 0, "reach_bucket_gangnam_rail": "<10", "reach_min_wangsimni_subway": 24, "reach_bucket_wangsimni_subway": "20-30", "reach_min_wangsimni_rail": 24, "reach_bucket_wangsimni_rail": "20-30", "reach_min_sadang_subway": 11, "reach_bucket_sadang_subway": "10-20", "reach_min_sadang_rail": 11, "reach_bucket_sadang_rail": "10-20", "reach_min_jamsil_subway": 15, "reach_bucket_jamsil_subway": "10-20", "reach_min_jamsil_rail": 15, "reach_bucket_jamsil_rail": "10-20", "reach_min_konkuk_subway": 26, "reach_bucket_konkuk_subway": "20-30", "reach_min_konkuk_rail": 26, "reach_bucket_konkuk_rail": "20-30", "reach_min_hongik_subway": 32, "reach_bucket_hongik_subway": "30-45", "reach_min_hongik_rail": 32, "reach_bucket_hongik_rail": "30-45"}}, {"type": "Feature", "geometry": {"type": "Point", "coordinates": [127.04489, 37.5801]}, "properties": {"id": "kr_028", "name": "Cheongnyangni (University of Seoul)", "district": "Dongdaemun-gu", "transit_stress_score": 25.2, "transit_stress_tier": "very-high", "walk_stress_score": 100.0, "walk_stress_tier": "mid", "reach_min_seoul_station_subway": 18, "reach_bucket_seoul_station_subway": "10-20", "reach_min_seoul_station_rail": 18, "reach_bucket_seoul_station_rail": "10-20", "reach_min_city_hall_subway": 16, "reach_bucket_city_hall_subway": "10-20", "reach_min_city_hall_rail": 16, "reach_bucket_city_hall_rail": "10-20", "reach_min_gangnam_subway": 30, "reach_bucket_gangnam_subway": "30-45", "reach_min_gangnam_rail": 30, "reach_bucket_gangnam_rail": "30-45", "reach_min_wangsimni_subway": 16, "reach_bucket_wangsimni_subway": "10-20", "reach_min_wangsimni_rail": 16, "reach_bucket_wangsimni_rail": "10-20", "reach_min_sadang_subway": 38, "reach_bucket_sadang_subway": "30-45", "reach_min_sadang_rail": 38, "reach_bucket_sadang_rail": "30-45", "reach_min_jamsil_subway": 29, "reach_bucket_jamsil_subway": "20-30", "reach_min_jamsil_rail": 29, "reach_bucket_jamsil_rail": "20-30", "reach_min_konkuk_subway": 18, "reach_bucket_konkuk_subway": "10-20", "reach_min_konkuk_rail": 18, "reach_bucket_konkuk_rail": "10-20", "reach_min_hongik_subway": 27, "reach_bucket_hongik_subway": "20-30", "reach_min_hongik_rail": 27, "reach_bucket_hongik_rail": "20-30"}}, {"type": "Feature", "geometry": {"type": "Point", "coordinates": [127.01377, 37.56028]}, "properties": {"id": "kr_029", "name": "청구", "district": "Jung-gu", "transit_stress_score": 25.1, "transit_stress_tier": "very-high", "walk_stress_score": 0.0, "walk_stress_tier": "very-low", "reach_min_seoul_station_subway": 10, "reach_bucket_seoul_station_subway": "10-20", "reach_min_seoul_station_rail": 10, "reach_bucket_seoul_station_rail": "10-20", "reach_min_city_hall_subway": 9, "reach_bucket_city_hall_subway": "<10", "reach_min_city_hall_rail": 9, "reach_bucket_city_hall_rail": "<10", "reach_min_gangnam_subway": 18, "reach_bucket_gangnam_subway": "10-20", "reach_min_gangnam_rail": 18, "reach_bucket_gangnam_rail": "10-20", "reach_min_wangsimni_subway": 6, "reach_bucket_wangsimni_subway": "<10", "reach_min_wangsimni_rail": 6, "reach_bucket_wangsimni_rail": "<10", "reach_min_sadang_subway": 28, "reach_bucket_sadang_subway": "20-30", "reach_min_sadang_rail": 28, "reach_bucket_sadang_rail": "20-30", "reach_min_jamsil_subway": 26, "reach_bucket_jamsil_subway": "20-30", "reach_min_jamsil_rail": 26, "reach_bucket_jamsil_rail": "20-30", "reach_min_konkuk_subway": 15, "reach_bucket_konkuk_subway": "10-20", "reach_min_konkuk_rail": 15, "reach_bucket_konkuk_rail": "10-20", "reach_min_hongik_subway": 20, "reach_bucket_hongik_subway": "20-30", "reach_min_hongik_rail": 20, "reach_bucket_hongik_rail": "20-30"}}, {"type": "Feature", "geometry": {"type": "Point", "coordinates": [126.99441, 37.56111]}, "properties": {"id": "kr_030", "name": "Chungmuro", "district": "Jung-gu", "transit_stress_score": 24.8, "transit_stress_tier": "very-high", "walk_stress_score": 25.0, "walk_stress_tier": "very-low", "reach_min_seoul_station_subway": 5, "reach_bucket_seoul_station_subway": "<10", "reach_min_seoul_station_rail": 5, "reach_bucket_seoul_station_rail": "<10", "reach_min_city_hall_subway": 5, "reach_bucket_city_hall_subway": "<10", "reach_min_city_hall_rail": 5, "reach_bucket_city_hall_rail": "<10", "reach_min_gangnam_subway": 20, "reach_bucket_gangnam_subway": "20-30", "reach_min_gangnam_rail": 20, "reach_bucket_gangnam_rail": "20-30", "reach_min_wangsimni_subway": 9, "reach_bucket_wangsimni_subway": "<10", "reach_min_wangsimni_rail": 9, "reach_bucket_wangsimni_rail": "<10", "reach_min_sadang_subway": 25, "reach_bucket_sadang_subway": "20-30", "reach_min_sadang_rail": 25, "reach_bucket_sadang_rail": "20-30", "reach_min_jamsil_subway": 29, "reach_bucket_jamsil_subway": "20-30", "reach_min_jamsil_rail": 29, "reach_bucket_jamsil_rail": "20-30", "reach_min_konkuk_subway": 18, "reach_bucket_konkuk_subway": "10-20", "reach_min_konkuk_rail": 18, "reach_bucket_konkuk_rail": "10-20", "reach_min_hongik_subway": 16, "reach_bucket_hongik_subway": "10-20", "reach_min_hongik_rail": 16, "reach_bucket_hongik_rail": "10-20"}}, {"type": "Feature", "geometry": {"type": "Point", "coordinates": [127.05753, 37.58955]}, "properties": {"id": "kr_031", "name": "Hoegi", "district": "Dongdaemun-gu", "transit_stress_score": 24.4, "transit_stress_tier": "very-high", "walk_stress_score": 100.0, "walk_stress_tier": "mid", "reach_min_seoul_station_subway": 21, "reach_bucket_seoul_station_subway": "20-30", "reach_min_seoul_station_rail": 21, "reach_bucket_seoul_station_rail": "20-30", "reach_min_city_hall_subway": 19, "reach_bucket_city_hall_subway": "10-20", "reach_min_city_hall_rail": 19, "reach_bucket_city_hall_rail": "10-20", "reach_min_gangnam_subway": 33, "reach_bucket_gangnam_subway": "30-45", "reach_min_gangnam_rail": 33, "reach_bucket_gangnam_rail": "30-45", "reach_min_wangsimni_subway": 19, "reach_bucket_wangsimni_subway": "10-20", "reach_min_wangsimni_rail": 19, "reach_bucket_wangsimni_rail": "10-20", "reach_min_sadang_subway": 41, "reach_bucket_sadang_subway": "30-45", "reach_min_sadang_rail": 41, "reach_bucket_sadang_rail": "30-45", "reach_min_jamsil_subway": 33, "reach_bucket_jamsil_subway": "30-45", "reach_min_jamsil_rail": 33, "reach_bucket_jamsil_rail": "30-45", "reach_min_konkuk_subway": 22, "reach_bucket_konkuk_subway": "20-30", "reach_min_konkuk_rail": 22, "reach_bucket_konkuk_rail": "20-30", "reach_min_hongik_subway": 30, "reach_bucket_hongik_subway": "30-45", "reach_min_hongik_rail": 30, "reach_bucket_hongik_rail": "30-45"}}, {"type": "Feature", "geometry": {"type": "Point", "coordinates": [126.94807, 37.32038]}, "properties": {"id": "kr_032", "name": "Uiwang", "district": null, "transit_stress_score": 24.0, "transit_stress_tier": "very-high", "walk_stress_score": 100.0, "walk_stress_tier": "mid", "reach_min_seoul_station_subway": 57, "reach_bucket_seoul_station_subway": "45-60", "reach_min_seoul_station_rail": 57, "reach_bucket_seoul_station_rail": "45-60", "reach_min_city_hall_subway": 60, "reach_bucket_city_hall_subway": "60-90", "reach_min_city_hall_rail": 60, "reach_bucket_city_hall_rail": "60-90", "reach_min_gangnam_subway": 54, "reach_bucket_gangnam_subway": "45-60", "reach_min_gangnam_rail": 54, "reach_bucket_gangnam_rail": "45-60", "reach_min_wangsimni_subway": 71, "reach_bucket_wangsimni_subway": "60-90", "reach_min_wangsimni_rail": 71, "reach_bucket_wangsimni_rail": "60-90", "reach_min_sadang_subway": 43, "reach_bucket_sadang_subway": "30-45", "reach_min_sadang_rail": 43, "reach_bucket_sadang_rail": "30-45", "reach_min_jamsil_subway": 69, "reach_bucket_jamsil_subway": "60-90", "reach_min_jamsil_rail": 69, "reach_bucket_jamsil_rail": "60-90", "reach_min_konkuk_subway": 80, "reach_bucket_konkuk_subway": "60-90", "reach_min_konkuk_rail": 80, "reach_bucket_konkuk_rail": "60-90", "reach_min_hongik_subway": 58, "reach_bucket_hongik_subway": "45-60", "reach_min_hongik_rail": 58, "reach_bucket_hongik_rail": "45-60"}}, {"type": "Feature", "geometry": {"type": "Point", "coordinates": [126.97846, 37.55875]}, "properties": {"id": "kr_033", "name": "Hoehyeon (Namdaemun Market)", "district": "Jung-gu", "transit_stress_score": 23.6, "transit_stress_tier": "very-high", "walk_stress_score": 62.5, "walk_stress_tier": "very-low", "reach_min_seoul_station_subway": 2, "reach_bucket_seoul_station_subway": "<10", "reach_min_seoul_station_rail": 2, "reach_bucket_seoul_station_rail": "<10", "reach_min_city_hall_subway": 4, "reach_bucket_city_hall_subway": "<10", "reach_min_city_hall_rail": 4, "reach_bucket_city_hall_rail": "<10", "reach_min_gangnam_subway": 24, "reach_bucket_gangnam_subway": "20-30", "reach_min_gangnam_rail": 24, "reach_bucket_gangnam_rail": "20-30", "reach_min_wangsimni_subway": 13, "reach_bucket_wangsimni_subway": "10-20", "reach_min_wangsimni_rail": 13, "reach_bucket_wangsimni_rail": "10-20", "reach_min_sadang_subway": 22, "reach_bucket_sadang_subway": "20-30", "reach_min_sadang_rail": 22, "reach_bucket_sadang_rail": "20-30", "reach_min_jamsil_subway": 33, "reach_bucket_jamsil_subway": "30-45", "reach_min_jamsil_rail": 33, "reach_bucket_jamsil_rail": "30-45", "reach_min_konkuk_subway": 22, "reach_bucket_konkuk_subway": "20-30", "reach_min_konkuk_rail": 22, "reach_bucket_konkuk_rail": "20-30", "reach_min_hongik_subway": 16, "reach_bucket_hongik_subway": "10-20", "reach_min_hongik_rail": 16, "reach_bucket_hongik_rail": "10-20"}}, {"type": "Feature", "geometry": {"type": "Point", "coordinates": [127.06379, 37.59631]}, "properties": {"id": "kr_034", "name": "Hankuk University of Foreign Studies", "district": "Dongdaemun-gu", "transit_stress_score": 23.6, "transit_stress_tier": "very-high", "walk_stress_score": 87.5, "walk_stress_tier": "very-low", "reach_min_seoul_station_subway": 23, "reach_bucket_seoul_station_subway": "20-30", "reach_min_seoul_station_rail": 23, "reach_bucket_seoul_station_rail": "20-30", "reach_min_city_hall_subway": 21, "reach_bucket_city_hall_subway": "20-30", "reach_min_city_hall_rail": 21, "reach_bucket_city_hall_rail": "20-30", "reach_min_gangnam_subway": 35, "reach_bucket_gangnam_subway": "30-45", "reach_min_gangnam_rail": 35, "reach_bucket_gangnam_rail": "30-45", "reach_min_wangsimni_subway": 21, "reach_bucket_wangsimni_subway": "20-30", "reach_min_wangsimni_rail": 21, "reach_bucket_wangsimni_rail": "20-30", "reach_min_sadang_subway": 43, "reach_bucket_sadang_subway": "30-45", "reach_min_sadang_rail": 43, "reach_bucket_sadang_rail": "30-45", "reach_min_jamsil_subway": 35, "reach_bucket_jamsil_subway": "30-45", "reach_min_jamsil_rail": 35, "reach_bucket_jamsil_rail": "30-45", "reach_min_konkuk_subway": 24, "reach_bucket_konkuk_subway": "20-30", "reach_min_konkuk_rail": 24, "reach_bucket_konkuk_rail": "20-30", "reach_min_hongik_subway": 33, "reach_bucket_hongik_subway": "30-45", "reach_min_hongik_rail": 33, "reach_bucket_hongik_rail": "30-45"}}, {"type": "Feature", "geometry": {"type": "Point", "coordinates": [126.98629, 37.5609]}, "properties": {"id": "kr_035", "name": "Myeong-dong", "district": "Jung-gu", "transit_stress_score": 23.3, "transit_stress_tier": "very-high", "walk_stress_score": 37.5, "walk_stress_tier": "very-low", "reach_min_seoul_station_subway": 4, "reach_bucket_seoul_station_subway": "<10", "reach_min_seoul_station_rail": 4, "reach_bucket_seoul_station_rail": "<10", "reach_min_city_hall_subway": 6, "reach_bucket_city_hall_subway": "<10", "reach_min_city_hall_rail": 6, "reach_bucket_city_hall_rail": "<10", "reach_min_gangnam_subway": 22, "reach_bucket_gangnam_subway": "20-30", "reach_min_gangnam_rail": 22, "reach_bucket_gangnam_rail": "20-30", "reach_min_wangsimni_subway": 11, "reach_bucket_wangsimni_subway": "10-20", "reach_min_wangsimni_rail": 11, "reach_bucket_wangsimni_rail": "10-20", "reach_min_sadang_subway": 24, "reach_bucket_sadang_subway": "20-30", "reach_min_sadang_rail": 24, "reach_bucket_sadang_rail": "20-30", "reach_min_jamsil_subway": 31, "reach_bucket_jamsil_subway": "30-45", "reach_min_jamsil_rail": 31, "reach_bucket_jamsil_rail": "30-45", "reach_min_konkuk_subway": 20, "reach_bucket_konkuk_subway": "20-30", "reach_min_konkuk_rail": 20, "reach_bucket_konkuk_rail": "20-30", "reach_min_hongik_subway": 18, "reach_bucket_hongik_subway": "10-20", "reach_min_hongik_rail": 18, "reach_bucket_hongik_rail": "10-20"}}, {"type": "Feature", "geometry": {"type": "Point", "coordinates": [126.92415, 37.52168]}, "properties": {"id": "kr_036", "name": "여의도", "district": "Yeongdeungpo-gu", "transit_stress_score": 23.1, "transit_stress_tier": "very-high", "walk_stress_score": 75.0, "walk_stress_tier": "very-low", "reach_min_seoul_station_subway": 15, "reach_bucket_seoul_station_subway": "10-20", "reach_min_seoul_station_rail": 15, "reach_bucket_seoul_station_rail": "10-20", "reach_min_city_hall_subway": 18, "reach_bucket_city_hall_subway": "10-20", "reach_min_city_hall_rail": 18, "reach_bucket_city_hall_rail": "10-20", "reach_min_gangnam_subway": 21, "reach_bucket_gangnam_subway": "20-30", "reach_min_gangnam_rail": 21, "reach_bucket_gangnam_rail": "20-30", "reach_min_wangsimni_subway": 30, "reach_bucket_wangsimni_subway": "30-45", "reach_min_wangsimni_rail": 30, "reach_bucket_wangsimni_rail": "30-45", "reach_min_sadang_subway": 17, "reach_bucket_sadang_subway": "10-20", "reach_min_sadang_rail": 17, "reach_bucket_sadang_rail": "10-20", "reach_min_jamsil_subway": 34, "reach_bucket_jamsil_subway": "30-45", "reach_min_jamsil_rail": 34, "reach_bucket_jamsil_rail": "30-45", "reach_min_konkuk_subway": 39, "reach_bucket_konkuk_subway": "30-45", "reach_min_konkuk_rail": 39, "reach_bucket_konkuk_rail": "30-45", "reach_min_hongik_subway": 11, "reach_bucket_hongik_subway": "10-20", "reach_min_hongik_rail": 11, "reach_bucket_hongik_rail": "10-20"}}, {"type": "Feature", "geometry": {"type": "Point", "coordinates": [127.0673, 37.6018]}, "properties": {"id": "kr_037", "name": "Sinimun (Korea National University of Arts)", "district": "Dongdaemun-gu", "transit_stress_score": 22.8, "transit_stress_tier": "very-high", "walk_stress_score": 87.5, "walk_stress_tier": "very-low", "reach_min_seoul_station_subway": 25, "reach_bucket_seoul_station_subway": "20-30", "reach_min_seoul_station_rail": 25, "reach_bucket_seoul_station_rail": "20-30", "reach_min_city_hall_subway": 23, "reach_bucket_city_hall_subway": "20-30", "reach_min_city_hall_rail": 23, "reach_bucket_city_hall_rail": "20-30", "reach_min_gangnam_subway": 37, "reach_bucket_gangnam_subway": "30-45", "reach_min_gangnam_rail": 37, "reach_bucket_gangnam_rail": "30-45", "reach_min_wangsimni_subway": 23, "reach_bucket_wangsimni_subway": "20-30", "reach_min_wangsimni_rail": 23, "reach_bucket_wangsimni_rail": "20-30", "reach_min_sadang_subway": 45, "reach_bucket_sadang_subway": "45-60", "reach_min_sadang_rail": 45, "reach_bucket_sadang_rail": "45-60", "reach_min_jamsil_subway": 37, "reach_bucket_jamsil_subway": "30-45", "reach_min_jamsil_rail": 37, "reach_bucket_jamsil_rail": "30-45", "reach_min_konkuk_subway": 25, "reach_bucket_konkuk_subway": "20-30", "reach_min_konkuk_rail": 25, "reach_bucket_konkuk_rail": "20-30", "reach_min_hongik_subway": 34, "reach_bucket_hongik_subway": "30-45", "reach_min_hongik_rail": 34, "reach_bucket_hongik_rail": "30-45"}}, {"type": "Feature", "geometry": {"type": "Point", "coordinates": [127.03832, 37.47014]}, "properties": {"id": "kr_038", "name": "Yangjae Citizen's Forest", "district": "Seocho-gu", "transit_stress_score": 22.6, "transit_stress_tier": "very-high", "walk_stress_score": 100.0, "walk_stress_tier": "mid", "reach_min_seoul_station_subway": 31, "reach_bucket_seoul_station_subway": "30-45", "reach_min_seoul_station_rail": 31, "reach_bucket_seoul_station_rail": "30-45", "reach_min_city_hall_subway": 32, "reach_bucket_city_hall_subway": "30-45", "reach_min_city_hall_rail": 32, "reach_bucket_city_hall_rail": "30-45", "reach_min_gangnam_subway": 7, "reach_bucket_gangnam_subway": "<10", "reach_min_gangnam_rail": 7, "reach_bucket_gangnam_rail": "<10", "reach_min_wangsimni_subway": 31, "reach_bucket_wangsimni_subway": "30-45", "reach_min_wangsimni_rail": 31, "reach_bucket_wangsimni_rail": "30-45", "reach_min_sadang_subway": 17, "reach_bucket_sadang_subway": "10-20", "reach_min_sadang_rail": 17, "reach_bucket_sadang_rail": "10-20", "reach_min_jamsil_subway": 22, "reach_bucket_jamsil_subway": "20-30", "reach_min_jamsil_rail": 22, "reach_bucket_jamsil_rail": "20-30", "reach_min_konkuk_subway": 33, "reach_bucket_konkuk_subway": "30-45", "reach_min_konkuk_rail": 33, "reach_bucket_konkuk_rail": "30-45", "reach_min_hongik_subway": 39, "reach_bucket_hongik_subway": "30-45", "reach_min_hongik_rail": 39, "reach_bucket_hongik_rail": "30-45"}}, {"type": "Feature", "geometry": {"type": "Point", "coordinates": [127.06573, 37.61499]}, "properties": {"id": "kr_039", "name": "Seokgye", "district": "Nowon-gu", "transit_stress_score": 22.0, "transit_stress_tier": "very-high", "walk_stress_score": 87.5, "walk_stress_tier": "very-low", "reach_min_seoul_station_subway": 28, "reach_bucket_seoul_station_subway": "20-30", "reach_min_seoul_station_rail": 28, "reach_bucket_seoul_station_rail": "20-30", "reach_min_city_hall_subway": 26, "reach_bucket_city_hall_subway": "20-30", "reach_min_city_hall_rail": 26, "reach_bucket_city_hall_rail": "20-30", "reach_min_gangnam_subway": 40, "reach_bucket_gangnam_subway": "30-45", "reach_min_gangnam_rail": 40, "reach_bucket_gangnam_rail": "30-45", "reach_min_wangsimni_subway": 26, "reach_bucket_wangsimni_subway": "20-30", "reach_min_wangsimni_rail": 26, "reach_bucket_wangsimni_rail": "20-30", "reach_min_sadang_subway": 48, "reach_bucket_sadang_subway": "45-60", "reach_min_sadang_rail": 48, "reach_bucket_sadang_rail": "45-60", "reach_min_jamsil_subway": 40, "reach_bucket_jamsil_subway": "30-45", "reach_min_jamsil_rail": 40, "reach_bucket_jamsil_rail": "30-45", "reach_min_konkuk_subway": 29, "reach_bucket_konkuk_subway": "20-30", "reach_min_konkuk_rail": 29, "reach_bucket_konkuk_rail": "20-30", "reach_min_hongik_subway": 38, "reach_bucket_hongik_subway": "30-45", "reach_min_hongik_rail": 38, "reach_bucket_hongik_rail": "30-45"}}, {"type": "Feature", "geometry": {"type": "Point", "coordinates": [127.05454, 37.44837]}, "properties": {"id": "kr_040", "name": "Cheonggyesan", "district": "Seocho-gu", "transit_stress_score": 21.7, "transit_stress_tier": "very-high", "walk_stress_score": 100.0, "walk_stress_tier": "mid", "reach_min_seoul_station_subway": 36, "reach_bucket_seoul_station_subway": "30-45", "reach_min_seoul_station_rail": 36, "reach_bucket_seoul_station_rail": "30-45", "reach_min_city_hall_subway": 38, "reach_bucket_city_hall_subway": "30-45", "reach_min_city_hall_rail": 38, "reach_bucket_city_hall_rail": "30-45", "reach_min_gangnam_subway": 12, "reach_bucket_gangnam_subway": "10-20", "reach_min_gangnam_rail": 12, "reach_bucket_gangnam_rail": "10-20", "reach_min_wangsimni_subway": 37, "reach_bucket_wangsimni_subway": "30-45", "reach_min_wangsimni_rail": 37, "reach_bucket_wangsimni_rail": "30-45", "reach_min_sadang_subway": 23, "reach_bucket_sadang_subway": "20-30", "reach_min_sadang_rail": 23, "reach_bucket_sadang_rail": "20-30", "reach_min_jamsil_subway": 28, "reach_bucket_jamsil_subway": "20-30", "reach_min_jamsil_rail": 28, "reach_bucket_jamsil_rail": "20-30", "reach_min_konkuk_subway": 39, "reach_bucket_konkuk_subway": "30-45", "reach_min_konkuk_rail": 39, "reach_bucket_konkuk_rail": "30-45", "reach_min_hongik_subway": 45, "reach_bucket_hongik_subway": "45-60", "reach_min_hongik_rail": 45, "reach_bucket_hongik_rail": "45-60"}}, {"type": "Feature", "geometry": {"type": "Point", "coordinates": [127.11136, 37.39454]}, "properties": {"id": "kr_041", "name": "Pangyo", "district": null, "transit_stress_score": 21.4, "transit_stress_tier": "very-high", "walk_stress_score": 100.0, "walk_stress_tier": "mid", "reach_min_seoul_station_subway": 51, "reach_bucket_seoul_station_subway": "45-60", "reach_min_seoul_station_rail": 51, "reach_bucket_seoul_station_rail": "45-60", "reach_min_city_hall_subway": 53, "reach_bucket_city_hall_subway": "45-60", "reach_min_city_hall_rail": 53, "reach_bucket_city_hall_rail": "45-60", "reach_min_gangnam_subway": 27, "reach_bucket_gangnam_subway": "20-30", "reach_min_gangnam_rail": 27, "reach_bucket_gangnam_rail": "20-30", "reach_min_wangsimni_subway": 51, "reach_bucket_wangsimni_subway": "45-60", "reach_min_wangsimni_rail": 51, "reach_bucket_wangsimni_rail": "45-60", "reach_min_sadang_subway": 37, "reach_bucket_sadang_subway": "30-45", "reach_min_sadang_rail": 37, "reach_bucket_sadang_rail": "30-45", "reach_min_jamsil_subway": 42, "reach_bucket_jamsil_subway": "30-45", "reach_min_jamsil_rail": 42, "reach_bucket_jamsil_rail": "30-45", "reach_min_konkuk_subway": 53, "reach_bucket_konkuk_subway": "45-60", "reach_min_konkuk_rail": 53, "reach_bucket_konkuk_rail": "45-60", "reach_min_hongik_subway": 59, "reach_bucket_hongik_subway": "45-60", "reach_min_hongik_rail": 59, "reach_bucket_hongik_rail": "45-60"}}, {"type": "Feature", "geometry": {"type": "Point", "coordinates": [127.06176, 37.6238]}, "properties": {"id": "kr_042", "name": "Kwangwoon University", "district": "Nowon-gu", "transit_stress_score": 21.3, "transit_stress_tier": "very-high", "walk_stress_score": 100.0, "walk_stress_tier": "mid", "reach_min_seoul_station_subway": 31, "reach_bucket_seoul_station_subway": "30-45", "reach_min_seoul_station_rail": 31, "reach_bucket_seoul_station_rail": "30-45", "reach_min_city_hall_subway": 29, "reach_bucket_city_hall_subway": "20-30", "reach_min_city_hall_rail": 29, "reach_bucket_city_hall_rail": "20-30", "reach_min_gangnam_subway": 43, "reach_bucket_gangnam_subway": "30-45", "reach_min_gangnam_rail": 43, "reach_bucket_gangnam_rail": "30-45", "reach_min_wangsimni_subway": 29, "reach_bucket_wangsimni_subway": "20-30", "reach_min_wangsimni_rail": 29, "reach_bucket_wangsimni_rail": "20-30", "reach_min_sadang_subway": 51, "reach_bucket_sadang_subway": "45-60", "reach_min_sadang_rail": 51, "reach_bucket_sadang_rail": "45-60", "reach_min_jamsil_subway": 42, "reach_bucket_jamsil_subway": "30-45", "reach_min_jamsil_rail": 42, "reach_bucket_jamsil_rail": "30-45", "reach_min_konkuk_subway": 31, "reach_bucket_konkuk_subway": "30-45", "reach_min_konkuk_rail": 31, "reach_bucket_konkuk_rail": "30-45", "reach_min_hongik_subway": 40, "reach_bucket_hongik_subway": "30-45", "reach_min_hongik_rail": 40, "reach_bucket_hongik_rail": "30-45"}}, {"type": "Feature", "geometry": {"type": "Point", "coordinates": [126.99974, 37.26612]}, "properties": {"id": "kr_043", "name": "Suwon", "district": null, "transit_stress_score": 20.5, "transit_stress_tier": "very-high", "walk_stress_score": 100.0, "walk_stress_tier": "mid", "reach_min_seoul_station_subway": 72, "reach_bucket_seoul_station_subway": "60-90", "reach_min_seoul_station_rail": 72, "reach_bucket_seoul_station_rail": "60-90", "reach_min_city_hall_subway": 74, "reach_bucket_city_hall_subway": "60-90", "reach_min_city_hall_rail": 74, "reach_bucket_city_hall_rail": "60-90", "reach_min_gangnam_subway": 69, "reach_bucket_gangnam_subway": "60-90", "reach_min_gangnam_rail": 69, "reach_bucket_gangnam_rail": "60-90", "reach_min_wangsimni_subway": 86, "reach_bucket_wangsimni_subway": "60-90", "reach_min_wangsimni_rail": 86, "reach_bucket_wangsimni_rail": "60-90", "reach_min_sadang_subway": 58, "reach_bucket_sadang_subway": "45-60", "reach_min_sadang_rail": 58, "reach_bucket_sadang_rail": "45-60", "reach_min_jamsil_subway": 84, "reach_bucket_jamsil_subway": "60-90", "reach_min_jamsil_rail": 84, "reach_bucket_jamsil_rail": "60-90", "reach_min_konkuk_subway": 95, "reach_bucket_konkuk_subway": "90-120", "reach_min_konkuk_rail": 95, "reach_bucket_konkuk_rail": "90-120", "reach_min_hongik_subway": 72, "reach_bucket_hongik_subway": "60-90", "reach_min_hongik_rail": 72, "reach_bucket_hongik_rail": "60-90"}}, {"type": "Feature", "geometry": {"type": "Point", "coordinates": [127.04631, 37.68956]}, "properties": {"id": "kr_044", "name": "Dobongsan", "district": "Dobong-gu", "transit_stress_score": 20.3, "transit_stress_tier": "very-high", "walk_stress_score": 100.0, "walk_stress_tier": "mid", "reach_min_seoul_station_subway": 45, "reach_bucket_seoul_station_subway": "45-60", "reach_min_seoul_station_rail": 45, "reach_bucket_seoul_station_rail": "45-60", "reach_min_city_hall_subway": 43, "reach_bucket_city_hall_subway": "30-45", "reach_min_city_hall_rail": 43, "reach_bucket_city_hall_rail": "30-45", "reach_min_gangnam_subway": 57, "reach_bucket_gangnam_subway": "45-60", "reach_min_gangnam_rail": 57, "reach_bucket_gangnam_rail": "45-60", "reach_min_wangsimni_subway": 43, "reach_bucket_wangsimni_subway": "30-45", "reach_min_wangsimni_rail": 43, "reach_bucket_wangsimni_rail": "30-45", "reach_min_sadang_subway": 65, "reach_bucket_sadang_subway": "60-90", "reach_min_sadang_rail": 65, "reach_bucket_sadang_rail": "60-90", "reach_min_jamsil_subway": 57, "reach_bucket_jamsil_subway": "45-60", "reach_min_jamsil_rail": 57, "reach_bucket_jamsil_rail": "45-60", "reach_min_konkuk_subway": 46, "reach_bucket_konkuk_subway": "45-60", "reach_min_konkuk_rail": 46, "reach_bucket_konkuk_rail": "45-60", "reach_min_hongik_subway": 55, "reach_bucket_hongik_subway": "45-60", "reach_min_hongik_rail": 55, "reach_bucket_hongik_rail": "45-60"}}, {"type": "Feature", "geometry": {"type": "Point", "coordinates": [127.04773, 37.65317]}, "properties": {"id": "kr_045", "name": "Chang-Dong", "district": "Dobong-gu", "transit_stress_score": 19.7, "transit_stress_tier": "very-high", "walk_stress_score": 75.0, "walk_stress_tier": "very-low", "reach_min_seoul_station_subway": 38, "reach_bucket_seoul_station_subway": "30-45", "reach_min_seoul_station_rail": 38, "reach_bucket_seoul_station_rail": "30-45", "reach_min_city_hall_subway": 35, "reach_bucket_city_hall_subway": "30-45", "reach_min_city_hall_rail": 35, "reach_bucket_city_hall_rail": "30-45", "reach_min_gangnam_subway": 49, "reach_bucket_gangnam_subway": "45-60", "reach_min_gangnam_rail": 49, "reach_bucket_gangnam_rail": "45-60", "reach_min_wangsimni_subway": 36, "reach_bucket_wangsimni_subway": "30-45", "reach_min_wangsimni_rail": 36, "reach_bucket_wangsimni_rail": "30-45", "reach_min_sadang_subway": 57, "reach_bucket_sadang_subway": "45-60", "reach_min_sadang_rail": 57, "reach_bucket_sadang_rail": "45-60", "reach_min_jamsil_subway": 49, "reach_bucket_jamsil_subway": "45-60", "reach_min_jamsil_rail": 49, "reach_bucket_jamsil_rail": "45-60", "reach_min_konkuk_subway": 38, "reach_bucket_konkuk_subway": "30-45", "reach_min_konkuk_rail": 38, "reach_bucket_konkuk_rail": "30-45", "reach_min_hongik_subway": 47, "reach_bucket_hongik_subway": "45-60", "reach_min_hongik_rail": 47, "reach_bucket_hongik_rail": "45-60"}}, {"type": "Feature", "geometry": {"type": "Point", "coordinates": [127.07954, 37.55718]}, "properties": {"id": "kr_046", "name": "군자", "district": "Gwangjin-gu", "transit_stress_score": 18.9, "transit_stress_tier": "very-high", "walk_stress_score": 100.0, "walk_stress_tier": "mid", "reach_min_seoul_station_subway": 24, "reach_bucket_seoul_station_subway": "20-30", "reach_min_seoul_station_rail": 24, "reach_bucket_seoul_station_rail": "20-30", "reach_min_city_hall_subway": 23, "reach_bucket_city_hall_subway": "20-30", "reach_min_city_hall_rail": 23, "reach_bucket_city_hall_rail": "20-30", "reach_min_gangnam_subway": 27, "reach_bucket_gangnam_subway": "20-30", "reach_min_gangnam_rail": 27, "reach_bucket_gangnam_rail": "20-30", "reach_min_wangsimni_subway": 10, "reach_bucket_wangsimni_subway": "10-20", "reach_min_wangsimni_rail": 10, "reach_bucket_wangsimni_rail": "10-20", "reach_min_sadang_subway": 33, "reach_bucket_sadang_subway": "30-45", "reach_min_sadang_rail": 33, "reach_bucket_sadang_rail": "30-45", "reach_min_jamsil_subway": 30, "reach_bucket_jamsil_subway": "30-45", "reach_min_jamsil_rail": 30, "reach_bucket_jamsil_rail": "30-45", "reach_min_konkuk_subway": 19, "reach_bucket_konkuk_subway": "10-20", "reach_min_konkuk_rail": 19, "reach_bucket_konkuk_rail": "10-20", "reach_min_hongik_subway": 34, "reach_bucket_hongik_subway": "30-45", "reach_min_hongik_rail": 34, "reach_bucket_hongik_rail": "30-45"}}, {"type": "Feature", "geometry": {"type": "Point", "coordinates": [127.03312, 37.20683]}, "properties": {"id": "kr_047", "name": "Byeongjeom", "district": null, "transit_stress_score": 18.8, "transit_stress_tier": "very-high", "walk_stress_score": 100.0, "walk_stress_tier": "mid", "reach_min_seoul_station_subway": 85, "reach_bucket_seoul_station_subway": "60-90", "reach_min_seoul_station_rail": 85, "reach_bucket_seoul_station_rail": "60-90", "reach_min_city_hall_subway": 88, "reach_bucket_city_hall_subway": "60-90", "reach_min_city_hall_rail": 88, "reach_bucket_city_hall_rail": "60-90", "reach_min_gangnam_subway": 82, "reach_bucket_gangnam_subway": "60-90", "reach_min_gangnam_rail": 82, "reach_bucket_gangnam_rail": "60-90", "reach_min_wangsimni_subway": 100, "reach_bucket_wangsimni_subway": "90-120", "reach_min_wangsimni_rail": 100, "reach_bucket_wangsimni_rail": "90-120", "reach_min_sadang_subway": 71, "reach_bucket_sadang_subway": "60-90", "reach_min_sadang_rail": 71, "reach_bucket_sadang_rail": "60-90", "reach_min_jamsil_subway": 97, "reach_bucket_jamsil_subway": "90-120", "reach_min_jamsil_rail": 97, "reach_bucket_jamsil_rail": "90-120", "reach_min_konkuk_subway": 109, "reach_bucket_konkuk_subway": "90-120", "reach_min_konkuk_rail": 109, "reach_bucket_konkuk_rail": "90-120", "reach_min_hongik_subway": 86, "reach_bucket_hongik_subway": "60-90", "reach_min_hongik_rail": 86, "reach_bucket_hongik_rail": "60-90"}}, {"type": "Feature", "geometry": {"type": "Point", "coordinates": [127.13061, 37.51612]}, "properties": {"id": "kr_048", "name": "올림픽공원", "district": "Songpa-gu", "transit_stress_score": 18.6, "transit_stress_tier": "very-high", "walk_stress_score": 87.5, "walk_stress_tier": "very-low", "reach_min_seoul_station_subway": 41, "reach_bucket_seoul_station_subway": "30-45", "reach_min_seoul_station_rail": 41, "reach_bucket_seoul_station_rail": "30-45", "reach_min_city_hall_subway": 40, "reach_bucket_city_hall_subway": "30-45", "reach_min_city_hall_rail": 40, "reach_bucket_city_hall_rail": "30-45", "reach_min_gangnam_subway": 21, "reach_bucket_gangnam_subway": "20-30", "reach_min_gangnam_rail": 21, "reach_bucket_gangnam_rail": "20-30", "reach_min_wangsimni_subway": 27, "reach_bucket_wangsimni_subway": "20-30", "reach_min_wangsimni_rail": 27, "reach_bucket_wangsimni_rail": "20-30", "reach_min_sadang_subway": 32, "reach_bucket_sadang_subway": "30-45", "reach_min_sadang_rail": 32, "reach_bucket_sadang_rail": "30-45", "reach_min_jamsil_subway": 16, "reach_bucket_jamsil_subway": "10-20", "reach_min_jamsil_rail": 16, "reach_bucket_jamsil_rail": "10-20", "reach_min_konkuk_subway": 27, "reach_bucket_konkuk_subway": "20-30", "reach_min_konkuk_rail": 27, "reach_bucket_konkuk_rail": "20-30", "reach_min_hongik_subway": 51, "reach_bucket_hongik_subway": "45-60", "reach_min_hongik_rail": 51, "reach_bucket_hongik_rail": "45-60"}}, {"type": "Feature", "geometry": {"type": "Point", "coordinates": [126.90268, 37.53419]}, "properties": {"id": "kr_049", "name": "Dangsan", "district": "Yeongdeungpo-gu", "transit_stress_score": 17.6, "transit_stress_tier": "very-high", "walk_stress_score": 100.0, "walk_stress_tier": "mid", "reach_min_seoul_station_subway": 20, "reach_bucket_seoul_station_subway": "20-30", "reach_min_seoul_station_rail": 20, "reach_bucket_seoul_station_rail": "20-30", "reach_min_city_hall_subway": 18, "reach_bucket_city_hall_subway": "10-20", "reach_min_city_hall_rail": 18, "reach_bucket_city_hall_rail": "10-20", "reach_min_gangnam_subway": 26, "reach_bucket_gangnam_subway": "20-30", "reach_min_gangnam_rail": 26, "reach_bucket_gangnam_rail": "20-30", "reach_min_wangsimni_subway": 31, "reach_bucket_wangsimni_subway": "30-45", "reach_min_wangsimni_rail": 31, "reach_bucket_wangsimni_rail": "30-45", "reach_min_sadang_subway": 22, "reach_bucket_sadang_subway": "20-30", "reach_min_sadang_rail": 22, "reach_bucket_sadang_rail": "20-30", "reach_min_jamsil_subway": 39, "reach_bucket_jamsil_subway": "30-45", "reach_min_jamsil_rail": 39, "reach_bucket_jamsil_rail": "30-45", "reach_min_konkuk_subway": 41, "reach_bucket_konkuk_subway": "30-45", "reach_min_konkuk_rail": 41, "reach_bucket_konkuk_rail": "30-45", "reach_min_hongik_subway": 7, "reach_bucket_hongik_subway": "<10", "reach_min_hongik_rail": 7, "reach_bucket_hongik_rail": "<10"}}, {"type": "Feature", "geometry": {"type": "Point", "coordinates": [127.00212, 37.57098]}, "properties": {"id": "kr_050", "name": "Jongno 5(o)-ga", "district": "Jongno-gu", "transit_stress_score": 17.4, "transit_stress_tier": "very-high", "walk_stress_score": 50.0, "walk_stress_tier": "very-low", "reach_min_seoul_station_subway": 9, "reach_bucket_seoul_station_subway": "<10", "reach_min_seoul_station_rail": 9, "reach_bucket_seoul_station_rail": "<10", "reach_min_city_hall_subway": 6, "reach_bucket_city_hall_subway": "<10", "reach_min_city_hall_rail": 6, "reach_bucket_city_hall_rail": "<10", "reach_min_gangnam_subway": 24, "reach_bucket_gangnam_subway": "20-30", "reach_min_gangnam_rail": 24, "reach_bucket_gangnam_rail": "20-30", "reach_min_wangsimni_subway": 10, "reach_bucket_wangsimni_subway": "10-20", "reach_min_wangsimni_rail": 10, "reach_bucket_wangsimni_rail": "10-20", "reach_min_sadang_subway": 29, "reach_bucket_sadang_subway": "20-30", "reach_min_sadang_rail": 29, "reach_bucket_sadang_rail": "20-30", "reach_min_jamsil_subway": 30, "reach_bucket_jamsil_subway": "30-45", "reach_min_jamsil_rail": 30, "reach_bucket_jamsil_rail": "30-45", "reach_min_konkuk_subway": 19, "reach_bucket_konkuk_subway": "10-20", "reach_min_konkuk_rail": 19, "reach_bucket_konkuk_rail": "10-20", "reach_min_hongik_subway": 17, "reach_bucket_hongik_subway": "10-20", "reach_min_hongik_rail": 17, "reach_bucket_hongik_rail": "10-20"}}, {"type": "Feature", "geometry": {"type": "Point", "coordinates": [127.13262, 37.53582]}, "properties": {"id": "kr_051", "name": "강동", "district": "Gangdong-gu", "transit_stress_score": 15.9, "transit_stress_tier": "very-high", "walk_stress_score": 87.5, "walk_stress_tier": "very-low", "reach_min_seoul_station_subway": 36, "reach_bucket_seoul_station_subway": "30-45", "reach_min_seoul_station_rail": 36, "reach_bucket_seoul_station_rail": "30-45", "reach_min_city_hall_subway": 35, "reach_bucket_city_hall_subway": "30-45", "reach_min_city_hall_rail": 35, "reach_bucket_city_hall_rail": "30-45", "reach_min_gangnam_subway": 26, "reach_bucket_gangnam_subway": "20-30", "reach_min_gangnam_rail": 26, "reach_bucket_gangnam_rail": "20-30", "reach_min_wangsimni_subway": 21, "reach_bucket_wangsimni_subway": "20-30", "reach_min_wangsimni_rail": 21, "reach_bucket_wangsimni_rail": "20-30", "reach_min_sadang_subway": 37, "reach_bucket_sadang_subway": "30-45", "reach_min_sadang_rail": 37, "reach_bucket_sadang_rail": "30-45", "reach_min_jamsil_subway": 21, "reach_bucket_jamsil_subway": "20-30", "reach_min_jamsil_rail": 21, "reach_bucket_jamsil_rail": "20-30", "reach_min_konkuk_subway": 31, "reach_bucket_konkuk_subway": "30-45", "reach_min_konkuk_rail": 31, "reach_bucket_konkuk_rail": "30-45", "reach_min_hongik_subway": 46, "reach_bucket_hongik_subway": "45-60", "reach_min_hongik_rail": 46, "reach_bucket_hongik_rail": "45-60"}}, {"type": "Feature", "geometry": {"type": "Point", "coordinates": [127.01422, 37.49342]}, "properties": {"id": "kr_052", "name": "Seoul Nat'l Univ. of Education (Court & Public Prosecutors' Office)", "district": "Seocho-gu", "transit_stress_score": 15.8, "transit_stress_tier": "very-high", "walk_stress_score": 87.5, "walk_stress_tier": "very-low", "reach_min_seoul_station_subway": 21, "reach_bucket_seoul_station_subway": "20-30", "reach_min_seoul_station_rail": 21, "reach_bucket_seoul_station_rail": "20-30", "reach_min_city_hall_subway": 24, "reach_bucket_city_hall_subway": "20-30", "reach_min_city_hall_rail": 24, "reach_bucket_city_hall_rail": "20-30", "reach_min_gangnam_subway": 3, "reach_bucket_gangnam_subway": "<10", "reach_min_gangnam_rail": 3, "reach_bucket_gangnam_rail": "<10", "reach_min_wangsimni_subway": 26, "reach_bucket_wangsimni_subway": "20-30", "reach_min_wangsimni_rail": 26, "reach_bucket_wangsimni_rail": "20-30", "reach_min_sadang_subway": 8, "reach_bucket_sadang_subway": "<10", "reach_min_sadang_rail": 8, "reach_bucket_sadang_rail": "<10", "reach_min_jamsil_subway": 18, "reach_bucket_jamsil_subway": "10-20", "reach_min_jamsil_rail": 18, "reach_bucket_jamsil_rail": "10-20", "reach_min_konkuk_subway": 29, "reach_bucket_konkuk_subway": "20-30", "reach_min_konkuk_rail": 29, "reach_bucket_konkuk_rail": "20-30", "reach_min_hongik_subway": 30, "reach_bucket_hongik_subway": "30-45", "reach_min_hongik_rail": 30, "reach_bucket_hongik_rail": "30-45"}}, {"type": "Feature", "geometry": {"type": "Point", "coordinates": [127.06667, 37.14483]}, "properties": {"id": "kr_053", "name": "Osan", "district": null, "transit_stress_score": 15.6, "transit_stress_tier": "very-high", "walk_stress_score": 100.0, "walk_stress_tier": "mid", "reach_min_seoul_station_subway": 100, "reach_bucket_seoul_station_subway": "90-120", "reach_min_seoul_station_rail": 100, "reach_bucket_seoul_station_rail": "90-120", "reach_min_city_hall_subway": 102, "reach_bucket_city_hall_subway": "90-120", "reach_min_city_hall_rail": 102, "reach_bucket_city_hall_rail": "90-120", "reach_min_gangnam_subway": 96, "reach_bucket_gangnam_subway": "90-120", "reach_min_gangnam_rail": 96, "reach_bucket_gangnam_rail": "90-120", "reach_min_wangsimni_subway": 114, "reach_bucket_wangsimni_subway": "90-120", "reach_min_wangsimni_rail": 114, "reach_bucket_wangsimni_rail": "90-120", "reach_min_sadang_subway": 86, "reach_bucket_sadang_subway": "60-90", "reach_min_sadang_rail": 86, "reach_bucket_sadang_rail": "60-90", "reach_min_jamsil_subway": 112, "reach_bucket_jamsil_subway": "90-120", "reach_min_jamsil_rail": 112, "reach_bucket_jamsil_rail": "90-120", "reach_min_konkuk_subway": 120, "reach_bucket_konkuk_subway": "120+", "reach_min_konkuk_rail": 120, "reach_bucket_konkuk_rail": "120+", "reach_min_hongik_subway": 100, "reach_bucket_hongik_subway": "90-120", "reach_min_hongik_rail": 100, "reach_bucket_hongik_rail": "90-120"}}, {"type": "Feature", "geometry": {"type": "Point", "coordinates": [127.01043, 37.55442]}, "properties": {"id": "kr_054", "name": "약수", "district": "Jung-gu", "transit_stress_score": 15.5, "transit_stress_tier": "very-high", "walk_stress_score": 37.5, "walk_stress_tier": "very-low", "reach_min_seoul_station_subway": 12, "reach_bucket_seoul_station_subway": "10-20", "reach_min_seoul_station_rail": 12, "reach_bucket_seoul_station_rail": "10-20", "reach_min_city_hall_subway": 11, "reach_bucket_city_hall_subway": "10-20", "reach_min_city_hall_rail": 11, "reach_bucket_city_hall_rail": "10-20", "reach_min_gangnam_subway": 16, "reach_bucket_gangnam_subway": "10-20", "reach_min_gangnam_rail": 16, "reach_bucket_gangnam_rail": "10-20", "reach_min_wangsimni_subway": 8, "reach_bucket_wangsimni_subway": "<10", "reach_min_wangsimni_rail": 8, "reach_bucket_wangsimni_rail": "<10", "reach_min_sadang_subway": 26, "reach_bucket_sadang_subway": "20-30", "reach_min_sadang_rail": 26, "reach_bucket_sadang_rail": "20-30", "reach_min_jamsil_subway": 28, "reach_bucket_jamsil_subway": "20-30", "reach_min_jamsil_rail": 28, "reach_bucket_jamsil_rail": "20-30", "reach_min_konkuk_subway": 17, "reach_bucket_konkuk_subway": "10-20", "reach_min_konkuk_rail": 17, "reach_bucket_konkuk_rail": "10-20", "reach_min_hongik_subway": 22, "reach_bucket_hongik_subway": "20-30", "reach_min_hongik_rail": 22, "reach_bucket_hongik_rail": "20-30"}}, {"type": "Feature", "geometry": {"type": "Point", "coordinates": [127.12332, 37.53833]}, "properties": {"id": "kr_055", "name": "Cheonho", "district": "Gangdong-gu", "transit_stress_score": 15.5, "transit_stress_tier": "very-high", "walk_stress_score": 100.0, "walk_stress_tier": "mid", "reach_min_seoul_station_subway": 34, "reach_bucket_seoul_station_subway": "30-45", "reach_min_seoul_station_rail": 34, "reach_bucket_seoul_station_rail": "30-45", "reach_min_city_hall_subway": 33, "reach_bucket_city_hall_subway": "30-45", "reach_min_city_hall_rail": 33, "reach_bucket_city_hall_rail": "30-45", "reach_min_gangnam_subway": 26, "reach_bucket_gangnam_subway": "20-30", "reach_min_gangnam_rail": 26, "reach_bucket_gangnam_rail": "20-30", "reach_min_wangsimni_subway": 19, "reach_bucket_wangsimni_subway": "10-20", "reach_min_wangsimni_rail": 19, "reach_bucket_wangsimni_rail": "10-20", "reach_min_sadang_subway": 37, "reach_bucket_sadang_subway": "30-45", "reach_min_sadang_rail": 37, "reach_bucket_sadang_rail": "30-45", "reach_min_jamsil_subway": 21, "reach_bucket_jamsil_subway": "20-30", "reach_min_jamsil_rail": 21, "reach_bucket_jamsil_rail": "20-30", "reach_min_konkuk_subway": 28, "reach_bucket_konkuk_subway": "20-30", "reach_min_konkuk_rail": 28, "reach_bucket_konkuk_rail": "20-30", "reach_min_hongik_subway": 44, "reach_bucket_hongik_subway": "30-45", "reach_min_hongik_rail": 44, "reach_bucket_hongik_rail": "30-45"}}, {"type": "Feature", "geometry": {"type": "Point", "coordinates": [127.01963, 37.51595]}, "properties": {"id": "kr_056", "name": "Sinsa", "district": "Gangnam-gu", "transit_stress_score": 15.3, "transit_stress_tier": "very-high", "walk_stress_score": 75.0, "walk_stress_tier": "very-low", "reach_min_seoul_station_subway": 20, "reach_bucket_seoul_station_subway": "20-30", "reach_min_seoul_station_rail": 20, "reach_bucket_seoul_station_rail": "20-30", "reach_min_city_hall_subway": 20, "reach_bucket_city_hall_subway": "20-30", "reach_min_city_hall_rail": 20, "reach_bucket_city_hall_rail": "20-30", "reach_min_gangnam_subway": 5, "reach_bucket_gangnam_subway": "<10", "reach_min_gangnam_rail": 5, "reach_bucket_gangnam_rail": "<10", "reach_min_wangsimni_subway": 19, "reach_bucket_wangsimni_subway": "10-20", "reach_min_wangsimni_rail": 19, "reach_bucket_wangsimni_rail": "10-20", "reach_min_sadang_subway": 15, "reach_bucket_sadang_subway": "10-20", "reach_min_sadang_rail": 15, "reach_bucket_sadang_rail": "10-20", "reach_min_jamsil_subway": 19, "reach_bucket_jamsil_subway": "10-20", "reach_min_jamsil_rail": 19, "reach_bucket_jamsil_rail": "10-20", "reach_min_konkuk_subway": 28, "reach_bucket_konkuk_subway": "20-30", "reach_min_konkuk_rail": 28, "reach_bucket_konkuk_rail": "20-30", "reach_min_hongik_subway": 31, "reach_bucket_hongik_subway": "30-45", "reach_min_hongik_rail": 31, "reach_bucket_hongik_rail": "30-45"}}, {"type": "Feature", "geometry": {"type": "Point", "coordinates": [127.00196, 37.58214]}, "properties": {"id": "kr_057", "name": "Hyehwa", "district": "Jongno-gu", "transit_stress_score": 15.1, "transit_stress_tier": "very-high", "walk_stress_score": 100.0, "walk_stress_tier": "mid", "reach_min_seoul_station_subway": 13, "reach_bucket_seoul_station_subway": "10-20", "reach_min_seoul_station_rail": 13, "reach_bucket_seoul_station_rail": "10-20", "reach_min_city_hall_subway": 11, "reach_bucket_city_hall_subway": "10-20", "reach_min_city_hall_rail": 11, "reach_bucket_city_hall_rail": "10-20", "reach_min_gangnam_subway": 25, "reach_bucket_gangnam_subway": "20-30", "reach_min_gangnam_rail": 25, "reach_bucket_gangnam_rail": "20-30", "reach_min_wangsimni_subway": 11, "reach_bucket_wangsimni_subway": "10-20", "reach_min_wangsimni_rail": 11, "reach_bucket_wangsimni_rail": "10-20", "reach_min_sadang_subway": 33, "reach_bucket_sadang_subway": "30-45", "reach_min_sadang_rail": 33, "reach_bucket_sadang_rail": "30-45", "reach_min_jamsil_subway": 31, "reach_bucket_jamsil_subway": "30-45", "reach_min_jamsil_rail": 31, "reach_bucket_jamsil_rail": "30-45", "reach_min_konkuk_subway": 20, "reach_bucket_konkuk_subway": "20-30", "reach_min_konkuk_rail": 20, "reach_bucket_konkuk_rail": "20-30", "reach_min_hongik_subway": 22, "reach_bucket_hongik_subway": "20-30", "reach_min_hongik_rail": 22, "reach_bucket_hongik_rail": "20-30"}}, {"type": "Feature", "geometry": {"type": "Point", "coordinates": [126.97358, 37.57582]}, "properties": {"id": "kr_058", "name": "경복궁", "district": "Jongno-gu", "transit_stress_score": 14.9, "transit_stress_tier": "very-high", "walk_stress_score": 75.0, "walk_stress_tier": "very-low", "reach_min_seoul_station_subway": 11, "reach_bucket_seoul_station_subway": "10-20", "reach_min_seoul_station_rail": 11, "reach_bucket_seoul_station_rail": "10-20", "reach_min_city_hall_subway": 8, "reach_bucket_city_hall_subway": "<10", "reach_min_city_hall_rail": 8, "reach_bucket_city_hall_rail": "<10", "reach_min_gangnam_subway": 28, "reach_bucket_gangnam_subway": "20-30", "reach_min_gangnam_rail": 28, "reach_bucket_gangnam_rail": "20-30", "reach_min_wangsimni_subway": 15, "reach_bucket_wangsimni_subway": "10-20", "reach_min_wangsimni_rail": 15, "reach_bucket_wangsimni_rail": "10-20", "reach_min_sadang_subway": 31, "reach_bucket_sadang_subway": "30-45", "reach_min_sadang_rail": 31, "reach_bucket_sadang_rail": "30-45", "reach_min_jamsil_subway": 35, "reach_bucket_jamsil_subway": "30-45", "reach_min_jamsil_rail": 35, "reach_bucket_jamsil_rail": "30-45", "reach_min_konkuk_subway": 24, "reach_bucket_konkuk_subway": "20-30", "reach_min_konkuk_rail": 24, "reach_bucket_konkuk_rail": "20-30", "reach_min_hongik_subway": 20, "reach_bucket_hongik_subway": "20-30", "reach_min_hongik_rail": 20, "reach_bucket_hongik_rail": "20-30"}}, {"type": "Feature", "geometry": {"type": "Point", "coordinates": [127.01745, 37.54169]}, "properties": {"id": "kr_059", "name": "Oksu", "district": "Seongdong-gu", "transit_stress_score": 14.5, "transit_stress_tier": "very-high", "walk_stress_score": 75.0, "walk_stress_tier": "very-low", "reach_min_seoul_station_subway": 13, "reach_bucket_seoul_station_subway": "10-20", "reach_min_seoul_station_rail": 13, "reach_bucket_seoul_station_rail": "10-20", "reach_min_city_hall_subway": 13, "reach_bucket_city_hall_subway": "10-20", "reach_min_city_hall_rail": 13, "reach_bucket_city_hall_rail": "10-20", "reach_min_gangnam_subway": 13, "reach_bucket_gangnam_subway": "10-20", "reach_min_gangnam_rail": 13, "reach_bucket_gangnam_rail": "10-20", "reach_min_wangsimni_subway": 12, "reach_bucket_wangsimni_subway": "10-20", "reach_min_wangsimni_rail": 12, "reach_bucket_wangsimni_rail": "10-20", "reach_min_sadang_subway": 22, "reach_bucket_sadang_subway": "20-30", "reach_min_sadang_rail": 22, "reach_bucket_sadang_rail": "20-30", "reach_min_jamsil_subway": 26, "reach_bucket_jamsil_subway": "20-30", "reach_min_jamsil_rail": 26, "reach_bucket_jamsil_rail": "20-30", "reach_min_konkuk_subway": 21, "reach_bucket_konkuk_subway": "20-30", "reach_min_konkuk_rail": 21, "reach_bucket_konkuk_rail": "20-30", "reach_min_hongik_subway": 24, "reach_bucket_hongik_subway": "20-30", "reach_min_hongik_rail": 24, "reach_bucket_hongik_rail": "20-30"}}, {"type": "Feature", "geometry": {"type": "Point", "coordinates": [126.78273, 37.48411]}, "properties": {"id": "kr_060", "name": "Bucheon", "district": null, "transit_stress_score": 14.2, "transit_stress_tier": "very-high", "walk_stress_score": 100.0, "walk_stress_tier": "mid", "reach_min_seoul_station_subway": 37, "reach_bucket_seoul_station_subway": "30-45", "reach_min_seoul_station_rail": 37, "reach_bucket_seoul_station_rail": "30-45", "reach_min_city_hall_subway": 39, "reach_bucket_city_hall_subway": "30-45", "reach_min_city_hall_rail": 39, "reach_bucket_city_hall_rail": "30-45", "reach_min_gangnam_subway": 46, "reach_bucket_gangnam_subway": "45-60", "reach_min_gangnam_rail": 46, "reach_bucket_gangnam_rail": "45-60", "reach_min_wangsimni_subway": 51, "reach_bucket_wangsimni_subway": "45-60", "reach_min_wangsimni_rail": 51, "reach_bucket_wangsimni_rail": "45-60", "reach_min_sadang_subway": 42, "reach_bucket_sadang_subway": "30-45", "reach_min_sadang_rail": 42, "reach_bucket_sadang_rail": "30-45", "reach_min_jamsil_subway": 60, "reach_bucket_jamsil_subway": "60-90", "reach_min_jamsil_rail": 60, "reach_bucket_jamsil_rail": "60-90", "reach_min_konkuk_subway": 61, "reach_bucket_konkuk_subway": "60-90", "reach_min_konkuk_rail": 61, "reach_bucket_konkuk_rail": "60-90", "reach_min_hongik_subway": 34, "reach_bucket_hongik_subway": "30-45", "reach_min_hongik_rail": 34, "reach_bucket_hongik_rail": "30-45"}}, {"type": "Feature", "geometry": {"type": "Point", "coordinates": [127.00637, 37.5886]}, "properties": {"id": "kr_061", "name": "Hansung Univ. (Samseongyo)", "district": "Seongbuk-gu", "transit_stress_score": 14.2, "transit_stress_tier": "very-high", "walk_stress_score": 100.0, "walk_stress_tier": "mid", "reach_min_seoul_station_subway": 15, "reach_bucket_seoul_station_subway": "10-20", "reach_min_seoul_station_rail": 15, "reach_bucket_seoul_station_rail": "10-20", "reach_min_city_hall_subway": 13, "reach_bucket_city_hall_subway": "10-20", "reach_min_city_hall_rail": 13, "reach_bucket_city_hall_rail": "10-20", "reach_min_gangnam_subway": 27, "reach_bucket_gangnam_subway": "20-30", "reach_min_gangnam_rail": 27, "reach_bucket_gangnam_rail": "20-30", "reach_min_wangsimni_subway": 13, "reach_bucket_wangsimni_subway": "10-20", "reach_min_wangsimni_rail": 13, "reach_bucket_wangsimni_rail": "10-20", "reach_min_sadang_subway": 35, "reach_bucket_sadang_subway": "30-45", "reach_min_sadang_rail": 35, "reach_bucket_sadang_rail": "30-45", "reach_min_jamsil_subway": 33, "reach_bucket_jamsil_subway": "30-45", "reach_min_jamsil_rail": 33, "reach_bucket_jamsil_rail": "30-45", "reach_min_konkuk_subway": 22, "reach_bucket_konkuk_subway": "20-30", "reach_min_konkuk_rail": 22, "reach_bucket_konkuk_rail": "20-30", "reach_min_hongik_subway": 24, "reach_bucket_hongik_subway": "20-30", "reach_min_hongik_rail": 24, "reach_bucket_hongik_rail": "20-30"}}, {"type": "Feature", "geometry": {"type": "Point", "coordinates": [127.04726, 37.7239]}, "properties": {"id": "kr_062", "name": "Hoeryong", "district": null, "transit_stress_score": 14.2, "transit_stress_tier": "very-high", "walk_stress_score": 100.0, "walk_stress_tier": "mid", "reach_min_seoul_station_subway": 53, "reach_bucket_seoul_station_subway": "45-60", "reach_min_seoul_station_rail": 53, "reach_bucket_seoul_station_rail": "45-60", "reach_min_city_hall_subway": 51, "reach_bucket_city_hall_subway": "45-60", "reach_min_city_hall_rail": 51, "reach_bucket_city_hall_rail": "45-60", "reach_min_gangnam_subway": 65, "reach_bucket_gangnam_subway": "60-90", "reach_min_gangnam_rail": 65, "reach_bucket_gangnam_rail": "60-90", "reach_min_wangsimni_subway": 51, "reach_bucket_wangsimni_subway": "45-60", "reach_min_wangsimni_rail": 51, "reach_bucket_wangsimni_rail": "45-60", "reach_min_sadang_subway": 73, "reach_bucket_sadang_subway": "60-90", "reach_min_sadang_rail": 73, "reach_bucket_sadang_rail": "60-90", "reach_min_jamsil_subway": 64, "reach_bucket_jamsil_subway": "60-90", "reach_min_jamsil_rail": 64, "reach_bucket_jamsil_rail": "60-90", "reach_min_konkuk_subway": 53, "reach_bucket_konkuk_subway": "45-60", "reach_min_konkuk_rail": 53, "reach_bucket_konkuk_rail": "45-60", "reach_min_hongik_subway": 62, "reach_bucket_hongik_subway": "60-90", "reach_min_hongik_rail": 62, "reach_bucket_hongik_rail": "60-90"}}, {"type": "Feature", "geometry": {"type": "Point", "coordinates": [126.95788, 37.57456]}, "properties": {"id": "kr_063", "name": "독립문", "district": "Jongno-gu", "transit_stress_score": 14.1, "transit_stress_tier": "very-high", "walk_stress_score": 87.5, "walk_stress_tier": "very-low", "reach_min_seoul_station_subway": 14, "reach_bucket_seoul_station_subway": "10-20", "reach_min_seoul_station_rail": 14, "reach_bucket_seoul_station_rail": "10-20", "reach_min_city_hall_subway": 11, "reach_bucket_city_hall_subway": "10-20", "reach_min_city_hall_rail": 11, "reach_bucket_city_hall_rail": "10-20", "reach_min_gangnam_subway": 31, "reach_bucket_gangnam_subway": "30-45", "reach_min_gangnam_rail": 31, "reach_bucket_gangnam_rail": "30-45", "reach_min_wangsimni_subway": 18, "reach_bucket_wangsimni_subway": "10-20", "reach_min_wangsimni_rail": 18, "reach_bucket_wangsimni_rail": "10-20", "reach_min_sadang_subway": 34, "reach_bucket_sadang_subway": "30-45", "reach_min_sadang_rail": 34, "reach_bucket_sadang_rail": "30-45", "reach_min_jamsil_subway": 38, "reach_bucket_jamsil_subway": "30-45", "reach_min_jamsil_rail": 38, "reach_bucket_jamsil_rail": "30-45", "reach_min_konkuk_subway": 27, "reach_bucket_konkuk_subway": "20-30", "reach_min_konkuk_rail": 27, "reach_bucket_konkuk_rail": "20-30", "reach_min_hongik_subway": 23, "reach_bucket_hongik_subway": "20-30", "reach_min_hongik_rail": 23, "reach_bucket_hongik_rail": "20-30"}}, {"type": "Feature", "geometry": {"type": "Point", "coordinates": [127.11793, 37.49273]}, "properties": {"id": "kr_064", "name": "Garak Market", "district": "Songpa-gu", "transit_stress_score": 13.5, "transit_stress_tier": "very-high", "walk_stress_score": 75.0, "walk_stress_tier": "very-low", "reach_min_seoul_station_subway": 42, "reach_bucket_seoul_station_subway": "30-45", "reach_min_seoul_station_rail": 42, "reach_bucket_seoul_station_rail": "30-45", "reach_min_city_hall_subway": 44, "reach_bucket_city_hall_subway": "30-45", "reach_min_city_hall_rail": 44, "reach_bucket_city_hall_rail": "30-45", "reach_min_gangnam_subway": 20, "reach_bucket_gangnam_subway": "20-30", "reach_min_gangnam_rail": 20, "reach_bucket_gangnam_rail": "20-30", "reach_min_wangsimni_subway": 33, "reach_bucket_wangsimni_subway": "30-45", "reach_min_wangsimni_rail": 33, "reach_bucket_wangsimni_rail": "30-45", "reach_min_sadang_subway": 31, "reach_bucket_sadang_subway": "30-45", "reach_min_sadang_rail": 31, "reach_bucket_sadang_rail": "30-45", "reach_min_jamsil_subway": 15, "reach_bucket_jamsil_subway": "10-20", "reach_min_jamsil_rail": 15, "reach_bucket_jamsil_rail": "10-20", "reach_min_konkuk_subway": 26, "reach_bucket_konkuk_subway": "20-30", "reach_min_konkuk_rail": 26, "reach_bucket_konkuk_rail": "20-30", "reach_min_hongik_subway": 50, "reach_bucket_hongik_subway": "45-60", "reach_min_hongik_rail": 50, "reach_bucket_hongik_rail": "45-60"}}, {"type": "Feature", "geometry": {"type": "Point", "coordinates": [127.04617, 37.73766]}, "properties": {"id": "kr_065", "name": "Uijeongbu", "district": null, "transit_stress_score": 13.3, "transit_stress_tier": "very-high", "walk_stress_score": 100.0, "walk_stress_tier": "mid", "reach_min_seoul_station_subway": 56, "reach_bucket_seoul_station_subway": "45-60", "reach_min_seoul_station_rail": 56, "reach_bucket_seoul_station_rail": "45-60", "reach_min_city_hall_subway": 54, "reach_bucket_city_hall_subway": "45-60", "reach_min_city_hall_rail": 54, "reach_bucket_city_hall_rail": "45-60", "reach_min_gangnam_subway": 68, "reach_bucket_gangnam_subway": "60-90", "reach_min_gangnam_rail": 68, "reach_bucket_gangnam_rail": "60-90", "reach_min_wangsimni_subway": 54, "reach_bucket_wangsimni_subway": "45-60", "reach_min_wangsimni_rail": 54, "reach_bucket_wangsimni_rail": "45-60", "reach_min_sadang_subway": 76, "reach_bucket_sadang_subway": "60-90", "reach_min_sadang_rail": 76, "reach_bucket_sadang_rail": "60-90", "reach_min_jamsil_subway": 68, "reach_bucket_jamsil_subway": "60-90", "reach_min_jamsil_rail": 68, "reach_bucket_jamsil_rail": "60-90", "reach_min_konkuk_subway": 56, "reach_bucket_konkuk_subway": "45-60", "reach_min_konkuk_rail": 56, "reach_bucket_konkuk_rail": "45-60", "reach_min_hongik_subway": 65, "reach_bucket_hongik_subway": "60-90", "reach_min_hongik_rail": 65, "reach_bucket_hongik_rail": "60-90"}}, {"type": "Feature", "geometry": {"type": "Point", "coordinates": [127.11227, 37.49963]}, "properties": {"id": "kr_066", "name": "Songpa", "district": "Songpa-gu", "transit_stress_score": 13.2, "transit_stress_tier": "very-high", "walk_stress_score": 87.5, "walk_stress_tier": "very-low", "reach_min_seoul_station_subway": 40, "reach_bucket_seoul_station_subway": "30-45", "reach_min_seoul_station_rail": 40, "reach_bucket_seoul_station_rail": "30-45", "reach_min_city_hall_subway": 41, "reach_bucket_city_hall_subway": "30-45", "reach_min_city_hall_rail": 41, "reach_bucket_city_hall_rail": "30-45", "reach_min_gangnam_subway": 18, "reach_bucket_gangnam_subway": "10-20", "reach_min_gangnam_rail": 18, "reach_bucket_gangnam_rail": "10-20", "reach_min_wangsimni_subway": 31, "reach_bucket_wangsimni_subway": "30-45", "reach_min_wangsimni_rail": 31, "reach_bucket_wangsimni_rail": "30-45", "reach_min_sadang_subway": 29, "reach_bucket_sadang_subway": "20-30", "reach_min_sadang_rail": 29, "reach_bucket_sadang_rail": "20-30", "reach_min_jamsil_subway": 13, "reach_bucket_jamsil_subway": "10-20", "reach_min_jamsil_rail": 13, "reach_bucket_jamsil_rail": "10-20", "reach_min_konkuk_subway": 24, "reach_bucket_konkuk_subway": "20-30", "reach_min_konkuk_rail": 24, "reach_bucket_konkuk_rail": "20-30", "reach_min_hongik_subway": 48, "reach_bucket_hongik_subway": "45-60", "reach_min_hongik_rail": 48, "reach_bucket_hongik_rail": "45-60"}}, {"type": "Feature", "geometry": {"type": "Point", "coordinates": [126.95036, 37.58233]}, "properties": {"id": "kr_067", "name": "무악재", "district": "Seodaemun-gu", "transit_stress_score": 13.2, "transit_stress_tier": "very-high", "walk_stress_score": 87.5, "walk_stress_tier": "very-low", "reach_min_seoul_station_subway": 17, "reach_bucket_seoul_station_subway": "10-20", "reach_min_seoul_station_rail": 17, "reach_bucket_seoul_station_rail": "10-20", "reach_min_city_hall_subway": 14, "reach_bucket_city_hall_subway": "10-20", "reach_min_city_hall_rail": 14, "reach_bucket_city_hall_rail": "10-20", "reach_min_gangnam_subway": 34, "reach_bucket_gangnam_subway": "30-45", "reach_min_gangnam_rail": 34, "reach_bucket_gangnam_rail": "30-45", "reach_min_wangsimni_subway": 20, "reach_bucket_wangsimni_subway": "20-30", "reach_min_wangsimni_rail": 20, "reach_bucket_wangsimni_rail": "20-30", "reach_min_sadang_subway": 36, "reach_bucket_sadang_subway": "30-45", "reach_min_sadang_rail": 36, "reach_bucket_sadang_rail": "30-45", "reach_min_jamsil_subway": 40, "reach_bucket_jamsil_subway": "30-45", "reach_min_jamsil_rail": 40, "reach_bucket_jamsil_rail": "30-45", "reach_min_konkuk_subway": 29, "reach_bucket_konkuk_subway": "20-30", "reach_min_konkuk_rail": 29, "reach_bucket_konkuk_rail": "20-30", "reach_min_hongik_subway": 25, "reach_bucket_hongik_subway": "20-30", "reach_min_hongik_rail": 25, "reach_bucket_hongik_rail": "20-30"}}, {"type": "Feature", "geometry": {"type": "Point", "coordinates": [127.01593, 37.54804]}, "properties": {"id": "kr_068", "name": "금호", "district": "Seongdong-gu", "transit_stress_score": 13.2, "transit_stress_tier": "very-high", "walk_stress_score": 75.0, "walk_stress_tier": "very-low", "reach_min_seoul_station_subway": 14, "reach_bucket_seoul_station_subway": "10-20", "reach_min_seoul_station_rail": 14, "reach_bucket_seoul_station_rail": "10-20", "reach_min_city_hall_subway": 13, "reach_bucket_city_hall_subway": "10-20", "reach_min_city_hall_rail": 13, "reach_bucket_city_hall_rail": "10-20", "reach_min_gangnam_subway": 14, "reach_bucket_gangnam_subway": "10-20", "reach_min_gangnam_rail": 14, "reach_bucket_gangnam_rail": "10-20", "reach_min_wangsimni_subway": 10, "reach_bucket_wangsimni_subway": "10-20", "reach_min_wangsimni_rail": 10, "reach_bucket_wangsimni_rail": "10-20", "reach_min_sadang_subway": 24, "reach_bucket_sadang_subway": "20-30", "reach_min_sadang_rail": 24, "reach_bucket_sadang_rail": "20-30", "reach_min_jamsil_subway": 28, "reach_bucket_jamsil_subway": "20-30", "reach_min_jamsil_rail": 28, "reach_bucket_jamsil_rail": "20-30", "reach_min_konkuk_subway": 19, "reach_bucket_konkuk_subway": "10-20", "reach_min_konkuk_rail": 19, "reach_bucket_konkuk_rail": "10-20", "reach_min_hongik_subway": 24, "reach_bucket_hongik_subway": "20-30", "reach_min_hongik_rail": 24, "reach_bucket_hongik_rail": "20-30"}}, {"type": "Feature", "geometry": {"type": "Point", "coordinates": [127.01981, 37.56563]}, "properties": {"id": "kr_069", "name": "Sindang", "district": "Jung-gu", "transit_stress_score": 12.9, "transit_stress_tier": "very-high", "walk_stress_score": 75.0, "walk_stress_tier": "very-low", "reach_min_seoul_station_subway": 11, "reach_bucket_seoul_station_subway": "10-20", "reach_min_seoul_station_rail": 11, "reach_bucket_seoul_station_rail": "10-20", "reach_min_city_hall_subway": 10, "reach_bucket_city_hall_subway": "10-20", "reach_min_city_hall_rail": 10, "reach_bucket_city_hall_rail": "10-20", "reach_min_gangnam_subway": 23, "reach_bucket_gangnam_subway": "20-30", "reach_min_gangnam_rail": 23, "reach_bucket_gangnam_rail": "20-30", "reach_min_wangsimni_subway": 4, "reach_bucket_wangsimni_subway": "<10", "reach_min_wangsimni_rail": 4, "reach_bucket_wangsimni_rail": "<10", "reach_min_sadang_subway": 31, "reach_bucket_sadang_subway": "30-45", "reach_min_sadang_rail": 31, "reach_bucket_sadang_rail": "30-45", "reach_min_jamsil_subway": 24, "reach_bucket_jamsil_subway": "20-30", "reach_min_jamsil_rail": 24, "reach_bucket_jamsil_rail": "20-30", "reach_min_konkuk_subway": 13, "reach_bucket_konkuk_subway": "10-20", "reach_min_konkuk_rail": 13, "reach_bucket_konkuk_rail": "10-20", "reach_min_hongik_subway": 21, "reach_bucket_hongik_subway": "20-30", "reach_min_hongik_rail": 21, "reach_bucket_hongik_rail": "20-30"}}, {"type": "Feature", "geometry": {"type": "Point", "coordinates": [127.05288, 37.05649]}, "properties": {"id": "kr_070", "name": "Seojeong-ri", "district": null, "transit_stress_score": 12.8, "transit_stress_tier": "very-high", "walk_stress_score": 100.0, "walk_stress_tier": "mid", "reach_min_seoul_station_subway": 118, "reach_bucket_seoul_station_subway": "90-120", "reach_min_seoul_station_rail": 117, "reach_bucket_seoul_station_rail": "90-120", "reach_min_city_hall_subway": 120, "reach_bucket_city_hall_subway": "120+", "reach_min_city_hall_rail": 120, "reach_bucket_city_hall_rail": "120+", "reach_min_gangnam_subway": 115, "reach_bucket_gangnam_subway": "90-120", "reach_min_gangnam_rail": 115, "reach_bucket_gangnam_rail": "90-120", "reach_min_wangsimni_subway": 120, "reach_bucket_wangsimni_subway": "120+", "reach_min_wangsimni_rail": 120, "reach_bucket_wangsimni_rail": "120+", "reach_min_sadang_subway": 104, "reach_bucket_sadang_subway": "90-120", "reach_min_sadang_rail": 104, "reach_bucket_sadang_rail": "90-120", "reach_min_jamsil_subway": 120, "reach_bucket_jamsil_subway": "120+", "reach_min_jamsil_rail": 120, "reach_bucket_jamsil_rail": "120+", "reach_min_konkuk_subway": 120, "reach_bucket_konkuk_subway": "120+", "reach_min_konkuk_rail": 120, "reach_bucket_konkuk_rail": "120+", "reach_min_hongik_subway": 119, "reach_bucket_hongik_subway": "90-120", "reach_min_hongik_rail": 119, "reach_bucket_hongik_rail": "90-120"}}, {"type": "Feature", "geometry": {"type": "Point", "coordinates": [127.03623, 37.5611]}, "properties": {"id": "kr_071", "name": "Wangsimni", "district": "Seongdong-gu", "transit_stress_score": 12.8, "transit_stress_tier": "very-high", "walk_stress_score": 62.5, "walk_stress_tier": "very-low", "reach_min_seoul_station_subway": 15, "reach_bucket_seoul_station_subway": "10-20", "reach_min_seoul_station_rail": 15, "reach_bucket_seoul_station_rail": "10-20", "reach_min_city_hall_subway": 13, "reach_bucket_city_hall_subway": "10-20", "reach_min_city_hall_rail": 13, "reach_bucket_city_hall_rail": "10-20", "reach_min_gangnam_subway": 24, "reach_bucket_gangnam_subway": "20-30", "reach_min_gangnam_rail": 24, "reach_bucket_gangnam_rail": "20-30", "reach_min_wangsimni_subway": 0, "reach_bucket_wangsimni_subway": "<10", "reach_min_wangsimni_rail": 0, "reach_bucket_wangsimni_rail": "<10", "reach_min_sadang_subway": 33, "reach_bucket_sadang_subway": "30-45", "reach_min_sadang_rail": 33, "reach_bucket_sadang_rail": "30-45", "reach_min_jamsil_subway": 20, "reach_bucket_jamsil_subway": "20-30", "reach_min_jamsil_rail": 20, "reach_bucket_jamsil_rail": "20-30", "reach_min_konkuk_subway": 9, "reach_bucket_konkuk_subway": "<10", "reach_min_konkuk_rail": 9, "reach_bucket_konkuk_rail": "<10", "reach_min_hongik_subway": 25, "reach_bucket_hongik_subway": "20-30", "reach_min_hongik_rail": 25, "reach_bucket_hongik_rail": "20-30"}}, {"type": "Feature", "geometry": {"type": "Point", "coordinates": [126.94848, 37.35419]}, "properties": {"id": "kr_072", "name": "Gunpo", "district": null, "transit_stress_score": 12.7, "transit_stress_tier": "very-high", "walk_stress_score": 100.0, "walk_stress_tier": "mid", "reach_min_seoul_station_subway": 50, "reach_bucket_seoul_station_subway": "45-60", "reach_min_seoul_station_rail": 50, "reach_bucket_seoul_station_rail": "45-60", "reach_min_city_hall_subway": 52, "reach_bucket_city_hall_subway": "45-60", "reach_min_city_hall_rail": 52, "reach_bucket_city_hall_rail": "45-60", "reach_min_gangnam_subway": 47, "reach_bucket_gangnam_subway": "45-60", "reach_min_gangnam_rail": 47, "reach_bucket_gangnam_rail": "45-60", "reach_min_wangsimni_subway": 64, "reach_bucket_wangsimni_subway": "60-90", "reach_min_wangsimni_rail": 64, "reach_bucket_wangsimni_rail": "60-90", "reach_min_sadang_subway": 36, "reach_bucket_sadang_subway": "30-45", "reach_min_sadang_rail": 36, "reach_bucket_sadang_rail": "30-45", "reach_min_jamsil_subway": 62, "reach_bucket_jamsil_subway": "60-90", "reach_min_jamsil_rail": 62, "reach_bucket_jamsil_rail": "60-90", "reach_min_konkuk_subway": 73, "reach_bucket_konkuk_subway": "60-90", "reach_min_konkuk_rail": 73, "reach_bucket_konkuk_rail": "60-90", "reach_min_hongik_subway": 50, "reach_bucket_hongik_subway": "45-60", "reach_min_hongik_rail": 50, "reach_bucket_hongik_rail": "45-60"}}, {"type": "Feature", "geometry": {"type": "Point", "coordinates": [126.87544, 37.54704]}, "properties": {"id": "kr_073", "name": "Yeomchang", "district": "Yangcheon-gu", "transit_stress_score": 12.6, "transit_stress_tier": "very-high", "walk_stress_score": 87.5, "walk_stress_tier": "very-low", "reach_min_seoul_station_subway": 26, "reach_bucket_seoul_station_subway": "20-30", "reach_min_seoul_station_rail": 26, "reach_bucket_seoul_station_rail": "20-30", "reach_min_city_hall_subway": 24, "reach_bucket_city_hall_subway": "20-30", "reach_min_city_hall_rail": 24, "reach_bucket_city_hall_rail": "20-30", "reach_min_gangnam_subway": 31, "reach_bucket_gangnam_subway": "30-45", "reach_min_gangnam_rail": 31, "reach_bucket_gangnam_rail": "30-45", "reach_min_wangsimni_subway": 37, "reach_bucket_wangsimni_subway": "30-45", "reach_min_wangsimni_rail": 37, "reach_bucket_wangsimni_rail": "30-45", "reach_min_sadang_subway": 27, "reach_bucket_sadang_subway": "20-30", "reach_min_sadang_rail": 27, "reach_bucket_sadang_rail": "20-30", "reach_min_jamsil_subway": 44, "reach_bucket_jamsil_subway": "30-45", "reach_min_jamsil_rail": 44, "reach_bucket_jamsil_rail": "30-45", "reach_min_konkuk_subway": 46, "reach_bucket_konkuk_subway": "45-60", "reach_min_konkuk_rail": 46, "reach_bucket_konkuk_rail": "45-60", "reach_min_hongik_subway": 12, "reach_bucket_hongik_subway": "10-20", "reach_min_hongik_rail": 12, "reach_bucket_hongik_rail": "10-20"}}, {"type": "Feature", "geometry": {"type": "Point", "coordinates": [127.13625, 37.5278]}, "properties": {"id": "kr_074", "name": "둔촌동", "district": "Gangdong-gu", "transit_stress_score": 12.4, "transit_stress_tier": "very-high", "walk_stress_score": 100.0, "walk_stress_tier": "mid", "reach_min_seoul_station_subway": 38, "reach_bucket_seoul_station_subway": "30-45", "reach_min_seoul_station_rail": 38, "reach_bucket_seoul_station_rail": "30-45", "reach_min_city_hall_subway": 37, "reach_bucket_city_hall_subway": "30-45", "reach_min_city_hall_rail": 37, "reach_bucket_city_hall_rail": "30-45", "reach_min_gangnam_subway": 24, "reach_bucket_gangnam_subway": "20-30", "reach_min_gangnam_rail": 24, "reach_bucket_gangnam_rail": "20-30", "reach_min_wangsimni_subway": 24, "reach_bucket_wangsimni_subway": "20-30", "reach_min_wangsimni_rail": 24, "reach_bucket_wangsimni_rail": "20-30", "reach_min_sadang_subway": 35, "reach_bucket_sadang_subway": "30-45", "reach_min_sadang_rail": 35, "reach_bucket_sadang_rail": "30-45", "reach_min_jamsil_subway": 19, "reach_bucket_jamsil_subway": "10-20", "reach_min_jamsil_rail": 19, "reach_bucket_jamsil_rail": "10-20", "reach_min_konkuk_subway": 30, "reach_bucket_konkuk_subway": "30-45", "reach_min_konkuk_rail": 30, "reach_bucket_konkuk_rail": "30-45", "reach_min_hongik_subway": 48, "reach_bucket_hongik_subway": "45-60", "reach_min_hongik_rail": 48, "reach_bucket_hongik_rail": "45-60"}}, {"type": "Feature", "geometry": {"type": "Point", "coordinates": [126.94425, 37.58873]}, "properties": {"id": "kr_075", "name": "홍제", "district": "Seodaemun-gu", "transit_stress_score": 12.4, "transit_stress_tier": "very-high", "walk_stress_score": 87.5, "walk_stress_tier": "very-low", "reach_min_seoul_station_subway": 19, "reach_bucket_seoul_station_subway": "10-20", "reach_min_seoul_station_rail": 19, "reach_bucket_seoul_station_rail": "10-20", "reach_min_city_hall_subway": 16, "reach_bucket_city_hall_subway": "10-20", "reach_min_city_hall_rail": 16, "reach_bucket_city_hall_rail": "10-20", "reach_min_gangnam_subway": 36, "reach_bucket_gangnam_subway": "30-45", "reach_min_gangnam_rail": 36, "reach_bucket_gangnam_rail": "30-45", "reach_min_wangsimni_subway": 22, "reach_bucket_wangsimni_subway": "20-30", "reach_min_wangsimni_rail": 22, "reach_bucket_wangsimni_rail": "20-30", "reach_min_sadang_subway": 39, "reach_bucket_sadang_subway": "30-45", "reach_min_sadang_rail": 39, "reach_bucket_sadang_rail": "30-45", "reach_min_jamsil_subway": 43, "reach_bucket_jamsil_subway": "30-45", "reach_min_jamsil_rail": 43, "reach_bucket_jamsil_rail": "30-45", "reach_min_konkuk_subway": 31, "reach_bucket_konkuk_subway": "30-45", "reach_min_konkuk_rail": 31, "reach_bucket_konkuk_rail": "30-45", "reach_min_hongik_subway": 27, "reach_bucket_hongik_subway": "20-30", "reach_min_hongik_rail": 27, "reach_bucket_hongik_rail": "20-30"}}, {"type": "Feature", "geometry": {"type": "Point", "coordinates": [127.02921, 37.56441]}, "properties": {"id": "kr_076", "name": "Sangwangsimni", "district": "Seongdong-gu", "transit_stress_score": 12.2, "transit_stress_tier": "very-high", "walk_stress_score": 62.5, "walk_stress_tier": "very-low", "reach_min_seoul_station_subway": 13, "reach_bucket_seoul_station_subway": "10-20", "reach_min_seoul_station_rail": 13, "reach_bucket_seoul_station_rail": "10-20", "reach_min_city_hall_subway": 12, "reach_bucket_city_hall_subway": "10-20", "reach_min_city_hall_rail": 12, "reach_bucket_city_hall_rail": "10-20", "reach_min_gangnam_subway": 25, "reach_bucket_gangnam_subway": "20-30", "reach_min_gangnam_rail": 25, "reach_bucket_gangnam_rail": "20-30", "reach_min_wangsimni_subway": 2, "reach_bucket_wangsimni_subway": "<10", "reach_min_wangsimni_rail": 2, "reach_bucket_wangsimni_rail": "<10", "reach_min_sadang_subway": 33, "reach_bucket_sadang_subway": "30-45", "reach_min_sadang_rail": 33, "reach_bucket_sadang_rail": "30-45", "reach_min_jamsil_subway": 22, "reach_bucket_jamsil_subway": "20-30", "reach_min_jamsil_rail": 22, "reach_bucket_jamsil_rail": "20-30", "reach_min_konkuk_subway": 11, "reach_bucket_konkuk_subway": "10-20", "reach_min_konkuk_rail": 11, "reach_bucket_konkuk_rail": "10-20", "reach_min_hongik_subway": 23, "reach_bucket_hongik_subway": "20-30", "reach_min_hongik_rail": 23, "reach_bucket_hongik_rail": "20-30"}}, {"type": "Feature", "geometry": {"type": "Point", "coordinates": [126.97357, 37.57576]}, "properties": {"id": "kr_077", "name": "Gyeongbokgung (Government Complex Seoul)", "district": "Jongno-gu", "transit_stress_score": 12.1, "transit_stress_tier": "very-high", "walk_stress_score": 75.0, "walk_stress_tier": "very-low", "reach_min_seoul_station_subway": 11, "reach_bucket_seoul_station_subway": "10-20", "reach_min_seoul_station_rail": 11, "reach_bucket_seoul_station_rail": "10-20", "reach_min_city_hall_subway": 8, "reach_bucket_city_hall_subway": "<10", "reach_min_city_hall_rail": 8, "reach_bucket_city_hall_rail": "<10", "reach_min_gangnam_subway": 28, "reach_bucket_gangnam_subway": "20-30", "reach_min_gangnam_rail": 28, "reach_bucket_gangnam_rail": "20-30", "reach_min_wangsimni_subway": 15, "reach_bucket_wangsimni_subway": "10-20", "reach_min_wangsimni_rail": 15, "reach_bucket_wangsimni_rail": "10-20", "reach_min_sadang_subway": 31, "reach_bucket_sadang_subway": "30-45", "reach_min_sadang_rail": 31, "reach_bucket_sadang_rail": "30-45", "reach_min_jamsil_subway": 35, "reach_bucket_jamsil_subway": "30-45", "reach_min_jamsil_rail": 35, "reach_bucket_jamsil_rail": "30-45", "reach_min_konkuk_subway": 24, "reach_bucket_konkuk_subway": "20-30", "reach_min_konkuk_rail": 24, "reach_bucket_konkuk_rail": "20-30", "reach_min_hongik_subway": 20, "reach_bucket_hongik_subway": "20-30", "reach_min_hongik_rail": 20, "reach_bucket_hongik_rail": "20-30"}}, {"type": "Feature", "geometry": {"type": "Point", "coordinates": [126.8235, 37.49228]}, "properties": {"id": "kr_078", "name": "Onsu", "district": "Guro-gu", "transit_stress_score": 12.0, "transit_stress_tier": "very-high", "walk_stress_score": 100.0, "walk_stress_tier": "mid", "reach_min_seoul_station_subway": 31, "reach_bucket_seoul_station_subway": "30-45", "reach_min_seoul_station_rail": 31, "reach_bucket_seoul_station_rail": "30-45", "reach_min_city_hall_subway": 33, "reach_bucket_city_hall_subway": "30-45", "reach_min_city_hall_rail": 33, "reach_bucket_city_hall_rail": "30-45", "reach_min_gangnam_subway": 40, "reach_bucket_gangnam_subway": "30-45", "reach_min_gangnam_rail": 40, "reach_bucket_gangnam_rail": "30-45", "reach_min_wangsimni_subway": 45, "reach_bucket_wangsimni_subway": "45-60", "reach_min_wangsimni_rail": 45, "reach_bucket_wangsimni_rail": "45-60", "reach_min_sadang_subway": 36, "reach_bucket_sadang_subway": "30-45", "reach_min_sadang_rail": 36, "reach_bucket_sadang_rail": "30-45", "reach_min_jamsil_subway": 53, "reach_bucket_jamsil_subway": "45-60", "reach_min_jamsil_rail": 53, "reach_bucket_jamsil_rail": "45-60", "reach_min_konkuk_subway": 54, "reach_bucket_konkuk_subway": "45-60", "reach_min_konkuk_rail": 54, "reach_bucket_konkuk_rail": "45-60", "reach_min_hongik_subway": 27, "reach_bucket_hongik_subway": "20-30", "reach_min_hongik_rail": 27, "reach_bucket_hongik_rail": "20-30"}}, {"type": "Feature", "geometry": {"type": "Point", "coordinates": [127.0162, 37.5664]}, "properties": {"id": "kr_079", "name": "신당", "district": "Jung-gu", "transit_stress_score": 11.7, "transit_stress_tier": "very-high", "walk_stress_score": 12.5, "walk_stress_tier": "very-low", "reach_min_seoul_station_subway": 12, "reach_bucket_seoul_station_subway": "10-20", "reach_min_seoul_station_rail": 12, "reach_bucket_seoul_station_rail": "10-20", "reach_min_city_hall_subway": 11, "reach_bucket_city_hall_subway": "10-20", "reach_min_city_hall_rail": 11, "reach_bucket_city_hall_rail": "10-20", "reach_min_gangnam_subway": 20, "reach_bucket_gangnam_subway": "20-30", "reach_min_gangnam_rail": 20, "reach_bucket_gangnam_rail": "20-30", "reach_min_wangsimni_subway": 8, "reach_bucket_wangsimni_subway": "<10", "reach_min_wangsimni_rail": 8, "reach_bucket_wangsimni_rail": "<10", "reach_min_sadang_subway": 29, "reach_bucket_sadang_subway": "20-30", "reach_min_sadang_rail": 29, "reach_bucket_sadang_rail": "20-30", "reach_min_jamsil_subway": 28, "reach_bucket_jamsil_subway": "20-30", "reach_min_jamsil_rail": 28, "reach_bucket_jamsil_rail": "20-30", "reach_min_konkuk_subway": 17, "reach_bucket_konkuk_subway": "10-20", "reach_min_konkuk_rail": 17, "reach_bucket_konkuk_rail": "10-20", "reach_min_hongik_subway": 22, "reach_bucket_hongik_subway": "20-30", "reach_min_hongik_rail": 22, "reach_bucket_hongik_rail": "20-30"}}, {"type": "Feature", "geometry": {"type": "Point", "coordinates": [126.93578, 37.60097]}, "properties": {"id": "kr_080", "name": "녹번", "district": "Eunpyeong-gu", "transit_stress_score": 11.5, "transit_stress_tier": "very-high", "walk_stress_score": 87.5, "walk_stress_tier": "very-low", "reach_min_seoul_station_subway": 22, "reach_bucket_seoul_station_subway": "20-30", "reach_min_seoul_station_rail": 22, "reach_bucket_seoul_station_rail": "20-30", "reach_min_city_hall_subway": 19, "reach_bucket_city_hall_subway": "10-20", "reach_min_city_hall_rail": 19, "reach_bucket_city_hall_rail": "10-20", "reach_min_gangnam_subway": 39, "reach_bucket_gangnam_subway": "30-45", "reach_min_gangnam_rail": 39, "reach_bucket_gangnam_rail": "30-45", "reach_min_wangsimni_subway": 26, "reach_bucket_wangsimni_subway": "20-30", "reach_min_wangsimni_rail": 26, "reach_bucket_wangsimni_rail": "20-30", "reach_min_sadang_subway": 42, "reach_bucket_sadang_subway": "30-45", "reach_min_sadang_rail": 42, "reach_bucket_sadang_rail": "30-45", "reach_min_jamsil_subway": 46, "reach_bucket_jamsil_subway": "45-60", "reach_min_jamsil_rail": 46, "reach_bucket_jamsil_rail": "45-60", "reach_min_konkuk_subway": 35, "reach_bucket_konkuk_subway": "30-45", "reach_min_konkuk_rail": 35, "reach_bucket_konkuk_rail": "30-45", "reach_min_hongik_subway": 31, "reach_bucket_hongik_subway": "30-45", "reach_min_hongik_rail": 31, "reach_bucket_hongik_rail": "30-45"}}, {"type": "Feature", "geometry": {"type": "Point", "coordinates": [126.93302, 37.35803]}, "properties": {"id": "kr_081", "name": "Sanbon", "district": null, "transit_stress_score": 11.5, "transit_stress_tier": "very-high", "walk_stress_score": 100.0, "walk_stress_tier": "mid", "reach_min_seoul_station_subway": 50, "reach_bucket_seoul_station_subway": "45-60", "reach_min_seoul_station_rail": 50, "reach_bucket_seoul_station_rail": "45-60", "reach_min_city_hall_subway": 52, "reach_bucket_city_hall_subway": "45-60", "reach_min_city_hall_rail": 52, "reach_bucket_city_hall_rail": "45-60", "reach_min_gangnam_subway": 47, "reach_bucket_gangnam_subway": "45-60", "reach_min_gangnam_rail": 47, "reach_bucket_gangnam_rail": "45-60", "reach_min_wangsimni_subway": 64, "reach_bucket_wangsimni_subway": "60-90", "reach_min_wangsimni_rail": 64, "reach_bucket_wangsimni_rail": "60-90", "reach_min_sadang_subway": 36, "reach_bucket_sadang_subway": "30-45", "reach_min_sadang_rail": 36, "reach_bucket_sadang_rail": "30-45", "reach_min_jamsil_subway": 62, "reach_bucket_jamsil_subway": "60-90", "reach_min_jamsil_rail": 62, "reach_bucket_jamsil_rail": "60-90", "reach_min_konkuk_subway": 73, "reach_bucket_konkuk_subway": "60-90", "reach_min_konkuk_rail": 73, "reach_bucket_konkuk_rail": "60-90", "reach_min_hongik_subway": 50, "reach_bucket_hongik_subway": "45-60", "reach_min_hongik_rail": 50, "reach_bucket_hongik_rail": "45-60"}}, {"type": "Feature", "geometry": {"type": "Point", "coordinates": [127.02494, 37.60331]}, "properties": {"id": "kr_082", "name": "Gireum", "district": "Seongbuk-gu", "transit_stress_score": 11.4, "transit_stress_tier": "very-high", "walk_stress_score": 100.0, "walk_stress_tier": "mid", "reach_min_seoul_station_subway": 20, "reach_bucket_seoul_station_subway": "20-30", "reach_min_seoul_station_rail": 20, "reach_bucket_seoul_station_rail": "20-30", "reach_min_city_hall_subway": 18, "reach_bucket_city_hall_subway": "10-20", "reach_min_city_hall_rail": 18, "reach_bucket_city_hall_rail": "10-20", "reach_min_gangnam_subway": 32, "reach_bucket_gangnam_subway": "30-45", "reach_min_gangnam_rail": 32, "reach_bucket_gangnam_rail": "30-45", "reach_min_wangsimni_subway": 19, "reach_bucket_wangsimni_subway": "10-20", "reach_min_wangsimni_rail": 19, "reach_bucket_wangsimni_rail": "10-20", "reach_min_sadang_subway": 40, "reach_bucket_sadang_subway": "30-45", "reach_min_sadang_rail": 40, "reach_bucket_sadang_rail": "30-45", "reach_min_jamsil_subway": 39, "reach_bucket_jamsil_subway": "30-45", "reach_min_jamsil_rail": 39, "reach_bucket_jamsil_rail": "30-45", "reach_min_konkuk_subway": 28, "reach_bucket_konkuk_subway": "20-30", "reach_min_konkuk_rail": 28, "reach_bucket_konkuk_rail": "20-30", "reach_min_hongik_subway": 30, "reach_bucket_hongik_subway": "30-45", "reach_min_hongik_rail": 30, "reach_bucket_hongik_rail": "30-45"}}, {"type": "Feature", "geometry": {"type": "Point", "coordinates": [126.95782, 37.57451]}, "properties": {"id": "kr_083", "name": "Dongnimmun", "district": null, "transit_stress_score": 11.2, "transit_stress_tier": "very-high", "walk_stress_score": 87.5, "walk_stress_tier": "very-low", "reach_min_seoul_station_subway": 14, "reach_bucket_seoul_station_subway": "10-20", "reach_min_seoul_station_rail": 14, "reach_bucket_seoul_station_rail": "10-20", "reach_min_city_hall_subway": 11, "reach_bucket_city_hall_subway": "10-20", "reach_min_city_hall_rail": 11, "reach_bucket_city_hall_rail": "10-20", "reach_min_gangnam_subway": 31, "reach_bucket_gangnam_subway": "30-45", "reach_min_gangnam_rail": 31, "reach_bucket_gangnam_rail": "30-45", "reach_min_wangsimni_subway": 18, "reach_bucket_wangsimni_subway": "10-20", "reach_min_wangsimni_rail": 18, "reach_bucket_wangsimni_rail": "10-20", "reach_min_sadang_subway": 34, "reach_bucket_sadang_subway": "30-45", "reach_min_sadang_rail": 34, "reach_bucket_sadang_rail": "30-45", "reach_min_jamsil_subway": 38, "reach_bucket_jamsil_subway": "30-45", "reach_min_jamsil_rail": 38, "reach_bucket_jamsil_rail": "30-45", "reach_min_konkuk_subway": 27, "reach_bucket_konkuk_subway": "20-30", "reach_min_konkuk_rail": 27, "reach_bucket_konkuk_rail": "20-30", "reach_min_hongik_subway": 23, "reach_bucket_hongik_subway": "20-30", "reach_min_hongik_rail": 23, "reach_bucket_hongik_rail": "20-30"}}, {"type": "Feature", "geometry": {"type": "Point", "coordinates": [127.02186, 37.50994]}, "properties": {"id": "kr_084", "name": "Nonhyeon", "district": "Gangnam-gu", "transit_stress_score": 11.2, "transit_stress_tier": "very-high", "walk_stress_score": 62.5, "walk_stress_tier": "very-low", "reach_min_seoul_station_subway": 22, "reach_bucket_seoul_station_subway": "20-30", "reach_min_seoul_station_rail": 22, "reach_bucket_seoul_station_rail": "20-30", "reach_min_city_hall_subway": 22, "reach_bucket_city_hall_subway": "20-30", "reach_min_city_hall_rail": 22, "reach_bucket_city_hall_rail": "20-30", "reach_min_gangnam_subway": 4, "reach_bucket_gangnam_subway": "<10", "reach_min_gangnam_rail": 4, "reach_bucket_gangnam_rail": "<10", "reach_min_wangsimni_subway": 21, "reach_bucket_wangsimni_subway": "20-30", "reach_min_wangsimni_rail": 21, "reach_bucket_wangsimni_rail": "20-30", "reach_min_sadang_subway": 14, "reach_bucket_sadang_subway": "10-20", "reach_min_sadang_rail": 14, "reach_bucket_sadang_rail": "10-20", "reach_min_jamsil_subway": 17, "reach_bucket_jamsil_subway": "10-20", "reach_min_jamsil_rail": 17, "reach_bucket_jamsil_rail": "10-20", "reach_min_konkuk_subway": 28, "reach_bucket_konkuk_subway": "20-30", "reach_min_konkuk_rail": 28, "reach_bucket_konkuk_rail": "20-30", "reach_min_hongik_subway": 32, "reach_bucket_hongik_subway": "30-45", "reach_min_hongik_rail": 32, "reach_bucket_hongik_rail": "30-45"}}, {"type": "Feature", "geometry": {"type": "Point", "coordinates": [126.97135, 37.30032]}, "properties": {"id": "kr_085", "name": "Sungkyunkwan Univ", "district": null, "transit_stress_score": 11.1, "transit_stress_tier": "very-high", "walk_stress_score": 87.5, "walk_stress_tier": "very-low", "reach_min_seoul_station_subway": 63, "reach_bucket_seoul_station_subway": "60-90", "reach_min_seoul_station_rail": 63, "reach_bucket_seoul_station_rail": "60-90", "reach_min_city_hall_subway": 66, "reach_bucket_city_hall_subway": "60-90", "reach_min_city_hall_rail": 66, "reach_bucket_city_hall_rail": "60-90", "reach_min_gangnam_subway": 60, "reach_bucket_gangnam_subway": "60-90", "reach_min_gangnam_rail": 60, "reach_bucket_gangnam_rail": "60-90", "reach_min_wangsimni_subway": 78, "reach_bucket_wangsimni_subway": "60-90", "reach_min_wangsimni_rail": 78, "reach_bucket_wangsimni_rail": "60-90", "reach_min_sadang_subway": 49, "reach_bucket_sadang_subway": "45-60", "reach_min_sadang_rail": 49, "reach_bucket_sadang_rail": "45-60", "reach_min_jamsil_subway": 75, "reach_bucket_jamsil_subway": "60-90", "reach_min_jamsil_rail": 75, "reach_bucket_jamsil_rail": "60-90", "reach_min_konkuk_subway": 86, "reach_bucket_konkuk_subway": "60-90", "reach_min_konkuk_rail": 86, "reach_bucket_konkuk_rail": "60-90", "reach_min_hongik_subway": 64, "reach_bucket_hongik_subway": "60-90", "reach_min_hongik_rail": 64, "reach_bucket_hongik_rail": "60-90"}}, {"type": "Feature", "geometry": {"type": "Point", "coordinates": [126.96979, 37.30032]}, "properties": {"id": "kr_086", "name": "Sungkyunkwan University", "district": null, "transit_stress_score": 11.1, "transit_stress_tier": "very-high", "walk_stress_score": 87.5, "walk_stress_tier": "very-low", "reach_min_seoul_station_subway": 63, "reach_bucket_seoul_station_subway": "60-90", "reach_min_seoul_station_rail": 63, "reach_bucket_seoul_station_rail": "60-90", "reach_min_city_hall_subway": 65, "reach_bucket_city_hall_subway": "60-90", "reach_min_city_hall_rail": 65, "reach_bucket_city_hall_rail": "60-90", "reach_min_gangnam_subway": 60, "reach_bucket_gangnam_subway": "60-90", "reach_min_gangnam_rail": 60, "reach_bucket_gangnam_rail": "60-90", "reach_min_wangsimni_subway": 77, "reach_bucket_wangsimni_subway": "60-90", "reach_min_wangsimni_rail": 77, "reach_bucket_wangsimni_rail": "60-90", "reach_min_sadang_subway": 49, "reach_bucket_sadang_subway": "45-60", "reach_min_sadang_rail": 49, "reach_bucket_sadang_rail": "45-60", "reach_min_jamsil_subway": 75, "reach_bucket_jamsil_subway": "60-90", "reach_min_jamsil_rail": 75, "reach_bucket_jamsil_rail": "60-90", "reach_min_konkuk_subway": 86, "reach_bucket_konkuk_subway": "60-90", "reach_min_konkuk_rail": 86, "reach_bucket_konkuk_rail": "60-90", "reach_min_hongik_subway": 63, "reach_bucket_hongik_subway": "60-90", "reach_min_hongik_rail": 63, "reach_bucket_hongik_rail": "60-90"}}, {"type": "Feature", "geometry": {"type": "Point", "coordinates": [127.08979, 37.55169]}, "properties": {"id": "kr_087", "name": "아차산", "district": "Gwangjin-gu", "transit_stress_score": 10.9, "transit_stress_tier": "very-high", "walk_stress_score": 100.0, "walk_stress_tier": "mid", "reach_min_seoul_station_subway": 27, "reach_bucket_seoul_station_subway": "20-30", "reach_min_seoul_station_rail": 27, "reach_bucket_seoul_station_rail": "20-30", "reach_min_city_hall_subway": 26, "reach_bucket_city_hall_subway": "20-30", "reach_min_city_hall_rail": 26, "reach_bucket_city_hall_rail": "20-30", "reach_min_gangnam_subway": 30, "reach_bucket_gangnam_subway": "30-45", "reach_min_gangnam_rail": 30, "reach_bucket_gangnam_rail": "30-45", "reach_min_wangsimni_subway": 12, "reach_bucket_wangsimni_subway": "10-20", "reach_min_wangsimni_rail": 12, "reach_bucket_wangsimni_rail": "10-20", "reach_min_sadang_subway": 35, "reach_bucket_sadang_subway": "30-45", "reach_min_sadang_rail": 35, "reach_bucket_sadang_rail": "30-45", "reach_min_jamsil_subway": 28, "reach_bucket_jamsil_subway": "20-30", "reach_min_jamsil_rail": 28, "reach_bucket_jamsil_rail": "20-30", "reach_min_konkuk_subway": 21, "reach_bucket_konkuk_subway": "20-30", "reach_min_konkuk_rail": 21, "reach_bucket_konkuk_rail": "20-30", "reach_min_hongik_subway": 37, "reach_bucket_hongik_subway": "30-45", "reach_min_hongik_rail": 37, "reach_bucket_hongik_rail": "30-45"}}, {"type": "Feature", "geometry": {"type": "Point", "coordinates": [127.10351, 37.5453]}, "properties": {"id": "kr_088", "name": "광나루", "district": "Gwangjin-gu", "transit_stress_score": 10.8, "transit_stress_tier": "very-high", "walk_stress_score": 100.0, "walk_stress_tier": "mid", "reach_min_seoul_station_subway": 30, "reach_bucket_seoul_station_subway": "30-45", "reach_min_seoul_station_rail": 30, "reach_bucket_seoul_station_rail": "30-45", "reach_min_city_hall_subway": 29, "reach_bucket_city_hall_subway": "20-30", "reach_min_city_hall_rail": 29, "reach_bucket_city_hall_rail": "20-30", "reach_min_gangnam_subway": 30, "reach_bucket_gangnam_subway": "30-45", "reach_min_gangnam_rail": 30, "reach_bucket_gangnam_rail": "30-45", "reach_min_wangsimni_subway": 15, "reach_bucket_wangsimni_subway": "10-20", "reach_min_wangsimni_rail": 15, "reach_bucket_wangsimni_rail": "10-20", "reach_min_sadang_subway": 38, "reach_bucket_sadang_subway": "30-45", "reach_min_sadang_rail": 38, "reach_bucket_sadang_rail": "30-45", "reach_min_jamsil_subway": 25, "reach_bucket_jamsil_subway": "20-30", "reach_min_jamsil_rail": 25, "reach_bucket_jamsil_rail": "20-30", "reach_min_konkuk_subway": 25, "reach_bucket_konkuk_subway": "20-30", "reach_min_konkuk_rail": 25, "reach_bucket_konkuk_rail": "20-30", "reach_min_hongik_subway": 40, "reach_bucket_hongik_subway": "30-45", "reach_min_hongik_rail": 40, "reach_bucket_hongik_rail": "30-45"}}, {"type": "Feature", "geometry": {"type": "Point", "coordinates": [126.92985, 37.61033]}, "properties": {"id": "kr_089", "name": "불광", "district": "Eunpyeong-gu", "transit_stress_score": 10.8, "transit_stress_tier": "very-high", "walk_stress_score": 75.0, "walk_stress_tier": "very-low", "reach_min_seoul_station_subway": 25, "reach_bucket_seoul_station_subway": "20-30", "reach_min_seoul_station_rail": 25, "reach_bucket_seoul_station_rail": "20-30", "reach_min_city_hall_subway": 22, "reach_bucket_city_hall_subway": "20-30", "reach_min_city_hall_rail": 22, "reach_bucket_city_hall_rail": "20-30", "reach_min_gangnam_subway": 42, "reach_bucket_gangnam_subway": "30-45", "reach_min_gangnam_rail": 42, "reach_bucket_gangnam_rail": "30-45", "reach_min_wangsimni_subway": 28, "reach_bucket_wangsimni_subway": "20-30", "reach_min_wangsimni_rail": 28, "reach_bucket_wangsimni_rail": "20-30", "reach_min_sadang_subway": 44, "reach_bucket_sadang_subway": "30-45", "reach_min_sadang_rail": 44, "reach_bucket_sadang_rail": "30-45", "reach_min_jamsil_subway": 49, "reach_bucket_jamsil_subway": "45-60", "reach_min_jamsil_rail": 49, "reach_bucket_jamsil_rail": "45-60", "reach_min_konkuk_subway": 37, "reach_bucket_konkuk_subway": "30-45", "reach_min_konkuk_rail": 37, "reach_bucket_konkuk_rail": "30-45", "reach_min_hongik_subway": 33, "reach_bucket_hongik_subway": "30-45", "reach_min_hongik_rail": 33, "reach_bucket_hongik_rail": "30-45"}}, {"type": "Feature", "geometry": {"type": "Point", "coordinates": [127.01568, 37.57239]}, "properties": {"id": "kr_090", "name": "동묘앞", "district": "Jongno-gu", "transit_stress_score": 10.8, "transit_stress_tier": "very-high", "walk_stress_score": 62.5, "walk_stress_tier": "very-low", "reach_min_seoul_station_subway": 14, "reach_bucket_seoul_station_subway": "10-20", "reach_min_seoul_station_rail": 14, "reach_bucket_seoul_station_rail": "10-20", "reach_min_city_hall_subway": 13, "reach_bucket_city_hall_subway": "10-20", "reach_min_city_hall_rail": 13, "reach_bucket_city_hall_rail": "10-20", "reach_min_gangnam_subway": 22, "reach_bucket_gangnam_subway": "20-30", "reach_min_gangnam_rail": 22, "reach_bucket_gangnam_rail": "20-30", "reach_min_wangsimni_subway": 9, "reach_bucket_wangsimni_subway": "<10", "reach_min_wangsimni_rail": 9, "reach_bucket_wangsimni_rail": "<10", "reach_min_sadang_subway": 31, "reach_bucket_sadang_subway": "30-45", "reach_min_sadang_rail": 31, "reach_bucket_sadang_rail": "30-45", "reach_min_jamsil_subway": 30, "reach_bucket_jamsil_subway": "30-45", "reach_min_jamsil_rail": 30, "reach_bucket_jamsil_rail": "30-45", "reach_min_konkuk_subway": 19, "reach_bucket_konkuk_subway": "10-20", "reach_min_konkuk_rail": 19, "reach_bucket_konkuk_rail": "10-20", "reach_min_hongik_subway": 24, "reach_bucket_hongik_subway": "20-30", "reach_min_hongik_rail": 24, "reach_bucket_hongik_rail": "20-30"}}, {"type": "Feature", "geometry": {"type": "Point", "coordinates": [127.0301, 37.61317]}, "properties": {"id": "kr_091", "name": "Miasageori", "district": "Gangbuk-gu", "transit_stress_score": 10.5, "transit_stress_tier": "very-high", "walk_stress_score": 100.0, "walk_stress_tier": "mid", "reach_min_seoul_station_subway": 23, "reach_bucket_seoul_station_subway": "20-30", "reach_min_seoul_station_rail": 23, "reach_bucket_seoul_station_rail": "20-30", "reach_min_city_hall_subway": 21, "reach_bucket_city_hall_subway": "20-30", "reach_min_city_hall_rail": 21, "reach_bucket_city_hall_rail": "20-30", "reach_min_gangnam_subway": 35, "reach_bucket_gangnam_subway": "30-45", "reach_min_gangnam_rail": 35, "reach_bucket_gangnam_rail": "30-45", "reach_min_wangsimni_subway": 21, "reach_bucket_wangsimni_subway": "20-30", "reach_min_wangsimni_rail": 21, "reach_bucket_wangsimni_rail": "20-30", "reach_min_sadang_subway": 43, "reach_bucket_sadang_subway": "30-45", "reach_min_sadang_rail": 43, "reach_bucket_sadang_rail": "30-45", "reach_min_jamsil_subway": 41, "reach_bucket_jamsil_subway": "30-45", "reach_min_jamsil_rail": 41, "reach_bucket_jamsil_rail": "30-45", "reach_min_konkuk_subway": 30, "reach_bucket_konkuk_subway": "30-45", "reach_min_konkuk_rail": 30, "reach_bucket_konkuk_rail": "30-45", "reach_min_hongik_subway": 32, "reach_bucket_hongik_subway": "30-45", "reach_min_hongik_rail": 32, "reach_bucket_hongik_rail": "30-45"}}, {"type": "Feature", "geometry": {"type": "Point", "coordinates": [127.0448, 37.77416]}, "properties": {"id": "kr_092", "name": "Yangju", "district": null, "transit_stress_score": 10.5, "transit_stress_tier": "very-high", "walk_stress_score": 100.0, "walk_stress_tier": "mid", "reach_min_seoul_station_subway": 64, "reach_bucket_seoul_station_subway": "60-90", "reach_min_seoul_station_rail": 64, "reach_bucket_seoul_station_rail": "60-90", "reach_min_city_hall_subway": 62, "reach_bucket_city_hall_subway": "60-90", "reach_min_city_hall_rail": 62, "reach_bucket_city_hall_rail": "60-90", "reach_min_gangnam_subway": 76, "reach_bucket_gangnam_subway": "60-90", "reach_min_gangnam_rail": 76, "reach_bucket_gangnam_rail": "60-90", "reach_min_wangsimni_subway": 62, "reach_bucket_wangsimni_subway": "60-90", "reach_min_wangsimni_rail": 62, "reach_bucket_wangsimni_rail": "60-90", "reach_min_sadang_subway": 84, "reach_bucket_sadang_subway": "60-90", "reach_min_sadang_rail": 84, "reach_bucket_sadang_rail": "60-90", "reach_min_jamsil_subway": 75, "reach_bucket_jamsil_subway": "60-90", "reach_min_jamsil_rail": 75, "reach_bucket_jamsil_rail": "60-90", "reach_min_konkuk_subway": 64, "reach_bucket_konkuk_subway": "60-90", "reach_min_konkuk_rail": 64, "reach_bucket_konkuk_rail": "60-90", "reach_min_hongik_subway": 73, "reach_bucket_hongik_subway": "60-90", "reach_min_hongik_rail": 73, "reach_bucket_hongik_rail": "60-90"}}, {"type": "Feature", "geometry": {"type": "Point", "coordinates": [127.08552, 36.99061]}, "properties": {"id": "kr_093", "name": "Pyeongtaek", "district": null, "transit_stress_score": 10.5, "transit_stress_tier": "very-high", "walk_stress_score": 100.0, "walk_stress_tier": "mid", "reach_min_seoul_station_subway": 120, "reach_bucket_seoul_station_subway": "120+", "reach_min_seoul_station_rail": 102, "reach_bucket_seoul_station_rail": "90-120", "reach_min_city_hall_subway": 120, "reach_bucket_city_hall_subway": "120+", "reach_min_city_hall_rail": 105, "reach_bucket_city_hall_rail": "90-120", "reach_min_gangnam_subway": 120, "reach_bucket_gangnam_subway": "120+", "reach_min_gangnam_rail": 120, "reach_bucket_gangnam_rail": "120+", "reach_min_wangsimni_subway": 120, "reach_bucket_wangsimni_subway": "120+", "reach_min_wangsimni_rail": 117, "reach_bucket_wangsimni_rail": "90-120", "reach_min_sadang_subway": 119, "reach_bucket_sadang_subway": "90-120", "reach_min_sadang_rail": 119, "reach_bucket_sadang_rail": "90-120", "reach_min_jamsil_subway": 120, "reach_bucket_jamsil_subway": "120+", "reach_min_jamsil_rail": 118, "reach_bucket_jamsil_rail": "90-120", "reach_min_konkuk_subway": 120, "reach_bucket_konkuk_subway": "120+", "reach_min_konkuk_rail": 120, "reach_bucket_konkuk_rail": "120+", "reach_min_hongik_subway": 120, "reach_bucket_hongik_subway": "120+", "reach_min_hongik_rail": 116, "reach_bucket_hongik_rail": "90-120"}}, {"type": "Feature", "geometry": {"type": "Point", "coordinates": [127.04291, 37.5661]}, "properties": {"id": "kr_094", "name": "마장", "district": "Seongdong-gu", "transit_stress_score": 10.5, "transit_stress_tier": "very-high", "walk_stress_score": 75.0, "walk_stress_tier": "very-low", "reach_min_seoul_station_subway": 16, "reach_bucket_seoul_station_subway": "10-20", "reach_min_seoul_station_rail": 16, "reach_bucket_seoul_station_rail": "10-20", "reach_min_city_hall_subway": 15, "reach_bucket_city_hall_subway": "10-20", "reach_min_city_hall_rail": 15, "reach_bucket_city_hall_rail": "10-20", "reach_min_gangnam_subway": 26, "reach_bucket_gangnam_subway": "20-30", "reach_min_gangnam_rail": 26, "reach_bucket_gangnam_rail": "20-30", "reach_min_wangsimni_subway": 2, "reach_bucket_wangsimni_subway": "<10", "reach_min_wangsimni_rail": 2, "reach_bucket_wangsimni_rail": "<10", "reach_min_sadang_subway": 35, "reach_bucket_sadang_subway": "30-45", "reach_min_sadang_rail": 35, "reach_bucket_sadang_rail": "30-45", "reach_min_jamsil_subway": 22, "reach_bucket_jamsil_subway": "20-30", "reach_min_jamsil_rail": 22, "reach_bucket_jamsil_rail": "20-30", "reach_min_konkuk_subway": 11, "reach_bucket_konkuk_subway": "10-20", "reach_min_konkuk_rail": 11, "reach_bucket_konkuk_rail": "10-20", "reach_min_hongik_subway": 27, "reach_bucket_hongik_subway": "20-30", "reach_min_hongik_rail": 27, "reach_bucket_hongik_rail": "20-30"}}, {"type": "Feature", "geometry": {"type": "Point", "coordinates": [126.91801, 37.51696]}, "properties": {"id": "kr_095", "name": "Singil", "district": "Yeongdeungpo-gu", "transit_stress_score": 10.4, "transit_stress_tier": "high", "walk_stress_score": 87.5, "walk_stress_tier": "very-low", "reach_min_seoul_station_subway": 16, "reach_bucket_seoul_station_subway": "10-20", "reach_min_seoul_station_rail": 16, "reach_bucket_seoul_station_rail": "10-20", "reach_min_city_hall_subway": 18, "reach_bucket_city_hall_subway": "10-20", "reach_min_city_hall_rail": 18, "reach_bucket_city_hall_rail": "10-20", "reach_min_gangnam_subway": 22, "reach_bucket_gangnam_subway": "20-30", "reach_min_gangnam_rail": 22, "reach_bucket_gangnam_rail": "20-30", "reach_min_wangsimni_subway": 30, "reach_bucket_wangsimni_subway": "30-45", "reach_min_wangsimni_rail": 30, "reach_bucket_wangsimni_rail": "30-45", "reach_min_sadang_subway": 18, "reach_bucket_sadang_subway": "10-20", "reach_min_sadang_rail": 18, "reach_bucket_sadang_rail": "10-20", "reach_min_jamsil_subway": 35, "reach_bucket_jamsil_subway": "30-45", "reach_min_jamsil_rail": 35, "reach_bucket_jamsil_rail": "30-45", "reach_min_konkuk_subway": 40, "reach_bucket_konkuk_subway": "30-45", "reach_min_konkuk_rail": 40, "reach_bucket_konkuk_rail": "30-45", "reach_min_hongik_subway": 13, "reach_bucket_hongik_subway": "10-20", "reach_min_hongik_rail": 13, "reach_bucket_hongik_rail": "10-20"}}, {"type": "Feature", "geometry": {"type": "Point", "coordinates": [126.95031, 37.58231]}, "properties": {"id": "kr_096", "name": "Muakjae", "district": "Seodaemun-gu", "transit_stress_score": 10.4, "transit_stress_tier": "high", "walk_stress_score": 87.5, "walk_stress_tier": "very-low", "reach_min_seoul_station_subway": 17, "reach_bucket_seoul_station_subway": "10-20", "reach_min_seoul_station_rail": 17, "reach_bucket_seoul_station_rail": "10-20", "reach_min_city_hall_subway": 14, "reach_bucket_city_hall_subway": "10-20", "reach_min_city_hall_rail": 14, "reach_bucket_city_hall_rail": "10-20", "reach_min_gangnam_subway": 34, "reach_bucket_gangnam_subway": "30-45", "reach_min_gangnam_rail": 34, "reach_bucket_gangnam_rail": "30-45", "reach_min_wangsimni_subway": 20, "reach_bucket_wangsimni_subway": "20-30", "reach_min_wangsimni_rail": 20, "reach_bucket_wangsimni_rail": "20-30", "reach_min_sadang_subway": 36, "reach_bucket_sadang_subway": "30-45", "reach_min_sadang_rail": 36, "reach_bucket_sadang_rail": "30-45", "reach_min_jamsil_subway": 40, "reach_bucket_jamsil_subway": "30-45", "reach_min_jamsil_rail": 40, "reach_bucket_jamsil_rail": "30-45", "reach_min_konkuk_subway": 29, "reach_bucket_konkuk_subway": "20-30", "reach_min_konkuk_rail": 29, "reach_bucket_konkuk_rail": "20-30", "reach_min_hongik_subway": 25, "reach_bucket_hongik_subway": "20-30", "reach_min_hongik_rail": 25, "reach_bucket_hongik_rail": "20-30"}}, {"type": "Feature", "geometry": {"type": "Point", "coordinates": [127.07493, 37.61791]}, "properties": {"id": "kr_097", "name": "태릉입구", "district": "Nowon-gu", "transit_stress_score": 10.3, "transit_stress_tier": "high", "walk_stress_score": 87.5, "walk_stress_tier": "very-low", "reach_min_seoul_station_subway": 33, "reach_bucket_seoul_station_subway": "30-45", "reach_min_seoul_station_rail": 33, "reach_bucket_seoul_station_rail": "30-45", "reach_min_city_hall_subway": 32, "reach_bucket_city_hall_subway": "30-45", "reach_min_city_hall_rail": 32, "reach_bucket_city_hall_rail": "30-45", "reach_min_gangnam_subway": 41, "reach_bucket_gangnam_subway": "30-45", "reach_min_gangnam_rail": 41, "reach_bucket_gangnam_rail": "30-45", "reach_min_wangsimni_subway": 27, "reach_bucket_wangsimni_subway": "20-30", "reach_min_wangsimni_rail": 27, "reach_bucket_wangsimni_rail": "20-30", "reach_min_sadang_subway": 50, "reach_bucket_sadang_subway": "45-60", "reach_min_sadang_rail": 50, "reach_bucket_sadang_rail": "45-60", "reach_min_jamsil_subway": 47, "reach_bucket_jamsil_subway": "45-60", "reach_min_jamsil_rail": 47, "reach_bucket_jamsil_rail": "45-60", "reach_min_konkuk_subway": 36, "reach_bucket_konkuk_subway": "30-45", "reach_min_konkuk_rail": 36, "reach_bucket_konkuk_rail": "30-45", "reach_min_hongik_subway": 43, "reach_bucket_hongik_subway": "30-45", "reach_min_hongik_rail": 43, "reach_bucket_hongik_rail": "30-45"}}, {"type": "Feature", "geometry": {"type": "Point", "coordinates": [127.08451, 37.56629]}, "properties": {"id": "kr_098", "name": "중곡", "district": "Gwangjin-gu", "transit_stress_score": 10.1, "transit_stress_tier": "high", "walk_stress_score": 100.0, "walk_stress_tier": "mid", "reach_min_seoul_station_subway": 27, "reach_bucket_seoul_station_subway": "20-30", "reach_min_seoul_station_rail": 27, "reach_bucket_seoul_station_rail": "20-30", "reach_min_city_hall_subway": 26, "reach_bucket_city_hall_subway": "20-30", "reach_min_city_hall_rail": 26, "reach_bucket_city_hall_rail": "20-30", "reach_min_gangnam_subway": 30, "reach_bucket_gangnam_subway": "30-45", "reach_min_gangnam_rail": 30, "reach_bucket_gangnam_rail": "30-45", "reach_min_wangsimni_subway": 12, "reach_bucket_wangsimni_subway": "10-20", "reach_min_wangsimni_rail": 12, "reach_bucket_wangsimni_rail": "10-20", "reach_min_sadang_subway": 35, "reach_bucket_sadang_subway": "30-45", "reach_min_sadang_rail": 35, "reach_bucket_sadang_rail": "30-45", "reach_min_jamsil_subway": 33, "reach_bucket_jamsil_subway": "30-45", "reach_min_jamsil_rail": 33, "reach_bucket_jamsil_rail": "30-45", "reach_min_konkuk_subway": 21, "reach_bucket_konkuk_subway": "20-30", "reach_min_konkuk_rail": 21, "reach_bucket_konkuk_rail": "20-30", "reach_min_hongik_subway": 37, "reach_bucket_hongik_subway": "30-45", "reach_min_hongik_rail": 37, "reach_bucket_hongik_rail": "30-45"}}, {"type": "Feature", "geometry": {"type": "Point", "coordinates": [127.05268, 37.56682]}, "properties": {"id": "kr_099", "name": "답십리", "district": "Seongdong-gu", "transit_stress_score": 10.0, "transit_stress_tier": "high", "walk_stress_score": 75.0, "walk_stress_tier": "very-low", "reach_min_seoul_station_subway": 19, "reach_bucket_seoul_station_subway": "10-20", "reach_min_seoul_station_rail": 19, "reach_bucket_seoul_station_rail": "10-20", "reach_min_city_hall_subway": 17, "reach_bucket_city_hall_subway": "10-20", "reach_min_city_hall_rail": 17, "reach_bucket_city_hall_rail": "10-20", "reach_min_gangnam_subway": 28, "reach_bucket_gangnam_subway": "20-30", "reach_min_gangnam_rail": 28, "reach_bucket_gangnam_rail": "20-30", "reach_min_wangsimni_subway": 4, "reach_bucket_wangsimni_subway": "<10", "reach_min_wangsimni_rail": 4, "reach_bucket_wangsimni_rail": "<10", "reach_min_sadang_subway": 38, "reach_bucket_sadang_subway": "30-45", "reach_min_sadang_rail": 38, "reach_bucket_sadang_rail": "30-45", "reach_min_jamsil_subway": 24, "reach_bucket_jamsil_subway": "20-30", "reach_min_jamsil_rail": 24, "reach_bucket_jamsil_rail": "20-30", "reach_min_konkuk_subway": 13, "reach_bucket_konkuk_subway": "10-20", "reach_min_konkuk_rail": 13, "reach_bucket_konkuk_rail": "10-20", "reach_min_hongik_subway": 29, "reach_bucket_hongik_subway": "20-30", "reach_min_hongik_rail": 29, "reach_bucket_hongik_rail": "20-30"}}, {"type": "Feature", "geometry": {"type": "Point", "coordinates": [126.95117, 37.54366]}, "properties": {"id": "kr_100", "name": "공덕", "district": "Mapo-gu", "transit_stress_score": 10.0, "transit_stress_tier": "high", "walk_stress_score": 87.5, "walk_stress_tier": "very-low", "reach_min_seoul_station_subway": 10, "reach_bucket_seoul_station_subway": "10-20", "reach_min_seoul_station_rail": 10, "reach_bucket_seoul_station_rail": "10-20", "reach_min_city_hall_subway": 13, "reach_bucket_city_hall_subway": "10-20", "reach_min_city_hall_rail": 13, "reach_bucket_city_hall_rail": "10-20", "reach_min_gangnam_subway": 24, "reach_bucket_gangnam_subway": "20-30", "reach_min_gangnam_rail": 24, "reach_bucket_gangnam_rail": "20-30", "reach_min_wangsimni_subway": 22, "reach_bucket_wangsimni_subway": "20-30", "reach_min_wangsimni_rail": 22, "reach_bucket_wangsimni_rail": "20-30", "reach_min_sadang_subway": 20, "reach_bucket_sadang_subway": "20-30", "reach_min_sadang_rail": 20, "reach_bucket_sadang_rail": "20-30", "reach_min_jamsil_subway": 37, "reach_bucket_jamsil_subway": "30-45", "reach_min_jamsil_rail": 37, "reach_bucket_jamsil_rail": "30-45", "reach_min_konkuk_subway": 31, "reach_bucket_konkuk_subway": "30-45", "reach_min_konkuk_rail": 31, "reach_bucket_konkuk_rail": "30-45", "reach_min_hongik_subway": 19, "reach_bucket_hongik_subway": "10-20", "reach_min_hongik_rail": 19, "reach_bucket_hongik_rail": "10-20"}}, {"type": "Feature", "geometry": {"type": "Point", "coordinates": [127.01525, 37.57978]}, "properties": {"id": "kr_101", "name": "창신", "district": "Jongno-gu", "transit_stress_score": 10.0, "transit_stress_tier": "high", "walk_stress_score": 75.0, "walk_stress_tier": "very-low", "reach_min_seoul_station_subway": 16, "reach_bucket_seoul_station_subway": "10-20", "reach_min_seoul_station_rail": 16, "reach_bucket_seoul_station_rail": "10-20", "reach_min_city_hall_subway": 15, "reach_bucket_city_hall_subway": "10-20", "reach_min_city_hall_rail": 15, "reach_bucket_city_hall_rail": "10-20", "reach_min_gangnam_subway": 24, "reach_bucket_gangnam_subway": "20-30", "reach_min_gangnam_rail": 24, "reach_bucket_gangnam_rail": "20-30", "reach_min_wangsimni_subway": 11, "reach_bucket_wangsimni_subway": "10-20", "reach_min_wangsimni_rail": 11, "reach_bucket_wangsimni_rail": "10-20", "reach_min_sadang_subway": 33, "reach_bucket_sadang_subway": "30-45", "reach_min_sadang_rail": 33, "reach_bucket_sadang_rail": "30-45", "reach_min_jamsil_subway": 32, "reach_bucket_jamsil_subway": "30-45", "reach_min_jamsil_rail": 32, "reach_bucket_jamsil_rail": "30-45", "reach_min_konkuk_subway": 21, "reach_bucket_konkuk_subway": "20-30", "reach_min_konkuk_rail": 21, "reach_bucket_konkuk_rail": "20-30", "reach_min_hongik_subway": 26, "reach_bucket_hongik_subway": "20-30", "reach_min_hongik_rail": 26, "reach_bucket_hongik_rail": "20-30"}}, {"type": "Feature", "geometry": {"type": "Point", "coordinates": [126.85508, 37.56116]}, "properties": {"id": "kr_102", "name": "Gayang", "district": "Gangseo-gu", "transit_stress_score": 9.9, "transit_stress_tier": "high", "walk_stress_score": 87.5, "walk_stress_tier": "very-low", "reach_min_seoul_station_subway": 31, "reach_bucket_seoul_station_subway": "30-45", "reach_min_seoul_station_rail": 31, "reach_bucket_seoul_station_rail": "30-45", "reach_min_city_hall_subway": 28, "reach_bucket_city_hall_subway": "20-30", "reach_min_city_hall_rail": 28, "reach_bucket_city_hall_rail": "20-30", "reach_min_gangnam_subway": 36, "reach_bucket_gangnam_subway": "30-45", "reach_min_gangnam_rail": 36, "reach_bucket_gangnam_rail": "30-45", "reach_min_wangsimni_subway": 42, "reach_bucket_wangsimni_subway": "30-45", "reach_min_wangsimni_rail": 42, "reach_bucket_wangsimni_rail": "30-45", "reach_min_sadang_subway": 32, "reach_bucket_sadang_subway": "30-45", "reach_min_sadang_rail": 32, "reach_bucket_sadang_rail": "30-45", "reach_min_jamsil_subway": 49, "reach_bucket_jamsil_subway": "45-60", "reach_min_jamsil_rail": 49, "reach_bucket_jamsil_rail": "45-60", "reach_min_konkuk_subway": 51, "reach_bucket_konkuk_subway": "45-60", "reach_min_konkuk_rail": 51, "reach_bucket_konkuk_rail": "45-60", "reach_min_hongik_subway": 17, "reach_bucket_hongik_subway": "10-20", "reach_min_hongik_rail": 17, "reach_bucket_hongik_rail": "10-20"}}, {"type": "Feature", "geometry": {"type": "Point", "coordinates": [127.06459, 37.56148]}, "properties": {"id": "kr_103", "name": "장한평", "district": "Dongdaemun-gu", "transit_stress_score": 9.7, "transit_stress_tier": "high", "walk_stress_score": 100.0, "walk_stress_tier": "mid", "reach_min_seoul_station_subway": 21, "reach_bucket_seoul_station_subway": "20-30", "reach_min_seoul_station_rail": 21, "reach_bucket_seoul_station_rail": "20-30", "reach_min_city_hall_subway": 20, "reach_bucket_city_hall_subway": "20-30", "reach_min_city_hall_rail": 20, "reach_bucket_city_hall_rail": "20-30", "reach_min_gangnam_subway": 30, "reach_bucket_gangnam_subway": "30-45", "reach_min_gangnam_rail": 30, "reach_bucket_gangnam_rail": "30-45", "reach_min_wangsimni_subway": 7, "reach_bucket_wangsimni_subway": "<10", "reach_min_wangsimni_rail": 7, "reach_bucket_wangsimni_rail": "<10", "reach_min_sadang_subway": 36, "reach_bucket_sadang_subway": "30-45", "reach_min_sadang_rail": 36, "reach_bucket_sadang_rail": "30-45", "reach_min_jamsil_subway": 27, "reach_bucket_jamsil_subway": "20-30", "reach_min_jamsil_rail": 27, "reach_bucket_jamsil_rail": "20-30", "reach_min_konkuk_subway": 16, "reach_bucket_konkuk_subway": "10-20", "reach_min_konkuk_rail": 16, "reach_bucket_konkuk_rail": "10-20", "reach_min_hongik_subway": 31, "reach_bucket_hongik_subway": "30-45", "reach_min_hongik_rail": 31, "reach_bucket_hongik_rail": "30-45"}}, {"type": "Feature", "geometry": {"type": "Point", "coordinates": [126.91374, 37.64814]}, "properties": {"id": "kr_104", "name": "Jichuk", "district": null, "transit_stress_score": 9.6, "transit_stress_tier": "high", "walk_stress_score": 100.0, "walk_stress_tier": "mid", "reach_min_seoul_station_subway": 34, "reach_bucket_seoul_station_subway": "30-45", "reach_min_seoul_station_rail": 34, "reach_bucket_seoul_station_rail": "30-45", "reach_min_city_hall_subway": 32, "reach_bucket_city_hall_subway": "30-45", "reach_min_city_hall_rail": 32, "reach_bucket_city_hall_rail": "30-45", "reach_min_gangnam_subway": 51, "reach_bucket_gangnam_subway": "45-60", "reach_min_gangnam_rail": 51, "reach_bucket_gangnam_rail": "45-60", "reach_min_wangsimni_subway": 38, "reach_bucket_wangsimni_subway": "30-45", "reach_min_wangsimni_rail": 38, "reach_bucket_wangsimni_rail": "30-45", "reach_min_sadang_subway": 54, "reach_bucket_sadang_subway": "45-60", "reach_min_sadang_rail": 54, "reach_bucket_sadang_rail": "45-60", "reach_min_jamsil_subway": 58, "reach_bucket_jamsil_subway": "45-60", "reach_min_jamsil_rail": 58, "reach_bucket_jamsil_rail": "45-60", "reach_min_konkuk_subway": 47, "reach_bucket_konkuk_subway": "45-60", "reach_min_konkuk_rail": 47, "reach_bucket_konkuk_rail": "45-60", "reach_min_hongik_subway": 43, "reach_bucket_hongik_subway": "30-45", "reach_min_hongik_rail": 43, "reach_bucket_hongik_rail": "30-45"}}, {"type": "Feature", "geometry": {"type": "Point", "coordinates": [126.72456, 37.48946]}, "properties": {"id": "kr_105", "name": "Bupyeong", "district": null, "transit_stress_score": 9.6, "transit_stress_tier": "high", "walk_stress_score": 100.0, "walk_stress_tier": "mid", "reach_min_seoul_station_subway": 47, "reach_bucket_seoul_station_subway": "45-60", "reach_min_seoul_station_rail": 47, "reach_bucket_seoul_station_rail": "45-60", "reach_min_city_hall_subway": 50, "reach_bucket_city_hall_subway": "45-60", "reach_min_city_hall_rail": 50, "reach_bucket_city_hall_rail": "45-60", "reach_min_gangnam_subway": 57, "reach_bucket_gangnam_subway": "45-60", "reach_min_gangnam_rail": 57, "reach_bucket_gangnam_rail": "45-60", "reach_min_wangsimni_subway": 62, "reach_bucket_wangsimni_subway": "60-90", "reach_min_wangsimni_rail": 62, "reach_bucket_wangsimni_rail": "60-90", "reach_min_sadang_subway": 53, "reach_bucket_sadang_subway": "45-60", "reach_min_sadang_rail": 53, "reach_bucket_sadang_rail": "45-60", "reach_min_jamsil_subway": 70, "reach_bucket_jamsil_subway": "60-90", "reach_min_jamsil_rail": 70, "reach_bucket_jamsil_rail": "60-90", "reach_min_konkuk_subway": 71, "reach_bucket_konkuk_subway": "60-90", "reach_min_konkuk_rail": 71, "reach_bucket_konkuk_rail": "60-90", "reach_min_hongik_subway": 44, "reach_bucket_hongik_subway": "30-45", "reach_min_hongik_rail": 44, "reach_bucket_hongik_rail": "30-45"}}, {"type": "Feature", "geometry": {"type": "Point", "coordinates": [127.02611, 37.62654]}, "properties": {"id": "kr_106", "name": "Mia", "district": "Gangbuk-gu", "transit_stress_score": 9.6, "transit_stress_tier": "high", "walk_stress_score": 100.0, "walk_stress_tier": "mid", "reach_min_seoul_station_subway": 26, "reach_bucket_seoul_station_subway": "20-30", "reach_min_seoul_station_rail": 26, "reach_bucket_seoul_station_rail": "20-30", "reach_min_city_hall_subway": 24, "reach_bucket_city_hall_subway": "20-30", "reach_min_city_hall_rail": 24, "reach_bucket_city_hall_rail": "20-30", "reach_min_gangnam_subway": 38, "reach_bucket_gangnam_subway": "30-45", "reach_min_gangnam_rail": 38, "reach_bucket_gangnam_rail": "30-45", "reach_min_wangsimni_subway": 24, "reach_bucket_wangsimni_subway": "20-30", "reach_min_wangsimni_rail": 24, "reach_bucket_wangsimni_rail": "20-30", "reach_min_sadang_subway": 46, "reach_bucket_sadang_subway": "45-60", "reach_min_sadang_rail": 46, "reach_bucket_sadang_rail": "45-60", "reach_min_jamsil_subway": 45, "reach_bucket_jamsil_subway": "45-60", "reach_min_jamsil_rail": 45, "reach_bucket_jamsil_rail": "45-60", "reach_min_konkuk_subway": 34, "reach_bucket_konkuk_subway": "30-45", "reach_min_konkuk_rail": 34, "reach_bucket_konkuk_rail": "30-45", "reach_min_hongik_subway": 36, "reach_bucket_hongik_subway": "30-45", "reach_min_hongik_rail": 36, "reach_bucket_hongik_rail": "30-45"}}, {"type": "Feature", "geometry": {"type": "Point", "coordinates": [127.14019, 37.53835]}, "properties": {"id": "kr_107", "name": "길동", "district": "Gangdong-gu", "transit_stress_score": 9.6, "transit_stress_tier": "high", "walk_stress_score": 87.5, "walk_stress_tier": "very-low", "reach_min_seoul_station_subway": 38, "reach_bucket_seoul_station_subway": "30-45", "reach_min_seoul_station_rail": 38, "reach_bucket_seoul_station_rail": "30-45", "reach_min_city_hall_subway": 37, "reach_bucket_city_hall_subway": "30-45", "reach_min_city_hall_rail": 37, "reach_bucket_city_hall_rail": "30-45", "reach_min_gangnam_subway": 28, "reach_bucket_gangnam_subway": "20-30", "reach_min_gangnam_rail": 28, "reach_bucket_gangnam_rail": "20-30", "reach_min_wangsimni_subway": 23, "reach_bucket_wangsimni_subway": "20-30", "reach_min_wangsimni_rail": 23, "reach_bucket_wangsimni_rail": "20-30", "reach_min_sadang_subway": 39, "reach_bucket_sadang_subway": "30-45", "reach_min_sadang_rail": 39, "reach_bucket_sadang_rail": "30-45", "reach_min_jamsil_subway": 23, "reach_bucket_jamsil_subway": "20-30", "reach_min_jamsil_rail": 23, "reach_bucket_jamsil_rail": "20-30", "reach_min_konkuk_subway": 32, "reach_bucket_konkuk_subway": "30-45", "reach_min_konkuk_rail": 32, "reach_bucket_konkuk_rail": "30-45", "reach_min_hongik_subway": 48, "reach_bucket_hongik_subway": "45-60", "reach_min_hongik_rail": 48, "reach_bucket_hongik_rail": "45-60"}}, {"type": "Feature", "geometry": {"type": "Point", "coordinates": [127.1276, 37.39465]}, "properties": {"id": "kr_108", "name": "Imae", "district": null, "transit_stress_score": 9.6, "transit_stress_tier": "high", "walk_stress_score": 100.0, "walk_stress_tier": "mid", "reach_min_seoul_station_subway": 54, "reach_bucket_seoul_station_subway": "45-60", "reach_min_seoul_station_rail": 54, "reach_bucket_seoul_station_rail": "45-60", "reach_min_city_hall_subway": 56, "reach_bucket_city_hall_subway": "45-60", "reach_min_city_hall_rail": 56, "reach_bucket_city_hall_rail": "45-60", "reach_min_gangnam_subway": 30, "reach_bucket_gangnam_subway": "30-45", "reach_min_gangnam_rail": 30, "reach_bucket_gangnam_rail": "30-45", "reach_min_wangsimni_subway": 54, "reach_bucket_wangsimni_subway": "45-60", "reach_min_wangsimni_rail": 54, "reach_bucket_wangsimni_rail": "45-60", "reach_min_sadang_subway": 40, "reach_bucket_sadang_subway": "30-45", "reach_min_sadang_rail": 40, "reach_bucket_sadang_rail": "30-45", "reach_min_jamsil_subway": 45, "reach_bucket_jamsil_subway": "45-60", "reach_min_jamsil_rail": 45, "reach_bucket_jamsil_rail": "45-60", "reach_min_konkuk_subway": 56, "reach_bucket_konkuk_subway": "45-60", "reach_min_konkuk_rail": 56, "reach_bucket_konkuk_rail": "45-60", "reach_min_hongik_subway": 62, "reach_bucket_hongik_subway": "60-90", "reach_min_hongik_rail": 62, "reach_bucket_hongik_rail": "60-90"}}, {"type": "Feature", "geometry": {"type": "Point", "coordinates": [127.12686, 36.91622]}, "properties": {"id": "kr_109", "name": "Seonghwan", "district": null, "transit_stress_score": 9.6, "transit_stress_tier": "high", "walk_stress_score": 100.0, "walk_stress_tier": "mid", "reach_min_seoul_station_subway": 120, "reach_bucket_seoul_station_subway": "120+", "reach_min_seoul_station_rail": 85, "reach_bucket_seoul_station_rail": "60-90", "reach_min_city_hall_subway": 120, "reach_bucket_city_hall_subway": "120+", "reach_min_city_hall_rail": 88, "reach_bucket_city_hall_rail": "60-90", "reach_min_gangnam_subway": 120, "reach_bucket_gangnam_subway": "120+", "reach_min_gangnam_rail": 103, "reach_bucket_gangnam_rail": "90-120", "reach_min_wangsimni_subway": 120, "reach_bucket_wangsimni_subway": "120+", "reach_min_wangsimni_rail": 100, "reach_bucket_wangsimni_rail": "90-120", "reach_min_sadang_subway": 120, "reach_bucket_sadang_subway": "120+", "reach_min_sadang_rail": 103, "reach_bucket_sadang_rail": "90-120", "reach_min_jamsil_subway": 120, "reach_bucket_jamsil_subway": "120+", "reach_min_jamsil_rail": 101, "reach_bucket_jamsil_rail": "90-120", "reach_min_konkuk_subway": 120, "reach_bucket_konkuk_subway": "120+", "reach_min_konkuk_rail": 109, "reach_bucket_konkuk_rail": "90-120", "reach_min_hongik_subway": 120, "reach_bucket_hongik_subway": "120+", "reach_min_hongik_rail": 99, "reach_bucket_hongik_rail": "90-120"}}, {"type": "Feature", "geometry": {"type": "Point", "coordinates": [126.9442, 37.58867]}, "properties": {"id": "kr_110", "name": "Hongje (Seoul Culture Arts Univ.)", "district": "Seodaemun-gu", "transit_stress_score": 9.5, "transit_stress_tier": "high", "walk_stress_score": 87.5, "walk_stress_tier": "very-low", "reach_min_seoul_station_subway": 19, "reach_bucket_seoul_station_subway": "10-20", "reach_min_seoul_station_rail": 19, "reach_bucket_seoul_station_rail": "10-20", "reach_min_city_hall_subway": 16, "reach_bucket_city_hall_subway": "10-20", "reach_min_city_hall_rail": 16, "reach_bucket_city_hall_rail": "10-20", "reach_min_gangnam_subway": 36, "reach_bucket_gangnam_subway": "30-45", "reach_min_gangnam_rail": 36, "reach_bucket_gangnam_rail": "30-45", "reach_min_wangsimni_subway": 22, "reach_bucket_wangsimni_subway": "20-30", "reach_min_wangsimni_rail": 22, "reach_bucket_wangsimni_rail": "20-30", "reach_min_sadang_subway": 39, "reach_bucket_sadang_subway": "30-45", "reach_min_sadang_rail": 39, "reach_bucket_sadang_rail": "30-45", "reach_min_jamsil_subway": 43, "reach_bucket_jamsil_subway": "30-45", "reach_min_jamsil_rail": 43, "reach_bucket_jamsil_rail": "30-45", "reach_min_konkuk_subway": 32, "reach_bucket_konkuk_subway": "30-45", "reach_min_konkuk_rail": 32, "reach_bucket_konkuk_rail": "30-45", "reach_min_hongik_subway": 27, "reach_bucket_hongik_subway": "20-30", "reach_min_hongik_rail": 27, "reach_bucket_hongik_rail": "20-30"}}, {"type": "Feature", "geometry": {"type": "Point", "coordinates": [127.08651, 37.57388]}, "properties": {"id": "kr_111", "name": "용마산", "district": "Jungnang-gu", "transit_stress_score": 9.3, "transit_stress_tier": "high", "walk_stress_score": 87.5, "walk_stress_tier": "very-low", "reach_min_seoul_station_subway": 29, "reach_bucket_seoul_station_subway": "20-30", "reach_min_seoul_station_rail": 29, "reach_bucket_seoul_station_rail": "20-30", "reach_min_city_hall_subway": 28, "reach_bucket_city_hall_subway": "20-30", "reach_min_city_hall_rail": 28, "reach_bucket_city_hall_rail": "20-30", "reach_min_gangnam_subway": 32, "reach_bucket_gangnam_subway": "30-45", "reach_min_gangnam_rail": 32, "reach_bucket_gangnam_rail": "30-45", "reach_min_wangsimni_subway": 14, "reach_bucket_wangsimni_subway": "10-20", "reach_min_wangsimni_rail": 14, "reach_bucket_wangsimni_rail": "10-20", "reach_min_sadang_subway": 37, "reach_bucket_sadang_subway": "30-45", "reach_min_sadang_rail": 37, "reach_bucket_sadang_rail": "30-45", "reach_min_jamsil_subway": 35, "reach_bucket_jamsil_subway": "30-45", "reach_min_jamsil_rail": 35, "reach_bucket_jamsil_rail": "30-45", "reach_min_konkuk_subway": 24, "reach_bucket_konkuk_subway": "20-30", "reach_min_konkuk_rail": 24, "reach_bucket_konkuk_rail": "20-30", "reach_min_hongik_subway": 39, "reach_bucket_hongik_subway": "30-45", "reach_min_hongik_rail": 39, "reach_bucket_hongik_rail": "30-45"}}, {"type": "Feature", "geometry": {"type": "Point", "coordinates": [127.01932, 37.58528]}, "properties": {"id": "kr_112", "name": "Bomun", "district": "Seongbuk-gu", "transit_stress_score": 9.2, "transit_stress_tier": "high", "walk_stress_score": 87.5, "walk_stress_tier": "very-low", "reach_min_seoul_station_subway": 17, "reach_bucket_seoul_station_subway": "10-20", "reach_min_seoul_station_rail": 17, "reach_bucket_seoul_station_rail": "10-20", "reach_min_city_hall_subway": 16, "reach_bucket_city_hall_subway": "10-20", "reach_min_city_hall_rail": 16, "reach_bucket_city_hall_rail": "10-20", "reach_min_gangnam_subway": 26, "reach_bucket_gangnam_subway": "20-30", "reach_min_gangnam_rail": 26, "reach_bucket_gangnam_rail": "20-30", "reach_min_wangsimni_subway": 13, "reach_bucket_wangsimni_subway": "10-20", "reach_min_wangsimni_rail": 13, "reach_bucket_wangsimni_rail": "10-20", "reach_min_sadang_subway": 35, "reach_bucket_sadang_subway": "30-45", "reach_min_sadang_rail": 35, "reach_bucket_sadang_rail": "30-45", "reach_min_jamsil_subway": 34, "reach_bucket_jamsil_subway": "30-45", "reach_min_jamsil_rail": 34, "reach_bucket_jamsil_rail": "30-45", "reach_min_konkuk_subway": 22, "reach_bucket_konkuk_subway": "20-30", "reach_min_konkuk_rail": 22, "reach_bucket_konkuk_rail": "20-30", "reach_min_hongik_subway": 28, "reach_bucket_hongik_subway": "20-30", "reach_min_hongik_rail": 28, "reach_bucket_hongik_rail": "20-30"}}, {"type": "Feature", "geometry": {"type": "Point", "coordinates": [126.93572, 37.60094]}, "properties": {"id": "kr_113", "name": "Nokbeon", "district": "Eunpyeong-gu", "transit_stress_score": 8.7, "transit_stress_tier": "high", "walk_stress_score": 87.5, "walk_stress_tier": "very-low", "reach_min_seoul_station_subway": 22, "reach_bucket_seoul_station_subway": "20-30", "reach_min_seoul_station_rail": 22, "reach_bucket_seoul_station_rail": "20-30", "reach_min_city_hall_subway": 19, "reach_bucket_city_hall_subway": "10-20", "reach_min_city_hall_rail": 19, "reach_bucket_city_hall_rail": "10-20", "reach_min_gangnam_subway": 39, "reach_bucket_gangnam_subway": "30-45", "reach_min_gangnam_rail": 39, "reach_bucket_gangnam_rail": "30-45", "reach_min_wangsimni_subway": 26, "reach_bucket_wangsimni_subway": "20-30", "reach_min_wangsimni_rail": 26, "reach_bucket_wangsimni_rail": "20-30", "reach_min_sadang_subway": 42, "reach_bucket_sadang_subway": "30-45", "reach_min_sadang_rail": 42, "reach_bucket_sadang_rail": "30-45", "reach_min_jamsil_subway": 46, "reach_bucket_jamsil_subway": "45-60", "reach_min_jamsil_rail": 46, "reach_bucket_jamsil_rail": "45-60", "reach_min_konkuk_subway": 35, "reach_bucket_konkuk_subway": "30-45", "reach_min_konkuk_rail": 35, "reach_bucket_konkuk_rail": "30-45", "reach_min_hongik_subway": 31, "reach_bucket_hongik_subway": "30-45", "reach_min_hongik_rail": 31, "reach_bucket_hongik_rail": "30-45"}}, {"type": "Feature", "geometry": {"type": "Point", "coordinates": [126.86661, 37.30282]}, "properties": {"id": "kr_114", "name": "Sangnoksu", "district": null, "transit_stress_score": 8.6, "transit_stress_tier": "high", "walk_stress_score": 100.0, "walk_stress_tier": "mid", "reach_min_seoul_station_subway": 66, "reach_bucket_seoul_station_subway": "60-90", "reach_min_seoul_station_rail": 66, "reach_bucket_seoul_station_rail": "60-90", "reach_min_city_hall_subway": 68, "reach_bucket_city_hall_subway": "60-90", "reach_min_city_hall_rail": 68, "reach_bucket_city_hall_rail": "60-90", "reach_min_gangnam_subway": 63, "reach_bucket_gangnam_subway": "60-90", "reach_min_gangnam_rail": 63, "reach_bucket_gangnam_rail": "60-90", "reach_min_wangsimni_subway": 80, "reach_bucket_wangsimni_subway": "60-90", "reach_min_wangsimni_rail": 80, "reach_bucket_wangsimni_rail": "60-90", "reach_min_sadang_subway": 52, "reach_bucket_sadang_subway": "45-60", "reach_min_sadang_rail": 52, "reach_bucket_sadang_rail": "45-60", "reach_min_jamsil_subway": 78, "reach_bucket_jamsil_subway": "60-90", "reach_min_jamsil_rail": 78, "reach_bucket_jamsil_rail": "60-90", "reach_min_konkuk_subway": 89, "reach_bucket_konkuk_subway": "60-90", "reach_min_konkuk_rail": 89, "reach_bucket_konkuk_rail": "60-90", "reach_min_hongik_subway": 66, "reach_bucket_hongik_subway": "60-90", "reach_min_hongik_rail": 66, "reach_bucket_hongik_rail": "60-90"}}, {"type": "Feature", "geometry": {"type": "Point", "coordinates": [126.89547, 37.65313]}, "properties": {"id": "kr_115", "name": "Samsong", "district": null, "transit_stress_score": 8.6, "transit_stress_tier": "high", "walk_stress_score": 100.0, "walk_stress_tier": "mid", "reach_min_seoul_station_subway": 38, "reach_bucket_seoul_station_subway": "30-45", "reach_min_seoul_station_rail": 38, "reach_bucket_seoul_station_rail": "30-45", "reach_min_city_hall_subway": 35, "reach_bucket_city_hall_subway": "30-45", "reach_min_city_hall_rail": 35, "reach_bucket_city_hall_rail": "30-45", "reach_min_gangnam_subway": 55, "reach_bucket_gangnam_subway": "45-60", "reach_min_gangnam_rail": 55, "reach_bucket_gangnam_rail": "45-60", "reach_min_wangsimni_subway": 42, "reach_bucket_wangsimni_subway": "30-45", "reach_min_wangsimni_rail": 42, "reach_bucket_wangsimni_rail": "30-45", "reach_min_sadang_subway": 58, "reach_bucket_sadang_subway": "45-60", "reach_min_sadang_rail": 58, "reach_bucket_sadang_rail": "45-60", "reach_min_jamsil_subway": 62, "reach_bucket_jamsil_subway": "60-90", "reach_min_jamsil_rail": 62, "reach_bucket_jamsil_rail": "60-90", "reach_min_konkuk_subway": 51, "reach_bucket_konkuk_subway": "45-60", "reach_min_konkuk_rail": 51, "reach_bucket_konkuk_rail": "45-60", "reach_min_hongik_subway": 47, "reach_bucket_hongik_subway": "45-60", "reach_min_hongik_rail": 47, "reach_bucket_hongik_rail": "45-60"}}, {"type": "Feature", "geometry": {"type": "Point", "coordinates": [127.02571, 37.63798]}, "properties": {"id": "kr_116", "name": "Suyu (Gangbuk-gu Office)", "district": "Gangbuk-gu", "transit_stress_score": 8.6, "transit_stress_tier": "high", "walk_stress_score": 100.0, "walk_stress_tier": "mid", "reach_min_seoul_station_subway": 29, "reach_bucket_seoul_station_subway": "20-30", "reach_min_seoul_station_rail": 29, "reach_bucket_seoul_station_rail": "20-30", "reach_min_city_hall_subway": 27, "reach_bucket_city_hall_subway": "20-30", "reach_min_city_hall_rail": 27, "reach_bucket_city_hall_rail": "20-30", "reach_min_gangnam_subway": 41, "reach_bucket_gangnam_subway": "30-45", "reach_min_gangnam_rail": 41, "reach_bucket_gangnam_rail": "30-45", "reach_min_wangsimni_subway": 27, "reach_bucket_wangsimni_subway": "20-30", "reach_min_wangsimni_rail": 27, "reach_bucket_wangsimni_rail": "20-30", "reach_min_sadang_subway": 49, "reach_bucket_sadang_subway": "45-60", "reach_min_sadang_rail": 49, "reach_bucket_sadang_rail": "45-60", "reach_min_jamsil_subway": 48, "reach_bucket_jamsil_subway": "45-60", "reach_min_jamsil_rail": 48, "reach_bucket_jamsil_rail": "45-60", "reach_min_konkuk_subway": 36, "reach_bucket_konkuk_subway": "30-45", "reach_min_konkuk_rail": 36, "reach_bucket_konkuk_rail": "30-45", "reach_min_hongik_subway": 38, "reach_bucket_hongik_subway": "30-45", "reach_min_hongik_rail": 38, "reach_bucket_hongik_rail": "30-45"}}, {"type": "Feature", "geometry": {"type": "Point", "coordinates": [127.12251, 37.48586]}, "properties": {"id": "kr_117", "name": "Munjeong", "district": "Songpa-gu", "transit_stress_score": 8.6, "transit_stress_tier": "high", "walk_stress_score": 100.0, "walk_stress_tier": "mid", "reach_min_seoul_station_subway": 44, "reach_bucket_seoul_station_subway": "30-45", "reach_min_seoul_station_rail": 44, "reach_bucket_seoul_station_rail": "30-45", "reach_min_city_hall_subway": 46, "reach_bucket_city_hall_subway": "45-60", "reach_min_city_hall_rail": 46, "reach_bucket_city_hall_rail": "45-60", "reach_min_gangnam_subway": 22, "reach_bucket_gangnam_subway": "20-30", "reach_min_gangnam_rail": 22, "reach_bucket_gangnam_rail": "20-30", "reach_min_wangsimni_subway": 36, "reach_bucket_wangsimni_subway": "30-45", "reach_min_wangsimni_rail": 36, "reach_bucket_wangsimni_rail": "30-45", "reach_min_sadang_subway": 33, "reach_bucket_sadang_subway": "30-45", "reach_min_sadang_rail": 33, "reach_bucket_sadang_rail": "30-45", "reach_min_jamsil_subway": 17, "reach_bucket_jamsil_subway": "10-20", "reach_min_jamsil_rail": 17, "reach_bucket_jamsil_rail": "10-20", "reach_min_konkuk_subway": 28, "reach_bucket_konkuk_subway": "20-30", "reach_min_konkuk_rail": 28, "reach_bucket_konkuk_rail": "20-30", "reach_min_hongik_subway": 52, "reach_bucket_hongik_subway": "45-60", "reach_min_hongik_rail": 52, "reach_bucket_hongik_rail": "45-60"}}, {"type": "Feature", "geometry": {"type": "Point", "coordinates": [127.14296, 37.54565]}, "properties": {"id": "kr_118", "name": "굽은다리", "district": "Gangdong-gu", "transit_stress_score": 8.6, "transit_stress_tier": "high", "walk_stress_score": 87.5, "walk_stress_tier": "very-low", "reach_min_seoul_station_subway": 40, "reach_bucket_seoul_station_subway": "30-45", "reach_min_seoul_station_rail": 40, "reach_bucket_seoul_station_rail": "30-45", "reach_min_city_hall_subway": 39, "reach_bucket_city_hall_subway": "30-45", "reach_min_city_hall_rail": 39, "reach_bucket_city_hall_rail": "30-45", "reach_min_gangnam_subway": 30, "reach_bucket_gangnam_subway": "30-45", "reach_min_gangnam_rail": 30, "reach_bucket_gangnam_rail": "30-45", "reach_min_wangsimni_subway": 25, "reach_bucket_wangsimni_subway": "20-30", "reach_min_wangsimni_rail": 25, "reach_bucket_wangsimni_rail": "20-30", "reach_min_sadang_subway": 41, "reach_bucket_sadang_subway": "30-45", "reach_min_sadang_rail": 41, "reach_bucket_sadang_rail": "30-45", "reach_min_jamsil_subway": 25, "reach_bucket_jamsil_subway": "20-30", "reach_min_jamsil_rail": 25, "reach_bucket_jamsil_rail": "20-30", "reach_min_konkuk_subway": 34, "reach_bucket_konkuk_subway": "30-45", "reach_min_konkuk_rail": 34, "reach_bucket_konkuk_rail": "30-45", "reach_min_hongik_subway": 50, "reach_bucket_hongik_subway": "45-60", "reach_min_hongik_rail": 50, "reach_bucket_hongik_rail": "45-60"}}, {"type": "Feature", "geometry": {"type": "Point", "coordinates": [127.06156, 37.84326]}, "properties": {"id": "kr_119", "name": "Deokjeong (Seojeong College)", "district": null, "transit_stress_score": 8.6, "transit_stress_tier": "high", "walk_stress_score": 100.0, "walk_stress_tier": "mid", "reach_min_seoul_station_subway": 79, "reach_bucket_seoul_station_subway": "60-90", "reach_min_seoul_station_rail": 79, "reach_bucket_seoul_station_rail": "60-90", "reach_min_city_hall_subway": 77, "reach_bucket_city_hall_subway": "60-90", "reach_min_city_hall_rail": 77, "reach_bucket_city_hall_rail": "60-90", "reach_min_gangnam_subway": 91, "reach_bucket_gangnam_subway": "90-120", "reach_min_gangnam_rail": 91, "reach_bucket_gangnam_rail": "90-120", "reach_min_wangsimni_subway": 77, "reach_bucket_wangsimni_subway": "60-90", "reach_min_wangsimni_rail": 77, "reach_bucket_wangsimni_rail": "60-90", "reach_min_sadang_subway": 99, "reach_bucket_sadang_subway": "90-120", "reach_min_sadang_rail": 99, "reach_bucket_sadang_rail": "90-120", "reach_min_jamsil_subway": 90, "reach_bucket_jamsil_subway": "90-120", "reach_min_jamsil_rail": 90, "reach_bucket_jamsil_rail": "90-120", "reach_min_konkuk_subway": 79, "reach_bucket_konkuk_subway": "60-90", "reach_min_konkuk_rail": 79, "reach_bucket_konkuk_rail": "60-90", "reach_min_hongik_subway": 88, "reach_bucket_hongik_subway": "60-90", "reach_min_hongik_rail": 88, "reach_bucket_hongik_rail": "60-90"}}, {"type": "Feature", "geometry": {"type": "Point", "coordinates": [127.08842, 37.58072]}, "properties": {"id": "kr_120", "name": "사가정", "district": "Jungnang-gu", "transit_stress_score": 8.5, "transit_stress_tier": "high", "walk_stress_score": 87.5, "walk_stress_tier": "very-low", "reach_min_seoul_station_subway": 31, "reach_bucket_seoul_station_subway": "30-45", "reach_min_seoul_station_rail": 31, "reach_bucket_seoul_station_rail": "30-45", "reach_min_city_hall_subway": 30, "reach_bucket_city_hall_subway": "30-45", "reach_min_city_hall_rail": 30, "reach_bucket_city_hall_rail": "30-45", "reach_min_gangnam_subway": 34, "reach_bucket_gangnam_subway": "30-45", "reach_min_gangnam_rail": 34, "reach_bucket_gangnam_rail": "30-45", "reach_min_wangsimni_subway": 16, "reach_bucket_wangsimni_subway": "10-20", "reach_min_wangsimni_rail": 16, "reach_bucket_wangsimni_rail": "10-20", "reach_min_sadang_subway": 39, "reach_bucket_sadang_subway": "30-45", "reach_min_sadang_rail": 39, "reach_bucket_sadang_rail": "30-45", "reach_min_jamsil_subway": 37, "reach_bucket_jamsil_subway": "30-45", "reach_min_jamsil_rail": 37, "reach_bucket_jamsil_rail": "30-45", "reach_min_konkuk_subway": 25, "reach_bucket_konkuk_subway": "20-30", "reach_min_konkuk_rail": 25, "reach_bucket_konkuk_rail": "20-30", "reach_min_hongik_subway": 41, "reach_bucket_hongik_subway": "30-45", "reach_min_hongik_rail": 41, "reach_bucket_hongik_rail": "30-45"}}, {"type": "Feature", "geometry": {"type": "Point", "coordinates": [127.01163, 37.50817]}, "properties": {"id": "kr_121", "name": "반포", "district": "Seocho-gu", "transit_stress_score": 8.5, "transit_stress_tier": "high", "walk_stress_score": 62.5, "walk_stress_tier": "very-low", "reach_min_seoul_station_subway": 20, "reach_bucket_seoul_station_subway": "20-30", "reach_min_seoul_station_rail": 20, "reach_bucket_seoul_station_rail": "20-30", "reach_min_city_hall_subway": 23, "reach_bucket_city_hall_subway": "20-30", "reach_min_city_hall_rail": 23, "reach_bucket_city_hall_rail": "20-30", "reach_min_gangnam_subway": 7, "reach_bucket_gangnam_subway": "<10", "reach_min_gangnam_rail": 7, "reach_bucket_gangnam_rail": "<10", "reach_min_wangsimni_subway": 25, "reach_bucket_wangsimni_subway": "20-30", "reach_min_wangsimni_rail": 25, "reach_bucket_wangsimni_rail": "20-30", "reach_min_sadang_subway": 13, "reach_bucket_sadang_subway": "10-20", "reach_min_sadang_rail": 13, "reach_bucket_sadang_rail": "10-20", "reach_min_jamsil_subway": 21, "reach_bucket_jamsil_subway": "20-30", "reach_min_jamsil_rail": 21, "reach_bucket_jamsil_rail": "20-30", "reach_min_konkuk_subway": 32, "reach_bucket_konkuk_subway": "30-45", "reach_min_konkuk_rail": 32, "reach_bucket_konkuk_rail": "30-45", "reach_min_hongik_subway": 28, "reach_bucket_hongik_subway": "20-30", "reach_min_hongik_rail": 28, "reach_bucket_hongik_rail": "20-30"}}, {"type": "Feature", "geometry": {"type": "Point", "coordinates": [127.02933, 37.5863]}, "properties": {"id": "kr_122", "name": "안암", "district": "Seongbuk-gu", "transit_stress_score": 8.4, "transit_stress_tier": "high", "walk_stress_score": 87.5, "walk_stress_tier": "very-low", "reach_min_seoul_station_subway": 19, "reach_bucket_seoul_station_subway": "10-20", "reach_min_seoul_station_rail": 19, "reach_bucket_seoul_station_rail": "10-20", "reach_min_city_hall_subway": 18, "reach_bucket_city_hall_subway": "10-20", "reach_min_city_hall_rail": 18, "reach_bucket_city_hall_rail": "10-20", "reach_min_gangnam_subway": 28, "reach_bucket_gangnam_subway": "20-30", "reach_min_gangnam_rail": 28, "reach_bucket_gangnam_rail": "20-30", "reach_min_wangsimni_subway": 15, "reach_bucket_wangsimni_subway": "10-20", "reach_min_wangsimni_rail": 15, "reach_bucket_wangsimni_rail": "10-20", "reach_min_sadang_subway": 37, "reach_bucket_sadang_subway": "30-45", "reach_min_sadang_rail": 37, "reach_bucket_sadang_rail": "30-45", "reach_min_jamsil_subway": 36, "reach_bucket_jamsil_subway": "30-45", "reach_min_jamsil_rail": 36, "reach_bucket_jamsil_rail": "30-45", "reach_min_konkuk_subway": 25, "reach_bucket_konkuk_subway": "20-30", "reach_min_konkuk_rail": 25, "reach_bucket_konkuk_rail": "20-30", "reach_min_hongik_subway": 30, "reach_bucket_hongik_subway": "30-45", "reach_min_hongik_rail": 30, "reach_bucket_hongik_rail": "30-45"}}, {"type": "Feature", "geometry": {"type": "Point", "coordinates": [126.9304, 37.60988]}, "properties": {"id": "kr_123", "name": "Bulgwang", "district": "Eunpyeong-gu", "transit_stress_score": 7.8, "transit_stress_tier": "high", "walk_stress_score": 75.0, "walk_stress_tier": "very-low", "reach_min_seoul_station_subway": 24, "reach_bucket_seoul_station_subway": "20-30", "reach_min_seoul_station_rail": 24, "reach_bucket_seoul_station_rail": "20-30", "reach_min_city_hall_subway": 22, "reach_bucket_city_hall_subway": "20-30", "reach_min_city_hall_rail": 22, "reach_bucket_city_hall_rail": "20-30", "reach_min_gangnam_subway": 42, "reach_bucket_gangnam_subway": "30-45", "reach_min_gangnam_rail": 42, "reach_bucket_gangnam_rail": "30-45", "reach_min_wangsimni_subway": 28, "reach_bucket_wangsimni_subway": "20-30", "reach_min_wangsimni_rail": 28, "reach_bucket_wangsimni_rail": "20-30", "reach_min_sadang_subway": 44, "reach_bucket_sadang_subway": "30-45", "reach_min_sadang_rail": 44, "reach_bucket_sadang_rail": "30-45", "reach_min_jamsil_subway": 48, "reach_bucket_jamsil_subway": "45-60", "reach_min_jamsil_rail": 48, "reach_bucket_jamsil_rail": "45-60", "reach_min_konkuk_subway": 37, "reach_bucket_konkuk_subway": "30-45", "reach_min_konkuk_rail": 37, "reach_bucket_konkuk_rail": "30-45", "reach_min_hongik_subway": 33, "reach_bucket_hongik_subway": "30-45", "reach_min_hongik_rail": 33, "reach_bucket_hongik_rail": "30-45"}}, {"type": "Feature", "geometry": {"type": "Point", "coordinates": [127.08757, 37.58838]}, "properties": {"id": "kr_124", "name": "면목", "district": "Jungnang-gu", "transit_stress_score": 7.7, "transit_stress_tier": "high", "walk_stress_score": 100.0, "walk_stress_tier": "mid", "reach_min_seoul_station_subway": 33, "reach_bucket_seoul_station_subway": "30-45", "reach_min_seoul_station_rail": 33, "reach_bucket_seoul_station_rail": "30-45", "reach_min_city_hall_subway": 32, "reach_bucket_city_hall_subway": "30-45", "reach_min_city_hall_rail": 32, "reach_bucket_city_hall_rail": "30-45", "reach_min_gangnam_subway": 36, "reach_bucket_gangnam_subway": "30-45", "reach_min_gangnam_rail": 36, "reach_bucket_gangnam_rail": "30-45", "reach_min_wangsimni_subway": 18, "reach_bucket_wangsimni_subway": "10-20", "reach_min_wangsimni_rail": 18, "reach_bucket_wangsimni_rail": "10-20", "reach_min_sadang_subway": 41, "reach_bucket_sadang_subway": "30-45", "reach_min_sadang_rail": 41, "reach_bucket_sadang_rail": "30-45", "reach_min_jamsil_subway": 39, "reach_bucket_jamsil_subway": "30-45", "reach_min_jamsil_rail": 39, "reach_bucket_jamsil_rail": "30-45", "reach_min_konkuk_subway": 28, "reach_bucket_konkuk_subway": "20-30", "reach_min_konkuk_rail": 28, "reach_bucket_konkuk_rail": "20-30", "reach_min_hongik_subway": 43, "reach_bucket_hongik_subway": "30-45", "reach_min_hongik_rail": 43, "reach_bucket_hongik_rail": "30-45"}}, {"type": "Feature", "geometry": {"type": "Point", "coordinates": [127.03457, 37.64842]}, "properties": {"id": "kr_125", "name": "Ssangmun", "district": "Dobong-gu", "transit_stress_score": 7.7, "transit_stress_tier": "high", "walk_stress_score": 100.0, "walk_stress_tier": "mid", "reach_min_seoul_station_subway": 32, "reach_bucket_seoul_station_subway": "30-45", "reach_min_seoul_station_rail": 32, "reach_bucket_seoul_station_rail": "30-45", "reach_min_city_hall_subway": 30, "reach_bucket_city_hall_subway": "30-45", "reach_min_city_hall_rail": 30, "reach_bucket_city_hall_rail": "30-45", "reach_min_gangnam_subway": 44, "reach_bucket_gangnam_subway": "30-45", "reach_min_gangnam_rail": 44, "reach_bucket_gangnam_rail": "30-45", "reach_min_wangsimni_subway": 30, "reach_bucket_wangsimni_subway": "30-45", "reach_min_wangsimni_rail": 30, "reach_bucket_wangsimni_rail": "30-45", "reach_min_sadang_subway": 52, "reach_bucket_sadang_subway": "45-60", "reach_min_sadang_rail": 52, "reach_bucket_sadang_rail": "45-60", "reach_min_jamsil_subway": 51, "reach_bucket_jamsil_subway": "45-60", "reach_min_jamsil_rail": 51, "reach_bucket_jamsil_rail": "45-60", "reach_min_konkuk_subway": 39, "reach_bucket_konkuk_subway": "30-45", "reach_min_konkuk_rail": 39, "reach_bucket_konkuk_rail": "30-45", "reach_min_hongik_subway": 41, "reach_bucket_hongik_subway": "30-45", "reach_min_hongik_rail": 41, "reach_bucket_hongik_rail": "30-45"}}, {"type": "Feature", "geometry": {"type": "Point", "coordinates": [126.87375, 37.65051]}, "properties": {"id": "kr_126", "name": "Wonheung", "district": null, "transit_stress_score": 7.7, "transit_stress_tier": "high", "walk_stress_score": 100.0, "walk_stress_tier": "mid", "reach_min_seoul_station_subway": 42, "reach_bucket_seoul_station_subway": "30-45", "reach_min_seoul_station_rail": 42, "reach_bucket_seoul_station_rail": "30-45", "reach_min_city_hall_subway": 39, "reach_bucket_city_hall_subway": "30-45", "reach_min_city_hall_rail": 39, "reach_bucket_city_hall_rail": "30-45", "reach_min_gangnam_subway": 59, "reach_bucket_gangnam_subway": "45-60", "reach_min_gangnam_rail": 59, "reach_bucket_gangnam_rail": "45-60", "reach_min_wangsimni_subway": 46, "reach_bucket_wangsimni_subway": "45-60", "reach_min_wangsimni_rail": 46, "reach_bucket_wangsimni_rail": "45-60", "reach_min_sadang_subway": 62, "reach_bucket_sadang_subway": "60-90", "reach_min_sadang_rail": 62, "reach_bucket_sadang_rail": "60-90", "reach_min_jamsil_subway": 66, "reach_bucket_jamsil_subway": "60-90", "reach_min_jamsil_rail": 66, "reach_bucket_jamsil_rail": "60-90", "reach_min_konkuk_subway": 55, "reach_bucket_konkuk_subway": "45-60", "reach_min_konkuk_rail": 55, "reach_bucket_konkuk_rail": "45-60", "reach_min_hongik_subway": 51, "reach_bucket_hongik_subway": "45-60", "reach_min_hongik_rail": 51, "reach_bucket_hongik_rail": "45-60"}}, {"type": "Feature", "geometry": {"type": "Point", "coordinates": [127.12606, 37.4789]}, "properties": {"id": "kr_127", "name": "Jangji", "district": "Songpa-gu", "transit_stress_score": 7.7, "transit_stress_tier": "high", "walk_stress_score": 100.0, "walk_stress_tier": "mid", "reach_min_seoul_station_subway": 46, "reach_bucket_seoul_station_subway": "45-60", "reach_min_seoul_station_rail": 46, "reach_bucket_seoul_station_rail": "45-60", "reach_min_city_hall_subway": 48, "reach_bucket_city_hall_subway": "45-60", "reach_min_city_hall_rail": 48, "reach_bucket_city_hall_rail": "45-60", "reach_min_gangnam_subway": 24, "reach_bucket_gangnam_subway": "20-30", "reach_min_gangnam_rail": 24, "reach_bucket_gangnam_rail": "20-30", "reach_min_wangsimni_subway": 38, "reach_bucket_wangsimni_subway": "30-45", "reach_min_wangsimni_rail": 38, "reach_bucket_wangsimni_rail": "30-45", "reach_min_sadang_subway": 35, "reach_bucket_sadang_subway": "30-45", "reach_min_sadang_rail": 35, "reach_bucket_sadang_rail": "30-45", "reach_min_jamsil_subway": 19, "reach_bucket_jamsil_subway": "10-20", "reach_min_jamsil_rail": 19, "reach_bucket_jamsil_rail": "10-20", "reach_min_konkuk_subway": 30, "reach_bucket_konkuk_subway": "30-45", "reach_min_konkuk_rail": 30, "reach_bucket_konkuk_rail": "30-45", "reach_min_hongik_subway": 54, "reach_bucket_hongik_subway": "45-60", "reach_min_hongik_rail": 54, "reach_bucket_hongik_rail": "45-60"}}, {"type": "Feature", "geometry": {"type": "Point", "coordinates": [127.14408, 37.55192]}, "properties": {"id": "kr_128", "name": "명일", "district": "Gangdong-gu", "transit_stress_score": 7.7, "transit_stress_tier": "high", "walk_stress_score": 87.5, "walk_stress_tier": "very-low", "reach_min_seoul_station_subway": 42, "reach_bucket_seoul_station_subway": "30-45", "reach_min_seoul_station_rail": 42, "reach_bucket_seoul_station_rail": "30-45", "reach_min_city_hall_subway": 40, "reach_bucket_city_hall_subway": "30-45", "reach_min_city_hall_rail": 40, "reach_bucket_city_hall_rail": "30-45", "reach_min_gangnam_subway": 32, "reach_bucket_gangnam_subway": "30-45", "reach_min_gangnam_rail": 32, "reach_bucket_gangnam_rail": "30-45", "reach_min_wangsimni_subway": 27, "reach_bucket_wangsimni_subway": "20-30", "reach_min_wangsimni_rail": 27, "reach_bucket_wangsimni_rail": "20-30", "reach_min_sadang_subway": 42, "reach_bucket_sadang_subway": "30-45", "reach_min_sadang_rail": 42, "reach_bucket_sadang_rail": "30-45", "reach_min_jamsil_subway": 27, "reach_bucket_jamsil_subway": "20-30", "reach_min_jamsil_rail": 27, "reach_bucket_jamsil_rail": "20-30", "reach_min_konkuk_subway": 36, "reach_bucket_konkuk_subway": "30-45", "reach_min_konkuk_rail": 36, "reach_bucket_konkuk_rail": "30-45", "reach_min_hongik_subway": 52, "reach_bucket_hongik_subway": "45-60", "reach_min_hongik_rail": 52, "reach_bucket_hongik_rail": "45-60"}}, {"type": "Feature", "geometry": {"type": "Point", "coordinates": [127.14892, 36.83412]}, "properties": {"id": "kr_129", "name": "Dujeong", "district": null, "transit_stress_score": 7.7, "transit_stress_tier": "high", "walk_stress_score": 100.0, "walk_stress_tier": "mid", "reach_min_seoul_station_subway": 120, "reach_bucket_seoul_station_subway": "120+", "reach_min_seoul_station_rail": 68, "reach_bucket_seoul_station_rail": "60-90", "reach_min_city_hall_subway": 120, "reach_bucket_city_hall_subway": "120+", "reach_min_city_hall_rail": 71, "reach_bucket_city_hall_rail": "60-90", "reach_min_gangnam_subway": 120, "reach_bucket_gangnam_subway": "120+", "reach_min_gangnam_rail": 85, "reach_bucket_gangnam_rail": "60-90", "reach_min_wangsimni_subway": 120, "reach_bucket_wangsimni_subway": "120+", "reach_min_wangsimni_rail": 82, "reach_bucket_wangsimni_rail": "60-90", "reach_min_sadang_subway": 120, "reach_bucket_sadang_subway": "120+", "reach_min_sadang_rail": 86, "reach_bucket_sadang_rail": "60-90", "reach_min_jamsil_subway": 120, "reach_bucket_jamsil_subway": "120+", "reach_min_jamsil_rail": 84, "reach_bucket_jamsil_rail": "60-90", "reach_min_konkuk_subway": 120, "reach_bucket_konkuk_subway": "120+", "reach_min_konkuk_rail": 92, "reach_bucket_konkuk_rail": "90-120", "reach_min_hongik_subway": 120, "reach_bucket_hongik_subway": "120+", "reach_min_hongik_rail": 82, "reach_bucket_hongik_rail": "60-90"}}, {"type": "Feature", "geometry": {"type": "Point", "coordinates": [127.02148, 37.51111]}, "properties": {"id": "kr_130", "name": "논현", "district": "Gangnam-gu", "transit_stress_score": 7.6, "transit_stress_tier": "high", "walk_stress_score": 75.0, "walk_stress_tier": "very-low", "reach_min_seoul_station_subway": 22, "reach_bucket_seoul_station_subway": "20-30", "reach_min_seoul_station_rail": 22, "reach_bucket_seoul_station_rail": "20-30", "reach_min_city_hall_subway": 25, "reach_bucket_city_hall_subway": "20-30", "reach_min_city_hall_rail": 25, "reach_bucket_city_hall_rail": "20-30", "reach_min_gangnam_subway": 10, "reach_bucket_gangnam_subway": "10-20", "reach_min_gangnam_rail": 10, "reach_bucket_gangnam_rail": "10-20", "reach_min_wangsimni_subway": 27, "reach_bucket_wangsimni_subway": "20-30", "reach_min_wangsimni_rail": 27, "reach_bucket_wangsimni_rail": "20-30", "reach_min_sadang_subway": 15, "reach_bucket_sadang_subway": "10-20", "reach_min_sadang_rail": 15, "reach_bucket_sadang_rail": "10-20", "reach_min_jamsil_subway": 23, "reach_bucket_jamsil_subway": "20-30", "reach_min_jamsil_rail": 23, "reach_bucket_jamsil_rail": "20-30", "reach_min_konkuk_subway": 34, "reach_bucket_konkuk_subway": "30-45", "reach_min_konkuk_rail": 34, "reach_bucket_konkuk_rail": "30-45", "reach_min_hongik_subway": 31, "reach_bucket_hongik_subway": "30-45", "reach_min_hongik_rail": 31, "reach_bucket_hongik_rail": "30-45"}}, {"type": "Feature", "geometry": {"type": "Point", "coordinates": [127.036, 37.59034]}, "properties": {"id": "kr_131", "name": "Korea Univ.", "district": "Seongbuk-gu", "transit_stress_score": 7.6, "transit_stress_tier": "high", "walk_stress_score": 87.5, "walk_stress_tier": "very-low", "reach_min_seoul_station_subway": 21, "reach_bucket_seoul_station_subway": "20-30", "reach_min_seoul_station_rail": 21, "reach_bucket_seoul_station_rail": "20-30", "reach_min_city_hall_subway": 20, "reach_bucket_city_hall_subway": "20-30", "reach_min_city_hall_rail": 20, "reach_bucket_city_hall_rail": "20-30", "reach_min_gangnam_subway": 29, "reach_bucket_gangnam_subway": "20-30", "reach_min_gangnam_rail": 29, "reach_bucket_gangnam_rail": "20-30", "reach_min_wangsimni_subway": 17, "reach_bucket_wangsimni_subway": "10-20", "reach_min_wangsimni_rail": 17, "reach_bucket_wangsimni_rail": "10-20", "reach_min_sadang_subway": 39, "reach_bucket_sadang_subway": "30-45", "reach_min_sadang_rail": 39, "reach_bucket_sadang_rail": "30-45", "reach_min_jamsil_subway": 38, "reach_bucket_jamsil_subway": "30-45", "reach_min_jamsil_rail": 38, "reach_bucket_jamsil_rail": "30-45", "reach_min_konkuk_subway": 26, "reach_bucket_konkuk_subway": "20-30", "reach_min_konkuk_rail": 26, "reach_bucket_konkuk_rail": "20-30", "reach_min_hongik_subway": 32, "reach_bucket_hongik_subway": "30-45", "reach_min_hongik_rail": 32, "reach_bucket_hongik_rail": "30-45"}}, {"type": "Feature", "geometry": {"type": "Point", "coordinates": [126.82772, 37.56671]}, "properties": {"id": "kr_132", "name": "마곡나루", "district": "Gangseo-gu", "transit_stress_score": 7.6, "transit_stress_tier": "high", "walk_stress_score": 87.5, "walk_stress_tier": "very-low", "reach_min_seoul_station_subway": 36, "reach_bucket_seoul_station_subway": "30-45", "reach_min_seoul_station_rail": 36, "reach_bucket_seoul_station_rail": "30-45", "reach_min_city_hall_subway": 33, "reach_bucket_city_hall_subway": "30-45", "reach_min_city_hall_rail": 33, "reach_bucket_city_hall_rail": "30-45", "reach_min_gangnam_subway": 41, "reach_bucket_gangnam_subway": "30-45", "reach_min_gangnam_rail": 41, "reach_bucket_gangnam_rail": "30-45", "reach_min_wangsimni_subway": 47, "reach_bucket_wangsimni_subway": "45-60", "reach_min_wangsimni_rail": 47, "reach_bucket_wangsimni_rail": "45-60", "reach_min_sadang_subway": 37, "reach_bucket_sadang_subway": "30-45", "reach_min_sadang_rail": 37, "reach_bucket_sadang_rail": "30-45", "reach_min_jamsil_subway": 54, "reach_bucket_jamsil_subway": "45-60", "reach_min_jamsil_rail": 54, "reach_bucket_jamsil_rail": "45-60", "reach_min_konkuk_subway": 56, "reach_bucket_konkuk_subway": "45-60", "reach_min_konkuk_rail": 56, "reach_bucket_konkuk_rail": "45-60", "reach_min_hongik_subway": 22, "reach_bucket_hongik_subway": "20-30", "reach_min_hongik_rail": 22, "reach_bucket_hongik_rail": "20-30"}}, {"type": "Feature", "geometry": {"type": "Point", "coordinates": [126.98153, 37.47695]}, "properties": {"id": "kr_133", "name": "Sadang", "district": "Dongjak-gu", "transit_stress_score": 7.5, "transit_stress_tier": "high", "walk_stress_score": 100.0, "walk_stress_tier": "mid", "reach_min_seoul_station_subway": 20, "reach_bucket_seoul_station_subway": "20-30", "reach_min_seoul_station_rail": 20, "reach_bucket_seoul_station_rail": "20-30", "reach_min_city_hall_subway": 23, "reach_bucket_city_hall_subway": "20-30", "reach_min_city_hall_rail": 23, "reach_bucket_city_hall_rail": "20-30", "reach_min_gangnam_subway": 11, "reach_bucket_gangnam_subway": "10-20", "reach_min_gangnam_rail": 11, "reach_bucket_gangnam_rail": "10-20", "reach_min_wangsimni_subway": 33, "reach_bucket_wangsimni_subway": "30-45", "reach_min_wangsimni_rail": 33, "reach_bucket_wangsimni_rail": "30-45", "reach_min_sadang_subway": 0, "reach_bucket_sadang_subway": "<10", "reach_min_sadang_rail": 0, "reach_bucket_sadang_rail": "<10", "reach_min_jamsil_subway": 26, "reach_bucket_jamsil_subway": "20-30", "reach_min_jamsil_rail": 26, "reach_bucket_jamsil_rail": "20-30", "reach_min_konkuk_subway": 37, "reach_bucket_konkuk_subway": "30-45", "reach_min_konkuk_rail": 37, "reach_bucket_konkuk_rail": "30-45", "reach_min_hongik_subway": 28, "reach_bucket_hongik_subway": "20-30", "reach_min_hongik_rail": 28, "reach_bucket_hongik_rail": "20-30"}}, {"type": "Feature", "geometry": {"type": "Point", "coordinates": [126.92069, 37.61904]}, "properties": {"id": "kr_134", "name": "Yeonsinnae", "district": "Eunpyeong-gu", "transit_stress_score": 7.4, "transit_stress_tier": "high", "walk_stress_score": 87.5, "walk_stress_tier": "very-low", "reach_min_seoul_station_subway": 27, "reach_bucket_seoul_station_subway": "20-30", "reach_min_seoul_station_rail": 27, "reach_bucket_seoul_station_rail": "20-30", "reach_min_city_hall_subway": 25, "reach_bucket_city_hall_subway": "20-30", "reach_min_city_hall_rail": 25, "reach_bucket_city_hall_rail": "20-30", "reach_min_gangnam_subway": 44, "reach_bucket_gangnam_subway": "30-45", "reach_min_gangnam_rail": 44, "reach_bucket_gangnam_rail": "30-45", "reach_min_wangsimni_subway": 31, "reach_bucket_wangsimni_subway": "30-45", "reach_min_wangsimni_rail": 31, "reach_bucket_wangsimni_rail": "30-45", "reach_min_sadang_subway": 47, "reach_bucket_sadang_subway": "45-60", "reach_min_sadang_rail": 47, "reach_bucket_sadang_rail": "45-60", "reach_min_jamsil_subway": 51, "reach_bucket_jamsil_subway": "45-60", "reach_min_jamsil_rail": 51, "reach_bucket_jamsil_rail": "45-60", "reach_min_konkuk_subway": 40, "reach_bucket_konkuk_subway": "30-45", "reach_min_konkuk_rail": 40, "reach_bucket_konkuk_rail": "30-45", "reach_min_hongik_subway": 36, "reach_bucket_hongik_subway": "30-45", "reach_min_hongik_rail": 36, "reach_bucket_hongik_rail": "30-45"}}, {"type": "Feature", "geometry": {"type": "Point", "coordinates": [126.99319, 37.48754]}, "properties": {"id": "kr_135", "name": "Naebang", "district": "Seocho-gu", "transit_stress_score": 7.4, "transit_stress_tier": "high", "walk_stress_score": 87.5, "walk_stress_tier": "very-low", "reach_min_seoul_station_subway": 23, "reach_bucket_seoul_station_subway": "20-30", "reach_min_seoul_station_rail": 23, "reach_bucket_seoul_station_rail": "20-30", "reach_min_city_hall_subway": 25, "reach_bucket_city_hall_subway": "20-30", "reach_min_city_hall_rail": 25, "reach_bucket_city_hall_rail": "20-30", "reach_min_gangnam_subway": 10, "reach_bucket_gangnam_subway": "10-20", "reach_min_gangnam_rail": 10, "reach_bucket_gangnam_rail": "10-20", "reach_min_wangsimni_subway": 28, "reach_bucket_wangsimni_subway": "20-30", "reach_min_wangsimni_rail": 28, "reach_bucket_wangsimni_rail": "20-30", "reach_min_sadang_subway": 15, "reach_bucket_sadang_subway": "10-20", "reach_min_sadang_rail": 15, "reach_bucket_sadang_rail": "10-20", "reach_min_jamsil_subway": 23, "reach_bucket_jamsil_subway": "20-30", "reach_min_jamsil_rail": 23, "reach_bucket_jamsil_rail": "20-30", "reach_min_konkuk_subway": 34, "reach_bucket_konkuk_subway": "30-45", "reach_min_konkuk_rail": 34, "reach_bucket_konkuk_rail": "30-45", "reach_min_hongik_subway": 31, "reach_bucket_hongik_subway": "30-45", "reach_min_hongik_rail": 31, "reach_bucket_hongik_rail": "30-45"}}, {"type": "Feature", "geometry": {"type": "Point", "coordinates": [126.97342, 37.53503]}, "properties": {"id": "kr_136", "name": "Samgakji", "district": "Yongsan-gu", "transit_stress_score": 7.2, "transit_stress_tier": "high", "walk_stress_score": 87.5, "walk_stress_tier": "very-low", "reach_min_seoul_station_subway": 5, "reach_bucket_seoul_station_subway": "<10", "reach_min_seoul_station_rail": 5, "reach_bucket_seoul_station_rail": "<10", "reach_min_city_hall_subway": 8, "reach_bucket_city_hall_subway": "<10", "reach_min_city_hall_rail": 8, "reach_bucket_city_hall_rail": "<10", "reach_min_gangnam_subway": 19, "reach_bucket_gangnam_subway": "10-20", "reach_min_gangnam_rail": 19, "reach_bucket_gangnam_rail": "10-20", "reach_min_wangsimni_subway": 19, "reach_bucket_wangsimni_subway": "10-20", "reach_min_wangsimni_rail": 19, "reach_bucket_wangsimni_rail": "10-20", "reach_min_sadang_subway": 15, "reach_bucket_sadang_subway": "10-20", "reach_min_sadang_rail": 15, "reach_bucket_sadang_rail": "10-20", "reach_min_jamsil_subway": 32, "reach_bucket_jamsil_subway": "30-45", "reach_min_jamsil_rail": 32, "reach_bucket_jamsil_rail": "30-45", "reach_min_konkuk_subway": 28, "reach_bucket_konkuk_subway": "20-30", "reach_min_konkuk_rail": 28, "reach_bucket_konkuk_rail": "20-30", "reach_min_hongik_subway": 19, "reach_bucket_hongik_subway": "10-20", "reach_min_hongik_rail": 19, "reach_bucket_hongik_rail": "10-20"}}, {"type": "Feature", "geometry": {"type": "Point", "coordinates": [127.02847, 37.52614]}, "properties": {"id": "kr_137", "name": "Apgujeong", "district": "Gangnam-gu", "transit_stress_score": 7.2, "transit_stress_tier": "high", "walk_stress_score": 87.5, "walk_stress_tier": "very-low", "reach_min_seoul_station_subway": 17, "reach_bucket_seoul_station_subway": "10-20", "reach_min_seoul_station_rail": 17, "reach_bucket_seoul_station_rail": "10-20", "reach_min_city_hall_subway": 17, "reach_bucket_city_hall_subway": "10-20", "reach_min_city_hall_rail": 17, "reach_bucket_city_hall_rail": "10-20", "reach_min_gangnam_subway": 8, "reach_bucket_gangnam_subway": "<10", "reach_min_gangnam_rail": 8, "reach_bucket_gangnam_rail": "<10", "reach_min_wangsimni_subway": 16, "reach_bucket_wangsimni_subway": "10-20", "reach_min_wangsimni_rail": 16, "reach_bucket_wangsimni_rail": "10-20", "reach_min_sadang_subway": 18, "reach_bucket_sadang_subway": "10-20", "reach_min_sadang_rail": 18, "reach_bucket_sadang_rail": "10-20", "reach_min_jamsil_subway": 22, "reach_bucket_jamsil_subway": "20-30", "reach_min_jamsil_rail": 22, "reach_bucket_jamsil_rail": "20-30", "reach_min_konkuk_subway": 25, "reach_bucket_konkuk_subway": "20-30", "reach_min_konkuk_rail": 25, "reach_bucket_konkuk_rail": "20-30", "reach_min_hongik_subway": 29, "reach_bucket_hongik_subway": "20-30", "reach_min_hongik_rail": 29, "reach_bucket_hongik_rail": "20-30"}}, {"type": "Feature", "geometry": {"type": "Point", "coordinates": [127.02851, 37.52613]}, "properties": {"id": "kr_138", "name": "압구정", "district": "Gangnam-gu", "transit_stress_score": 7.2, "transit_stress_tier": "high", "walk_stress_score": 87.5, "walk_stress_tier": "very-low", "reach_min_seoul_station_subway": 18, "reach_bucket_seoul_station_subway": "10-20", "reach_min_seoul_station_rail": 18, "reach_bucket_seoul_station_rail": "10-20", "reach_min_city_hall_subway": 17, "reach_bucket_city_hall_subway": "10-20", "reach_min_city_hall_rail": 17, "reach_bucket_city_hall_rail": "10-20", "reach_min_gangnam_subway": 8, "reach_bucket_gangnam_subway": "<10", "reach_min_gangnam_rail": 8, "reach_bucket_gangnam_rail": "<10", "reach_min_wangsimni_subway": 16, "reach_bucket_wangsimni_subway": "10-20", "reach_min_wangsimni_rail": 16, "reach_bucket_wangsimni_rail": "10-20", "reach_min_sadang_subway": 18, "reach_bucket_sadang_subway": "10-20", "reach_min_sadang_rail": 18, "reach_bucket_sadang_rail": "10-20", "reach_min_jamsil_subway": 22, "reach_bucket_jamsil_subway": "20-30", "reach_min_jamsil_rail": 22, "reach_bucket_jamsil_rail": "20-30", "reach_min_konkuk_subway": 25, "reach_bucket_konkuk_subway": "20-30", "reach_min_konkuk_rail": 25, "reach_bucket_konkuk_rail": "20-30", "reach_min_hongik_subway": 29, "reach_bucket_hongik_subway": "20-30", "reach_min_hongik_rail": 29, "reach_bucket_hongik_rail": "20-30"}}, {"type": "Feature", "geometry": {"type": "Point", "coordinates": [126.98223, 37.48703]}, "properties": {"id": "kr_139", "name": "Chongsin Univ. (Isu)", "district": "Dongjak-gu", "transit_stress_score": 7.2, "transit_stress_tier": "high", "walk_stress_score": 87.5, "walk_stress_tier": "very-low", "reach_min_seoul_station_subway": 17, "reach_bucket_seoul_station_subway": "10-20", "reach_min_seoul_station_rail": 17, "reach_bucket_seoul_station_rail": "10-20", "reach_min_city_hall_subway": 20, "reach_bucket_city_hall_subway": "20-30", "reach_min_city_hall_rail": 20, "reach_bucket_city_hall_rail": "20-30", "reach_min_gangnam_subway": 13, "reach_bucket_gangnam_subway": "10-20", "reach_min_gangnam_rail": 13, "reach_bucket_gangnam_rail": "10-20", "reach_min_wangsimni_subway": 31, "reach_bucket_wangsimni_subway": "30-45", "reach_min_wangsimni_rail": 31, "reach_bucket_wangsimni_rail": "30-45", "reach_min_sadang_subway": 3, "reach_bucket_sadang_subway": "<10", "reach_min_sadang_rail": 3, "reach_bucket_sadang_rail": "<10", "reach_min_jamsil_subway": 27, "reach_bucket_jamsil_subway": "20-30", "reach_min_jamsil_rail": 27, "reach_bucket_jamsil_rail": "20-30", "reach_min_konkuk_subway": 38, "reach_bucket_konkuk_subway": "30-45", "reach_min_konkuk_rail": 38, "reach_bucket_konkuk_rail": "30-45", "reach_min_hongik_subway": 26, "reach_bucket_hongik_subway": "20-30", "reach_min_hongik_rail": 26, "reach_bucket_hongik_rail": "20-30"}}, {"type": "Feature", "geometry": {"type": "Point", "coordinates": [126.94234, 37.54771]}, "properties": {"id": "kr_140", "name": "대흥", "district": "Mapo-gu", "transit_stress_score": 7.1, "transit_stress_tier": "high", "walk_stress_score": 100.0, "walk_stress_tier": "mid", "reach_min_seoul_station_subway": 12, "reach_bucket_seoul_station_subway": "10-20", "reach_min_seoul_station_rail": 12, "reach_bucket_seoul_station_rail": "10-20", "reach_min_city_hall_subway": 15, "reach_bucket_city_hall_subway": "10-20", "reach_min_city_hall_rail": 15, "reach_bucket_city_hall_rail": "10-20", "reach_min_gangnam_subway": 26, "reach_bucket_gangnam_subway": "20-30", "reach_min_gangnam_rail": 26, "reach_bucket_gangnam_rail": "20-30", "reach_min_wangsimni_subway": 24, "reach_bucket_wangsimni_subway": "20-30", "reach_min_wangsimni_rail": 24, "reach_bucket_wangsimni_rail": "20-30", "reach_min_sadang_subway": 22, "reach_bucket_sadang_subway": "20-30", "reach_min_sadang_rail": 22, "reach_bucket_sadang_rail": "20-30", "reach_min_jamsil_subway": 39, "reach_bucket_jamsil_subway": "30-45", "reach_min_jamsil_rail": 39, "reach_bucket_jamsil_rail": "30-45", "reach_min_konkuk_subway": 34, "reach_bucket_konkuk_subway": "30-45", "reach_min_konkuk_rail": 34, "reach_bucket_konkuk_rail": "30-45", "reach_min_hongik_subway": 21, "reach_bucket_hongik_subway": "20-30", "reach_min_hongik_rail": 21, "reach_bucket_hongik_rail": "20-30"}}, {"type": "Feature", "geometry": {"type": "Point", "coordinates": [127.08566, 37.59584]}, "properties": {"id": "kr_141", "name": "상봉", "district": "Jungnang-gu", "transit_stress_score": 7.0, "transit_stress_tier": "high", "walk_stress_score": 100.0, "walk_stress_tier": "mid", "reach_min_seoul_station_subway": 35, "reach_bucket_seoul_station_subway": "30-45", "reach_min_seoul_station_rail": 35, "reach_bucket_seoul_station_rail": "30-45", "reach_min_city_hall_subway": 34, "reach_bucket_city_hall_subway": "30-45", "reach_min_city_hall_rail": 34, "reach_bucket_city_hall_rail": "30-45", "reach_min_gangnam_subway": 38, "reach_bucket_gangnam_subway": "30-45", "reach_min_gangnam_rail": 38, "reach_bucket_gangnam_rail": "30-45", "reach_min_wangsimni_subway": 20, "reach_bucket_wangsimni_subway": "20-30", "reach_min_wangsimni_rail": 20, "reach_bucket_wangsimni_rail": "20-30", "reach_min_sadang_subway": 43, "reach_bucket_sadang_subway": "30-45", "reach_min_sadang_rail": 43, "reach_bucket_sadang_rail": "30-45", "reach_min_jamsil_subway": 41, "reach_bucket_jamsil_subway": "30-45", "reach_min_jamsil_rail": 41, "reach_bucket_jamsil_rail": "30-45", "reach_min_konkuk_subway": 30, "reach_bucket_konkuk_subway": "30-45", "reach_min_konkuk_rail": 30, "reach_bucket_konkuk_rail": "30-45", "reach_min_hongik_subway": 45, "reach_bucket_hongik_subway": "45-60", "reach_min_hongik_rail": 45, "reach_bucket_hongik_rail": "45-60"}}, {"type": "Feature", "geometry": {"type": "Point", "coordinates": [127.04147, 37.60194]}, "properties": {"id": "kr_142", "name": "월곡", "district": "Seongbuk-gu", "transit_stress_score": 6.9, "transit_stress_tier": "high", "walk_stress_score": 87.5, "walk_stress_tier": "very-low", "reach_min_seoul_station_subway": 24, "reach_bucket_seoul_station_subway": "20-30", "reach_min_seoul_station_rail": 24, "reach_bucket_seoul_station_rail": "20-30", "reach_min_city_hall_subway": 23, "reach_bucket_city_hall_subway": "20-30", "reach_min_city_hall_rail": 23, "reach_bucket_city_hall_rail": "20-30", "reach_min_gangnam_subway": 32, "reach_bucket_gangnam_subway": "30-45", "reach_min_gangnam_rail": 32, "reach_bucket_gangnam_rail": "30-45", "reach_min_wangsimni_subway": 20, "reach_bucket_wangsimni_subway": "20-30", "reach_min_wangsimni_rail": 20, "reach_bucket_wangsimni_rail": "20-30", "reach_min_sadang_subway": 42, "reach_bucket_sadang_subway": "30-45", "reach_min_sadang_rail": 42, "reach_bucket_sadang_rail": "30-45", "reach_min_jamsil_subway": 41, "reach_bucket_jamsil_subway": "30-45", "reach_min_jamsil_rail": 41, "reach_bucket_jamsil_rail": "30-45", "reach_min_konkuk_subway": 29, "reach_bucket_konkuk_subway": "20-30", "reach_min_konkuk_rail": 29, "reach_bucket_konkuk_rail": "20-30", "reach_min_hongik_subway": 35, "reach_bucket_hongik_subway": "30-45", "reach_min_hongik_rail": 35, "reach_bucket_hongik_rail": "30-45"}}, {"type": "Feature", "geometry": {"type": "Point", "coordinates": [127.03074, 37.51395]}, "properties": {"id": "kr_143", "name": "학동", "district": "Gangnam-gu", "transit_stress_score": 6.9, "transit_stress_tier": "high", "walk_stress_score": 87.5, "walk_stress_tier": "very-low", "reach_min_seoul_station_subway": 24, "reach_bucket_seoul_station_subway": "20-30", "reach_min_seoul_station_rail": 24, "reach_bucket_seoul_station_rail": "20-30", "reach_min_city_hall_subway": 27, "reach_bucket_city_hall_subway": "20-30", "reach_min_city_hall_rail": 27, "reach_bucket_city_hall_rail": "20-30", "reach_min_gangnam_subway": 12, "reach_bucket_gangnam_subway": "10-20", "reach_min_gangnam_rail": 12, "reach_bucket_gangnam_rail": "10-20", "reach_min_wangsimni_subway": 25, "reach_bucket_wangsimni_subway": "20-30", "reach_min_wangsimni_rail": 25, "reach_bucket_wangsimni_rail": "20-30", "reach_min_sadang_subway": 17, "reach_bucket_sadang_subway": "10-20", "reach_min_sadang_rail": 17, "reach_bucket_sadang_rail": "10-20", "reach_min_jamsil_subway": 25, "reach_bucket_jamsil_subway": "20-30", "reach_min_jamsil_rail": 25, "reach_bucket_jamsil_rail": "20-30", "reach_min_konkuk_subway": 35, "reach_bucket_konkuk_subway": "30-45", "reach_min_konkuk_rail": 35, "reach_bucket_konkuk_rail": "30-45", "reach_min_hongik_subway": 33, "reach_bucket_hongik_subway": "30-45", "reach_min_hongik_rail": 33, "reach_bucket_hongik_rail": "30-45"}}, {"type": "Feature", "geometry": {"type": "Point", "coordinates": [126.9981, 37.56693]}, "properties": {"id": "kr_144", "name": "을지로4가", "district": "Jung-gu", "transit_stress_score": 6.8, "transit_stress_tier": "high", "walk_stress_score": 12.5, "walk_stress_tier": "very-low", "reach_min_seoul_station_subway": 9, "reach_bucket_seoul_station_subway": "<10", "reach_min_seoul_station_rail": 9, "reach_bucket_seoul_station_rail": "<10", "reach_min_city_hall_subway": 6, "reach_bucket_city_hall_subway": "<10", "reach_min_city_hall_rail": 6, "reach_bucket_city_hall_rail": "<10", "reach_min_gangnam_subway": 22, "reach_bucket_gangnam_subway": "20-30", "reach_min_gangnam_rail": 22, "reach_bucket_gangnam_rail": "20-30", "reach_min_wangsimni_subway": 8, "reach_bucket_wangsimni_subway": "<10", "reach_min_wangsimni_rail": 8, "reach_bucket_wangsimni_rail": "<10", "reach_min_sadang_subway": 28, "reach_bucket_sadang_subway": "20-30", "reach_min_sadang_rail": 28, "reach_bucket_sadang_rail": "20-30", "reach_min_jamsil_subway": 29, "reach_bucket_jamsil_subway": "20-30", "reach_min_jamsil_rail": 29, "reach_bucket_jamsil_rail": "20-30", "reach_min_konkuk_subway": 18, "reach_bucket_konkuk_subway": "10-20", "reach_min_konkuk_rail": 18, "reach_bucket_konkuk_rail": "10-20", "reach_min_hongik_subway": 17, "reach_bucket_hongik_subway": "10-20", "reach_min_hongik_rail": 17, "reach_bucket_hongik_rail": "10-20"}}, {"type": "Feature", "geometry": {"type": "Point", "coordinates": [126.84291, 37.65311]}, "properties": {"id": "kr_145", "name": "Wondang", "district": null, "transit_stress_score": 6.7, "transit_stress_tier": "high", "walk_stress_score": 100.0, "walk_stress_tier": "mid", "reach_min_seoul_station_subway": 47, "reach_bucket_seoul_station_subway": "45-60", "reach_min_seoul_station_rail": 47, "reach_bucket_seoul_station_rail": "45-60", "reach_min_city_hall_subway": 45, "reach_bucket_city_hall_subway": "45-60", "reach_min_city_hall_rail": 45, "reach_bucket_city_hall_rail": "45-60", "reach_min_gangnam_subway": 64, "reach_bucket_gangnam_subway": "60-90", "reach_min_gangnam_rail": 64, "reach_bucket_gangnam_rail": "60-90", "reach_min_wangsimni_subway": 51, "reach_bucket_wangsimni_subway": "45-60", "reach_min_wangsimni_rail": 51, "reach_bucket_wangsimni_rail": "45-60", "reach_min_sadang_subway": 67, "reach_bucket_sadang_subway": "60-90", "reach_min_sadang_rail": 67, "reach_bucket_sadang_rail": "60-90", "reach_min_jamsil_subway": 71, "reach_bucket_jamsil_subway": "60-90", "reach_min_jamsil_rail": 71, "reach_bucket_jamsil_rail": "60-90", "reach_min_konkuk_subway": 60, "reach_bucket_konkuk_subway": "60-90", "reach_min_konkuk_rail": 60, "reach_bucket_konkuk_rail": "60-90", "reach_min_hongik_subway": 56, "reach_bucket_hongik_subway": "45-60", "reach_min_hongik_rail": 56, "reach_bucket_hongik_rail": "45-60"}}, {"type": "Feature", "geometry": {"type": "Point", "coordinates": [127.12673, 37.4709]}, "properties": {"id": "kr_146", "name": "Bokjeong", "district": "Songpa-gu", "transit_stress_score": 6.7, "transit_stress_tier": "high", "walk_stress_score": 100.0, "walk_stress_tier": "mid", "reach_min_seoul_station_subway": 48, "reach_bucket_seoul_station_subway": "45-60", "reach_min_seoul_station_rail": 48, "reach_bucket_seoul_station_rail": "45-60", "reach_min_city_hall_subway": 50, "reach_bucket_city_hall_subway": "45-60", "reach_min_city_hall_rail": 50, "reach_bucket_city_hall_rail": "45-60", "reach_min_gangnam_subway": 26, "reach_bucket_gangnam_subway": "20-30", "reach_min_gangnam_rail": 26, "reach_bucket_gangnam_rail": "20-30", "reach_min_wangsimni_subway": 40, "reach_bucket_wangsimni_subway": "30-45", "reach_min_wangsimni_rail": 40, "reach_bucket_wangsimni_rail": "30-45", "reach_min_sadang_subway": 37, "reach_bucket_sadang_subway": "30-45", "reach_min_sadang_rail": 37, "reach_bucket_sadang_rail": "30-45", "reach_min_jamsil_subway": 21, "reach_bucket_jamsil_subway": "20-30", "reach_min_jamsil_rail": 21, "reach_bucket_jamsil_rail": "20-30", "reach_min_konkuk_subway": 32, "reach_bucket_konkuk_subway": "30-45", "reach_min_konkuk_rail": 32, "reach_bucket_konkuk_rail": "30-45", "reach_min_hongik_subway": 56, "reach_bucket_hongik_subway": "45-60", "reach_min_hongik_rail": 56, "reach_bucket_hongik_rail": "45-60"}}, {"type": "Feature", "geometry": {"type": "Point", "coordinates": [127.15379, 37.55498]}, "properties": {"id": "kr_147", "name": "Godeok", "district": "Gangdong-gu", "transit_stress_score": 6.7, "transit_stress_tier": "high", "walk_stress_score": 100.0, "walk_stress_tier": "mid", "reach_min_seoul_station_subway": 44, "reach_bucket_seoul_station_subway": "30-45", "reach_min_seoul_station_rail": 44, "reach_bucket_seoul_station_rail": "30-45", "reach_min_city_hall_subway": 43, "reach_bucket_city_hall_subway": "30-45", "reach_min_city_hall_rail": 43, "reach_bucket_city_hall_rail": "30-45", "reach_min_gangnam_subway": 34, "reach_bucket_gangnam_subway": "30-45", "reach_min_gangnam_rail": 34, "reach_bucket_gangnam_rail": "30-45", "reach_min_wangsimni_subway": 29, "reach_bucket_wangsimni_subway": "20-30", "reach_min_wangsimni_rail": 29, "reach_bucket_wangsimni_rail": "20-30", "reach_min_sadang_subway": 45, "reach_bucket_sadang_subway": "45-60", "reach_min_sadang_rail": 45, "reach_bucket_sadang_rail": "45-60", "reach_min_jamsil_subway": 29, "reach_bucket_jamsil_subway": "20-30", "reach_min_jamsil_rail": 29, "reach_bucket_jamsil_rail": "20-30", "reach_min_konkuk_subway": 38, "reach_bucket_konkuk_subway": "30-45", "reach_min_konkuk_rail": 38, "reach_bucket_konkuk_rail": "30-45", "reach_min_hongik_subway": 54, "reach_bucket_hongik_subway": "45-60", "reach_min_hongik_rail": 54, "reach_bucket_hongik_rail": "45-60"}}, {"type": "Feature", "geometry": {"type": "Point", "coordinates": [127.10842, 37.36737]}, "properties": {"id": "kr_148", "name": "Jeongja", "district": null, "transit_stress_score": 6.7, "transit_stress_tier": "high", "walk_stress_score": 100.0, "walk_stress_tier": "mid", "reach_min_seoul_station_subway": 57, "reach_bucket_seoul_station_subway": "45-60", "reach_min_seoul_station_rail": 57, "reach_bucket_seoul_station_rail": "45-60", "reach_min_city_hall_subway": 59, "reach_bucket_city_hall_subway": "45-60", "reach_min_city_hall_rail": 59, "reach_bucket_city_hall_rail": "45-60", "reach_min_gangnam_subway": 33, "reach_bucket_gangnam_subway": "30-45", "reach_min_gangnam_rail": 33, "reach_bucket_gangnam_rail": "30-45", "reach_min_wangsimni_subway": 57, "reach_bucket_wangsimni_subway": "45-60", "reach_min_wangsimni_rail": 57, "reach_bucket_wangsimni_rail": "45-60", "reach_min_sadang_subway": 43, "reach_bucket_sadang_subway": "30-45", "reach_min_sadang_rail": 43, "reach_bucket_sadang_rail": "30-45", "reach_min_jamsil_subway": 48, "reach_bucket_jamsil_subway": "45-60", "reach_min_jamsil_rail": 48, "reach_bucket_jamsil_rail": "45-60", "reach_min_konkuk_subway": 59, "reach_bucket_konkuk_subway": "45-60", "reach_min_konkuk_rail": 59, "reach_bucket_konkuk_rail": "45-60", "reach_min_hongik_subway": 65, "reach_bucket_hongik_subway": "60-90", "reach_min_hongik_rail": 65, "reach_bucket_hongik_rail": "60-90"}}, {"type": "Feature", "geometry": {"type": "Point", "coordinates": [127.25328, 37.3989]}, "properties": {"id": "kr_149", "name": "경기광주", "district": null, "transit_stress_score": 6.7, "transit_stress_tier": "high", "walk_stress_score": 100.0, "walk_stress_tier": "mid", "reach_min_seoul_station_subway": 76, "reach_bucket_seoul_station_subway": "60-90", "reach_min_seoul_station_rail": 76, "reach_bucket_seoul_station_rail": "60-90", "reach_min_city_hall_subway": 78, "reach_bucket_city_hall_subway": "60-90", "reach_min_city_hall_rail": 78, "reach_bucket_city_hall_rail": "60-90", "reach_min_gangnam_subway": 52, "reach_bucket_gangnam_subway": "45-60", "reach_min_gangnam_rail": 52, "reach_bucket_gangnam_rail": "45-60", "reach_min_wangsimni_subway": 76, "reach_bucket_wangsimni_subway": "60-90", "reach_min_wangsimni_rail": 76, "reach_bucket_wangsimni_rail": "60-90", "reach_min_sadang_subway": 62, "reach_bucket_sadang_subway": "60-90", "reach_min_sadang_rail": 62, "reach_bucket_sadang_rail": "60-90", "reach_min_jamsil_subway": 67, "reach_bucket_jamsil_subway": "60-90", "reach_min_jamsil_rail": 67, "reach_bucket_jamsil_rail": "60-90", "reach_min_konkuk_subway": 78, "reach_bucket_konkuk_subway": "60-90", "reach_min_konkuk_rail": 78, "reach_bucket_konkuk_rail": "60-90", "reach_min_hongik_subway": 84, "reach_bucket_hongik_subway": "60-90", "reach_min_hongik_rail": 84, "reach_bucket_hongik_rail": "60-90"}}, {"type": "Feature", "geometry": {"type": "Point", "coordinates": [127.14657, 36.81093]}, "properties": {"id": "kr_150", "name": "Cheonan", "district": null, "transit_stress_score": 6.7, "transit_stress_tier": "high", "walk_stress_score": 100.0, "walk_stress_tier": "mid", "reach_min_seoul_station_subway": 120, "reach_bucket_seoul_station_subway": "120+", "reach_min_seoul_station_rail": 63, "reach_bucket_seoul_station_rail": "60-90", "reach_min_city_hall_subway": 120, "reach_bucket_city_hall_subway": "120+", "reach_min_city_hall_rail": 65, "reach_bucket_city_hall_rail": "60-90", "reach_min_gangnam_subway": 120, "reach_bucket_gangnam_subway": "120+", "reach_min_gangnam_rail": 80, "reach_bucket_gangnam_rail": "60-90", "reach_min_wangsimni_subway": 120, "reach_bucket_wangsimni_subway": "120+", "reach_min_wangsimni_rail": 77, "reach_bucket_wangsimni_rail": "60-90", "reach_min_sadang_subway": 120, "reach_bucket_sadang_subway": "120+", "reach_min_sadang_rail": 80, "reach_bucket_sadang_rail": "60-90", "reach_min_jamsil_subway": 120, "reach_bucket_jamsil_subway": "120+", "reach_min_jamsil_rail": 79, "reach_bucket_jamsil_rail": "60-90", "reach_min_konkuk_subway": 120, "reach_bucket_konkuk_subway": "120+", "reach_min_konkuk_rail": 86, "reach_bucket_konkuk_rail": "60-90", "reach_min_hongik_subway": 120, "reach_bucket_hongik_subway": "120+", "reach_min_hongik_rail": 77, "reach_bucket_hongik_rail": "60-90"}}, {"type": "Feature", "geometry": {"type": "Point", "coordinates": [126.88262, 37.51448]}, "properties": {"id": "kr_151", "name": "Dorimcheon", "district": "Guro-gu", "transit_stress_score": 6.5, "transit_stress_tier": "high", "walk_stress_score": 100.0, "walk_stress_tier": "mid", "reach_min_seoul_station_subway": 19, "reach_bucket_seoul_station_subway": "10-20", "reach_min_seoul_station_rail": 19, "reach_bucket_seoul_station_rail": "10-20", "reach_min_city_hall_subway": 22, "reach_bucket_city_hall_subway": "20-30", "reach_min_city_hall_rail": 22, "reach_bucket_city_hall_rail": "20-30", "reach_min_gangnam_subway": 29, "reach_bucket_gangnam_subway": "20-30", "reach_min_gangnam_rail": 29, "reach_bucket_gangnam_rail": "20-30", "reach_min_wangsimni_subway": 34, "reach_bucket_wangsimni_subway": "30-45", "reach_min_wangsimni_rail": 34, "reach_bucket_wangsimni_rail": "30-45", "reach_min_sadang_subway": 25, "reach_bucket_sadang_subway": "20-30", "reach_min_sadang_rail": 25, "reach_bucket_sadang_rail": "20-30", "reach_min_jamsil_subway": 42, "reach_bucket_jamsil_subway": "30-45", "reach_min_jamsil_rail": 42, "reach_bucket_jamsil_rail": "30-45", "reach_min_konkuk_subway": 43, "reach_bucket_konkuk_subway": "30-45", "reach_min_konkuk_rail": 43, "reach_bucket_konkuk_rail": "30-45", "reach_min_hongik_subway": 16, "reach_bucket_hongik_subway": "10-20", "reach_min_hongik_rail": 16, "reach_bucket_hongik_rail": "10-20"}}, {"type": "Feature", "geometry": {"type": "Point", "coordinates": [127.01631, 37.48498]}, "properties": {"id": "kr_152", "name": "Nambu Bus Terminal (Seoul Arts Center)", "district": "Seocho-gu", "transit_stress_score": 6.5, "transit_stress_tier": "high", "walk_stress_score": 100.0, "walk_stress_tier": "mid", "reach_min_seoul_station_subway": 24, "reach_bucket_seoul_station_subway": "20-30", "reach_min_seoul_station_rail": 24, "reach_bucket_seoul_station_rail": "20-30", "reach_min_city_hall_subway": 26, "reach_bucket_city_hall_subway": "20-30", "reach_min_city_hall_rail": 26, "reach_bucket_city_hall_rail": "20-30", "reach_min_gangnam_subway": 5, "reach_bucket_gangnam_subway": "<10", "reach_min_gangnam_rail": 5, "reach_bucket_gangnam_rail": "<10", "reach_min_wangsimni_subway": 29, "reach_bucket_wangsimni_subway": "20-30", "reach_min_wangsimni_rail": 29, "reach_bucket_wangsimni_rail": "20-30", "reach_min_sadang_subway": 10, "reach_bucket_sadang_subway": "10-20", "reach_min_sadang_rail": 10, "reach_bucket_sadang_rail": "10-20", "reach_min_jamsil_subway": 20, "reach_bucket_jamsil_subway": "20-30", "reach_min_jamsil_rail": 20, "reach_bucket_jamsil_rail": "20-30", "reach_min_konkuk_subway": 31, "reach_bucket_konkuk_subway": "30-45", "reach_min_konkuk_rail": 31, "reach_bucket_konkuk_rail": "30-45", "reach_min_hongik_subway": 32, "reach_bucket_hongik_subway": "30-45", "reach_min_hongik_rail": 32, "reach_bucket_hongik_rail": "30-45"}}, {"type": "Feature", "geometry": {"type": "Point", "coordinates": [126.98196, 37.48532]}, "properties": {"id": "kr_153", "name": "Isu", "district": "Dongjak-gu", "transit_stress_score": 6.5, "transit_stress_tier": "high", "walk_stress_score": 87.5, "walk_stress_tier": "very-low", "reach_min_seoul_station_subway": 25, "reach_bucket_seoul_station_subway": "20-30", "reach_min_seoul_station_rail": 25, "reach_bucket_seoul_station_rail": "20-30", "reach_min_city_hall_subway": 28, "reach_bucket_city_hall_subway": "20-30", "reach_min_city_hall_rail": 28, "reach_bucket_city_hall_rail": "20-30", "reach_min_gangnam_subway": 12, "reach_bucket_gangnam_subway": "10-20", "reach_min_gangnam_rail": 12, "reach_bucket_gangnam_rail": "10-20", "reach_min_wangsimni_subway": 30, "reach_bucket_wangsimni_subway": "30-45", "reach_min_wangsimni_rail": 30, "reach_bucket_wangsimni_rail": "30-45", "reach_min_sadang_subway": 18, "reach_bucket_sadang_subway": "10-20", "reach_min_sadang_rail": 18, "reach_bucket_sadang_rail": "10-20", "reach_min_jamsil_subway": 26, "reach_bucket_jamsil_subway": "20-30", "reach_min_jamsil_rail": 26, "reach_bucket_jamsil_rail": "20-30", "reach_min_konkuk_subway": 37, "reach_bucket_konkuk_subway": "30-45", "reach_min_konkuk_rail": 37, "reach_bucket_konkuk_rail": "30-45", "reach_min_hongik_subway": 34, "reach_bucket_hongik_subway": "30-45", "reach_min_hongik_rail": 34, "reach_bucket_hongik_rail": "30-45"}}, {"type": "Feature", "geometry": {"type": "Point", "coordinates": [127.04824, 37.60622]}, "properties": {"id": "kr_154", "name": "상월곡", "district": "Seongbuk-gu", "transit_stress_score": 6.4, "transit_stress_tier": "high", "walk_stress_score": 87.5, "walk_stress_tier": "very-low", "reach_min_seoul_station_subway": 26, "reach_bucket_seoul_station_subway": "20-30", "reach_min_seoul_station_rail": 26, "reach_bucket_seoul_station_rail": "20-30", "reach_min_city_hall_subway": 25, "reach_bucket_city_hall_subway": "20-30", "reach_min_city_hall_rail": 25, "reach_bucket_city_hall_rail": "20-30", "reach_min_gangnam_subway": 34, "reach_bucket_gangnam_subway": "30-45", "reach_min_gangnam_rail": 34, "reach_bucket_gangnam_rail": "30-45", "reach_min_wangsimni_subway": 22, "reach_bucket_wangsimni_subway": "20-30", "reach_min_wangsimni_rail": 22, "reach_bucket_wangsimni_rail": "20-30", "reach_min_sadang_subway": 44, "reach_bucket_sadang_subway": "30-45", "reach_min_sadang_rail": 44, "reach_bucket_sadang_rail": "30-45", "reach_min_jamsil_subway": 42, "reach_bucket_jamsil_subway": "30-45", "reach_min_jamsil_rail": 42, "reach_bucket_jamsil_rail": "30-45", "reach_min_konkuk_subway": 31, "reach_bucket_konkuk_subway": "30-45", "reach_min_konkuk_rail": 31, "reach_bucket_konkuk_rail": "30-45", "reach_min_hongik_subway": 36, "reach_bucket_hongik_subway": "30-45", "reach_min_hongik_rail": 36, "reach_bucket_hongik_rail": "30-45"}}, {"type": "Feature", "geometry": {"type": "Point", "coordinates": [127.04131, 37.51718]}, "properties": {"id": "kr_155", "name": "Gangnam-gu Office", "district": "Gangnam-gu", "transit_stress_score": 6.3, "transit_stress_tier": "high", "walk_stress_score": 100.0, "walk_stress_tier": "mid", "reach_min_seoul_station_subway": 27, "reach_bucket_seoul_station_subway": "20-30", "reach_min_seoul_station_rail": 27, "reach_bucket_seoul_station_rail": "20-30", "reach_min_city_hall_subway": 29, "reach_bucket_city_hall_subway": "20-30", "reach_min_city_hall_rail": 29, "reach_bucket_city_hall_rail": "20-30", "reach_min_gangnam_subway": 14, "reach_bucket_gangnam_subway": "10-20", "reach_min_gangnam_rail": 14, "reach_bucket_gangnam_rail": "10-20", "reach_min_wangsimni_subway": 23, "reach_bucket_wangsimni_subway": "20-30", "reach_min_wangsimni_rail": 23, "reach_bucket_wangsimni_rail": "20-30", "reach_min_sadang_subway": 19, "reach_bucket_sadang_subway": "10-20", "reach_min_sadang_rail": 19, "reach_bucket_sadang_rail": "10-20", "reach_min_jamsil_subway": 27, "reach_bucket_jamsil_subway": "20-30", "reach_min_jamsil_rail": 27, "reach_bucket_jamsil_rail": "20-30", "reach_min_konkuk_subway": 32, "reach_bucket_konkuk_subway": "30-45", "reach_min_konkuk_rail": 32, "reach_bucket_konkuk_rail": "30-45", "reach_min_hongik_subway": 35, "reach_bucket_hongik_subway": "30-45", "reach_min_hongik_rail": 35, "reach_bucket_hongik_rail": "30-45"}}, {"type": "Feature", "geometry": {"type": "Point", "coordinates": [126.932, 37.54747]}, "properties": {"id": "kr_156", "name": "광흥창", "district": "Mapo-gu", "transit_stress_score": 6.3, "transit_stress_tier": "high", "walk_stress_score": 100.0, "walk_stress_tier": "mid", "reach_min_seoul_station_subway": 14, "reach_bucket_seoul_station_subway": "10-20", "reach_min_seoul_station_rail": 14, "reach_bucket_seoul_station_rail": "10-20", "reach_min_city_hall_subway": 17, "reach_bucket_city_hall_subway": "10-20", "reach_min_city_hall_rail": 17, "reach_bucket_city_hall_rail": "10-20", "reach_min_gangnam_subway": 28, "reach_bucket_gangnam_subway": "20-30", "reach_min_gangnam_rail": 28, "reach_bucket_gangnam_rail": "20-30", "reach_min_wangsimni_subway": 27, "reach_bucket_wangsimni_subway": "20-30", "reach_min_wangsimni_rail": 27, "reach_bucket_wangsimni_rail": "20-30", "reach_min_sadang_subway": 24, "reach_bucket_sadang_subway": "20-30", "reach_min_sadang_rail": 24, "reach_bucket_sadang_rail": "20-30", "reach_min_jamsil_subway": 41, "reach_bucket_jamsil_subway": "30-45", "reach_min_jamsil_rail": 41, "reach_bucket_jamsil_rail": "30-45", "reach_min_konkuk_subway": 36, "reach_bucket_konkuk_subway": "30-45", "reach_min_konkuk_rail": 36, "reach_bucket_konkuk_rail": "30-45", "reach_min_hongik_subway": 23, "reach_bucket_hongik_subway": "20-30", "reach_min_hongik_rail": 23, "reach_bucket_hongik_rail": "20-30"}}, {"type": "Feature", "geometry": {"type": "Point", "coordinates": [127.0855, 37.5116]}, "properties": {"id": "kr_157", "name": "Jamsilsaenae", "district": "Songpa-gu", "transit_stress_score": 6.2, "transit_stress_tier": "high", "walk_stress_score": 100.0, "walk_stress_tier": "mid", "reach_min_seoul_station_subway": 34, "reach_bucket_seoul_station_subway": "30-45", "reach_min_seoul_station_rail": 34, "reach_bucket_seoul_station_rail": "30-45", "reach_min_city_hall_subway": 36, "reach_bucket_city_hall_subway": "30-45", "reach_min_city_hall_rail": 36, "reach_bucket_city_hall_rail": "30-45", "reach_min_gangnam_subway": 12, "reach_bucket_gangnam_subway": "10-20", "reach_min_gangnam_rail": 12, "reach_bucket_gangnam_rail": "10-20", "reach_min_wangsimni_subway": 23, "reach_bucket_wangsimni_subway": "20-30", "reach_min_wangsimni_rail": 23, "reach_bucket_wangsimni_rail": "20-30", "reach_min_sadang_subway": 23, "reach_bucket_sadang_subway": "20-30", "reach_min_sadang_rail": 23, "reach_bucket_sadang_rail": "20-30", "reach_min_jamsil_subway": 3, "reach_bucket_jamsil_subway": "<10", "reach_min_jamsil_rail": 3, "reach_bucket_jamsil_rail": "<10", "reach_min_konkuk_subway": 14, "reach_bucket_konkuk_subway": "10-20", "reach_min_konkuk_rail": 14, "reach_bucket_konkuk_rail": "10-20", "reach_min_hongik_subway": 43, "reach_bucket_hongik_subway": "30-45", "reach_min_hongik_rail": 43, "reach_bucket_hongik_rail": "30-45"}}, {"type": "Feature", "geometry": {"type": "Point", "coordinates": [127.07947, 37.60163]}, "properties": {"id": "kr_158", "name": "중화", "district": "Jungnang-gu", "transit_stress_score": 6.2, "transit_stress_tier": "high", "walk_stress_score": 100.0, "walk_stress_tier": "mid", "reach_min_seoul_station_subway": 37, "reach_bucket_seoul_station_subway": "30-45", "reach_min_seoul_station_rail": 37, "reach_bucket_seoul_station_rail": "30-45", "reach_min_city_hall_subway": 36, "reach_bucket_city_hall_subway": "30-45", "reach_min_city_hall_rail": 36, "reach_bucket_city_hall_rail": "30-45", "reach_min_gangnam_subway": 40, "reach_bucket_gangnam_subway": "30-45", "reach_min_gangnam_rail": 40, "reach_bucket_gangnam_rail": "30-45", "reach_min_wangsimni_subway": 22, "reach_bucket_wangsimni_subway": "20-30", "reach_min_wangsimni_rail": 22, "reach_bucket_wangsimni_rail": "20-30", "reach_min_sadang_subway": 45, "reach_bucket_sadang_subway": "45-60", "reach_min_sadang_rail": 45, "reach_bucket_sadang_rail": "45-60", "reach_min_jamsil_subway": 43, "reach_bucket_jamsil_subway": "30-45", "reach_min_jamsil_rail": 43, "reach_bucket_jamsil_rail": "30-45", "reach_min_konkuk_subway": 32, "reach_bucket_konkuk_subway": "30-45", "reach_min_konkuk_rail": 32, "reach_bucket_konkuk_rail": "30-45", "reach_min_hongik_subway": 47, "reach_bucket_hongik_subway": "45-60", "reach_min_hongik_rail": 47, "reach_bucket_hongik_rail": "45-60"}}, {"type": "Feature", "geometry": {"type": "Point", "coordinates": [126.75233, 37.48769]}, "properties": {"id": "kr_159", "name": "Songnae", "district": null, "transit_stress_score": 6.2, "transit_stress_tier": "high", "walk_stress_score": 87.5, "walk_stress_tier": "very-low", "reach_min_seoul_station_subway": 42, "reach_bucket_seoul_station_subway": "30-45", "reach_min_seoul_station_rail": 42, "reach_bucket_seoul_station_rail": "30-45", "reach_min_city_hall_subway": 45, "reach_bucket_city_hall_subway": "45-60", "reach_min_city_hall_rail": 45, "reach_bucket_city_hall_rail": "45-60", "reach_min_gangnam_subway": 52, "reach_bucket_gangnam_subway": "45-60", "reach_min_gangnam_rail": 52, "reach_bucket_gangnam_rail": "45-60", "reach_min_wangsimni_subway": 57, "reach_bucket_wangsimni_subway": "45-60", "reach_min_wangsimni_rail": 57, "reach_bucket_wangsimni_rail": "45-60", "reach_min_sadang_subway": 48, "reach_bucket_sadang_subway": "45-60", "reach_min_sadang_rail": 48, "reach_bucket_sadang_rail": "45-60", "reach_min_jamsil_subway": 65, "reach_bucket_jamsil_subway": "60-90", "reach_min_jamsil_rail": 65, "reach_bucket_jamsil_rail": "60-90", "reach_min_konkuk_subway": 66, "reach_bucket_konkuk_subway": "60-90", "reach_min_konkuk_rail": 66, "reach_bucket_konkuk_rail": "60-90", "reach_min_hongik_subway": 39, "reach_bucket_hongik_subway": "30-45", "reach_min_hongik_rail": 39, "reach_bucket_hongik_rail": "30-45"}}, {"type": "Feature", "geometry": {"type": "Point", "coordinates": [127.01641, 37.59266]}, "properties": {"id": "kr_160", "name": "Sungshin Women's Univ.", "district": "Seongbuk-gu", "transit_stress_score": 6.2, "transit_stress_tier": "high", "walk_stress_score": 87.5, "walk_stress_tier": "very-low", "reach_min_seoul_station_subway": 17, "reach_bucket_seoul_station_subway": "10-20", "reach_min_seoul_station_rail": 17, "reach_bucket_seoul_station_rail": "10-20", "reach_min_city_hall_subway": 15, "reach_bucket_city_hall_subway": "10-20", "reach_min_city_hall_rail": 15, "reach_bucket_city_hall_rail": "10-20", "reach_min_gangnam_subway": 29, "reach_bucket_gangnam_subway": "20-30", "reach_min_gangnam_rail": 29, "reach_bucket_gangnam_rail": "20-30", "reach_min_wangsimni_subway": 15, "reach_bucket_wangsimni_subway": "10-20", "reach_min_wangsimni_rail": 15, "reach_bucket_wangsimni_rail": "10-20", "reach_min_sadang_subway": 37, "reach_bucket_sadang_subway": "30-45", "reach_min_sadang_rail": 37, "reach_bucket_sadang_rail": "30-45", "reach_min_jamsil_subway": 36, "reach_bucket_jamsil_subway": "30-45", "reach_min_jamsil_rail": 36, "reach_bucket_jamsil_rail": "30-45", "reach_min_konkuk_subway": 25, "reach_bucket_konkuk_subway": "20-30", "reach_min_konkuk_rail": 25, "reach_bucket_konkuk_rail": "20-30", "reach_min_hongik_subway": 27, "reach_bucket_hongik_subway": "20-30", "reach_min_hongik_rail": 27, "reach_bucket_hongik_rail": "20-30"}}, {"type": "Feature", "geometry": {"type": "Point", "coordinates": [127.01642, 37.59263]}, "properties": {"id": "kr_161", "name": "Sungshin Women's University", "district": "Seongbuk-gu", "transit_stress_score": 6.2, "transit_stress_tier": "high", "walk_stress_score": 87.5, "walk_stress_tier": "very-low", "reach_min_seoul_station_subway": 17, "reach_bucket_seoul_station_subway": "10-20", "reach_min_seoul_station_rail": 17, "reach_bucket_seoul_station_rail": "10-20", "reach_min_city_hall_subway": 15, "reach_bucket_city_hall_subway": "10-20", "reach_min_city_hall_rail": 15, "reach_bucket_city_hall_rail": "10-20", "reach_min_gangnam_subway": 29, "reach_bucket_gangnam_subway": "20-30", "reach_min_gangnam_rail": 29, "reach_bucket_gangnam_rail": "20-30", "reach_min_wangsimni_subway": 15, "reach_bucket_wangsimni_subway": "10-20", "reach_min_wangsimni_rail": 15, "reach_bucket_wangsimni_rail": "10-20", "reach_min_sadang_subway": 37, "reach_bucket_sadang_subway": "30-45", "reach_min_sadang_rail": 37, "reach_bucket_sadang_rail": "30-45", "reach_min_jamsil_subway": 36, "reach_bucket_jamsil_subway": "30-45", "reach_min_jamsil_rail": 36, "reach_bucket_jamsil_rail": "30-45", "reach_min_konkuk_subway": 25, "reach_bucket_konkuk_subway": "20-30", "reach_min_konkuk_rail": 25, "reach_bucket_konkuk_rail": "20-30", "reach_min_hongik_subway": 27, "reach_bucket_hongik_subway": "20-30", "reach_min_hongik_rail": 27, "reach_bucket_hongik_rail": "20-30"}}, {"type": "Feature", "geometry": {"type": "Point", "coordinates": [126.92091, 37.61949]}, "properties": {"id": "kr_162", "name": "연신내", "district": "Eunpyeong-gu", "transit_stress_score": 6.0, "transit_stress_tier": "high", "walk_stress_score": 87.5, "walk_stress_tier": "very-low", "reach_min_seoul_station_subway": 27, "reach_bucket_seoul_station_subway": "20-30", "reach_min_seoul_station_rail": 27, "reach_bucket_seoul_station_rail": "20-30", "reach_min_city_hall_subway": 25, "reach_bucket_city_hall_subway": "20-30", "reach_min_city_hall_rail": 25, "reach_bucket_city_hall_rail": "20-30", "reach_min_gangnam_subway": 44, "reach_bucket_gangnam_subway": "30-45", "reach_min_gangnam_rail": 44, "reach_bucket_gangnam_rail": "30-45", "reach_min_wangsimni_subway": 31, "reach_bucket_wangsimni_subway": "30-45", "reach_min_wangsimni_rail": 31, "reach_bucket_wangsimni_rail": "30-45", "reach_min_sadang_subway": 47, "reach_bucket_sadang_subway": "45-60", "reach_min_sadang_rail": 47, "reach_bucket_sadang_rail": "45-60", "reach_min_jamsil_subway": 51, "reach_bucket_jamsil_subway": "45-60", "reach_min_jamsil_rail": 51, "reach_bucket_jamsil_rail": "45-60", "reach_min_konkuk_subway": 40, "reach_bucket_konkuk_subway": "30-45", "reach_min_konkuk_rail": 40, "reach_bucket_konkuk_rail": "30-45", "reach_min_hongik_subway": 36, "reach_bucket_hongik_subway": "30-45", "reach_min_hongik_rail": 36, "reach_bucket_hongik_rail": "30-45"}}, {"type": "Feature", "geometry": {"type": "Point", "coordinates": [127.07761, 37.61144]}, "properties": {"id": "kr_163", "name": "먹골", "district": "Jungnang-gu", "transit_stress_score": 5.9, "transit_stress_tier": "high", "walk_stress_score": 87.5, "walk_stress_tier": "very-low", "reach_min_seoul_station_subway": 35, "reach_bucket_seoul_station_subway": "30-45", "reach_min_seoul_station_rail": 35, "reach_bucket_seoul_station_rail": "30-45", "reach_min_city_hall_subway": 33, "reach_bucket_city_hall_subway": "30-45", "reach_min_city_hall_rail": 33, "reach_bucket_city_hall_rail": "30-45", "reach_min_gangnam_subway": 42, "reach_bucket_gangnam_subway": "30-45", "reach_min_gangnam_rail": 42, "reach_bucket_gangnam_rail": "30-45", "reach_min_wangsimni_subway": 25, "reach_bucket_wangsimni_subway": "20-30", "reach_min_wangsimni_rail": 25, "reach_bucket_wangsimni_rail": "20-30", "reach_min_sadang_subway": 48, "reach_bucket_sadang_subway": "45-60", "reach_min_sadang_rail": 48, "reach_bucket_sadang_rail": "45-60", "reach_min_jamsil_subway": 45, "reach_bucket_jamsil_subway": "45-60", "reach_min_jamsil_rail": 45, "reach_bucket_jamsil_rail": "45-60", "reach_min_konkuk_subway": 34, "reach_bucket_konkuk_subway": "30-45", "reach_min_konkuk_rail": 34, "reach_bucket_konkuk_rail": "30-45", "reach_min_hongik_subway": 45, "reach_bucket_hongik_subway": "45-60", "reach_min_hongik_rail": 45, "reach_bucket_hongik_rail": "45-60"}}, {"type": "Feature", "geometry": {"type": "Point", "coordinates": [127.05547, 37.49091]}, "properties": {"id": "kr_164", "name": "Dogok", "district": "Gangnam-gu", "transit_stress_score": 5.9, "transit_stress_tier": "high", "walk_stress_score": 75.0, "walk_stress_tier": "very-low", "reach_min_seoul_station_subway": 32, "reach_bucket_seoul_station_subway": "30-45", "reach_min_seoul_station_rail": 32, "reach_bucket_seoul_station_rail": "30-45", "reach_min_city_hall_subway": 34, "reach_bucket_city_hall_subway": "30-45", "reach_min_city_hall_rail": 34, "reach_bucket_city_hall_rail": "30-45", "reach_min_gangnam_subway": 8, "reach_bucket_gangnam_subway": "<10", "reach_min_gangnam_rail": 8, "reach_bucket_gangnam_rail": "<10", "reach_min_wangsimni_subway": 32, "reach_bucket_wangsimni_subway": "30-45", "reach_min_wangsimni_rail": 32, "reach_bucket_wangsimni_rail": "30-45", "reach_min_sadang_subway": 18, "reach_bucket_sadang_subway": "10-20", "reach_min_sadang_rail": 18, "reach_bucket_sadang_rail": "10-20", "reach_min_jamsil_subway": 23, "reach_bucket_jamsil_subway": "20-30", "reach_min_jamsil_rail": 23, "reach_bucket_jamsil_rail": "20-30", "reach_min_konkuk_subway": 34, "reach_bucket_konkuk_subway": "30-45", "reach_min_konkuk_rail": 34, "reach_bucket_konkuk_rail": "30-45", "reach_min_hongik_subway": 40, "reach_bucket_hongik_subway": "30-45", "reach_min_hongik_rail": 40, "reach_bucket_hongik_rail": "30-45"}}, {"type": "Feature", "geometry": {"type": "Point", "coordinates": [127.05648, 37.61055]}, "properties": {"id": "kr_165", "name": "돌곶이", "district": "Seongbuk-gu", "transit_stress_score": 5.9, "transit_stress_tier": "high", "walk_stress_score": 100.0, "walk_stress_tier": "mid", "reach_min_seoul_station_subway": 28, "reach_bucket_seoul_station_subway": "20-30", "reach_min_seoul_station_rail": 28, "reach_bucket_seoul_station_rail": "20-30", "reach_min_city_hall_subway": 27, "reach_bucket_city_hall_subway": "20-30", "reach_min_city_hall_rail": 27, "reach_bucket_city_hall_rail": "20-30", "reach_min_gangnam_subway": 36, "reach_bucket_gangnam_subway": "30-45", "reach_min_gangnam_rail": 36, "reach_bucket_gangnam_rail": "30-45", "reach_min_wangsimni_subway": 24, "reach_bucket_wangsimni_subway": "20-30", "reach_min_wangsimni_rail": 24, "reach_bucket_wangsimni_rail": "20-30", "reach_min_sadang_subway": 46, "reach_bucket_sadang_subway": "45-60", "reach_min_sadang_rail": 46, "reach_bucket_sadang_rail": "45-60", "reach_min_jamsil_subway": 44, "reach_bucket_jamsil_subway": "30-45", "reach_min_jamsil_rail": 44, "reach_bucket_jamsil_rail": "30-45", "reach_min_konkuk_subway": 33, "reach_bucket_konkuk_subway": "30-45", "reach_min_konkuk_rail": 33, "reach_bucket_konkuk_rail": "30-45", "reach_min_hongik_subway": 39, "reach_bucket_hongik_subway": "30-45", "reach_min_hongik_rail": 39, "reach_bucket_hongik_rail": "30-45"}}, {"type": "Feature", "geometry": {"type": "Point", "coordinates": [127.05117, 37.519]}, "properties": {"id": "kr_166", "name": "청담", "district": "Gangnam-gu", "transit_stress_score": 5.8, "transit_stress_tier": "high", "walk_stress_score": 87.5, "walk_stress_tier": "very-low", "reach_min_seoul_station_subway": 29, "reach_bucket_seoul_station_subway": "20-30", "reach_min_seoul_station_rail": 29, "reach_bucket_seoul_station_rail": "20-30", "reach_min_city_hall_subway": 31, "reach_bucket_city_hall_subway": "30-45", "reach_min_city_hall_rail": 31, "reach_bucket_city_hall_rail": "30-45", "reach_min_gangnam_subway": 16, "reach_bucket_gangnam_subway": "10-20", "reach_min_gangnam_rail": 16, "reach_bucket_gangnam_rail": "10-20", "reach_min_wangsimni_subway": 21, "reach_bucket_wangsimni_subway": "20-30", "reach_min_wangsimni_rail": 21, "reach_bucket_wangsimni_rail": "20-30", "reach_min_sadang_subway": 21, "reach_bucket_sadang_subway": "20-30", "reach_min_sadang_rail": 21, "reach_bucket_sadang_rail": "20-30", "reach_min_jamsil_subway": 29, "reach_bucket_jamsil_subway": "20-30", "reach_min_jamsil_rail": 29, "reach_bucket_jamsil_rail": "20-30", "reach_min_konkuk_subway": 30, "reach_bucket_konkuk_subway": "30-45", "reach_min_konkuk_rail": 30, "reach_bucket_konkuk_rail": "30-45", "reach_min_hongik_subway": 37, "reach_bucket_hongik_subway": "30-45", "reach_min_hongik_rail": 37, "reach_bucket_hongik_rail": "30-45"}}, {"type": "Feature", "geometry": {"type": "Point", "coordinates": [126.83263, 37.63462]}, "properties": {"id": "kr_167", "name": "Hwajeong", "district": null, "transit_stress_score": 5.8, "transit_stress_tier": "high", "walk_stress_score": 100.0, "walk_stress_tier": "mid", "reach_min_seoul_station_subway": 52, "reach_bucket_seoul_station_subway": "45-60", "reach_min_seoul_station_rail": 52, "reach_bucket_seoul_station_rail": "45-60", "reach_min_city_hall_subway": 49, "reach_bucket_city_hall_subway": "45-60", "reach_min_city_hall_rail": 49, "reach_bucket_city_hall_rail": "45-60", "reach_min_gangnam_subway": 69, "reach_bucket_gangnam_subway": "60-90", "reach_min_gangnam_rail": 69, "reach_bucket_gangnam_rail": "60-90", "reach_min_wangsimni_subway": 56, "reach_bucket_wangsimni_subway": "45-60", "reach_min_wangsimni_rail": 56, "reach_bucket_wangsimni_rail": "45-60", "reach_min_sadang_subway": 72, "reach_bucket_sadang_subway": "60-90", "reach_min_sadang_rail": 72, "reach_bucket_sadang_rail": "60-90", "reach_min_jamsil_subway": 76, "reach_bucket_jamsil_subway": "60-90", "reach_min_jamsil_rail": 76, "reach_bucket_jamsil_rail": "60-90", "reach_min_konkuk_subway": 65, "reach_bucket_konkuk_subway": "60-90", "reach_min_konkuk_rail": 65, "reach_bucket_konkuk_rail": "60-90", "reach_min_hongik_subway": 61, "reach_bucket_hongik_subway": "60-90", "reach_min_hongik_rail": 61, "reach_bucket_hongik_rail": "60-90"}}, {"type": "Feature", "geometry": {"type": "Point", "coordinates": [126.83849, 37.31603]}, "properties": {"id": "kr_168", "name": "Jungang", "district": null, "transit_stress_score": 5.8, "transit_stress_tier": "high", "walk_stress_score": 100.0, "walk_stress_tier": "mid", "reach_min_seoul_station_subway": 72, "reach_bucket_seoul_station_subway": "60-90", "reach_min_seoul_station_rail": 72, "reach_bucket_seoul_station_rail": "60-90", "reach_min_city_hall_subway": 74, "reach_bucket_city_hall_subway": "60-90", "reach_min_city_hall_rail": 74, "reach_bucket_city_hall_rail": "60-90", "reach_min_gangnam_subway": 68, "reach_bucket_gangnam_subway": "60-90", "reach_min_gangnam_rail": 68, "reach_bucket_gangnam_rail": "60-90", "reach_min_wangsimni_subway": 86, "reach_bucket_wangsimni_subway": "60-90", "reach_min_wangsimni_rail": 86, "reach_bucket_wangsimni_rail": "60-90", "reach_min_sadang_subway": 58, "reach_bucket_sadang_subway": "45-60", "reach_min_sadang_rail": 58, "reach_bucket_sadang_rail": "45-60", "reach_min_jamsil_subway": 84, "reach_bucket_jamsil_subway": "60-90", "reach_min_jamsil_rail": 84, "reach_bucket_jamsil_rail": "60-90", "reach_min_konkuk_subway": 95, "reach_bucket_konkuk_subway": "90-120", "reach_min_konkuk_rail": 95, "reach_bucket_konkuk_rail": "90-120", "reach_min_hongik_subway": 72, "reach_bucket_hongik_subway": "60-90", "reach_min_hongik_rail": 72, "reach_bucket_hongik_rail": "60-90"}}, {"type": "Feature", "geometry": {"type": "Point", "coordinates": [127.12744, 37.54984]}, "properties": {"id": "kr_169", "name": "Amsa", "district": "Gangdong-gu", "transit_stress_score": 5.8, "transit_stress_tier": "high", "walk_stress_score": 100.0, "walk_stress_tier": "mid", "reach_min_seoul_station_subway": 37, "reach_bucket_seoul_station_subway": "30-45", "reach_min_seoul_station_rail": 37, "reach_bucket_seoul_station_rail": "30-45", "reach_min_city_hall_subway": 36, "reach_bucket_city_hall_subway": "30-45", "reach_min_city_hall_rail": 36, "reach_bucket_city_hall_rail": "30-45", "reach_min_gangnam_subway": 29, "reach_bucket_gangnam_subway": "20-30", "reach_min_gangnam_rail": 29, "reach_bucket_gangnam_rail": "20-30", "reach_min_wangsimni_subway": 22, "reach_bucket_wangsimni_subway": "20-30", "reach_min_wangsimni_rail": 22, "reach_bucket_wangsimni_rail": "20-30", "reach_min_sadang_subway": 40, "reach_bucket_sadang_subway": "30-45", "reach_min_sadang_rail": 40, "reach_bucket_sadang_rail": "30-45", "reach_min_jamsil_subway": 24, "reach_bucket_jamsil_subway": "20-30", "reach_min_jamsil_rail": 24, "reach_bucket_jamsil_rail": "20-30", "reach_min_konkuk_subway": 31, "reach_bucket_konkuk_subway": "30-45", "reach_min_konkuk_rail": 31, "reach_bucket_konkuk_rail": "30-45", "reach_min_hongik_subway": 47, "reach_bucket_hongik_subway": "45-60", "reach_min_hongik_rail": 47, "reach_bucket_hongik_rail": "45-60"}}, {"type": "Feature", "geometry": {"type": "Point", "coordinates": [127.13923, 37.46276]}, "properties": {"id": "kr_170", "name": "Namwirye", "district": null, "transit_stress_score": 5.8, "transit_stress_tier": "high", "walk_stress_score": 100.0, "walk_stress_tier": "mid", "reach_min_seoul_station_subway": 51, "reach_bucket_seoul_station_subway": "45-60", "reach_min_seoul_station_rail": 51, "reach_bucket_seoul_station_rail": "45-60", "reach_min_city_hall_subway": 53, "reach_bucket_city_hall_subway": "45-60", "reach_min_city_hall_rail": 53, "reach_bucket_city_hall_rail": "45-60", "reach_min_gangnam_subway": 29, "reach_bucket_gangnam_subway": "20-30", "reach_min_gangnam_rail": 29, "reach_bucket_gangnam_rail": "20-30", "reach_min_wangsimni_subway": 43, "reach_bucket_wangsimni_subway": "30-45", "reach_min_wangsimni_rail": 43, "reach_bucket_wangsimni_rail": "30-45", "reach_min_sadang_subway": 40, "reach_bucket_sadang_subway": "30-45", "reach_min_sadang_rail": 40, "reach_bucket_sadang_rail": "30-45", "reach_min_jamsil_subway": 24, "reach_bucket_jamsil_subway": "20-30", "reach_min_jamsil_rail": 24, "reach_bucket_jamsil_rail": "20-30", "reach_min_konkuk_subway": 35, "reach_bucket_konkuk_subway": "30-45", "reach_min_konkuk_rail": 35, "reach_bucket_konkuk_rail": "30-45", "reach_min_hongik_subway": 60, "reach_bucket_hongik_subway": "60-90", "reach_min_hongik_rail": 60, "reach_bucket_hongik_rail": "60-90"}}, {"type": "Feature", "geometry": {"type": "Point", "coordinates": [127.16655, 37.55676]}, "properties": {"id": "kr_171", "name": "Sangil-dong", "district": "Gangdong-gu", "transit_stress_score": 5.8, "transit_stress_tier": "high", "walk_stress_score": 100.0, "walk_stress_tier": "mid", "reach_min_seoul_station_subway": 46, "reach_bucket_seoul_station_subway": "45-60", "reach_min_seoul_station_rail": 46, "reach_bucket_seoul_station_rail": "45-60", "reach_min_city_hall_subway": 45, "reach_bucket_city_hall_subway": "45-60", "reach_min_city_hall_rail": 45, "reach_bucket_city_hall_rail": "45-60", "reach_min_gangnam_subway": 36, "reach_bucket_gangnam_subway": "30-45", "reach_min_gangnam_rail": 36, "reach_bucket_gangnam_rail": "30-45", "reach_min_wangsimni_subway": 32, "reach_bucket_wangsimni_subway": "30-45", "reach_min_wangsimni_rail": 32, "reach_bucket_wangsimni_rail": "30-45", "reach_min_sadang_subway": 47, "reach_bucket_sadang_subway": "45-60", "reach_min_sadang_rail": 47, "reach_bucket_sadang_rail": "45-60", "reach_min_jamsil_subway": 31, "reach_bucket_jamsil_subway": "30-45", "reach_min_jamsil_rail": 31, "reach_bucket_jamsil_rail": "30-45", "reach_min_konkuk_subway": 41, "reach_bucket_konkuk_subway": "30-45", "reach_min_konkuk_rail": 41, "reach_bucket_konkuk_rail": "30-45", "reach_min_hongik_subway": 56, "reach_bucket_hongik_subway": "45-60", "reach_min_hongik_rail": 56, "reach_bucket_hongik_rail": "45-60"}}, {"type": "Feature", "geometry": {"type": "Point", "coordinates": [127.10889, 37.34999]}, "properties": {"id": "kr_172", "name": "Migeum", "district": null, "transit_stress_score": 5.8, "transit_stress_tier": "high", "walk_stress_score": 100.0, "walk_stress_tier": "mid", "reach_min_seoul_station_subway": 61, "reach_bucket_seoul_station_subway": "60-90", "reach_min_seoul_station_rail": 61, "reach_bucket_seoul_station_rail": "60-90", "reach_min_city_hall_subway": 63, "reach_bucket_city_hall_subway": "60-90", "reach_min_city_hall_rail": 63, "reach_bucket_city_hall_rail": "60-90", "reach_min_gangnam_subway": 37, "reach_bucket_gangnam_subway": "30-45", "reach_min_gangnam_rail": 37, "reach_bucket_gangnam_rail": "30-45", "reach_min_wangsimni_subway": 61, "reach_bucket_wangsimni_subway": "60-90", "reach_min_wangsimni_rail": 61, "reach_bucket_wangsimni_rail": "60-90", "reach_min_sadang_subway": 47, "reach_bucket_sadang_subway": "45-60", "reach_min_sadang_rail": 47, "reach_bucket_sadang_rail": "45-60", "reach_min_jamsil_subway": 52, "reach_bucket_jamsil_subway": "45-60", "reach_min_jamsil_rail": 52, "reach_bucket_jamsil_rail": "45-60", "reach_min_konkuk_subway": 63, "reach_bucket_konkuk_subway": "60-90", "reach_min_konkuk_rail": 63, "reach_bucket_konkuk_rail": "60-90", "reach_min_hongik_subway": 69, "reach_bucket_hongik_subway": "60-90", "reach_min_hongik_rail": 69, "reach_bucket_hongik_rail": "60-90"}}, {"type": "Feature", "geometry": {"type": "Point", "coordinates": [127.29996, 37.37336]}, "properties": {"id": "kr_173", "name": "Chowol", "district": null, "transit_stress_score": 5.8, "transit_stress_tier": "high", "walk_stress_score": 100.0, "walk_stress_tier": "mid", "reach_min_seoul_station_subway": 85, "reach_bucket_seoul_station_subway": "60-90", "reach_min_seoul_station_rail": 85, "reach_bucket_seoul_station_rail": "60-90", "reach_min_city_hall_subway": 87, "reach_bucket_city_hall_subway": "60-90", "reach_min_city_hall_rail": 87, "reach_bucket_city_hall_rail": "60-90", "reach_min_gangnam_subway": 62, "reach_bucket_gangnam_subway": "60-90", "reach_min_gangnam_rail": 62, "reach_bucket_gangnam_rail": "60-90", "reach_min_wangsimni_subway": 86, "reach_bucket_wangsimni_subway": "60-90", "reach_min_wangsimni_rail": 86, "reach_bucket_wangsimni_rail": "60-90", "reach_min_sadang_subway": 72, "reach_bucket_sadang_subway": "60-90", "reach_min_sadang_rail": 72, "reach_bucket_sadang_rail": "60-90", "reach_min_jamsil_subway": 77, "reach_bucket_jamsil_subway": "60-90", "reach_min_jamsil_rail": 77, "reach_bucket_jamsil_rail": "60-90", "reach_min_konkuk_subway": 88, "reach_bucket_konkuk_subway": "60-90", "reach_min_konkuk_rail": 88, "reach_bucket_konkuk_rail": "60-90", "reach_min_hongik_subway": 94, "reach_bucket_hongik_subway": "90-120", "reach_min_hongik_rail": 94, "reach_bucket_hongik_rail": "90-120"}}, {"type": "Feature", "geometry": {"type": "Point", "coordinates": [127.13607, 36.8014]}, "properties": {"id": "kr_174", "name": "Bongmyeong", "district": null, "transit_stress_score": 5.8, "transit_stress_tier": "high", "walk_stress_score": 100.0, "walk_stress_tier": "mid", "reach_min_seoul_station_subway": 120, "reach_bucket_seoul_station_subway": "120+", "reach_min_seoul_station_rail": 60, "reach_bucket_seoul_station_rail": "60-90", "reach_min_city_hall_subway": 120, "reach_bucket_city_hall_subway": "120+", "reach_min_city_hall_rail": 62, "reach_bucket_city_hall_rail": "60-90", "reach_min_gangnam_subway": 120, "reach_bucket_gangnam_subway": "120+", "reach_min_gangnam_rail": 77, "reach_bucket_gangnam_rail": "60-90", "reach_min_wangsimni_subway": 120, "reach_bucket_wangsimni_subway": "120+", "reach_min_wangsimni_rail": 74, "reach_bucket_wangsimni_rail": "60-90", "reach_min_sadang_subway": 120, "reach_bucket_sadang_subway": "120+", "reach_min_sadang_rail": 77, "reach_bucket_sadang_rail": "60-90", "reach_min_jamsil_subway": 120, "reach_bucket_jamsil_subway": "120+", "reach_min_jamsil_rail": 75, "reach_bucket_jamsil_rail": "60-90", "reach_min_konkuk_subway": 120, "reach_bucket_konkuk_subway": "120+", "reach_min_konkuk_rail": 83, "reach_bucket_konkuk_rail": "60-90", "reach_min_hongik_subway": 120, "reach_bucket_hongik_subway": "120+", "reach_min_hongik_rail": 74, "reach_bucket_hongik_rail": "60-90"}}, {"type": "Feature", "geometry": {"type": "Point", "coordinates": [127.05656, 37.9026]}, "properties": {"id": "kr_175", "name": "Dongducheonjungang (Shinhan University Campus 2)", "district": null, "transit_stress_score": 5.8, "transit_stress_tier": "high", "walk_stress_score": 87.5, "walk_stress_tier": "very-low", "reach_min_seoul_station_subway": 91, "reach_bucket_seoul_station_subway": "90-120", "reach_min_seoul_station_rail": 91, "reach_bucket_seoul_station_rail": "90-120", "reach_min_city_hall_subway": 89, "reach_bucket_city_hall_subway": "60-90", "reach_min_city_hall_rail": 89, "reach_bucket_city_hall_rail": "60-90", "reach_min_gangnam_subway": 103, "reach_bucket_gangnam_subway": "90-120", "reach_min_gangnam_rail": 103, "reach_bucket_gangnam_rail": "90-120", "reach_min_wangsimni_subway": 89, "reach_bucket_wangsimni_subway": "60-90", "reach_min_wangsimni_rail": 89, "reach_bucket_wangsimni_rail": "60-90", "reach_min_sadang_subway": 111, "reach_bucket_sadang_subway": "90-120", "reach_min_sadang_rail": 111, "reach_bucket_sadang_rail": "90-120", "reach_min_jamsil_subway": 103, "reach_bucket_jamsil_subway": "90-120", "reach_min_jamsil_rail": 103, "reach_bucket_jamsil_rail": "90-120", "reach_min_konkuk_subway": 92, "reach_bucket_konkuk_subway": "90-120", "reach_min_konkuk_rail": 92, "reach_bucket_konkuk_rail": "90-120", "reach_min_hongik_subway": 101, "reach_bucket_hongik_subway": "90-120", "reach_min_hongik_rail": 101, "reach_bucket_hongik_rail": "90-120"}}, {"type": "Feature", "geometry": {"type": "Point", "coordinates": [127.07301, 37.62561]}, "properties": {"id": "kr_176", "name": "공릉", "district": "Nowon-gu", "transit_stress_score": 5.7, "transit_stress_tier": "high", "walk_stress_score": 100.0, "walk_stress_tier": "mid", "reach_min_seoul_station_subway": 35, "reach_bucket_seoul_station_subway": "30-45", "reach_min_seoul_station_rail": 35, "reach_bucket_seoul_station_rail": "30-45", "reach_min_city_hall_subway": 34, "reach_bucket_city_hall_subway": "30-45", "reach_min_city_hall_rail": 34, "reach_bucket_city_hall_rail": "30-45", "reach_min_gangnam_subway": 43, "reach_bucket_gangnam_subway": "30-45", "reach_min_gangnam_rail": 43, "reach_bucket_gangnam_rail": "30-45", "reach_min_wangsimni_subway": 29, "reach_bucket_wangsimni_subway": "20-30", "reach_min_wangsimni_rail": 29, "reach_bucket_wangsimni_rail": "20-30", "reach_min_sadang_subway": 52, "reach_bucket_sadang_subway": "45-60", "reach_min_sadang_rail": 52, "reach_bucket_sadang_rail": "45-60", "reach_min_jamsil_subway": 49, "reach_bucket_jamsil_subway": "45-60", "reach_min_jamsil_rail": 49, "reach_bucket_jamsil_rail": "45-60", "reach_min_konkuk_subway": 38, "reach_bucket_konkuk_subway": "30-45", "reach_min_konkuk_rail": 38, "reach_bucket_konkuk_rail": "30-45", "reach_min_hongik_subway": 45, "reach_bucket_hongik_subway": "45-60", "reach_min_hongik_rail": 45, "reach_bucket_hongik_rail": "45-60"}}, {"type": "Feature", "geometry": {"type": "Point", "coordinates": [126.81137, 37.50624]}, "properties": {"id": "kr_177", "name": "까치울", "district": null, "transit_stress_score": 5.7, "transit_stress_tier": "high", "walk_stress_score": 100.0, "walk_stress_tier": "mid", "reach_min_seoul_station_subway": 35, "reach_bucket_seoul_station_subway": "30-45", "reach_min_seoul_station_rail": 35, "reach_bucket_seoul_station_rail": "30-45", "reach_min_city_hall_subway": 37, "reach_bucket_city_hall_subway": "30-45", "reach_min_city_hall_rail": 37, "reach_bucket_city_hall_rail": "30-45", "reach_min_gangnam_subway": 44, "reach_bucket_gangnam_subway": "30-45", "reach_min_gangnam_rail": 44, "reach_bucket_gangnam_rail": "30-45", "reach_min_wangsimni_subway": 49, "reach_bucket_wangsimni_subway": "45-60", "reach_min_wangsimni_rail": 49, "reach_bucket_wangsimni_rail": "45-60", "reach_min_sadang_subway": 40, "reach_bucket_sadang_subway": "30-45", "reach_min_sadang_rail": 40, "reach_bucket_sadang_rail": "30-45", "reach_min_jamsil_subway": 57, "reach_bucket_jamsil_subway": "45-60", "reach_min_jamsil_rail": 57, "reach_bucket_jamsil_rail": "45-60", "reach_min_konkuk_subway": 58, "reach_bucket_konkuk_subway": "45-60", "reach_min_konkuk_rail": 58, "reach_bucket_konkuk_rail": "45-60", "reach_min_hongik_subway": 31, "reach_bucket_hongik_subway": "30-45", "reach_min_hongik_rail": 31, "reach_bucket_hongik_rail": "30-45"}}, {"type": "Feature", "geometry": {"type": "Point", "coordinates": [127.10029, 37.5133]}, "properties": {"id": "kr_178", "name": "Jamsil(Songpa-gu Office)", "district": "Songpa-gu", "transit_stress_score": 5.7, "transit_stress_tier": "high", "walk_stress_score": 87.5, "walk_stress_tier": "very-low", "reach_min_seoul_station_subway": 35, "reach_bucket_seoul_station_subway": "30-45", "reach_min_seoul_station_rail": 35, "reach_bucket_seoul_station_rail": "30-45", "reach_min_city_hall_subway": 34, "reach_bucket_city_hall_subway": "30-45", "reach_min_city_hall_rail": 34, "reach_bucket_city_hall_rail": "30-45", "reach_min_gangnam_subway": 15, "reach_bucket_gangnam_subway": "10-20", "reach_min_gangnam_rail": 15, "reach_bucket_gangnam_rail": "10-20", "reach_min_wangsimni_subway": 20, "reach_bucket_wangsimni_subway": "20-30", "reach_min_wangsimni_rail": 20, "reach_bucket_wangsimni_rail": "20-30", "reach_min_sadang_subway": 26, "reach_bucket_sadang_subway": "20-30", "reach_min_sadang_rail": 26, "reach_bucket_sadang_rail": "20-30", "reach_min_jamsil_subway": 0, "reach_bucket_jamsil_subway": "<10", "reach_min_jamsil_rail": 0, "reach_bucket_jamsil_rail": "<10", "reach_min_konkuk_subway": 11, "reach_bucket_konkuk_subway": "10-20", "reach_min_konkuk_rail": 11, "reach_bucket_konkuk_rail": "10-20", "reach_min_hongik_subway": 45, "reach_bucket_hongik_subway": "45-60", "reach_min_hongik_rail": 45, "reach_bucket_hongik_rail": "45-60"}}, {"type": "Feature", "geometry": {"type": "Point", "coordinates": [126.86592, 37.51228]}, "properties": {"id": "kr_179", "name": "Yangcheon-gu Office", "district": "Yangcheon-gu", "transit_stress_score": 5.6, "transit_stress_tier": "high", "walk_stress_score": 100.0, "walk_stress_tier": "mid", "reach_min_seoul_station_subway": 22, "reach_bucket_seoul_station_subway": "20-30", "reach_min_seoul_station_rail": 22, "reach_bucket_seoul_station_rail": "20-30", "reach_min_city_hall_subway": 25, "reach_bucket_city_hall_subway": "20-30", "reach_min_city_hall_rail": 25, "reach_bucket_city_hall_rail": "20-30", "reach_min_gangnam_subway": 32, "reach_bucket_gangnam_subway": "30-45", "reach_min_gangnam_rail": 32, "reach_bucket_gangnam_rail": "30-45", "reach_min_wangsimni_subway": 37, "reach_bucket_wangsimni_subway": "30-45", "reach_min_wangsimni_rail": 37, "reach_bucket_wangsimni_rail": "30-45", "reach_min_sadang_subway": 28, "reach_bucket_sadang_subway": "20-30", "reach_min_sadang_rail": 28, "reach_bucket_sadang_rail": "20-30", "reach_min_jamsil_subway": 45, "reach_bucket_jamsil_subway": "45-60", "reach_min_jamsil_rail": 45, "reach_bucket_jamsil_rail": "45-60", "reach_min_konkuk_subway": 46, "reach_bucket_konkuk_subway": "45-60", "reach_min_konkuk_rail": 46, "reach_bucket_konkuk_rail": "45-60", "reach_min_hongik_subway": 19, "reach_bucket_hongik_subway": "10-20", "reach_min_hongik_rail": 19, "reach_bucket_hongik_rail": "10-20"}}, {"type": "Feature", "geometry": {"type": "Point", "coordinates": [126.93253, 37.52685]}, "properties": {"id": "kr_180", "name": "여의나루", "district": "Yeongdeungpo-gu", "transit_stress_score": 5.6, "transit_stress_tier": "high", "walk_stress_score": 100.0, "walk_stress_tier": "mid", "reach_min_seoul_station_subway": 15, "reach_bucket_seoul_station_subway": "10-20", "reach_min_seoul_station_rail": 15, "reach_bucket_seoul_station_rail": "10-20", "reach_min_city_hall_subway": 18, "reach_bucket_city_hall_subway": "10-20", "reach_min_city_hall_rail": 18, "reach_bucket_city_hall_rail": "10-20", "reach_min_gangnam_subway": 23, "reach_bucket_gangnam_subway": "20-30", "reach_min_gangnam_rail": 23, "reach_bucket_gangnam_rail": "20-30", "reach_min_wangsimni_subway": 28, "reach_bucket_wangsimni_subway": "20-30", "reach_min_wangsimni_rail": 28, "reach_bucket_wangsimni_rail": "20-30", "reach_min_sadang_subway": 19, "reach_bucket_sadang_subway": "10-20", "reach_min_sadang_rail": 19, "reach_bucket_sadang_rail": "10-20", "reach_min_jamsil_subway": 36, "reach_bucket_jamsil_subway": "30-45", "reach_min_jamsil_rail": 36, "reach_bucket_jamsil_rail": "30-45", "reach_min_konkuk_subway": 37, "reach_bucket_konkuk_subway": "30-45", "reach_min_konkuk_rail": 37, "reach_bucket_konkuk_rail": "30-45", "reach_min_hongik_subway": 14, "reach_bucket_hongik_subway": "10-20", "reach_min_hongik_rail": 14, "reach_bucket_hongik_rail": "10-20"}}, {"type": "Feature", "geometry": {"type": "Point", "coordinates": [127.06674, 37.53154]}, "properties": {"id": "kr_181", "name": "Jayang", "district": "Gwangjin-gu", "transit_stress_score": 5.6, "transit_stress_tier": "high", "walk_stress_score": 100.0, "walk_stress_tier": "mid", "reach_min_seoul_station_subway": 31, "reach_bucket_seoul_station_subway": "30-45", "reach_min_seoul_station_rail": 31, "reach_bucket_seoul_station_rail": "30-45", "reach_min_city_hall_subway": 30, "reach_bucket_city_hall_subway": "30-45", "reach_min_city_hall_rail": 30, "reach_bucket_city_hall_rail": "30-45", "reach_min_gangnam_subway": 20, "reach_bucket_gangnam_subway": "20-30", "reach_min_gangnam_rail": 20, "reach_bucket_gangnam_rail": "20-30", "reach_min_wangsimni_subway": 17, "reach_bucket_wangsimni_subway": "10-20", "reach_min_wangsimni_rail": 17, "reach_bucket_wangsimni_rail": "10-20", "reach_min_sadang_subway": 25, "reach_bucket_sadang_subway": "20-30", "reach_min_sadang_rail": 25, "reach_bucket_sadang_rail": "20-30", "reach_min_jamsil_subway": 33, "reach_bucket_jamsil_subway": "30-45", "reach_min_jamsil_rail": 33, "reach_bucket_jamsil_rail": "30-45", "reach_min_konkuk_subway": 26, "reach_bucket_konkuk_subway": "20-30", "reach_min_konkuk_rail": 26, "reach_bucket_konkuk_rail": "20-30", "reach_min_hongik_subway": 41, "reach_bucket_hongik_subway": "30-45", "reach_min_hongik_rail": 41, "reach_bucket_hongik_rail": "30-45"}}, {"type": "Feature", "geometry": {"type": "Point", "coordinates": [126.97187, 37.48436]}, "properties": {"id": "kr_182", "name": "남성", "district": "Dongjak-gu", "transit_stress_score": 5.5, "transit_stress_tier": "high", "walk_stress_score": 100.0, "walk_stress_tier": "mid", "reach_min_seoul_station_subway": 27, "reach_bucket_seoul_station_subway": "20-30", "reach_min_seoul_station_rail": 27, "reach_bucket_seoul_station_rail": "20-30", "reach_min_city_hall_subway": 30, "reach_bucket_city_hall_subway": "30-45", "reach_min_city_hall_rail": 30, "reach_bucket_city_hall_rail": "30-45", "reach_min_gangnam_subway": 15, "reach_bucket_gangnam_subway": "10-20", "reach_min_gangnam_rail": 15, "reach_bucket_gangnam_rail": "10-20", "reach_min_wangsimni_subway": 32, "reach_bucket_wangsimni_subway": "30-45", "reach_min_wangsimni_rail": 32, "reach_bucket_wangsimni_rail": "30-45", "reach_min_sadang_subway": 20, "reach_bucket_sadang_subway": "20-30", "reach_min_sadang_rail": 20, "reach_bucket_sadang_rail": "20-30", "reach_min_jamsil_subway": 28, "reach_bucket_jamsil_subway": "20-30", "reach_min_jamsil_rail": 28, "reach_bucket_jamsil_rail": "20-30", "reach_min_konkuk_subway": 39, "reach_bucket_konkuk_subway": "30-45", "reach_min_konkuk_rail": 39, "reach_bucket_konkuk_rail": "30-45", "reach_min_hongik_subway": 36, "reach_bucket_hongik_subway": "30-45", "reach_min_hongik_rail": 36, "reach_bucket_hongik_rail": "30-45"}}, {"type": "Feature", "geometry": {"type": "Point", "coordinates": [127.07112, 37.541]}, "properties": {"id": "kr_183", "name": "Konkuk Univ.", "district": "Gwangjin-gu", "transit_stress_score": 5.5, "transit_stress_tier": "high", "walk_stress_score": 75.0, "walk_stress_tier": "very-low", "reach_min_seoul_station_subway": 29, "reach_bucket_seoul_station_subway": "20-30", "reach_min_seoul_station_rail": 29, "reach_bucket_seoul_station_rail": "20-30", "reach_min_city_hall_subway": 28, "reach_bucket_city_hall_subway": "20-30", "reach_min_city_hall_rail": 28, "reach_bucket_city_hall_rail": "20-30", "reach_min_gangnam_subway": 23, "reach_bucket_gangnam_subway": "20-30", "reach_min_gangnam_rail": 23, "reach_bucket_gangnam_rail": "20-30", "reach_min_wangsimni_subway": 14, "reach_bucket_wangsimni_subway": "10-20", "reach_min_wangsimni_rail": 14, "reach_bucket_wangsimni_rail": "10-20", "reach_min_sadang_subway": 28, "reach_bucket_sadang_subway": "20-30", "reach_min_sadang_rail": 28, "reach_bucket_sadang_rail": "20-30", "reach_min_jamsil_subway": 35, "reach_bucket_jamsil_subway": "30-45", "reach_min_jamsil_rail": 35, "reach_bucket_jamsil_rail": "30-45", "reach_min_konkuk_subway": 24, "reach_bucket_konkuk_subway": "20-30", "reach_min_konkuk_rail": 24, "reach_bucket_konkuk_rail": "20-30", "reach_min_hongik_subway": 39, "reach_bucket_hongik_subway": "30-45", "reach_min_hongik_rail": 39, "reach_bucket_hongik_rail": "30-45"}}, {"type": "Feature", "geometry": {"type": "Point", "coordinates": [126.92292, 37.54776]}, "properties": {"id": "kr_184", "name": "상수", "district": "Mapo-gu", "transit_stress_score": 5.4, "transit_stress_tier": "high", "walk_stress_score": 87.5, "walk_stress_tier": "very-low", "reach_min_seoul_station_subway": 16, "reach_bucket_seoul_station_subway": "10-20", "reach_min_seoul_station_rail": 16, "reach_bucket_seoul_station_rail": "10-20", "reach_min_city_hall_subway": 19, "reach_bucket_city_hall_subway": "10-20", "reach_min_city_hall_rail": 19, "reach_bucket_city_hall_rail": "10-20", "reach_min_gangnam_subway": 30, "reach_bucket_gangnam_subway": "30-45", "reach_min_gangnam_rail": 30, "reach_bucket_gangnam_rail": "30-45", "reach_min_wangsimni_subway": 29, "reach_bucket_wangsimni_subway": "20-30", "reach_min_wangsimni_rail": 29, "reach_bucket_wangsimni_rail": "20-30", "reach_min_sadang_subway": 26, "reach_bucket_sadang_subway": "20-30", "reach_min_sadang_rail": 26, "reach_bucket_sadang_rail": "20-30", "reach_min_jamsil_subway": 43, "reach_bucket_jamsil_subway": "30-45", "reach_min_jamsil_rail": 43, "reach_bucket_jamsil_rail": "30-45", "reach_min_konkuk_subway": 38, "reach_bucket_konkuk_subway": "30-45", "reach_min_konkuk_rail": 38, "reach_bucket_konkuk_rail": "30-45", "reach_min_hongik_subway": 25, "reach_bucket_hongik_subway": "20-30", "reach_min_hongik_rail": 25, "reach_bucket_hongik_rail": "20-30"}}, {"type": "Feature", "geometry": {"type": "Point", "coordinates": [127.0744, 37.54762]}, "properties": {"id": "kr_185", "name": "어린이대공원", "district": "Gwangjin-gu", "transit_stress_score": 5.4, "transit_stress_tier": "high", "walk_stress_score": 87.5, "walk_stress_tier": "very-low", "reach_min_seoul_station_subway": 27, "reach_bucket_seoul_station_subway": "20-30", "reach_min_seoul_station_rail": 27, "reach_bucket_seoul_station_rail": "20-30", "reach_min_city_hall_subway": 26, "reach_bucket_city_hall_subway": "20-30", "reach_min_city_hall_rail": 26, "reach_bucket_city_hall_rail": "20-30", "reach_min_gangnam_subway": 25, "reach_bucket_gangnam_subway": "20-30", "reach_min_gangnam_rail": 25, "reach_bucket_gangnam_rail": "20-30", "reach_min_wangsimni_subway": 12, "reach_bucket_wangsimni_subway": "10-20", "reach_min_wangsimni_rail": 12, "reach_bucket_wangsimni_rail": "10-20", "reach_min_sadang_subway": 30, "reach_bucket_sadang_subway": "30-45", "reach_min_sadang_rail": 30, "reach_bucket_sadang_rail": "30-45", "reach_min_jamsil_subway": 33, "reach_bucket_jamsil_subway": "30-45", "reach_min_jamsil_rail": 33, "reach_bucket_jamsil_rail": "30-45", "reach_min_konkuk_subway": 22, "reach_bucket_konkuk_subway": "20-30", "reach_min_konkuk_rail": 22, "reach_bucket_konkuk_rail": "20-30", "reach_min_hongik_subway": 37, "reach_bucket_hongik_subway": "30-45", "reach_min_hongik_rail": 37, "reach_bucket_hongik_rail": "30-45"}}, {"type": "Feature", "geometry": {"type": "Point", "coordinates": [127.0561, 37.54457]}, "properties": {"id": "kr_186", "name": "Seongsu", "district": "Seongdong-gu", "transit_stress_score": 5.4, "transit_stress_tier": "high", "walk_stress_score": 100.0, "walk_stress_tier": "mid", "reach_min_seoul_station_subway": 21, "reach_bucket_seoul_station_subway": "20-30", "reach_min_seoul_station_rail": 21, "reach_bucket_seoul_station_rail": "20-30", "reach_min_city_hall_subway": 20, "reach_bucket_city_hall_subway": "20-30", "reach_min_city_hall_rail": 20, "reach_bucket_city_hall_rail": "20-30", "reach_min_gangnam_subway": 29, "reach_bucket_gangnam_subway": "20-30", "reach_min_gangnam_rail": 29, "reach_bucket_gangnam_rail": "20-30", "reach_min_wangsimni_subway": 6, "reach_bucket_wangsimni_subway": "<10", "reach_min_wangsimni_rail": 6, "reach_bucket_wangsimni_rail": "<10", "reach_min_sadang_subway": 40, "reach_bucket_sadang_subway": "30-45", "reach_min_sadang_rail": 40, "reach_bucket_sadang_rail": "30-45", "reach_min_jamsil_subway": 14, "reach_bucket_jamsil_subway": "10-20", "reach_min_jamsil_rail": 14, "reach_bucket_jamsil_rail": "10-20", "reach_min_konkuk_subway": 3, "reach_bucket_konkuk_subway": "<10", "reach_min_konkuk_rail": 3, "reach_bucket_konkuk_rail": "<10", "reach_min_hongik_subway": 31, "reach_bucket_hongik_subway": "30-45", "reach_min_hongik_rail": 31, "reach_bucket_hongik_rail": "30-45"}}, {"type": "Feature", "geometry": {"type": "Point", "coordinates": [127.06576, 37.6149]}, "properties": {"id": "kr_187", "name": "석계", "district": "Seongbuk-gu", "transit_stress_score": 5.4, "transit_stress_tier": "high", "walk_stress_score": 87.5, "walk_stress_tier": "very-low", "reach_min_seoul_station_subway": 31, "reach_bucket_seoul_station_subway": "30-45", "reach_min_seoul_station_rail": 31, "reach_bucket_seoul_station_rail": "30-45", "reach_min_city_hall_subway": 29, "reach_bucket_city_hall_subway": "20-30", "reach_min_city_hall_rail": 29, "reach_bucket_city_hall_rail": "20-30", "reach_min_gangnam_subway": 39, "reach_bucket_gangnam_subway": "30-45", "reach_min_gangnam_rail": 39, "reach_bucket_gangnam_rail": "30-45", "reach_min_wangsimni_subway": 26, "reach_bucket_wangsimni_subway": "20-30", "reach_min_wangsimni_rail": 26, "reach_bucket_wangsimni_rail": "20-30", "reach_min_sadang_subway": 48, "reach_bucket_sadang_subway": "45-60", "reach_min_sadang_rail": 48, "reach_bucket_sadang_rail": "45-60", "reach_min_jamsil_subway": 47, "reach_bucket_jamsil_subway": "45-60", "reach_min_jamsil_rail": 47, "reach_bucket_jamsil_rail": "45-60", "reach_min_konkuk_subway": 36, "reach_bucket_konkuk_subway": "30-45", "reach_min_konkuk_rail": 36, "reach_bucket_konkuk_rail": "30-45", "reach_min_hongik_subway": 41, "reach_bucket_hongik_subway": "30-45", "reach_min_hongik_rail": 41, "reach_bucket_hongik_rail": "30-45"}}, {"type": "Feature", "geometry": {"type": "Point", "coordinates": [126.91877, 37.63685]}, "properties": {"id": "kr_188", "name": "Gupabal", "district": "Eunpyeong-gu", "transit_stress_score": 5.4, "transit_stress_tier": "high", "walk_stress_score": 87.5, "walk_stress_tier": "very-low", "reach_min_seoul_station_subway": 32, "reach_bucket_seoul_station_subway": "30-45", "reach_min_seoul_station_rail": 32, "reach_bucket_seoul_station_rail": "30-45", "reach_min_city_hall_subway": 29, "reach_bucket_city_hall_subway": "20-30", "reach_min_city_hall_rail": 29, "reach_bucket_city_hall_rail": "20-30", "reach_min_gangnam_subway": 49, "reach_bucket_gangnam_subway": "45-60", "reach_min_gangnam_rail": 49, "reach_bucket_gangnam_rail": "45-60", "reach_min_wangsimni_subway": 35, "reach_bucket_wangsimni_subway": "30-45", "reach_min_wangsimni_rail": 35, "reach_bucket_wangsimni_rail": "30-45", "reach_min_sadang_subway": 51, "reach_bucket_sadang_subway": "45-60", "reach_min_sadang_rail": 51, "reach_bucket_sadang_rail": "45-60", "reach_min_jamsil_subway": 55, "reach_bucket_jamsil_subway": "45-60", "reach_min_jamsil_rail": 55, "reach_bucket_jamsil_rail": "45-60", "reach_min_konkuk_subway": 44, "reach_bucket_konkuk_subway": "30-45", "reach_min_konkuk_rail": 44, "reach_bucket_konkuk_rail": "30-45", "reach_min_hongik_subway": 40, "reach_bucket_hongik_subway": "30-45", "reach_min_hongik_rail": 40, "reach_bucket_hongik_rail": "30-45"}}, {"type": "Feature", "geometry": {"type": "Point", "coordinates": [126.80143, 37.56203]}, "properties": {"id": "kr_189", "name": "Gimpo Int'l Airport", "district": "Gangseo-gu", "transit_stress_score": 5.4, "transit_stress_tier": "high", "walk_stress_score": 100.0, "walk_stress_tier": "mid", "reach_min_seoul_station_subway": 40, "reach_bucket_seoul_station_subway": "30-45", "reach_min_seoul_station_rail": 40, "reach_bucket_seoul_station_rail": "30-45", "reach_min_city_hall_subway": 38, "reach_bucket_city_hall_subway": "30-45", "reach_min_city_hall_rail": 38, "reach_bucket_city_hall_rail": "30-45", "reach_min_gangnam_subway": 46, "reach_bucket_gangnam_subway": "45-60", "reach_min_gangnam_rail": 46, "reach_bucket_gangnam_rail": "45-60", "reach_min_wangsimni_subway": 52, "reach_bucket_wangsimni_subway": "45-60", "reach_min_wangsimni_rail": 52, "reach_bucket_wangsimni_rail": "45-60", "reach_min_sadang_subway": 42, "reach_bucket_sadang_subway": "30-45", "reach_min_sadang_rail": 42, "reach_bucket_sadang_rail": "30-45", "reach_min_jamsil_subway": 59, "reach_bucket_jamsil_subway": "45-60", "reach_min_jamsil_rail": 59, "reach_bucket_jamsil_rail": "45-60", "reach_min_konkuk_subway": 61, "reach_bucket_konkuk_subway": "60-90", "reach_min_konkuk_rail": 61, "reach_bucket_konkuk_rail": "60-90", "reach_min_hongik_subway": 27, "reach_bucket_hongik_subway": "20-30", "reach_min_hongik_rail": 27, "reach_bucket_hongik_rail": "20-30"}}, {"type": "Feature", "geometry": {"type": "Point", "coordinates": [126.75371, 37.48763]}, "properties": {"id": "kr_190", "name": "송내", "district": null, "transit_stress_score": 5.2, "transit_stress_tier": "mid", "walk_stress_score": 87.5, "walk_stress_tier": "very-low", "reach_min_seoul_station_subway": 42, "reach_bucket_seoul_station_subway": "30-45", "reach_min_seoul_station_rail": 42, "reach_bucket_seoul_station_rail": "30-45", "reach_min_city_hall_subway": 45, "reach_bucket_city_hall_subway": "45-60", "reach_min_city_hall_rail": 45, "reach_bucket_city_hall_rail": "45-60", "reach_min_gangnam_subway": 52, "reach_bucket_gangnam_subway": "45-60", "reach_min_gangnam_rail": 52, "reach_bucket_gangnam_rail": "45-60", "reach_min_wangsimni_subway": 57, "reach_bucket_wangsimni_subway": "45-60", "reach_min_wangsimni_rail": 57, "reach_bucket_wangsimni_rail": "45-60", "reach_min_sadang_subway": 48, "reach_bucket_sadang_subway": "45-60", "reach_min_sadang_rail": 48, "reach_bucket_sadang_rail": "45-60", "reach_min_jamsil_subway": 65, "reach_bucket_jamsil_subway": "60-90", "reach_min_jamsil_rail": 65, "reach_bucket_jamsil_rail": "60-90", "reach_min_konkuk_subway": 66, "reach_bucket_konkuk_subway": "60-90", "reach_min_konkuk_rail": 66, "reach_bucket_konkuk_rail": "60-90", "reach_min_hongik_subway": 39, "reach_bucket_hongik_subway": "30-45", "reach_min_hongik_rail": 39, "reach_bucket_hongik_rail": "30-45"}}, {"type": "Feature", "geometry": {"type": "Point", "coordinates": [127.10384, 37.52067]}, "properties": {"id": "kr_191", "name": "Jamsillaru", "district": "Songpa-gu", "transit_stress_score": 5.2, "transit_stress_tier": "mid", "walk_stress_score": 87.5, "walk_stress_tier": "very-low", "reach_min_seoul_station_subway": 33, "reach_bucket_seoul_station_subway": "30-45", "reach_min_seoul_station_rail": 33, "reach_bucket_seoul_station_rail": "30-45", "reach_min_city_hall_subway": 32, "reach_bucket_city_hall_subway": "30-45", "reach_min_city_hall_rail": 32, "reach_bucket_city_hall_rail": "30-45", "reach_min_gangnam_subway": 17, "reach_bucket_gangnam_subway": "10-20", "reach_min_gangnam_rail": 17, "reach_bucket_gangnam_rail": "10-20", "reach_min_wangsimni_subway": 18, "reach_bucket_wangsimni_subway": "10-20", "reach_min_wangsimni_rail": 18, "reach_bucket_wangsimni_rail": "10-20", "reach_min_sadang_subway": 28, "reach_bucket_sadang_subway": "20-30", "reach_min_sadang_rail": 28, "reach_bucket_sadang_rail": "20-30", "reach_min_jamsil_subway": 2, "reach_bucket_jamsil_subway": "<10", "reach_min_jamsil_rail": 2, "reach_bucket_jamsil_rail": "<10", "reach_min_konkuk_subway": 9, "reach_bucket_konkuk_subway": "<10", "reach_min_konkuk_rail": 9, "reach_bucket_konkuk_rail": "<10", "reach_min_hongik_subway": 43, "reach_bucket_hongik_subway": "30-45", "reach_min_hongik_rail": 43, "reach_bucket_hongik_rail": "30-45"}}, {"type": "Feature", "geometry": {"type": "Point", "coordinates": [126.91884, 37.63686]}, "properties": {"id": "kr_192", "name": "구파발", "district": "Eunpyeong-gu", "transit_stress_score": 5.1, "transit_stress_tier": "mid", "walk_stress_score": 87.5, "walk_stress_tier": "very-low", "reach_min_seoul_station_subway": 31, "reach_bucket_seoul_station_subway": "30-45", "reach_min_seoul_station_rail": 31, "reach_bucket_seoul_station_rail": "30-45", "reach_min_city_hall_subway": 29, "reach_bucket_city_hall_subway": "20-30", "reach_min_city_hall_rail": 29, "reach_bucket_city_hall_rail": "20-30", "reach_min_gangnam_subway": 48, "reach_bucket_gangnam_subway": "45-60", "reach_min_gangnam_rail": 48, "reach_bucket_gangnam_rail": "45-60", "reach_min_wangsimni_subway": 35, "reach_bucket_wangsimni_subway": "30-45", "reach_min_wangsimni_rail": 35, "reach_bucket_wangsimni_rail": "30-45", "reach_min_sadang_subway": 51, "reach_bucket_sadang_subway": "45-60", "reach_min_sadang_rail": 51, "reach_bucket_sadang_rail": "45-60", "reach_min_jamsil_subway": 55, "reach_bucket_jamsil_subway": "45-60", "reach_min_jamsil_rail": 55, "reach_bucket_jamsil_rail": "45-60", "reach_min_konkuk_subway": 44, "reach_bucket_konkuk_subway": "30-45", "reach_min_konkuk_rail": 44, "reach_bucket_konkuk_rail": "30-45", "reach_min_hongik_subway": 40, "reach_bucket_hongik_subway": "30-45", "reach_min_hongik_rail": 40, "reach_bucket_hongik_rail": "30-45"}}, {"type": "Feature", "geometry": {"type": "Point", "coordinates": [126.94598, 37.53962]}, "properties": {"id": "kr_193", "name": "마포", "district": "Mapo-gu", "transit_stress_score": 5.1, "transit_stress_tier": "mid", "walk_stress_score": 87.5, "walk_stress_tier": "very-low", "reach_min_seoul_station_subway": 12, "reach_bucket_seoul_station_subway": "10-20", "reach_min_seoul_station_rail": 12, "reach_bucket_seoul_station_rail": "10-20", "reach_min_city_hall_subway": 14, "reach_bucket_city_hall_subway": "10-20", "reach_min_city_hall_rail": 14, "reach_bucket_city_hall_rail": "10-20", "reach_min_gangnam_subway": 26, "reach_bucket_gangnam_subway": "20-30", "reach_min_gangnam_rail": 26, "reach_bucket_gangnam_rail": "20-30", "reach_min_wangsimni_subway": 24, "reach_bucket_wangsimni_subway": "20-30", "reach_min_wangsimni_rail": 24, "reach_bucket_wangsimni_rail": "20-30", "reach_min_sadang_subway": 22, "reach_bucket_sadang_subway": "20-30", "reach_min_sadang_rail": 22, "reach_bucket_sadang_rail": "20-30", "reach_min_jamsil_subway": 39, "reach_bucket_jamsil_subway": "30-45", "reach_min_jamsil_rail": 39, "reach_bucket_jamsil_rail": "30-45", "reach_min_konkuk_subway": 33, "reach_bucket_konkuk_subway": "30-45", "reach_min_konkuk_rail": 33, "reach_bucket_konkuk_rail": "30-45", "reach_min_hongik_subway": 18, "reach_bucket_hongik_subway": "10-20", "reach_min_hongik_rail": 18, "reach_bucket_hongik_rail": "10-20"}}, {"type": "Feature", "geometry": {"type": "Point", "coordinates": [126.83893, 37.48635]}, "properties": {"id": "kr_194", "name": "천왕", "district": "Guro-gu", "transit_stress_score": 5.0, "transit_stress_tier": "mid", "walk_stress_score": 100.0, "walk_stress_tier": "mid", "reach_min_seoul_station_subway": 34, "reach_bucket_seoul_station_subway": "30-45", "reach_min_seoul_station_rail": 34, "reach_bucket_seoul_station_rail": "30-45", "reach_min_city_hall_subway": 37, "reach_bucket_city_hall_subway": "30-45", "reach_min_city_hall_rail": 37, "reach_bucket_city_hall_rail": "30-45", "reach_min_gangnam_subway": 44, "reach_bucket_gangnam_subway": "30-45", "reach_min_gangnam_rail": 44, "reach_bucket_gangnam_rail": "30-45", "reach_min_wangsimni_subway": 48, "reach_bucket_wangsimni_subway": "45-60", "reach_min_wangsimni_rail": 48, "reach_bucket_wangsimni_rail": "45-60", "reach_min_sadang_subway": 39, "reach_bucket_sadang_subway": "30-45", "reach_min_sadang_rail": 39, "reach_bucket_sadang_rail": "30-45", "reach_min_jamsil_subway": 57, "reach_bucket_jamsil_subway": "45-60", "reach_min_jamsil_rail": 57, "reach_bucket_jamsil_rail": "45-60", "reach_min_konkuk_subway": 58, "reach_bucket_konkuk_subway": "45-60", "reach_min_konkuk_rail": 58, "reach_bucket_konkuk_rail": "45-60", "reach_min_hongik_subway": 31, "reach_bucket_hongik_subway": "30-45", "reach_min_hongik_rail": 31, "reach_bucket_hongik_rail": "30-45"}}, {"type": "Feature", "geometry": {"type": "Point", "coordinates": [127.05531, 37.67787]}, "properties": {"id": "kr_195", "name": "수락산", "district": "Nowon-gu", "transit_stress_score": 4.9, "transit_stress_tier": "mid", "walk_stress_score": 100.0, "walk_stress_tier": "mid", "reach_min_seoul_station_subway": 48, "reach_bucket_seoul_station_subway": "45-60", "reach_min_seoul_station_rail": 48, "reach_bucket_seoul_station_rail": "45-60", "reach_min_city_hall_subway": 47, "reach_bucket_city_hall_subway": "45-60", "reach_min_city_hall_rail": 47, "reach_bucket_city_hall_rail": "45-60", "reach_min_gangnam_subway": 56, "reach_bucket_gangnam_subway": "45-60", "reach_min_gangnam_rail": 56, "reach_bucket_gangnam_rail": "45-60", "reach_min_wangsimni_subway": 42, "reach_bucket_wangsimni_subway": "30-45", "reach_min_wangsimni_rail": 42, "reach_bucket_wangsimni_rail": "30-45", "reach_min_sadang_subway": 65, "reach_bucket_sadang_subway": "60-90", "reach_min_sadang_rail": 65, "reach_bucket_sadang_rail": "60-90", "reach_min_jamsil_subway": 60, "reach_bucket_jamsil_subway": "60-90", "reach_min_jamsil_rail": 60, "reach_bucket_jamsil_rail": "60-90", "reach_min_konkuk_subway": 49, "reach_bucket_konkuk_subway": "45-60", "reach_min_konkuk_rail": 49, "reach_bucket_konkuk_rail": "45-60", "reach_min_hongik_subway": 58, "reach_bucket_hongik_subway": "45-60", "reach_min_hongik_rail": 58, "reach_bucket_hongik_rail": "45-60"}}, {"type": "Feature", "geometry": {"type": "Point", "coordinates": [127.09472, 37.53514]}, "properties": {"id": "kr_196", "name": "Gangbyeon(Dongseoul Bus Terminal)", "district": "Gwangjin-gu", "transit_stress_score": 4.9, "transit_stress_tier": "mid", "walk_stress_score": 87.5, "walk_stress_tier": "very-low", "reach_min_seoul_station_subway": 29, "reach_bucket_seoul_station_subway": "20-30", "reach_min_seoul_station_rail": 29, "reach_bucket_seoul_station_rail": "20-30", "reach_min_city_hall_subway": 28, "reach_bucket_city_hall_subway": "20-30", "reach_min_city_hall_rail": 28, "reach_bucket_city_hall_rail": "20-30", "reach_min_gangnam_subway": 21, "reach_bucket_gangnam_subway": "20-30", "reach_min_gangnam_rail": 21, "reach_bucket_gangnam_rail": "20-30", "reach_min_wangsimni_subway": 14, "reach_bucket_wangsimni_subway": "10-20", "reach_min_wangsimni_rail": 14, "reach_bucket_wangsimni_rail": "10-20", "reach_min_sadang_subway": 32, "reach_bucket_sadang_subway": "30-45", "reach_min_sadang_rail": 32, "reach_bucket_sadang_rail": "30-45", "reach_min_jamsil_subway": 6, "reach_bucket_jamsil_subway": "<10", "reach_min_jamsil_rail": 6, "reach_bucket_jamsil_rail": "<10", "reach_min_konkuk_subway": 5, "reach_bucket_konkuk_subway": "<10", "reach_min_konkuk_rail": 5, "reach_bucket_konkuk_rail": "<10", "reach_min_hongik_subway": 39, "reach_bucket_hongik_subway": "30-45", "reach_min_hongik_rail": 39, "reach_bucket_hongik_rail": "30-45"}}, {"type": "Feature", "geometry": {"type": "Point", "coordinates": [127.06823, 37.63598]}, "properties": {"id": "kr_197", "name": "하계", "district": "Nowon-gu", "transit_stress_score": 4.9, "transit_stress_tier": "mid", "walk_stress_score": 100.0, "walk_stress_tier": "mid", "reach_min_seoul_station_subway": 37, "reach_bucket_seoul_station_subway": "30-45", "reach_min_seoul_station_rail": 37, "reach_bucket_seoul_station_rail": "30-45", "reach_min_city_hall_subway": 36, "reach_bucket_city_hall_subway": "30-45", "reach_min_city_hall_rail": 36, "reach_bucket_city_hall_rail": "30-45", "reach_min_gangnam_subway": 46, "reach_bucket_gangnam_subway": "45-60", "reach_min_gangnam_rail": 46, "reach_bucket_gangnam_rail": "45-60", "reach_min_wangsimni_subway": 32, "reach_bucket_wangsimni_subway": "30-45", "reach_min_wangsimni_rail": 32, "reach_bucket_wangsimni_rail": "30-45", "reach_min_sadang_subway": 54, "reach_bucket_sadang_subway": "45-60", "reach_min_sadang_rail": 54, "reach_bucket_sadang_rail": "45-60", "reach_min_jamsil_subway": 52, "reach_bucket_jamsil_subway": "45-60", "reach_min_jamsil_rail": 52, "reach_bucket_jamsil_rail": "45-60", "reach_min_konkuk_subway": 41, "reach_bucket_konkuk_subway": "30-45", "reach_min_konkuk_rail": 41, "reach_bucket_konkuk_rail": "30-45", "reach_min_hongik_subway": 48, "reach_bucket_hongik_subway": "45-60", "reach_min_hongik_rail": 48, "reach_bucket_hongik_rail": "45-60"}}, {"type": "Feature", "geometry": {"type": "Point", "coordinates": [126.811, 37.63169]}, "properties": {"id": "kr_198", "name": "Daegok", "district": null, "transit_stress_score": 4.8, "transit_stress_tier": "mid", "walk_stress_score": 100.0, "walk_stress_tier": "mid", "reach_min_seoul_station_subway": 56, "reach_bucket_seoul_station_subway": "45-60", "reach_min_seoul_station_rail": 56, "reach_bucket_seoul_station_rail": "45-60", "reach_min_city_hall_subway": 53, "reach_bucket_city_hall_subway": "45-60", "reach_min_city_hall_rail": 53, "reach_bucket_city_hall_rail": "45-60", "reach_min_gangnam_subway": 73, "reach_bucket_gangnam_subway": "60-90", "reach_min_gangnam_rail": 73, "reach_bucket_gangnam_rail": "60-90", "reach_min_wangsimni_subway": 60, "reach_bucket_wangsimni_subway": "60-90", "reach_min_wangsimni_rail": 60, "reach_bucket_wangsimni_rail": "60-90", "reach_min_sadang_subway": 76, "reach_bucket_sadang_subway": "60-90", "reach_min_sadang_rail": 76, "reach_bucket_sadang_rail": "60-90", "reach_min_jamsil_subway": 80, "reach_bucket_jamsil_subway": "60-90", "reach_min_jamsil_rail": 80, "reach_bucket_jamsil_rail": "60-90", "reach_min_konkuk_subway": 69, "reach_bucket_konkuk_subway": "60-90", "reach_min_konkuk_rail": 69, "reach_bucket_konkuk_rail": "60-90", "reach_min_hongik_subway": 65, "reach_bucket_hongik_subway": "60-90", "reach_min_hongik_rail": 65, "reach_bucket_hongik_rail": "60-90"}}, {"type": "Feature", "geometry": {"type": "Point", "coordinates": [127.06344, 37.65636]}, "properties": {"id": "kr_199", "name": "Nowon", "district": "Nowon-gu", "transit_stress_score": 4.8, "transit_stress_tier": "mid", "walk_stress_score": 87.5, "walk_stress_tier": "very-low", "reach_min_seoul_station_subway": 38, "reach_bucket_seoul_station_subway": "30-45", "reach_min_seoul_station_rail": 38, "reach_bucket_seoul_station_rail": "30-45", "reach_min_city_hall_subway": 36, "reach_bucket_city_hall_subway": "30-45", "reach_min_city_hall_rail": 36, "reach_bucket_city_hall_rail": "30-45", "reach_min_gangnam_subway": 50, "reach_bucket_gangnam_subway": "45-60", "reach_min_gangnam_rail": 50, "reach_bucket_gangnam_rail": "45-60", "reach_min_wangsimni_subway": 36, "reach_bucket_wangsimni_subway": "30-45", "reach_min_wangsimni_rail": 36, "reach_bucket_wangsimni_rail": "30-45", "reach_min_sadang_subway": 58, "reach_bucket_sadang_subway": "45-60", "reach_min_sadang_rail": 58, "reach_bucket_sadang_rail": "45-60", "reach_min_jamsil_subway": 56, "reach_bucket_jamsil_subway": "45-60", "reach_min_jamsil_rail": 56, "reach_bucket_jamsil_rail": "45-60", "reach_min_konkuk_subway": 45, "reach_bucket_konkuk_subway": "45-60", "reach_min_konkuk_rail": 45, "reach_bucket_konkuk_rail": "45-60", "reach_min_hongik_subway": 47, "reach_bucket_hongik_subway": "45-60", "reach_min_hongik_rail": 47, "reach_bucket_hongik_rail": "45-60"}}, {"type": "Feature", "geometry": {"type": "Point", "coordinates": [127.13731, 37.55706]}, "properties": {"id": "kr_200", "name": "Amsa History Park", "district": "Gangdong-gu", "transit_stress_score": 4.8, "transit_stress_tier": "mid", "walk_stress_score": 100.0, "walk_stress_tier": "mid", "reach_min_seoul_station_subway": 39, "reach_bucket_seoul_station_subway": "30-45", "reach_min_seoul_station_rail": 39, "reach_bucket_seoul_station_rail": "30-45", "reach_min_city_hall_subway": 38, "reach_bucket_city_hall_subway": "30-45", "reach_min_city_hall_rail": 38, "reach_bucket_city_hall_rail": "30-45", "reach_min_gangnam_subway": 32, "reach_bucket_gangnam_subway": "30-45", "reach_min_gangnam_rail": 32, "reach_bucket_gangnam_rail": "30-45", "reach_min_wangsimni_subway": 25, "reach_bucket_wangsimni_subway": "20-30", "reach_min_wangsimni_rail": 25, "reach_bucket_wangsimni_rail": "20-30", "reach_min_sadang_subway": 42, "reach_bucket_sadang_subway": "30-45", "reach_min_sadang_rail": 42, "reach_bucket_sadang_rail": "30-45", "reach_min_jamsil_subway": 26, "reach_bucket_jamsil_subway": "20-30", "reach_min_jamsil_rail": 26, "reach_bucket_jamsil_rail": "20-30", "reach_min_konkuk_subway": 34, "reach_bucket_konkuk_subway": "30-45", "reach_min_konkuk_rail": 34, "reach_bucket_konkuk_rail": "30-45", "reach_min_hongik_subway": 50, "reach_bucket_hongik_subway": "45-60", "reach_min_hongik_rail": 50, "reach_bucket_hongik_rail": "45-60"}}, {"type": "Feature", "geometry": {"type": "Point", "coordinates": [127.14991, 37.45687]}, "properties": {"id": "kr_201", "name": "Sanseong", "district": null, "transit_stress_score": 4.8, "transit_stress_tier": "mid", "walk_stress_score": 100.0, "walk_stress_tier": "mid", "reach_min_seoul_station_subway": 54, "reach_bucket_seoul_station_subway": "45-60", "reach_min_seoul_station_rail": 54, "reach_bucket_seoul_station_rail": "45-60", "reach_min_city_hall_subway": 55, "reach_bucket_city_hall_subway": "45-60", "reach_min_city_hall_rail": 55, "reach_bucket_city_hall_rail": "45-60", "reach_min_gangnam_subway": 32, "reach_bucket_gangnam_subway": "30-45", "reach_min_gangnam_rail": 32, "reach_bucket_gangnam_rail": "30-45", "reach_min_wangsimni_subway": 45, "reach_bucket_wangsimni_subway": "45-60", "reach_min_wangsimni_rail": 45, "reach_bucket_wangsimni_rail": "45-60", "reach_min_sadang_subway": 43, "reach_bucket_sadang_subway": "30-45", "reach_min_sadang_rail": 43, "reach_bucket_sadang_rail": "30-45", "reach_min_jamsil_subway": 27, "reach_bucket_jamsil_subway": "20-30", "reach_min_jamsil_rail": 27, "reach_bucket_jamsil_rail": "20-30", "reach_min_konkuk_subway": 38, "reach_bucket_konkuk_subway": "30-45", "reach_min_konkuk_rail": 38, "reach_bucket_konkuk_rail": "30-45", "reach_min_hongik_subway": 62, "reach_bucket_hongik_subway": "60-90", "reach_min_hongik_rail": 62, "reach_bucket_hongik_rail": "60-90"}}, {"type": "Feature", "geometry": {"type": "Point", "coordinates": [127.10281, 37.33788]}, "properties": {"id": "kr_202", "name": "Dongcheon", "district": null, "transit_stress_score": 4.8, "transit_stress_tier": "mid", "walk_stress_score": 100.0, "walk_stress_tier": "mid", "reach_min_seoul_station_subway": 64, "reach_bucket_seoul_station_subway": "60-90", "reach_min_seoul_station_rail": 64, "reach_bucket_seoul_station_rail": "60-90", "reach_min_city_hall_subway": 66, "reach_bucket_city_hall_subway": "60-90", "reach_min_city_hall_rail": 66, "reach_bucket_city_hall_rail": "60-90", "reach_min_gangnam_subway": 40, "reach_bucket_gangnam_subway": "30-45", "reach_min_gangnam_rail": 40, "reach_bucket_gangnam_rail": "30-45", "reach_min_wangsimni_subway": 64, "reach_bucket_wangsimni_subway": "60-90", "reach_min_wangsimni_rail": 64, "reach_bucket_wangsimni_rail": "60-90", "reach_min_sadang_subway": 51, "reach_bucket_sadang_subway": "45-60", "reach_min_sadang_rail": 51, "reach_bucket_sadang_rail": "45-60", "reach_min_jamsil_subway": 55, "reach_bucket_jamsil_subway": "45-60", "reach_min_jamsil_rail": 55, "reach_bucket_jamsil_rail": "45-60", "reach_min_konkuk_subway": 67, "reach_bucket_konkuk_subway": "60-90", "reach_min_konkuk_rail": 67, "reach_bucket_konkuk_rail": "60-90", "reach_min_hongik_subway": 73, "reach_bucket_hongik_subway": "60-90", "reach_min_hongik_rail": 73, "reach_bucket_hongik_rail": "60-90"}}, {"type": "Feature", "geometry": {"type": "Point", "coordinates": [127.34628, 37.3505]}, "properties": {"id": "kr_203", "name": "곤지암", "district": null, "transit_stress_score": 4.8, "transit_stress_tier": "mid", "walk_stress_score": 100.0, "walk_stress_tier": "mid", "reach_min_seoul_station_subway": 95, "reach_bucket_seoul_station_subway": "90-120", "reach_min_seoul_station_rail": 95, "reach_bucket_seoul_station_rail": "90-120", "reach_min_city_hall_subway": 97, "reach_bucket_city_hall_subway": "90-120", "reach_min_city_hall_rail": 97, "reach_bucket_city_hall_rail": "90-120", "reach_min_gangnam_subway": 71, "reach_bucket_gangnam_subway": "60-90", "reach_min_gangnam_rail": 71, "reach_bucket_gangnam_rail": "60-90", "reach_min_wangsimni_subway": 95, "reach_bucket_wangsimni_subway": "90-120", "reach_min_wangsimni_rail": 95, "reach_bucket_wangsimni_rail": "90-120", "reach_min_sadang_subway": 81, "reach_bucket_sadang_subway": "60-90", "reach_min_sadang_rail": 81, "reach_bucket_sadang_rail": "60-90", "reach_min_jamsil_subway": 86, "reach_bucket_jamsil_subway": "60-90", "reach_min_jamsil_rail": 86, "reach_bucket_jamsil_rail": "60-90", "reach_min_konkuk_subway": 97, "reach_bucket_konkuk_subway": "90-120", "reach_min_konkuk_rail": 97, "reach_bucket_konkuk_rail": "90-120", "reach_min_hongik_subway": 103, "reach_bucket_hongik_subway": "90-120", "reach_min_hongik_rail": 103, "reach_bucket_hongik_rail": "90-120"}}, {"type": "Feature", "geometry": {"type": "Point", "coordinates": [127.12136, 36.79375]}, "properties": {"id": "kr_204", "name": "Ssangyong", "district": null, "transit_stress_score": 4.8, "transit_stress_tier": "mid", "walk_stress_score": 100.0, "walk_stress_tier": "mid", "reach_min_seoul_station_subway": 120, "reach_bucket_seoul_station_subway": "120+", "reach_min_seoul_station_rail": 56, "reach_bucket_seoul_station_rail": "45-60", "reach_min_city_hall_subway": 120, "reach_bucket_city_hall_subway": "120+", "reach_min_city_hall_rail": 59, "reach_bucket_city_hall_rail": "45-60", "reach_min_gangnam_subway": 120, "reach_bucket_gangnam_subway": "120+", "reach_min_gangnam_rail": 74, "reach_bucket_gangnam_rail": "60-90", "reach_min_wangsimni_subway": 120, "reach_bucket_wangsimni_subway": "120+", "reach_min_wangsimni_rail": 71, "reach_bucket_wangsimni_rail": "60-90", "reach_min_sadang_subway": 120, "reach_bucket_sadang_subway": "120+", "reach_min_sadang_rail": 74, "reach_bucket_sadang_rail": "60-90", "reach_min_jamsil_subway": 120, "reach_bucket_jamsil_subway": "120+", "reach_min_jamsil_rail": 72, "reach_bucket_jamsil_rail": "60-90", "reach_min_konkuk_subway": 120, "reach_bucket_konkuk_subway": "120+", "reach_min_konkuk_rail": 80, "reach_bucket_konkuk_rail": "60-90", "reach_min_hongik_subway": 120, "reach_bucket_hongik_subway": "120+", "reach_min_hongik_rail": 70, "reach_bucket_hongik_rail": "60-90"}}, {"type": "Feature", "geometry": {"type": "Point", "coordinates": [127.17612, 37.55754]}, "properties": {"id": "kr_205", "name": "Gangil", "district": "Gangdong-gu", "transit_stress_score": 4.8, "transit_stress_tier": "mid", "walk_stress_score": 100.0, "walk_stress_tier": "mid", "reach_min_seoul_station_subway": 48, "reach_bucket_seoul_station_subway": "45-60", "reach_min_seoul_station_rail": 48, "reach_bucket_seoul_station_rail": "45-60", "reach_min_city_hall_subway": 47, "reach_bucket_city_hall_subway": "45-60", "reach_min_city_hall_rail": 47, "reach_bucket_city_hall_rail": "45-60", "reach_min_gangnam_subway": 38, "reach_bucket_gangnam_subway": "30-45", "reach_min_gangnam_rail": 38, "reach_bucket_gangnam_rail": "30-45", "reach_min_wangsimni_subway": 34, "reach_bucket_wangsimni_subway": "30-45", "reach_min_wangsimni_rail": 34, "reach_bucket_wangsimni_rail": "30-45", "reach_min_sadang_subway": 49, "reach_bucket_sadang_subway": "45-60", "reach_min_sadang_rail": 49, "reach_bucket_sadang_rail": "45-60", "reach_min_jamsil_subway": 33, "reach_bucket_jamsil_subway": "30-45", "reach_min_jamsil_rail": 33, "reach_bucket_jamsil_rail": "30-45", "reach_min_konkuk_subway": 43, "reach_bucket_konkuk_subway": "30-45", "reach_min_konkuk_rail": 43, "reach_bucket_konkuk_rail": "30-45", "reach_min_hongik_subway": 59, "reach_bucket_hongik_subway": "45-60", "reach_min_hongik_rail": 59, "reach_bucket_hongik_rail": "45-60"}}, {"type": "Feature", "geometry": {"type": "Point", "coordinates": [126.79726, 37.50545]}, "properties": {"id": "kr_206", "name": "부천종합운동장", "district": null, "transit_stress_score": 4.8, "transit_stress_tier": "mid", "walk_stress_score": 100.0, "walk_stress_tier": "mid", "reach_min_seoul_station_subway": 37, "reach_bucket_seoul_station_subway": "30-45", "reach_min_seoul_station_rail": 37, "reach_bucket_seoul_station_rail": "30-45", "reach_min_city_hall_subway": 40, "reach_bucket_city_hall_subway": "30-45", "reach_min_city_hall_rail": 40, "reach_bucket_city_hall_rail": "30-45", "reach_min_gangnam_subway": 47, "reach_bucket_gangnam_subway": "45-60", "reach_min_gangnam_rail": 47, "reach_bucket_gangnam_rail": "45-60", "reach_min_wangsimni_subway": 52, "reach_bucket_wangsimni_subway": "45-60", "reach_min_wangsimni_rail": 52, "reach_bucket_wangsimni_rail": "45-60", "reach_min_sadang_subway": 43, "reach_bucket_sadang_subway": "30-45", "reach_min_sadang_rail": 43, "reach_bucket_sadang_rail": "30-45", "reach_min_jamsil_subway": 60, "reach_bucket_jamsil_subway": "60-90", "reach_min_jamsil_rail": 60, "reach_bucket_jamsil_rail": "60-90", "reach_min_konkuk_subway": 61, "reach_bucket_konkuk_subway": "60-90", "reach_min_konkuk_rail": 61, "reach_bucket_konkuk_rail": "60-90", "reach_min_hongik_subway": 34, "reach_bucket_hongik_subway": "30-45", "reach_min_hongik_rail": 34, "reach_bucket_hongik_rail": "30-45"}}, {"type": "Feature", "geometry": {"type": "Point", "coordinates": [127.10352, 37.5143]}, "properties": {"id": "kr_207", "name": "잠실", "district": "Songpa-gu", "transit_stress_score": 4.8, "transit_stress_tier": "mid", "walk_stress_score": 75.0, "walk_stress_tier": "very-low", "reach_min_seoul_station_subway": 40, "reach_bucket_seoul_station_subway": "30-45", "reach_min_seoul_station_rail": 40, "reach_bucket_seoul_station_rail": "30-45", "reach_min_city_hall_subway": 40, "reach_bucket_city_hall_subway": "30-45", "reach_min_city_hall_rail": 40, "reach_bucket_city_hall_rail": "30-45", "reach_min_gangnam_subway": 18, "reach_bucket_gangnam_subway": "10-20", "reach_min_gangnam_rail": 18, "reach_bucket_gangnam_rail": "10-20", "reach_min_wangsimni_subway": 27, "reach_bucket_wangsimni_subway": "20-30", "reach_min_wangsimni_rail": 27, "reach_bucket_wangsimni_rail": "20-30", "reach_min_sadang_subway": 29, "reach_bucket_sadang_subway": "20-30", "reach_min_sadang_rail": 29, "reach_bucket_sadang_rail": "20-30", "reach_min_jamsil_subway": 13, "reach_bucket_jamsil_subway": "10-20", "reach_min_jamsil_rail": 13, "reach_bucket_jamsil_rail": "10-20", "reach_min_konkuk_subway": 24, "reach_bucket_konkuk_subway": "20-30", "reach_min_konkuk_rail": 24, "reach_bucket_konkuk_rail": "20-30", "reach_min_hongik_subway": 49, "reach_bucket_hongik_subway": "45-60", "reach_min_hongik_rail": 49, "reach_bucket_hongik_rail": "45-60"}}, {"type": "Feature", "geometry": {"type": "Point", "coordinates": [126.85303, 37.52002]}, "properties": {"id": "kr_208", "name": "Sinjeongnegeori", "district": "Yangcheon-gu", "transit_stress_score": 4.7, "transit_stress_tier": "mid", "walk_stress_score": 87.5, "walk_stress_tier": "very-low", "reach_min_seoul_station_subway": 26, "reach_bucket_seoul_station_subway": "20-30", "reach_min_seoul_station_rail": 26, "reach_bucket_seoul_station_rail": "20-30", "reach_min_city_hall_subway": 28, "reach_bucket_city_hall_subway": "20-30", "reach_min_city_hall_rail": 28, "reach_bucket_city_hall_rail": "20-30", "reach_min_gangnam_subway": 35, "reach_bucket_gangnam_subway": "30-45", "reach_min_gangnam_rail": 35, "reach_bucket_gangnam_rail": "30-45", "reach_min_wangsimni_subway": 40, "reach_bucket_wangsimni_subway": "30-45", "reach_min_wangsimni_rail": 40, "reach_bucket_wangsimni_rail": "30-45", "reach_min_sadang_subway": 31, "reach_bucket_sadang_subway": "30-45", "reach_min_sadang_rail": 31, "reach_bucket_sadang_rail": "30-45", "reach_min_jamsil_subway": 48, "reach_bucket_jamsil_subway": "45-60", "reach_min_jamsil_rail": 48, "reach_bucket_jamsil_rail": "45-60", "reach_min_konkuk_subway": 49, "reach_bucket_konkuk_subway": "45-60", "reach_min_konkuk_rail": 49, "reach_bucket_konkuk_rail": "45-60", "reach_min_hongik_subway": 22, "reach_bucket_hongik_subway": "20-30", "reach_min_hongik_rail": 22, "reach_bucket_hongik_rail": "20-30"}}, {"type": "Feature", "geometry": {"type": "Point", "coordinates": [127.06922, 37.54042]}, "properties": {"id": "kr_209", "name": "Konkuk University", "district": "Gwangjin-gu", "transit_stress_score": 4.6, "transit_stress_tier": "mid", "walk_stress_score": 87.5, "walk_stress_tier": "very-low", "reach_min_seoul_station_subway": 24, "reach_bucket_seoul_station_subway": "20-30", "reach_min_seoul_station_rail": 24, "reach_bucket_seoul_station_rail": "20-30", "reach_min_city_hall_subway": 23, "reach_bucket_city_hall_subway": "20-30", "reach_min_city_hall_rail": 23, "reach_bucket_city_hall_rail": "20-30", "reach_min_gangnam_subway": 26, "reach_bucket_gangnam_subway": "20-30", "reach_min_gangnam_rail": 26, "reach_bucket_gangnam_rail": "20-30", "reach_min_wangsimni_subway": 9, "reach_bucket_wangsimni_subway": "<10", "reach_min_wangsimni_rail": 9, "reach_bucket_wangsimni_rail": "<10", "reach_min_sadang_subway": 37, "reach_bucket_sadang_subway": "30-45", "reach_min_sadang_rail": 37, "reach_bucket_sadang_rail": "30-45", "reach_min_jamsil_subway": 11, "reach_bucket_jamsil_subway": "10-20", "reach_min_jamsil_rail": 11, "reach_bucket_jamsil_rail": "10-20", "reach_min_konkuk_subway": 0, "reach_bucket_konkuk_subway": "<10", "reach_min_konkuk_rail": 0, "reach_bucket_konkuk_rail": "<10", "reach_min_hongik_subway": 34, "reach_bucket_hongik_subway": "30-45", "reach_min_hongik_rail": 34, "reach_bucket_hongik_rail": "30-45"}}, {"type": "Feature", "geometry": {"type": "Point", "coordinates": [127.08618, 37.53715]}, "properties": {"id": "kr_210", "name": "Guui(Gwangjin-gu Office)", "district": "Gwangjin-gu", "transit_stress_score": 4.6, "transit_stress_tier": "mid", "walk_stress_score": 87.5, "walk_stress_tier": "very-low", "reach_min_seoul_station_subway": 27, "reach_bucket_seoul_station_subway": "20-30", "reach_min_seoul_station_rail": 27, "reach_bucket_seoul_station_rail": "20-30", "reach_min_city_hall_subway": 26, "reach_bucket_city_hall_subway": "20-30", "reach_min_city_hall_rail": 26, "reach_bucket_city_hall_rail": "20-30", "reach_min_gangnam_subway": 23, "reach_bucket_gangnam_subway": "20-30", "reach_min_gangnam_rail": 23, "reach_bucket_gangnam_rail": "20-30", "reach_min_wangsimni_subway": 12, "reach_bucket_wangsimni_subway": "10-20", "reach_min_wangsimni_rail": 12, "reach_bucket_wangsimni_rail": "10-20", "reach_min_sadang_subway": 34, "reach_bucket_sadang_subway": "30-45", "reach_min_sadang_rail": 34, "reach_bucket_sadang_rail": "30-45", "reach_min_jamsil_subway": 8, "reach_bucket_jamsil_subway": "<10", "reach_min_jamsil_rail": 8, "reach_bucket_jamsil_rail": "<10", "reach_min_konkuk_subway": 3, "reach_bucket_konkuk_subway": "<10", "reach_min_konkuk_rail": 3, "reach_bucket_konkuk_rail": "<10", "reach_min_hongik_subway": 37, "reach_bucket_hongik_subway": "30-45", "reach_min_hongik_rail": 37, "reach_bucket_hongik_rail": "30-45"}}, {"type": "Feature", "geometry": {"type": "Point", "coordinates": [126.91352, 37.54918]}, "properties": {"id": "kr_211", "name": "합정", "district": "Mapo-gu", "transit_stress_score": 4.6, "transit_stress_tier": "mid", "walk_stress_score": 87.5, "walk_stress_tier": "very-low", "reach_min_seoul_station_subway": 18, "reach_bucket_seoul_station_subway": "10-20", "reach_min_seoul_station_rail": 18, "reach_bucket_seoul_station_rail": "10-20", "reach_min_city_hall_subway": 21, "reach_bucket_city_hall_subway": "20-30", "reach_min_city_hall_rail": 21, "reach_bucket_city_hall_rail": "20-30", "reach_min_gangnam_subway": 32, "reach_bucket_gangnam_subway": "30-45", "reach_min_gangnam_rail": 32, "reach_bucket_gangnam_rail": "30-45", "reach_min_wangsimni_subway": 31, "reach_bucket_wangsimni_subway": "30-45", "reach_min_wangsimni_rail": 31, "reach_bucket_wangsimni_rail": "30-45", "reach_min_sadang_subway": 28, "reach_bucket_sadang_subway": "20-30", "reach_min_sadang_rail": 28, "reach_bucket_sadang_rail": "20-30", "reach_min_jamsil_subway": 45, "reach_bucket_jamsil_subway": "45-60", "reach_min_jamsil_rail": 45, "reach_bucket_jamsil_rail": "45-60", "reach_min_konkuk_subway": 40, "reach_bucket_konkuk_subway": "30-45", "reach_min_konkuk_rail": 40, "reach_bucket_konkuk_rail": "30-45", "reach_min_hongik_subway": 27, "reach_bucket_hongik_subway": "20-30", "reach_min_hongik_rail": 27, "reach_bucket_hongik_rail": "20-30"}}, {"type": "Feature", "geometry": {"type": "Point", "coordinates": [126.88259, 37.48164]}, "properties": {"id": "kr_212", "name": "Gasan Digital Complex", "district": "Geumcheon-gu", "transit_stress_score": 4.6, "transit_stress_tier": "mid", "walk_stress_score": 75.0, "walk_stress_tier": "very-low", "reach_min_seoul_station_subway": 24, "reach_bucket_seoul_station_subway": "20-30", "reach_min_seoul_station_rail": 24, "reach_bucket_seoul_station_rail": "20-30", "reach_min_city_hall_subway": 27, "reach_bucket_city_hall_subway": "20-30", "reach_min_city_hall_rail": 27, "reach_bucket_city_hall_rail": "20-30", "reach_min_gangnam_subway": 34, "reach_bucket_gangnam_subway": "30-45", "reach_min_gangnam_rail": 34, "reach_bucket_gangnam_rail": "30-45", "reach_min_wangsimni_subway": 39, "reach_bucket_wangsimni_subway": "30-45", "reach_min_wangsimni_rail": 39, "reach_bucket_wangsimni_rail": "30-45", "reach_min_sadang_subway": 30, "reach_bucket_sadang_subway": "30-45", "reach_min_sadang_rail": 30, "reach_bucket_sadang_rail": "30-45", "reach_min_jamsil_subway": 47, "reach_bucket_jamsil_subway": "45-60", "reach_min_jamsil_rail": 47, "reach_bucket_jamsil_rail": "45-60", "reach_min_konkuk_subway": 48, "reach_bucket_konkuk_subway": "45-60", "reach_min_konkuk_rail": 48, "reach_bucket_konkuk_rail": "45-60", "reach_min_hongik_subway": 21, "reach_bucket_hongik_subway": "20-30", "reach_min_hongik_rail": 21, "reach_bucket_hongik_rail": "20-30"}}, {"type": "Feature", "geometry": {"type": "Point", "coordinates": [126.95412, 37.49565]}, "properties": {"id": "kr_213", "name": "숭실대입구", "district": "Dongjak-gu", "transit_stress_score": 4.6, "transit_stress_tier": "mid", "walk_stress_score": 100.0, "walk_stress_tier": "mid", "reach_min_seoul_station_subway": 31, "reach_bucket_seoul_station_subway": "30-45", "reach_min_seoul_station_rail": 31, "reach_bucket_seoul_station_rail": "30-45", "reach_min_city_hall_subway": 34, "reach_bucket_city_hall_subway": "30-45", "reach_min_city_hall_rail": 34, "reach_bucket_city_hall_rail": "30-45", "reach_min_gangnam_subway": 19, "reach_bucket_gangnam_subway": "10-20", "reach_min_gangnam_rail": 19, "reach_bucket_gangnam_rail": "10-20", "reach_min_wangsimni_subway": 36, "reach_bucket_wangsimni_subway": "30-45", "reach_min_wangsimni_rail": 36, "reach_bucket_wangsimni_rail": "30-45", "reach_min_sadang_subway": 24, "reach_bucket_sadang_subway": "20-30", "reach_min_sadang_rail": 24, "reach_bucket_sadang_rail": "20-30", "reach_min_jamsil_subway": 32, "reach_bucket_jamsil_subway": "30-45", "reach_min_jamsil_rail": 32, "reach_bucket_jamsil_rail": "30-45", "reach_min_konkuk_subway": 43, "reach_bucket_konkuk_subway": "30-45", "reach_min_konkuk_rail": 43, "reach_bucket_konkuk_rail": "30-45", "reach_min_hongik_subway": 40, "reach_bucket_hongik_subway": "30-45", "reach_min_hongik_rail": 40, "reach_bucket_hongik_rail": "30-45"}}, {"type": "Feature", "geometry": {"type": "Point", "coordinates": [127.03819, 37.57398]}, "properties": {"id": "kr_214", "name": "용두", "district": "Dongdaemun-gu", "transit_stress_score": 4.5, "transit_stress_tier": "mid", "walk_stress_score": 87.5, "walk_stress_tier": "very-low", "reach_min_seoul_station_subway": 16, "reach_bucket_seoul_station_subway": "10-20", "reach_min_seoul_station_rail": 16, "reach_bucket_seoul_station_rail": "10-20", "reach_min_city_hall_subway": 14, "reach_bucket_city_hall_subway": "10-20", "reach_min_city_hall_rail": 14, "reach_bucket_city_hall_rail": "10-20", "reach_min_gangnam_subway": 28, "reach_bucket_gangnam_subway": "20-30", "reach_min_gangnam_rail": 28, "reach_bucket_gangnam_rail": "20-30", "reach_min_wangsimni_subway": 14, "reach_bucket_wangsimni_subway": "10-20", "reach_min_wangsimni_rail": 14, "reach_bucket_wangsimni_rail": "10-20", "reach_min_sadang_subway": 36, "reach_bucket_sadang_subway": "30-45", "reach_min_sadang_rail": 36, "reach_bucket_sadang_rail": "30-45", "reach_min_jamsil_subway": 22, "reach_bucket_jamsil_subway": "20-30", "reach_min_jamsil_rail": 22, "reach_bucket_jamsil_rail": "20-30", "reach_min_konkuk_subway": 11, "reach_bucket_konkuk_subway": "10-20", "reach_min_konkuk_rail": 11, "reach_bucket_konkuk_rail": "10-20", "reach_min_hongik_subway": 25, "reach_bucket_hongik_subway": "20-30", "reach_min_hongik_rail": 25, "reach_bucket_hongik_rail": "20-30"}}, {"type": "Feature", "geometry": {"type": "Point", "coordinates": [127.05762, 37.66552]}, "properties": {"id": "kr_215", "name": "마들", "district": "Nowon-gu", "transit_stress_score": 4.3, "transit_stress_tier": "mid", "walk_stress_score": 100.0, "walk_stress_tier": "mid", "reach_min_seoul_station_subway": 45, "reach_bucket_seoul_station_subway": "45-60", "reach_min_seoul_station_rail": 45, "reach_bucket_seoul_station_rail": "45-60", "reach_min_city_hall_subway": 44, "reach_bucket_city_hall_subway": "30-45", "reach_min_city_hall_rail": 44, "reach_bucket_city_hall_rail": "30-45", "reach_min_gangnam_subway": 53, "reach_bucket_gangnam_subway": "45-60", "reach_min_gangnam_rail": 53, "reach_bucket_gangnam_rail": "45-60", "reach_min_wangsimni_subway": 39, "reach_bucket_wangsimni_subway": "30-45", "reach_min_wangsimni_rail": 39, "reach_bucket_wangsimni_rail": "30-45", "reach_min_sadang_subway": 62, "reach_bucket_sadang_subway": "60-90", "reach_min_sadang_rail": 62, "reach_bucket_sadang_rail": "60-90", "reach_min_jamsil_subway": 60, "reach_bucket_jamsil_subway": "60-90", "reach_min_jamsil_rail": 60, "reach_bucket_jamsil_rail": "60-90", "reach_min_konkuk_subway": 49, "reach_bucket_konkuk_subway": "45-60", "reach_min_konkuk_rail": 49, "reach_bucket_konkuk_rail": "45-60", "reach_min_hongik_subway": 55, "reach_bucket_hongik_subway": "45-60", "reach_min_hongik_rail": 55, "reach_bucket_hongik_rail": "45-60"}}, {"type": "Feature", "geometry": {"type": "Point", "coordinates": [127.0111, 37.51274]}, "properties": {"id": "kr_216", "name": "Jamwon", "district": "Seocho-gu", "transit_stress_score": 4.3, "transit_stress_tier": "mid", "walk_stress_score": 87.5, "walk_stress_tier": "very-low", "reach_min_seoul_station_subway": 21, "reach_bucket_seoul_station_subway": "20-30", "reach_min_seoul_station_rail": 21, "reach_bucket_seoul_station_rail": "20-30", "reach_min_city_hall_subway": 22, "reach_bucket_city_hall_subway": "20-30", "reach_min_city_hall_rail": 22, "reach_bucket_city_hall_rail": "20-30", "reach_min_gangnam_subway": 7, "reach_bucket_gangnam_subway": "<10", "reach_min_gangnam_rail": 7, "reach_bucket_gangnam_rail": "<10", "reach_min_wangsimni_subway": 21, "reach_bucket_wangsimni_subway": "20-30", "reach_min_wangsimni_rail": 21, "reach_bucket_wangsimni_rail": "20-30", "reach_min_sadang_subway": 13, "reach_bucket_sadang_subway": "10-20", "reach_min_sadang_rail": 13, "reach_bucket_sadang_rail": "10-20", "reach_min_jamsil_subway": 21, "reach_bucket_jamsil_subway": "20-30", "reach_min_jamsil_rail": 21, "reach_bucket_jamsil_rail": "20-30", "reach_min_konkuk_subway": 30, "reach_bucket_konkuk_subway": "30-45", "reach_min_konkuk_rail": 30, "reach_bucket_konkuk_rail": "30-45", "reach_min_hongik_subway": 29, "reach_bucket_hongik_subway": "20-30", "reach_min_hongik_rail": 29, "reach_bucket_hongik_rail": "20-30"}}, {"type": "Feature", "geometry": {"type": "Point", "coordinates": [127.11267, 37.51751]}, "properties": {"id": "kr_217", "name": "Mongchontoseong", "district": "Songpa-gu", "transit_stress_score": 4.2, "transit_stress_tier": "mid", "walk_stress_score": 75.0, "walk_stress_tier": "very-low", "reach_min_seoul_station_subway": 39, "reach_bucket_seoul_station_subway": "30-45", "reach_min_seoul_station_rail": 39, "reach_bucket_seoul_station_rail": "30-45", "reach_min_city_hall_subway": 38, "reach_bucket_city_hall_subway": "30-45", "reach_min_city_hall_rail": 38, "reach_bucket_city_hall_rail": "30-45", "reach_min_gangnam_subway": 20, "reach_bucket_gangnam_subway": "20-30", "reach_min_gangnam_rail": 20, "reach_bucket_gangnam_rail": "20-30", "reach_min_wangsimni_subway": 25, "reach_bucket_wangsimni_subway": "20-30", "reach_min_wangsimni_rail": 25, "reach_bucket_wangsimni_rail": "20-30", "reach_min_sadang_subway": 31, "reach_bucket_sadang_subway": "30-45", "reach_min_sadang_rail": 31, "reach_bucket_sadang_rail": "30-45", "reach_min_jamsil_subway": 15, "reach_bucket_jamsil_subway": "10-20", "reach_min_jamsil_rail": 15, "reach_bucket_jamsil_rail": "10-20", "reach_min_konkuk_subway": 26, "reach_bucket_konkuk_subway": "20-30", "reach_min_konkuk_rail": 26, "reach_bucket_konkuk_rail": "20-30", "reach_min_hongik_subway": 50, "reach_bucket_hongik_subway": "45-60", "reach_min_hongik_rail": 50, "reach_bucket_hongik_rail": "45-60"}}, {"type": "Feature", "geometry": {"type": "Point", "coordinates": [127.06387, 37.64553]}, "properties": {"id": "kr_218", "name": "중계", "district": "Nowon-gu", "transit_stress_score": 4.1, "transit_stress_tier": "mid", "walk_stress_score": 100.0, "walk_stress_tier": "mid", "reach_min_seoul_station_subway": 40, "reach_bucket_seoul_station_subway": "30-45", "reach_min_seoul_station_rail": 40, "reach_bucket_seoul_station_rail": "30-45", "reach_min_city_hall_subway": 39, "reach_bucket_city_hall_subway": "30-45", "reach_min_city_hall_rail": 39, "reach_bucket_city_hall_rail": "30-45", "reach_min_gangnam_subway": 48, "reach_bucket_gangnam_subway": "45-60", "reach_min_gangnam_rail": 48, "reach_bucket_gangnam_rail": "45-60", "reach_min_wangsimni_subway": 34, "reach_bucket_wangsimni_subway": "30-45", "reach_min_wangsimni_rail": 34, "reach_bucket_wangsimni_rail": "30-45", "reach_min_sadang_subway": 57, "reach_bucket_sadang_subway": "45-60", "reach_min_sadang_rail": 57, "reach_bucket_sadang_rail": "45-60", "reach_min_jamsil_subway": 54, "reach_bucket_jamsil_subway": "45-60", "reach_min_jamsil_rail": 54, "reach_bucket_jamsil_rail": "45-60", "reach_min_konkuk_subway": 43, "reach_bucket_konkuk_subway": "30-45", "reach_min_konkuk_rail": 43, "reach_bucket_konkuk_rail": "30-45", "reach_min_hongik_subway": 50, "reach_bucket_hongik_subway": "45-60", "reach_min_hongik_rail": 50, "reach_bucket_hongik_rail": "45-60"}}, {"type": "Feature", "geometry": {"type": "Point", "coordinates": [126.97362, 37.52264]}, "properties": {"id": "kr_219", "name": "Ichon", "district": "Yongsan-gu", "transit_stress_score": 4.1, "transit_stress_tier": "mid", "walk_stress_score": 100.0, "walk_stress_tier": "mid", "reach_min_seoul_station_subway": 9, "reach_bucket_seoul_station_subway": "<10", "reach_min_seoul_station_rail": 9, "reach_bucket_seoul_station_rail": "<10", "reach_min_city_hall_subway": 12, "reach_bucket_city_hall_subway": "10-20", "reach_min_city_hall_rail": 12, "reach_bucket_city_hall_rail": "10-20", "reach_min_gangnam_subway": 15, "reach_bucket_gangnam_subway": "10-20", "reach_min_gangnam_rail": 15, "reach_bucket_gangnam_rail": "10-20", "reach_min_wangsimni_subway": 23, "reach_bucket_wangsimni_subway": "20-30", "reach_min_wangsimni_rail": 23, "reach_bucket_wangsimni_rail": "20-30", "reach_min_sadang_subway": 11, "reach_bucket_sadang_subway": "10-20", "reach_min_sadang_rail": 11, "reach_bucket_sadang_rail": "10-20", "reach_min_jamsil_subway": 28, "reach_bucket_jamsil_subway": "20-30", "reach_min_jamsil_rail": 28, "reach_bucket_jamsil_rail": "20-30", "reach_min_konkuk_subway": 32, "reach_bucket_konkuk_subway": "30-45", "reach_min_konkuk_rail": 32, "reach_bucket_konkuk_rail": "30-45", "reach_min_hongik_subway": 23, "reach_bucket_hongik_subway": "20-30", "reach_min_hongik_rail": 23, "reach_bucket_hongik_rail": "20-30"}}, {"type": "Feature", "geometry": {"type": "Point", "coordinates": [126.85432, 37.47946]}, "properties": {"id": "kr_220", "name": "광명사거리", "district": null, "transit_stress_score": 4.0, "transit_stress_tier": "mid", "walk_stress_score": 100.0, "walk_stress_tier": "mid", "reach_min_seoul_station_subway": 37, "reach_bucket_seoul_station_subway": "30-45", "reach_min_seoul_station_rail": 37, "reach_bucket_seoul_station_rail": "30-45", "reach_min_city_hall_subway": 40, "reach_bucket_city_hall_subway": "30-45", "reach_min_city_hall_rail": 40, "reach_bucket_city_hall_rail": "30-45", "reach_min_gangnam_subway": 43, "reach_bucket_gangnam_subway": "30-45", "reach_min_gangnam_rail": 43, "reach_bucket_gangnam_rail": "30-45", "reach_min_wangsimni_subway": 52, "reach_bucket_wangsimni_subway": "45-60", "reach_min_wangsimni_rail": 52, "reach_bucket_wangsimni_rail": "45-60", "reach_min_sadang_subway": 43, "reach_bucket_sadang_subway": "30-45", "reach_min_sadang_rail": 43, "reach_bucket_sadang_rail": "30-45", "reach_min_jamsil_subway": 56, "reach_bucket_jamsil_subway": "45-60", "reach_min_jamsil_rail": 56, "reach_bucket_jamsil_rail": "45-60", "reach_min_konkuk_subway": 61, "reach_bucket_konkuk_subway": "60-90", "reach_min_konkuk_rail": 61, "reach_bucket_konkuk_rail": "60-90", "reach_min_hongik_subway": 34, "reach_bucket_hongik_subway": "30-45", "reach_min_hongik_rail": 34, "reach_bucket_hongik_rail": "30-45"}}, {"type": "Feature", "geometry": {"type": "Point", "coordinates": [127.04708, 37.56974]}, "properties": {"id": "kr_221", "name": "신답", "district": "Seongdong-gu", "transit_stress_score": 4.0, "transit_stress_tier": "mid", "walk_stress_score": 75.0, "walk_stress_tier": "very-low", "reach_min_seoul_station_subway": 18, "reach_bucket_seoul_station_subway": "10-20", "reach_min_seoul_station_rail": 18, "reach_bucket_seoul_station_rail": "10-20", "reach_min_city_hall_subway": 16, "reach_bucket_city_hall_subway": "10-20", "reach_min_city_hall_rail": 16, "reach_bucket_city_hall_rail": "10-20", "reach_min_gangnam_subway": 30, "reach_bucket_gangnam_subway": "30-45", "reach_min_gangnam_rail": 30, "reach_bucket_gangnam_rail": "30-45", "reach_min_wangsimni_subway": 13, "reach_bucket_wangsimni_subway": "10-20", "reach_min_wangsimni_rail": 13, "reach_bucket_wangsimni_rail": "10-20", "reach_min_sadang_subway": 38, "reach_bucket_sadang_subway": "30-45", "reach_min_sadang_rail": 38, "reach_bucket_sadang_rail": "30-45", "reach_min_jamsil_subway": 20, "reach_bucket_jamsil_subway": "20-30", "reach_min_jamsil_rail": 20, "reach_bucket_jamsil_rail": "20-30", "reach_min_konkuk_subway": 9, "reach_bucket_konkuk_subway": "<10", "reach_min_konkuk_rail": 9, "reach_bucket_konkuk_rail": "<10", "reach_min_hongik_subway": 28, "reach_bucket_hongik_subway": "20-30", "reach_min_hongik_rail": 28, "reach_bucket_hongik_rail": "20-30"}}, {"type": "Feature", "geometry": {"type": "Point", "coordinates": [126.78718, 37.50373]}, "properties": {"id": "kr_222", "name": "춘의", "district": null, "transit_stress_score": 4.0, "transit_stress_tier": "mid", "walk_stress_score": 100.0, "walk_stress_tier": "mid", "reach_min_seoul_station_subway": 39, "reach_bucket_seoul_station_subway": "30-45", "reach_min_seoul_station_rail": 39, "reach_bucket_seoul_station_rail": "30-45", "reach_min_city_hall_subway": 42, "reach_bucket_city_hall_subway": "30-45", "reach_min_city_hall_rail": 42, "reach_bucket_city_hall_rail": "30-45", "reach_min_gangnam_subway": 49, "reach_bucket_gangnam_subway": "45-60", "reach_min_gangnam_rail": 49, "reach_bucket_gangnam_rail": "45-60", "reach_min_wangsimni_subway": 54, "reach_bucket_wangsimni_subway": "45-60", "reach_min_wangsimni_rail": 54, "reach_bucket_wangsimni_rail": "45-60", "reach_min_sadang_subway": 45, "reach_bucket_sadang_subway": "45-60", "reach_min_sadang_rail": 45, "reach_bucket_sadang_rail": "45-60", "reach_min_jamsil_subway": 62, "reach_bucket_jamsil_subway": "60-90", "reach_min_jamsil_rail": 62, "reach_bucket_jamsil_rail": "60-90", "reach_min_konkuk_subway": 63, "reach_bucket_konkuk_subway": "60-90", "reach_min_konkuk_rail": 63, "reach_bucket_konkuk_rail": "60-90", "reach_min_hongik_subway": 36, "reach_bucket_hongik_subway": "30-45", "reach_min_hongik_rail": 36, "reach_bucket_hongik_rail": "30-45"}}, {"type": "Feature", "geometry": {"type": "Point", "coordinates": [127.12604, 37.50863]}, "properties": {"id": "kr_223", "name": "방이", "district": "Songpa-gu", "transit_stress_score": 4.0, "transit_stress_tier": "mid", "walk_stress_score": 87.5, "walk_stress_tier": "very-low", "reach_min_seoul_station_subway": 43, "reach_bucket_seoul_station_subway": "30-45", "reach_min_seoul_station_rail": 43, "reach_bucket_seoul_station_rail": "30-45", "reach_min_city_hall_subway": 42, "reach_bucket_city_hall_subway": "30-45", "reach_min_city_hall_rail": 42, "reach_bucket_city_hall_rail": "30-45", "reach_min_gangnam_subway": 23, "reach_bucket_gangnam_subway": "20-30", "reach_min_gangnam_rail": 23, "reach_bucket_gangnam_rail": "20-30", "reach_min_wangsimni_subway": 29, "reach_bucket_wangsimni_subway": "20-30", "reach_min_wangsimni_rail": 29, "reach_bucket_wangsimni_rail": "20-30", "reach_min_sadang_subway": 34, "reach_bucket_sadang_subway": "30-45", "reach_min_sadang_rail": 34, "reach_bucket_sadang_rail": "30-45", "reach_min_jamsil_subway": 18, "reach_bucket_jamsil_subway": "10-20", "reach_min_jamsil_rail": 18, "reach_bucket_jamsil_rail": "10-20", "reach_min_konkuk_subway": 29, "reach_bucket_konkuk_subway": "20-30", "reach_min_konkuk_rail": 29, "reach_bucket_konkuk_rail": "20-30", "reach_min_hongik_subway": 53, "reach_bucket_hongik_subway": "45-60", "reach_min_hongik_rail": 53, "reach_bucket_hongik_rail": "45-60"}}, {"type": "Feature", "geometry": {"type": "Point", "coordinates": [127.06055, 37.65441]}, "properties": {"id": "kr_224", "name": "노원", "district": "Nowon-gu", "transit_stress_score": 4.0, "transit_stress_tier": "mid", "walk_stress_score": 87.5, "walk_stress_tier": "very-low", "reach_min_seoul_station_subway": 42, "reach_bucket_seoul_station_subway": "30-45", "reach_min_seoul_station_rail": 42, "reach_bucket_seoul_station_rail": "30-45", "reach_min_city_hall_subway": 41, "reach_bucket_city_hall_subway": "30-45", "reach_min_city_hall_rail": 41, "reach_bucket_city_hall_rail": "30-45", "reach_min_gangnam_subway": 51, "reach_bucket_gangnam_subway": "45-60", "reach_min_gangnam_rail": 51, "reach_bucket_gangnam_rail": "45-60", "reach_min_wangsimni_subway": 37, "reach_bucket_wangsimni_subway": "30-45", "reach_min_wangsimni_rail": 37, "reach_bucket_wangsimni_rail": "30-45", "reach_min_sadang_subway": 59, "reach_bucket_sadang_subway": "45-60", "reach_min_sadang_rail": 59, "reach_bucket_sadang_rail": "45-60", "reach_min_jamsil_subway": 57, "reach_bucket_jamsil_subway": "45-60", "reach_min_jamsil_rail": 57, "reach_bucket_jamsil_rail": "45-60", "reach_min_konkuk_subway": 46, "reach_bucket_konkuk_subway": "45-60", "reach_min_konkuk_rail": 46, "reach_bucket_konkuk_rail": "45-60", "reach_min_hongik_subway": 53, "reach_bucket_hongik_subway": "45-60", "reach_min_hongik_rail": 53, "reach_bucket_hongik_rail": "45-60"}}, {"type": "Feature", "geometry": {"type": "Point", "coordinates": [126.84658, 37.53186]}, "properties": {"id": "kr_225", "name": "Kkachisan", "district": "Gangseo-gu", "transit_stress_score": 3.9, "transit_stress_tier": "mid", "walk_stress_score": 100.0, "walk_stress_tier": "mid", "reach_min_seoul_station_subway": 29, "reach_bucket_seoul_station_subway": "20-30", "reach_min_seoul_station_rail": 29, "reach_bucket_seoul_station_rail": "20-30", "reach_min_city_hall_subway": 31, "reach_bucket_city_hall_subway": "30-45", "reach_min_city_hall_rail": 31, "reach_bucket_city_hall_rail": "30-45", "reach_min_gangnam_subway": 38, "reach_bucket_gangnam_subway": "30-45", "reach_min_gangnam_rail": 38, "reach_bucket_gangnam_rail": "30-45", "reach_min_wangsimni_subway": 43, "reach_bucket_wangsimni_subway": "30-45", "reach_min_wangsimni_rail": 43, "reach_bucket_wangsimni_rail": "30-45", "reach_min_sadang_subway": 34, "reach_bucket_sadang_subway": "30-45", "reach_min_sadang_rail": 34, "reach_bucket_sadang_rail": "30-45", "reach_min_jamsil_subway": 51, "reach_bucket_jamsil_subway": "45-60", "reach_min_jamsil_rail": 51, "reach_bucket_jamsil_rail": "45-60", "reach_min_konkuk_subway": 52, "reach_bucket_konkuk_subway": "45-60", "reach_min_konkuk_rail": 52, "reach_bucket_konkuk_rail": "45-60", "reach_min_hongik_subway": 25, "reach_bucket_hongik_subway": "20-30", "reach_min_hongik_rail": 25, "reach_bucket_hongik_rail": "20-30"}}, {"type": "Feature", "geometry": {"type": "Point", "coordinates": [127.12062, 37.53068]}, "properties": {"id": "kr_226", "name": "Gangdong-gu Office", "district": "Gangdong-gu", "transit_stress_score": 3.9, "transit_stress_tier": "mid", "walk_stress_score": 100.0, "walk_stress_tier": "mid", "reach_min_seoul_station_subway": 36, "reach_bucket_seoul_station_subway": "30-45", "reach_min_seoul_station_rail": 36, "reach_bucket_seoul_station_rail": "30-45", "reach_min_city_hall_subway": 35, "reach_bucket_city_hall_subway": "30-45", "reach_min_city_hall_rail": 35, "reach_bucket_city_hall_rail": "30-45", "reach_min_gangnam_subway": 24, "reach_bucket_gangnam_subway": "20-30", "reach_min_gangnam_rail": 24, "reach_bucket_gangnam_rail": "20-30", "reach_min_wangsimni_subway": 21, "reach_bucket_wangsimni_subway": "20-30", "reach_min_wangsimni_rail": 21, "reach_bucket_wangsimni_rail": "20-30", "reach_min_sadang_subway": 35, "reach_bucket_sadang_subway": "30-45", "reach_min_sadang_rail": 35, "reach_bucket_sadang_rail": "30-45", "reach_min_jamsil_subway": 19, "reach_bucket_jamsil_subway": "10-20", "reach_min_jamsil_rail": 19, "reach_bucket_jamsil_rail": "10-20", "reach_min_konkuk_subway": 30, "reach_bucket_konkuk_subway": "30-45", "reach_min_konkuk_rail": 30, "reach_bucket_konkuk_rail": "30-45", "reach_min_hongik_subway": 46, "reach_bucket_hongik_subway": "45-60", "reach_min_hongik_rail": 46, "reach_bucket_hongik_rail": "45-60"}}, {"type": "Feature", "geometry": {"type": "Point", "coordinates": [127.05487, 37.92756]}, "properties": {"id": "kr_227", "name": "Dongducheon", "district": null, "transit_stress_score": 3.9, "transit_stress_tier": "mid", "walk_stress_score": 100.0, "walk_stress_tier": "mid", "reach_min_seoul_station_subway": 97, "reach_bucket_seoul_station_subway": "90-120", "reach_min_seoul_station_rail": 97, "reach_bucket_seoul_station_rail": "90-120", "reach_min_city_hall_subway": 95, "reach_bucket_city_hall_subway": "90-120", "reach_min_city_hall_rail": 95, "reach_bucket_city_hall_rail": "90-120", "reach_min_gangnam_subway": 109, "reach_bucket_gangnam_subway": "90-120", "reach_min_gangnam_rail": 109, "reach_bucket_gangnam_rail": "90-120", "reach_min_wangsimni_subway": 95, "reach_bucket_wangsimni_subway": "90-120", "reach_min_wangsimni_rail": 95, "reach_bucket_wangsimni_rail": "90-120", "reach_min_sadang_subway": 117, "reach_bucket_sadang_subway": "90-120", "reach_min_sadang_rail": 117, "reach_bucket_sadang_rail": "90-120", "reach_min_jamsil_subway": 108, "reach_bucket_jamsil_subway": "90-120", "reach_min_jamsil_rail": 108, "reach_bucket_jamsil_rail": "90-120", "reach_min_konkuk_subway": 97, "reach_bucket_konkuk_subway": "90-120", "reach_min_konkuk_rail": 97, "reach_bucket_konkuk_rail": "90-120", "reach_min_hongik_subway": 106, "reach_bucket_hongik_subway": "90-120", "reach_min_hongik_rail": 106, "reach_bucket_hongik_rail": "90-120"}}, {"type": "Feature", "geometry": {"type": "Point", "coordinates": [126.78796, 37.64309]}, "properties": {"id": "kr_228", "name": "Baekseok", "district": null, "transit_stress_score": 3.9, "transit_stress_tier": "mid", "walk_stress_score": 100.0, "walk_stress_tier": "mid", "reach_min_seoul_station_subway": 61, "reach_bucket_seoul_station_subway": "60-90", "reach_min_seoul_station_rail": 61, "reach_bucket_seoul_station_rail": "60-90", "reach_min_city_hall_subway": 58, "reach_bucket_city_hall_subway": "45-60", "reach_min_city_hall_rail": 58, "reach_bucket_city_hall_rail": "45-60", "reach_min_gangnam_subway": 78, "reach_bucket_gangnam_subway": "60-90", "reach_min_gangnam_rail": 78, "reach_bucket_gangnam_rail": "60-90", "reach_min_wangsimni_subway": 65, "reach_bucket_wangsimni_subway": "60-90", "reach_min_wangsimni_rail": 65, "reach_bucket_wangsimni_rail": "60-90", "reach_min_sadang_subway": 81, "reach_bucket_sadang_subway": "60-90", "reach_min_sadang_rail": 81, "reach_bucket_sadang_rail": "60-90", "reach_min_jamsil_subway": 85, "reach_bucket_jamsil_subway": "60-90", "reach_min_jamsil_rail": 85, "reach_bucket_jamsil_rail": "60-90", "reach_min_konkuk_subway": 74, "reach_bucket_konkuk_subway": "60-90", "reach_min_konkuk_rail": 74, "reach_bucket_konkuk_rail": "60-90", "reach_min_hongik_subway": 70, "reach_bucket_hongik_subway": "60-90", "reach_min_hongik_rail": 70, "reach_bucket_hongik_rail": "60-90"}}, {"type": "Feature", "geometry": {"type": "Point", "coordinates": [127.07342, 37.6607]}, "properties": {"id": "kr_229", "name": "Sanggye", "district": "Nowon-gu", "transit_stress_score": 3.9, "transit_stress_tier": "mid", "walk_stress_score": 100.0, "walk_stress_tier": "mid", "reach_min_seoul_station_subway": 41, "reach_bucket_seoul_station_subway": "30-45", "reach_min_seoul_station_rail": 41, "reach_bucket_seoul_station_rail": "30-45", "reach_min_city_hall_subway": 38, "reach_bucket_city_hall_subway": "30-45", "reach_min_city_hall_rail": 38, "reach_bucket_city_hall_rail": "30-45", "reach_min_gangnam_subway": 52, "reach_bucket_gangnam_subway": "45-60", "reach_min_gangnam_rail": 52, "reach_bucket_gangnam_rail": "45-60", "reach_min_wangsimni_subway": 39, "reach_bucket_wangsimni_subway": "30-45", "reach_min_wangsimni_rail": 39, "reach_bucket_wangsimni_rail": "30-45", "reach_min_sadang_subway": 60, "reach_bucket_sadang_subway": "60-90", "reach_min_sadang_rail": 60, "reach_bucket_sadang_rail": "60-90", "reach_min_jamsil_subway": 59, "reach_bucket_jamsil_subway": "45-60", "reach_min_jamsil_rail": 59, "reach_bucket_jamsil_rail": "45-60", "reach_min_konkuk_subway": 48, "reach_bucket_konkuk_subway": "45-60", "reach_min_konkuk_rail": 48, "reach_bucket_konkuk_rail": "45-60", "reach_min_hongik_subway": 50, "reach_bucket_hongik_subway": "45-60", "reach_min_hongik_rail": 50, "reach_bucket_hongik_rail": "45-60"}}, {"type": "Feature", "geometry": {"type": "Point", "coordinates": [126.80592, 37.32071]}, "properties": {"id": "kr_230", "name": "Choji", "district": null, "transit_stress_score": 3.9, "transit_stress_tier": "mid", "walk_stress_score": 100.0, "walk_stress_tier": "mid", "reach_min_seoul_station_subway": 77, "reach_bucket_seoul_station_subway": "60-90", "reach_min_seoul_station_rail": 77, "reach_bucket_seoul_station_rail": "60-90", "reach_min_city_hall_subway": 80, "reach_bucket_city_hall_subway": "60-90", "reach_min_city_hall_rail": 80, "reach_bucket_city_hall_rail": "60-90", "reach_min_gangnam_subway": 74, "reach_bucket_gangnam_subway": "60-90", "reach_min_gangnam_rail": 74, "reach_bucket_gangnam_rail": "60-90", "reach_min_wangsimni_subway": 92, "reach_bucket_wangsimni_subway": "90-120", "reach_min_wangsimni_rail": 92, "reach_bucket_wangsimni_rail": "90-120", "reach_min_sadang_subway": 63, "reach_bucket_sadang_subway": "60-90", "reach_min_sadang_rail": 63, "reach_bucket_sadang_rail": "60-90", "reach_min_jamsil_subway": 89, "reach_bucket_jamsil_subway": "60-90", "reach_min_jamsil_rail": 89, "reach_bucket_jamsil_rail": "60-90", "reach_min_konkuk_subway": 100, "reach_bucket_konkuk_subway": "90-120", "reach_min_konkuk_rail": 100, "reach_bucket_konkuk_rail": "90-120", "reach_min_hongik_subway": 78, "reach_bucket_hongik_subway": "60-90", "reach_min_hongik_rail": 78, "reach_bucket_hongik_rail": "60-90"}}, {"type": "Feature", "geometry": {"type": "Point", "coordinates": [127.13791, 37.58724]}, "properties": {"id": "kr_231", "name": "Jangja Lake Park", "district": null, "transit_stress_score": 3.9, "transit_stress_tier": "mid", "walk_stress_score": 100.0, "walk_stress_tier": "mid", "reach_min_seoul_station_subway": 46, "reach_bucket_seoul_station_subway": "45-60", "reach_min_seoul_station_rail": 46, "reach_bucket_seoul_station_rail": "45-60", "reach_min_city_hall_subway": 45, "reach_bucket_city_hall_subway": "45-60", "reach_min_city_hall_rail": 45, "reach_bucket_city_hall_rail": "45-60", "reach_min_gangnam_subway": 38, "reach_bucket_gangnam_subway": "30-45", "reach_min_gangnam_rail": 38, "reach_bucket_gangnam_rail": "30-45", "reach_min_wangsimni_subway": 31, "reach_bucket_wangsimni_subway": "30-45", "reach_min_wangsimni_rail": 31, "reach_bucket_wangsimni_rail": "30-45", "reach_min_sadang_subway": 49, "reach_bucket_sadang_subway": "45-60", "reach_min_sadang_rail": 49, "reach_bucket_sadang_rail": "45-60", "reach_min_jamsil_subway": 33, "reach_bucket_jamsil_subway": "30-45", "reach_min_jamsil_rail": 33, "reach_bucket_jamsil_rail": "30-45", "reach_min_konkuk_subway": 41, "reach_bucket_konkuk_subway": "30-45", "reach_min_konkuk_rail": 41, "reach_bucket_konkuk_rail": "30-45", "reach_min_hongik_subway": 56, "reach_bucket_hongik_subway": "45-60", "reach_min_hongik_rail": 56, "reach_bucket_hongik_rail": "45-60"}}, {"type": "Feature", "geometry": {"type": "Point", "coordinates": [127.15983, 37.45158]}, "properties": {"id": "kr_232", "name": "Namhansanseong", "district": null, "transit_stress_score": 3.9, "transit_stress_tier": "mid", "walk_stress_score": 87.5, "walk_stress_tier": "very-low", "reach_min_seoul_station_subway": 56, "reach_bucket_seoul_station_subway": "45-60", "reach_min_seoul_station_rail": 56, "reach_bucket_seoul_station_rail": "45-60", "reach_min_city_hall_subway": 58, "reach_bucket_city_hall_subway": "45-60", "reach_min_city_hall_rail": 58, "reach_bucket_city_hall_rail": "45-60", "reach_min_gangnam_subway": 34, "reach_bucket_gangnam_subway": "30-45", "reach_min_gangnam_rail": 34, "reach_bucket_gangnam_rail": "30-45", "reach_min_wangsimni_subway": 48, "reach_bucket_wangsimni_subway": "45-60", "reach_min_wangsimni_rail": 48, "reach_bucket_wangsimni_rail": "45-60", "reach_min_sadang_subway": 45, "reach_bucket_sadang_subway": "45-60", "reach_min_sadang_rail": 45, "reach_bucket_sadang_rail": "45-60", "reach_min_jamsil_subway": 29, "reach_bucket_jamsil_subway": "20-30", "reach_min_jamsil_rail": 29, "reach_bucket_jamsil_rail": "20-30", "reach_min_konkuk_subway": 40, "reach_bucket_konkuk_subway": "30-45", "reach_min_konkuk_rail": 40, "reach_bucket_konkuk_rail": "30-45", "reach_min_hongik_subway": 65, "reach_bucket_hongik_subway": "60-90", "reach_min_hongik_rail": 65, "reach_bucket_hongik_rail": "60-90"}}, {"type": "Feature", "geometry": {"type": "Point", "coordinates": [127.09472, 37.32252]}, "properties": {"id": "kr_233", "name": "Suji-gu Office", "district": null, "transit_stress_score": 3.9, "transit_stress_tier": "mid", "walk_stress_score": 100.0, "walk_stress_tier": "mid", "reach_min_seoul_station_subway": 68, "reach_bucket_seoul_station_subway": "60-90", "reach_min_seoul_station_rail": 68, "reach_bucket_seoul_station_rail": "60-90", "reach_min_city_hall_subway": 70, "reach_bucket_city_hall_subway": "60-90", "reach_min_city_hall_rail": 70, "reach_bucket_city_hall_rail": "60-90", "reach_min_gangnam_subway": 44, "reach_bucket_gangnam_subway": "30-45", "reach_min_gangnam_rail": 44, "reach_bucket_gangnam_rail": "30-45", "reach_min_wangsimni_subway": 68, "reach_bucket_wangsimni_subway": "60-90", "reach_min_wangsimni_rail": 68, "reach_bucket_wangsimni_rail": "60-90", "reach_min_sadang_subway": 54, "reach_bucket_sadang_subway": "45-60", "reach_min_sadang_rail": 54, "reach_bucket_sadang_rail": "45-60", "reach_min_jamsil_subway": 59, "reach_bucket_jamsil_subway": "45-60", "reach_min_jamsil_rail": 59, "reach_bucket_jamsil_rail": "45-60", "reach_min_konkuk_subway": 70, "reach_bucket_konkuk_subway": "60-90", "reach_min_konkuk_rail": 70, "reach_bucket_konkuk_rail": "60-90", "reach_min_hongik_subway": 76, "reach_bucket_hongik_subway": "60-90", "reach_min_hongik_rail": 76, "reach_bucket_hongik_rail": "60-90"}}, {"type": "Feature", "geometry": {"type": "Point", "coordinates": [127.40525, 37.31567]}, "properties": {"id": "kr_234", "name": "신둔도예촌", "district": null, "transit_stress_score": 3.9, "transit_stress_tier": "mid", "walk_stress_score": 100.0, "walk_stress_tier": "mid", "reach_min_seoul_station_subway": 107, "reach_bucket_seoul_station_subway": "90-120", "reach_min_seoul_station_rail": 107, "reach_bucket_seoul_station_rail": "90-120", "reach_min_city_hall_subway": 109, "reach_bucket_city_hall_subway": "90-120", "reach_min_city_hall_rail": 109, "reach_bucket_city_hall_rail": "90-120", "reach_min_gangnam_subway": 83, "reach_bucket_gangnam_subway": "60-90", "reach_min_gangnam_rail": 83, "reach_bucket_gangnam_rail": "60-90", "reach_min_wangsimni_subway": 107, "reach_bucket_wangsimni_subway": "90-120", "reach_min_wangsimni_rail": 107, "reach_bucket_wangsimni_rail": "90-120", "reach_min_sadang_subway": 93, "reach_bucket_sadang_subway": "90-120", "reach_min_sadang_rail": 93, "reach_bucket_sadang_rail": "90-120", "reach_min_jamsil_subway": 98, "reach_bucket_jamsil_subway": "90-120", "reach_min_jamsil_rail": 98, "reach_bucket_jamsil_rail": "90-120", "reach_min_konkuk_subway": 109, "reach_bucket_konkuk_subway": "90-120", "reach_min_konkuk_rail": 109, "reach_bucket_konkuk_rail": "90-120", "reach_min_hongik_subway": 115, "reach_bucket_hongik_subway": "90-120", "reach_min_hongik_rail": 115, "reach_bucket_hongik_rail": "90-120"}}, {"type": "Feature", "geometry": {"type": "Point", "coordinates": [127.10445, 36.79209]}, "properties": {"id": "kr_235", "name": "Asan", "district": null, "transit_stress_score": 3.9, "transit_stress_tier": "mid", "walk_stress_score": 100.0, "walk_stress_tier": "mid", "reach_min_seoul_station_subway": 120, "reach_bucket_seoul_station_subway": "120+", "reach_min_seoul_station_rail": 53, "reach_bucket_seoul_station_rail": "45-60", "reach_min_city_hall_subway": 120, "reach_bucket_city_hall_subway": "120+", "reach_min_city_hall_rail": 56, "reach_bucket_city_hall_rail": "45-60", "reach_min_gangnam_subway": 120, "reach_bucket_gangnam_subway": "120+", "reach_min_gangnam_rail": 71, "reach_bucket_gangnam_rail": "60-90", "reach_min_wangsimni_subway": 120, "reach_bucket_wangsimni_subway": "120+", "reach_min_wangsimni_rail": 68, "reach_bucket_wangsimni_rail": "60-90", "reach_min_sadang_subway": 120, "reach_bucket_sadang_subway": "120+", "reach_min_sadang_rail": 71, "reach_bucket_sadang_rail": "60-90", "reach_min_jamsil_subway": 120, "reach_bucket_jamsil_subway": "120+", "reach_min_jamsil_rail": 69, "reach_bucket_jamsil_rail": "60-90", "reach_min_konkuk_subway": 120, "reach_bucket_konkuk_subway": "120+", "reach_min_konkuk_rail": 77, "reach_bucket_konkuk_rail": "60-90", "reach_min_hongik_subway": 120, "reach_bucket_hongik_subway": "120+", "reach_min_hongik_rail": 67, "reach_bucket_hongik_rail": "60-90"}}, {"type": "Feature", "geometry": {"type": "Point", "coordinates": [127.20337, 37.40867]}, "properties": {"id": "kr_236", "name": "Samdong", "district": null, "transit_stress_score": 3.8, "transit_stress_tier": "mid", "walk_stress_score": 87.5, "walk_stress_tier": "very-low", "reach_min_seoul_station_subway": 67, "reach_bucket_seoul_station_subway": "60-90", "reach_min_seoul_station_rail": 67, "reach_bucket_seoul_station_rail": "60-90", "reach_min_city_hall_subway": 69, "reach_bucket_city_hall_subway": "60-90", "reach_min_city_hall_rail": 69, "reach_bucket_city_hall_rail": "60-90", "reach_min_gangnam_subway": 43, "reach_bucket_gangnam_subway": "30-45", "reach_min_gangnam_rail": 43, "reach_bucket_gangnam_rail": "30-45", "reach_min_wangsimni_subway": 67, "reach_bucket_wangsimni_subway": "60-90", "reach_min_wangsimni_rail": 67, "reach_bucket_wangsimni_rail": "60-90", "reach_min_sadang_subway": 53, "reach_bucket_sadang_subway": "45-60", "reach_min_sadang_rail": 53, "reach_bucket_sadang_rail": "45-60", "reach_min_jamsil_subway": 58, "reach_bucket_jamsil_subway": "45-60", "reach_min_jamsil_rail": 58, "reach_bucket_jamsil_rail": "45-60", "reach_min_konkuk_subway": 69, "reach_bucket_konkuk_subway": "60-90", "reach_min_konkuk_rail": 69, "reach_bucket_konkuk_rail": "60-90", "reach_min_hongik_subway": 75, "reach_bucket_hongik_subway": "60-90", "reach_min_hongik_rail": 75, "reach_bucket_hongik_rail": "60-90"}}, {"type": "Feature", "geometry": {"type": "Point", "coordinates": [127.2034, 37.40864]}, "properties": {"id": "kr_237", "name": "삼동", "district": null, "transit_stress_score": 3.8, "transit_stress_tier": "mid", "walk_stress_score": 87.5, "walk_stress_tier": "very-low", "reach_min_seoul_station_subway": 67, "reach_bucket_seoul_station_subway": "60-90", "reach_min_seoul_station_rail": 67, "reach_bucket_seoul_station_rail": "60-90", "reach_min_city_hall_subway": 69, "reach_bucket_city_hall_subway": "60-90", "reach_min_city_hall_rail": 69, "reach_bucket_city_hall_rail": "60-90", "reach_min_gangnam_subway": 43, "reach_bucket_gangnam_subway": "30-45", "reach_min_gangnam_rail": 43, "reach_bucket_gangnam_rail": "30-45", "reach_min_wangsimni_subway": 67, "reach_bucket_wangsimni_subway": "60-90", "reach_min_wangsimni_rail": 67, "reach_bucket_wangsimni_rail": "60-90", "reach_min_sadang_subway": 53, "reach_bucket_sadang_subway": "45-60", "reach_min_sadang_rail": 53, "reach_bucket_sadang_rail": "45-60", "reach_min_jamsil_subway": 58, "reach_bucket_jamsil_subway": "45-60", "reach_min_jamsil_rail": 58, "reach_bucket_jamsil_rail": "45-60", "reach_min_konkuk_subway": 69, "reach_bucket_konkuk_subway": "60-90", "reach_min_konkuk_rail": 69, "reach_bucket_konkuk_rail": "60-90", "reach_min_hongik_subway": 75, "reach_bucket_hongik_subway": "60-90", "reach_min_hongik_rail": 75, "reach_bucket_hongik_rail": "60-90"}}, {"type": "Feature", "geometry": {"type": "Point", "coordinates": [126.96783, 37.52914]}, "properties": {"id": "kr_238", "name": "Sinyongsan", "district": "Yongsan-gu", "transit_stress_score": 3.8, "transit_stress_tier": "mid", "walk_stress_score": 87.5, "walk_stress_tier": "very-low", "reach_min_seoul_station_subway": 7, "reach_bucket_seoul_station_subway": "<10", "reach_min_seoul_station_rail": 7, "reach_bucket_seoul_station_rail": "<10", "reach_min_city_hall_subway": 10, "reach_bucket_city_hall_subway": "10-20", "reach_min_city_hall_rail": 10, "reach_bucket_city_hall_rail": "10-20", "reach_min_gangnam_subway": 17, "reach_bucket_gangnam_subway": "10-20", "reach_min_gangnam_rail": 17, "reach_bucket_gangnam_rail": "10-20", "reach_min_wangsimni_subway": 20, "reach_bucket_wangsimni_subway": "20-30", "reach_min_wangsimni_rail": 20, "reach_bucket_wangsimni_rail": "20-30", "reach_min_sadang_subway": 13, "reach_bucket_sadang_subway": "10-20", "reach_min_sadang_rail": 13, "reach_bucket_sadang_rail": "10-20", "reach_min_jamsil_subway": 30, "reach_bucket_jamsil_subway": "30-45", "reach_min_jamsil_rail": 30, "reach_bucket_jamsil_rail": "30-45", "reach_min_konkuk_subway": 30, "reach_bucket_konkuk_subway": "30-45", "reach_min_konkuk_rail": 30, "reach_bucket_konkuk_rail": "30-45", "reach_min_hongik_subway": 21, "reach_bucket_hongik_subway": "20-30", "reach_min_hongik_rail": 21, "reach_bucket_hongik_rail": "20-30"}}, {"type": "Feature", "geometry": {"type": "Point", "coordinates": [126.89697, 37.45051]}, "properties": {"id": "kr_239", "name": "Seongnam", "district": "Geumcheon-gu", "transit_stress_score": 3.8, "transit_stress_tier": "mid", "walk_stress_score": 87.5, "walk_stress_tier": "very-low", "reach_min_seoul_station_subway": 88, "reach_bucket_seoul_station_subway": "60-90", "reach_min_seoul_station_rail": 88, "reach_bucket_seoul_station_rail": "60-90", "reach_min_city_hall_subway": 90, "reach_bucket_city_hall_subway": "90-120", "reach_min_city_hall_rail": 90, "reach_bucket_city_hall_rail": "90-120", "reach_min_gangnam_subway": 64, "reach_bucket_gangnam_subway": "60-90", "reach_min_gangnam_rail": 64, "reach_bucket_gangnam_rail": "60-90", "reach_min_wangsimni_subway": 88, "reach_bucket_wangsimni_subway": "60-90", "reach_min_wangsimni_rail": 88, "reach_bucket_wangsimni_rail": "60-90", "reach_min_sadang_subway": 74, "reach_bucket_sadang_subway": "60-90", "reach_min_sadang_rail": 74, "reach_bucket_sadang_rail": "60-90", "reach_min_jamsil_subway": 79, "reach_bucket_jamsil_subway": "60-90", "reach_min_jamsil_rail": 79, "reach_bucket_jamsil_rail": "60-90", "reach_min_konkuk_subway": 90, "reach_bucket_konkuk_subway": "90-120", "reach_min_konkuk_rail": 90, "reach_bucket_konkuk_rail": "90-120", "reach_min_hongik_subway": 87, "reach_bucket_hongik_subway": "60-90", "reach_min_hongik_rail": 87, "reach_bucket_hongik_rail": "60-90"}}, {"type": "Feature", "geometry": {"type": "Point", "coordinates": [126.91015, 37.55599]}, "properties": {"id": "kr_240", "name": "망원", "district": "Mapo-gu", "transit_stress_score": 3.8, "transit_stress_tier": "mid", "walk_stress_score": 87.5, "walk_stress_tier": "very-low", "reach_min_seoul_station_subway": 20, "reach_bucket_seoul_station_subway": "20-30", "reach_min_seoul_station_rail": 20, "reach_bucket_seoul_station_rail": "20-30", "reach_min_city_hall_subway": 23, "reach_bucket_city_hall_subway": "20-30", "reach_min_city_hall_rail": 23, "reach_bucket_city_hall_rail": "20-30", "reach_min_gangnam_subway": 34, "reach_bucket_gangnam_subway": "30-45", "reach_min_gangnam_rail": 34, "reach_bucket_gangnam_rail": "30-45", "reach_min_wangsimni_subway": 33, "reach_bucket_wangsimni_subway": "30-45", "reach_min_wangsimni_rail": 33, "reach_bucket_wangsimni_rail": "30-45", "reach_min_sadang_subway": 30, "reach_bucket_sadang_subway": "30-45", "reach_min_sadang_rail": 30, "reach_bucket_sadang_rail": "30-45", "reach_min_jamsil_subway": 47, "reach_bucket_jamsil_subway": "45-60", "reach_min_jamsil_rail": 47, "reach_bucket_jamsil_rail": "45-60", "reach_min_konkuk_subway": 42, "reach_bucket_konkuk_subway": "30-45", "reach_min_konkuk_rail": 42, "reach_bucket_konkuk_rail": "30-45", "reach_min_hongik_subway": 29, "reach_bucket_hongik_subway": "20-30", "reach_min_hongik_rail": 29, "reach_bucket_hongik_rail": "20-30"}}, {"type": "Feature", "geometry": {"type": "Point", "coordinates": [126.90513, 37.5227]}, "properties": {"id": "kr_241", "name": "영등포시장", "district": "Yeongdeungpo-gu", "transit_stress_score": 3.7, "transit_stress_tier": "mid", "walk_stress_score": 87.5, "walk_stress_tier": "very-low", "reach_min_seoul_station_subway": 19, "reach_bucket_seoul_station_subway": "10-20", "reach_min_seoul_station_rail": 19, "reach_bucket_seoul_station_rail": "10-20", "reach_min_city_hall_subway": 21, "reach_bucket_city_hall_subway": "20-30", "reach_min_city_hall_rail": 21, "reach_bucket_city_hall_rail": "20-30", "reach_min_gangnam_subway": 25, "reach_bucket_gangnam_subway": "20-30", "reach_min_gangnam_rail": 25, "reach_bucket_gangnam_rail": "20-30", "reach_min_wangsimni_subway": 33, "reach_bucket_wangsimni_subway": "30-45", "reach_min_wangsimni_rail": 33, "reach_bucket_wangsimni_rail": "30-45", "reach_min_sadang_subway": 21, "reach_bucket_sadang_subway": "20-30", "reach_min_sadang_rail": 21, "reach_bucket_sadang_rail": "20-30", "reach_min_jamsil_subway": 38, "reach_bucket_jamsil_subway": "30-45", "reach_min_jamsil_rail": 38, "reach_bucket_jamsil_rail": "30-45", "reach_min_konkuk_subway": 42, "reach_bucket_konkuk_subway": "30-45", "reach_min_konkuk_rail": 42, "reach_bucket_konkuk_rail": "30-45", "reach_min_hongik_subway": 16, "reach_bucket_hongik_subway": "10-20", "reach_min_hongik_rail": 16, "reach_bucket_hongik_rail": "10-20"}}, {"type": "Feature", "geometry": {"type": "Point", "coordinates": [126.97195, 37.54514]}, "properties": {"id": "kr_242", "name": "Sookmyung Women's Univ.", "district": "Yongsan-gu", "transit_stress_score": 3.7, "transit_stress_tier": "mid", "walk_stress_score": 87.5, "walk_stress_tier": "very-low", "reach_min_seoul_station_subway": 2, "reach_bucket_seoul_station_subway": "<10", "reach_min_seoul_station_rail": 2, "reach_bucket_seoul_station_rail": "<10", "reach_min_city_hall_subway": 5, "reach_bucket_city_hall_subway": "<10", "reach_min_city_hall_rail": 5, "reach_bucket_city_hall_rail": "<10", "reach_min_gangnam_subway": 21, "reach_bucket_gangnam_subway": "20-30", "reach_min_gangnam_rail": 21, "reach_bucket_gangnam_rail": "20-30", "reach_min_wangsimni_subway": 17, "reach_bucket_wangsimni_subway": "10-20", "reach_min_wangsimni_rail": 17, "reach_bucket_wangsimni_rail": "10-20", "reach_min_sadang_subway": 18, "reach_bucket_sadang_subway": "10-20", "reach_min_sadang_rail": 18, "reach_bucket_sadang_rail": "10-20", "reach_min_jamsil_subway": 35, "reach_bucket_jamsil_subway": "30-45", "reach_min_jamsil_rail": 35, "reach_bucket_jamsil_rail": "30-45", "reach_min_konkuk_subway": 26, "reach_bucket_konkuk_subway": "20-30", "reach_min_konkuk_rail": 26, "reach_bucket_konkuk_rail": "20-30", "reach_min_hongik_subway": 16, "reach_bucket_hongik_subway": "10-20", "reach_min_hongik_rail": 16, "reach_bucket_hongik_rail": "10-20"}}, {"type": "Feature", "geometry": {"type": "Point", "coordinates": [127.05085, 37.56212]}, "properties": {"id": "kr_243", "name": "용답", "district": "Seongdong-gu", "transit_stress_score": 3.7, "transit_stress_tier": "mid", "walk_stress_score": 87.5, "walk_stress_tier": "very-low", "reach_min_seoul_station_subway": 21, "reach_bucket_seoul_station_subway": "20-30", "reach_min_seoul_station_rail": 21, "reach_bucket_seoul_station_rail": "20-30", "reach_min_city_hall_subway": 18, "reach_bucket_city_hall_subway": "10-20", "reach_min_city_hall_rail": 18, "reach_bucket_city_hall_rail": "10-20", "reach_min_gangnam_subway": 32, "reach_bucket_gangnam_subway": "30-45", "reach_min_gangnam_rail": 32, "reach_bucket_gangnam_rail": "30-45", "reach_min_wangsimni_subway": 11, "reach_bucket_wangsimni_subway": "10-20", "reach_min_wangsimni_rail": 11, "reach_bucket_wangsimni_rail": "10-20", "reach_min_sadang_subway": 40, "reach_bucket_sadang_subway": "30-45", "reach_min_sadang_rail": 40, "reach_bucket_sadang_rail": "30-45", "reach_min_jamsil_subway": 18, "reach_bucket_jamsil_subway": "10-20", "reach_min_jamsil_rail": 18, "reach_bucket_jamsil_rail": "10-20", "reach_min_konkuk_subway": 7, "reach_bucket_konkuk_subway": "<10", "reach_min_konkuk_rail": 7, "reach_bucket_konkuk_rail": "<10", "reach_min_hongik_subway": 30, "reach_bucket_hongik_subway": "30-45", "reach_min_hongik_rail": 30, "reach_bucket_hongik_rail": "30-45"}}, {"type": "Feature", "geometry": {"type": "Point", "coordinates": [126.94767, 37.5032]}, "properties": {"id": "kr_244", "name": "상도", "district": "Dongjak-gu", "transit_stress_score": 3.7, "transit_stress_tier": "mid", "walk_stress_score": 87.5, "walk_stress_tier": "very-low", "reach_min_seoul_station_subway": 34, "reach_bucket_seoul_station_subway": "30-45", "reach_min_seoul_station_rail": 34, "reach_bucket_seoul_station_rail": "30-45", "reach_min_city_hall_subway": 36, "reach_bucket_city_hall_subway": "30-45", "reach_min_city_hall_rail": 36, "reach_bucket_city_hall_rail": "30-45", "reach_min_gangnam_subway": 21, "reach_bucket_gangnam_subway": "20-30", "reach_min_gangnam_rail": 21, "reach_bucket_gangnam_rail": "20-30", "reach_min_wangsimni_subway": 39, "reach_bucket_wangsimni_subway": "30-45", "reach_min_wangsimni_rail": 39, "reach_bucket_wangsimni_rail": "30-45", "reach_min_sadang_subway": 26, "reach_bucket_sadang_subway": "20-30", "reach_min_sadang_rail": 26, "reach_bucket_sadang_rail": "20-30", "reach_min_jamsil_subway": 34, "reach_bucket_jamsil_subway": "30-45", "reach_min_jamsil_rail": 34, "reach_bucket_jamsil_rail": "30-45", "reach_min_konkuk_subway": 45, "reach_bucket_konkuk_subway": "45-60", "reach_min_konkuk_rail": 45, "reach_bucket_konkuk_rail": "45-60", "reach_min_hongik_subway": 42, "reach_bucket_hongik_subway": "30-45", "reach_min_hongik_rail": 42, "reach_bucket_hongik_rail": "30-45"}}, {"type": "Feature", "geometry": {"type": "Point", "coordinates": [126.96138, 37.53932]}, "properties": {"id": "kr_245", "name": "효창공원앞", "district": "Yongsan-gu", "transit_stress_score": 3.6, "transit_stress_tier": "mid", "walk_stress_score": 100.0, "walk_stress_tier": "mid", "reach_min_seoul_station_subway": 8, "reach_bucket_seoul_station_subway": "<10", "reach_min_seoul_station_rail": 8, "reach_bucket_seoul_station_rail": "<10", "reach_min_city_hall_subway": 10, "reach_bucket_city_hall_subway": "10-20", "reach_min_city_hall_rail": 10, "reach_bucket_city_hall_rail": "10-20", "reach_min_gangnam_subway": 22, "reach_bucket_gangnam_subway": "20-30", "reach_min_gangnam_rail": 22, "reach_bucket_gangnam_rail": "20-30", "reach_min_wangsimni_subway": 21, "reach_bucket_wangsimni_subway": "20-30", "reach_min_wangsimni_rail": 21, "reach_bucket_wangsimni_rail": "20-30", "reach_min_sadang_subway": 18, "reach_bucket_sadang_subway": "10-20", "reach_min_sadang_rail": 18, "reach_bucket_sadang_rail": "10-20", "reach_min_jamsil_subway": 35, "reach_bucket_jamsil_subway": "30-45", "reach_min_jamsil_rail": 35, "reach_bucket_jamsil_rail": "30-45", "reach_min_konkuk_subway": 30, "reach_bucket_konkuk_subway": "30-45", "reach_min_konkuk_rail": 30, "reach_bucket_konkuk_rail": "30-45", "reach_min_hongik_subway": 21, "reach_bucket_hongik_subway": "20-30", "reach_min_hongik_rail": 21, "reach_bucket_hongik_rail": "20-30"}}, {"type": "Feature", "geometry": {"type": "Point", "coordinates": [126.97691, 37.57161]}, "properties": {"id": "kr_246", "name": "Gwanghwamun", "district": "Jongno-gu", "transit_stress_score": 3.6, "transit_stress_tier": "mid", "walk_stress_score": 50.0, "walk_stress_tier": "very-low", "reach_min_seoul_station_subway": 9, "reach_bucket_seoul_station_subway": "<10", "reach_min_seoul_station_rail": 9, "reach_bucket_seoul_station_rail": "<10", "reach_min_city_hall_subway": 7, "reach_bucket_city_hall_subway": "<10", "reach_min_city_hall_rail": 7, "reach_bucket_city_hall_rail": "<10", "reach_min_gangnam_subway": 27, "reach_bucket_gangnam_subway": "20-30", "reach_min_gangnam_rail": 27, "reach_bucket_gangnam_rail": "20-30", "reach_min_wangsimni_subway": 13, "reach_bucket_wangsimni_subway": "10-20", "reach_min_wangsimni_rail": 13, "reach_bucket_wangsimni_rail": "10-20", "reach_min_sadang_subway": 29, "reach_bucket_sadang_subway": "20-30", "reach_min_sadang_rail": 29, "reach_bucket_sadang_rail": "20-30", "reach_min_jamsil_subway": 33, "reach_bucket_jamsil_subway": "30-45", "reach_min_jamsil_rail": 33, "reach_bucket_jamsil_rail": "30-45", "reach_min_konkuk_subway": 22, "reach_bucket_konkuk_subway": "20-30", "reach_min_konkuk_rail": 22, "reach_bucket_konkuk_rail": "20-30", "reach_min_hongik_subway": 18, "reach_bucket_hongik_subway": "10-20", "reach_min_hongik_rail": 18, "reach_bucket_hongik_rail": "10-20"}}, {"type": "Feature", "geometry": {"type": "Point", "coordinates": [126.98852, 37.46504]}, "properties": {"id": "kr_247", "name": "Namtaeryeong", "district": "Seocho-gu", "transit_stress_score": 3.4, "transit_stress_tier": "mid", "walk_stress_score": 100.0, "walk_stress_tier": "mid", "reach_min_seoul_station_subway": 23, "reach_bucket_seoul_station_subway": "20-30", "reach_min_seoul_station_rail": 23, "reach_bucket_seoul_station_rail": "20-30", "reach_min_city_hall_subway": 26, "reach_bucket_city_hall_subway": "20-30", "reach_min_city_hall_rail": 26, "reach_bucket_city_hall_rail": "20-30", "reach_min_gangnam_subway": 14, "reach_bucket_gangnam_subway": "10-20", "reach_min_gangnam_rail": 14, "reach_bucket_gangnam_rail": "10-20", "reach_min_wangsimni_subway": 37, "reach_bucket_wangsimni_subway": "30-45", "reach_min_wangsimni_rail": 37, "reach_bucket_wangsimni_rail": "30-45", "reach_min_sadang_subway": 3, "reach_bucket_sadang_subway": "<10", "reach_min_sadang_rail": 3, "reach_bucket_sadang_rail": "<10", "reach_min_jamsil_subway": 29, "reach_bucket_jamsil_subway": "20-30", "reach_min_jamsil_rail": 29, "reach_bucket_jamsil_rail": "20-30", "reach_min_konkuk_subway": 40, "reach_bucket_konkuk_subway": "30-45", "reach_min_konkuk_rail": 40, "reach_bucket_konkuk_rail": "30-45", "reach_min_hongik_subway": 32, "reach_bucket_hongik_subway": "30-45", "reach_min_hongik_rail": 32, "reach_bucket_hongik_rail": "30-45"}}, {"type": "Feature", "geometry": {"type": "Point", "coordinates": [126.67902, 37.46516]}, "properties": {"id": "kr_248", "name": "Juan", "district": null, "transit_stress_score": 3.4, "transit_stress_tier": "mid", "walk_stress_score": 87.5, "walk_stress_tier": "very-low", "reach_min_seoul_station_subway": 57, "reach_bucket_seoul_station_subway": "45-60", "reach_min_seoul_station_rail": 57, "reach_bucket_seoul_station_rail": "45-60", "reach_min_city_hall_subway": 59, "reach_bucket_city_hall_subway": "45-60", "reach_min_city_hall_rail": 59, "reach_bucket_city_hall_rail": "45-60", "reach_min_gangnam_subway": 66, "reach_bucket_gangnam_subway": "60-90", "reach_min_gangnam_rail": 66, "reach_bucket_gangnam_rail": "60-90", "reach_min_wangsimni_subway": 71, "reach_bucket_wangsimni_subway": "60-90", "reach_min_wangsimni_rail": 71, "reach_bucket_wangsimni_rail": "60-90", "reach_min_sadang_subway": 62, "reach_bucket_sadang_subway": "60-90", "reach_min_sadang_rail": 62, "reach_bucket_sadang_rail": "60-90", "reach_min_jamsil_subway": 79, "reach_bucket_jamsil_subway": "60-90", "reach_min_jamsil_rail": 79, "reach_bucket_jamsil_rail": "60-90", "reach_min_konkuk_subway": 80, "reach_bucket_konkuk_subway": "60-90", "reach_min_konkuk_rail": 80, "reach_bucket_konkuk_rail": "60-90", "reach_min_hongik_subway": 53, "reach_bucket_hongik_subway": "45-60", "reach_min_hongik_rail": 53, "reach_bucket_hongik_rail": "45-60"}}, {"type": "Feature", "geometry": {"type": "Point", "coordinates": [126.95091, 37.38991]}, "properties": {"id": "kr_249", "name": "Beomgye", "district": null, "transit_stress_score": 3.3, "transit_stress_tier": "mid", "walk_stress_score": 100.0, "walk_stress_tier": "mid", "reach_min_seoul_station_subway": 48, "reach_bucket_seoul_station_subway": "45-60", "reach_min_seoul_station_rail": 48, "reach_bucket_seoul_station_rail": "45-60", "reach_min_city_hall_subway": 50, "reach_bucket_city_hall_subway": "45-60", "reach_min_city_hall_rail": 50, "reach_bucket_city_hall_rail": "45-60", "reach_min_gangnam_subway": 39, "reach_bucket_gangnam_subway": "30-45", "reach_min_gangnam_rail": 39, "reach_bucket_gangnam_rail": "30-45", "reach_min_wangsimni_subway": 61, "reach_bucket_wangsimni_subway": "60-90", "reach_min_wangsimni_rail": 61, "reach_bucket_wangsimni_rail": "60-90", "reach_min_sadang_subway": 28, "reach_bucket_sadang_subway": "20-30", "reach_min_sadang_rail": 28, "reach_bucket_sadang_rail": "20-30", "reach_min_jamsil_subway": 54, "reach_bucket_jamsil_subway": "45-60", "reach_min_jamsil_rail": 54, "reach_bucket_jamsil_rail": "45-60", "reach_min_konkuk_subway": 65, "reach_bucket_konkuk_subway": "60-90", "reach_min_konkuk_rail": 65, "reach_bucket_konkuk_rail": "60-90", "reach_min_hongik_subway": 51, "reach_bucket_hongik_subway": "45-60", "reach_min_hongik_rail": 51, "reach_bucket_hongik_rail": "45-60"}}, {"type": "Feature", "geometry": {"type": "Point", "coordinates": [127.04699, 37.48704]}, "properties": {"id": "kr_250", "name": "Maebong", "district": "Gangnam-gu", "transit_stress_score": 3.3, "transit_stress_tier": "mid", "walk_stress_score": 87.5, "walk_stress_tier": "very-low", "reach_min_seoul_station_subway": 30, "reach_bucket_seoul_station_subway": "30-45", "reach_min_seoul_station_rail": 30, "reach_bucket_seoul_station_rail": "30-45", "reach_min_city_hall_subway": 32, "reach_bucket_city_hall_subway": "30-45", "reach_min_city_hall_rail": 32, "reach_bucket_city_hall_rail": "30-45", "reach_min_gangnam_subway": 6, "reach_bucket_gangnam_subway": "<10", "reach_min_gangnam_rail": 6, "reach_bucket_gangnam_rail": "<10", "reach_min_wangsimni_subway": 30, "reach_bucket_wangsimni_subway": "30-45", "reach_min_wangsimni_rail": 30, "reach_bucket_wangsimni_rail": "30-45", "reach_min_sadang_subway": 16, "reach_bucket_sadang_subway": "10-20", "reach_min_sadang_rail": 16, "reach_bucket_sadang_rail": "10-20", "reach_min_jamsil_subway": 21, "reach_bucket_jamsil_subway": "20-30", "reach_min_jamsil_rail": 21, "reach_bucket_jamsil_rail": "20-30", "reach_min_konkuk_subway": 32, "reach_bucket_konkuk_subway": "30-45", "reach_min_konkuk_rail": 32, "reach_bucket_konkuk_rail": "30-45", "reach_min_hongik_subway": 38, "reach_bucket_hongik_subway": "30-45", "reach_min_hongik_rail": 38, "reach_bucket_hongik_rail": "30-45"}}, {"type": "Feature", "geometry": {"type": "Point", "coordinates": [127.04696, 37.48708]}, "properties": {"id": "kr_251", "name": "매봉", "district": "Gangnam-gu", "transit_stress_score": 3.3, "transit_stress_tier": "mid", "walk_stress_score": 87.5, "walk_stress_tier": "very-low", "reach_min_seoul_station_subway": 30, "reach_bucket_seoul_station_subway": "30-45", "reach_min_seoul_station_rail": 30, "reach_bucket_seoul_station_rail": "30-45", "reach_min_city_hall_subway": 32, "reach_bucket_city_hall_subway": "30-45", "reach_min_city_hall_rail": 32, "reach_bucket_city_hall_rail": "30-45", "reach_min_gangnam_subway": 6, "reach_bucket_gangnam_subway": "<10", "reach_min_gangnam_rail": 6, "reach_bucket_gangnam_rail": "<10", "reach_min_wangsimni_subway": 30, "reach_bucket_wangsimni_subway": "30-45", "reach_min_wangsimni_rail": 30, "reach_bucket_wangsimni_rail": "30-45", "reach_min_sadang_subway": 16, "reach_bucket_sadang_subway": "10-20", "reach_min_sadang_rail": 16, "reach_bucket_sadang_rail": "10-20", "reach_min_jamsil_subway": 21, "reach_bucket_jamsil_subway": "20-30", "reach_min_jamsil_rail": 21, "reach_bucket_jamsil_rail": "20-30", "reach_min_konkuk_subway": 32, "reach_bucket_konkuk_subway": "30-45", "reach_min_konkuk_rail": 32, "reach_bucket_konkuk_rail": "30-45", "reach_min_hongik_subway": 38, "reach_bucket_hongik_subway": "30-45", "reach_min_hongik_rail": 38, "reach_bucket_hongik_rail": "30-45"}}, {"type": "Feature", "geometry": {"type": "Point", "coordinates": [127.03691, 37.50081]}, "properties": {"id": "kr_252", "name": "Yeoksam", "district": "Gangnam-gu", "transit_stress_score": 3.3, "transit_stress_tier": "mid", "walk_stress_score": 87.5, "walk_stress_tier": "very-low", "reach_min_seoul_station_subway": 26, "reach_bucket_seoul_station_subway": "20-30", "reach_min_seoul_station_rail": 26, "reach_bucket_seoul_station_rail": "20-30", "reach_min_city_hall_subway": 28, "reach_bucket_city_hall_subway": "20-30", "reach_min_city_hall_rail": 28, "reach_bucket_city_hall_rail": "20-30", "reach_min_gangnam_subway": 2, "reach_bucket_gangnam_subway": "<10", "reach_min_gangnam_rail": 2, "reach_bucket_gangnam_rail": "<10", "reach_min_wangsimni_subway": 26, "reach_bucket_wangsimni_subway": "20-30", "reach_min_wangsimni_rail": 26, "reach_bucket_wangsimni_rail": "20-30", "reach_min_sadang_subway": 13, "reach_bucket_sadang_subway": "10-20", "reach_min_sadang_rail": 13, "reach_bucket_sadang_rail": "10-20", "reach_min_jamsil_subway": 13, "reach_bucket_jamsil_subway": "10-20", "reach_min_jamsil_rail": 13, "reach_bucket_jamsil_rail": "10-20", "reach_min_konkuk_subway": 24, "reach_bucket_konkuk_subway": "20-30", "reach_min_konkuk_rail": 24, "reach_bucket_konkuk_rail": "20-30", "reach_min_hongik_subway": 34, "reach_bucket_hongik_subway": "30-45", "reach_min_hongik_rail": 34, "reach_bucket_hongik_rail": "30-45"}}, {"type": "Feature", "geometry": {"type": "Point", "coordinates": [127.12808, 37.50219]}, "properties": {"id": "kr_253", "name": "Ogeum", "district": "Songpa-gu", "transit_stress_score": 3.3, "transit_stress_tier": "mid", "walk_stress_score": 75.0, "walk_stress_tier": "very-low", "reach_min_seoul_station_subway": 45, "reach_bucket_seoul_station_subway": "45-60", "reach_min_seoul_station_rail": 45, "reach_bucket_seoul_station_rail": "45-60", "reach_min_city_hall_subway": 44, "reach_bucket_city_hall_subway": "30-45", "reach_min_city_hall_rail": 44, "reach_bucket_city_hall_rail": "30-45", "reach_min_gangnam_subway": 24, "reach_bucket_gangnam_subway": "20-30", "reach_min_gangnam_rail": 24, "reach_bucket_gangnam_rail": "20-30", "reach_min_wangsimni_subway": 31, "reach_bucket_wangsimni_subway": "30-45", "reach_min_wangsimni_rail": 31, "reach_bucket_wangsimni_rail": "30-45", "reach_min_sadang_subway": 34, "reach_bucket_sadang_subway": "30-45", "reach_min_sadang_rail": 34, "reach_bucket_sadang_rail": "30-45", "reach_min_jamsil_subway": 19, "reach_bucket_jamsil_subway": "10-20", "reach_min_jamsil_rail": 19, "reach_bucket_jamsil_rail": "10-20", "reach_min_konkuk_subway": 30, "reach_bucket_konkuk_subway": "30-45", "reach_min_konkuk_rail": 30, "reach_bucket_konkuk_rail": "30-45", "reach_min_hongik_subway": 54, "reach_bucket_hongik_subway": "45-60", "reach_min_hongik_rail": 54, "reach_bucket_hongik_rail": "45-60"}}, {"type": "Feature", "geometry": {"type": "Point", "coordinates": [126.77621, 37.50304]}, "properties": {"id": "kr_254", "name": "신중동", "district": null, "transit_stress_score": 3.2, "transit_stress_tier": "mid", "walk_stress_score": 100.0, "walk_stress_tier": "mid", "reach_min_seoul_station_subway": 42, "reach_bucket_seoul_station_subway": "30-45", "reach_min_seoul_station_rail": 42, "reach_bucket_seoul_station_rail": "30-45", "reach_min_city_hall_subway": 44, "reach_bucket_city_hall_subway": "30-45", "reach_min_city_hall_rail": 44, "reach_bucket_city_hall_rail": "30-45", "reach_min_gangnam_subway": 51, "reach_bucket_gangnam_subway": "45-60", "reach_min_gangnam_rail": 51, "reach_bucket_gangnam_rail": "45-60", "reach_min_wangsimni_subway": 56, "reach_bucket_wangsimni_subway": "45-60", "reach_min_wangsimni_rail": 56, "reach_bucket_wangsimni_rail": "45-60", "reach_min_sadang_subway": 47, "reach_bucket_sadang_subway": "45-60", "reach_min_sadang_rail": 47, "reach_bucket_sadang_rail": "45-60", "reach_min_jamsil_subway": 65, "reach_bucket_jamsil_subway": "60-90", "reach_min_jamsil_rail": 65, "reach_bucket_jamsil_rail": "60-90", "reach_min_konkuk_subway": 65, "reach_bucket_konkuk_subway": "60-90", "reach_min_konkuk_rail": 65, "reach_bucket_konkuk_rail": "60-90", "reach_min_hongik_subway": 38, "reach_bucket_hongik_subway": "30-45", "reach_min_hongik_rail": 38, "reach_bucket_hongik_rail": "30-45"}}, {"type": "Feature", "geometry": {"type": "Point", "coordinates": [126.89499, 37.49329]}, "properties": {"id": "kr_255", "name": "Daerim(Guro-gu Office)", "district": "Guro-gu", "transit_stress_score": 3.1, "transit_stress_tier": "mid", "walk_stress_score": 87.5, "walk_stress_tier": "very-low", "reach_min_seoul_station_subway": 21, "reach_bucket_seoul_station_subway": "20-30", "reach_min_seoul_station_rail": 21, "reach_bucket_seoul_station_rail": "20-30", "reach_min_city_hall_subway": 23, "reach_bucket_city_hall_subway": "20-30", "reach_min_city_hall_rail": 23, "reach_bucket_city_hall_rail": "20-30", "reach_min_gangnam_subway": 29, "reach_bucket_gangnam_subway": "20-30", "reach_min_gangnam_rail": 29, "reach_bucket_gangnam_rail": "20-30", "reach_min_wangsimni_subway": 35, "reach_bucket_wangsimni_subway": "30-45", "reach_min_wangsimni_rail": 35, "reach_bucket_wangsimni_rail": "30-45", "reach_min_sadang_subway": 19, "reach_bucket_sadang_subway": "10-20", "reach_min_sadang_rail": 19, "reach_bucket_sadang_rail": "10-20", "reach_min_jamsil_subway": 43, "reach_bucket_jamsil_subway": "30-45", "reach_min_jamsil_rail": 43, "reach_bucket_jamsil_rail": "30-45", "reach_min_konkuk_subway": 44, "reach_bucket_konkuk_subway": "30-45", "reach_min_konkuk_rail": 44, "reach_bucket_konkuk_rail": "30-45", "reach_min_hongik_subway": 17, "reach_bucket_hongik_subway": "10-20", "reach_min_hongik_rail": 17, "reach_bucket_hongik_rail": "10-20"}}, {"type": "Feature", "geometry": {"type": "Point", "coordinates": [126.86777, 37.47604]}, "properties": {"id": "kr_256", "name": "Cheolsan", "district": null, "transit_stress_score": 3.1, "transit_stress_tier": "mid", "walk_stress_score": 100.0, "walk_stress_tier": "mid", "reach_min_seoul_station_subway": 40, "reach_bucket_seoul_station_subway": "30-45", "reach_min_seoul_station_rail": 40, "reach_bucket_seoul_station_rail": "30-45", "reach_min_city_hall_subway": 43, "reach_bucket_city_hall_subway": "30-45", "reach_min_city_hall_rail": 43, "reach_bucket_city_hall_rail": "30-45", "reach_min_gangnam_subway": 40, "reach_bucket_gangnam_subway": "30-45", "reach_min_gangnam_rail": 40, "reach_bucket_gangnam_rail": "30-45", "reach_min_wangsimni_subway": 54, "reach_bucket_wangsimni_subway": "45-60", "reach_min_wangsimni_rail": 54, "reach_bucket_wangsimni_rail": "45-60", "reach_min_sadang_subway": 45, "reach_bucket_sadang_subway": "45-60", "reach_min_sadang_rail": 45, "reach_bucket_sadang_rail": "45-60", "reach_min_jamsil_subway": 53, "reach_bucket_jamsil_subway": "45-60", "reach_min_jamsil_rail": 53, "reach_bucket_jamsil_rail": "45-60", "reach_min_konkuk_subway": 64, "reach_bucket_konkuk_subway": "60-90", "reach_min_konkuk_rail": 64, "reach_bucket_konkuk_rail": "60-90", "reach_min_hongik_subway": 37, "reach_bucket_hongik_subway": "30-45", "reach_min_hongik_rail": 37, "reach_bucket_hongik_rail": "30-45"}}, {"type": "Feature", "geometry": {"type": "Point", "coordinates": [126.9567, 37.55344]}, "properties": {"id": "kr_257", "name": "애오개", "district": "Mapo-gu", "transit_stress_score": 3.0, "transit_stress_tier": "mid", "walk_stress_score": 87.5, "walk_stress_tier": "very-low", "reach_min_seoul_station_subway": 13, "reach_bucket_seoul_station_subway": "10-20", "reach_min_seoul_station_rail": 13, "reach_bucket_seoul_station_rail": "10-20", "reach_min_city_hall_subway": 13, "reach_bucket_city_hall_subway": "10-20", "reach_min_city_hall_rail": 13, "reach_bucket_city_hall_rail": "10-20", "reach_min_gangnam_subway": 27, "reach_bucket_gangnam_subway": "20-30", "reach_min_gangnam_rail": 27, "reach_bucket_gangnam_rail": "20-30", "reach_min_wangsimni_subway": 20, "reach_bucket_wangsimni_subway": "20-30", "reach_min_wangsimni_rail": 20, "reach_bucket_wangsimni_rail": "20-30", "reach_min_sadang_subway": 23, "reach_bucket_sadang_subway": "20-30", "reach_min_sadang_rail": 23, "reach_bucket_sadang_rail": "20-30", "reach_min_jamsil_subway": 40, "reach_bucket_jamsil_subway": "30-45", "reach_min_jamsil_rail": 40, "reach_bucket_jamsil_rail": "30-45", "reach_min_konkuk_subway": 29, "reach_bucket_konkuk_subway": "20-30", "reach_min_konkuk_rail": 29, "reach_bucket_konkuk_rail": "20-30", "reach_min_hongik_subway": 22, "reach_bucket_hongik_subway": "20-30", "reach_min_hongik_rail": 22, "reach_bucket_hongik_rail": "20-30"}}, {"type": "Feature", "geometry": {"type": "Point", "coordinates": [126.70368, 37.50858]}, "properties": {"id": "kr_258", "name": "Sangok", "district": null, "transit_stress_score": 3.0, "transit_stress_tier": "mid", "walk_stress_score": 100.0, "walk_stress_tier": "mid", "reach_min_seoul_station_subway": 56, "reach_bucket_seoul_station_subway": "45-60", "reach_min_seoul_station_rail": 56, "reach_bucket_seoul_station_rail": "45-60", "reach_min_city_hall_subway": 59, "reach_bucket_city_hall_subway": "45-60", "reach_min_city_hall_rail": 59, "reach_bucket_city_hall_rail": "45-60", "reach_min_gangnam_subway": 66, "reach_bucket_gangnam_subway": "60-90", "reach_min_gangnam_rail": 66, "reach_bucket_gangnam_rail": "60-90", "reach_min_wangsimni_subway": 71, "reach_bucket_wangsimni_subway": "60-90", "reach_min_wangsimni_rail": 71, "reach_bucket_wangsimni_rail": "60-90", "reach_min_sadang_subway": 62, "reach_bucket_sadang_subway": "60-90", "reach_min_sadang_rail": 62, "reach_bucket_sadang_rail": "60-90", "reach_min_jamsil_subway": 79, "reach_bucket_jamsil_subway": "60-90", "reach_min_jamsil_rail": 79, "reach_bucket_jamsil_rail": "60-90", "reach_min_konkuk_subway": 80, "reach_bucket_konkuk_subway": "60-90", "reach_min_konkuk_rail": 80, "reach_bucket_konkuk_rail": "60-90", "reach_min_hongik_subway": 53, "reach_bucket_hongik_subway": "45-60", "reach_min_hongik_rail": 53, "reach_bucket_hongik_rail": "45-60"}}, {"type": "Feature", "geometry": {"type": "Point", "coordinates": [126.90339, 37.56352]}, "properties": {"id": "kr_259", "name": "마포구청", "district": "Mapo-gu", "transit_stress_score": 2.9, "transit_stress_tier": "mid", "walk_stress_score": 100.0, "walk_stress_tier": "mid", "reach_min_seoul_station_subway": 23, "reach_bucket_seoul_station_subway": "20-30", "reach_min_seoul_station_rail": 23, "reach_bucket_seoul_station_rail": "20-30", "reach_min_city_hall_subway": 25, "reach_bucket_city_hall_subway": "20-30", "reach_min_city_hall_rail": 25, "reach_bucket_city_hall_rail": "20-30", "reach_min_gangnam_subway": 37, "reach_bucket_gangnam_subway": "30-45", "reach_min_gangnam_rail": 37, "reach_bucket_gangnam_rail": "30-45", "reach_min_wangsimni_subway": 35, "reach_bucket_wangsimni_subway": "30-45", "reach_min_wangsimni_rail": 35, "reach_bucket_wangsimni_rail": "30-45", "reach_min_sadang_subway": 33, "reach_bucket_sadang_subway": "30-45", "reach_min_sadang_rail": 33, "reach_bucket_sadang_rail": "30-45", "reach_min_jamsil_subway": 50, "reach_bucket_jamsil_subway": "45-60", "reach_min_jamsil_rail": 50, "reach_bucket_jamsil_rail": "45-60", "reach_min_konkuk_subway": 44, "reach_bucket_konkuk_subway": "30-45", "reach_min_konkuk_rail": 44, "reach_bucket_konkuk_rail": "30-45", "reach_min_hongik_subway": 32, "reach_bucket_hongik_subway": "30-45", "reach_min_hongik_rail": 32, "reach_bucket_hongik_rail": "30-45"}}, {"type": "Feature", "geometry": {"type": "Point", "coordinates": [126.96664, 37.56579]}, "properties": {"id": "kr_260", "name": "서대문", "district": null, "transit_stress_score": 2.9, "transit_stress_tier": "mid", "walk_stress_score": 87.5, "walk_stress_tier": "very-low", "reach_min_seoul_station_subway": 12, "reach_bucket_seoul_station_subway": "10-20", "reach_min_seoul_station_rail": 12, "reach_bucket_seoul_station_rail": "10-20", "reach_min_city_hall_subway": 9, "reach_bucket_city_hall_subway": "<10", "reach_min_city_hall_rail": 9, "reach_bucket_city_hall_rail": "<10", "reach_min_gangnam_subway": 29, "reach_bucket_gangnam_subway": "20-30", "reach_min_gangnam_rail": 29, "reach_bucket_gangnam_rail": "20-30", "reach_min_wangsimni_subway": 16, "reach_bucket_wangsimni_subway": "10-20", "reach_min_wangsimni_rail": 16, "reach_bucket_wangsimni_rail": "10-20", "reach_min_sadang_subway": 27, "reach_bucket_sadang_subway": "20-30", "reach_min_sadang_rail": 27, "reach_bucket_sadang_rail": "20-30", "reach_min_jamsil_subway": 36, "reach_bucket_jamsil_subway": "30-45", "reach_min_jamsil_rail": 36, "reach_bucket_jamsil_rail": "30-45", "reach_min_konkuk_subway": 25, "reach_bucket_konkuk_subway": "20-30", "reach_min_konkuk_rail": 25, "reach_bucket_konkuk_rail": "20-30", "reach_min_hongik_subway": 21, "reach_bucket_hongik_subway": "20-30", "reach_min_hongik_rail": 21, "reach_bucket_hongik_rail": "20-30"}}, {"type": "Feature", "geometry": {"type": "Point", "coordinates": [126.77776, 37.65201]}, "properties": {"id": "kr_261", "name": "Madu", "district": null, "transit_stress_score": 2.9, "transit_stress_tier": "mid", "walk_stress_score": 100.0, "walk_stress_tier": "mid", "reach_min_seoul_station_subway": 64, "reach_bucket_seoul_station_subway": "60-90", "reach_min_seoul_station_rail": 64, "reach_bucket_seoul_station_rail": "60-90", "reach_min_city_hall_subway": 61, "reach_bucket_city_hall_subway": "60-90", "reach_min_city_hall_rail": 61, "reach_bucket_city_hall_rail": "60-90", "reach_min_gangnam_subway": 81, "reach_bucket_gangnam_subway": "60-90", "reach_min_gangnam_rail": 81, "reach_bucket_gangnam_rail": "60-90", "reach_min_wangsimni_subway": 67, "reach_bucket_wangsimni_subway": "60-90", "reach_min_wangsimni_rail": 67, "reach_bucket_wangsimni_rail": "60-90", "reach_min_sadang_subway": 84, "reach_bucket_sadang_subway": "60-90", "reach_min_sadang_rail": 84, "reach_bucket_sadang_rail": "60-90", "reach_min_jamsil_subway": 88, "reach_bucket_jamsil_subway": "60-90", "reach_min_jamsil_rail": 88, "reach_bucket_jamsil_rail": "60-90", "reach_min_konkuk_subway": 77, "reach_bucket_konkuk_subway": "60-90", "reach_min_konkuk_rail": 77, "reach_bucket_konkuk_rail": "60-90", "reach_min_hongik_subway": 72, "reach_bucket_hongik_subway": "60-90", "reach_min_hongik_rail": 72, "reach_bucket_hongik_rail": "60-90"}}, {"type": "Feature", "geometry": {"type": "Point", "coordinates": [127.07908, 37.67025]}, "properties": {"id": "kr_262", "name": "Buramsan", "district": "Nowon-gu", "transit_stress_score": 2.9, "transit_stress_tier": "mid", "walk_stress_score": 100.0, "walk_stress_tier": "mid", "reach_min_seoul_station_subway": 43, "reach_bucket_seoul_station_subway": "30-45", "reach_min_seoul_station_rail": 43, "reach_bucket_seoul_station_rail": "30-45", "reach_min_city_hall_subway": 41, "reach_bucket_city_hall_subway": "30-45", "reach_min_city_hall_rail": 41, "reach_bucket_city_hall_rail": "30-45", "reach_min_gangnam_subway": 55, "reach_bucket_gangnam_subway": "45-60", "reach_min_gangnam_rail": 55, "reach_bucket_gangnam_rail": "45-60", "reach_min_wangsimni_subway": 41, "reach_bucket_wangsimni_subway": "30-45", "reach_min_wangsimni_rail": 41, "reach_bucket_wangsimni_rail": "30-45", "reach_min_sadang_subway": 63, "reach_bucket_sadang_subway": "60-90", "reach_min_sadang_rail": 63, "reach_bucket_sadang_rail": "60-90", "reach_min_jamsil_subway": 61, "reach_bucket_jamsil_subway": "60-90", "reach_min_jamsil_rail": 61, "reach_bucket_jamsil_rail": "60-90", "reach_min_konkuk_subway": 50, "reach_bucket_konkuk_subway": "45-60", "reach_min_konkuk_rail": 50, "reach_bucket_konkuk_rail": "45-60", "reach_min_hongik_subway": 52, "reach_bucket_hongik_subway": "45-60", "reach_min_hongik_rail": 52, "reach_bucket_hongik_rail": "45-60"}}, {"type": "Feature", "geometry": {"type": "Point", "coordinates": [126.7887, 37.32709]}, "properties": {"id": "kr_263", "name": "Ansan", "district": null, "transit_stress_score": 2.9, "transit_stress_tier": "mid", "walk_stress_score": 100.0, "walk_stress_tier": "mid", "reach_min_seoul_station_subway": 81, "reach_bucket_seoul_station_subway": "60-90", "reach_min_seoul_station_rail": 81, "reach_bucket_seoul_station_rail": "60-90", "reach_min_city_hall_subway": 84, "reach_bucket_city_hall_subway": "60-90", "reach_min_city_hall_rail": 84, "reach_bucket_city_hall_rail": "60-90", "reach_min_gangnam_subway": 78, "reach_bucket_gangnam_subway": "60-90", "reach_min_gangnam_rail": 78, "reach_bucket_gangnam_rail": "60-90", "reach_min_wangsimni_subway": 95, "reach_bucket_wangsimni_subway": "90-120", "reach_min_wangsimni_rail": 95, "reach_bucket_wangsimni_rail": "90-120", "reach_min_sadang_subway": 67, "reach_bucket_sadang_subway": "60-90", "reach_min_sadang_rail": 67, "reach_bucket_sadang_rail": "60-90", "reach_min_jamsil_subway": 93, "reach_bucket_jamsil_subway": "90-120", "reach_min_jamsil_rail": 93, "reach_bucket_jamsil_rail": "90-120", "reach_min_konkuk_subway": 104, "reach_bucket_konkuk_subway": "90-120", "reach_min_konkuk_rail": 104, "reach_bucket_konkuk_rail": "90-120", "reach_min_hongik_subway": 81, "reach_bucket_hongik_subway": "60-90", "reach_min_hongik_rail": 81, "reach_bucket_hongik_rail": "60-90"}}, {"type": "Feature", "geometry": {"type": "Point", "coordinates": [127.14079, 37.60237]}, "properties": {"id": "kr_264", "name": "Guri", "district": null, "transit_stress_score": 2.9, "transit_stress_tier": "mid", "walk_stress_score": 100.0, "walk_stress_tier": "mid", "reach_min_seoul_station_subway": 50, "reach_bucket_seoul_station_subway": "45-60", "reach_min_seoul_station_rail": 50, "reach_bucket_seoul_station_rail": "45-60", "reach_min_city_hall_subway": 48, "reach_bucket_city_hall_subway": "45-60", "reach_min_city_hall_rail": 48, "reach_bucket_city_hall_rail": "45-60", "reach_min_gangnam_subway": 42, "reach_bucket_gangnam_subway": "30-45", "reach_min_gangnam_rail": 42, "reach_bucket_gangnam_rail": "30-45", "reach_min_wangsimni_subway": 35, "reach_bucket_wangsimni_subway": "30-45", "reach_min_wangsimni_rail": 35, "reach_bucket_wangsimni_rail": "30-45", "reach_min_sadang_subway": 53, "reach_bucket_sadang_subway": "45-60", "reach_min_sadang_rail": 53, "reach_bucket_sadang_rail": "45-60", "reach_min_jamsil_subway": 37, "reach_bucket_jamsil_subway": "30-45", "reach_min_jamsil_rail": 37, "reach_bucket_jamsil_rail": "30-45", "reach_min_konkuk_subway": 44, "reach_bucket_konkuk_subway": "30-45", "reach_min_konkuk_rail": 44, "reach_bucket_konkuk_rail": "30-45", "reach_min_hongik_subway": 60, "reach_bucket_hongik_subway": "60-90", "reach_min_hongik_rail": 60, "reach_bucket_hongik_rail": "60-90"}}, {"type": "Feature", "geometry": {"type": "Point", "coordinates": [127.15678, 37.44508]}, "properties": {"id": "kr_265", "name": "Dandaeogeori", "district": null, "transit_stress_score": 2.9, "transit_stress_tier": "mid", "walk_stress_score": 87.5, "walk_stress_tier": "very-low", "reach_min_seoul_station_subway": 58, "reach_bucket_seoul_station_subway": "45-60", "reach_min_seoul_station_rail": 58, "reach_bucket_seoul_station_rail": "45-60", "reach_min_city_hall_subway": 60, "reach_bucket_city_hall_subway": "60-90", "reach_min_city_hall_rail": 60, "reach_bucket_city_hall_rail": "60-90", "reach_min_gangnam_subway": 36, "reach_bucket_gangnam_subway": "30-45", "reach_min_gangnam_rail": 36, "reach_bucket_gangnam_rail": "30-45", "reach_min_wangsimni_subway": 50, "reach_bucket_wangsimni_subway": "45-60", "reach_min_wangsimni_rail": 50, "reach_bucket_wangsimni_rail": "45-60", "reach_min_sadang_subway": 47, "reach_bucket_sadang_subway": "45-60", "reach_min_sadang_rail": 47, "reach_bucket_sadang_rail": "45-60", "reach_min_jamsil_subway": 31, "reach_bucket_jamsil_subway": "30-45", "reach_min_jamsil_rail": 31, "reach_bucket_jamsil_rail": "30-45", "reach_min_konkuk_subway": 42, "reach_bucket_konkuk_subway": "30-45", "reach_min_konkuk_rail": 42, "reach_bucket_konkuk_rail": "30-45", "reach_min_hongik_subway": 66, "reach_bucket_hongik_subway": "60-90", "reach_min_hongik_rail": 66, "reach_bucket_hongik_rail": "60-90"}}, {"type": "Feature", "geometry": {"type": "Point", "coordinates": [127.08028, 37.31343]}, "properties": {"id": "kr_266", "name": "Seongbok", "district": null, "transit_stress_score": 2.9, "transit_stress_tier": "mid", "walk_stress_score": 100.0, "walk_stress_tier": "mid", "reach_min_seoul_station_subway": 71, "reach_bucket_seoul_station_subway": "60-90", "reach_min_seoul_station_rail": 71, "reach_bucket_seoul_station_rail": "60-90", "reach_min_city_hall_subway": 73, "reach_bucket_city_hall_subway": "60-90", "reach_min_city_hall_rail": 73, "reach_bucket_city_hall_rail": "60-90", "reach_min_gangnam_subway": 48, "reach_bucket_gangnam_subway": "45-60", "reach_min_gangnam_rail": 48, "reach_bucket_gangnam_rail": "45-60", "reach_min_wangsimni_subway": 72, "reach_bucket_wangsimni_subway": "60-90", "reach_min_wangsimni_rail": 72, "reach_bucket_wangsimni_rail": "60-90", "reach_min_sadang_subway": 58, "reach_bucket_sadang_subway": "45-60", "reach_min_sadang_rail": 58, "reach_bucket_sadang_rail": "45-60", "reach_min_jamsil_subway": 63, "reach_bucket_jamsil_subway": "60-90", "reach_min_jamsil_rail": 63, "reach_bucket_jamsil_rail": "60-90", "reach_min_konkuk_subway": 74, "reach_bucket_konkuk_subway": "60-90", "reach_min_konkuk_rail": 74, "reach_bucket_konkuk_rail": "60-90", "reach_min_hongik_subway": 80, "reach_bucket_hongik_subway": "60-90", "reach_min_hongik_rail": 80, "reach_bucket_hongik_rail": "60-90"}}, {"type": "Feature", "geometry": {"type": "Point", "coordinates": [127.44218, 37.26424]}, "properties": {"id": "kr_267", "name": "이천", "district": null, "transit_stress_score": 2.9, "transit_stress_tier": "mid", "walk_stress_score": 100.0, "walk_stress_tier": "mid", "reach_min_seoul_station_subway": 119, "reach_bucket_seoul_station_subway": "90-120", "reach_min_seoul_station_rail": 119, "reach_bucket_seoul_station_rail": "90-120", "reach_min_city_hall_subway": 120, "reach_bucket_city_hall_subway": "120+", "reach_min_city_hall_rail": 120, "reach_bucket_city_hall_rail": "120+", "reach_min_gangnam_subway": 96, "reach_bucket_gangnam_subway": "90-120", "reach_min_gangnam_rail": 96, "reach_bucket_gangnam_rail": "90-120", "reach_min_wangsimni_subway": 120, "reach_bucket_wangsimni_subway": "120+", "reach_min_wangsimni_rail": 120, "reach_bucket_wangsimni_rail": "120+", "reach_min_sadang_subway": 106, "reach_bucket_sadang_subway": "90-120", "reach_min_sadang_rail": 106, "reach_bucket_sadang_rail": "90-120", "reach_min_jamsil_subway": 111, "reach_bucket_jamsil_subway": "90-120", "reach_min_jamsil_rail": 111, "reach_bucket_jamsil_rail": "90-120", "reach_min_konkuk_subway": 120, "reach_bucket_konkuk_subway": "120+", "reach_min_konkuk_rail": 120, "reach_bucket_konkuk_rail": "120+", "reach_min_hongik_subway": 120, "reach_bucket_hongik_subway": "120+", "reach_min_hongik_rail": 120, "reach_bucket_hongik_rail": "120+"}}, {"type": "Feature", "geometry": {"type": "Point", "coordinates": [127.06081, 37.94801]}, "properties": {"id": "kr_268", "name": "Soyosan", "district": null, "transit_stress_score": 2.9, "transit_stress_tier": "mid", "walk_stress_score": 100.0, "walk_stress_tier": "mid", "reach_min_seoul_station_subway": 102, "reach_bucket_seoul_station_subway": "90-120", "reach_min_seoul_station_rail": 102, "reach_bucket_seoul_station_rail": "90-120", "reach_min_city_hall_subway": 99, "reach_bucket_city_hall_subway": "90-120", "reach_min_city_hall_rail": 99, "reach_bucket_city_hall_rail": "90-120", "reach_min_gangnam_subway": 113, "reach_bucket_gangnam_subway": "90-120", "reach_min_gangnam_rail": 113, "reach_bucket_gangnam_rail": "90-120", "reach_min_wangsimni_subway": 100, "reach_bucket_wangsimni_subway": "90-120", "reach_min_wangsimni_rail": 100, "reach_bucket_wangsimni_rail": "90-120", "reach_min_sadang_subway": 120, "reach_bucket_sadang_subway": "120+", "reach_min_sadang_rail": 120, "reach_bucket_sadang_rail": "120+", "reach_min_jamsil_subway": 113, "reach_bucket_jamsil_subway": "90-120", "reach_min_jamsil_rail": 113, "reach_bucket_jamsil_rail": "90-120", "reach_min_konkuk_subway": 102, "reach_bucket_konkuk_subway": "90-120", "reach_min_konkuk_rail": 102, "reach_bucket_konkuk_rail": "90-120", "reach_min_hongik_subway": 111, "reach_bucket_hongik_subway": "90-120", "reach_min_hongik_rail": 111, "reach_bucket_hongik_rail": "90-120"}}, {"type": "Feature", "geometry": {"type": "Point", "coordinates": [127.0845, 36.78821]}, "properties": {"id": "kr_269", "name": "Tangjeong", "district": null, "transit_stress_score": 2.9, "transit_stress_tier": "mid", "walk_stress_score": 100.0, "walk_stress_tier": "mid", "reach_min_seoul_station_subway": 120, "reach_bucket_seoul_station_subway": "120+", "reach_min_seoul_station_rail": 57, "reach_bucket_seoul_station_rail": "45-60", "reach_min_city_hall_subway": 120, "reach_bucket_city_hall_subway": "120+", "reach_min_city_hall_rail": 60, "reach_bucket_city_hall_rail": "60-90", "reach_min_gangnam_subway": 120, "reach_bucket_gangnam_subway": "120+", "reach_min_gangnam_rail": 74, "reach_bucket_gangnam_rail": "60-90", "reach_min_wangsimni_subway": 120, "reach_bucket_wangsimni_subway": "120+", "reach_min_wangsimni_rail": 71, "reach_bucket_wangsimni_rail": "60-90", "reach_min_sadang_subway": 120, "reach_bucket_sadang_subway": "120+", "reach_min_sadang_rail": 74, "reach_bucket_sadang_rail": "60-90", "reach_min_jamsil_subway": 120, "reach_bucket_jamsil_subway": "120+", "reach_min_jamsil_rail": 73, "reach_bucket_jamsil_rail": "60-90", "reach_min_konkuk_subway": 120, "reach_bucket_konkuk_subway": "120+", "reach_min_konkuk_rail": 81, "reach_bucket_konkuk_rail": "60-90", "reach_min_hongik_subway": 120, "reach_bucket_hongik_subway": "120+", "reach_min_hongik_rail": 71, "reach_bucket_hongik_rail": "60-90"}}, {"type": "Feature", "geometry": {"type": "Point", "coordinates": [127.04666, 37.65296]}, "properties": {"id": "kr_270", "name": "Chang-dong", "district": "Dobong-gu", "transit_stress_score": 2.9, "transit_stress_tier": "mid", "walk_stress_score": 75.0, "walk_stress_tier": "very-low", "reach_min_seoul_station_subway": 35, "reach_bucket_seoul_station_subway": "30-45", "reach_min_seoul_station_rail": 35, "reach_bucket_seoul_station_rail": "30-45", "reach_min_city_hall_subway": 33, "reach_bucket_city_hall_subway": "30-45", "reach_min_city_hall_rail": 33, "reach_bucket_city_hall_rail": "30-45", "reach_min_gangnam_subway": 47, "reach_bucket_gangnam_subway": "45-60", "reach_min_gangnam_rail": 47, "reach_bucket_gangnam_rail": "45-60", "reach_min_wangsimni_subway": 33, "reach_bucket_wangsimni_subway": "30-45", "reach_min_wangsimni_rail": 33, "reach_bucket_wangsimni_rail": "30-45", "reach_min_sadang_subway": 55, "reach_bucket_sadang_subway": "45-60", "reach_min_sadang_rail": 55, "reach_bucket_sadang_rail": "45-60", "reach_min_jamsil_subway": 53, "reach_bucket_jamsil_subway": "45-60", "reach_min_jamsil_rail": 53, "reach_bucket_jamsil_rail": "45-60", "reach_min_konkuk_subway": 42, "reach_bucket_konkuk_subway": "30-45", "reach_min_konkuk_rail": 42, "reach_bucket_konkuk_rail": "30-45", "reach_min_hongik_subway": 44, "reach_bucket_hongik_subway": "30-45", "reach_min_hongik_rail": 44, "reach_bucket_hongik_rail": "30-45"}}, {"type": "Feature", "geometry": {"type": "Point", "coordinates": [127.04882, 37.65344]}, "properties": {"id": "kr_271", "name": "Changdong", "district": "Dobong-gu", "transit_stress_score": 2.9, "transit_stress_tier": "mid", "walk_stress_score": 75.0, "walk_stress_tier": "very-low", "reach_min_seoul_station_subway": 35, "reach_bucket_seoul_station_subway": "30-45", "reach_min_seoul_station_rail": 35, "reach_bucket_seoul_station_rail": "30-45", "reach_min_city_hall_subway": 33, "reach_bucket_city_hall_subway": "30-45", "reach_min_city_hall_rail": 33, "reach_bucket_city_hall_rail": "30-45", "reach_min_gangnam_subway": 47, "reach_bucket_gangnam_subway": "45-60", "reach_min_gangnam_rail": 47, "reach_bucket_gangnam_rail": "45-60", "reach_min_wangsimni_subway": 33, "reach_bucket_wangsimni_subway": "30-45", "reach_min_wangsimni_rail": 33, "reach_bucket_wangsimni_rail": "30-45", "reach_min_sadang_subway": 55, "reach_bucket_sadang_subway": "45-60", "reach_min_sadang_rail": 55, "reach_bucket_sadang_rail": "45-60", "reach_min_jamsil_subway": 54, "reach_bucket_jamsil_subway": "45-60", "reach_min_jamsil_rail": 54, "reach_bucket_jamsil_rail": "45-60", "reach_min_konkuk_subway": 42, "reach_bucket_konkuk_subway": "30-45", "reach_min_konkuk_rail": 42, "reach_bucket_konkuk_rail": "30-45", "reach_min_hongik_subway": 44, "reach_bucket_hongik_subway": "30-45", "reach_min_hongik_rail": 44, "reach_bucket_hongik_rail": "30-45"}}, {"type": "Feature", "geometry": {"type": "Point", "coordinates": [127.04366, 37.55573]}, "properties": {"id": "kr_272", "name": "Hanyang University", "district": "Seongdong-gu", "transit_stress_score": 2.8, "transit_stress_tier": "mid", "walk_stress_score": 100.0, "walk_stress_tier": "mid", "reach_min_seoul_station_subway": 17, "reach_bucket_seoul_station_subway": "10-20", "reach_min_seoul_station_rail": 17, "reach_bucket_seoul_station_rail": "10-20", "reach_min_city_hall_subway": 15, "reach_bucket_city_hall_subway": "10-20", "reach_min_city_hall_rail": 15, "reach_bucket_city_hall_rail": "10-20", "reach_min_gangnam_subway": 26, "reach_bucket_gangnam_subway": "20-30", "reach_min_gangnam_rail": 26, "reach_bucket_gangnam_rail": "20-30", "reach_min_wangsimni_subway": 2, "reach_bucket_wangsimni_subway": "<10", "reach_min_wangsimni_rail": 2, "reach_bucket_wangsimni_rail": "<10", "reach_min_sadang_subway": 36, "reach_bucket_sadang_subway": "30-45", "reach_min_sadang_rail": 36, "reach_bucket_sadang_rail": "30-45", "reach_min_jamsil_subway": 18, "reach_bucket_jamsil_subway": "10-20", "reach_min_jamsil_rail": 18, "reach_bucket_jamsil_rail": "10-20", "reach_min_konkuk_subway": 7, "reach_bucket_konkuk_subway": "<10", "reach_min_konkuk_rail": 7, "reach_bucket_konkuk_rail": "<10", "reach_min_hongik_subway": 27, "reach_bucket_hongik_subway": "20-30", "reach_min_hongik_rail": 27, "reach_bucket_hongik_rail": "20-30"}}, {"type": "Feature", "geometry": {"type": "Point", "coordinates": [126.93921, 37.50498]}, "properties": {"id": "kr_273", "name": "장승배기", "district": "Dongjak-gu", "transit_stress_score": 2.8, "transit_stress_tier": "mid", "walk_stress_score": 87.5, "walk_stress_tier": "very-low", "reach_min_seoul_station_subway": 36, "reach_bucket_seoul_station_subway": "30-45", "reach_min_seoul_station_rail": 36, "reach_bucket_seoul_station_rail": "30-45", "reach_min_city_hall_subway": 38, "reach_bucket_city_hall_subway": "30-45", "reach_min_city_hall_rail": 38, "reach_bucket_city_hall_rail": "30-45", "reach_min_gangnam_subway": 23, "reach_bucket_gangnam_subway": "20-30", "reach_min_gangnam_rail": 23, "reach_bucket_gangnam_rail": "20-30", "reach_min_wangsimni_subway": 41, "reach_bucket_wangsimni_subway": "30-45", "reach_min_wangsimni_rail": 41, "reach_bucket_wangsimni_rail": "30-45", "reach_min_sadang_subway": 28, "reach_bucket_sadang_subway": "20-30", "reach_min_sadang_rail": 28, "reach_bucket_sadang_rail": "20-30", "reach_min_jamsil_subway": 36, "reach_bucket_jamsil_subway": "30-45", "reach_min_jamsil_rail": 36, "reach_bucket_jamsil_rail": "30-45", "reach_min_konkuk_subway": 47, "reach_bucket_konkuk_subway": "45-60", "reach_min_konkuk_rail": 47, "reach_bucket_konkuk_rail": "45-60", "reach_min_hongik_subway": 44, "reach_bucket_hongik_subway": "30-45", "reach_min_hongik_rail": 44, "reach_bucket_hongik_rail": "30-45"}}, {"type": "Feature", "geometry": {"type": "Point", "coordinates": [126.89641, 37.52403]}, "properties": {"id": "kr_274", "name": "영등포구청", "district": "Yeongdeungpo-gu", "transit_stress_score": 2.8, "transit_stress_tier": "mid", "walk_stress_score": 62.5, "walk_stress_tier": "very-low", "reach_min_seoul_station_subway": 21, "reach_bucket_seoul_station_subway": "20-30", "reach_min_seoul_station_rail": 21, "reach_bucket_seoul_station_rail": "20-30", "reach_min_city_hall_subway": 23, "reach_bucket_city_hall_subway": "20-30", "reach_min_city_hall_rail": 23, "reach_bucket_city_hall_rail": "20-30", "reach_min_gangnam_subway": 27, "reach_bucket_gangnam_subway": "20-30", "reach_min_gangnam_rail": 27, "reach_bucket_gangnam_rail": "20-30", "reach_min_wangsimni_subway": 35, "reach_bucket_wangsimni_subway": "30-45", "reach_min_wangsimni_rail": 35, "reach_bucket_wangsimni_rail": "30-45", "reach_min_sadang_subway": 23, "reach_bucket_sadang_subway": "20-30", "reach_min_sadang_rail": 23, "reach_bucket_sadang_rail": "20-30", "reach_min_jamsil_subway": 40, "reach_bucket_jamsil_subway": "30-45", "reach_min_jamsil_rail": 40, "reach_bucket_jamsil_rail": "30-45", "reach_min_konkuk_subway": 44, "reach_bucket_konkuk_subway": "30-45", "reach_min_konkuk_rail": 44, "reach_bucket_konkuk_rail": "30-45", "reach_min_hongik_subway": 18, "reach_bucket_hongik_subway": "10-20", "reach_min_hongik_rail": 18, "reach_bucket_hongik_rail": "10-20"}}, {"type": "Feature", "geometry": {"type": "Point", "coordinates": [127.0489, 37.50446]}, "properties": {"id": "kr_275", "name": "Seolleung", "district": "Gangnam-gu", "transit_stress_score": 2.8, "transit_stress_tier": "mid", "walk_stress_score": 87.5, "walk_stress_tier": "very-low", "reach_min_seoul_station_subway": 28, "reach_bucket_seoul_station_subway": "20-30", "reach_min_seoul_station_rail": 28, "reach_bucket_seoul_station_rail": "20-30", "reach_min_city_hall_subway": 30, "reach_bucket_city_hall_subway": "30-45", "reach_min_city_hall_rail": 30, "reach_bucket_city_hall_rail": "30-45", "reach_min_gangnam_subway": 5, "reach_bucket_gangnam_subway": "<10", "reach_min_gangnam_rail": 5, "reach_bucket_gangnam_rail": "<10", "reach_min_wangsimni_subway": 29, "reach_bucket_wangsimni_subway": "20-30", "reach_min_wangsimni_rail": 29, "reach_bucket_wangsimni_rail": "20-30", "reach_min_sadang_subway": 15, "reach_bucket_sadang_subway": "10-20", "reach_min_sadang_rail": 15, "reach_bucket_sadang_rail": "10-20", "reach_min_jamsil_subway": 10, "reach_bucket_jamsil_subway": "10-20", "reach_min_jamsil_rail": 10, "reach_bucket_jamsil_rail": "10-20", "reach_min_konkuk_subway": 22, "reach_bucket_konkuk_subway": "20-30", "reach_min_konkuk_rail": 22, "reach_bucket_konkuk_rail": "20-30", "reach_min_hongik_subway": 37, "reach_bucket_hongik_subway": "30-45", "reach_min_hongik_rail": 37, "reach_bucket_hongik_rail": "30-45"}}, {"type": "Feature", "geometry": {"type": "Point", "coordinates": [126.96214, 37.55947]}, "properties": {"id": "kr_276", "name": "Chungjeongno", "district": "Seodaemun-gu", "transit_stress_score": 2.8, "transit_stress_tier": "mid", "walk_stress_score": 75.0, "walk_stress_tier": "very-low", "reach_min_seoul_station_subway": 14, "reach_bucket_seoul_station_subway": "10-20", "reach_min_seoul_station_rail": 14, "reach_bucket_seoul_station_rail": "10-20", "reach_min_city_hall_subway": 11, "reach_bucket_city_hall_subway": "10-20", "reach_min_city_hall_rail": 11, "reach_bucket_city_hall_rail": "10-20", "reach_min_gangnam_subway": 29, "reach_bucket_gangnam_subway": "20-30", "reach_min_gangnam_rail": 29, "reach_bucket_gangnam_rail": "20-30", "reach_min_wangsimni_subway": 18, "reach_bucket_wangsimni_subway": "10-20", "reach_min_wangsimni_rail": 18, "reach_bucket_wangsimni_rail": "10-20", "reach_min_sadang_subway": 25, "reach_bucket_sadang_subway": "20-30", "reach_min_sadang_rail": 25, "reach_bucket_sadang_rail": "20-30", "reach_min_jamsil_subway": 38, "reach_bucket_jamsil_subway": "30-45", "reach_min_jamsil_rail": 38, "reach_bucket_jamsil_rail": "30-45", "reach_min_konkuk_subway": 27, "reach_bucket_konkuk_subway": "20-30", "reach_min_konkuk_rail": 27, "reach_bucket_konkuk_rail": "20-30", "reach_min_hongik_subway": 23, "reach_bucket_hongik_subway": "20-30", "reach_min_hongik_rail": 23, "reach_bucket_hongik_rail": "20-30"}}, {"type": "Feature", "geometry": {"type": "Point", "coordinates": [127.02026, 37.55443]}, "properties": {"id": "kr_277", "name": "신금호", "district": "Seongdong-gu", "transit_stress_score": 2.7, "transit_stress_tier": "mid", "walk_stress_score": 100.0, "walk_stress_tier": "mid", "reach_min_seoul_station_subway": 12, "reach_bucket_seoul_station_subway": "10-20", "reach_min_seoul_station_rail": 12, "reach_bucket_seoul_station_rail": "10-20", "reach_min_city_hall_subway": 11, "reach_bucket_city_hall_subway": "10-20", "reach_min_city_hall_rail": 11, "reach_bucket_city_hall_rail": "10-20", "reach_min_gangnam_subway": 20, "reach_bucket_gangnam_subway": "20-30", "reach_min_gangnam_rail": 20, "reach_bucket_gangnam_rail": "20-30", "reach_min_wangsimni_subway": 4, "reach_bucket_wangsimni_subway": "<10", "reach_min_wangsimni_rail": 4, "reach_bucket_wangsimni_rail": "<10", "reach_min_sadang_subway": 30, "reach_bucket_sadang_subway": "30-45", "reach_min_sadang_rail": 30, "reach_bucket_sadang_rail": "30-45", "reach_min_jamsil_subway": 24, "reach_bucket_jamsil_subway": "20-30", "reach_min_jamsil_rail": 24, "reach_bucket_jamsil_rail": "20-30", "reach_min_konkuk_subway": 13, "reach_bucket_konkuk_subway": "10-20", "reach_min_konkuk_rail": 13, "reach_bucket_konkuk_rail": "10-20", "reach_min_hongik_subway": 22, "reach_bucket_hongik_subway": "20-30", "reach_min_hongik_rail": 22, "reach_bucket_hongik_rail": "20-30"}}, {"type": "Feature", "geometry": {"type": "Point", "coordinates": [126.99166, 37.56631]}, "properties": {"id": "kr_278", "name": "Euljiro 3(sam)-ga", "district": "Jung-gu", "transit_stress_score": 2.6, "transit_stress_tier": "mid", "walk_stress_score": 0.0, "walk_stress_tier": "very-low", "reach_min_seoul_station_subway": 6, "reach_bucket_seoul_station_subway": "<10", "reach_min_seoul_station_rail": 6, "reach_bucket_seoul_station_rail": "<10", "reach_min_city_hall_subway": 4, "reach_bucket_city_hall_subway": "<10", "reach_min_city_hall_rail": 4, "reach_bucket_city_hall_rail": "<10", "reach_min_gangnam_subway": 22, "reach_bucket_gangnam_subway": "20-30", "reach_min_gangnam_rail": 22, "reach_bucket_gangnam_rail": "20-30", "reach_min_wangsimni_subway": 10, "reach_bucket_wangsimni_subway": "10-20", "reach_min_wangsimni_rail": 10, "reach_bucket_wangsimni_rail": "10-20", "reach_min_sadang_subway": 26, "reach_bucket_sadang_subway": "20-30", "reach_min_sadang_rail": 26, "reach_bucket_sadang_rail": "20-30", "reach_min_jamsil_subway": 30, "reach_bucket_jamsil_subway": "30-45", "reach_min_jamsil_rail": 30, "reach_bucket_jamsil_rail": "30-45", "reach_min_konkuk_subway": 19, "reach_bucket_konkuk_subway": "10-20", "reach_min_konkuk_rail": 19, "reach_bucket_konkuk_rail": "10-20", "reach_min_hongik_subway": 15, "reach_bucket_hongik_subway": "10-20", "reach_min_hongik_rail": 15, "reach_bucket_hongik_rail": "10-20"}}, {"type": "Feature", "geometry": {"type": "Point", "coordinates": [127.06315, 37.50885]}, "properties": {"id": "kr_279", "name": "Samseong(World Trade Center Seoul)", "district": "Gangnam-gu", "transit_stress_score": 2.6, "transit_stress_tier": "mid", "walk_stress_score": 87.5, "walk_stress_tier": "very-low", "reach_min_seoul_station_subway": 31, "reach_bucket_seoul_station_subway": "30-45", "reach_min_seoul_station_rail": 31, "reach_bucket_seoul_station_rail": "30-45", "reach_min_city_hall_subway": 33, "reach_bucket_city_hall_subway": "30-45", "reach_min_city_hall_rail": 33, "reach_bucket_city_hall_rail": "30-45", "reach_min_gangnam_subway": 8, "reach_bucket_gangnam_subway": "<10", "reach_min_gangnam_rail": 8, "reach_bucket_gangnam_rail": "<10", "reach_min_wangsimni_subway": 28, "reach_bucket_wangsimni_subway": "20-30", "reach_min_wangsimni_rail": 28, "reach_bucket_wangsimni_rail": "20-30", "reach_min_sadang_subway": 18, "reach_bucket_sadang_subway": "10-20", "reach_min_sadang_rail": 18, "reach_bucket_sadang_rail": "10-20", "reach_min_jamsil_subway": 8, "reach_bucket_jamsil_subway": "<10", "reach_min_jamsil_rail": 8, "reach_bucket_jamsil_rail": "<10", "reach_min_konkuk_subway": 19, "reach_bucket_konkuk_subway": "10-20", "reach_min_konkuk_rail": 19, "reach_bucket_konkuk_rail": "10-20", "reach_min_hongik_subway": 40, "reach_bucket_hongik_subway": "30-45", "reach_min_hongik_rail": 40, "reach_bucket_hongik_rail": "30-45"}}, {"type": "Feature", "geometry": {"type": "Point", "coordinates": [126.76318, 37.50477]}, "properties": {"id": "kr_280", "name": "부천시청", "district": null, "transit_stress_score": 2.6, "transit_stress_tier": "mid", "walk_stress_score": 100.0, "walk_stress_tier": "mid", "reach_min_seoul_station_subway": 44, "reach_bucket_seoul_station_subway": "30-45", "reach_min_seoul_station_rail": 44, "reach_bucket_seoul_station_rail": "30-45", "reach_min_city_hall_subway": 47, "reach_bucket_city_hall_subway": "45-60", "reach_min_city_hall_rail": 47, "reach_bucket_city_hall_rail": "45-60", "reach_min_gangnam_subway": 54, "reach_bucket_gangnam_subway": "45-60", "reach_min_gangnam_rail": 54, "reach_bucket_gangnam_rail": "45-60", "reach_min_wangsimni_subway": 59, "reach_bucket_wangsimni_subway": "45-60", "reach_min_wangsimni_rail": 59, "reach_bucket_wangsimni_rail": "45-60", "reach_min_sadang_subway": 50, "reach_bucket_sadang_subway": "45-60", "reach_min_sadang_rail": 50, "reach_bucket_sadang_rail": "45-60", "reach_min_jamsil_subway": 67, "reach_bucket_jamsil_subway": "60-90", "reach_min_jamsil_rail": 67, "reach_bucket_jamsil_rail": "60-90", "reach_min_konkuk_subway": 68, "reach_bucket_konkuk_subway": "60-90", "reach_min_konkuk_rail": 68, "reach_bucket_konkuk_rail": "60-90", "reach_min_hongik_subway": 41, "reach_bucket_hongik_subway": "30-45", "reach_min_hongik_rail": 41, "reach_bucket_hongik_rail": "30-45"}}, {"type": "Feature", "geometry": {"type": "Point", "coordinates": [127.00211, 37.45157]}, "properties": {"id": "kr_281", "name": "Seonbawi", "district": null, "transit_stress_score": 2.5, "transit_stress_tier": "mid", "walk_stress_score": 100.0, "walk_stress_tier": "mid", "reach_min_seoul_station_subway": 27, "reach_bucket_seoul_station_subway": "20-30", "reach_min_seoul_station_rail": 27, "reach_bucket_seoul_station_rail": "20-30", "reach_min_city_hall_subway": 30, "reach_bucket_city_hall_subway": "30-45", "reach_min_city_hall_rail": 30, "reach_bucket_city_hall_rail": "30-45", "reach_min_gangnam_subway": 18, "reach_bucket_gangnam_subway": "10-20", "reach_min_gangnam_rail": 18, "reach_bucket_gangnam_rail": "10-20", "reach_min_wangsimni_subway": 41, "reach_bucket_wangsimni_subway": "30-45", "reach_min_wangsimni_rail": 41, "reach_bucket_wangsimni_rail": "30-45", "reach_min_sadang_subway": 7, "reach_bucket_sadang_subway": "<10", "reach_min_sadang_rail": 7, "reach_bucket_sadang_rail": "<10", "reach_min_jamsil_subway": 33, "reach_bucket_jamsil_subway": "30-45", "reach_min_jamsil_rail": 33, "reach_bucket_jamsil_rail": "30-45", "reach_min_konkuk_subway": 44, "reach_bucket_konkuk_subway": "30-45", "reach_min_konkuk_rail": 44, "reach_bucket_konkuk_rail": "30-45", "reach_min_hongik_subway": 36, "reach_bucket_hongik_subway": "30-45", "reach_min_hongik_rail": 36, "reach_bucket_hongik_rail": "30-45"}}, {"type": "Feature", "geometry": {"type": "Point", "coordinates": [126.89487, 37.5184]}, "properties": {"id": "kr_282", "name": "Mullae", "district": "Yeongdeungpo-gu", "transit_stress_score": 2.4, "transit_stress_tier": "low", "walk_stress_score": 75.0, "walk_stress_tier": "very-low", "reach_min_seoul_station_subway": 19, "reach_bucket_seoul_station_subway": "10-20", "reach_min_seoul_station_rail": 19, "reach_bucket_seoul_station_rail": "10-20", "reach_min_city_hall_subway": 22, "reach_bucket_city_hall_subway": "20-30", "reach_min_city_hall_rail": 22, "reach_bucket_city_hall_rail": "20-30", "reach_min_gangnam_subway": 29, "reach_bucket_gangnam_subway": "20-30", "reach_min_gangnam_rail": 29, "reach_bucket_gangnam_rail": "20-30", "reach_min_wangsimni_subway": 34, "reach_bucket_wangsimni_subway": "30-45", "reach_min_wangsimni_rail": 34, "reach_bucket_wangsimni_rail": "30-45", "reach_min_sadang_subway": 25, "reach_bucket_sadang_subway": "20-30", "reach_min_sadang_rail": 25, "reach_bucket_sadang_rail": "20-30", "reach_min_jamsil_subway": 42, "reach_bucket_jamsil_subway": "30-45", "reach_min_jamsil_rail": 42, "reach_bucket_jamsil_rail": "30-45", "reach_min_konkuk_subway": 43, "reach_bucket_konkuk_subway": "30-45", "reach_min_konkuk_rail": 43, "reach_bucket_konkuk_rail": "30-45", "reach_min_hongik_subway": 11, "reach_bucket_hongik_subway": "10-20", "reach_min_hongik_rail": 11, "reach_bucket_hongik_rail": "10-20"}}, {"type": "Feature", "geometry": {"type": "Point", "coordinates": [126.96368, 37.55934]}, "properties": {"id": "kr_283", "name": "Chungjeongno(Kyonggi University)", "district": "Jung-gu", "transit_stress_score": 2.4, "transit_stress_tier": "low", "walk_stress_score": 62.5, "walk_stress_tier": "very-low", "reach_min_seoul_station_subway": 5, "reach_bucket_seoul_station_subway": "<10", "reach_min_seoul_station_rail": 5, "reach_bucket_seoul_station_rail": "<10", "reach_min_city_hall_subway": 3, "reach_bucket_city_hall_subway": "<10", "reach_min_city_hall_rail": 3, "reach_bucket_city_hall_rail": "<10", "reach_min_gangnam_subway": 28, "reach_bucket_gangnam_subway": "20-30", "reach_min_gangnam_rail": 28, "reach_bucket_gangnam_rail": "20-30", "reach_min_wangsimni_subway": 16, "reach_bucket_wangsimni_subway": "10-20", "reach_min_wangsimni_rail": 16, "reach_bucket_wangsimni_rail": "10-20", "reach_min_sadang_subway": 25, "reach_bucket_sadang_subway": "20-30", "reach_min_sadang_rail": 25, "reach_bucket_sadang_rail": "20-30", "reach_min_jamsil_subway": 36, "reach_bucket_jamsil_subway": "30-45", "reach_min_jamsil_rail": 36, "reach_bucket_jamsil_rail": "30-45", "reach_min_konkuk_subway": 25, "reach_bucket_konkuk_subway": "20-30", "reach_min_konkuk_rail": 25, "reach_bucket_konkuk_rail": "20-30", "reach_min_hongik_subway": 9, "reach_bucket_hongik_subway": "<10", "reach_min_hongik_rail": 9, "reach_bucket_hongik_rail": "<10"}}, {"type": "Feature", "geometry": {"type": "Point", "coordinates": [126.96388, 37.39429]}, "properties": {"id": "kr_284", "name": "Pyeongchon", "district": null, "transit_stress_score": 2.4, "transit_stress_tier": "low", "walk_stress_score": 100.0, "walk_stress_tier": "mid", "reach_min_seoul_station_subway": 45, "reach_bucket_seoul_station_subway": "45-60", "reach_min_seoul_station_rail": 45, "reach_bucket_seoul_station_rail": "45-60", "reach_min_city_hall_subway": 48, "reach_bucket_city_hall_subway": "45-60", "reach_min_city_hall_rail": 48, "reach_bucket_city_hall_rail": "45-60", "reach_min_gangnam_subway": 36, "reach_bucket_gangnam_subway": "30-45", "reach_min_gangnam_rail": 36, "reach_bucket_gangnam_rail": "30-45", "reach_min_wangsimni_subway": 59, "reach_bucket_wangsimni_subway": "45-60", "reach_min_wangsimni_rail": 59, "reach_bucket_wangsimni_rail": "45-60", "reach_min_sadang_subway": 25, "reach_bucket_sadang_subway": "20-30", "reach_min_sadang_rail": 25, "reach_bucket_sadang_rail": "20-30", "reach_min_jamsil_subway": 51, "reach_bucket_jamsil_subway": "45-60", "reach_min_jamsil_rail": 51, "reach_bucket_jamsil_rail": "45-60", "reach_min_konkuk_subway": 62, "reach_bucket_konkuk_subway": "60-90", "reach_min_konkuk_rail": 62, "reach_bucket_konkuk_rail": "60-90", "reach_min_hongik_subway": 53, "reach_bucket_hongik_subway": "45-60", "reach_min_hongik_rail": 53, "reach_bucket_hongik_rail": "45-60"}}, {"type": "Feature", "geometry": {"type": "Point", "coordinates": [127.0474, 37.54724]}, "properties": {"id": "kr_285", "name": "Ttukseom", "district": "Seongdong-gu", "transit_stress_score": 2.2, "transit_stress_tier": "low", "walk_stress_score": 100.0, "walk_stress_tier": "mid", "reach_min_seoul_station_subway": 19, "reach_bucket_seoul_station_subway": "10-20", "reach_min_seoul_station_rail": 19, "reach_bucket_seoul_station_rail": "10-20", "reach_min_city_hall_subway": 18, "reach_bucket_city_hall_subway": "10-20", "reach_min_city_hall_rail": 18, "reach_bucket_city_hall_rail": "10-20", "reach_min_gangnam_subway": 29, "reach_bucket_gangnam_subway": "20-30", "reach_min_gangnam_rail": 29, "reach_bucket_gangnam_rail": "20-30", "reach_min_wangsimni_subway": 4, "reach_bucket_wangsimni_subway": "<10", "reach_min_wangsimni_rail": 4, "reach_bucket_wangsimni_rail": "<10", "reach_min_sadang_subway": 38, "reach_bucket_sadang_subway": "30-45", "reach_min_sadang_rail": 38, "reach_bucket_sadang_rail": "30-45", "reach_min_jamsil_subway": 16, "reach_bucket_jamsil_subway": "10-20", "reach_min_jamsil_rail": 16, "reach_bucket_jamsil_rail": "10-20", "reach_min_konkuk_subway": 5, "reach_bucket_konkuk_subway": "<10", "reach_min_konkuk_rail": 5, "reach_bucket_konkuk_rail": "<10", "reach_min_hongik_subway": 29, "reach_bucket_hongik_subway": "20-30", "reach_min_hongik_rail": 29, "reach_bucket_hongik_rail": "20-30"}}, {"type": "Feature", "geometry": {"type": "Point", "coordinates": [127.10196, 37.48746]}, "properties": {"id": "kr_286", "name": "Suseo", "district": "Gangnam-gu", "transit_stress_score": 2.2, "transit_stress_tier": "low", "walk_stress_score": 100.0, "walk_stress_tier": "mid", "reach_min_seoul_station_subway": 44, "reach_bucket_seoul_station_subway": "30-45", "reach_min_seoul_station_rail": 44, "reach_bucket_seoul_station_rail": "30-45", "reach_min_city_hall_subway": 46, "reach_bucket_city_hall_subway": "45-60", "reach_min_city_hall_rail": 46, "reach_bucket_city_hall_rail": "45-60", "reach_min_gangnam_subway": 20, "reach_bucket_gangnam_subway": "20-30", "reach_min_gangnam_rail": 20, "reach_bucket_gangnam_rail": "20-30", "reach_min_wangsimni_subway": 37, "reach_bucket_wangsimni_subway": "30-45", "reach_min_wangsimni_rail": 37, "reach_bucket_wangsimni_rail": "30-45", "reach_min_sadang_subway": 30, "reach_bucket_sadang_subway": "30-45", "reach_min_sadang_rail": 30, "reach_bucket_sadang_rail": "30-45", "reach_min_jamsil_subway": 18, "reach_bucket_jamsil_subway": "10-20", "reach_min_jamsil_rail": 18, "reach_bucket_jamsil_rail": "10-20", "reach_min_konkuk_subway": 29, "reach_bucket_konkuk_subway": "20-30", "reach_min_konkuk_rail": 29, "reach_bucket_konkuk_rail": "20-30", "reach_min_hongik_subway": 52, "reach_bucket_hongik_subway": "45-60", "reach_min_hongik_rail": 52, "reach_bucket_hongik_rail": "45-60"}}, {"type": "Feature", "geometry": {"type": "Point", "coordinates": [126.72096, 37.50749]}, "properties": {"id": "kr_287", "name": "Bupyeong-gu Office", "district": null, "transit_stress_score": 2.2, "transit_stress_tier": "low", "walk_stress_score": 100.0, "walk_stress_tier": "mid", "reach_min_seoul_station_subway": 53, "reach_bucket_seoul_station_subway": "45-60", "reach_min_seoul_station_rail": 53, "reach_bucket_seoul_station_rail": "45-60", "reach_min_city_hall_subway": 56, "reach_bucket_city_hall_subway": "45-60", "reach_min_city_hall_rail": 56, "reach_bucket_city_hall_rail": "45-60", "reach_min_gangnam_subway": 63, "reach_bucket_gangnam_subway": "60-90", "reach_min_gangnam_rail": 63, "reach_bucket_gangnam_rail": "60-90", "reach_min_wangsimni_subway": 68, "reach_bucket_wangsimni_subway": "60-90", "reach_min_wangsimni_rail": 68, "reach_bucket_wangsimni_rail": "60-90", "reach_min_sadang_subway": 59, "reach_bucket_sadang_subway": "45-60", "reach_min_sadang_rail": 59, "reach_bucket_sadang_rail": "45-60", "reach_min_jamsil_subway": 76, "reach_bucket_jamsil_subway": "60-90", "reach_min_jamsil_rail": 76, "reach_bucket_jamsil_rail": "60-90", "reach_min_konkuk_subway": 77, "reach_bucket_konkuk_subway": "60-90", "reach_min_konkuk_rail": 77, "reach_bucket_konkuk_rail": "60-90", "reach_min_hongik_subway": 50, "reach_bucket_hongik_subway": "45-60", "reach_min_hongik_rail": 50, "reach_bucket_hongik_rail": "45-60"}}, {"type": "Feature", "geometry": {"type": "Point", "coordinates": [126.90167, 37.48532]}, "properties": {"id": "kr_288", "name": "Guro Digital Complex", "district": "Guro-gu", "transit_stress_score": 2.2, "transit_stress_tier": "low", "walk_stress_score": 100.0, "walk_stress_tier": "mid", "reach_min_seoul_station_subway": 23, "reach_bucket_seoul_station_subway": "20-30", "reach_min_seoul_station_rail": 23, "reach_bucket_seoul_station_rail": "20-30", "reach_min_city_hall_subway": 26, "reach_bucket_city_hall_subway": "20-30", "reach_min_city_hall_rail": 26, "reach_bucket_city_hall_rail": "20-30", "reach_min_gangnam_subway": 27, "reach_bucket_gangnam_subway": "20-30", "reach_min_gangnam_rail": 27, "reach_bucket_gangnam_rail": "20-30", "reach_min_wangsimni_subway": 38, "reach_bucket_wangsimni_subway": "30-45", "reach_min_wangsimni_rail": 38, "reach_bucket_wangsimni_rail": "30-45", "reach_min_sadang_subway": 16, "reach_bucket_sadang_subway": "10-20", "reach_min_sadang_rail": 16, "reach_bucket_sadang_rail": "10-20", "reach_min_jamsil_subway": 42, "reach_bucket_jamsil_subway": "30-45", "reach_min_jamsil_rail": 42, "reach_bucket_jamsil_rail": "30-45", "reach_min_konkuk_subway": 47, "reach_bucket_konkuk_subway": "45-60", "reach_min_konkuk_rail": 47, "reach_bucket_konkuk_rail": "45-60", "reach_min_hongik_subway": 20, "reach_bucket_hongik_subway": "20-30", "reach_min_hongik_rail": 20, "reach_bucket_hongik_rail": "20-30"}}, {"type": "Feature", "geometry": {"type": "Point", "coordinates": [127.06322, 37.49445]}, "properties": {"id": "kr_289", "name": "Daechi", "district": "Gangnam-gu", "transit_stress_score": 2.2, "transit_stress_tier": "low", "walk_stress_score": 50.0, "walk_stress_tier": "very-low", "reach_min_seoul_station_subway": 34, "reach_bucket_seoul_station_subway": "30-45", "reach_min_seoul_station_rail": 34, "reach_bucket_seoul_station_rail": "30-45", "reach_min_city_hall_subway": 36, "reach_bucket_city_hall_subway": "30-45", "reach_min_city_hall_rail": 36, "reach_bucket_city_hall_rail": "30-45", "reach_min_gangnam_subway": 10, "reach_bucket_gangnam_subway": "10-20", "reach_min_gangnam_rail": 10, "reach_bucket_gangnam_rail": "10-20", "reach_min_wangsimni_subway": 34, "reach_bucket_wangsimni_subway": "30-45", "reach_min_wangsimni_rail": 34, "reach_bucket_wangsimni_rail": "30-45", "reach_min_sadang_subway": 20, "reach_bucket_sadang_subway": "20-30", "reach_min_sadang_rail": 20, "reach_bucket_sadang_rail": "20-30", "reach_min_jamsil_subway": 25, "reach_bucket_jamsil_subway": "20-30", "reach_min_jamsil_rail": 25, "reach_bucket_jamsil_rail": "20-30", "reach_min_konkuk_subway": 36, "reach_bucket_konkuk_subway": "30-45", "reach_min_konkuk_rail": 36, "reach_bucket_konkuk_rail": "30-45", "reach_min_hongik_subway": 42, "reach_bucket_hongik_subway": "30-45", "reach_min_hongik_rail": 42, "reach_bucket_hongik_rail": "30-45"}}, {"type": "Feature", "geometry": {"type": "Point", "coordinates": [127.06318, 37.4945]}, "properties": {"id": "kr_290", "name": "대치", "district": "Gangnam-gu", "transit_stress_score": 2.2, "transit_stress_tier": "low", "walk_stress_score": 50.0, "walk_stress_tier": "very-low", "reach_min_seoul_station_subway": 34, "reach_bucket_seoul_station_subway": "30-45", "reach_min_seoul_station_rail": 34, "reach_bucket_seoul_station_rail": "30-45", "reach_min_city_hall_subway": 36, "reach_bucket_city_hall_subway": "30-45", "reach_min_city_hall_rail": 36, "reach_bucket_city_hall_rail": "30-45", "reach_min_gangnam_subway": 10, "reach_bucket_gangnam_subway": "10-20", "reach_min_gangnam_rail": 10, "reach_bucket_gangnam_rail": "10-20", "reach_min_wangsimni_subway": 34, "reach_bucket_wangsimni_subway": "30-45", "reach_min_wangsimni_rail": 34, "reach_bucket_wangsimni_rail": "30-45", "reach_min_sadang_subway": 20, "reach_bucket_sadang_subway": "20-30", "reach_min_sadang_rail": 20, "reach_bucket_sadang_rail": "20-30", "reach_min_jamsil_subway": 25, "reach_bucket_jamsil_subway": "20-30", "reach_min_jamsil_rail": 25, "reach_bucket_jamsil_rail": "20-30", "reach_min_konkuk_subway": 36, "reach_bucket_konkuk_subway": "30-45", "reach_min_konkuk_rail": 36, "reach_bucket_konkuk_rail": "30-45", "reach_min_hongik_subway": 42, "reach_bucket_hongik_subway": "30-45", "reach_min_hongik_rail": 42, "reach_bucket_hongik_rail": "30-45"}}, {"type": "Feature", "geometry": {"type": "Point", "coordinates": [126.88277, 37.48042]}, "properties": {"id": "kr_291", "name": "가산디지털단지", "district": "Geumcheon-gu", "transit_stress_score": 2.2, "transit_stress_tier": "low", "walk_stress_score": 75.0, "walk_stress_tier": "very-low", "reach_min_seoul_station_subway": 43, "reach_bucket_seoul_station_subway": "30-45", "reach_min_seoul_station_rail": 43, "reach_bucket_seoul_station_rail": "30-45", "reach_min_city_hall_subway": 46, "reach_bucket_city_hall_subway": "45-60", "reach_min_city_hall_rail": 46, "reach_bucket_city_hall_rail": "45-60", "reach_min_gangnam_subway": 37, "reach_bucket_gangnam_subway": "30-45", "reach_min_gangnam_rail": 37, "reach_bucket_gangnam_rail": "30-45", "reach_min_wangsimni_subway": 55, "reach_bucket_wangsimni_subway": "45-60", "reach_min_wangsimni_rail": 55, "reach_bucket_wangsimni_rail": "45-60", "reach_min_sadang_subway": 42, "reach_bucket_sadang_subway": "30-45", "reach_min_sadang_rail": 42, "reach_bucket_sadang_rail": "30-45", "reach_min_jamsil_subway": 50, "reach_bucket_jamsil_subway": "45-60", "reach_min_jamsil_rail": 50, "reach_bucket_jamsil_rail": "45-60", "reach_min_konkuk_subway": 61, "reach_bucket_konkuk_subway": "60-90", "reach_min_konkuk_rail": 61, "reach_bucket_konkuk_rail": "60-90", "reach_min_hongik_subway": 40, "reach_bucket_hongik_subway": "30-45", "reach_min_hongik_rail": 40, "reach_bucket_hongik_rail": "30-45"}}, {"type": "Feature", "geometry": {"type": "Point", "coordinates": [126.75317, 37.50583]}, "properties": {"id": "kr_292", "name": "상동", "district": null, "transit_stress_score": 2.1, "transit_stress_tier": "low", "walk_stress_score": 100.0, "walk_stress_tier": "mid", "reach_min_seoul_station_subway": 46, "reach_bucket_seoul_station_subway": "45-60", "reach_min_seoul_station_rail": 46, "reach_bucket_seoul_station_rail": "45-60", "reach_min_city_hall_subway": 49, "reach_bucket_city_hall_subway": "45-60", "reach_min_city_hall_rail": 49, "reach_bucket_city_hall_rail": "45-60", "reach_min_gangnam_subway": 56, "reach_bucket_gangnam_subway": "45-60", "reach_min_gangnam_rail": 56, "reach_bucket_gangnam_rail": "45-60", "reach_min_wangsimni_subway": 61, "reach_bucket_wangsimni_subway": "60-90", "reach_min_wangsimni_rail": 61, "reach_bucket_wangsimni_rail": "60-90", "reach_min_sadang_subway": 52, "reach_bucket_sadang_subway": "45-60", "reach_min_sadang_rail": 52, "reach_bucket_sadang_rail": "45-60", "reach_min_jamsil_subway": 69, "reach_bucket_jamsil_subway": "60-90", "reach_min_jamsil_rail": 69, "reach_bucket_jamsil_rail": "60-90", "reach_min_konkuk_subway": 70, "reach_bucket_konkuk_subway": "60-90", "reach_min_konkuk_rail": 70, "reach_bucket_konkuk_rail": "60-90", "reach_min_hongik_subway": 43, "reach_bucket_hongik_subway": "30-45", "reach_min_hongik_rail": 43, "reach_bucket_hongik_rail": "30-45"}}, {"type": "Feature", "geometry": {"type": "Point", "coordinates": [126.89931, 37.57015]}, "properties": {"id": "kr_293", "name": "월드컵경기장", "district": "Mapo-gu", "transit_stress_score": 2.1, "transit_stress_tier": "low", "walk_stress_score": 87.5, "walk_stress_tier": "very-low", "reach_min_seoul_station_subway": 25, "reach_bucket_seoul_station_subway": "20-30", "reach_min_seoul_station_rail": 25, "reach_bucket_seoul_station_rail": "20-30", "reach_min_city_hall_subway": 27, "reach_bucket_city_hall_subway": "20-30", "reach_min_city_hall_rail": 27, "reach_bucket_city_hall_rail": "20-30", "reach_min_gangnam_subway": 38, "reach_bucket_gangnam_subway": "30-45", "reach_min_gangnam_rail": 38, "reach_bucket_gangnam_rail": "30-45", "reach_min_wangsimni_subway": 37, "reach_bucket_wangsimni_subway": "30-45", "reach_min_wangsimni_rail": 37, "reach_bucket_wangsimni_rail": "30-45", "reach_min_sadang_subway": 35, "reach_bucket_sadang_subway": "30-45", "reach_min_sadang_rail": 35, "reach_bucket_sadang_rail": "30-45", "reach_min_jamsil_subway": 52, "reach_bucket_jamsil_subway": "45-60", "reach_min_jamsil_rail": 52, "reach_bucket_jamsil_rail": "45-60", "reach_min_konkuk_subway": 46, "reach_bucket_konkuk_subway": "45-60", "reach_min_konkuk_rail": 46, "reach_bucket_konkuk_rail": "45-60", "reach_min_hongik_subway": 34, "reach_bucket_hongik_subway": "30-45", "reach_min_hongik_rail": 34, "reach_bucket_hongik_rail": "30-45"}}, {"type": "Feature", "geometry": {"type": "Point", "coordinates": [126.9228, 37.60605]}, "properties": {"id": "kr_294", "name": "역촌", "district": "Eunpyeong-gu", "transit_stress_score": 2.1, "transit_stress_tier": "low", "walk_stress_score": 62.5, "walk_stress_tier": "very-low", "reach_min_seoul_station_subway": 27, "reach_bucket_seoul_station_subway": "20-30", "reach_min_seoul_station_rail": 27, "reach_bucket_seoul_station_rail": "20-30", "reach_min_city_hall_subway": 24, "reach_bucket_city_hall_subway": "20-30", "reach_min_city_hall_rail": 24, "reach_bucket_city_hall_rail": "20-30", "reach_min_gangnam_subway": 44, "reach_bucket_gangnam_subway": "30-45", "reach_min_gangnam_rail": 44, "reach_bucket_gangnam_rail": "30-45", "reach_min_wangsimni_subway": 30, "reach_bucket_wangsimni_subway": "30-45", "reach_min_wangsimni_rail": 30, "reach_bucket_wangsimni_rail": "30-45", "reach_min_sadang_subway": 45, "reach_bucket_sadang_subway": "45-60", "reach_min_sadang_rail": 45, "reach_bucket_sadang_rail": "45-60", "reach_min_jamsil_subway": 50, "reach_bucket_jamsil_subway": "45-60", "reach_min_jamsil_rail": 50, "reach_bucket_jamsil_rail": "45-60", "reach_min_konkuk_subway": 39, "reach_bucket_konkuk_subway": "30-45", "reach_min_konkuk_rail": 39, "reach_bucket_konkuk_rail": "30-45", "reach_min_hongik_subway": 35, "reach_bucket_hongik_subway": "30-45", "reach_min_hongik_rail": 35, "reach_bucket_hongik_rail": "30-45"}}, {"type": "Feature", "geometry": {"type": "Point", "coordinates": [126.98651, 37.53475]}, "properties": {"id": "kr_295", "name": "녹사평", "district": "Yongsan-gu", "transit_stress_score": 2.0, "transit_stress_tier": "low", "walk_stress_score": 87.5, "walk_stress_tier": "very-low", "reach_min_seoul_station_subway": 8, "reach_bucket_seoul_station_subway": "<10", "reach_min_seoul_station_rail": 8, "reach_bucket_seoul_station_rail": "<10", "reach_min_city_hall_subway": 10, "reach_bucket_city_hall_subway": "10-20", "reach_min_city_hall_rail": 10, "reach_bucket_city_hall_rail": "10-20", "reach_min_gangnam_subway": 21, "reach_bucket_gangnam_subway": "20-30", "reach_min_gangnam_rail": 21, "reach_bucket_gangnam_rail": "20-30", "reach_min_wangsimni_subway": 16, "reach_bucket_wangsimni_subway": "10-20", "reach_min_wangsimni_rail": 16, "reach_bucket_wangsimni_rail": "10-20", "reach_min_sadang_subway": 18, "reach_bucket_sadang_subway": "10-20", "reach_min_sadang_rail": 18, "reach_bucket_sadang_rail": "10-20", "reach_min_jamsil_subway": 35, "reach_bucket_jamsil_subway": "30-45", "reach_min_jamsil_rail": 35, "reach_bucket_jamsil_rail": "30-45", "reach_min_konkuk_subway": 25, "reach_bucket_konkuk_subway": "20-30", "reach_min_konkuk_rail": 25, "reach_bucket_konkuk_rail": "20-30", "reach_min_hongik_subway": 21, "reach_bucket_hongik_subway": "20-30", "reach_min_hongik_rail": 21, "reach_bucket_hongik_rail": "20-30"}}, {"type": "Feature", "geometry": {"type": "Point", "coordinates": [127.02996, 37.55758]}, "properties": {"id": "kr_296", "name": "행당", "district": "Seongdong-gu", "transit_stress_score": 2.0, "transit_stress_tier": "low", "walk_stress_score": 62.5, "walk_stress_tier": "very-low", "reach_min_seoul_station_subway": 14, "reach_bucket_seoul_station_subway": "10-20", "reach_min_seoul_station_rail": 14, "reach_bucket_seoul_station_rail": "10-20", "reach_min_city_hall_subway": 13, "reach_bucket_city_hall_subway": "10-20", "reach_min_city_hall_rail": 13, "reach_bucket_city_hall_rail": "10-20", "reach_min_gangnam_subway": 22, "reach_bucket_gangnam_subway": "20-30", "reach_min_gangnam_rail": 22, "reach_bucket_gangnam_rail": "20-30", "reach_min_wangsimni_subway": 2, "reach_bucket_wangsimni_subway": "<10", "reach_min_wangsimni_rail": 2, "reach_bucket_wangsimni_rail": "<10", "reach_min_sadang_subway": 32, "reach_bucket_sadang_subway": "30-45", "reach_min_sadang_rail": 32, "reach_bucket_sadang_rail": "30-45", "reach_min_jamsil_subway": 22, "reach_bucket_jamsil_subway": "20-30", "reach_min_jamsil_rail": 22, "reach_bucket_jamsil_rail": "20-30", "reach_min_konkuk_subway": 11, "reach_bucket_konkuk_subway": "10-20", "reach_min_konkuk_rail": 11, "reach_bucket_konkuk_rail": "10-20", "reach_min_hongik_subway": 25, "reach_bucket_hongik_subway": "20-30", "reach_min_hongik_rail": 25, "reach_bucket_hongik_rail": "20-30"}}, {"type": "Feature", "geometry": {"type": "Point", "coordinates": [126.84038, 37.5417]}, "properties": {"id": "kr_297", "name": "Hwagok", "district": "Gangseo-gu", "transit_stress_score": 2.0, "transit_stress_tier": "low", "walk_stress_score": 100.0, "walk_stress_tier": "mid", "reach_min_seoul_station_subway": 31, "reach_bucket_seoul_station_subway": "30-45", "reach_min_seoul_station_rail": 31, "reach_bucket_seoul_station_rail": "30-45", "reach_min_city_hall_subway": 34, "reach_bucket_city_hall_subway": "30-45", "reach_min_city_hall_rail": 34, "reach_bucket_city_hall_rail": "30-45", "reach_min_gangnam_subway": 41, "reach_bucket_gangnam_subway": "30-45", "reach_min_gangnam_rail": 41, "reach_bucket_gangnam_rail": "30-45", "reach_min_wangsimni_subway": 46, "reach_bucket_wangsimni_subway": "45-60", "reach_min_wangsimni_rail": 46, "reach_bucket_wangsimni_rail": "45-60", "reach_min_sadang_subway": 37, "reach_bucket_sadang_subway": "30-45", "reach_min_sadang_rail": 37, "reach_bucket_sadang_rail": "30-45", "reach_min_jamsil_subway": 54, "reach_bucket_jamsil_subway": "45-60", "reach_min_jamsil_rail": 54, "reach_bucket_jamsil_rail": "45-60", "reach_min_konkuk_subway": 55, "reach_bucket_konkuk_subway": "45-60", "reach_min_konkuk_rail": 55, "reach_bucket_konkuk_rail": "45-60", "reach_min_hongik_subway": 28, "reach_bucket_hongik_subway": "20-30", "reach_min_hongik_rail": 28, "reach_bucket_hongik_rail": "20-30"}}, {"type": "Feature", "geometry": {"type": "Point", "coordinates": [127.08421, 37.48379]}, "properties": {"id": "kr_298", "name": "Irwon", "district": "Gangnam-gu", "transit_stress_score": 2.0, "transit_stress_tier": "low", "walk_stress_score": 100.0, "walk_stress_tier": "mid", "reach_min_seoul_station_subway": 40, "reach_bucket_seoul_station_subway": "30-45", "reach_min_seoul_station_rail": 40, "reach_bucket_seoul_station_rail": "30-45", "reach_min_city_hall_subway": 42, "reach_bucket_city_hall_subway": "30-45", "reach_min_city_hall_rail": 42, "reach_bucket_city_hall_rail": "30-45", "reach_min_gangnam_subway": 16, "reach_bucket_gangnam_subway": "10-20", "reach_min_gangnam_rail": 16, "reach_bucket_gangnam_rail": "10-20", "reach_min_wangsimni_subway": 40, "reach_bucket_wangsimni_subway": "30-45", "reach_min_wangsimni_rail": 40, "reach_bucket_wangsimni_rail": "30-45", "reach_min_sadang_subway": 27, "reach_bucket_sadang_subway": "20-30", "reach_min_sadang_rail": 27, "reach_bucket_sadang_rail": "20-30", "reach_min_jamsil_subway": 22, "reach_bucket_jamsil_subway": "20-30", "reach_min_jamsil_rail": 22, "reach_bucket_jamsil_rail": "20-30", "reach_min_konkuk_subway": 33, "reach_bucket_konkuk_subway": "30-45", "reach_min_konkuk_rail": 33, "reach_bucket_konkuk_rail": "30-45", "reach_min_hongik_subway": 49, "reach_bucket_hongik_subway": "45-60", "reach_min_hongik_rail": 49, "reach_bucket_hongik_rail": "45-60"}}, {"type": "Feature", "geometry": {"type": "Point", "coordinates": [126.92821, 37.4997]}, "properties": {"id": "kr_299", "name": "신대방삼거리", "district": "Dongjak-gu", "transit_stress_score": 2.0, "transit_stress_tier": "low", "walk_stress_score": 87.5, "walk_stress_tier": "very-low", "reach_min_seoul_station_subway": 38, "reach_bucket_seoul_station_subway": "30-45", "reach_min_seoul_station_rail": 38, "reach_bucket_seoul_station_rail": "30-45", "reach_min_city_hall_subway": 41, "reach_bucket_city_hall_subway": "30-45", "reach_min_city_hall_rail": 41, "reach_bucket_city_hall_rail": "30-45", "reach_min_gangnam_subway": 26, "reach_bucket_gangnam_subway": "20-30", "reach_min_gangnam_rail": 26, "reach_bucket_gangnam_rail": "20-30", "reach_min_wangsimni_subway": 43, "reach_bucket_wangsimni_subway": "30-45", "reach_min_wangsimni_rail": 43, "reach_bucket_wangsimni_rail": "30-45", "reach_min_sadang_subway": 31, "reach_bucket_sadang_subway": "30-45", "reach_min_sadang_rail": 31, "reach_bucket_sadang_rail": "30-45", "reach_min_jamsil_subway": 39, "reach_bucket_jamsil_subway": "30-45", "reach_min_jamsil_rail": 39, "reach_bucket_jamsil_rail": "30-45", "reach_min_konkuk_subway": 50, "reach_bucket_konkuk_subway": "45-60", "reach_min_konkuk_rail": 50, "reach_bucket_konkuk_rail": "45-60", "reach_min_hongik_subway": 47, "reach_bucket_hongik_subway": "45-60", "reach_min_hongik_rail": 47, "reach_bucket_hongik_rail": "45-60"}}, {"type": "Feature", "geometry": {"type": "Point", "coordinates": [126.89657, 37.52531]}, "properties": {"id": "kr_300", "name": "Yeongdeungpo-gu Office", "district": "Yeongdeungpo-gu", "transit_stress_score": 2.0, "transit_stress_tier": "low", "walk_stress_score": 75.0, "walk_stress_tier": "very-low", "reach_min_seoul_station_subway": 21, "reach_bucket_seoul_station_subway": "20-30", "reach_min_seoul_station_rail": 21, "reach_bucket_seoul_station_rail": "20-30", "reach_min_city_hall_subway": 21, "reach_bucket_city_hall_subway": "20-30", "reach_min_city_hall_rail": 21, "reach_bucket_city_hall_rail": "20-30", "reach_min_gangnam_subway": 28, "reach_bucket_gangnam_subway": "20-30", "reach_min_gangnam_rail": 28, "reach_bucket_gangnam_rail": "20-30", "reach_min_wangsimni_subway": 34, "reach_bucket_wangsimni_subway": "30-45", "reach_min_wangsimni_rail": 34, "reach_bucket_wangsimni_rail": "30-45", "reach_min_sadang_subway": 24, "reach_bucket_sadang_subway": "20-30", "reach_min_sadang_rail": 24, "reach_bucket_sadang_rail": "20-30", "reach_min_jamsil_subway": 41, "reach_bucket_jamsil_subway": "30-45", "reach_min_jamsil_rail": 41, "reach_bucket_jamsil_rail": "30-45", "reach_min_konkuk_subway": 43, "reach_bucket_konkuk_subway": "30-45", "reach_min_konkuk_rail": 43, "reach_bucket_konkuk_rail": "30-45", "reach_min_hongik_subway": 9, "reach_bucket_hongik_subway": "<10", "reach_min_hongik_rail": 9, "reach_bucket_hongik_rail": "<10"}}, {"type": "Feature", "geometry": {"type": "Point", "coordinates": [127.20431, 37.55281]}, "properties": {"id": "kr_301", "name": "하남풍산", "district": null, "transit_stress_score": 1.9, "transit_stress_tier": "low", "walk_stress_score": 100.0, "walk_stress_tier": "mid", "reach_min_seoul_station_subway": 55, "reach_bucket_seoul_station_subway": "45-60", "reach_min_seoul_station_rail": 55, "reach_bucket_seoul_station_rail": "45-60", "reach_min_city_hall_subway": 54, "reach_bucket_city_hall_subway": "45-60", "reach_min_city_hall_rail": 54, "reach_bucket_city_hall_rail": "45-60", "reach_min_gangnam_subway": 45, "reach_bucket_gangnam_subway": "45-60", "reach_min_gangnam_rail": 45, "reach_bucket_gangnam_rail": "45-60", "reach_min_wangsimni_subway": 40, "reach_bucket_wangsimni_subway": "30-45", "reach_min_wangsimni_rail": 40, "reach_bucket_wangsimni_rail": "30-45", "reach_min_sadang_subway": 56, "reach_bucket_sadang_subway": "45-60", "reach_min_sadang_rail": 56, "reach_bucket_sadang_rail": "45-60", "reach_min_jamsil_subway": 40, "reach_bucket_jamsil_subway": "30-45", "reach_min_jamsil_rail": 40, "reach_bucket_jamsil_rail": "30-45", "reach_min_konkuk_subway": 50, "reach_bucket_konkuk_subway": "45-60", "reach_min_konkuk_rail": 50, "reach_bucket_konkuk_rail": "45-60", "reach_min_hongik_subway": 65, "reach_bucket_hongik_subway": "60-90", "reach_min_hongik_rail": 65, "reach_bucket_hongik_rail": "60-90"}}, {"type": "Feature", "geometry": {"type": "Point", "coordinates": [126.77326, 37.65973]}, "properties": {"id": "kr_302", "name": "Jeongbalsan", "district": null, "transit_stress_score": 1.9, "transit_stress_tier": "low", "walk_stress_score": 100.0, "walk_stress_tier": "mid", "reach_min_seoul_station_subway": 66, "reach_bucket_seoul_station_subway": "60-90", "reach_min_seoul_station_rail": 66, "reach_bucket_seoul_station_rail": "60-90", "reach_min_city_hall_subway": 63, "reach_bucket_city_hall_subway": "60-90", "reach_min_city_hall_rail": 63, "reach_bucket_city_hall_rail": "60-90", "reach_min_gangnam_subway": 83, "reach_bucket_gangnam_subway": "60-90", "reach_min_gangnam_rail": 83, "reach_bucket_gangnam_rail": "60-90", "reach_min_wangsimni_subway": 70, "reach_bucket_wangsimni_subway": "60-90", "reach_min_wangsimni_rail": 70, "reach_bucket_wangsimni_rail": "60-90", "reach_min_sadang_subway": 86, "reach_bucket_sadang_subway": "60-90", "reach_min_sadang_rail": 86, "reach_bucket_sadang_rail": "60-90", "reach_min_jamsil_subway": 90, "reach_bucket_jamsil_subway": "90-120", "reach_min_jamsil_rail": 90, "reach_bucket_jamsil_rail": "90-120", "reach_min_konkuk_subway": 79, "reach_bucket_konkuk_subway": "60-90", "reach_min_konkuk_rail": 79, "reach_bucket_konkuk_rail": "60-90", "reach_min_hongik_subway": 75, "reach_bucket_hongik_subway": "60-90", "reach_min_hongik_rail": 75, "reach_bucket_hongik_rail": "60-90"}}, {"type": "Feature", "geometry": {"type": "Point", "coordinates": [127.13808, 37.61097]}, "properties": {"id": "kr_303", "name": "Donggureung", "district": null, "transit_stress_score": 1.9, "transit_stress_tier": "low", "walk_stress_score": 100.0, "walk_stress_tier": "mid", "reach_min_seoul_station_subway": 52, "reach_bucket_seoul_station_subway": "45-60", "reach_min_seoul_station_rail": 52, "reach_bucket_seoul_station_rail": "45-60", "reach_min_city_hall_subway": 51, "reach_bucket_city_hall_subway": "45-60", "reach_min_city_hall_rail": 51, "reach_bucket_city_hall_rail": "45-60", "reach_min_gangnam_subway": 44, "reach_bucket_gangnam_subway": "30-45", "reach_min_gangnam_rail": 44, "reach_bucket_gangnam_rail": "30-45", "reach_min_wangsimni_subway": 37, "reach_bucket_wangsimni_subway": "30-45", "reach_min_wangsimni_rail": 37, "reach_bucket_wangsimni_rail": "30-45", "reach_min_sadang_subway": 55, "reach_bucket_sadang_subway": "45-60", "reach_min_sadang_rail": 55, "reach_bucket_sadang_rail": "45-60", "reach_min_jamsil_subway": 39, "reach_bucket_jamsil_subway": "30-45", "reach_min_jamsil_rail": 39, "reach_bucket_jamsil_rail": "30-45", "reach_min_konkuk_subway": 47, "reach_bucket_konkuk_subway": "45-60", "reach_min_konkuk_rail": 47, "reach_bucket_konkuk_rail": "45-60", "reach_min_hongik_subway": 62, "reach_bucket_hongik_subway": "60-90", "reach_min_hongik_rail": 62, "reach_bucket_hongik_rail": "60-90"}}, {"type": "Feature", "geometry": {"type": "Point", "coordinates": [127.14764, 37.441]}, "properties": {"id": "kr_304", "name": "Sinheung", "district": null, "transit_stress_score": 1.9, "transit_stress_tier": "low", "walk_stress_score": 87.5, "walk_stress_tier": "very-low", "reach_min_seoul_station_subway": 60, "reach_bucket_seoul_station_subway": "60-90", "reach_min_seoul_station_rail": 60, "reach_bucket_seoul_station_rail": "60-90", "reach_min_city_hall_subway": 62, "reach_bucket_city_hall_subway": "60-90", "reach_min_city_hall_rail": 62, "reach_bucket_city_hall_rail": "60-90", "reach_min_gangnam_subway": 38, "reach_bucket_gangnam_subway": "30-45", "reach_min_gangnam_rail": 38, "reach_bucket_gangnam_rail": "30-45", "reach_min_wangsimni_subway": 52, "reach_bucket_wangsimni_subway": "45-60", "reach_min_wangsimni_rail": 52, "reach_bucket_wangsimni_rail": "45-60", "reach_min_sadang_subway": 49, "reach_bucket_sadang_subway": "45-60", "reach_min_sadang_rail": 49, "reach_bucket_sadang_rail": "45-60", "reach_min_jamsil_subway": 33, "reach_bucket_jamsil_subway": "30-45", "reach_min_jamsil_rail": 33, "reach_bucket_jamsil_rail": "30-45", "reach_min_konkuk_subway": 44, "reach_bucket_konkuk_subway": "30-45", "reach_min_konkuk_rail": 44, "reach_bucket_konkuk_rail": "30-45", "reach_min_hongik_subway": 69, "reach_bucket_hongik_subway": "60-90", "reach_min_hongik_rail": 69, "reach_bucket_hongik_rail": "60-90"}}, {"type": "Feature", "geometry": {"type": "Point", "coordinates": [127.08371, 37.61978]}, "properties": {"id": "kr_305", "name": "화랑대", "district": "Nowon-gu", "transit_stress_score": 1.9, "transit_stress_tier": "low", "walk_stress_score": 87.5, "walk_stress_tier": "very-low", "reach_min_seoul_station_subway": 35, "reach_bucket_seoul_station_subway": "30-45", "reach_min_seoul_station_rail": 35, "reach_bucket_seoul_station_rail": "30-45", "reach_min_city_hall_subway": 34, "reach_bucket_city_hall_subway": "30-45", "reach_min_city_hall_rail": 34, "reach_bucket_city_hall_rail": "30-45", "reach_min_gangnam_subway": 43, "reach_bucket_gangnam_subway": "30-45", "reach_min_gangnam_rail": 43, "reach_bucket_gangnam_rail": "30-45", "reach_min_wangsimni_subway": 29, "reach_bucket_wangsimni_subway": "20-30", "reach_min_wangsimni_rail": 29, "reach_bucket_wangsimni_rail": "20-30", "reach_min_sadang_subway": 51, "reach_bucket_sadang_subway": "45-60", "reach_min_sadang_rail": 51, "reach_bucket_sadang_rail": "45-60", "reach_min_jamsil_subway": 49, "reach_bucket_jamsil_subway": "45-60", "reach_min_jamsil_rail": 49, "reach_bucket_jamsil_rail": "45-60", "reach_min_konkuk_subway": 38, "reach_bucket_konkuk_subway": "30-45", "reach_min_konkuk_rail": 38, "reach_bucket_konkuk_rail": "30-45", "reach_min_hongik_subway": 45, "reach_bucket_hongik_subway": "45-60", "reach_min_hongik_rail": 45, "reach_bucket_hongik_rail": "45-60"}}, {"type": "Feature", "geometry": {"type": "Point", "coordinates": [127.13483, 37.49807]}, "properties": {"id": "kr_306", "name": "개롱", "district": "Songpa-gu", "transit_stress_score": 1.9, "transit_stress_tier": "low", "walk_stress_score": 87.5, "walk_stress_tier": "very-low", "reach_min_seoul_station_subway": 47, "reach_bucket_seoul_station_subway": "45-60", "reach_min_seoul_station_rail": 47, "reach_bucket_seoul_station_rail": "45-60", "reach_min_city_hall_subway": 46, "reach_bucket_city_hall_subway": "45-60", "reach_min_city_hall_rail": 46, "reach_bucket_city_hall_rail": "45-60", "reach_min_gangnam_subway": 25, "reach_bucket_gangnam_subway": "20-30", "reach_min_gangnam_rail": 25, "reach_bucket_gangnam_rail": "20-30", "reach_min_wangsimni_subway": 33, "reach_bucket_wangsimni_subway": "30-45", "reach_min_wangsimni_rail": 33, "reach_bucket_wangsimni_rail": "30-45", "reach_min_sadang_subway": 36, "reach_bucket_sadang_subway": "30-45", "reach_min_sadang_rail": 36, "reach_bucket_sadang_rail": "30-45", "reach_min_jamsil_subway": 20, "reach_bucket_jamsil_subway": "20-30", "reach_min_jamsil_rail": 20, "reach_bucket_jamsil_rail": "20-30", "reach_min_konkuk_subway": 31, "reach_bucket_konkuk_subway": "30-45", "reach_min_konkuk_rail": 31, "reach_bucket_konkuk_rail": "30-45", "reach_min_hongik_subway": 56, "reach_bucket_hongik_subway": "45-60", "reach_min_hongik_rail": 56, "reach_bucket_hongik_rail": "45-60"}}, {"type": "Feature", "geometry": {"type": "Point", "coordinates": [127.06929, 37.29743]}, "properties": {"id": "kr_307", "name": "Sanghyeon", "district": null, "transit_stress_score": 1.9, "transit_stress_tier": "low", "walk_stress_score": 100.0, "walk_stress_tier": "mid", "reach_min_seoul_station_subway": 76, "reach_bucket_seoul_station_subway": "60-90", "reach_min_seoul_station_rail": 76, "reach_bucket_seoul_station_rail": "60-90", "reach_min_city_hall_subway": 77, "reach_bucket_city_hall_subway": "60-90", "reach_min_city_hall_rail": 77, "reach_bucket_city_hall_rail": "60-90", "reach_min_gangnam_subway": 52, "reach_bucket_gangnam_subway": "45-60", "reach_min_gangnam_rail": 52, "reach_bucket_gangnam_rail": "45-60", "reach_min_wangsimni_subway": 76, "reach_bucket_wangsimni_subway": "60-90", "reach_min_wangsimni_rail": 76, "reach_bucket_wangsimni_rail": "60-90", "reach_min_sadang_subway": 62, "reach_bucket_sadang_subway": "60-90", "reach_min_sadang_rail": 62, "reach_bucket_sadang_rail": "60-90", "reach_min_jamsil_subway": 67, "reach_bucket_jamsil_subway": "60-90", "reach_min_jamsil_rail": 67, "reach_bucket_jamsil_rail": "60-90", "reach_min_konkuk_subway": 78, "reach_bucket_konkuk_subway": "60-90", "reach_min_konkuk_rail": 78, "reach_bucket_konkuk_rail": "60-90", "reach_min_hongik_subway": 84, "reach_bucket_hongik_subway": "60-90", "reach_min_hongik_rail": 84, "reach_bucket_hongik_rail": "60-90"}}, {"type": "Feature", "geometry": {"type": "Point", "coordinates": [127.49033, 37.2604]}, "properties": {"id": "kr_308", "name": "Bubal", "district": null, "transit_stress_score": 1.9, "transit_stress_tier": "low", "walk_stress_score": 100.0, "walk_stress_tier": "mid", "reach_min_seoul_station_subway": 120, "reach_bucket_seoul_station_subway": "120+", "reach_min_seoul_station_rail": 120, "reach_bucket_seoul_station_rail": "120+", "reach_min_city_hall_subway": 120, "reach_bucket_city_hall_subway": "120+", "reach_min_city_hall_rail": 120, "reach_bucket_city_hall_rail": "120+", "reach_min_gangnam_subway": 104, "reach_bucket_gangnam_subway": "90-120", "reach_min_gangnam_rail": 104, "reach_bucket_gangnam_rail": "90-120", "reach_min_wangsimni_subway": 120, "reach_bucket_wangsimni_subway": "120+", "reach_min_wangsimni_rail": 120, "reach_bucket_wangsimni_rail": "120+", "reach_min_sadang_subway": 114, "reach_bucket_sadang_subway": "90-120", "reach_min_sadang_rail": 114, "reach_bucket_sadang_rail": "90-120", "reach_min_jamsil_subway": 119, "reach_bucket_jamsil_subway": "90-120", "reach_min_jamsil_rail": 119, "reach_bucket_jamsil_rail": "90-120", "reach_min_konkuk_subway": 120, "reach_bucket_konkuk_subway": "120+", "reach_min_konkuk_rail": 120, "reach_bucket_konkuk_rail": "120+", "reach_min_hongik_subway": 120, "reach_bucket_hongik_subway": "120+", "reach_min_hongik_rail": 120, "reach_bucket_hongik_rail": "120+"}}, {"type": "Feature", "geometry": {"type": "Point", "coordinates": [127.05282, 36.77762]}, "properties": {"id": "kr_309", "name": "Baebang", "district": null, "transit_stress_score": 1.9, "transit_stress_tier": "low", "walk_stress_score": 100.0, "walk_stress_tier": "mid", "reach_min_seoul_station_subway": 120, "reach_bucket_seoul_station_subway": "120+", "reach_min_seoul_station_rail": 63, "reach_bucket_seoul_station_rail": "60-90", "reach_min_city_hall_subway": 120, "reach_bucket_city_hall_subway": "120+", "reach_min_city_hall_rail": 66, "reach_bucket_city_hall_rail": "60-90", "reach_min_gangnam_subway": 120, "reach_bucket_gangnam_subway": "120+", "reach_min_gangnam_rail": 80, "reach_bucket_gangnam_rail": "60-90", "reach_min_wangsimni_subway": 120, "reach_bucket_wangsimni_subway": "120+", "reach_min_wangsimni_rail": 77, "reach_bucket_wangsimni_rail": "60-90", "reach_min_sadang_subway": 120, "reach_bucket_sadang_subway": "120+", "reach_min_sadang_rail": 81, "reach_bucket_sadang_rail": "60-90", "reach_min_jamsil_subway": 120, "reach_bucket_jamsil_subway": "120+", "reach_min_jamsil_rail": 79, "reach_bucket_jamsil_rail": "60-90", "reach_min_konkuk_subway": 120, "reach_bucket_konkuk_subway": "120+", "reach_min_konkuk_rail": 87, "reach_bucket_konkuk_rail": "60-90", "reach_min_hongik_subway": 120, "reach_bucket_hongik_subway": "120+", "reach_min_hongik_rail": 77, "reach_bucket_hongik_rail": "60-90"}}, {"type": "Feature", "geometry": {"type": "Point", "coordinates": [127.11619, 37.6678]}, "properties": {"id": "kr_310", "name": "Byeollaebyeolgaram", "district": null, "transit_stress_score": 1.9, "transit_stress_tier": "low", "walk_stress_score": 100.0, "walk_stress_tier": "mid", "reach_min_seoul_station_subway": 50, "reach_bucket_seoul_station_subway": "45-60", "reach_min_seoul_station_rail": 50, "reach_bucket_seoul_station_rail": "45-60", "reach_min_city_hall_subway": 48, "reach_bucket_city_hall_subway": "45-60", "reach_min_city_hall_rail": 48, "reach_bucket_city_hall_rail": "45-60", "reach_min_gangnam_subway": 61, "reach_bucket_gangnam_subway": "60-90", "reach_min_gangnam_rail": 61, "reach_bucket_gangnam_rail": "60-90", "reach_min_wangsimni_subway": 48, "reach_bucket_wangsimni_subway": "45-60", "reach_min_wangsimni_rail": 48, "reach_bucket_wangsimni_rail": "45-60", "reach_min_sadang_subway": 69, "reach_bucket_sadang_subway": "60-90", "reach_min_sadang_rail": 69, "reach_bucket_sadang_rail": "60-90", "reach_min_jamsil_subway": 68, "reach_bucket_jamsil_subway": "60-90", "reach_min_jamsil_rail": 68, "reach_bucket_jamsil_rail": "60-90", "reach_min_konkuk_subway": 57, "reach_bucket_konkuk_subway": "45-60", "reach_min_konkuk_rail": 57, "reach_bucket_konkuk_rail": "45-60", "reach_min_hongik_subway": 59, "reach_bucket_hongik_subway": "45-60", "reach_min_hongik_rail": 59, "reach_bucket_hongik_rail": "45-60"}}, {"type": "Feature", "geometry": {"type": "Point", "coordinates": [127.07423, 37.99508]}, "properties": {"id": "kr_311", "name": "Cheongsan", "district": null, "transit_stress_score": 1.9, "transit_stress_tier": "low", "walk_stress_score": 100.0, "walk_stress_tier": "mid", "reach_min_seoul_station_subway": 112, "reach_bucket_seoul_station_subway": "90-120", "reach_min_seoul_station_rail": 112, "reach_bucket_seoul_station_rail": "90-120", "reach_min_city_hall_subway": 110, "reach_bucket_city_hall_subway": "90-120", "reach_min_city_hall_rail": 110, "reach_bucket_city_hall_rail": "90-120", "reach_min_gangnam_subway": 120, "reach_bucket_gangnam_subway": "120+", "reach_min_gangnam_rail": 120, "reach_bucket_gangnam_rail": "120+", "reach_min_wangsimni_subway": 110, "reach_bucket_wangsimni_subway": "90-120", "reach_min_wangsimni_rail": 110, "reach_bucket_wangsimni_rail": "90-120", "reach_min_sadang_subway": 120, "reach_bucket_sadang_subway": "120+", "reach_min_sadang_rail": 120, "reach_bucket_sadang_rail": "120+", "reach_min_jamsil_subway": 120, "reach_bucket_jamsil_subway": "120+", "reach_min_jamsil_rail": 120, "reach_bucket_jamsil_rail": "120+", "reach_min_konkuk_subway": 112, "reach_bucket_konkuk_subway": "90-120", "reach_min_konkuk_rail": 112, "reach_bucket_konkuk_rail": "90-120", "reach_min_hongik_subway": 120, "reach_bucket_hongik_subway": "120+", "reach_min_hongik_rail": 120, "reach_bucket_hongik_rail": "120+"}}, {"type": "Feature", "geometry": {"type": "Point", "coordinates": [126.98261, 37.56595]}, "properties": {"id": "kr_312", "name": "Euljiro 1(il)-ga (Industrial Bank of Korea)", "district": "Jung-gu", "transit_stress_score": 1.9, "transit_stress_tier": "low", "walk_stress_score": 50.0, "walk_stress_tier": "very-low", "reach_min_seoul_station_subway": 4, "reach_bucket_seoul_station_subway": "<10", "reach_min_seoul_station_rail": 4, "reach_bucket_seoul_station_rail": "<10", "reach_min_city_hall_subway": 2, "reach_bucket_city_hall_subway": "<10", "reach_min_city_hall_rail": 2, "reach_bucket_city_hall_rail": "<10", "reach_min_gangnam_subway": 24, "reach_bucket_gangnam_subway": "20-30", "reach_min_gangnam_rail": 24, "reach_bucket_gangnam_rail": "20-30", "reach_min_wangsimni_subway": 12, "reach_bucket_wangsimni_subway": "10-20", "reach_min_wangsimni_rail": 12, "reach_bucket_wangsimni_rail": "10-20", "reach_min_sadang_subway": 24, "reach_bucket_sadang_subway": "20-30", "reach_min_sadang_rail": 24, "reach_bucket_sadang_rail": "20-30", "reach_min_jamsil_subway": 32, "reach_bucket_jamsil_subway": "30-45", "reach_min_jamsil_rail": 32, "reach_bucket_jamsil_rail": "30-45", "reach_min_konkuk_subway": 21, "reach_bucket_konkuk_subway": "20-30", "reach_min_konkuk_rail": 21, "reach_bucket_konkuk_rail": "20-30", "reach_min_hongik_subway": 13, "reach_bucket_hongik_subway": "10-20", "reach_min_hongik_rail": 13, "reach_bucket_hongik_rail": "10-20"}}, {"type": "Feature", "geometry": {"type": "Point", "coordinates": [126.68016, 37.46508]}, "properties": {"id": "kr_313", "name": "주안", "district": null, "transit_stress_score": 1.9, "transit_stress_tier": "low", "walk_stress_score": 87.5, "walk_stress_tier": "very-low", "reach_min_seoul_station_subway": 56, "reach_bucket_seoul_station_subway": "45-60", "reach_min_seoul_station_rail": 56, "reach_bucket_seoul_station_rail": "45-60", "reach_min_city_hall_subway": 59, "reach_bucket_city_hall_subway": "45-60", "reach_min_city_hall_rail": 59, "reach_bucket_city_hall_rail": "45-60", "reach_min_gangnam_subway": 66, "reach_bucket_gangnam_subway": "60-90", "reach_min_gangnam_rail": 66, "reach_bucket_gangnam_rail": "60-90", "reach_min_wangsimni_subway": 71, "reach_bucket_wangsimni_subway": "60-90", "reach_min_wangsimni_rail": 71, "reach_bucket_wangsimni_rail": "60-90", "reach_min_sadang_subway": 62, "reach_bucket_sadang_subway": "60-90", "reach_min_sadang_rail": 62, "reach_bucket_sadang_rail": "60-90", "reach_min_jamsil_subway": 79, "reach_bucket_jamsil_subway": "60-90", "reach_min_jamsil_rail": 79, "reach_bucket_jamsil_rail": "60-90", "reach_min_konkuk_subway": 80, "reach_bucket_konkuk_subway": "60-90", "reach_min_konkuk_rail": 80, "reach_bucket_konkuk_rail": "60-90", "reach_min_hongik_subway": 53, "reach_bucket_hongik_subway": "45-60", "reach_min_hongik_rail": 53, "reach_bucket_hongik_rail": "45-60"}}, {"type": "Feature", "geometry": {"type": "Point", "coordinates": [126.88612, 37.52564]}, "properties": {"id": "kr_314", "name": "Yangpyeong", "district": "Yeongdeungpo-gu", "transit_stress_score": 1.9, "transit_stress_tier": "low", "walk_stress_score": 100.0, "walk_stress_tier": "mid", "reach_min_seoul_station_subway": 23, "reach_bucket_seoul_station_subway": "20-30", "reach_min_seoul_station_rail": 23, "reach_bucket_seoul_station_rail": "20-30", "reach_min_city_hall_subway": 25, "reach_bucket_city_hall_subway": "20-30", "reach_min_city_hall_rail": 25, "reach_bucket_city_hall_rail": "20-30", "reach_min_gangnam_subway": 29, "reach_bucket_gangnam_subway": "20-30", "reach_min_gangnam_rail": 29, "reach_bucket_gangnam_rail": "20-30", "reach_min_wangsimni_subway": 37, "reach_bucket_wangsimni_subway": "30-45", "reach_min_wangsimni_rail": 37, "reach_bucket_wangsimni_rail": "30-45", "reach_min_sadang_subway": 25, "reach_bucket_sadang_subway": "20-30", "reach_min_sadang_rail": 25, "reach_bucket_sadang_rail": "20-30", "reach_min_jamsil_subway": 42, "reach_bucket_jamsil_subway": "30-45", "reach_min_jamsil_rail": 42, "reach_bucket_jamsil_rail": "30-45", "reach_min_konkuk_subway": 46, "reach_bucket_konkuk_subway": "45-60", "reach_min_konkuk_rail": 46, "reach_bucket_konkuk_rail": "45-60", "reach_min_hongik_subway": 20, "reach_bucket_hongik_subway": "20-30", "reach_min_hongik_rail": 20, "reach_bucket_hongik_rail": "20-30"}}, {"type": "Feature", "geometry": {"type": "Point", "coordinates": [126.7423, 37.5065]}, "properties": {"id": "kr_315", "name": "삼산체육관", "district": null, "transit_stress_score": 1.8, "transit_stress_tier": "low", "walk_stress_score": 100.0, "walk_stress_tier": "mid", "reach_min_seoul_station_subway": 49, "reach_bucket_seoul_station_subway": "45-60", "reach_min_seoul_station_rail": 49, "reach_bucket_seoul_station_rail": "45-60", "reach_min_city_hall_subway": 51, "reach_bucket_city_hall_subway": "45-60", "reach_min_city_hall_rail": 51, "reach_bucket_city_hall_rail": "45-60", "reach_min_gangnam_subway": 58, "reach_bucket_gangnam_subway": "45-60", "reach_min_gangnam_rail": 58, "reach_bucket_gangnam_rail": "45-60", "reach_min_wangsimni_subway": 63, "reach_bucket_wangsimni_subway": "60-90", "reach_min_wangsimni_rail": 63, "reach_bucket_wangsimni_rail": "60-90", "reach_min_sadang_subway": 54, "reach_bucket_sadang_subway": "45-60", "reach_min_sadang_rail": 54, "reach_bucket_sadang_rail": "45-60", "reach_min_jamsil_subway": 72, "reach_bucket_jamsil_subway": "60-90", "reach_min_jamsil_rail": 72, "reach_bucket_jamsil_rail": "60-90", "reach_min_konkuk_subway": 72, "reach_bucket_konkuk_subway": "60-90", "reach_min_konkuk_rail": 72, "reach_bucket_konkuk_rail": "60-90", "reach_min_hongik_subway": 45, "reach_bucket_hongik_subway": "45-60", "reach_min_hongik_rail": 45, "reach_bucket_hongik_rail": "45-60"}}, {"type": "Feature", "geometry": {"type": "Point", "coordinates": [126.73132, 37.50702]}, "properties": {"id": "kr_316", "name": "굴포천", "district": null, "transit_stress_score": 1.8, "transit_stress_tier": "low", "walk_stress_score": 100.0, "walk_stress_tier": "mid", "reach_min_seoul_station_subway": 51, "reach_bucket_seoul_station_subway": "45-60", "reach_min_seoul_station_rail": 51, "reach_bucket_seoul_station_rail": "45-60", "reach_min_city_hall_subway": 54, "reach_bucket_city_hall_subway": "45-60", "reach_min_city_hall_rail": 54, "reach_bucket_city_hall_rail": "45-60", "reach_min_gangnam_subway": 61, "reach_bucket_gangnam_subway": "60-90", "reach_min_gangnam_rail": 61, "reach_bucket_gangnam_rail": "60-90", "reach_min_wangsimni_subway": 66, "reach_bucket_wangsimni_subway": "60-90", "reach_min_wangsimni_rail": 66, "reach_bucket_wangsimni_rail": "60-90", "reach_min_sadang_subway": 56, "reach_bucket_sadang_subway": "45-60", "reach_min_sadang_rail": 56, "reach_bucket_sadang_rail": "45-60", "reach_min_jamsil_subway": 74, "reach_bucket_jamsil_subway": "60-90", "reach_min_jamsil_rail": 74, "reach_bucket_jamsil_rail": "60-90", "reach_min_konkuk_subway": 75, "reach_bucket_konkuk_subway": "60-90", "reach_min_konkuk_rail": 75, "reach_bucket_konkuk_rail": "60-90", "reach_min_hongik_subway": 48, "reach_bucket_hongik_subway": "45-60", "reach_min_hongik_rail": 48, "reach_bucket_hongik_rail": "45-60"}}, {"type": "Feature", "geometry": {"type": "Point", "coordinates": [127.00789, 37.44381]}, "properties": {"id": "kr_317", "name": "Seoul Racecourse park", "district": null, "transit_stress_score": 1.8, "transit_stress_tier": "low", "walk_stress_score": 100.0, "walk_stress_tier": "mid", "reach_min_seoul_station_subway": 29, "reach_bucket_seoul_station_subway": "20-30", "reach_min_seoul_station_rail": 29, "reach_bucket_seoul_station_rail": "20-30", "reach_min_city_hall_subway": 32, "reach_bucket_city_hall_subway": "30-45", "reach_min_city_hall_rail": 32, "reach_bucket_city_hall_rail": "30-45", "reach_min_gangnam_subway": 20, "reach_bucket_gangnam_subway": "20-30", "reach_min_gangnam_rail": 20, "reach_bucket_gangnam_rail": "20-30", "reach_min_wangsimni_subway": 43, "reach_bucket_wangsimni_subway": "30-45", "reach_min_wangsimni_rail": 43, "reach_bucket_wangsimni_rail": "30-45", "reach_min_sadang_subway": 9, "reach_bucket_sadang_subway": "<10", "reach_min_sadang_rail": 9, "reach_bucket_sadang_rail": "<10", "reach_min_jamsil_subway": 35, "reach_bucket_jamsil_subway": "30-45", "reach_min_jamsil_rail": 35, "reach_bucket_jamsil_rail": "30-45", "reach_min_konkuk_subway": 47, "reach_bucket_konkuk_subway": "45-60", "reach_min_konkuk_rail": 47, "reach_bucket_konkuk_rail": "45-60", "reach_min_hongik_subway": 38, "reach_bucket_hongik_subway": "30-45", "reach_min_hongik_rail": 38, "reach_bucket_hongik_rail": "30-45"}}, {"type": "Feature", "geometry": {"type": "Point", "coordinates": [126.91559, 37.59861]}, "properties": {"id": "kr_318", "name": "응암", "district": "Eunpyeong-gu", "transit_stress_score": 1.7, "transit_stress_tier": "low", "walk_stress_score": 87.5, "walk_stress_tier": "very-low", "reach_min_seoul_station_subway": 29, "reach_bucket_seoul_station_subway": "20-30", "reach_min_seoul_station_rail": 29, "reach_bucket_seoul_station_rail": "20-30", "reach_min_city_hall_subway": 26, "reach_bucket_city_hall_subway": "20-30", "reach_min_city_hall_rail": 26, "reach_bucket_city_hall_rail": "20-30", "reach_min_gangnam_subway": 46, "reach_bucket_gangnam_subway": "45-60", "reach_min_gangnam_rail": 46, "reach_bucket_gangnam_rail": "45-60", "reach_min_wangsimni_subway": 33, "reach_bucket_wangsimni_subway": "30-45", "reach_min_wangsimni_rail": 33, "reach_bucket_wangsimni_rail": "30-45", "reach_min_sadang_subway": 43, "reach_bucket_sadang_subway": "30-45", "reach_min_sadang_rail": 43, "reach_bucket_sadang_rail": "30-45", "reach_min_jamsil_subway": 53, "reach_bucket_jamsil_subway": "45-60", "reach_min_jamsil_rail": 53, "reach_bucket_jamsil_rail": "45-60", "reach_min_konkuk_subway": 42, "reach_bucket_konkuk_subway": "30-45", "reach_min_konkuk_rail": 42, "reach_bucket_konkuk_rail": "30-45", "reach_min_hongik_subway": 38, "reach_bucket_hongik_subway": "30-45", "reach_min_hongik_rail": 38, "reach_bucket_hongik_rail": "30-45"}}, {"type": "Feature", "geometry": {"type": "Point", "coordinates": [126.96355, 37.47705]}, "properties": {"id": "kr_319", "name": "Nakseongdae", "district": "Gwanak-gu", "transit_stress_score": 1.7, "transit_stress_tier": "low", "walk_stress_score": 100.0, "walk_stress_tier": "mid", "reach_min_seoul_station_subway": 23, "reach_bucket_seoul_station_subway": "20-30", "reach_min_seoul_station_rail": 23, "reach_bucket_seoul_station_rail": "20-30", "reach_min_city_hall_subway": 26, "reach_bucket_city_hall_subway": "20-30", "reach_min_city_hall_rail": 26, "reach_bucket_city_hall_rail": "20-30", "reach_min_gangnam_subway": 14, "reach_bucket_gangnam_subway": "10-20", "reach_min_gangnam_rail": 14, "reach_bucket_gangnam_rail": "10-20", "reach_min_wangsimni_subway": 37, "reach_bucket_wangsimni_subway": "30-45", "reach_min_wangsimni_rail": 37, "reach_bucket_wangsimni_rail": "30-45", "reach_min_sadang_subway": 3, "reach_bucket_sadang_subway": "<10", "reach_min_sadang_rail": 3, "reach_bucket_sadang_rail": "<10", "reach_min_jamsil_subway": 29, "reach_bucket_jamsil_subway": "20-30", "reach_min_jamsil_rail": 29, "reach_bucket_jamsil_rail": "20-30", "reach_min_konkuk_subway": 40, "reach_bucket_konkuk_subway": "30-45", "reach_min_konkuk_rail": 40, "reach_bucket_konkuk_rail": "30-45", "reach_min_hongik_subway": 32, "reach_bucket_hongik_subway": "30-45", "reach_min_hongik_rail": 32, "reach_bucket_hongik_rail": "30-45"}}, {"type": "Feature", "geometry": {"type": "Point", "coordinates": [126.99438, 37.5345]}, "properties": {"id": "kr_320", "name": "이태원", "district": "Yongsan-gu", "transit_stress_score": 1.6, "transit_stress_tier": "low", "walk_stress_score": 87.5, "walk_stress_tier": "very-low", "reach_min_seoul_station_subway": 9, "reach_bucket_seoul_station_subway": "<10", "reach_min_seoul_station_rail": 9, "reach_bucket_seoul_station_rail": "<10", "reach_min_city_hall_subway": 12, "reach_bucket_city_hall_subway": "10-20", "reach_min_city_hall_rail": 12, "reach_bucket_city_hall_rail": "10-20", "reach_min_gangnam_subway": 23, "reach_bucket_gangnam_subway": "20-30", "reach_min_gangnam_rail": 23, "reach_bucket_gangnam_rail": "20-30", "reach_min_wangsimni_subway": 14, "reach_bucket_wangsimni_subway": "10-20", "reach_min_wangsimni_rail": 14, "reach_bucket_wangsimni_rail": "10-20", "reach_min_sadang_subway": 19, "reach_bucket_sadang_subway": "10-20", "reach_min_sadang_rail": 19, "reach_bucket_sadang_rail": "10-20", "reach_min_jamsil_subway": 34, "reach_bucket_jamsil_subway": "30-45", "reach_min_jamsil_rail": 34, "reach_bucket_jamsil_rail": "30-45", "reach_min_konkuk_subway": 23, "reach_bucket_konkuk_subway": "20-30", "reach_min_konkuk_rail": 23, "reach_bucket_konkuk_rail": "20-30", "reach_min_hongik_subway": 23, "reach_bucket_hongik_subway": "20-30", "reach_min_hongik_rail": 23, "reach_bucket_hongik_rail": "20-30"}}, {"type": "Feature", "geometry": {"type": "Point", "coordinates": [127.06991, 37.49648]}, "properties": {"id": "kr_321", "name": "Hangnyeoul", "district": "Gangnam-gu", "transit_stress_score": 1.5, "transit_stress_tier": "low", "walk_stress_score": 62.5, "walk_stress_tier": "very-low", "reach_min_seoul_station_subway": 35, "reach_bucket_seoul_station_subway": "30-45", "reach_min_seoul_station_rail": 35, "reach_bucket_seoul_station_rail": "30-45", "reach_min_city_hall_subway": 37, "reach_bucket_city_hall_subway": "30-45", "reach_min_city_hall_rail": 37, "reach_bucket_city_hall_rail": "30-45", "reach_min_gangnam_subway": 12, "reach_bucket_gangnam_subway": "10-20", "reach_min_gangnam_rail": 12, "reach_bucket_gangnam_rail": "10-20", "reach_min_wangsimni_subway": 36, "reach_bucket_wangsimni_subway": "30-45", "reach_min_wangsimni_rail": 36, "reach_bucket_wangsimni_rail": "30-45", "reach_min_sadang_subway": 22, "reach_bucket_sadang_subway": "20-30", "reach_min_sadang_rail": 22, "reach_bucket_sadang_rail": "20-30", "reach_min_jamsil_subway": 26, "reach_bucket_jamsil_subway": "20-30", "reach_min_jamsil_rail": 26, "reach_bucket_jamsil_rail": "20-30", "reach_min_konkuk_subway": 37, "reach_bucket_konkuk_subway": "30-45", "reach_min_konkuk_rail": 37, "reach_bucket_konkuk_rail": "30-45", "reach_min_hongik_subway": 44, "reach_bucket_hongik_subway": "30-45", "reach_min_hongik_rail": 44, "reach_bucket_hongik_rail": "30-45"}}, {"type": "Feature", "geometry": {"type": "Point", "coordinates": [127.06989, 37.49653]}, "properties": {"id": "kr_322", "name": "학여울", "district": "Gangnam-gu", "transit_stress_score": 1.5, "transit_stress_tier": "low", "walk_stress_score": 62.5, "walk_stress_tier": "very-low", "reach_min_seoul_station_subway": 35, "reach_bucket_seoul_station_subway": "30-45", "reach_min_seoul_station_rail": 35, "reach_bucket_seoul_station_rail": "30-45", "reach_min_city_hall_subway": 37, "reach_bucket_city_hall_subway": "30-45", "reach_min_city_hall_rail": 37, "reach_bucket_city_hall_rail": "30-45", "reach_min_gangnam_subway": 12, "reach_bucket_gangnam_subway": "10-20", "reach_min_gangnam_rail": 12, "reach_bucket_gangnam_rail": "10-20", "reach_min_wangsimni_subway": 36, "reach_bucket_wangsimni_subway": "30-45", "reach_min_wangsimni_rail": 36, "reach_bucket_wangsimni_rail": "30-45", "reach_min_sadang_subway": 22, "reach_bucket_sadang_subway": "20-30", "reach_min_sadang_rail": 22, "reach_bucket_sadang_rail": "20-30", "reach_min_jamsil_subway": 26, "reach_bucket_jamsil_subway": "20-30", "reach_min_jamsil_rail": 26, "reach_bucket_jamsil_rail": "20-30", "reach_min_konkuk_subway": 37, "reach_bucket_konkuk_subway": "30-45", "reach_min_konkuk_rail": 37, "reach_bucket_konkuk_rail": "30-45", "reach_min_hongik_subway": 44, "reach_bucket_hongik_subway": "30-45", "reach_min_hongik_rail": 44, "reach_bucket_hongik_rail": "30-45"}}, {"type": "Feature", "geometry": {"type": "Point", "coordinates": [126.91466, 37.55006]}, "properties": {"id": "kr_323", "name": "Hapjeong", "district": "Mapo-gu", "transit_stress_score": 1.5, "transit_stress_tier": "low", "walk_stress_score": 62.5, "walk_stress_tier": "very-low", "reach_min_seoul_station_subway": 16, "reach_bucket_seoul_station_subway": "10-20", "reach_min_seoul_station_rail": 16, "reach_bucket_seoul_station_rail": "10-20", "reach_min_city_hall_subway": 14, "reach_bucket_city_hall_subway": "10-20", "reach_min_city_hall_rail": 14, "reach_bucket_city_hall_rail": "10-20", "reach_min_gangnam_subway": 30, "reach_bucket_gangnam_subway": "30-45", "reach_min_gangnam_rail": 30, "reach_bucket_gangnam_rail": "30-45", "reach_min_wangsimni_subway": 27, "reach_bucket_wangsimni_subway": "20-30", "reach_min_wangsimni_rail": 27, "reach_bucket_wangsimni_rail": "20-30", "reach_min_sadang_subway": 26, "reach_bucket_sadang_subway": "20-30", "reach_min_sadang_rail": 26, "reach_bucket_sadang_rail": "20-30", "reach_min_jamsil_subway": 43, "reach_bucket_jamsil_subway": "30-45", "reach_min_jamsil_rail": 43, "reach_bucket_jamsil_rail": "30-45", "reach_min_konkuk_subway": 36, "reach_bucket_konkuk_subway": "30-45", "reach_min_konkuk_rail": 36, "reach_bucket_konkuk_rail": "30-45", "reach_min_hongik_subway": 2, "reach_bucket_hongik_subway": "<10", "reach_min_hongik_rail": 2, "reach_bucket_hongik_rail": "<10"}}, {"type": "Feature", "geometry": {"type": "Point", "coordinates": [127.00664, 37.54827]}, "properties": {"id": "kr_324", "name": "버티고개", "district": "Jung-gu", "transit_stress_score": 1.5, "transit_stress_tier": "low", "walk_stress_score": 87.5, "walk_stress_tier": "very-low", "reach_min_seoul_station_subway": 14, "reach_bucket_seoul_station_subway": "10-20", "reach_min_seoul_station_rail": 14, "reach_bucket_seoul_station_rail": "10-20", "reach_min_city_hall_subway": 13, "reach_bucket_city_hall_subway": "10-20", "reach_min_city_hall_rail": 13, "reach_bucket_city_hall_rail": "10-20", "reach_min_gangnam_subway": 18, "reach_bucket_gangnam_subway": "10-20", "reach_min_gangnam_rail": 18, "reach_bucket_gangnam_rail": "10-20", "reach_min_wangsimni_subway": 10, "reach_bucket_wangsimni_subway": "10-20", "reach_min_wangsimni_rail": 10, "reach_bucket_wangsimni_rail": "10-20", "reach_min_sadang_subway": 24, "reach_bucket_sadang_subway": "20-30", "reach_min_sadang_rail": 24, "reach_bucket_sadang_rail": "20-30", "reach_min_jamsil_subway": 30, "reach_bucket_jamsil_subway": "30-45", "reach_min_jamsil_rail": 30, "reach_bucket_jamsil_rail": "30-45", "reach_min_konkuk_subway": 19, "reach_bucket_konkuk_subway": "10-20", "reach_min_konkuk_rail": 19, "reach_bucket_konkuk_rail": "10-20", "reach_min_hongik_subway": 24, "reach_bucket_hongik_subway": "20-30", "reach_min_hongik_rail": 24, "reach_bucket_hongik_rail": "20-30"}}, {"type": "Feature", "geometry": {"type": "Point", "coordinates": [126.97695, 37.40137]}, "properties": {"id": "kr_325", "name": "Indeogwon", "district": null, "transit_stress_score": 1.5, "transit_stress_tier": "low", "walk_stress_score": 100.0, "walk_stress_tier": "mid", "reach_min_seoul_station_subway": 42, "reach_bucket_seoul_station_subway": "30-45", "reach_min_seoul_station_rail": 42, "reach_bucket_seoul_station_rail": "30-45", "reach_min_city_hall_subway": 45, "reach_bucket_city_hall_subway": "45-60", "reach_min_city_hall_rail": 45, "reach_bucket_city_hall_rail": "45-60", "reach_min_gangnam_subway": 33, "reach_bucket_gangnam_subway": "30-45", "reach_min_gangnam_rail": 33, "reach_bucket_gangnam_rail": "30-45", "reach_min_wangsimni_subway": 55, "reach_bucket_wangsimni_subway": "45-60", "reach_min_wangsimni_rail": 55, "reach_bucket_wangsimni_rail": "45-60", "reach_min_sadang_subway": 22, "reach_bucket_sadang_subway": "20-30", "reach_min_sadang_rail": 22, "reach_bucket_sadang_rail": "20-30", "reach_min_jamsil_subway": 48, "reach_bucket_jamsil_subway": "45-60", "reach_min_jamsil_rail": 48, "reach_bucket_jamsil_rail": "45-60", "reach_min_konkuk_subway": 59, "reach_bucket_konkuk_subway": "45-60", "reach_min_konkuk_rail": 59, "reach_bucket_konkuk_rail": "45-60", "reach_min_hongik_subway": 50, "reach_bucket_hongik_subway": "45-60", "reach_min_hongik_rail": 50, "reach_bucket_hongik_rail": "45-60"}}, {"type": "Feature", "geometry": {"type": "Point", "coordinates": [126.95613, 37.55743]}, "properties": {"id": "kr_326", "name": "Ahyeon", "district": "Seodaemun-gu", "transit_stress_score": 1.5, "transit_stress_tier": "low", "walk_stress_score": 62.5, "walk_stress_tier": "very-low", "reach_min_seoul_station_subway": 7, "reach_bucket_seoul_station_subway": "<10", "reach_min_seoul_station_rail": 7, "reach_bucket_seoul_station_rail": "<10", "reach_min_city_hall_subway": 5, "reach_bucket_city_hall_subway": "<10", "reach_min_city_hall_rail": 5, "reach_bucket_city_hall_rail": "<10", "reach_min_gangnam_subway": 30, "reach_bucket_gangnam_subway": "30-45", "reach_min_gangnam_rail": 30, "reach_bucket_gangnam_rail": "30-45", "reach_min_wangsimni_subway": 18, "reach_bucket_wangsimni_subway": "10-20", "reach_min_wangsimni_rail": 18, "reach_bucket_wangsimni_rail": "10-20", "reach_min_sadang_subway": 27, "reach_bucket_sadang_subway": "20-30", "reach_min_sadang_rail": 27, "reach_bucket_sadang_rail": "20-30", "reach_min_jamsil_subway": 38, "reach_bucket_jamsil_subway": "30-45", "reach_min_jamsil_rail": 38, "reach_bucket_jamsil_rail": "30-45", "reach_min_konkuk_subway": 27, "reach_bucket_konkuk_subway": "20-30", "reach_min_konkuk_rail": 27, "reach_bucket_konkuk_rail": "20-30", "reach_min_hongik_subway": 7, "reach_bucket_hongik_subway": "<10", "reach_min_hongik_rail": 7, "reach_bucket_hongik_rail": "<10"}}, {"type": "Feature", "geometry": {"type": "Point", "coordinates": [126.90146, 37.5762]}, "properties": {"id": "kr_327", "name": "디지털미디어시티", "district": "Mapo-gu", "transit_stress_score": 1.5, "transit_stress_tier": "low", "walk_stress_score": 87.5, "walk_stress_tier": "very-low", "reach_min_seoul_station_subway": 26, "reach_bucket_seoul_station_subway": "20-30", "reach_min_seoul_station_rail": 26, "reach_bucket_seoul_station_rail": "20-30", "reach_min_city_hall_subway": 29, "reach_bucket_city_hall_subway": "20-30", "reach_min_city_hall_rail": 29, "reach_bucket_city_hall_rail": "20-30", "reach_min_gangnam_subway": 40, "reach_bucket_gangnam_subway": "30-45", "reach_min_gangnam_rail": 40, "reach_bucket_gangnam_rail": "30-45", "reach_min_wangsimni_subway": 39, "reach_bucket_wangsimni_subway": "30-45", "reach_min_wangsimni_rail": 39, "reach_bucket_wangsimni_rail": "30-45", "reach_min_sadang_subway": 36, "reach_bucket_sadang_subway": "30-45", "reach_min_sadang_rail": 36, "reach_bucket_sadang_rail": "30-45", "reach_min_jamsil_subway": 53, "reach_bucket_jamsil_subway": "45-60", "reach_min_jamsil_rail": 53, "reach_bucket_jamsil_rail": "45-60", "reach_min_konkuk_subway": 48, "reach_bucket_konkuk_subway": "45-60", "reach_min_konkuk_rail": 48, "reach_bucket_konkuk_rail": "45-60", "reach_min_hongik_subway": 36, "reach_bucket_hongik_subway": "30-45", "reach_min_hongik_rail": 36, "reach_bucket_hongik_rail": "30-45"}}, {"type": "Feature", "geometry": {"type": "Point", "coordinates": [126.88669, 37.48539]}, "properties": {"id": "kr_328", "name": "남구로", "district": "Guro-gu", "transit_stress_score": 1.5, "transit_stress_tier": "low", "walk_stress_score": 75.0, "walk_stress_tier": "very-low", "reach_min_seoul_station_subway": 45, "reach_bucket_seoul_station_subway": "45-60", "reach_min_seoul_station_rail": 45, "reach_bucket_seoul_station_rail": "45-60", "reach_min_city_hall_subway": 47, "reach_bucket_city_hall_subway": "45-60", "reach_min_city_hall_rail": 47, "reach_bucket_city_hall_rail": "45-60", "reach_min_gangnam_subway": 35, "reach_bucket_gangnam_subway": "30-45", "reach_min_gangnam_rail": 35, "reach_bucket_gangnam_rail": "30-45", "reach_min_wangsimni_subway": 53, "reach_bucket_wangsimni_subway": "45-60", "reach_min_wangsimni_rail": 53, "reach_bucket_wangsimni_rail": "45-60", "reach_min_sadang_subway": 41, "reach_bucket_sadang_subway": "30-45", "reach_min_sadang_rail": 41, "reach_bucket_sadang_rail": "30-45", "reach_min_jamsil_subway": 48, "reach_bucket_jamsil_subway": "45-60", "reach_min_jamsil_rail": 48, "reach_bucket_jamsil_rail": "45-60", "reach_min_konkuk_subway": 60, "reach_bucket_konkuk_subway": "60-90", "reach_min_konkuk_rail": 60, "reach_bucket_konkuk_rail": "60-90", "reach_min_hongik_subway": 41, "reach_bucket_hongik_subway": "30-45", "reach_min_hongik_rail": 41, "reach_bucket_hongik_rail": "30-45"}}, {"type": "Feature", "geometry": {"type": "Point", "coordinates": [127.00577, 37.55902]}, "properties": {"id": "kr_329", "name": "Dongguk Univ.", "district": "Jung-gu", "transit_stress_score": 1.5, "transit_stress_tier": "low", "walk_stress_score": 25.0, "walk_stress_tier": "very-low", "reach_min_seoul_station_subway": 8, "reach_bucket_seoul_station_subway": "<10", "reach_min_seoul_station_rail": 8, "reach_bucket_seoul_station_rail": "<10", "reach_min_city_hall_subway": 8, "reach_bucket_city_hall_subway": "<10", "reach_min_city_hall_rail": 8, "reach_bucket_city_hall_rail": "<10", "reach_min_gangnam_subway": 18, "reach_bucket_gangnam_subway": "10-20", "reach_min_gangnam_rail": 18, "reach_bucket_gangnam_rail": "10-20", "reach_min_wangsimni_subway": 11, "reach_bucket_wangsimni_subway": "10-20", "reach_min_wangsimni_rail": 11, "reach_bucket_wangsimni_rail": "10-20", "reach_min_sadang_subway": 28, "reach_bucket_sadang_subway": "20-30", "reach_min_sadang_rail": 28, "reach_bucket_sadang_rail": "20-30", "reach_min_jamsil_subway": 31, "reach_bucket_jamsil_subway": "30-45", "reach_min_jamsil_rail": 31, "reach_bucket_jamsil_rail": "30-45", "reach_min_konkuk_subway": 21, "reach_bucket_konkuk_subway": "20-30", "reach_min_konkuk_rail": 21, "reach_bucket_konkuk_rail": "20-30", "reach_min_hongik_subway": 19, "reach_bucket_hongik_subway": "10-20", "reach_min_hongik_rail": 19, "reach_bucket_hongik_rail": "10-20"}}, {"type": "Feature", "geometry": {"type": "Point", "coordinates": [126.63308, 37.4751]}, "properties": {"id": "kr_330", "name": "Dongincheon", "district": null, "transit_stress_score": 1.5, "transit_stress_tier": "low", "walk_stress_score": 100.0, "walk_stress_tier": "mid", "reach_min_seoul_station_subway": 65, "reach_bucket_seoul_station_subway": "60-90", "reach_min_seoul_station_rail": 65, "reach_bucket_seoul_station_rail": "60-90", "reach_min_city_hall_subway": 67, "reach_bucket_city_hall_subway": "60-90", "reach_min_city_hall_rail": 67, "reach_bucket_city_hall_rail": "60-90", "reach_min_gangnam_subway": 74, "reach_bucket_gangnam_subway": "60-90", "reach_min_gangnam_rail": 74, "reach_bucket_gangnam_rail": "60-90", "reach_min_wangsimni_subway": 79, "reach_bucket_wangsimni_subway": "60-90", "reach_min_wangsimni_rail": 79, "reach_bucket_wangsimni_rail": "60-90", "reach_min_sadang_subway": 70, "reach_bucket_sadang_subway": "60-90", "reach_min_sadang_rail": 70, "reach_bucket_sadang_rail": "60-90", "reach_min_jamsil_subway": 87, "reach_bucket_jamsil_subway": "60-90", "reach_min_jamsil_rail": 87, "reach_bucket_jamsil_rail": "60-90", "reach_min_konkuk_subway": 88, "reach_bucket_konkuk_subway": "60-90", "reach_min_konkuk_rail": 88, "reach_bucket_konkuk_rail": "60-90", "reach_min_hongik_subway": 61, "reach_bucket_hongik_subway": "60-90", "reach_min_hongik_rail": 61, "reach_bucket_hongik_rail": "60-90"}}, {"type": "Feature", "geometry": {"type": "Point", "coordinates": [127.19277, 37.56306]}, "properties": {"id": "kr_331", "name": "Misa", "district": null, "transit_stress_score": 1.5, "transit_stress_tier": "low", "walk_stress_score": 87.5, "walk_stress_tier": "very-low", "reach_min_seoul_station_subway": 52, "reach_bucket_seoul_station_subway": "45-60", "reach_min_seoul_station_rail": 52, "reach_bucket_seoul_station_rail": "45-60", "reach_min_city_hall_subway": 51, "reach_bucket_city_hall_subway": "45-60", "reach_min_city_hall_rail": 51, "reach_bucket_city_hall_rail": "45-60", "reach_min_gangnam_subway": 42, "reach_bucket_gangnam_subway": "30-45", "reach_min_gangnam_rail": 42, "reach_bucket_gangnam_rail": "30-45", "reach_min_wangsimni_subway": 37, "reach_bucket_wangsimni_subway": "30-45", "reach_min_wangsimni_rail": 37, "reach_bucket_wangsimni_rail": "30-45", "reach_min_sadang_subway": 53, "reach_bucket_sadang_subway": "45-60", "reach_min_sadang_rail": 53, "reach_bucket_sadang_rail": "45-60", "reach_min_jamsil_subway": 37, "reach_bucket_jamsil_subway": "30-45", "reach_min_jamsil_rail": 37, "reach_bucket_jamsil_rail": "30-45", "reach_min_konkuk_subway": 46, "reach_bucket_konkuk_subway": "45-60", "reach_min_konkuk_rail": 46, "reach_bucket_konkuk_rail": "45-60", "reach_min_hongik_subway": 62, "reach_bucket_hongik_subway": "60-90", "reach_min_hongik_rail": 62, "reach_bucket_hongik_rail": "60-90"}}, {"type": "Feature", "geometry": {"type": "Point", "coordinates": [127.19282, 37.56295]}, "properties": {"id": "kr_332", "name": "미사", "district": null, "transit_stress_score": 1.5, "transit_stress_tier": "low", "walk_stress_score": 87.5, "walk_stress_tier": "very-low", "reach_min_seoul_station_subway": 52, "reach_bucket_seoul_station_subway": "45-60", "reach_min_seoul_station_rail": 52, "reach_bucket_seoul_station_rail": "45-60", "reach_min_city_hall_subway": 51, "reach_bucket_city_hall_subway": "45-60", "reach_min_city_hall_rail": 51, "reach_bucket_city_hall_rail": "45-60", "reach_min_gangnam_subway": 42, "reach_bucket_gangnam_subway": "30-45", "reach_min_gangnam_rail": 42, "reach_bucket_gangnam_rail": "30-45", "reach_min_wangsimni_subway": 37, "reach_bucket_wangsimni_subway": "30-45", "reach_min_wangsimni_rail": 37, "reach_bucket_wangsimni_rail": "30-45", "reach_min_sadang_subway": 53, "reach_bucket_sadang_subway": "45-60", "reach_min_sadang_rail": 53, "reach_bucket_sadang_rail": "45-60", "reach_min_jamsil_subway": 37, "reach_bucket_jamsil_subway": "30-45", "reach_min_jamsil_rail": 37, "reach_bucket_jamsil_rail": "30-45", "reach_min_konkuk_subway": 46, "reach_bucket_konkuk_subway": "45-60", "reach_min_konkuk_rail": 46, "reach_bucket_konkuk_rail": "45-60", "reach_min_hongik_subway": 62, "reach_bucket_hongik_subway": "60-90", "reach_min_hongik_rail": 62, "reach_bucket_hongik_rail": "60-90"}}, {"type": "Feature", "geometry": {"type": "Point", "coordinates": [127.00763, 37.49182]}, "properties": {"id": "kr_333", "name": "Seocho", "district": "Seocho-gu", "transit_stress_score": 1.5, "transit_stress_tier": "low", "walk_stress_score": 87.5, "walk_stress_tier": "very-low", "reach_min_seoul_station_subway": 23, "reach_bucket_seoul_station_subway": "20-30", "reach_min_seoul_station_rail": 23, "reach_bucket_seoul_station_rail": "20-30", "reach_min_city_hall_subway": 26, "reach_bucket_city_hall_subway": "20-30", "reach_min_city_hall_rail": 26, "reach_bucket_city_hall_rail": "20-30", "reach_min_gangnam_subway": 4, "reach_bucket_gangnam_subway": "<10", "reach_min_gangnam_rail": 4, "reach_bucket_gangnam_rail": "<10", "reach_min_wangsimni_subway": 28, "reach_bucket_wangsimni_subway": "20-30", "reach_min_wangsimni_rail": 28, "reach_bucket_wangsimni_rail": "20-30", "reach_min_sadang_subway": 6, "reach_bucket_sadang_subway": "<10", "reach_min_sadang_rail": 6, "reach_bucket_sadang_rail": "<10", "reach_min_jamsil_subway": 20, "reach_bucket_jamsil_subway": "20-30", "reach_min_jamsil_rail": 20, "reach_bucket_jamsil_rail": "20-30", "reach_min_konkuk_subway": 31, "reach_bucket_konkuk_subway": "30-45", "reach_min_konkuk_rail": 31, "reach_bucket_konkuk_rail": "30-45", "reach_min_hongik_subway": 32, "reach_bucket_hongik_subway": "30-45", "reach_min_hongik_rail": 32, "reach_bucket_hongik_rail": "30-45"}}, {"type": "Feature", "geometry": {"type": "Point", "coordinates": [127.00174, 37.53982]}, "properties": {"id": "kr_334", "name": "한강진", "district": "Yongsan-gu", "transit_stress_score": 1.4, "transit_stress_tier": "low", "walk_stress_score": 100.0, "walk_stress_tier": "mid", "reach_min_seoul_station_subway": 11, "reach_bucket_seoul_station_subway": "10-20", "reach_min_seoul_station_rail": 11, "reach_bucket_seoul_station_rail": "10-20", "reach_min_city_hall_subway": 14, "reach_bucket_city_hall_subway": "10-20", "reach_min_city_hall_rail": 14, "reach_bucket_city_hall_rail": "10-20", "reach_min_gangnam_subway": 21, "reach_bucket_gangnam_subway": "20-30", "reach_min_gangnam_rail": 21, "reach_bucket_gangnam_rail": "20-30", "reach_min_wangsimni_subway": 12, "reach_bucket_wangsimni_subway": "10-20", "reach_min_wangsimni_rail": 12, "reach_bucket_wangsimni_rail": "10-20", "reach_min_sadang_subway": 21, "reach_bucket_sadang_subway": "20-30", "reach_min_sadang_rail": 21, "reach_bucket_sadang_rail": "20-30", "reach_min_jamsil_subway": 32, "reach_bucket_jamsil_subway": "30-45", "reach_min_jamsil_rail": 32, "reach_bucket_jamsil_rail": "30-45", "reach_min_konkuk_subway": 21, "reach_bucket_konkuk_subway": "20-30", "reach_min_konkuk_rail": 21, "reach_bucket_konkuk_rail": "20-30", "reach_min_hongik_subway": 25, "reach_bucket_hongik_subway": "20-30", "reach_min_hongik_rail": 25, "reach_bucket_hongik_rail": "20-30"}}, {"type": "Feature", "geometry": {"type": "Point", "coordinates": [126.99268, 37.56637]}, "properties": {"id": "kr_335", "name": "을지로3가", "district": "Jung-gu", "transit_stress_score": 1.3, "transit_stress_tier": "low", "walk_stress_score": 25.0, "walk_stress_tier": "very-low", "reach_min_seoul_station_subway": 8, "reach_bucket_seoul_station_subway": "<10", "reach_min_seoul_station_rail": 8, "reach_bucket_seoul_station_rail": "<10", "reach_min_city_hall_subway": 6, "reach_bucket_city_hall_subway": "<10", "reach_min_city_hall_rail": 6, "reach_bucket_city_hall_rail": "<10", "reach_min_gangnam_subway": 22, "reach_bucket_gangnam_subway": "20-30", "reach_min_gangnam_rail": 22, "reach_bucket_gangnam_rail": "20-30", "reach_min_wangsimni_subway": 12, "reach_bucket_wangsimni_subway": "10-20", "reach_min_wangsimni_rail": 12, "reach_bucket_wangsimni_rail": "10-20", "reach_min_sadang_subway": 28, "reach_bucket_sadang_subway": "20-30", "reach_min_sadang_rail": 28, "reach_bucket_sadang_rail": "20-30", "reach_min_jamsil_subway": 32, "reach_bucket_jamsil_subway": "30-45", "reach_min_jamsil_rail": 32, "reach_bucket_jamsil_rail": "30-45", "reach_min_konkuk_subway": 21, "reach_bucket_konkuk_subway": "20-30", "reach_min_konkuk_rail": 21, "reach_bucket_konkuk_rail": "20-30", "reach_min_hongik_subway": 17, "reach_bucket_hongik_subway": "10-20", "reach_min_hongik_rail": 17, "reach_bucket_hongik_rail": "10-20"}}, {"type": "Feature", "geometry": {"type": "Point", "coordinates": [126.91341, 37.48761]}, "properties": {"id": "kr_336", "name": "Sindaebang", "district": "Gwanak-gu", "transit_stress_score": 1.3, "transit_stress_tier": "low", "walk_stress_score": 100.0, "walk_stress_tier": "mid", "reach_min_seoul_station_subway": 26, "reach_bucket_seoul_station_subway": "20-30", "reach_min_seoul_station_rail": 26, "reach_bucket_seoul_station_rail": "20-30", "reach_min_city_hall_subway": 28, "reach_bucket_city_hall_subway": "20-30", "reach_min_city_hall_rail": 28, "reach_bucket_city_hall_rail": "20-30", "reach_min_gangnam_subway": 25, "reach_bucket_gangnam_subway": "20-30", "reach_min_gangnam_rail": 25, "reach_bucket_gangnam_rail": "20-30", "reach_min_wangsimni_subway": 40, "reach_bucket_wangsimni_subway": "30-45", "reach_min_wangsimni_rail": 40, "reach_bucket_wangsimni_rail": "30-45", "reach_min_sadang_subway": 14, "reach_bucket_sadang_subway": "10-20", "reach_min_sadang_rail": 14, "reach_bucket_sadang_rail": "10-20", "reach_min_jamsil_subway": 40, "reach_bucket_jamsil_subway": "30-45", "reach_min_jamsil_rail": 40, "reach_bucket_jamsil_rail": "30-45", "reach_min_konkuk_subway": 49, "reach_bucket_konkuk_subway": "45-60", "reach_min_konkuk_rail": 49, "reach_bucket_konkuk_rail": "45-60", "reach_min_hongik_subway": 22, "reach_bucket_hongik_subway": "20-30", "reach_min_hongik_rail": 22, "reach_bucket_hongik_rail": "20-30"}}, {"type": "Feature", "geometry": {"type": "Point", "coordinates": [126.92029, 37.49992]}, "properties": {"id": "kr_337", "name": "보라매", "district": "Yeongdeungpo-gu", "transit_stress_score": 1.3, "transit_stress_tier": "low", "walk_stress_score": 87.5, "walk_stress_tier": "very-low", "reach_min_seoul_station_subway": 40, "reach_bucket_seoul_station_subway": "30-45", "reach_min_seoul_station_rail": 40, "reach_bucket_seoul_station_rail": "30-45", "reach_min_city_hall_subway": 43, "reach_bucket_city_hall_subway": "30-45", "reach_min_city_hall_rail": 43, "reach_bucket_city_hall_rail": "30-45", "reach_min_gangnam_subway": 27, "reach_bucket_gangnam_subway": "20-30", "reach_min_gangnam_rail": 27, "reach_bucket_gangnam_rail": "20-30", "reach_min_wangsimni_subway": 45, "reach_bucket_wangsimni_subway": "45-60", "reach_min_wangsimni_rail": 45, "reach_bucket_wangsimni_rail": "45-60", "reach_min_sadang_subway": 33, "reach_bucket_sadang_subway": "30-45", "reach_min_sadang_rail": 33, "reach_bucket_sadang_rail": "30-45", "reach_min_jamsil_subway": 40, "reach_bucket_jamsil_subway": "30-45", "reach_min_jamsil_rail": 40, "reach_bucket_jamsil_rail": "30-45", "reach_min_konkuk_subway": 52, "reach_bucket_konkuk_subway": "45-60", "reach_min_konkuk_rail": 52, "reach_bucket_konkuk_rail": "45-60", "reach_min_hongik_subway": 48, "reach_bucket_hongik_subway": "45-60", "reach_min_hongik_rail": 48, "reach_bucket_hongik_rail": "45-60"}}, {"type": "Feature", "geometry": {"type": "Point", "coordinates": [126.998, 37.56663]}, "properties": {"id": "kr_338", "name": "Euljiro 4(sa)-ga", "district": "Jung-gu", "transit_stress_score": 1.2, "transit_stress_tier": "low", "walk_stress_score": 12.5, "walk_stress_tier": "very-low", "reach_min_seoul_station_subway": 8, "reach_bucket_seoul_station_subway": "<10", "reach_min_seoul_station_rail": 8, "reach_bucket_seoul_station_rail": "<10", "reach_min_city_hall_subway": 5, "reach_bucket_city_hall_subway": "<10", "reach_min_city_hall_rail": 5, "reach_bucket_city_hall_rail": "<10", "reach_min_gangnam_subway": 22, "reach_bucket_gangnam_subway": "20-30", "reach_min_gangnam_rail": 22, "reach_bucket_gangnam_rail": "20-30", "reach_min_wangsimni_subway": 8, "reach_bucket_wangsimni_subway": "<10", "reach_min_wangsimni_rail": 8, "reach_bucket_wangsimni_rail": "<10", "reach_min_sadang_subway": 28, "reach_bucket_sadang_subway": "20-30", "reach_min_sadang_rail": 28, "reach_bucket_sadang_rail": "20-30", "reach_min_jamsil_subway": 29, "reach_bucket_jamsil_subway": "20-30", "reach_min_jamsil_rail": 29, "reach_bucket_jamsil_rail": "20-30", "reach_min_konkuk_subway": 18, "reach_bucket_konkuk_subway": "10-20", "reach_min_konkuk_rail": 18, "reach_bucket_konkuk_rail": "10-20", "reach_min_hongik_subway": 16, "reach_bucket_hongik_subway": "10-20", "reach_min_hongik_rail": 16, "reach_bucket_hongik_rail": "10-20"}}, {"type": "Feature", "geometry": {"type": "Point", "coordinates": [126.90988, 37.58411]}, "properties": {"id": "kr_339", "name": "증산", "district": "Eunpyeong-gu", "transit_stress_score": 1.2, "transit_stress_tier": "low", "walk_stress_score": 100.0, "walk_stress_tier": "mid", "reach_min_seoul_station_subway": 29, "reach_bucket_seoul_station_subway": "20-30", "reach_min_seoul_station_rail": 29, "reach_bucket_seoul_station_rail": "20-30", "reach_min_city_hall_subway": 30, "reach_bucket_city_hall_subway": "30-45", "reach_min_city_hall_rail": 30, "reach_bucket_city_hall_rail": "30-45", "reach_min_gangnam_subway": 43, "reach_bucket_gangnam_subway": "30-45", "reach_min_gangnam_rail": 43, "reach_bucket_gangnam_rail": "30-45", "reach_min_wangsimni_subway": 37, "reach_bucket_wangsimni_subway": "30-45", "reach_min_wangsimni_rail": 37, "reach_bucket_wangsimni_rail": "30-45", "reach_min_sadang_subway": 39, "reach_bucket_sadang_subway": "30-45", "reach_min_sadang_rail": 39, "reach_bucket_sadang_rail": "30-45", "reach_min_jamsil_subway": 56, "reach_bucket_jamsil_subway": "45-60", "reach_min_jamsil_rail": 56, "reach_bucket_jamsil_rail": "45-60", "reach_min_konkuk_subway": 46, "reach_bucket_konkuk_subway": "45-60", "reach_min_konkuk_rail": 46, "reach_bucket_konkuk_rail": "45-60", "reach_min_hongik_subway": 38, "reach_bucket_hongik_subway": "30-45", "reach_min_hongik_rail": 38, "reach_bucket_hongik_rail": "30-45"}}, {"type": "Feature", "geometry": {"type": "Point", "coordinates": [126.91374, 37.59167]}, "properties": {"id": "kr_340", "name": "Saejeol", "district": "Eunpyeong-gu", "transit_stress_score": 1.2, "transit_stress_tier": "low", "walk_stress_score": 87.5, "walk_stress_tier": "very-low", "reach_min_seoul_station_subway": 31, "reach_bucket_seoul_station_subway": "30-45", "reach_min_seoul_station_rail": 31, "reach_bucket_seoul_station_rail": "30-45", "reach_min_city_hall_subway": 28, "reach_bucket_city_hall_subway": "20-30", "reach_min_city_hall_rail": 28, "reach_bucket_city_hall_rail": "20-30", "reach_min_gangnam_subway": 45, "reach_bucket_gangnam_subway": "45-60", "reach_min_gangnam_rail": 45, "reach_bucket_gangnam_rail": "45-60", "reach_min_wangsimni_subway": 35, "reach_bucket_wangsimni_subway": "30-45", "reach_min_wangsimni_rail": 35, "reach_bucket_wangsimni_rail": "30-45", "reach_min_sadang_subway": 41, "reach_bucket_sadang_subway": "30-45", "reach_min_sadang_rail": 41, "reach_bucket_sadang_rail": "30-45", "reach_min_jamsil_subway": 55, "reach_bucket_jamsil_subway": "45-60", "reach_min_jamsil_rail": 55, "reach_bucket_jamsil_rail": "45-60", "reach_min_konkuk_subway": 44, "reach_bucket_konkuk_subway": "30-45", "reach_min_konkuk_rail": 44, "reach_bucket_konkuk_rail": "30-45", "reach_min_hongik_subway": 40, "reach_bucket_hongik_subway": "30-45", "reach_min_hongik_rail": 40, "reach_bucket_hongik_rail": "30-45"}}, {"type": "Feature", "geometry": {"type": "Point", "coordinates": [126.812, 37.56127]}, "properties": {"id": "kr_341", "name": "Songjeong", "district": "Gangseo-gu", "transit_stress_score": 1.1, "transit_stress_tier": "low", "walk_stress_score": 87.5, "walk_stress_tier": "very-low", "reach_min_seoul_station_subway": 41, "reach_bucket_seoul_station_subway": "30-45", "reach_min_seoul_station_rail": 41, "reach_bucket_seoul_station_rail": "30-45", "reach_min_city_hall_subway": 40, "reach_bucket_city_hall_subway": "30-45", "reach_min_city_hall_rail": 40, "reach_bucket_city_hall_rail": "30-45", "reach_min_gangnam_subway": 48, "reach_bucket_gangnam_subway": "45-60", "reach_min_gangnam_rail": 48, "reach_bucket_gangnam_rail": "45-60", "reach_min_wangsimni_subway": 54, "reach_bucket_wangsimni_subway": "45-60", "reach_min_wangsimni_rail": 54, "reach_bucket_wangsimni_rail": "45-60", "reach_min_sadang_subway": 44, "reach_bucket_sadang_subway": "30-45", "reach_min_sadang_rail": 44, "reach_bucket_sadang_rail": "30-45", "reach_min_jamsil_subway": 61, "reach_bucket_jamsil_subway": "60-90", "reach_min_jamsil_rail": 61, "reach_bucket_jamsil_rail": "60-90", "reach_min_konkuk_subway": 63, "reach_bucket_konkuk_subway": "60-90", "reach_min_konkuk_rail": 63, "reach_bucket_konkuk_rail": "60-90", "reach_min_hongik_subway": 29, "reach_bucket_hongik_subway": "20-30", "reach_min_hongik_rail": 29, "reach_bucket_hongik_rail": "20-30"}}, {"type": "Feature", "geometry": {"type": "Point", "coordinates": [126.83632, 37.54887]}, "properties": {"id": "kr_342", "name": "Ujangsan", "district": "Gangseo-gu", "transit_stress_score": 1.1, "transit_stress_tier": "low", "walk_stress_score": 100.0, "walk_stress_tier": "mid", "reach_min_seoul_station_subway": 33, "reach_bucket_seoul_station_subway": "30-45", "reach_min_seoul_station_rail": 33, "reach_bucket_seoul_station_rail": "30-45", "reach_min_city_hall_subway": 36, "reach_bucket_city_hall_subway": "30-45", "reach_min_city_hall_rail": 36, "reach_bucket_city_hall_rail": "30-45", "reach_min_gangnam_subway": 43, "reach_bucket_gangnam_subway": "30-45", "reach_min_gangnam_rail": 43, "reach_bucket_gangnam_rail": "30-45", "reach_min_wangsimni_subway": 48, "reach_bucket_wangsimni_subway": "45-60", "reach_min_wangsimni_rail": 48, "reach_bucket_wangsimni_rail": "45-60", "reach_min_sadang_subway": 39, "reach_bucket_sadang_subway": "30-45", "reach_min_sadang_rail": 39, "reach_bucket_sadang_rail": "30-45", "reach_min_jamsil_subway": 56, "reach_bucket_jamsil_subway": "45-60", "reach_min_jamsil_rail": 56, "reach_bucket_jamsil_rail": "45-60", "reach_min_konkuk_subway": 57, "reach_bucket_konkuk_subway": "45-60", "reach_min_konkuk_rail": 57, "reach_bucket_konkuk_rail": "45-60", "reach_min_hongik_subway": 30, "reach_bucket_hongik_subway": "30-45", "reach_min_hongik_rail": 30, "reach_bucket_hongik_rail": "30-45"}}, {"type": "Feature", "geometry": {"type": "Point", "coordinates": [126.89627, 37.4925]}, "properties": {"id": "kr_343", "name": "대림", "district": "Yeongdeungpo-gu", "transit_stress_score": 1.1, "transit_stress_tier": "low", "walk_stress_score": 87.5, "walk_stress_tier": "very-low", "reach_min_seoul_station_subway": 45, "reach_bucket_seoul_station_subway": "45-60", "reach_min_seoul_station_rail": 45, "reach_bucket_seoul_station_rail": "45-60", "reach_min_city_hall_subway": 48, "reach_bucket_city_hall_subway": "45-60", "reach_min_city_hall_rail": 48, "reach_bucket_city_hall_rail": "45-60", "reach_min_gangnam_subway": 33, "reach_bucket_gangnam_subway": "30-45", "reach_min_gangnam_rail": 33, "reach_bucket_gangnam_rail": "30-45", "reach_min_wangsimni_subway": 50, "reach_bucket_wangsimni_subway": "45-60", "reach_min_wangsimni_rail": 50, "reach_bucket_wangsimni_rail": "45-60", "reach_min_sadang_subway": 38, "reach_bucket_sadang_subway": "30-45", "reach_min_sadang_rail": 38, "reach_bucket_sadang_rail": "30-45", "reach_min_jamsil_subway": 46, "reach_bucket_jamsil_subway": "45-60", "reach_min_jamsil_rail": 46, "reach_bucket_jamsil_rail": "45-60", "reach_min_konkuk_subway": 57, "reach_bucket_konkuk_subway": "45-60", "reach_min_konkuk_rail": 57, "reach_bucket_konkuk_rail": "45-60", "reach_min_hongik_subway": 44, "reach_bucket_hongik_subway": "30-45", "reach_min_hongik_rail": 44, "reach_bucket_hongik_rail": "30-45"}}, {"type": "Feature", "geometry": {"type": "Point", "coordinates": [126.99767, 37.48146]}, "properties": {"id": "kr_344", "name": "Bangbae", "district": "Seocho-gu", "transit_stress_score": 1.1, "transit_stress_tier": "low", "walk_stress_score": 87.5, "walk_stress_tier": "very-low", "reach_min_seoul_station_subway": 23, "reach_bucket_seoul_station_subway": "20-30", "reach_min_seoul_station_rail": 23, "reach_bucket_seoul_station_rail": "20-30", "reach_min_city_hall_subway": 26, "reach_bucket_city_hall_subway": "20-30", "reach_min_city_hall_rail": 26, "reach_bucket_city_hall_rail": "20-30", "reach_min_gangnam_subway": 8, "reach_bucket_gangnam_subway": "<10", "reach_min_gangnam_rail": 8, "reach_bucket_gangnam_rail": "<10", "reach_min_wangsimni_subway": 31, "reach_bucket_wangsimni_subway": "30-45", "reach_min_wangsimni_rail": 31, "reach_bucket_wangsimni_rail": "30-45", "reach_min_sadang_subway": 3, "reach_bucket_sadang_subway": "<10", "reach_min_sadang_rail": 3, "reach_bucket_sadang_rail": "<10", "reach_min_jamsil_subway": 23, "reach_bucket_jamsil_subway": "20-30", "reach_min_jamsil_rail": 23, "reach_bucket_jamsil_rail": "20-30", "reach_min_konkuk_subway": 34, "reach_bucket_konkuk_subway": "30-45", "reach_min_konkuk_rail": 34, "reach_bucket_konkuk_rail": "30-45", "reach_min_hongik_subway": 32, "reach_bucket_hongik_subway": "30-45", "reach_min_hongik_rail": 32, "reach_bucket_hongik_rail": "30-45"}}, {"type": "Feature", "geometry": {"type": "Point", "coordinates": [127.03713, 37.5612]}, "properties": {"id": "kr_345", "name": "Wangsimni(Seongdong-Gu Office)", "district": "Seongdong-gu", "transit_stress_score": 1.1, "transit_stress_tier": "low", "walk_stress_score": 50.0, "walk_stress_tier": "very-low", "reach_min_seoul_station_subway": 15, "reach_bucket_seoul_station_subway": "10-20", "reach_min_seoul_station_rail": 15, "reach_bucket_seoul_station_rail": "10-20", "reach_min_city_hall_subway": 14, "reach_bucket_city_hall_subway": "10-20", "reach_min_city_hall_rail": 14, "reach_bucket_city_hall_rail": "10-20", "reach_min_gangnam_subway": 26, "reach_bucket_gangnam_subway": "20-30", "reach_min_gangnam_rail": 26, "reach_bucket_gangnam_rail": "20-30", "reach_min_wangsimni_subway": 4, "reach_bucket_wangsimni_subway": "<10", "reach_min_wangsimni_rail": 4, "reach_bucket_wangsimni_rail": "<10", "reach_min_sadang_subway": 35, "reach_bucket_sadang_subway": "30-45", "reach_min_sadang_rail": 35, "reach_bucket_sadang_rail": "30-45", "reach_min_jamsil_subway": 20, "reach_bucket_jamsil_subway": "20-30", "reach_min_jamsil_rail": 20, "reach_bucket_jamsil_rail": "20-30", "reach_min_konkuk_subway": 9, "reach_bucket_konkuk_subway": "<10", "reach_min_konkuk_rail": 9, "reach_bucket_konkuk_rail": "<10", "reach_min_hongik_subway": 25, "reach_bucket_hongik_subway": "20-30", "reach_min_hongik_rail": 25, "reach_bucket_hongik_rail": "20-30"}}, {"type": "Feature", "geometry": {"type": "Point", "coordinates": [127.00655, 37.43573]}, "properties": {"id": "kr_346", "name": "Seoul Grand park", "district": null, "transit_stress_score": 1.1, "transit_stress_tier": "low", "walk_stress_score": 100.0, "walk_stress_tier": "mid", "reach_min_seoul_station_subway": 32, "reach_bucket_seoul_station_subway": "30-45", "reach_min_seoul_station_rail": 32, "reach_bucket_seoul_station_rail": "30-45", "reach_min_city_hall_subway": 34, "reach_bucket_city_hall_subway": "30-45", "reach_min_city_hall_rail": 34, "reach_bucket_city_hall_rail": "30-45", "reach_min_gangnam_subway": 22, "reach_bucket_gangnam_subway": "20-30", "reach_min_gangnam_rail": 22, "reach_bucket_gangnam_rail": "20-30", "reach_min_wangsimni_subway": 45, "reach_bucket_wangsimni_subway": "45-60", "reach_min_wangsimni_rail": 45, "reach_bucket_wangsimni_rail": "45-60", "reach_min_sadang_subway": 12, "reach_bucket_sadang_subway": "10-20", "reach_min_sadang_rail": 12, "reach_bucket_sadang_rail": "10-20", "reach_min_jamsil_subway": 38, "reach_bucket_jamsil_subway": "30-45", "reach_min_jamsil_rail": 38, "reach_bucket_jamsil_rail": "30-45", "reach_min_konkuk_subway": 49, "reach_bucket_konkuk_subway": "45-60", "reach_min_konkuk_rail": 49, "reach_bucket_konkuk_rail": "45-60", "reach_min_hongik_subway": 40, "reach_bucket_hongik_subway": "30-45", "reach_min_hongik_rail": 40, "reach_bucket_hongik_rail": "30-45"}}, {"type": "Feature", "geometry": {"type": "Point", "coordinates": [127.07951, 37.49365]}, "properties": {"id": "kr_347", "name": "Daecheong", "district": "Gangnam-gu", "transit_stress_score": 1.0, "transit_stress_tier": "low", "walk_stress_score": 87.5, "walk_stress_tier": "very-low", "reach_min_seoul_station_subway": 38, "reach_bucket_seoul_station_subway": "30-45", "reach_min_seoul_station_rail": 38, "reach_bucket_seoul_station_rail": "30-45", "reach_min_city_hall_subway": 39, "reach_bucket_city_hall_subway": "30-45", "reach_min_city_hall_rail": 39, "reach_bucket_city_hall_rail": "30-45", "reach_min_gangnam_subway": 14, "reach_bucket_gangnam_subway": "10-20", "reach_min_gangnam_rail": 14, "reach_bucket_gangnam_rail": "10-20", "reach_min_wangsimni_subway": 38, "reach_bucket_wangsimni_subway": "30-45", "reach_min_wangsimni_rail": 38, "reach_bucket_wangsimni_rail": "30-45", "reach_min_sadang_subway": 24, "reach_bucket_sadang_subway": "20-30", "reach_min_sadang_rail": 24, "reach_bucket_sadang_rail": "20-30", "reach_min_jamsil_subway": 24, "reach_bucket_jamsil_subway": "20-30", "reach_min_jamsil_rail": 24, "reach_bucket_jamsil_rail": "20-30", "reach_min_konkuk_subway": 35, "reach_bucket_konkuk_subway": "30-45", "reach_min_konkuk_rail": 35, "reach_bucket_konkuk_rail": "30-45", "reach_min_hongik_subway": 46, "reach_bucket_hongik_subway": "45-60", "reach_min_hongik_rail": 46, "reach_bucket_hongik_rail": "45-60"}}, {"type": "Feature", "geometry": {"type": "Point", "coordinates": [127.07957, 37.49367]}, "properties": {"id": "kr_348", "name": "대청", "district": "Gangnam-gu", "transit_stress_score": 1.0, "transit_stress_tier": "low", "walk_stress_score": 87.5, "walk_stress_tier": "very-low", "reach_min_seoul_station_subway": 38, "reach_bucket_seoul_station_subway": "30-45", "reach_min_seoul_station_rail": 38, "reach_bucket_seoul_station_rail": "30-45", "reach_min_city_hall_subway": 39, "reach_bucket_city_hall_subway": "30-45", "reach_min_city_hall_rail": 39, "reach_bucket_city_hall_rail": "30-45", "reach_min_gangnam_subway": 14, "reach_bucket_gangnam_subway": "10-20", "reach_min_gangnam_rail": 14, "reach_bucket_gangnam_rail": "10-20", "reach_min_wangsimni_subway": 38, "reach_bucket_wangsimni_subway": "30-45", "reach_min_wangsimni_rail": 38, "reach_bucket_wangsimni_rail": "30-45", "reach_min_sadang_subway": 24, "reach_bucket_sadang_subway": "20-30", "reach_min_sadang_rail": 24, "reach_bucket_sadang_rail": "20-30", "reach_min_jamsil_subway": 24, "reach_bucket_jamsil_subway": "20-30", "reach_min_jamsil_rail": 24, "reach_bucket_jamsil_rail": "20-30", "reach_min_konkuk_subway": 35, "reach_bucket_konkuk_subway": "30-45", "reach_min_konkuk_rail": 35, "reach_bucket_konkuk_rail": "30-45", "reach_min_hongik_subway": 46, "reach_bucket_hongik_subway": "45-60", "reach_min_hongik_rail": 46, "reach_bucket_hongik_rail": "45-60"}}, {"type": "Feature", "geometry": {"type": "Point", "coordinates": [127.01055, 37.55483]}, "properties": {"id": "kr_349", "name": "Yaksu", "district": "Jung-gu", "transit_stress_score": 1.0, "transit_stress_tier": "low", "walk_stress_score": 50.0, "walk_stress_tier": "very-low", "reach_min_seoul_station_subway": 9, "reach_bucket_seoul_station_subway": "<10", "reach_min_seoul_station_rail": 9, "reach_bucket_seoul_station_rail": "<10", "reach_min_city_hall_subway": 9, "reach_bucket_city_hall_subway": "<10", "reach_min_city_hall_rail": 9, "reach_bucket_city_hall_rail": "<10", "reach_min_gangnam_subway": 16, "reach_bucket_gangnam_subway": "10-20", "reach_min_gangnam_rail": 16, "reach_bucket_gangnam_rail": "10-20", "reach_min_wangsimni_subway": 13, "reach_bucket_wangsimni_subway": "10-20", "reach_min_wangsimni_rail": 13, "reach_bucket_wangsimni_rail": "10-20", "reach_min_sadang_subway": 26, "reach_bucket_sadang_subway": "20-30", "reach_min_sadang_rail": 26, "reach_bucket_sadang_rail": "20-30", "reach_min_jamsil_subway": 30, "reach_bucket_jamsil_subway": "30-45", "reach_min_jamsil_rail": 30, "reach_bucket_jamsil_rail": "30-45", "reach_min_konkuk_subway": 22, "reach_bucket_konkuk_subway": "20-30", "reach_min_konkuk_rail": 22, "reach_bucket_konkuk_rail": "20-30", "reach_min_hongik_subway": 20, "reach_bucket_hongik_subway": "20-30", "reach_min_hongik_rail": 20, "reach_bucket_hongik_rail": "20-30"}}, {"type": "Feature", "geometry": {"type": "Point", "coordinates": [126.76124, 37.67014]}, "properties": {"id": "kr_350", "name": "Juyeop", "district": null, "transit_stress_score": 1.0, "transit_stress_tier": "low", "walk_stress_score": 100.0, "walk_stress_tier": "mid", "reach_min_seoul_station_subway": 69, "reach_bucket_seoul_station_subway": "60-90", "reach_min_seoul_station_rail": 69, "reach_bucket_seoul_station_rail": "60-90", "reach_min_city_hall_subway": 67, "reach_bucket_city_hall_subway": "60-90", "reach_min_city_hall_rail": 67, "reach_bucket_city_hall_rail": "60-90", "reach_min_gangnam_subway": 86, "reach_bucket_gangnam_subway": "60-90", "reach_min_gangnam_rail": 86, "reach_bucket_gangnam_rail": "60-90", "reach_min_wangsimni_subway": 73, "reach_bucket_wangsimni_subway": "60-90", "reach_min_wangsimni_rail": 73, "reach_bucket_wangsimni_rail": "60-90", "reach_min_sadang_subway": 89, "reach_bucket_sadang_subway": "60-90", "reach_min_sadang_rail": 89, "reach_bucket_sadang_rail": "60-90", "reach_min_jamsil_subway": 93, "reach_bucket_jamsil_subway": "90-120", "reach_min_jamsil_rail": 93, "reach_bucket_jamsil_rail": "90-120", "reach_min_konkuk_subway": 82, "reach_bucket_konkuk_subway": "60-90", "reach_min_konkuk_rail": 82, "reach_bucket_konkuk_rail": "60-90", "reach_min_hongik_subway": 78, "reach_bucket_hongik_subway": "60-90", "reach_min_hongik_rail": 78, "reach_bucket_hongik_rail": "60-90"}}, {"type": "Feature", "geometry": {"type": "Point", "coordinates": [126.743, 37.35178]}, "properties": {"id": "kr_351", "name": "Jeongwang", "district": null, "transit_stress_score": 1.0, "transit_stress_tier": "low", "walk_stress_score": 100.0, "walk_stress_tier": "mid", "reach_min_seoul_station_subway": 90, "reach_bucket_seoul_station_subway": "90-120", "reach_min_seoul_station_rail": 90, "reach_bucket_seoul_station_rail": "90-120", "reach_min_city_hall_subway": 93, "reach_bucket_city_hall_subway": "90-120", "reach_min_city_hall_rail": 93, "reach_bucket_city_hall_rail": "90-120", "reach_min_gangnam_subway": 87, "reach_bucket_gangnam_subway": "60-90", "reach_min_gangnam_rail": 87, "reach_bucket_gangnam_rail": "60-90", "reach_min_wangsimni_subway": 105, "reach_bucket_wangsimni_subway": "90-120", "reach_min_wangsimni_rail": 105, "reach_bucket_wangsimni_rail": "90-120", "reach_min_sadang_subway": 76, "reach_bucket_sadang_subway": "60-90", "reach_min_sadang_rail": 76, "reach_bucket_sadang_rail": "60-90", "reach_min_jamsil_subway": 102, "reach_bucket_jamsil_subway": "90-120", "reach_min_jamsil_rail": 102, "reach_bucket_jamsil_rail": "90-120", "reach_min_konkuk_subway": 113, "reach_bucket_konkuk_subway": "90-120", "reach_min_konkuk_rail": 113, "reach_bucket_konkuk_rail": "90-120", "reach_min_hongik_subway": 91, "reach_bucket_hongik_subway": "90-120", "reach_min_hongik_rail": 91, "reach_bucket_hongik_rail": "90-120"}}, {"type": "Feature", "geometry": {"type": "Point", "coordinates": [127.14977, 37.62432]}, "properties": {"id": "kr_352", "name": "Dasan", "district": null, "transit_stress_score": 1.0, "transit_stress_tier": "low", "walk_stress_score": 100.0, "walk_stress_tier": "mid", "reach_min_seoul_station_subway": 56, "reach_bucket_seoul_station_subway": "45-60", "reach_min_seoul_station_rail": 56, "reach_bucket_seoul_station_rail": "45-60", "reach_min_city_hall_subway": 55, "reach_bucket_city_hall_subway": "45-60", "reach_min_city_hall_rail": 55, "reach_bucket_city_hall_rail": "45-60", "reach_min_gangnam_subway": 48, "reach_bucket_gangnam_subway": "45-60", "reach_min_gangnam_rail": 48, "reach_bucket_gangnam_rail": "45-60", "reach_min_wangsimni_subway": 41, "reach_bucket_wangsimni_subway": "30-45", "reach_min_wangsimni_rail": 41, "reach_bucket_wangsimni_rail": "30-45", "reach_min_sadang_subway": 59, "reach_bucket_sadang_subway": "45-60", "reach_min_sadang_rail": 59, "reach_bucket_sadang_rail": "45-60", "reach_min_jamsil_subway": 43, "reach_bucket_jamsil_subway": "30-45", "reach_min_jamsil_rail": 43, "reach_bucket_jamsil_rail": "30-45", "reach_min_konkuk_subway": 50, "reach_bucket_konkuk_subway": "45-60", "reach_min_konkuk_rail": 50, "reach_bucket_konkuk_rail": "45-60", "reach_min_hongik_subway": 66, "reach_bucket_hongik_subway": "60-90", "reach_min_hongik_rail": 66, "reach_bucket_hongik_rail": "60-90"}}, {"type": "Feature", "geometry": {"type": "Point", "coordinates": [127.14068, 37.43744]}, "properties": {"id": "kr_353", "name": "Sujin", "district": null, "transit_stress_score": 1.0, "transit_stress_tier": "low", "walk_stress_score": 87.5, "walk_stress_tier": "very-low", "reach_min_seoul_station_subway": 62, "reach_bucket_seoul_station_subway": "60-90", "reach_min_seoul_station_rail": 62, "reach_bucket_seoul_station_rail": "60-90", "reach_min_city_hall_subway": 64, "reach_bucket_city_hall_subway": "60-90", "reach_min_city_hall_rail": 64, "reach_bucket_city_hall_rail": "60-90", "reach_min_gangnam_subway": 40, "reach_bucket_gangnam_subway": "30-45", "reach_min_gangnam_rail": 40, "reach_bucket_gangnam_rail": "30-45", "reach_min_wangsimni_subway": 54, "reach_bucket_wangsimni_subway": "45-60", "reach_min_wangsimni_rail": 54, "reach_bucket_wangsimni_rail": "45-60", "reach_min_sadang_subway": 51, "reach_bucket_sadang_subway": "45-60", "reach_min_sadang_rail": 51, "reach_bucket_sadang_rail": "45-60", "reach_min_jamsil_subway": 35, "reach_bucket_jamsil_subway": "30-45", "reach_min_jamsil_rail": 35, "reach_bucket_jamsil_rail": "30-45", "reach_min_konkuk_subway": 46, "reach_bucket_konkuk_subway": "45-60", "reach_min_konkuk_rail": 46, "reach_bucket_konkuk_rail": "45-60", "reach_min_hongik_subway": 70, "reach_bucket_hongik_subway": "60-90", "reach_min_hongik_rail": 70, "reach_bucket_hongik_rail": "60-90"}}, {"type": "Feature", "geometry": {"type": "Point", "coordinates": [127.09109, 37.61742]}, "properties": {"id": "kr_354", "name": "Bonghwasan", "district": "Jungnang-gu", "transit_stress_score": 1.0, "transit_stress_tier": "low", "walk_stress_score": 87.5, "walk_stress_tier": "very-low", "reach_min_seoul_station_subway": 36, "reach_bucket_seoul_station_subway": "30-45", "reach_min_seoul_station_rail": 36, "reach_bucket_seoul_station_rail": "30-45", "reach_min_city_hall_subway": 35, "reach_bucket_city_hall_subway": "30-45", "reach_min_city_hall_rail": 35, "reach_bucket_city_hall_rail": "30-45", "reach_min_gangnam_subway": 45, "reach_bucket_gangnam_subway": "45-60", "reach_min_gangnam_rail": 45, "reach_bucket_gangnam_rail": "45-60", "reach_min_wangsimni_subway": 31, "reach_bucket_wangsimni_subway": "30-45", "reach_min_wangsimni_rail": 31, "reach_bucket_wangsimni_rail": "30-45", "reach_min_sadang_subway": 53, "reach_bucket_sadang_subway": "45-60", "reach_min_sadang_rail": 53, "reach_bucket_sadang_rail": "45-60", "reach_min_jamsil_subway": 51, "reach_bucket_jamsil_subway": "45-60", "reach_min_jamsil_rail": 51, "reach_bucket_jamsil_rail": "45-60", "reach_min_konkuk_subway": 40, "reach_bucket_konkuk_subway": "30-45", "reach_min_konkuk_rail": 40, "reach_bucket_konkuk_rail": "30-45", "reach_min_hongik_subway": 47, "reach_bucket_hongik_subway": "45-60", "reach_min_hongik_rail": 47, "reach_bucket_hongik_rail": "45-60"}}, {"type": "Feature", "geometry": {"type": "Point", "coordinates": [127.14375, 37.49336]}, "properties": {"id": "kr_355", "name": "거여", "district": "Songpa-gu", "transit_stress_score": 1.0, "transit_stress_tier": "low", "walk_stress_score": 100.0, "walk_stress_tier": "mid", "reach_min_seoul_station_subway": 49, "reach_bucket_seoul_station_subway": "45-60", "reach_min_seoul_station_rail": 49, "reach_bucket_seoul_station_rail": "45-60", "reach_min_city_hall_subway": 48, "reach_bucket_city_hall_subway": "45-60", "reach_min_city_hall_rail": 48, "reach_bucket_city_hall_rail": "45-60", "reach_min_gangnam_subway": 28, "reach_bucket_gangnam_subway": "20-30", "reach_min_gangnam_rail": 28, "reach_bucket_gangnam_rail": "20-30", "reach_min_wangsimni_subway": 35, "reach_bucket_wangsimni_subway": "30-45", "reach_min_wangsimni_rail": 35, "reach_bucket_wangsimni_rail": "30-45", "reach_min_sadang_subway": 38, "reach_bucket_sadang_subway": "30-45", "reach_min_sadang_rail": 38, "reach_bucket_sadang_rail": "30-45", "reach_min_jamsil_subway": 23, "reach_bucket_jamsil_subway": "20-30", "reach_min_jamsil_rail": 23, "reach_bucket_jamsil_rail": "20-30", "reach_min_konkuk_subway": 34, "reach_bucket_konkuk_subway": "30-45", "reach_min_konkuk_rail": 34, "reach_bucket_konkuk_rail": "30-45", "reach_min_hongik_subway": 58, "reach_bucket_hongik_subway": "45-60", "reach_min_hongik_rail": 58, "reach_bucket_hongik_rail": "45-60"}}, {"type": "Feature", "geometry": {"type": "Point", "coordinates": [126.80816, 37.57285]}, "properties": {"id": "kr_356", "name": "Gaehwasan", "district": "Gangseo-gu", "transit_stress_score": 1.0, "transit_stress_tier": "low", "walk_stress_score": 87.5, "walk_stress_tier": "very-low", "reach_min_seoul_station_subway": 43, "reach_bucket_seoul_station_subway": "30-45", "reach_min_seoul_station_rail": 43, "reach_bucket_seoul_station_rail": "30-45", "reach_min_city_hall_subway": 41, "reach_bucket_city_hall_subway": "30-45", "reach_min_city_hall_rail": 41, "reach_bucket_city_hall_rail": "30-45", "reach_min_gangnam_subway": 49, "reach_bucket_gangnam_subway": "45-60", "reach_min_gangnam_rail": 49, "reach_bucket_gangnam_rail": "45-60", "reach_min_wangsimni_subway": 55, "reach_bucket_wangsimni_subway": "45-60", "reach_min_wangsimni_rail": 55, "reach_bucket_wangsimni_rail": "45-60", "reach_min_sadang_subway": 45, "reach_bucket_sadang_subway": "45-60", "reach_min_sadang_rail": 45, "reach_bucket_sadang_rail": "45-60", "reach_min_jamsil_subway": 62, "reach_bucket_jamsil_subway": "60-90", "reach_min_jamsil_rail": 62, "reach_bucket_jamsil_rail": "60-90", "reach_min_konkuk_subway": 64, "reach_bucket_konkuk_subway": "60-90", "reach_min_konkuk_rail": 64, "reach_bucket_konkuk_rail": "60-90", "reach_min_hongik_subway": 30, "reach_bucket_hongik_subway": "30-45", "reach_min_hongik_rail": 30, "reach_bucket_hongik_rail": "30-45"}}, {"type": "Feature", "geometry": {"type": "Point", "coordinates": [127.05152, 37.28856]}, "properties": {"id": "kr_357", "name": "Gwanggyo Jungang", "district": null, "transit_stress_score": 1.0, "transit_stress_tier": "low", "walk_stress_score": 100.0, "walk_stress_tier": "mid", "reach_min_seoul_station_subway": 79, "reach_bucket_seoul_station_subway": "60-90", "reach_min_seoul_station_rail": 79, "reach_bucket_seoul_station_rail": "60-90", "reach_min_city_hall_subway": 81, "reach_bucket_city_hall_subway": "60-90", "reach_min_city_hall_rail": 81, "reach_bucket_city_hall_rail": "60-90", "reach_min_gangnam_subway": 56, "reach_bucket_gangnam_subway": "45-60", "reach_min_gangnam_rail": 56, "reach_bucket_gangnam_rail": "45-60", "reach_min_wangsimni_subway": 80, "reach_bucket_wangsimni_subway": "60-90", "reach_min_wangsimni_rail": 80, "reach_bucket_wangsimni_rail": "60-90", "reach_min_sadang_subway": 66, "reach_bucket_sadang_subway": "60-90", "reach_min_sadang_rail": 66, "reach_bucket_sadang_rail": "60-90", "reach_min_jamsil_subway": 71, "reach_bucket_jamsil_subway": "60-90", "reach_min_jamsil_rail": 71, "reach_bucket_jamsil_rail": "60-90", "reach_min_konkuk_subway": 82, "reach_bucket_konkuk_subway": "60-90", "reach_min_konkuk_rail": 82, "reach_bucket_konkuk_rail": "60-90", "reach_min_hongik_subway": 88, "reach_bucket_hongik_subway": "60-90", "reach_min_hongik_rail": 88, "reach_bucket_hongik_rail": "60-90"}}, {"type": "Feature", "geometry": {"type": "Point", "coordinates": [127.57065, 37.29362]}, "properties": {"id": "kr_358", "name": "Sejongdaewangneung", "district": null, "transit_stress_score": 1.0, "transit_stress_tier": "low", "walk_stress_score": 100.0, "walk_stress_tier": "mid", "reach_min_seoul_station_subway": 120, "reach_bucket_seoul_station_subway": "120+", "reach_min_seoul_station_rail": 120, "reach_bucket_seoul_station_rail": "120+", "reach_min_city_hall_subway": 120, "reach_bucket_city_hall_subway": "120+", "reach_min_city_hall_rail": 120, "reach_bucket_city_hall_rail": "120+", "reach_min_gangnam_subway": 119, "reach_bucket_gangnam_subway": "90-120", "reach_min_gangnam_rail": 119, "reach_bucket_gangnam_rail": "90-120", "reach_min_wangsimni_subway": 120, "reach_bucket_wangsimni_subway": "120+", "reach_min_wangsimni_rail": 120, "reach_bucket_wangsimni_rail": "120+", "reach_min_sadang_subway": 120, "reach_bucket_sadang_subway": "120+", "reach_min_sadang_rail": 120, "reach_bucket_sadang_rail": "120+", "reach_min_jamsil_subway": 120, "reach_bucket_jamsil_subway": "120+", "reach_min_jamsil_rail": 120, "reach_bucket_jamsil_rail": "120+", "reach_min_konkuk_subway": 120, "reach_bucket_konkuk_subway": "120+", "reach_min_konkuk_rail": 120, "reach_bucket_konkuk_rail": "120+", "reach_min_hongik_subway": 120, "reach_bucket_hongik_subway": "120+", "reach_min_hongik_rail": 120, "reach_bucket_hongik_rail": "120+"}}, {"type": "Feature", "geometry": {"type": "Point", "coordinates": [127.0032, 36.78054]}, "properties": {"id": "kr_359", "name": "Onyangoncheon", "district": null, "transit_stress_score": 1.0, "transit_stress_tier": "low", "walk_stress_score": 100.0, "walk_stress_tier": "mid", "reach_min_seoul_station_subway": 120, "reach_bucket_seoul_station_subway": "120+", "reach_min_seoul_station_rail": 72, "reach_bucket_seoul_station_rail": "60-90", "reach_min_city_hall_subway": 120, "reach_bucket_city_hall_subway": "120+", "reach_min_city_hall_rail": 74, "reach_bucket_city_hall_rail": "60-90", "reach_min_gangnam_subway": 120, "reach_bucket_gangnam_subway": "120+", "reach_min_gangnam_rail": 89, "reach_bucket_gangnam_rail": "60-90", "reach_min_wangsimni_subway": 120, "reach_bucket_wangsimni_subway": "120+", "reach_min_wangsimni_rail": 86, "reach_bucket_wangsimni_rail": "60-90", "reach_min_sadang_subway": 120, "reach_bucket_sadang_subway": "120+", "reach_min_sadang_rail": 89, "reach_bucket_sadang_rail": "60-90", "reach_min_jamsil_subway": 120, "reach_bucket_jamsil_subway": "120+", "reach_min_jamsil_rail": 87, "reach_bucket_jamsil_rail": "60-90", "reach_min_konkuk_subway": 120, "reach_bucket_konkuk_subway": "120+", "reach_min_konkuk_rail": 95, "reach_bucket_konkuk_rail": "90-120", "reach_min_hongik_subway": 120, "reach_bucket_hongik_subway": "120+", "reach_min_hongik_rail": 86, "reach_bucket_hongik_rail": "60-90"}}, {"type": "Feature", "geometry": {"type": "Point", "coordinates": [127.20701, 37.54165]}, "properties": {"id": "kr_360", "name": "Hanam City Hall (Deokpung·Sinjang)", "district": null, "transit_stress_score": 1.0, "transit_stress_tier": "low", "walk_stress_score": 100.0, "walk_stress_tier": "mid", "reach_min_seoul_station_subway": 58, "reach_bucket_seoul_station_subway": "45-60", "reach_min_seoul_station_rail": 58, "reach_bucket_seoul_station_rail": "45-60", "reach_min_city_hall_subway": 57, "reach_bucket_city_hall_subway": "45-60", "reach_min_city_hall_rail": 57, "reach_bucket_city_hall_rail": "45-60", "reach_min_gangnam_subway": 48, "reach_bucket_gangnam_subway": "45-60", "reach_min_gangnam_rail": 48, "reach_bucket_gangnam_rail": "45-60", "reach_min_wangsimni_subway": 43, "reach_bucket_wangsimni_subway": "30-45", "reach_min_wangsimni_rail": 43, "reach_bucket_wangsimni_rail": "30-45", "reach_min_sadang_subway": 59, "reach_bucket_sadang_subway": "45-60", "reach_min_sadang_rail": 59, "reach_bucket_sadang_rail": "45-60", "reach_min_jamsil_subway": 43, "reach_bucket_jamsil_subway": "30-45", "reach_min_jamsil_rail": 43, "reach_bucket_jamsil_rail": "30-45", "reach_min_konkuk_subway": 52, "reach_bucket_konkuk_subway": "45-60", "reach_min_konkuk_rail": 52, "reach_bucket_konkuk_rail": "45-60", "reach_min_hongik_subway": 68, "reach_bucket_hongik_subway": "60-90", "reach_min_hongik_rail": 68, "reach_bucket_hongik_rail": "60-90"}}, {"type": "Feature", "geometry": {"type": "Point", "coordinates": [127.19108, 37.70521]}, "properties": {"id": "kr_361", "name": "Onam", "district": null, "transit_stress_score": 1.0, "transit_stress_tier": "low", "walk_stress_score": 100.0, "walk_stress_tier": "mid", "reach_min_seoul_station_subway": 64, "reach_bucket_seoul_station_subway": "60-90", "reach_min_seoul_station_rail": 64, "reach_bucket_seoul_station_rail": "60-90", "reach_min_city_hall_subway": 62, "reach_bucket_city_hall_subway": "60-90", "reach_min_city_hall_rail": 62, "reach_bucket_city_hall_rail": "60-90", "reach_min_gangnam_subway": 76, "reach_bucket_gangnam_subway": "60-90", "reach_min_gangnam_rail": 76, "reach_bucket_gangnam_rail": "60-90", "reach_min_wangsimni_subway": 62, "reach_bucket_wangsimni_subway": "60-90", "reach_min_wangsimni_rail": 62, "reach_bucket_wangsimni_rail": "60-90", "reach_min_sadang_subway": 84, "reach_bucket_sadang_subway": "60-90", "reach_min_sadang_rail": 84, "reach_bucket_sadang_rail": "60-90", "reach_min_jamsil_subway": 83, "reach_bucket_jamsil_subway": "60-90", "reach_min_jamsil_rail": 83, "reach_bucket_jamsil_rail": "60-90", "reach_min_konkuk_subway": 71, "reach_bucket_konkuk_subway": "60-90", "reach_min_konkuk_rail": 71, "reach_bucket_konkuk_rail": "60-90", "reach_min_hongik_subway": 73, "reach_bucket_hongik_subway": "60-90", "reach_min_hongik_rail": 73, "reach_bucket_hongik_rail": "60-90"}}, {"type": "Feature", "geometry": {"type": "Point", "coordinates": [127.07193, 38.02453]}, "properties": {"id": "kr_362", "name": "Jeongok", "district": null, "transit_stress_score": 1.0, "transit_stress_tier": "low", "walk_stress_score": 100.0, "walk_stress_tier": "mid", "reach_min_seoul_station_subway": 118, "reach_bucket_seoul_station_subway": "90-120", "reach_min_seoul_station_rail": 118, "reach_bucket_seoul_station_rail": "90-120", "reach_min_city_hall_subway": 116, "reach_bucket_city_hall_subway": "90-120", "reach_min_city_hall_rail": 116, "reach_bucket_city_hall_rail": "90-120", "reach_min_gangnam_subway": 120, "reach_bucket_gangnam_subway": "120+", "reach_min_gangnam_rail": 120, "reach_bucket_gangnam_rail": "120+", "reach_min_wangsimni_subway": 116, "reach_bucket_wangsimni_subway": "90-120", "reach_min_wangsimni_rail": 116, "reach_bucket_wangsimni_rail": "90-120", "reach_min_sadang_subway": 120, "reach_bucket_sadang_subway": "120+", "reach_min_sadang_rail": 120, "reach_bucket_sadang_rail": "120+", "reach_min_jamsil_subway": 120, "reach_bucket_jamsil_subway": "120+", "reach_min_jamsil_rail": 120, "reach_bucket_jamsil_rail": "120+", "reach_min_konkuk_subway": 119, "reach_bucket_konkuk_subway": "90-120", "reach_min_konkuk_rail": 119, "reach_bucket_konkuk_rail": "90-120", "reach_min_hongik_subway": 120, "reach_bucket_hongik_subway": "120+", "reach_min_hongik_rail": 120, "reach_bucket_hongik_rail": "120+"}}, {"type": "Feature", "geometry": {"type": "Point", "coordinates": [127.05581, 37.89235]}, "properties": {"id": "kr_363", "name": "Jihaeng", "district": null, "transit_stress_score": 1.0, "transit_stress_tier": "low", "walk_stress_score": 100.0, "walk_stress_tier": "mid", "reach_min_seoul_station_subway": 89, "reach_bucket_seoul_station_subway": "60-90", "reach_min_seoul_station_rail": 89, "reach_bucket_seoul_station_rail": "60-90", "reach_min_city_hall_subway": 87, "reach_bucket_city_hall_subway": "60-90", "reach_min_city_hall_rail": 87, "reach_bucket_city_hall_rail": "60-90", "reach_min_gangnam_subway": 101, "reach_bucket_gangnam_subway": "90-120", "reach_min_gangnam_rail": 101, "reach_bucket_gangnam_rail": "90-120", "reach_min_wangsimni_subway": 87, "reach_bucket_wangsimni_subway": "60-90", "reach_min_wangsimni_rail": 87, "reach_bucket_wangsimni_rail": "60-90", "reach_min_sadang_subway": 109, "reach_bucket_sadang_subway": "90-120", "reach_min_sadang_rail": 109, "reach_bucket_sadang_rail": "90-120", "reach_min_jamsil_subway": 101, "reach_bucket_jamsil_subway": "90-120", "reach_min_jamsil_rail": 101, "reach_bucket_jamsil_rail": "90-120", "reach_min_konkuk_subway": 90, "reach_bucket_konkuk_subway": "90-120", "reach_min_konkuk_rail": 90, "reach_bucket_konkuk_rail": "90-120", "reach_min_hongik_subway": 98, "reach_bucket_hongik_subway": "90-120", "reach_min_hongik_rail": 98, "reach_bucket_hongik_rail": "90-120"}}, {"type": "Feature", "geometry": {"type": "Point", "coordinates": [126.9256, 37.35054]}, "properties": {"id": "kr_364", "name": "Surisan", "district": null, "transit_stress_score": 1.0, "transit_stress_tier": "low", "walk_stress_score": 100.0, "walk_stress_tier": "mid", "reach_min_seoul_station_subway": 52, "reach_bucket_seoul_station_subway": "45-60", "reach_min_seoul_station_rail": 52, "reach_bucket_seoul_station_rail": "45-60", "reach_min_city_hall_subway": 55, "reach_bucket_city_hall_subway": "45-60", "reach_min_city_hall_rail": 55, "reach_bucket_city_hall_rail": "45-60", "reach_min_gangnam_subway": 49, "reach_bucket_gangnam_subway": "45-60", "reach_min_gangnam_rail": 49, "reach_bucket_gangnam_rail": "45-60", "reach_min_wangsimni_subway": 67, "reach_bucket_wangsimni_subway": "60-90", "reach_min_wangsimni_rail": 67, "reach_bucket_wangsimni_rail": "60-90", "reach_min_sadang_subway": 38, "reach_bucket_sadang_subway": "30-45", "reach_min_sadang_rail": 38, "reach_bucket_sadang_rail": "30-45", "reach_min_jamsil_subway": 64, "reach_bucket_jamsil_subway": "60-90", "reach_min_jamsil_rail": 64, "reach_bucket_jamsil_rail": "60-90", "reach_min_konkuk_subway": 75, "reach_bucket_konkuk_subway": "60-90", "reach_min_konkuk_rail": 75, "reach_bucket_konkuk_rail": "60-90", "reach_min_hongik_subway": 53, "reach_bucket_hongik_subway": "45-60", "reach_min_hongik_rail": 53, "reach_bucket_hongik_rail": "45-60"}}, {"type": "Feature", "geometry": {"type": "Point", "coordinates": [126.90894, 37.50013]}, "properties": {"id": "kr_365", "name": "신풍", "district": "Yeongdeungpo-gu", "transit_stress_score": 0.9, "transit_stress_tier": "low", "walk_stress_score": 100.0, "walk_stress_tier": "mid", "reach_min_seoul_station_subway": 42, "reach_bucket_seoul_station_subway": "30-45", "reach_min_seoul_station_rail": 42, "reach_bucket_seoul_station_rail": "30-45", "reach_min_city_hall_subway": 45, "reach_bucket_city_hall_subway": "45-60", "reach_min_city_hall_rail": 45, "reach_bucket_city_hall_rail": "45-60", "reach_min_gangnam_subway": 30, "reach_bucket_gangnam_subway": "30-45", "reach_min_gangnam_rail": 30, "reach_bucket_gangnam_rail": "30-45", "reach_min_wangsimni_subway": 47, "reach_bucket_wangsimni_subway": "45-60", "reach_min_wangsimni_rail": 47, "reach_bucket_wangsimni_rail": "45-60", "reach_min_sadang_subway": 35, "reach_bucket_sadang_subway": "30-45", "reach_min_sadang_rail": 35, "reach_bucket_sadang_rail": "30-45", "reach_min_jamsil_subway": 43, "reach_bucket_jamsil_subway": "30-45", "reach_min_jamsil_rail": 43, "reach_bucket_jamsil_rail": "30-45", "reach_min_konkuk_subway": 54, "reach_bucket_konkuk_subway": "45-60", "reach_min_konkuk_rail": 54, "reach_bucket_konkuk_rail": "45-60", "reach_min_hongik_subway": 47, "reach_bucket_hongik_subway": "45-60", "reach_min_hongik_rail": 47, "reach_bucket_hongik_rail": "45-60"}}, {"type": "Feature", "geometry": {"type": "Point", "coordinates": [126.87515, 37.52455]}, "properties": {"id": "kr_366", "name": "Omokgyo", "district": "Yangcheon-gu", "transit_stress_score": 0.9, "transit_stress_tier": "low", "walk_stress_score": 100.0, "walk_stress_tier": "mid", "reach_min_seoul_station_subway": 25, "reach_bucket_seoul_station_subway": "20-30", "reach_min_seoul_station_rail": 25, "reach_bucket_seoul_station_rail": "20-30", "reach_min_city_hall_subway": 28, "reach_bucket_city_hall_subway": "20-30", "reach_min_city_hall_rail": 28, "reach_bucket_city_hall_rail": "20-30", "reach_min_gangnam_subway": 31, "reach_bucket_gangnam_subway": "30-45", "reach_min_gangnam_rail": 31, "reach_bucket_gangnam_rail": "30-45", "reach_min_wangsimni_subway": 40, "reach_bucket_wangsimni_subway": "30-45", "reach_min_wangsimni_rail": 40, "reach_bucket_wangsimni_rail": "30-45", "reach_min_sadang_subway": 27, "reach_bucket_sadang_subway": "20-30", "reach_min_sadang_rail": 27, "reach_bucket_sadang_rail": "20-30", "reach_min_jamsil_subway": 45, "reach_bucket_jamsil_subway": "45-60", "reach_min_jamsil_rail": 45, "reach_bucket_jamsil_rail": "45-60", "reach_min_konkuk_subway": 49, "reach_bucket_konkuk_subway": "45-60", "reach_min_konkuk_rail": 49, "reach_bucket_konkuk_rail": "45-60", "reach_min_hongik_subway": 23, "reach_bucket_hongik_subway": "20-30", "reach_min_hongik_rail": 23, "reach_bucket_hongik_rail": "20-30"}}, {"type": "Feature", "geometry": {"type": "Point", "coordinates": [126.98972, 37.42645]}, "properties": {"id": "kr_367", "name": "Ansan Line", "district": null, "transit_stress_score": 0.9, "transit_stress_tier": "low", "walk_stress_score": 100.0, "walk_stress_tier": "mid", "reach_min_seoul_station_subway": 36, "reach_bucket_seoul_station_subway": "30-45", "reach_min_seoul_station_rail": 36, "reach_bucket_seoul_station_rail": "30-45", "reach_min_city_hall_subway": 39, "reach_bucket_city_hall_subway": "30-45", "reach_min_city_hall_rail": 39, "reach_bucket_city_hall_rail": "30-45", "reach_min_gangnam_subway": 27, "reach_bucket_gangnam_subway": "20-30", "reach_min_gangnam_rail": 27, "reach_bucket_gangnam_rail": "20-30", "reach_min_wangsimni_subway": 50, "reach_bucket_wangsimni_subway": "45-60", "reach_min_wangsimni_rail": 50, "reach_bucket_wangsimni_rail": "45-60", "reach_min_sadang_subway": 16, "reach_bucket_sadang_subway": "10-20", "reach_min_sadang_rail": 16, "reach_bucket_sadang_rail": "10-20", "reach_min_jamsil_subway": 42, "reach_bucket_jamsil_subway": "30-45", "reach_min_jamsil_rail": 42, "reach_bucket_jamsil_rail": "30-45", "reach_min_konkuk_subway": 53, "reach_bucket_konkuk_subway": "45-60", "reach_min_konkuk_rail": 53, "reach_bucket_konkuk_rail": "45-60", "reach_min_hongik_subway": 44, "reach_bucket_hongik_subway": "30-45", "reach_min_hongik_rail": 44, "reach_bucket_hongik_rail": "30-45"}}, {"type": "Feature", "geometry": {"type": "Point", "coordinates": [126.92349, 37.55665]}, "properties": {"id": "kr_368", "name": "Hongik University", "district": "Mapo-gu", "transit_stress_score": 0.9, "transit_stress_tier": "low", "walk_stress_score": 100.0, "walk_stress_tier": "mid", "reach_min_seoul_station_subway": 14, "reach_bucket_seoul_station_subway": "10-20", "reach_min_seoul_station_rail": 14, "reach_bucket_seoul_station_rail": "10-20", "reach_min_city_hall_subway": 11, "reach_bucket_city_hall_subway": "10-20", "reach_min_city_hall_rail": 11, "reach_bucket_city_hall_rail": "10-20", "reach_min_gangnam_subway": 32, "reach_bucket_gangnam_subway": "30-45", "reach_min_gangnam_rail": 32, "reach_bucket_gangnam_rail": "30-45", "reach_min_wangsimni_subway": 25, "reach_bucket_wangsimni_subway": "20-30", "reach_min_wangsimni_rail": 25, "reach_bucket_wangsimni_rail": "20-30", "reach_min_sadang_subway": 28, "reach_bucket_sadang_subway": "20-30", "reach_min_sadang_rail": 28, "reach_bucket_sadang_rail": "20-30", "reach_min_jamsil_subway": 45, "reach_bucket_jamsil_subway": "45-60", "reach_min_jamsil_rail": 45, "reach_bucket_jamsil_rail": "45-60", "reach_min_konkuk_subway": 34, "reach_bucket_konkuk_subway": "30-45", "reach_min_konkuk_rail": 34, "reach_bucket_konkuk_rail": "30-45", "reach_min_hongik_subway": 0, "reach_bucket_hongik_subway": "<10", "reach_min_hongik_rail": 0, "reach_bucket_hongik_rail": "<10"}}, {"type": "Feature", "geometry": {"type": "Point", "coordinates": [126.99355, 37.56197]}, "properties": {"id": "kr_369", "name": "충무로", "district": "Jung-gu", "transit_stress_score": 0.9, "transit_stress_tier": "low", "walk_stress_score": 25.0, "walk_stress_tier": "very-low", "reach_min_seoul_station_subway": 10, "reach_bucket_seoul_station_subway": "10-20", "reach_min_seoul_station_rail": 10, "reach_bucket_seoul_station_rail": "10-20", "reach_min_city_hall_subway": 7, "reach_bucket_city_hall_subway": "<10", "reach_min_city_hall_rail": 7, "reach_bucket_city_hall_rail": "<10", "reach_min_gangnam_subway": 21, "reach_bucket_gangnam_subway": "20-30", "reach_min_gangnam_rail": 21, "reach_bucket_gangnam_rail": "20-30", "reach_min_wangsimni_subway": 12, "reach_bucket_wangsimni_subway": "10-20", "reach_min_wangsimni_rail": 12, "reach_bucket_wangsimni_rail": "10-20", "reach_min_sadang_subway": 30, "reach_bucket_sadang_subway": "30-45", "reach_min_sadang_rail": 30, "reach_bucket_sadang_rail": "30-45", "reach_min_jamsil_subway": 32, "reach_bucket_jamsil_subway": "30-45", "reach_min_jamsil_rail": 32, "reach_bucket_jamsil_rail": "30-45", "reach_min_konkuk_subway": 21, "reach_bucket_konkuk_subway": "20-30", "reach_min_konkuk_rail": 21, "reach_bucket_konkuk_rail": "20-30", "reach_min_hongik_subway": 18, "reach_bucket_hongik_subway": "10-20", "reach_min_hongik_rail": 18, "reach_bucket_hongik_rail": "10-20"}}, {"type": "Feature", "geometry": {"type": "Point", "coordinates": [126.95275, 37.48121]}, "properties": {"id": "kr_370", "name": "Seoul Nat'l University (Gwanak-gu Office)", "district": "Gwanak-gu", "transit_stress_score": 0.8, "transit_stress_tier": "low", "walk_stress_score": 100.0, "walk_stress_tier": "mid", "reach_min_seoul_station_subway": 26, "reach_bucket_seoul_station_subway": "20-30", "reach_min_seoul_station_rail": 26, "reach_bucket_seoul_station_rail": "20-30", "reach_min_city_hall_subway": 28, "reach_bucket_city_hall_subway": "20-30", "reach_min_city_hall_rail": 28, "reach_bucket_city_hall_rail": "20-30", "reach_min_gangnam_subway": 17, "reach_bucket_gangnam_subway": "10-20", "reach_min_gangnam_rail": 17, "reach_bucket_gangnam_rail": "10-20", "reach_min_wangsimni_subway": 39, "reach_bucket_wangsimni_subway": "30-45", "reach_min_wangsimni_rail": 39, "reach_bucket_wangsimni_rail": "30-45", "reach_min_sadang_subway": 6, "reach_bucket_sadang_subway": "<10", "reach_min_sadang_rail": 6, "reach_bucket_sadang_rail": "<10", "reach_min_jamsil_subway": 32, "reach_bucket_jamsil_subway": "30-45", "reach_min_jamsil_rail": 32, "reach_bucket_jamsil_rail": "30-45", "reach_min_konkuk_subway": 43, "reach_bucket_konkuk_subway": "30-45", "reach_min_konkuk_rail": 43, "reach_bucket_konkuk_rail": "30-45", "reach_min_hongik_subway": 30, "reach_bucket_hongik_subway": "30-45", "reach_min_hongik_rail": 30, "reach_bucket_hongik_rail": "30-45"}}, {"type": "Feature", "geometry": {"type": "Point", "coordinates": [127.00576, 37.55908]}, "properties": {"id": "kr_371", "name": "동대입구", "district": "Jung-gu", "transit_stress_score": 0.8, "transit_stress_tier": "low", "walk_stress_score": 25.0, "walk_stress_tier": "very-low", "reach_min_seoul_station_subway": 12, "reach_bucket_seoul_station_subway": "10-20", "reach_min_seoul_station_rail": 12, "reach_bucket_seoul_station_rail": "10-20", "reach_min_city_hall_subway": 10, "reach_bucket_city_hall_subway": "10-20", "reach_min_city_hall_rail": 10, "reach_bucket_city_hall_rail": "10-20", "reach_min_gangnam_subway": 18, "reach_bucket_gangnam_subway": "10-20", "reach_min_gangnam_rail": 18, "reach_bucket_gangnam_rail": "10-20", "reach_min_wangsimni_subway": 9, "reach_bucket_wangsimni_subway": "<10", "reach_min_wangsimni_rail": 9, "reach_bucket_wangsimni_rail": "<10", "reach_min_sadang_subway": 27, "reach_bucket_sadang_subway": "20-30", "reach_min_sadang_rail": 27, "reach_bucket_sadang_rail": "20-30", "reach_min_jamsil_subway": 30, "reach_bucket_jamsil_subway": "30-45", "reach_min_jamsil_rail": 30, "reach_bucket_jamsil_rail": "30-45", "reach_min_konkuk_subway": 19, "reach_bucket_konkuk_subway": "10-20", "reach_min_konkuk_rail": 19, "reach_bucket_konkuk_rail": "10-20", "reach_min_hongik_subway": 21, "reach_bucket_hongik_subway": "20-30", "reach_min_hongik_rail": 21, "reach_bucket_hongik_rail": "20-30"}}, {"type": "Feature", "geometry": {"type": "Point", "coordinates": [127.01586, 37.54802]}, "properties": {"id": "kr_372", "name": "Geumho", "district": "Seongdong-gu", "transit_stress_score": 0.8, "transit_stress_tier": "low", "walk_stress_score": 75.0, "walk_stress_tier": "very-low", "reach_min_seoul_station_subway": 12, "reach_bucket_seoul_station_subway": "10-20", "reach_min_seoul_station_rail": 12, "reach_bucket_seoul_station_rail": "10-20", "reach_min_city_hall_subway": 11, "reach_bucket_city_hall_subway": "10-20", "reach_min_city_hall_rail": 11, "reach_bucket_city_hall_rail": "10-20", "reach_min_gangnam_subway": 14, "reach_bucket_gangnam_subway": "10-20", "reach_min_gangnam_rail": 14, "reach_bucket_gangnam_rail": "10-20", "reach_min_wangsimni_subway": 13, "reach_bucket_wangsimni_subway": "10-20", "reach_min_wangsimni_rail": 13, "reach_bucket_wangsimni_rail": "10-20", "reach_min_sadang_subway": 24, "reach_bucket_sadang_subway": "20-30", "reach_min_sadang_rail": 24, "reach_bucket_sadang_rail": "20-30", "reach_min_jamsil_subway": 28, "reach_bucket_jamsil_subway": "20-30", "reach_min_jamsil_rail": 28, "reach_bucket_jamsil_rail": "20-30", "reach_min_konkuk_subway": 23, "reach_bucket_konkuk_subway": "20-30", "reach_min_konkuk_rail": 23, "reach_bucket_konkuk_rail": "20-30", "reach_min_hongik_subway": 23, "reach_bucket_hongik_subway": "20-30", "reach_min_hongik_rail": 23, "reach_bucket_hongik_rail": "20-30"}}, {"type": "Feature", "geometry": {"type": "Point", "coordinates": [126.94584, 37.55677]}, "properties": {"id": "kr_373", "name": "Ewha Womans University", "district": "Seodaemun-gu", "transit_stress_score": 0.8, "transit_stress_tier": "low", "walk_stress_score": 100.0, "walk_stress_tier": "mid", "reach_min_seoul_station_subway": 9, "reach_bucket_seoul_station_subway": "<10", "reach_min_seoul_station_rail": 9, "reach_bucket_seoul_station_rail": "<10", "reach_min_city_hall_subway": 7, "reach_bucket_city_hall_subway": "<10", "reach_min_city_hall_rail": 7, "reach_bucket_city_hall_rail": "<10", "reach_min_gangnam_subway": 32, "reach_bucket_gangnam_subway": "30-45", "reach_min_gangnam_rail": 32, "reach_bucket_gangnam_rail": "30-45", "reach_min_wangsimni_subway": 20, "reach_bucket_wangsimni_subway": "20-30", "reach_min_wangsimni_rail": 20, "reach_bucket_wangsimni_rail": "20-30", "reach_min_sadang_subway": 29, "reach_bucket_sadang_subway": "20-30", "reach_min_sadang_rail": 29, "reach_bucket_sadang_rail": "20-30", "reach_min_jamsil_subway": 40, "reach_bucket_jamsil_subway": "30-45", "reach_min_jamsil_rail": 40, "reach_bucket_jamsil_rail": "30-45", "reach_min_konkuk_subway": 29, "reach_bucket_konkuk_subway": "20-30", "reach_min_konkuk_rail": 29, "reach_bucket_konkuk_rail": "20-30", "reach_min_hongik_subway": 5, "reach_bucket_hongik_subway": "<10", "reach_min_hongik_rail": 5, "reach_bucket_hongik_rail": "<10"}}, {"type": "Feature", "geometry": {"type": "Point", "coordinates": [126.99683, 37.43307]}, "properties": {"id": "kr_374", "name": "Gwacheon", "district": null, "transit_stress_score": 0.7, "transit_stress_tier": "low", "walk_stress_score": 100.0, "walk_stress_tier": "mid", "reach_min_seoul_station_subway": 34, "reach_bucket_seoul_station_subway": "30-45", "reach_min_seoul_station_rail": 34, "reach_bucket_seoul_station_rail": "30-45", "reach_min_city_hall_subway": 36, "reach_bucket_city_hall_subway": "30-45", "reach_min_city_hall_rail": 36, "reach_bucket_city_hall_rail": "30-45", "reach_min_gangnam_subway": 25, "reach_bucket_gangnam_subway": "20-30", "reach_min_gangnam_rail": 25, "reach_bucket_gangnam_rail": "20-30", "reach_min_wangsimni_subway": 47, "reach_bucket_wangsimni_subway": "45-60", "reach_min_wangsimni_rail": 47, "reach_bucket_wangsimni_rail": "45-60", "reach_min_sadang_subway": 14, "reach_bucket_sadang_subway": "10-20", "reach_min_sadang_rail": 14, "reach_bucket_sadang_rail": "10-20", "reach_min_jamsil_subway": 40, "reach_bucket_jamsil_subway": "30-45", "reach_min_jamsil_rail": 40, "reach_bucket_jamsil_rail": "30-45", "reach_min_konkuk_subway": 51, "reach_bucket_konkuk_subway": "45-60", "reach_min_konkuk_rail": 51, "reach_bucket_konkuk_rail": "45-60", "reach_min_hongik_subway": 42, "reach_bucket_hongik_subway": "30-45", "reach_min_hongik_rail": 42, "reach_bucket_hongik_rail": "30-45"}}, {"type": "Feature", "geometry": {"type": "Point", "coordinates": [126.9297, 37.48424]}, "properties": {"id": "kr_375", "name": "Sillim", "district": "Gwanak-gu", "transit_stress_score": 0.7, "transit_stress_tier": "low", "walk_stress_score": 100.0, "walk_stress_tier": "mid", "reach_min_seoul_station_subway": 29, "reach_bucket_seoul_station_subway": "20-30", "reach_min_seoul_station_rail": 29, "reach_bucket_seoul_station_rail": "20-30", "reach_min_city_hall_subway": 31, "reach_bucket_city_hall_subway": "30-45", "reach_min_city_hall_rail": 31, "reach_bucket_city_hall_rail": "30-45", "reach_min_gangnam_subway": 21, "reach_bucket_gangnam_subway": "20-30", "reach_min_gangnam_rail": 21, "reach_bucket_gangnam_rail": "20-30", "reach_min_wangsimni_subway": 43, "reach_bucket_wangsimni_subway": "30-45", "reach_min_wangsimni_rail": 43, "reach_bucket_wangsimni_rail": "30-45", "reach_min_sadang_subway": 11, "reach_bucket_sadang_subway": "10-20", "reach_min_sadang_rail": 11, "reach_bucket_sadang_rail": "10-20", "reach_min_jamsil_subway": 37, "reach_bucket_jamsil_subway": "30-45", "reach_min_jamsil_rail": 37, "reach_bucket_jamsil_rail": "30-45", "reach_min_konkuk_subway": 48, "reach_bucket_konkuk_subway": "45-60", "reach_min_konkuk_rail": 48, "reach_bucket_konkuk_rail": "45-60", "reach_min_hongik_subway": 25, "reach_bucket_hongik_subway": "20-30", "reach_min_hongik_rail": 25, "reach_bucket_hongik_rail": "20-30"}}, {"type": "Feature", "geometry": {"type": "Point", "coordinates": [126.93691, 37.55515]}, "properties": {"id": "kr_376", "name": "Sinchon", "district": "Seodaemun-gu", "transit_stress_score": 0.6, "transit_stress_tier": "low", "walk_stress_score": 100.0, "walk_stress_tier": "mid", "reach_min_seoul_station_subway": 11, "reach_bucket_seoul_station_subway": "10-20", "reach_min_seoul_station_rail": 11, "reach_bucket_seoul_station_rail": "10-20", "reach_min_city_hall_subway": 9, "reach_bucket_city_hall_subway": "<10", "reach_min_city_hall_rail": 9, "reach_bucket_city_hall_rail": "<10", "reach_min_gangnam_subway": 34, "reach_bucket_gangnam_subway": "30-45", "reach_min_gangnam_rail": 34, "reach_bucket_gangnam_rail": "30-45", "reach_min_wangsimni_subway": 22, "reach_bucket_wangsimni_subway": "20-30", "reach_min_wangsimni_rail": 22, "reach_bucket_wangsimni_rail": "20-30", "reach_min_sadang_subway": 31, "reach_bucket_sadang_subway": "30-45", "reach_min_sadang_rail": 31, "reach_bucket_sadang_rail": "30-45", "reach_min_jamsil_subway": 42, "reach_bucket_jamsil_subway": "30-45", "reach_min_jamsil_rail": 42, "reach_bucket_jamsil_rail": "30-45", "reach_min_konkuk_subway": 31, "reach_bucket_konkuk_subway": "30-45", "reach_min_konkuk_rail": 31, "reach_bucket_konkuk_rail": "30-45", "reach_min_hongik_subway": 3, "reach_bucket_hongik_subway": "<10", "reach_min_hongik_rail": 3, "reach_bucket_hongik_rail": "<10"}}, {"type": "Feature", "geometry": {"type": "Point", "coordinates": [126.94199, 37.48237]}, "properties": {"id": "kr_377", "name": "Bongcheon", "district": "Gwanak-gu", "transit_stress_score": 0.5, "transit_stress_tier": "very-low", "walk_stress_score": 100.0, "walk_stress_tier": "mid", "reach_min_seoul_station_subway": 28, "reach_bucket_seoul_station_subway": "20-30", "reach_min_seoul_station_rail": 28, "reach_bucket_seoul_station_rail": "20-30", "reach_min_city_hall_subway": 31, "reach_bucket_city_hall_subway": "30-45", "reach_min_city_hall_rail": 31, "reach_bucket_city_hall_rail": "30-45", "reach_min_gangnam_subway": 19, "reach_bucket_gangnam_subway": "10-20", "reach_min_gangnam_rail": 19, "reach_bucket_gangnam_rail": "10-20", "reach_min_wangsimni_subway": 42, "reach_bucket_wangsimni_subway": "30-45", "reach_min_wangsimni_rail": 42, "reach_bucket_wangsimni_rail": "30-45", "reach_min_sadang_subway": 8, "reach_bucket_sadang_subway": "<10", "reach_min_sadang_rail": 8, "reach_bucket_sadang_rail": "<10", "reach_min_jamsil_subway": 34, "reach_bucket_jamsil_subway": "30-45", "reach_min_jamsil_rail": 34, "reach_bucket_jamsil_rail": "30-45", "reach_min_konkuk_subway": 45, "reach_bucket_konkuk_subway": "45-60", "reach_min_konkuk_rail": 45, "reach_bucket_konkuk_rail": "45-60", "reach_min_hongik_subway": 28, "reach_bucket_hongik_subway": "20-30", "reach_min_hongik_rail": 28, "reach_bucket_hongik_rail": "20-30"}}, {"type": "Feature", "geometry": {"type": "Point", "coordinates": [126.70286, 37.47073]}, "properties": {"id": "kr_378", "name": "Dongam", "district": null, "transit_stress_score": 0.5, "transit_stress_tier": "very-low", "walk_stress_score": 100.0, "walk_stress_tier": "mid", "reach_min_seoul_station_subway": 53, "reach_bucket_seoul_station_subway": "45-60", "reach_min_seoul_station_rail": 53, "reach_bucket_seoul_station_rail": "45-60", "reach_min_city_hall_subway": 56, "reach_bucket_city_hall_subway": "45-60", "reach_min_city_hall_rail": 56, "reach_bucket_city_hall_rail": "45-60", "reach_min_gangnam_subway": 63, "reach_bucket_gangnam_subway": "60-90", "reach_min_gangnam_rail": 63, "reach_bucket_gangnam_rail": "60-90", "reach_min_wangsimni_subway": 67, "reach_bucket_wangsimni_subway": "60-90", "reach_min_wangsimni_rail": 67, "reach_bucket_wangsimni_rail": "60-90", "reach_min_sadang_subway": 58, "reach_bucket_sadang_subway": "45-60", "reach_min_sadang_rail": 58, "reach_bucket_sadang_rail": "45-60", "reach_min_jamsil_subway": 76, "reach_bucket_jamsil_subway": "60-90", "reach_min_jamsil_rail": 76, "reach_bucket_jamsil_rail": "60-90", "reach_min_konkuk_subway": 77, "reach_bucket_konkuk_subway": "60-90", "reach_min_konkuk_rail": 77, "reach_bucket_konkuk_rail": "60-90", "reach_min_hongik_subway": 50, "reach_bucket_hongik_subway": "45-60", "reach_min_hongik_rail": 50, "reach_bucket_hongik_rail": "45-60"}}, {"type": "Feature", "geometry": {"type": "Point", "coordinates": [126.65766, 37.46681]}, "properties": {"id": "kr_379", "name": "Jemulpo", "district": null, "transit_stress_score": 0.5, "transit_stress_tier": "very-low", "walk_stress_score": 100.0, "walk_stress_tier": "mid", "reach_min_seoul_station_subway": 60, "reach_bucket_seoul_station_subway": "60-90", "reach_min_seoul_station_rail": 60, "reach_bucket_seoul_station_rail": "60-90", "reach_min_city_hall_subway": 63, "reach_bucket_city_hall_subway": "60-90", "reach_min_city_hall_rail": 63, "reach_bucket_city_hall_rail": "60-90", "reach_min_gangnam_subway": 70, "reach_bucket_gangnam_subway": "60-90", "reach_min_gangnam_rail": 70, "reach_bucket_gangnam_rail": "60-90", "reach_min_wangsimni_subway": 75, "reach_bucket_wangsimni_subway": "60-90", "reach_min_wangsimni_rail": 75, "reach_bucket_wangsimni_rail": "60-90", "reach_min_sadang_subway": 66, "reach_bucket_sadang_subway": "60-90", "reach_min_sadang_rail": 66, "reach_bucket_sadang_rail": "60-90", "reach_min_jamsil_subway": 83, "reach_bucket_jamsil_subway": "60-90", "reach_min_jamsil_rail": 83, "reach_bucket_jamsil_rail": "60-90", "reach_min_konkuk_subway": 84, "reach_bucket_konkuk_subway": "60-90", "reach_min_konkuk_rail": 84, "reach_bucket_konkuk_rail": "60-90", "reach_min_hongik_subway": 57, "reach_bucket_hongik_subway": "45-60", "reach_min_hongik_rail": 57, "reach_bucket_hongik_rail": "45-60"}}, {"type": "Feature", "geometry": {"type": "Point", "coordinates": [126.9261, 37.51339]}, "properties": {"id": "kr_380", "name": "Daebang", "district": "Dongjak-gu", "transit_stress_score": 0.5, "transit_stress_tier": "very-low", "walk_stress_score": 75.0, "walk_stress_tier": "very-low", "reach_min_seoul_station_subway": 15, "reach_bucket_seoul_station_subway": "10-20", "reach_min_seoul_station_rail": 15, "reach_bucket_seoul_station_rail": "10-20", "reach_min_city_hall_subway": 17, "reach_bucket_city_hall_subway": "10-20", "reach_min_city_hall_rail": 17, "reach_bucket_city_hall_rail": "10-20", "reach_min_gangnam_subway": 20, "reach_bucket_gangnam_subway": "20-30", "reach_min_gangnam_rail": 20, "reach_bucket_gangnam_rail": "20-30", "reach_min_wangsimni_subway": 29, "reach_bucket_wangsimni_subway": "20-30", "reach_min_wangsimni_rail": 29, "reach_bucket_wangsimni_rail": "20-30", "reach_min_sadang_subway": 16, "reach_bucket_sadang_subway": "10-20", "reach_min_sadang_rail": 16, "reach_bucket_sadang_rail": "10-20", "reach_min_jamsil_subway": 33, "reach_bucket_jamsil_subway": "30-45", "reach_min_jamsil_rail": 33, "reach_bucket_jamsil_rail": "30-45", "reach_min_konkuk_subway": 38, "reach_bucket_konkuk_subway": "30-45", "reach_min_konkuk_rail": 38, "reach_bucket_konkuk_rail": "30-45", "reach_min_hongik_subway": 15, "reach_bucket_hongik_subway": "10-20", "reach_min_hongik_rail": 15, "reach_bucket_hongik_rail": "10-20"}}, {"type": "Feature", "geometry": {"type": "Point", "coordinates": [126.92749, 37.51335]}, "properties": {"id": "kr_381", "name": "대방", "district": "Dongjak-gu", "transit_stress_score": 0.5, "transit_stress_tier": "very-low", "walk_stress_score": 75.0, "walk_stress_tier": "very-low", "reach_min_seoul_station_subway": 14, "reach_bucket_seoul_station_subway": "10-20", "reach_min_seoul_station_rail": 14, "reach_bucket_seoul_station_rail": "10-20", "reach_min_city_hall_subway": 17, "reach_bucket_city_hall_subway": "10-20", "reach_min_city_hall_rail": 17, "reach_bucket_city_hall_rail": "10-20", "reach_min_gangnam_subway": 20, "reach_bucket_gangnam_subway": "20-30", "reach_min_gangnam_rail": 20, "reach_bucket_gangnam_rail": "20-30", "reach_min_wangsimni_subway": 29, "reach_bucket_wangsimni_subway": "20-30", "reach_min_wangsimni_rail": 29, "reach_bucket_wangsimni_rail": "20-30", "reach_min_sadang_subway": 16, "reach_bucket_sadang_subway": "10-20", "reach_min_sadang_rail": 16, "reach_bucket_sadang_rail": "10-20", "reach_min_jamsil_subway": 33, "reach_bucket_jamsil_subway": "30-45", "reach_min_jamsil_rail": 33, "reach_bucket_jamsil_rail": "30-45", "reach_min_konkuk_subway": 38, "reach_bucket_konkuk_subway": "30-45", "reach_min_konkuk_rail": 38, "reach_bucket_konkuk_rail": "30-45", "reach_min_hongik_subway": 16, "reach_bucket_hongik_subway": "10-20", "reach_min_hongik_rail": 16, "reach_bucket_hongik_rail": "10-20"}}, {"type": "Feature", "geometry": {"type": "Point", "coordinates": [126.85895, 37.49455]}, "properties": {"id": "kr_382", "name": "Gaebong", "district": "Guro-gu", "transit_stress_score": 0.5, "transit_stress_tier": "very-low", "walk_stress_score": 87.5, "walk_stress_tier": "very-low", "reach_min_seoul_station_subway": 24, "reach_bucket_seoul_station_subway": "20-30", "reach_min_seoul_station_rail": 24, "reach_bucket_seoul_station_rail": "20-30", "reach_min_city_hall_subway": 27, "reach_bucket_city_hall_subway": "20-30", "reach_min_city_hall_rail": 27, "reach_bucket_city_hall_rail": "20-30", "reach_min_gangnam_subway": 34, "reach_bucket_gangnam_subway": "30-45", "reach_min_gangnam_rail": 34, "reach_bucket_gangnam_rail": "30-45", "reach_min_wangsimni_subway": 38, "reach_bucket_wangsimni_subway": "30-45", "reach_min_wangsimni_rail": 38, "reach_bucket_wangsimni_rail": "30-45", "reach_min_sadang_subway": 29, "reach_bucket_sadang_subway": "20-30", "reach_min_sadang_rail": 29, "reach_bucket_sadang_rail": "20-30", "reach_min_jamsil_subway": 47, "reach_bucket_jamsil_subway": "45-60", "reach_min_jamsil_rail": 47, "reach_bucket_jamsil_rail": "45-60", "reach_min_konkuk_subway": 48, "reach_bucket_konkuk_subway": "45-60", "reach_min_konkuk_rail": 48, "reach_bucket_konkuk_rail": "45-60", "reach_min_hongik_subway": 21, "reach_bucket_hongik_subway": "20-30", "reach_min_hongik_rail": 21, "reach_bucket_hongik_rail": "20-30"}}, {"type": "Feature", "geometry": {"type": "Point", "coordinates": [126.86042, 37.49429]}, "properties": {"id": "kr_383", "name": "개봉", "district": "Guro-gu", "transit_stress_score": 0.5, "transit_stress_tier": "very-low", "walk_stress_score": 87.5, "walk_stress_tier": "very-low", "reach_min_seoul_station_subway": 24, "reach_bucket_seoul_station_subway": "20-30", "reach_min_seoul_station_rail": 24, "reach_bucket_seoul_station_rail": "20-30", "reach_min_city_hall_subway": 26, "reach_bucket_city_hall_subway": "20-30", "reach_min_city_hall_rail": 26, "reach_bucket_city_hall_rail": "20-30", "reach_min_gangnam_subway": 33, "reach_bucket_gangnam_subway": "30-45", "reach_min_gangnam_rail": 33, "reach_bucket_gangnam_rail": "30-45", "reach_min_wangsimni_subway": 38, "reach_bucket_wangsimni_subway": "30-45", "reach_min_wangsimni_rail": 38, "reach_bucket_wangsimni_rail": "30-45", "reach_min_sadang_subway": 29, "reach_bucket_sadang_subway": "20-30", "reach_min_sadang_rail": 29, "reach_bucket_sadang_rail": "20-30", "reach_min_jamsil_subway": 47, "reach_bucket_jamsil_subway": "45-60", "reach_min_jamsil_rail": 47, "reach_bucket_jamsil_rail": "45-60", "reach_min_konkuk_subway": 47, "reach_bucket_konkuk_subway": "45-60", "reach_min_konkuk_rail": 47, "reach_bucket_konkuk_rail": "45-60", "reach_min_hongik_subway": 20, "reach_bucket_hongik_subway": "20-30", "reach_min_hongik_rail": 20, "reach_bucket_hongik_rail": "20-30"}}, {"type": "Feature", "geometry": {"type": "Point", "coordinates": [126.81701, 37.56749]}, "properties": {"id": "kr_384", "name": "Sinbanghwa", "district": "Gangseo-gu", "transit_stress_score": 0.5, "transit_stress_tier": "very-low", "walk_stress_score": 87.5, "walk_stress_tier": "very-low", "reach_min_seoul_station_subway": 38, "reach_bucket_seoul_station_subway": "30-45", "reach_min_seoul_station_rail": 38, "reach_bucket_seoul_station_rail": "30-45", "reach_min_city_hall_subway": 36, "reach_bucket_city_hall_subway": "30-45", "reach_min_city_hall_rail": 36, "reach_bucket_city_hall_rail": "30-45", "reach_min_gangnam_subway": 43, "reach_bucket_gangnam_subway": "30-45", "reach_min_gangnam_rail": 43, "reach_bucket_gangnam_rail": "30-45", "reach_min_wangsimni_subway": 49, "reach_bucket_wangsimni_subway": "45-60", "reach_min_wangsimni_rail": 49, "reach_bucket_wangsimni_rail": "45-60", "reach_min_sadang_subway": 39, "reach_bucket_sadang_subway": "30-45", "reach_min_sadang_rail": 39, "reach_bucket_sadang_rail": "30-45", "reach_min_jamsil_subway": 56, "reach_bucket_jamsil_subway": "45-60", "reach_min_jamsil_rail": 56, "reach_bucket_jamsil_rail": "45-60", "reach_min_konkuk_subway": 58, "reach_bucket_konkuk_subway": "45-60", "reach_min_konkuk_rail": 58, "reach_bucket_konkuk_rail": "45-60", "reach_min_hongik_subway": 24, "reach_bucket_hongik_subway": "20-30", "reach_min_hongik_rail": 24, "reach_bucket_hongik_rail": "20-30"}}, {"type": "Feature", "geometry": {"type": "Point", "coordinates": [126.8646, 37.55121]}, "properties": {"id": "kr_385", "name": "Deungchon", "district": "Gangseo-gu", "transit_stress_score": 0.5, "transit_stress_tier": "very-low", "walk_stress_score": 87.5, "walk_stress_tier": "very-low", "reach_min_seoul_station_subway": 28, "reach_bucket_seoul_station_subway": "20-30", "reach_min_seoul_station_rail": 28, "reach_bucket_seoul_station_rail": "20-30", "reach_min_city_hall_subway": 26, "reach_bucket_city_hall_subway": "20-30", "reach_min_city_hall_rail": 26, "reach_bucket_city_hall_rail": "20-30", "reach_min_gangnam_subway": 34, "reach_bucket_gangnam_subway": "30-45", "reach_min_gangnam_rail": 34, "reach_bucket_gangnam_rail": "30-45", "reach_min_wangsimni_subway": 39, "reach_bucket_wangsimni_subway": "30-45", "reach_min_wangsimni_rail": 39, "reach_bucket_wangsimni_rail": "30-45", "reach_min_sadang_subway": 30, "reach_bucket_sadang_subway": "30-45", "reach_min_sadang_rail": 30, "reach_bucket_sadang_rail": "30-45", "reach_min_jamsil_subway": 47, "reach_bucket_jamsil_subway": "45-60", "reach_min_jamsil_rail": 47, "reach_bucket_jamsil_rail": "45-60", "reach_min_konkuk_subway": 49, "reach_bucket_konkuk_subway": "45-60", "reach_min_konkuk_rail": 49, "reach_bucket_konkuk_rail": "45-60", "reach_min_hongik_subway": 15, "reach_bucket_hongik_subway": "10-20", "reach_min_hongik_rail": 15, "reach_bucket_hongik_rail": "10-20"}}, {"type": "Feature", "geometry": {"type": "Point", "coordinates": [127.06239, 37.1101]}, "properties": {"id": "kr_386", "name": "Jinwi", "district": null, "transit_stress_score": 0.5, "transit_stress_tier": "very-low", "walk_stress_score": 100.0, "walk_stress_tier": "mid", "reach_min_seoul_station_subway": 107, "reach_bucket_seoul_station_subway": "90-120", "reach_min_seoul_station_rail": 107, "reach_bucket_seoul_station_rail": "90-120", "reach_min_city_hall_subway": 110, "reach_bucket_city_hall_subway": "90-120", "reach_min_city_hall_rail": 110, "reach_bucket_city_hall_rail": "90-120", "reach_min_gangnam_subway": 104, "reach_bucket_gangnam_subway": "90-120", "reach_min_gangnam_rail": 104, "reach_bucket_gangnam_rail": "90-120", "reach_min_wangsimni_subway": 120, "reach_bucket_wangsimni_subway": "120+", "reach_min_wangsimni_rail": 120, "reach_bucket_wangsimni_rail": "120+", "reach_min_sadang_subway": 93, "reach_bucket_sadang_subway": "90-120", "reach_min_sadang_rail": 93, "reach_bucket_sadang_rail": "90-120", "reach_min_jamsil_subway": 119, "reach_bucket_jamsil_subway": "90-120", "reach_min_jamsil_rail": 119, "reach_bucket_jamsil_rail": "90-120", "reach_min_konkuk_subway": 120, "reach_bucket_konkuk_subway": "120+", "reach_min_konkuk_rail": 120, "reach_bucket_konkuk_rail": "120+", "reach_min_hongik_subway": 108, "reach_bucket_hongik_subway": "90-120", "reach_min_hongik_rail": 108, "reach_bucket_hongik_rail": "90-120"}}, {"type": "Feature", "geometry": {"type": "Point", "coordinates": [126.8939, 37.5379]}, "properties": {"id": "kr_387", "name": "Seonyudo", "district": "Yeongdeungpo-gu", "transit_stress_score": 0.5, "transit_stress_tier": "very-low", "walk_stress_score": 100.0, "walk_stress_tier": "mid", "reach_min_seoul_station_subway": 22, "reach_bucket_seoul_station_subway": "20-30", "reach_min_seoul_station_rail": 22, "reach_bucket_seoul_station_rail": "20-30", "reach_min_city_hall_subway": 20, "reach_bucket_city_hall_subway": "20-30", "reach_min_city_hall_rail": 20, "reach_bucket_city_hall_rail": "20-30", "reach_min_gangnam_subway": 28, "reach_bucket_gangnam_subway": "20-30", "reach_min_gangnam_rail": 28, "reach_bucket_gangnam_rail": "20-30", "reach_min_wangsimni_subway": 33, "reach_bucket_wangsimni_subway": "30-45", "reach_min_wangsimni_rail": 33, "reach_bucket_wangsimni_rail": "30-45", "reach_min_sadang_subway": 24, "reach_bucket_sadang_subway": "20-30", "reach_min_sadang_rail": 24, "reach_bucket_sadang_rail": "20-30", "reach_min_jamsil_subway": 41, "reach_bucket_jamsil_subway": "30-45", "reach_min_jamsil_rail": 41, "reach_bucket_jamsil_rail": "30-45", "reach_min_konkuk_subway": 43, "reach_bucket_konkuk_subway": "30-45", "reach_min_konkuk_rail": 43, "reach_bucket_konkuk_rail": "30-45", "reach_min_hongik_subway": 9, "reach_bucket_hongik_subway": "<10", "reach_min_hongik_rail": 9, "reach_bucket_hongik_rail": "<10"}}, {"type": "Feature", "geometry": {"type": "Point", "coordinates": [127.04343, 37.18719]}, "properties": {"id": "kr_388", "name": "Sema", "district": null, "transit_stress_score": 0.5, "transit_stress_tier": "very-low", "walk_stress_score": 100.0, "walk_stress_tier": "mid", "reach_min_seoul_station_subway": 90, "reach_bucket_seoul_station_subway": "90-120", "reach_min_seoul_station_rail": 90, "reach_bucket_seoul_station_rail": "90-120", "reach_min_city_hall_subway": 93, "reach_bucket_city_hall_subway": "90-120", "reach_min_city_hall_rail": 93, "reach_bucket_city_hall_rail": "90-120", "reach_min_gangnam_subway": 87, "reach_bucket_gangnam_subway": "60-90", "reach_min_gangnam_rail": 87, "reach_bucket_gangnam_rail": "60-90", "reach_min_wangsimni_subway": 105, "reach_bucket_wangsimni_subway": "90-120", "reach_min_wangsimni_rail": 105, "reach_bucket_wangsimni_rail": "90-120", "reach_min_sadang_subway": 76, "reach_bucket_sadang_subway": "60-90", "reach_min_sadang_rail": 76, "reach_bucket_sadang_rail": "60-90", "reach_min_jamsil_subway": 102, "reach_bucket_jamsil_subway": "90-120", "reach_min_jamsil_rail": 102, "reach_bucket_jamsil_rail": "90-120", "reach_min_konkuk_subway": 113, "reach_bucket_konkuk_subway": "90-120", "reach_min_konkuk_rail": 113, "reach_bucket_konkuk_rail": "90-120", "reach_min_hongik_subway": 91, "reach_bucket_hongik_subway": "90-120", "reach_min_hongik_rail": 91, "reach_bucket_hongik_rail": "90-120"}}, {"type": "Feature", "geometry": {"type": "Point", "coordinates": [126.83749, 37.55845]}, "properties": {"id": "kr_389", "name": "Balsan", "district": "Gangseo-gu", "transit_stress_score": 0.4, "transit_stress_tier": "very-low", "walk_stress_score": 100.0, "walk_stress_tier": "mid", "reach_min_seoul_station_subway": 36, "reach_bucket_seoul_station_subway": "30-45", "reach_min_seoul_station_rail": 36, "reach_bucket_seoul_station_rail": "30-45", "reach_min_city_hall_subway": 39, "reach_bucket_city_hall_subway": "30-45", "reach_min_city_hall_rail": 39, "reach_bucket_city_hall_rail": "30-45", "reach_min_gangnam_subway": 45, "reach_bucket_gangnam_subway": "45-60", "reach_min_gangnam_rail": 45, "reach_bucket_gangnam_rail": "45-60", "reach_min_wangsimni_subway": 50, "reach_bucket_wangsimni_subway": "45-60", "reach_min_wangsimni_rail": 50, "reach_bucket_wangsimni_rail": "45-60", "reach_min_sadang_subway": 41, "reach_bucket_sadang_subway": "30-45", "reach_min_sadang_rail": 41, "reach_bucket_sadang_rail": "30-45", "reach_min_jamsil_subway": 58, "reach_bucket_jamsil_subway": "45-60", "reach_min_jamsil_rail": 58, "reach_bucket_jamsil_rail": "45-60", "reach_min_konkuk_subway": 60, "reach_bucket_konkuk_subway": "60-90", "reach_min_konkuk_rail": 60, "reach_bucket_konkuk_rail": "60-90", "reach_min_hongik_subway": 33, "reach_bucket_hongik_subway": "30-45", "reach_min_hongik_rail": 33, "reach_bucket_hongik_rail": "30-45"}}, {"type": "Feature", "geometry": {"type": "Point", "coordinates": [126.9171, 37.61104]}, "properties": {"id": "kr_390", "name": "구산", "district": "Eunpyeong-gu", "transit_stress_score": 0.4, "transit_stress_tier": "very-low", "walk_stress_score": 87.5, "walk_stress_tier": "very-low", "reach_min_seoul_station_subway": 30, "reach_bucket_seoul_station_subway": "30-45", "reach_min_seoul_station_rail": 30, "reach_bucket_seoul_station_rail": "30-45", "reach_min_city_hall_subway": 27, "reach_bucket_city_hall_subway": "20-30", "reach_min_city_hall_rail": 27, "reach_bucket_city_hall_rail": "20-30", "reach_min_gangnam_subway": 47, "reach_bucket_gangnam_subway": "45-60", "reach_min_gangnam_rail": 47, "reach_bucket_gangnam_rail": "45-60", "reach_min_wangsimni_subway": 33, "reach_bucket_wangsimni_subway": "30-45", "reach_min_wangsimni_rail": 33, "reach_bucket_wangsimni_rail": "30-45", "reach_min_sadang_subway": 46, "reach_bucket_sadang_subway": "45-60", "reach_min_sadang_rail": 46, "reach_bucket_sadang_rail": "45-60", "reach_min_jamsil_subway": 54, "reach_bucket_jamsil_subway": "45-60", "reach_min_jamsil_rail": 54, "reach_bucket_jamsil_rail": "45-60", "reach_min_konkuk_subway": 42, "reach_bucket_konkuk_subway": "30-45", "reach_min_konkuk_rail": 42, "reach_bucket_konkuk_rail": "30-45", "reach_min_hongik_subway": 38, "reach_bucket_hongik_subway": "30-45", "reach_min_hongik_rail": 38, "reach_bucket_hongik_rail": "30-45"}}, {"type": "Feature", "geometry": {"type": "Point", "coordinates": [126.82474, 37.56025]}, "properties": {"id": "kr_391", "name": "Magok", "district": "Gangseo-gu", "transit_stress_score": 0.4, "transit_stress_tier": "very-low", "walk_stress_score": 87.5, "walk_stress_tier": "very-low", "reach_min_seoul_station_subway": 38, "reach_bucket_seoul_station_subway": "30-45", "reach_min_seoul_station_rail": 38, "reach_bucket_seoul_station_rail": "30-45", "reach_min_city_hall_subway": 41, "reach_bucket_city_hall_subway": "30-45", "reach_min_city_hall_rail": 41, "reach_bucket_city_hall_rail": "30-45", "reach_min_gangnam_subway": 48, "reach_bucket_gangnam_subway": "45-60", "reach_min_gangnam_rail": 48, "reach_bucket_gangnam_rail": "45-60", "reach_min_wangsimni_subway": 53, "reach_bucket_wangsimni_subway": "45-60", "reach_min_wangsimni_rail": 53, "reach_bucket_wangsimni_rail": "45-60", "reach_min_sadang_subway": 44, "reach_bucket_sadang_subway": "30-45", "reach_min_sadang_rail": 44, "reach_bucket_sadang_rail": "30-45", "reach_min_jamsil_subway": 61, "reach_bucket_jamsil_subway": "60-90", "reach_min_jamsil_rail": 61, "reach_bucket_jamsil_rail": "60-90", "reach_min_konkuk_subway": 62, "reach_bucket_konkuk_subway": "60-90", "reach_min_konkuk_rail": 62, "reach_bucket_konkuk_rail": "60-90", "reach_min_hongik_subway": 32, "reach_bucket_hongik_subway": "30-45", "reach_min_hongik_rail": 32, "reach_bucket_hongik_rail": "30-45"}}, {"type": "Feature", "geometry": {"type": "Point", "coordinates": [126.90225, 37.43539]}, "properties": {"id": "kr_392", "name": "Seoksu", "district": null, "transit_stress_score": 0.4, "transit_stress_tier": "very-low", "walk_stress_score": 100.0, "walk_stress_tier": "mid", "reach_min_seoul_station_subway": 31, "reach_bucket_seoul_station_subway": "30-45", "reach_min_seoul_station_rail": 31, "reach_bucket_seoul_station_rail": "30-45", "reach_min_city_hall_subway": 34, "reach_bucket_city_hall_subway": "30-45", "reach_min_city_hall_rail": 34, "reach_bucket_city_hall_rail": "30-45", "reach_min_gangnam_subway": 41, "reach_bucket_gangnam_subway": "30-45", "reach_min_gangnam_rail": 41, "reach_bucket_gangnam_rail": "30-45", "reach_min_wangsimni_subway": 46, "reach_bucket_wangsimni_subway": "45-60", "reach_min_wangsimni_rail": 46, "reach_bucket_wangsimni_rail": "45-60", "reach_min_sadang_subway": 37, "reach_bucket_sadang_subway": "30-45", "reach_min_sadang_rail": 37, "reach_bucket_sadang_rail": "30-45", "reach_min_jamsil_subway": 54, "reach_bucket_jamsil_subway": "45-60", "reach_min_jamsil_rail": 54, "reach_bucket_jamsil_rail": "45-60", "reach_min_konkuk_subway": 55, "reach_bucket_konkuk_subway": "45-60", "reach_min_konkuk_rail": 55, "reach_bucket_konkuk_rail": "45-60", "reach_min_hongik_subway": 32, "reach_bucket_hongik_subway": "30-45", "reach_min_hongik_rail": 32, "reach_bucket_hongik_rail": "30-45"}}, {"type": "Feature", "geometry": {"type": "Point", "coordinates": [127.05887, 37.63299]}, "properties": {"id": "kr_393", "name": "Wolgye (Induk University)", "district": "Nowon-gu", "transit_stress_score": 0.4, "transit_stress_tier": "very-low", "walk_stress_score": 100.0, "walk_stress_tier": "mid", "reach_min_seoul_station_subway": 33, "reach_bucket_seoul_station_subway": "30-45", "reach_min_seoul_station_rail": 33, "reach_bucket_seoul_station_rail": "30-45", "reach_min_city_hall_subway": 31, "reach_bucket_city_hall_subway": "30-45", "reach_min_city_hall_rail": 31, "reach_bucket_city_hall_rail": "30-45", "reach_min_gangnam_subway": 45, "reach_bucket_gangnam_subway": "45-60", "reach_min_gangnam_rail": 45, "reach_bucket_gangnam_rail": "45-60", "reach_min_wangsimni_subway": 31, "reach_bucket_wangsimni_subway": "30-45", "reach_min_wangsimni_rail": 31, "reach_bucket_wangsimni_rail": "30-45", "reach_min_sadang_subway": 53, "reach_bucket_sadang_subway": "45-60", "reach_min_sadang_rail": 53, "reach_bucket_sadang_rail": "45-60", "reach_min_jamsil_subway": 45, "reach_bucket_jamsil_subway": "45-60", "reach_min_jamsil_rail": 45, "reach_bucket_jamsil_rail": "45-60", "reach_min_konkuk_subway": 33, "reach_bucket_konkuk_subway": "30-45", "reach_min_konkuk_rail": 33, "reach_bucket_konkuk_rail": "30-45", "reach_min_hongik_subway": 42, "reach_bucket_hongik_subway": "30-45", "reach_min_hongik_rail": 42, "reach_bucket_hongik_rail": "30-45"}}, {"type": "Feature", "geometry": {"type": "Point", "coordinates": [127.08721, 37.50453]}, "properties": {"id": "kr_394", "name": "삼전", "district": "Songpa-gu", "transit_stress_score": 0.4, "transit_stress_tier": "very-low", "walk_stress_score": 100.0, "walk_stress_tier": "mid", "reach_min_seoul_station_subway": 35, "reach_bucket_seoul_station_subway": "30-45", "reach_min_seoul_station_rail": 35, "reach_bucket_seoul_station_rail": "30-45", "reach_min_city_hall_subway": 37, "reach_bucket_city_hall_subway": "30-45", "reach_min_city_hall_rail": 37, "reach_bucket_city_hall_rail": "30-45", "reach_min_gangnam_subway": 13, "reach_bucket_gangnam_subway": "10-20", "reach_min_gangnam_rail": 13, "reach_bucket_gangnam_rail": "10-20", "reach_min_wangsimni_subway": 28, "reach_bucket_wangsimni_subway": "20-30", "reach_min_wangsimni_rail": 28, "reach_bucket_wangsimni_rail": "20-30", "reach_min_sadang_subway": 24, "reach_bucket_sadang_subway": "20-30", "reach_min_sadang_rail": 24, "reach_bucket_sadang_rail": "20-30", "reach_min_jamsil_subway": 8, "reach_bucket_jamsil_subway": "<10", "reach_min_jamsil_rail": 8, "reach_bucket_jamsil_rail": "<10", "reach_min_konkuk_subway": 19, "reach_bucket_konkuk_subway": "10-20", "reach_min_konkuk_rail": 19, "reach_bucket_konkuk_rail": "10-20", "reach_min_hongik_subway": 43, "reach_bucket_hongik_subway": "30-45", "reach_min_hongik_rail": 43, "reach_bucket_hongik_rail": "30-45"}}, {"type": "Feature", "geometry": {"type": "Point", "coordinates": [127.04432, 37.66749]}, "properties": {"id": "kr_395", "name": "Banghak (Dobong-gu Office)", "district": "Dobong-gu", "transit_stress_score": 0.4, "transit_stress_tier": "very-low", "walk_stress_score": 100.0, "walk_stress_tier": "mid", "reach_min_seoul_station_subway": 41, "reach_bucket_seoul_station_subway": "30-45", "reach_min_seoul_station_rail": 41, "reach_bucket_seoul_station_rail": "30-45", "reach_min_city_hall_subway": 39, "reach_bucket_city_hall_subway": "30-45", "reach_min_city_hall_rail": 39, "reach_bucket_city_hall_rail": "30-45", "reach_min_gangnam_subway": 53, "reach_bucket_gangnam_subway": "45-60", "reach_min_gangnam_rail": 53, "reach_bucket_gangnam_rail": "45-60", "reach_min_wangsimni_subway": 39, "reach_bucket_wangsimni_subway": "30-45", "reach_min_wangsimni_rail": 39, "reach_bucket_wangsimni_rail": "30-45", "reach_min_sadang_subway": 61, "reach_bucket_sadang_subway": "60-90", "reach_min_sadang_rail": 61, "reach_bucket_sadang_rail": "60-90", "reach_min_jamsil_subway": 52, "reach_bucket_jamsil_subway": "45-60", "reach_min_jamsil_rail": 52, "reach_bucket_jamsil_rail": "45-60", "reach_min_konkuk_subway": 41, "reach_bucket_konkuk_subway": "30-45", "reach_min_konkuk_rail": 41, "reach_bucket_konkuk_rail": "30-45", "reach_min_hongik_subway": 50, "reach_bucket_hongik_subway": "45-60", "reach_min_hongik_rail": 50, "reach_bucket_hongik_rail": "45-60"}}, {"type": "Feature", "geometry": {"type": "Point", "coordinates": [127.11281, 37.51127]}, "properties": {"id": "kr_396", "name": "송파나루", "district": "Songpa-gu", "transit_stress_score": 0.4, "transit_stress_tier": "very-low", "walk_stress_score": 75.0, "walk_stress_tier": "very-low", "reach_min_seoul_station_subway": 40, "reach_bucket_seoul_station_subway": "30-45", "reach_min_seoul_station_rail": 40, "reach_bucket_seoul_station_rail": "30-45", "reach_min_city_hall_subway": 42, "reach_bucket_city_hall_subway": "30-45", "reach_min_city_hall_rail": 42, "reach_bucket_city_hall_rail": "30-45", "reach_min_gangnam_subway": 18, "reach_bucket_gangnam_subway": "10-20", "reach_min_gangnam_rail": 18, "reach_bucket_gangnam_rail": "10-20", "reach_min_wangsimni_subway": 31, "reach_bucket_wangsimni_subway": "30-45", "reach_min_wangsimni_rail": 31, "reach_bucket_wangsimni_rail": "30-45", "reach_min_sadang_subway": 29, "reach_bucket_sadang_subway": "20-30", "reach_min_sadang_rail": 29, "reach_bucket_sadang_rail": "20-30", "reach_min_jamsil_subway": 13, "reach_bucket_jamsil_subway": "10-20", "reach_min_jamsil_rail": 13, "reach_bucket_jamsil_rail": "10-20", "reach_min_konkuk_subway": 24, "reach_bucket_konkuk_subway": "20-30", "reach_min_konkuk_rail": 24, "reach_bucket_konkuk_rail": "20-30", "reach_min_hongik_subway": 48, "reach_bucket_hongik_subway": "45-60", "reach_min_hongik_rail": 48, "reach_bucket_hongik_rail": "45-60"}}, {"type": "Feature", "geometry": {"type": "Point", "coordinates": [126.96444, 37.52946]}, "properties": {"id": "kr_397", "name": "Yongsan", "district": "Yongsan-gu", "transit_stress_score": 0.4, "transit_stress_tier": "very-low", "walk_stress_score": 87.5, "walk_stress_tier": "very-low", "reach_min_seoul_station_subway": 6, "reach_bucket_seoul_station_subway": "<10", "reach_min_seoul_station_rail": 6, "reach_bucket_seoul_station_rail": "<10", "reach_min_city_hall_subway": 9, "reach_bucket_city_hall_subway": "<10", "reach_min_city_hall_rail": 9, "reach_bucket_city_hall_rail": "<10", "reach_min_gangnam_subway": 22, "reach_bucket_gangnam_subway": "20-30", "reach_min_gangnam_rail": 22, "reach_bucket_gangnam_rail": "20-30", "reach_min_wangsimni_subway": 21, "reach_bucket_wangsimni_subway": "20-30", "reach_min_wangsimni_rail": 21, "reach_bucket_wangsimni_rail": "20-30", "reach_min_sadang_subway": 19, "reach_bucket_sadang_subway": "10-20", "reach_min_sadang_rail": 19, "reach_bucket_sadang_rail": "10-20", "reach_min_jamsil_subway": 36, "reach_bucket_jamsil_subway": "30-45", "reach_min_jamsil_rail": 36, "reach_bucket_jamsil_rail": "30-45", "reach_min_konkuk_subway": 30, "reach_bucket_konkuk_subway": "30-45", "reach_min_konkuk_rail": 30, "reach_bucket_konkuk_rail": "30-45", "reach_min_hongik_subway": 20, "reach_bucket_hongik_subway": "20-30", "reach_min_hongik_rail": 20, "reach_bucket_hongik_rail": "20-30"}}, {"type": "Feature", "geometry": {"type": "Point", "coordinates": [126.97133, 37.54055]}, "properties": {"id": "kr_398", "name": "Namyeong", "district": "Yongsan-gu", "transit_stress_score": 0.3, "transit_stress_tier": "very-low", "walk_stress_score": 75.0, "walk_stress_tier": "very-low", "reach_min_seoul_station_subway": 3, "reach_bucket_seoul_station_subway": "<10", "reach_min_seoul_station_rail": 3, "reach_bucket_seoul_station_rail": "<10", "reach_min_city_hall_subway": 6, "reach_bucket_city_hall_subway": "<10", "reach_min_city_hall_rail": 6, "reach_bucket_city_hall_rail": "<10", "reach_min_gangnam_subway": 25, "reach_bucket_gangnam_subway": "20-30", "reach_min_gangnam_rail": 25, "reach_bucket_gangnam_rail": "20-30", "reach_min_wangsimni_subway": 18, "reach_bucket_wangsimni_subway": "10-20", "reach_min_wangsimni_rail": 18, "reach_bucket_wangsimni_rail": "10-20", "reach_min_sadang_subway": 22, "reach_bucket_sadang_subway": "20-30", "reach_min_sadang_rail": 22, "reach_bucket_sadang_rail": "20-30", "reach_min_jamsil_subway": 38, "reach_bucket_jamsil_subway": "30-45", "reach_min_jamsil_rail": 38, "reach_bucket_jamsil_rail": "30-45", "reach_min_konkuk_subway": 27, "reach_bucket_konkuk_subway": "20-30", "reach_min_konkuk_rail": 27, "reach_bucket_konkuk_rail": "20-30", "reach_min_hongik_subway": 17, "reach_bucket_hongik_subway": "10-20", "reach_min_hongik_rail": 17, "reach_bucket_hongik_rail": "10-20"}}, {"type": "Feature", "geometry": {"type": "Point", "coordinates": [126.95358, 37.51297]}, "properties": {"id": "kr_399", "name": "Nodeul", "district": "Dongjak-gu", "transit_stress_score": 0.3, "transit_stress_tier": "very-low", "walk_stress_score": 100.0, "walk_stress_tier": "mid", "reach_min_seoul_station_subway": 14, "reach_bucket_seoul_station_subway": "10-20", "reach_min_seoul_station_rail": 14, "reach_bucket_seoul_station_rail": "10-20", "reach_min_city_hall_subway": 17, "reach_bucket_city_hall_subway": "10-20", "reach_min_city_hall_rail": 17, "reach_bucket_city_hall_rail": "10-20", "reach_min_gangnam_subway": 16, "reach_bucket_gangnam_subway": "10-20", "reach_min_gangnam_rail": 16, "reach_bucket_gangnam_rail": "10-20", "reach_min_wangsimni_subway": 29, "reach_bucket_wangsimni_subway": "20-30", "reach_min_wangsimni_rail": 29, "reach_bucket_wangsimni_rail": "20-30", "reach_min_sadang_subway": 12, "reach_bucket_sadang_subway": "10-20", "reach_min_sadang_rail": 12, "reach_bucket_sadang_rail": "10-20", "reach_min_jamsil_subway": 29, "reach_bucket_jamsil_subway": "20-30", "reach_min_jamsil_rail": 29, "reach_bucket_jamsil_rail": "20-30", "reach_min_konkuk_subway": 38, "reach_bucket_konkuk_subway": "30-45", "reach_min_konkuk_rail": 38, "reach_bucket_konkuk_rail": "30-45", "reach_min_hongik_subway": 18, "reach_bucket_hongik_subway": "10-20", "reach_min_hongik_rail": 18, "reach_bucket_hongik_rail": "10-20"}}, {"type": "Feature", "geometry": {"type": "Point", "coordinates": [126.98678, 37.50129]}, "properties": {"id": "kr_400", "name": "Gubanpo", "district": "Seocho-gu", "transit_stress_score": 0.3, "transit_stress_tier": "very-low", "walk_stress_score": 87.5, "walk_stress_tier": "very-low", "reach_min_seoul_station_subway": 15, "reach_bucket_seoul_station_subway": "10-20", "reach_min_seoul_station_rail": 15, "reach_bucket_seoul_station_rail": "10-20", "reach_min_city_hall_subway": 18, "reach_bucket_city_hall_subway": "10-20", "reach_min_city_hall_rail": 18, "reach_bucket_city_hall_rail": "10-20", "reach_min_gangnam_subway": 10, "reach_bucket_gangnam_subway": "10-20", "reach_min_gangnam_rail": 10, "reach_bucket_gangnam_rail": "10-20", "reach_min_wangsimni_subway": 27, "reach_bucket_wangsimni_subway": "20-30", "reach_min_wangsimni_rail": 27, "reach_bucket_wangsimni_rail": "20-30", "reach_min_sadang_subway": 8, "reach_bucket_sadang_subway": "<10", "reach_min_sadang_rail": 8, "reach_bucket_sadang_rail": "<10", "reach_min_jamsil_subway": 23, "reach_bucket_jamsil_subway": "20-30", "reach_min_jamsil_rail": 23, "reach_bucket_jamsil_rail": "20-30", "reach_min_konkuk_subway": 34, "reach_bucket_konkuk_subway": "30-45", "reach_min_konkuk_rail": 34, "reach_bucket_konkuk_rail": "30-45", "reach_min_hongik_subway": 24, "reach_bucket_hongik_subway": "20-30", "reach_min_hongik_rail": 24, "reach_bucket_hongik_rail": "20-30"}}, {"type": "Feature", "geometry": {"type": "Point", "coordinates": [126.85595, 37.52504]}, "properties": {"id": "kr_401", "name": "Sinjeong", "district": "Yangcheon-gu", "transit_stress_score": 0.2, "transit_stress_tier": "very-low", "walk_stress_score": 75.0, "walk_stress_tier": "very-low", "reach_min_seoul_station_subway": 29, "reach_bucket_seoul_station_subway": "20-30", "reach_min_seoul_station_rail": 29, "reach_bucket_seoul_station_rail": "20-30", "reach_min_city_hall_subway": 32, "reach_bucket_city_hall_subway": "30-45", "reach_min_city_hall_rail": 32, "reach_bucket_city_hall_rail": "30-45", "reach_min_gangnam_subway": 35, "reach_bucket_gangnam_subway": "30-45", "reach_min_gangnam_rail": 35, "reach_bucket_gangnam_rail": "30-45", "reach_min_wangsimni_subway": 44, "reach_bucket_wangsimni_subway": "30-45", "reach_min_wangsimni_rail": 44, "reach_bucket_wangsimni_rail": "30-45", "reach_min_sadang_subway": 32, "reach_bucket_sadang_subway": "30-45", "reach_min_sadang_rail": 32, "reach_bucket_sadang_rail": "30-45", "reach_min_jamsil_subway": 49, "reach_bucket_jamsil_subway": "45-60", "reach_min_jamsil_rail": 49, "reach_bucket_jamsil_rail": "45-60", "reach_min_konkuk_subway": 53, "reach_bucket_konkuk_subway": "45-60", "reach_min_konkuk_rail": 53, "reach_bucket_konkuk_rail": "45-60", "reach_min_hongik_subway": 27, "reach_bucket_hongik_subway": "20-30", "reach_min_hongik_rail": 27, "reach_bucket_hongik_rail": "20-30"}}, {"type": "Feature", "geometry": {"type": "Point", "coordinates": [127.00814, 37.56585]}, "properties": {"id": "kr_402", "name": "Dongdaemun History & Culture Park Station", "district": "Jung-gu", "transit_stress_score": 0.2, "transit_stress_tier": "very-low", "walk_stress_score": 12.5, "walk_stress_tier": "very-low", "reach_min_seoul_station_subway": 10, "reach_bucket_seoul_station_subway": "10-20", "reach_min_seoul_station_rail": 10, "reach_bucket_seoul_station_rail": "10-20", "reach_min_city_hall_subway": 7, "reach_bucket_city_hall_subway": "<10", "reach_min_city_hall_rail": 7, "reach_bucket_city_hall_rail": "<10", "reach_min_gangnam_subway": 24, "reach_bucket_gangnam_subway": "20-30", "reach_min_gangnam_rail": 24, "reach_bucket_gangnam_rail": "20-30", "reach_min_wangsimni_subway": 6, "reach_bucket_wangsimni_subway": "<10", "reach_min_wangsimni_rail": 6, "reach_bucket_wangsimni_rail": "<10", "reach_min_sadang_subway": 30, "reach_bucket_sadang_subway": "30-45", "reach_min_sadang_rail": 30, "reach_bucket_sadang_rail": "30-45", "reach_min_jamsil_subway": 26, "reach_bucket_jamsil_subway": "20-30", "reach_min_jamsil_rail": 26, "reach_bucket_jamsil_rail": "20-30", "reach_min_konkuk_subway": 15, "reach_bucket_konkuk_subway": "10-20", "reach_min_konkuk_rail": 15, "reach_bucket_konkuk_rail": "10-20", "reach_min_hongik_subway": 18, "reach_bucket_hongik_subway": "10-20", "reach_min_hongik_rail": 18, "reach_bucket_hongik_rail": "10-20"}}, {"type": "Feature", "geometry": {"type": "Point", "coordinates": [126.99642, 37.5036]}, "properties": {"id": "kr_403", "name": "Sinbanpo", "district": "Seocho-gu", "transit_stress_score": 0.2, "transit_stress_tier": "very-low", "walk_stress_score": 87.5, "walk_stress_tier": "very-low", "reach_min_seoul_station_subway": 17, "reach_bucket_seoul_station_subway": "10-20", "reach_min_seoul_station_rail": 17, "reach_bucket_seoul_station_rail": "10-20", "reach_min_city_hall_subway": 20, "reach_bucket_city_hall_subway": "20-30", "reach_min_city_hall_rail": 20, "reach_bucket_city_hall_rail": "20-30", "reach_min_gangnam_subway": 7, "reach_bucket_gangnam_subway": "<10", "reach_min_gangnam_rail": 7, "reach_bucket_gangnam_rail": "<10", "reach_min_wangsimni_subway": 25, "reach_bucket_wangsimni_subway": "20-30", "reach_min_wangsimni_rail": 25, "reach_bucket_wangsimni_rail": "20-30", "reach_min_sadang_subway": 10, "reach_bucket_sadang_subway": "10-20", "reach_min_sadang_rail": 10, "reach_bucket_sadang_rail": "10-20", "reach_min_jamsil_subway": 21, "reach_bucket_jamsil_subway": "20-30", "reach_min_jamsil_rail": 21, "reach_bucket_jamsil_rail": "20-30", "reach_min_konkuk_subway": 32, "reach_bucket_konkuk_subway": "30-45", "reach_min_konkuk_rail": 32, "reach_bucket_konkuk_rail": "30-45", "reach_min_hongik_subway": 26, "reach_bucket_hongik_subway": "20-30", "reach_min_hongik_rail": 26, "reach_bucket_hongik_rail": "20-30"}}, {"type": "Feature", "geometry": {"type": "Point", "coordinates": [126.96395, 37.50838]}, "properties": {"id": "kr_404", "name": "Heukseok", "district": "Dongjak-gu", "transit_stress_score": 0.2, "transit_stress_tier": "very-low", "walk_stress_score": 100.0, "walk_stress_tier": "mid", "reach_min_seoul_station_subway": 16, "reach_bucket_seoul_station_subway": "10-20", "reach_min_seoul_station_rail": 16, "reach_bucket_seoul_station_rail": "10-20", "reach_min_city_hall_subway": 19, "reach_bucket_city_hall_subway": "10-20", "reach_min_city_hall_rail": 19, "reach_bucket_city_hall_rail": "10-20", "reach_min_gangnam_subway": 13, "reach_bucket_gangnam_subway": "10-20", "reach_min_gangnam_rail": 13, "reach_bucket_gangnam_rail": "10-20", "reach_min_wangsimni_subway": 30, "reach_bucket_wangsimni_subway": "30-45", "reach_min_wangsimni_rail": 30, "reach_bucket_wangsimni_rail": "30-45", "reach_min_sadang_subway": 10, "reach_bucket_sadang_subway": "10-20", "reach_min_sadang_rail": 10, "reach_bucket_sadang_rail": "10-20", "reach_min_jamsil_subway": 27, "reach_bucket_jamsil_subway": "20-30", "reach_min_jamsil_rail": 27, "reach_bucket_jamsil_rail": "20-30", "reach_min_konkuk_subway": 38, "reach_bucket_konkuk_subway": "30-45", "reach_min_konkuk_rail": 38, "reach_bucket_konkuk_rail": "30-45", "reach_min_hongik_subway": 20, "reach_bucket_hongik_subway": "20-30", "reach_min_hongik_rail": 20, "reach_bucket_hongik_rail": "20-30"}}, {"type": "Feature", "geometry": {"type": "Point", "coordinates": [126.86451, 37.52612]}, "properties": {"id": "kr_405", "name": "Mok-dong", "district": "Yangcheon-gu", "transit_stress_score": 0.1, "transit_stress_tier": "very-low", "walk_stress_score": 87.5, "walk_stress_tier": "very-low", "reach_min_seoul_station_subway": 27, "reach_bucket_seoul_station_subway": "20-30", "reach_min_seoul_station_rail": 27, "reach_bucket_seoul_station_rail": "20-30", "reach_min_city_hall_subway": 30, "reach_bucket_city_hall_subway": "30-45", "reach_min_city_hall_rail": 30, "reach_bucket_city_hall_rail": "30-45", "reach_min_gangnam_subway": 34, "reach_bucket_gangnam_subway": "30-45", "reach_min_gangnam_rail": 34, "reach_bucket_gangnam_rail": "30-45", "reach_min_wangsimni_subway": 42, "reach_bucket_wangsimni_subway": "30-45", "reach_min_wangsimni_rail": 42, "reach_bucket_wangsimni_rail": "30-45", "reach_min_sadang_subway": 30, "reach_bucket_sadang_subway": "30-45", "reach_min_sadang_rail": 30, "reach_bucket_sadang_rail": "30-45", "reach_min_jamsil_subway": 47, "reach_bucket_jamsil_subway": "45-60", "reach_min_jamsil_rail": 47, "reach_bucket_jamsil_rail": "45-60", "reach_min_konkuk_subway": 51, "reach_bucket_konkuk_subway": "45-60", "reach_min_konkuk_rail": 51, "reach_bucket_konkuk_rail": "45-60", "reach_min_hongik_subway": 25, "reach_bucket_hongik_subway": "20-30", "reach_min_hongik_rail": 25, "reach_bucket_hongik_rail": "20-30"}}, {"type": "Feature", "geometry": {"type": "Point", "coordinates": [127.12383, 37.49531]}, "properties": {"id": "kr_406", "name": "Nat'l Police Hospital", "district": "Songpa-gu", "transit_stress_score": 0.1, "transit_stress_tier": "very-low", "walk_stress_score": 75.0, "walk_stress_tier": "very-low", "reach_min_seoul_station_subway": 43, "reach_bucket_seoul_station_subway": "30-45", "reach_min_seoul_station_rail": 43, "reach_bucket_seoul_station_rail": "30-45", "reach_min_city_hall_subway": 45, "reach_bucket_city_hall_subway": "45-60", "reach_min_city_hall_rail": 45, "reach_bucket_city_hall_rail": "45-60", "reach_min_gangnam_subway": 22, "reach_bucket_gangnam_subway": "20-30", "reach_min_gangnam_rail": 22, "reach_bucket_gangnam_rail": "20-30", "reach_min_wangsimni_subway": 33, "reach_bucket_wangsimni_subway": "30-45", "reach_min_wangsimni_rail": 33, "reach_bucket_wangsimni_rail": "30-45", "reach_min_sadang_subway": 32, "reach_bucket_sadang_subway": "30-45", "reach_min_sadang_rail": 32, "reach_bucket_sadang_rail": "30-45", "reach_min_jamsil_subway": 16, "reach_bucket_jamsil_subway": "10-20", "reach_min_jamsil_rail": 16, "reach_bucket_jamsil_rail": "10-20", "reach_min_konkuk_subway": 28, "reach_bucket_konkuk_subway": "20-30", "reach_min_konkuk_rail": 28, "reach_bucket_konkuk_rail": "20-30", "reach_min_hongik_subway": 52, "reach_bucket_hongik_subway": "45-60", "reach_min_hongik_rail": 52, "reach_bucket_hongik_rail": "45-60"}}, {"type": "Feature", "geometry": {"type": "Point", "coordinates": [127.12378, 37.49535]}, "properties": {"id": "kr_407", "name": "경찰병원", "district": "Songpa-gu", "transit_stress_score": 0.1, "transit_stress_tier": "very-low", "walk_stress_score": 75.0, "walk_stress_tier": "very-low", "reach_min_seoul_station_subway": 43, "reach_bucket_seoul_station_subway": "30-45", "reach_min_seoul_station_rail": 43, "reach_bucket_seoul_station_rail": "30-45", "reach_min_city_hall_subway": 45, "reach_bucket_city_hall_subway": "45-60", "reach_min_city_hall_rail": 45, "reach_bucket_city_hall_rail": "45-60", "reach_min_gangnam_subway": 22, "reach_bucket_gangnam_subway": "20-30", "reach_min_gangnam_rail": 22, "reach_bucket_gangnam_rail": "20-30", "reach_min_wangsimni_subway": 33, "reach_bucket_wangsimni_subway": "30-45", "reach_min_wangsimni_rail": 33, "reach_bucket_wangsimni_rail": "30-45", "reach_min_sadang_subway": 32, "reach_bucket_sadang_subway": "30-45", "reach_min_sadang_rail": 32, "reach_bucket_sadang_rail": "30-45", "reach_min_jamsil_subway": 16, "reach_bucket_jamsil_subway": "10-20", "reach_min_jamsil_rail": 16, "reach_bucket_jamsil_rail": "10-20", "reach_min_konkuk_subway": 28, "reach_bucket_konkuk_subway": "20-30", "reach_min_konkuk_rail": 28, "reach_bucket_konkuk_rail": "20-30", "reach_min_hongik_subway": 52, "reach_bucket_hongik_subway": "45-60", "reach_min_hongik_rail": 52, "reach_bucket_hongik_rail": "45-60"}}, {"type": "Feature", "geometry": {"type": "Point", "coordinates": [127.09657, 37.50244]}, "properties": {"id": "kr_408", "name": "석촌고분", "district": "Songpa-gu", "transit_stress_score": 0.1, "transit_stress_tier": "very-low", "walk_stress_score": 100.0, "walk_stress_tier": "mid", "reach_min_seoul_station_subway": 37, "reach_bucket_seoul_station_subway": "30-45", "reach_min_seoul_station_rail": 37, "reach_bucket_seoul_station_rail": "30-45", "reach_min_city_hall_subway": 39, "reach_bucket_city_hall_subway": "30-45", "reach_min_city_hall_rail": 39, "reach_bucket_city_hall_rail": "30-45", "reach_min_gangnam_subway": 15, "reach_bucket_gangnam_subway": "10-20", "reach_min_gangnam_rail": 15, "reach_bucket_gangnam_rail": "10-20", "reach_min_wangsimni_subway": 30, "reach_bucket_wangsimni_subway": "30-45", "reach_min_wangsimni_rail": 30, "reach_bucket_wangsimni_rail": "30-45", "reach_min_sadang_subway": 26, "reach_bucket_sadang_subway": "20-30", "reach_min_sadang_rail": 26, "reach_bucket_sadang_rail": "20-30", "reach_min_jamsil_subway": 10, "reach_bucket_jamsil_subway": "10-20", "reach_min_jamsil_rail": 10, "reach_bucket_jamsil_rail": "10-20", "reach_min_konkuk_subway": 21, "reach_bucket_konkuk_subway": "20-30", "reach_min_konkuk_rail": 21, "reach_bucket_konkuk_rail": "20-30", "reach_min_hongik_subway": 45, "reach_bucket_hongik_subway": "45-60", "reach_min_hongik_rail": 45, "reach_bucket_hongik_rail": "45-60"}}, {"type": "Feature", "geometry": {"type": "Point", "coordinates": [126.93306, 37.61845]}, "properties": {"id": "kr_409", "name": "독바위", "district": "Eunpyeong-gu", "transit_stress_score": 0.1, "transit_stress_tier": "very-low", "walk_stress_score": 100.0, "walk_stress_tier": "mid", "reach_min_seoul_station_subway": 27, "reach_bucket_seoul_station_subway": "20-30", "reach_min_seoul_station_rail": 27, "reach_bucket_seoul_station_rail": "20-30", "reach_min_city_hall_subway": 24, "reach_bucket_city_hall_subway": "20-30", "reach_min_city_hall_rail": 24, "reach_bucket_city_hall_rail": "20-30", "reach_min_gangnam_subway": 44, "reach_bucket_gangnam_subway": "30-45", "reach_min_gangnam_rail": 44, "reach_bucket_gangnam_rail": "30-45", "reach_min_wangsimni_subway": 30, "reach_bucket_wangsimni_subway": "30-45", "reach_min_wangsimni_rail": 30, "reach_bucket_wangsimni_rail": "30-45", "reach_min_sadang_subway": 47, "reach_bucket_sadang_subway": "45-60", "reach_min_sadang_rail": 47, "reach_bucket_sadang_rail": "45-60", "reach_min_jamsil_subway": 51, "reach_bucket_jamsil_subway": "45-60", "reach_min_jamsil_rail": 51, "reach_bucket_jamsil_rail": "45-60", "reach_min_konkuk_subway": 40, "reach_bucket_konkuk_subway": "30-45", "reach_min_konkuk_rail": 40, "reach_bucket_konkuk_rail": "30-45", "reach_min_hongik_subway": 35, "reach_bucket_hongik_subway": "30-45", "reach_min_hongik_rail": 35, "reach_bucket_hongik_rail": "30-45"}}, {"type": "Feature", "geometry": {"type": "Point", "coordinates": [127.04551, 37.67902]}, "properties": {"id": "kr_410", "name": "Dobong", "district": "Dobong-gu", "transit_stress_score": 0.1, "transit_stress_tier": "very-low", "walk_stress_score": 100.0, "walk_stress_tier": "mid", "reach_min_seoul_station_subway": 44, "reach_bucket_seoul_station_subway": "30-45", "reach_min_seoul_station_rail": 44, "reach_bucket_seoul_station_rail": "30-45", "reach_min_city_hall_subway": 42, "reach_bucket_city_hall_subway": "30-45", "reach_min_city_hall_rail": 42, "reach_bucket_city_hall_rail": "30-45", "reach_min_gangnam_subway": 56, "reach_bucket_gangnam_subway": "45-60", "reach_min_gangnam_rail": 56, "reach_bucket_gangnam_rail": "45-60", "reach_min_wangsimni_subway": 42, "reach_bucket_wangsimni_subway": "30-45", "reach_min_wangsimni_rail": 42, "reach_bucket_wangsimni_rail": "30-45", "reach_min_sadang_subway": 64, "reach_bucket_sadang_subway": "60-90", "reach_min_sadang_rail": 64, "reach_bucket_sadang_rail": "60-90", "reach_min_jamsil_subway": 55, "reach_bucket_jamsil_subway": "45-60", "reach_min_jamsil_rail": 55, "reach_bucket_jamsil_rail": "45-60", "reach_min_konkuk_subway": 44, "reach_bucket_konkuk_subway": "30-45", "reach_min_konkuk_rail": 44, "reach_bucket_konkuk_rail": "30-45", "reach_min_hongik_subway": 53, "reach_bucket_hongik_subway": "45-60", "reach_min_hongik_rail": 53, "reach_bucket_hongik_rail": "45-60"}}, {"type": "Feature", "geometry": {"type": "Point", "coordinates": [127.0514, 37.64461]}, "properties": {"id": "kr_411", "name": "Nokcheon", "district": "Dobong-gu", "transit_stress_score": 0.1, "transit_stress_tier": "very-low", "walk_stress_score": 100.0, "walk_stress_tier": "mid", "reach_min_seoul_station_subway": 36, "reach_bucket_seoul_station_subway": "30-45", "reach_min_seoul_station_rail": 36, "reach_bucket_seoul_station_rail": "30-45", "reach_min_city_hall_subway": 34, "reach_bucket_city_hall_subway": "30-45", "reach_min_city_hall_rail": 34, "reach_bucket_city_hall_rail": "30-45", "reach_min_gangnam_subway": 48, "reach_bucket_gangnam_subway": "45-60", "reach_min_gangnam_rail": 48, "reach_bucket_gangnam_rail": "45-60", "reach_min_wangsimni_subway": 34, "reach_bucket_wangsimni_subway": "30-45", "reach_min_wangsimni_rail": 34, "reach_bucket_wangsimni_rail": "30-45", "reach_min_sadang_subway": 56, "reach_bucket_sadang_subway": "45-60", "reach_min_sadang_rail": 56, "reach_bucket_sadang_rail": "45-60", "reach_min_jamsil_subway": 48, "reach_bucket_jamsil_subway": "45-60", "reach_min_jamsil_rail": 48, "reach_bucket_jamsil_rail": "45-60", "reach_min_konkuk_subway": 37, "reach_bucket_konkuk_subway": "30-45", "reach_min_konkuk_rail": 37, "reach_bucket_konkuk_rail": "30-45", "reach_min_hongik_subway": 45, "reach_bucket_hongik_subway": "45-60", "reach_min_hongik_rail": 45, "reach_bucket_hongik_rail": "45-60"}}, {"type": "Feature", "geometry": {"type": "Point", "coordinates": [126.84461, 37.49436]}, "properties": {"id": "kr_412", "name": "Oryu-dong", "district": "Guro-gu", "transit_stress_score": 0.1, "transit_stress_tier": "very-low", "walk_stress_score": 100.0, "walk_stress_tier": "mid", "reach_min_seoul_station_subway": 27, "reach_bucket_seoul_station_subway": "20-30", "reach_min_seoul_station_rail": 27, "reach_bucket_seoul_station_rail": "20-30", "reach_min_city_hall_subway": 29, "reach_bucket_city_hall_subway": "20-30", "reach_min_city_hall_rail": 29, "reach_bucket_city_hall_rail": "20-30", "reach_min_gangnam_subway": 36, "reach_bucket_gangnam_subway": "30-45", "reach_min_gangnam_rail": 36, "reach_bucket_gangnam_rail": "30-45", "reach_min_wangsimni_subway": 41, "reach_bucket_wangsimni_subway": "30-45", "reach_min_wangsimni_rail": 41, "reach_bucket_wangsimni_rail": "30-45", "reach_min_sadang_subway": 32, "reach_bucket_sadang_subway": "30-45", "reach_min_sadang_rail": 32, "reach_bucket_sadang_rail": "30-45", "reach_min_jamsil_subway": 50, "reach_bucket_jamsil_subway": "45-60", "reach_min_jamsil_rail": 50, "reach_bucket_jamsil_rail": "45-60", "reach_min_konkuk_subway": 50, "reach_bucket_konkuk_subway": "45-60", "reach_min_konkuk_rail": 50, "reach_bucket_konkuk_rail": "45-60", "reach_min_hongik_subway": 23, "reach_bucket_hongik_subway": "20-30", "reach_min_hongik_rail": 23, "reach_bucket_hongik_rail": "20-30"}}, {"type": "Feature", "geometry": {"type": "Point", "coordinates": [126.90835, 37.41973]}, "properties": {"id": "kr_413", "name": "Gwanak", "district": null, "transit_stress_score": 0.1, "transit_stress_tier": "very-low", "walk_stress_score": 100.0, "walk_stress_tier": "mid", "reach_min_seoul_station_subway": 35, "reach_bucket_seoul_station_subway": "30-45", "reach_min_seoul_station_rail": 35, "reach_bucket_seoul_station_rail": "30-45", "reach_min_city_hall_subway": 38, "reach_bucket_city_hall_subway": "30-45", "reach_min_city_hall_rail": 38, "reach_bucket_city_hall_rail": "30-45", "reach_min_gangnam_subway": 45, "reach_bucket_gangnam_subway": "45-60", "reach_min_gangnam_rail": 45, "reach_bucket_gangnam_rail": "45-60", "reach_min_wangsimni_subway": 49, "reach_bucket_wangsimni_subway": "45-60", "reach_min_wangsimni_rail": 49, "reach_bucket_wangsimni_rail": "45-60", "reach_min_sadang_subway": 41, "reach_bucket_sadang_subway": "30-45", "reach_min_sadang_rail": 41, "reach_bucket_sadang_rail": "30-45", "reach_min_jamsil_subway": 58, "reach_bucket_jamsil_subway": "45-60", "reach_min_jamsil_rail": 58, "reach_bucket_jamsil_rail": "45-60", "reach_min_konkuk_subway": 59, "reach_bucket_konkuk_subway": "45-60", "reach_min_konkuk_rail": 59, "reach_bucket_konkuk_rail": "45-60", "reach_min_hongik_subway": 36, "reach_bucket_hongik_subway": "30-45", "reach_min_hongik_rail": 36, "reach_bucket_hongik_rail": "30-45"}}, {"type": "Feature", "geometry": {"type": "Point", "coordinates": [127.11626, 37.51672]}, "properties": {"id": "kr_414", "name": "한성백제", "district": "Songpa-gu", "transit_stress_score": 0.0, "transit_stress_tier": "very-low", "walk_stress_score": 75.0, "walk_stress_tier": "very-low", "reach_min_seoul_station_subway": 41, "reach_bucket_seoul_station_subway": "30-45", "reach_min_seoul_station_rail": 41, "reach_bucket_seoul_station_rail": "30-45", "reach_min_city_hall_subway": 43, "reach_bucket_city_hall_subway": "30-45", "reach_min_city_hall_rail": 43, "reach_bucket_city_hall_rail": "30-45", "reach_min_gangnam_subway": 20, "reach_bucket_gangnam_subway": "20-30", "reach_min_gangnam_rail": 20, "reach_bucket_gangnam_rail": "20-30", "reach_min_wangsimni_subway": 29, "reach_bucket_wangsimni_subway": "20-30", "reach_min_wangsimni_rail": 29, "reach_bucket_wangsimni_rail": "20-30", "reach_min_sadang_subway": 30, "reach_bucket_sadang_subway": "30-45", "reach_min_sadang_rail": 30, "reach_bucket_sadang_rail": "30-45", "reach_min_jamsil_subway": 15, "reach_bucket_jamsil_subway": "10-20", "reach_min_jamsil_rail": 15, "reach_bucket_jamsil_rail": "10-20", "reach_min_konkuk_subway": 26, "reach_bucket_konkuk_subway": "20-30", "reach_min_konkuk_rail": 26, "reach_bucket_konkuk_rail": "20-30", "reach_min_hongik_subway": 50, "reach_bucket_hongik_subway": "45-60", "reach_min_hongik_rail": 50, "reach_bucket_hongik_rail": "45-60"}}, {"type": "Feature", "geometry": {"type": "Point", "coordinates": [126.90385, 37.31243]}, "properties": {"id": "kr_415", "name": "Banwol", "district": null, "transit_stress_score": 0.0, "transit_stress_tier": "very-low", "walk_stress_score": 100.0, "walk_stress_tier": "mid", "reach_min_seoul_station_subway": 62, "reach_bucket_seoul_station_subway": "60-90", "reach_min_seoul_station_rail": 62, "reach_bucket_seoul_station_rail": "60-90", "reach_min_city_hall_subway": 64, "reach_bucket_city_hall_subway": "60-90", "reach_min_city_hall_rail": 64, "reach_bucket_city_hall_rail": "60-90", "reach_min_gangnam_subway": 59, "reach_bucket_gangnam_subway": "45-60", "reach_min_gangnam_rail": 59, "reach_bucket_gangnam_rail": "45-60", "reach_min_wangsimni_subway": 76, "reach_bucket_wangsimni_subway": "60-90", "reach_min_wangsimni_rail": 76, "reach_bucket_wangsimni_rail": "60-90", "reach_min_sadang_subway": 48, "reach_bucket_sadang_subway": "45-60", "reach_min_sadang_rail": 48, "reach_bucket_sadang_rail": "45-60", "reach_min_jamsil_subway": 74, "reach_bucket_jamsil_subway": "60-90", "reach_min_jamsil_rail": 74, "reach_bucket_jamsil_rail": "60-90", "reach_min_konkuk_subway": 85, "reach_bucket_konkuk_subway": "60-90", "reach_min_konkuk_rail": 85, "reach_bucket_konkuk_rail": "60-90", "reach_min_hongik_subway": 62, "reach_bucket_hongik_subway": "60-90", "reach_min_hongik_rail": 62, "reach_bucket_hongik_rail": "60-90"}}, {"type": "Feature", "geometry": {"type": "Point", "coordinates": [127.06308, 37.16945]}, "properties": {"id": "kr_416", "name": "Osan College", "district": null, "transit_stress_score": 0.0, "transit_stress_tier": "very-low", "walk_stress_score": 100.0, "walk_stress_tier": "mid", "reach_min_seoul_station_subway": 95, "reach_bucket_seoul_station_subway": "90-120", "reach_min_seoul_station_rail": 95, "reach_bucket_seoul_station_rail": "90-120", "reach_min_city_hall_subway": 98, "reach_bucket_city_hall_subway": "90-120", "reach_min_city_hall_rail": 98, "reach_bucket_city_hall_rail": "90-120", "reach_min_gangnam_subway": 92, "reach_bucket_gangnam_subway": "90-120", "reach_min_gangnam_rail": 92, "reach_bucket_gangnam_rail": "90-120", "reach_min_wangsimni_subway": 110, "reach_bucket_wangsimni_subway": "90-120", "reach_min_wangsimni_rail": 110, "reach_bucket_wangsimni_rail": "90-120", "reach_min_sadang_subway": 82, "reach_bucket_sadang_subway": "60-90", "reach_min_sadang_rail": 82, "reach_bucket_sadang_rail": "60-90", "reach_min_jamsil_subway": 108, "reach_bucket_jamsil_subway": "90-120", "reach_min_jamsil_rail": 108, "reach_bucket_jamsil_rail": "90-120", "reach_min_konkuk_subway": 119, "reach_bucket_konkuk_subway": "90-120", "reach_min_konkuk_rail": 119, "reach_bucket_konkuk_rail": "90-120", "reach_min_hongik_subway": 96, "reach_bucket_hongik_subway": "90-120", "reach_min_hongik_rail": 96, "reach_bucket_hongik_rail": "90-120"}}, {"type": "Feature", "geometry": {"type": "Point", "coordinates": [126.88322, 37.54424]}, "properties": {"id": "kr_417", "name": "Sinmokdong", "district": "Yangcheon-gu", "transit_stress_score": 0.0, "transit_stress_tier": "very-low", "walk_stress_score": 87.5, "walk_stress_tier": "very-low", "reach_min_seoul_station_subway": 25, "reach_bucket_seoul_station_subway": "20-30", "reach_min_seoul_station_rail": 25, "reach_bucket_seoul_station_rail": "20-30", "reach_min_city_hall_subway": 23, "reach_bucket_city_hall_subway": "20-30", "reach_min_city_hall_rail": 23, "reach_bucket_city_hall_rail": "20-30", "reach_min_gangnam_subway": 30, "reach_bucket_gangnam_subway": "30-45", "reach_min_gangnam_rail": 30, "reach_bucket_gangnam_rail": "30-45", "reach_min_wangsimni_subway": 36, "reach_bucket_wangsimni_subway": "30-45", "reach_min_wangsimni_rail": 36, "reach_bucket_wangsimni_rail": "30-45", "reach_min_sadang_subway": 26, "reach_bucket_sadang_subway": "20-30", "reach_min_sadang_rail": 26, "reach_bucket_sadang_rail": "20-30", "reach_min_jamsil_subway": 44, "reach_bucket_jamsil_subway": "30-45", "reach_min_jamsil_rail": 44, "reach_bucket_jamsil_rail": "30-45", "reach_min_konkuk_subway": 45, "reach_bucket_konkuk_subway": "45-60", "reach_min_konkuk_rail": 45, "reach_bucket_konkuk_rail": "45-60", "reach_min_hongik_subway": 11, "reach_bucket_hongik_subway": "10-20", "reach_min_hongik_rail": 11, "reach_bucket_hongik_rail": "10-20"}}, {"type": "Feature", "geometry": {"type": "Point", "coordinates": [126.81038, 37.56347]}, "properties": {"id": "kr_418", "name": "Airport Market", "district": "Gangseo-gu", "transit_stress_score": 0.0, "transit_stress_tier": "very-low", "walk_stress_score": 75.0, "walk_stress_tier": "very-low", "reach_min_seoul_station_subway": 40, "reach_bucket_seoul_station_subway": "30-45", "reach_min_seoul_station_rail": 40, "reach_bucket_seoul_station_rail": "30-45", "reach_min_city_hall_subway": 38, "reach_bucket_city_hall_subway": "30-45", "reach_min_city_hall_rail": 38, "reach_bucket_city_hall_rail": "30-45", "reach_min_gangnam_subway": 45, "reach_bucket_gangnam_subway": "45-60", "reach_min_gangnam_rail": 45, "reach_bucket_gangnam_rail": "45-60", "reach_min_wangsimni_subway": 51, "reach_bucket_wangsimni_subway": "45-60", "reach_min_wangsimni_rail": 51, "reach_bucket_wangsimni_rail": "45-60", "reach_min_sadang_subway": 41, "reach_bucket_sadang_subway": "30-45", "reach_min_sadang_rail": 41, "reach_bucket_sadang_rail": "30-45", "reach_min_jamsil_subway": 58, "reach_bucket_jamsil_subway": "45-60", "reach_min_jamsil_rail": 58, "reach_bucket_jamsil_rail": "45-60", "reach_min_konkuk_subway": 60, "reach_bucket_konkuk_subway": "60-90", "reach_min_konkuk_rail": 60, "reach_bucket_konkuk_rail": "60-90", "reach_min_hongik_subway": 26, "reach_bucket_hongik_subway": "20-30", "reach_min_hongik_rail": 26, "reach_bucket_hongik_rail": "20-30"}}, {"type": "Feature", "geometry": {"type": "Point", "coordinates": [126.86195, 37.55744]}, "properties": {"id": "kr_419", "name": "Jeungmi", "district": "Gangseo-gu", "transit_stress_score": 0.0, "transit_stress_tier": "very-low", "walk_stress_score": 75.0, "walk_stress_tier": "very-low", "reach_min_seoul_station_subway": 30, "reach_bucket_seoul_station_subway": "30-45", "reach_min_seoul_station_rail": 30, "reach_bucket_seoul_station_rail": "30-45", "reach_min_city_hall_subway": 28, "reach_bucket_city_hall_subway": "20-30", "reach_min_city_hall_rail": 28, "reach_bucket_city_hall_rail": "20-30", "reach_min_gangnam_subway": 35, "reach_bucket_gangnam_subway": "30-45", "reach_min_gangnam_rail": 35, "reach_bucket_gangnam_rail": "30-45", "reach_min_wangsimni_subway": 41, "reach_bucket_wangsimni_subway": "30-45", "reach_min_wangsimni_rail": 41, "reach_bucket_wangsimni_rail": "30-45", "reach_min_sadang_subway": 32, "reach_bucket_sadang_subway": "30-45", "reach_min_sadang_rail": 32, "reach_bucket_sadang_rail": "30-45", "reach_min_jamsil_subway": 49, "reach_bucket_jamsil_subway": "45-60", "reach_min_jamsil_rail": 49, "reach_bucket_jamsil_rail": "45-60", "reach_min_konkuk_subway": 50, "reach_bucket_konkuk_subway": "45-60", "reach_min_konkuk_rail": 50, "reach_bucket_konkuk_rail": "45-60", "reach_min_hongik_subway": 17, "reach_bucket_hongik_subway": "10-20", "reach_min_hongik_rail": 17, "reach_bucket_hongik_rail": "10-20"}}, {"type": "Feature", "geometry": {"type": "Point", "coordinates": [127.05432, 37.07596]}, "properties": {"id": "kr_420", "name": "Songtan", "district": null, "transit_stress_score": 0.0, "transit_stress_tier": "very-low", "walk_stress_score": 100.0, "walk_stress_tier": "mid", "reach_min_seoul_station_subway": 115, "reach_bucket_seoul_station_subway": "90-120", "reach_min_seoul_station_rail": 115, "reach_bucket_seoul_station_rail": "90-120", "reach_min_city_hall_subway": 117, "reach_bucket_city_hall_subway": "90-120", "reach_min_city_hall_rail": 117, "reach_bucket_city_hall_rail": "90-120", "reach_min_gangnam_subway": 112, "reach_bucket_gangnam_subway": "90-120", "reach_min_gangnam_rail": 112, "reach_bucket_gangnam_rail": "90-120", "reach_min_wangsimni_subway": 120, "reach_bucket_wangsimni_subway": "120+", "reach_min_wangsimni_rail": 120, "reach_bucket_wangsimni_rail": "120+", "reach_min_sadang_subway": 101, "reach_bucket_sadang_subway": "90-120", "reach_min_sadang_rail": 101, "reach_bucket_sadang_rail": "90-120", "reach_min_jamsil_subway": 120, "reach_bucket_jamsil_subway": "120+", "reach_min_jamsil_rail": 120, "reach_bucket_jamsil_rail": "120+", "reach_min_konkuk_subway": 120, "reach_bucket_konkuk_subway": "120+", "reach_min_konkuk_rail": 120, "reach_bucket_konkuk_rail": "120+", "reach_min_hongik_subway": 115, "reach_bucket_hongik_subway": "90-120", "reach_min_hongik_rail": 115, "reach_bucket_hongik_rail": "90-120"}}, {"type": "Feature", "geometry": {"type": "Point", "coordinates": [127.04233, 37.7594]}, "properties": {"id": "kr_421", "name": "Nogyang", "district": null, "transit_stress_score": 0.0, "transit_stress_tier": "very-low", "walk_stress_score": 100.0, "walk_stress_tier": "mid", "reach_min_seoul_station_subway": 61, "reach_bucket_seoul_station_subway": "60-90", "reach_min_seoul_station_rail": 61, "reach_bucket_seoul_station_rail": "60-90", "reach_min_city_hall_subway": 59, "reach_bucket_city_hall_subway": "45-60", "reach_min_city_hall_rail": 59, "reach_bucket_city_hall_rail": "45-60", "reach_min_gangnam_subway": 73, "reach_bucket_gangnam_subway": "60-90", "reach_min_gangnam_rail": 73, "reach_bucket_gangnam_rail": "60-90", "reach_min_wangsimni_subway": 59, "reach_bucket_wangsimni_subway": "45-60", "reach_min_wangsimni_rail": 59, "reach_bucket_wangsimni_rail": "45-60", "reach_min_sadang_subway": 81, "reach_bucket_sadang_subway": "60-90", "reach_min_sadang_rail": 81, "reach_bucket_sadang_rail": "60-90", "reach_min_jamsil_subway": 72, "reach_bucket_jamsil_subway": "60-90", "reach_min_jamsil_rail": 72, "reach_bucket_jamsil_rail": "60-90", "reach_min_konkuk_subway": 61, "reach_bucket_konkuk_subway": "60-90", "reach_min_konkuk_rail": 61, "reach_bucket_konkuk_rail": "60-90", "reach_min_hongik_subway": 70, "reach_bucket_hongik_subway": "60-90", "reach_min_hongik_rail": 70, "reach_bucket_hongik_rail": "60-90"}}, {"type": "Feature", "geometry": {"type": "Point", "coordinates": [127.05649, 37.90086]}, "properties": {"id": "kr_422", "name": "Dongducheonjungang", "district": null, "transit_stress_score": 0.0, "transit_stress_tier": "very-low", "walk_stress_score": 87.5, "walk_stress_tier": "very-low", "reach_min_seoul_station_subway": 91, "reach_bucket_seoul_station_subway": "90-120", "reach_min_seoul_station_rail": 91, "reach_bucket_seoul_station_rail": "90-120", "reach_min_city_hall_subway": 89, "reach_bucket_city_hall_subway": "60-90", "reach_min_city_hall_rail": 89, "reach_bucket_city_hall_rail": "60-90", "reach_min_gangnam_subway": 103, "reach_bucket_gangnam_subway": "90-120", "reach_min_gangnam_rail": 103, "reach_bucket_gangnam_rail": "90-120", "reach_min_wangsimni_subway": 89, "reach_bucket_wangsimni_subway": "60-90", "reach_min_wangsimni_rail": 89, "reach_bucket_wangsimni_rail": "60-90", "reach_min_sadang_subway": 111, "reach_bucket_sadang_subway": "90-120", "reach_min_sadang_rail": 111, "reach_bucket_sadang_rail": "90-120", "reach_min_jamsil_subway": 103, "reach_bucket_jamsil_subway": "90-120", "reach_min_jamsil_rail": 103, "reach_bucket_jamsil_rail": "90-120", "reach_min_konkuk_subway": 92, "reach_bucket_konkuk_subway": "90-120", "reach_min_konkuk_rail": 92, "reach_bucket_konkuk_rail": "90-120", "reach_min_hongik_subway": 101, "reach_bucket_hongik_subway": "90-120", "reach_min_hongik_rail": 101, "reach_bucket_hongik_rail": "90-120"}}, {"type": "Feature", "geometry": {"type": "Point", "coordinates": [126.9169, 37.32797]}, "properties": {"id": "kr_423", "name": "Daeyami", "district": null, "transit_stress_score": 0.0, "transit_stress_tier": "very-low", "walk_stress_score": 100.0, "walk_stress_tier": "mid", "reach_min_seoul_station_subway": 58, "reach_bucket_seoul_station_subway": "45-60", "reach_min_seoul_station_rail": 58, "reach_bucket_seoul_station_rail": "45-60", "reach_min_city_hall_subway": 60, "reach_bucket_city_hall_subway": "60-90", "reach_min_city_hall_rail": 60, "reach_bucket_city_hall_rail": "60-90", "reach_min_gangnam_subway": 54, "reach_bucket_gangnam_subway": "45-60", "reach_min_gangnam_rail": 54, "reach_bucket_gangnam_rail": "45-60", "reach_min_wangsimni_subway": 72, "reach_bucket_wangsimni_subway": "60-90", "reach_min_wangsimni_rail": 72, "reach_bucket_wangsimni_rail": "60-90", "reach_min_sadang_subway": 44, "reach_bucket_sadang_subway": "30-45", "reach_min_sadang_rail": 44, "reach_bucket_sadang_rail": "30-45", "reach_min_jamsil_subway": 70, "reach_bucket_jamsil_subway": "60-90", "reach_min_jamsil_rail": 70, "reach_bucket_jamsil_rail": "60-90", "reach_min_konkuk_subway": 81, "reach_bucket_konkuk_subway": "60-90", "reach_min_konkuk_rail": 81, "reach_bucket_konkuk_rail": "60-90", "reach_min_hongik_subway": 58, "reach_bucket_hongik_subway": "45-60", "reach_min_hongik_rail": 58, "reach_bucket_hongik_rail": "45-60"}}, {"type": "Feature", "geometry": {"type": "Point", "coordinates": [126.74747, 37.67617]}, "properties": {"id": "kr_424", "name": "Daehwa", "district": null, "transit_stress_score": 0.0, "transit_stress_tier": "very-low", "walk_stress_score": 100.0, "walk_stress_tier": "mid", "reach_min_seoul_station_subway": 72, "reach_bucket_seoul_station_subway": "60-90", "reach_min_seoul_station_rail": 72, "reach_bucket_seoul_station_rail": "60-90", "reach_min_city_hall_subway": 70, "reach_bucket_city_hall_subway": "60-90", "reach_min_city_hall_rail": 70, "reach_bucket_city_hall_rail": "60-90", "reach_min_gangnam_subway": 89, "reach_bucket_gangnam_subway": "60-90", "reach_min_gangnam_rail": 89, "reach_bucket_gangnam_rail": "60-90", "reach_min_wangsimni_subway": 76, "reach_bucket_wangsimni_subway": "60-90", "reach_min_wangsimni_rail": 76, "reach_bucket_wangsimni_rail": "60-90", "reach_min_sadang_subway": 92, "reach_bucket_sadang_subway": "90-120", "reach_min_sadang_rail": 92, "reach_bucket_sadang_rail": "90-120", "reach_min_jamsil_subway": 96, "reach_bucket_jamsil_subway": "90-120", "reach_min_jamsil_rail": 96, "reach_bucket_jamsil_rail": "90-120", "reach_min_konkuk_subway": 85, "reach_bucket_konkuk_subway": "60-90", "reach_min_konkuk_rail": 85, "reach_bucket_konkuk_rail": "60-90", "reach_min_hongik_subway": 81, "reach_bucket_hongik_subway": "60-90", "reach_min_hongik_rail": 81, "reach_bucket_hongik_rail": "60-90"}}, {"type": "Feature", "geometry": {"type": "Point", "coordinates": [126.85362, 37.30973]}, "properties": {"id": "kr_425", "name": "Hanyang University at Ansan", "district": null, "transit_stress_score": 0.0, "transit_stress_tier": "very-low", "walk_stress_score": 100.0, "walk_stress_tier": "mid", "reach_min_seoul_station_subway": 69, "reach_bucket_seoul_station_subway": "60-90", "reach_min_seoul_station_rail": 69, "reach_bucket_seoul_station_rail": "60-90", "reach_min_city_hall_subway": 71, "reach_bucket_city_hall_subway": "60-90", "reach_min_city_hall_rail": 71, "reach_bucket_city_hall_rail": "60-90", "reach_min_gangnam_subway": 66, "reach_bucket_gangnam_subway": "60-90", "reach_min_gangnam_rail": 66, "reach_bucket_gangnam_rail": "60-90", "reach_min_wangsimni_subway": 83, "reach_bucket_wangsimni_subway": "60-90", "reach_min_wangsimni_rail": 83, "reach_bucket_wangsimni_rail": "60-90", "reach_min_sadang_subway": 55, "reach_bucket_sadang_subway": "45-60", "reach_min_sadang_rail": 55, "reach_bucket_sadang_rail": "45-60", "reach_min_jamsil_subway": 81, "reach_bucket_jamsil_subway": "60-90", "reach_min_jamsil_rail": 81, "reach_bucket_jamsil_rail": "60-90", "reach_min_konkuk_subway": 92, "reach_bucket_konkuk_subway": "90-120", "reach_min_konkuk_rail": 92, "reach_bucket_konkuk_rail": "90-120", "reach_min_hongik_subway": 69, "reach_bucket_hongik_subway": "60-90", "reach_min_hongik_rail": 69, "reach_bucket_hongik_rail": "60-90"}}, {"type": "Feature", "geometry": {"type": "Point", "coordinates": [126.82301, 37.31686]}, "properties": {"id": "kr_426", "name": "Gojan", "district": null, "transit_stress_score": 0.0, "transit_stress_tier": "very-low", "walk_stress_score": 100.0, "walk_stress_tier": "mid", "reach_min_seoul_station_subway": 75, "reach_bucket_seoul_station_subway": "60-90", "reach_min_seoul_station_rail": 75, "reach_bucket_seoul_station_rail": "60-90", "reach_min_city_hall_subway": 77, "reach_bucket_city_hall_subway": "60-90", "reach_min_city_hall_rail": 77, "reach_bucket_city_hall_rail": "60-90", "reach_min_gangnam_subway": 71, "reach_bucket_gangnam_subway": "60-90", "reach_min_gangnam_rail": 71, "reach_bucket_gangnam_rail": "60-90", "reach_min_wangsimni_subway": 89, "reach_bucket_wangsimni_subway": "60-90", "reach_min_wangsimni_rail": 89, "reach_bucket_wangsimni_rail": "60-90", "reach_min_sadang_subway": 61, "reach_bucket_sadang_subway": "60-90", "reach_min_sadang_rail": 61, "reach_bucket_sadang_rail": "60-90", "reach_min_jamsil_subway": 87, "reach_bucket_jamsil_subway": "60-90", "reach_min_jamsil_rail": 87, "reach_bucket_jamsil_rail": "60-90", "reach_min_konkuk_subway": 98, "reach_bucket_konkuk_subway": "90-120", "reach_min_konkuk_rail": 98, "reach_bucket_konkuk_rail": "90-120", "reach_min_hongik_subway": 75, "reach_bucket_hongik_subway": "60-90", "reach_min_hongik_rail": 75, "reach_bucket_hongik_rail": "60-90"}}, {"type": "Feature", "geometry": {"type": "Point", "coordinates": [126.76713, 37.33762]}, "properties": {"id": "kr_427", "name": "Singiloncheon", "district": null, "transit_stress_score": 0.0, "transit_stress_tier": "very-low", "walk_stress_score": 100.0, "walk_stress_tier": "mid", "reach_min_seoul_station_subway": 85, "reach_bucket_seoul_station_subway": "60-90", "reach_min_seoul_station_rail": 85, "reach_bucket_seoul_station_rail": "60-90", "reach_min_city_hall_subway": 88, "reach_bucket_city_hall_subway": "60-90", "reach_min_city_hall_rail": 88, "reach_bucket_city_hall_rail": "60-90", "reach_min_gangnam_subway": 82, "reach_bucket_gangnam_subway": "60-90", "reach_min_gangnam_rail": 82, "reach_bucket_gangnam_rail": "60-90", "reach_min_wangsimni_subway": 100, "reach_bucket_wangsimni_subway": "90-120", "reach_min_wangsimni_rail": 100, "reach_bucket_wangsimni_rail": "90-120", "reach_min_sadang_subway": 72, "reach_bucket_sadang_subway": "60-90", "reach_min_sadang_rail": 72, "reach_bucket_sadang_rail": "60-90", "reach_min_jamsil_subway": 98, "reach_bucket_jamsil_subway": "90-120", "reach_min_jamsil_rail": 98, "reach_bucket_jamsil_rail": "90-120", "reach_min_konkuk_subway": 109, "reach_bucket_konkuk_subway": "90-120", "reach_min_konkuk_rail": 109, "reach_bucket_konkuk_rail": "90-120", "reach_min_hongik_subway": 86, "reach_bucket_hongik_subway": "60-90", "reach_min_hongik_rail": 86, "reach_bucket_hongik_rail": "60-90"}}, {"type": "Feature", "geometry": {"type": "Point", "coordinates": [126.7385, 37.36195]}, "properties": {"id": "kr_428", "name": "Oido", "district": null, "transit_stress_score": 0.0, "transit_stress_tier": "very-low", "walk_stress_score": 100.0, "walk_stress_tier": "mid", "reach_min_seoul_station_subway": 93, "reach_bucket_seoul_station_subway": "90-120", "reach_min_seoul_station_rail": 93, "reach_bucket_seoul_station_rail": "90-120", "reach_min_city_hall_subway": 96, "reach_bucket_city_hall_subway": "90-120", "reach_min_city_hall_rail": 96, "reach_bucket_city_hall_rail": "90-120", "reach_min_gangnam_subway": 90, "reach_bucket_gangnam_subway": "90-120", "reach_min_gangnam_rail": 90, "reach_bucket_gangnam_rail": "90-120", "reach_min_wangsimni_subway": 107, "reach_bucket_wangsimni_subway": "90-120", "reach_min_wangsimni_rail": 107, "reach_bucket_wangsimni_rail": "90-120", "reach_min_sadang_subway": 79, "reach_bucket_sadang_subway": "60-90", "reach_min_sadang_rail": 79, "reach_bucket_sadang_rail": "60-90", "reach_min_jamsil_subway": 105, "reach_bucket_jamsil_subway": "90-120", "reach_min_jamsil_rail": 105, "reach_bucket_jamsil_rail": "90-120", "reach_min_konkuk_subway": 116, "reach_bucket_konkuk_subway": "90-120", "reach_min_konkuk_rail": 116, "reach_bucket_konkuk_rail": "90-120", "reach_min_hongik_subway": 94, "reach_bucket_hongik_subway": "90-120", "reach_min_hongik_rail": 94, "reach_bucket_hongik_rail": "90-120"}}, {"type": "Feature", "geometry": {"type": "Point", "coordinates": [126.79686, 37.57837]}, "properties": {"id": "kr_429", "name": "Gaehwa", "district": "Gangseo-gu", "transit_stress_score": 0.0, "transit_stress_tier": "very-low", "walk_stress_score": 100.0, "walk_stress_tier": "mid", "reach_min_seoul_station_subway": 44, "reach_bucket_seoul_station_subway": "30-45", "reach_min_seoul_station_rail": 44, "reach_bucket_seoul_station_rail": "30-45", "reach_min_city_hall_subway": 42, "reach_bucket_city_hall_subway": "30-45", "reach_min_city_hall_rail": 42, "reach_bucket_city_hall_rail": "30-45", "reach_min_gangnam_subway": 50, "reach_bucket_gangnam_subway": "45-60", "reach_min_gangnam_rail": 50, "reach_bucket_gangnam_rail": "45-60", "reach_min_wangsimni_subway": 56, "reach_bucket_wangsimni_subway": "45-60", "reach_min_wangsimni_rail": 56, "reach_bucket_wangsimni_rail": "45-60", "reach_min_sadang_subway": 46, "reach_bucket_sadang_subway": "45-60", "reach_min_sadang_rail": 46, "reach_bucket_sadang_rail": "45-60", "reach_min_jamsil_subway": 63, "reach_bucket_jamsil_subway": "60-90", "reach_min_jamsil_rail": 63, "reach_bucket_jamsil_rail": "60-90", "reach_min_konkuk_subway": 65, "reach_bucket_konkuk_subway": "60-90", "reach_min_konkuk_rail": 65, "reach_bucket_konkuk_rail": "60-90", "reach_min_hongik_subway": 31, "reach_bucket_hongik_subway": "30-45", "reach_min_hongik_rail": 31, "reach_bucket_hongik_rail": "30-45"}}, {"type": "Feature", "geometry": {"type": "Point", "coordinates": [126.84121, 37.56851]}, "properties": {"id": "kr_430", "name": "Yangcheon Hyanggyo", "district": "Gangseo-gu", "transit_stress_score": 0.0, "transit_stress_tier": "very-low", "walk_stress_score": 100.0, "walk_stress_tier": "mid", "reach_min_seoul_station_subway": 34, "reach_bucket_seoul_station_subway": "30-45", "reach_min_seoul_station_rail": 34, "reach_bucket_seoul_station_rail": "30-45", "reach_min_city_hall_subway": 32, "reach_bucket_city_hall_subway": "30-45", "reach_min_city_hall_rail": 32, "reach_bucket_city_hall_rail": "30-45", "reach_min_gangnam_subway": 39, "reach_bucket_gangnam_subway": "30-45", "reach_min_gangnam_rail": 39, "reach_bucket_gangnam_rail": "30-45", "reach_min_wangsimni_subway": 45, "reach_bucket_wangsimni_subway": "45-60", "reach_min_wangsimni_rail": 45, "reach_bucket_wangsimni_rail": "45-60", "reach_min_sadang_subway": 35, "reach_bucket_sadang_subway": "30-45", "reach_min_sadang_rail": 35, "reach_bucket_sadang_rail": "30-45", "reach_min_jamsil_subway": 52, "reach_bucket_jamsil_subway": "45-60", "reach_min_jamsil_rail": 52, "reach_bucket_jamsil_rail": "45-60", "reach_min_konkuk_subway": 54, "reach_bucket_konkuk_subway": "45-60", "reach_min_konkuk_rail": 54, "reach_bucket_konkuk_rail": "45-60", "reach_min_hongik_subway": 20, "reach_bucket_hongik_subway": "20-30", "reach_min_hongik_rail": 20, "reach_bucket_hongik_rail": "20-30"}}, {"type": "Feature", "geometry": {"type": "Point", "coordinates": [126.91803, 37.52795]}, "properties": {"id": "kr_431", "name": "National Assembly", "district": "Yeongdeungpo-gu", "transit_stress_score": 0.0, "transit_stress_tier": "very-low", "walk_stress_score": 100.0, "walk_stress_tier": "mid", "reach_min_seoul_station_subway": 17, "reach_bucket_seoul_station_subway": "10-20", "reach_min_seoul_station_rail": 17, "reach_bucket_seoul_station_rail": "10-20", "reach_min_city_hall_subway": 20, "reach_bucket_city_hall_subway": "20-30", "reach_min_city_hall_rail": 20, "reach_bucket_city_hall_rail": "20-30", "reach_min_gangnam_subway": 23, "reach_bucket_gangnam_subway": "20-30", "reach_min_gangnam_rail": 23, "reach_bucket_gangnam_rail": "20-30", "reach_min_wangsimni_subway": 32, "reach_bucket_wangsimni_subway": "30-45", "reach_min_wangsimni_rail": 32, "reach_bucket_wangsimni_rail": "30-45", "reach_min_sadang_subway": 19, "reach_bucket_sadang_subway": "10-20", "reach_min_sadang_rail": 19, "reach_bucket_sadang_rail": "10-20", "reach_min_jamsil_subway": 36, "reach_bucket_jamsil_subway": "30-45", "reach_min_jamsil_rail": 36, "reach_bucket_jamsil_rail": "30-45", "reach_min_konkuk_subway": 41, "reach_bucket_konkuk_subway": "30-45", "reach_min_konkuk_rail": 41, "reach_bucket_konkuk_rail": "30-45", "reach_min_hongik_subway": 10, "reach_bucket_hongik_subway": "10-20", "reach_min_hongik_rail": 10, "reach_bucket_hongik_rail": "10-20"}}, {"type": "Feature", "geometry": {"type": "Point", "coordinates": [126.92842, 37.5173]}, "properties": {"id": "kr_432", "name": "Saetgang", "district": "Yeongdeungpo-gu", "transit_stress_score": 0.0, "transit_stress_tier": "very-low", "walk_stress_score": 62.5, "walk_stress_tier": "very-low", "reach_min_seoul_station_subway": 14, "reach_bucket_seoul_station_subway": "10-20", "reach_min_seoul_station_rail": 14, "reach_bucket_seoul_station_rail": "10-20", "reach_min_city_hall_subway": 17, "reach_bucket_city_hall_subway": "10-20", "reach_min_city_hall_rail": 17, "reach_bucket_city_hall_rail": "10-20", "reach_min_gangnam_subway": 20, "reach_bucket_gangnam_subway": "20-30", "reach_min_gangnam_rail": 20, "reach_bucket_gangnam_rail": "20-30", "reach_min_wangsimni_subway": 29, "reach_bucket_wangsimni_subway": "20-30", "reach_min_wangsimni_rail": 29, "reach_bucket_wangsimni_rail": "20-30", "reach_min_sadang_subway": 16, "reach_bucket_sadang_subway": "10-20", "reach_min_sadang_rail": 16, "reach_bucket_sadang_rail": "10-20", "reach_min_jamsil_subway": 33, "reach_bucket_jamsil_subway": "30-45", "reach_min_jamsil_rail": 33, "reach_bucket_jamsil_rail": "30-45", "reach_min_konkuk_subway": 38, "reach_bucket_konkuk_subway": "30-45", "reach_min_konkuk_rail": 38, "reach_bucket_konkuk_rail": "30-45", "reach_min_hongik_subway": 13, "reach_bucket_hongik_subway": "10-20", "reach_min_hongik_rail": 13, "reach_bucket_hongik_rail": "10-20"}}, {"type": "Feature", "geometry": {"type": "Point", "coordinates": [127.01514, 37.5043]}, "properties": {"id": "kr_433", "name": "Sapyeong", "district": "Seocho-gu", "transit_stress_score": 0.0, "transit_stress_tier": "very-low", "walk_stress_score": 87.5, "walk_stress_tier": "very-low", "reach_min_seoul_station_subway": 20, "reach_bucket_seoul_station_subway": "20-30", "reach_min_seoul_station_rail": 20, "reach_bucket_seoul_station_rail": "20-30", "reach_min_city_hall_subway": 23, "reach_bucket_city_hall_subway": "20-30", "reach_min_city_hall_rail": 23, "reach_bucket_city_hall_rail": "20-30", "reach_min_gangnam_subway": 4, "reach_bucket_gangnam_subway": "<10", "reach_min_gangnam_rail": 4, "reach_bucket_gangnam_rail": "<10", "reach_min_wangsimni_subway": 24, "reach_bucket_wangsimni_subway": "20-30", "reach_min_wangsimni_rail": 24, "reach_bucket_wangsimni_rail": "20-30", "reach_min_sadang_subway": 13, "reach_bucket_sadang_subway": "10-20", "reach_min_sadang_rail": 13, "reach_bucket_sadang_rail": "10-20", "reach_min_jamsil_subway": 17, "reach_bucket_jamsil_subway": "10-20", "reach_min_jamsil_rail": 17, "reach_bucket_jamsil_rail": "10-20", "reach_min_konkuk_subway": 28, "reach_bucket_konkuk_subway": "20-30", "reach_min_konkuk_rail": 28, "reach_bucket_konkuk_rail": "20-30", "reach_min_hongik_subway": 29, "reach_bucket_hongik_subway": "20-30", "reach_min_hongik_rail": 29, "reach_bucket_hongik_rail": "20-30"}}, {"type": "Feature", "geometry": {"type": "Point", "coordinates": [127.03387, 37.50732]}, "properties": {"id": "kr_434", "name": "Eonju", "district": "Gangnam-gu", "transit_stress_score": 0.0, "transit_stress_tier": "very-low", "walk_stress_score": 75.0, "walk_stress_tier": "very-low", "reach_min_seoul_station_subway": 24, "reach_bucket_seoul_station_subway": "20-30", "reach_min_seoul_station_rail": 24, "reach_bucket_seoul_station_rail": "20-30", "reach_min_city_hall_subway": 26, "reach_bucket_city_hall_subway": "20-30", "reach_min_city_hall_rail": 26, "reach_bucket_city_hall_rail": "20-30", "reach_min_gangnam_subway": 4, "reach_bucket_gangnam_subway": "<10", "reach_min_gangnam_rail": 4, "reach_bucket_gangnam_rail": "<10", "reach_min_wangsimni_subway": 24, "reach_bucket_wangsimni_subway": "20-30", "reach_min_wangsimni_rail": 24, "reach_bucket_wangsimni_rail": "20-30", "reach_min_sadang_subway": 15, "reach_bucket_sadang_subway": "10-20", "reach_min_sadang_rail": 15, "reach_bucket_sadang_rail": "10-20", "reach_min_jamsil_subway": 13, "reach_bucket_jamsil_subway": "10-20", "reach_min_jamsil_rail": 13, "reach_bucket_jamsil_rail": "10-20", "reach_min_konkuk_subway": 25, "reach_bucket_konkuk_subway": "20-30", "reach_min_konkuk_rail": 25, "reach_bucket_konkuk_rail": "20-30", "reach_min_hongik_subway": 33, "reach_bucket_hongik_subway": "30-45", "reach_min_hongik_rail": 33, "reach_bucket_hongik_rail": "30-45"}}, {"type": "Feature", "geometry": {"type": "Point", "coordinates": [127.05342, 37.51308]}, "properties": {"id": "kr_435", "name": "Samseong Jungang", "district": "Gangnam-gu", "transit_stress_score": 0.0, "transit_stress_tier": "very-low", "walk_stress_score": 75.0, "walk_stress_tier": "very-low", "reach_min_seoul_station_subway": 28, "reach_bucket_seoul_station_subway": "20-30", "reach_min_seoul_station_rail": 28, "reach_bucket_seoul_station_rail": "20-30", "reach_min_city_hall_subway": 30, "reach_bucket_city_hall_subway": "30-45", "reach_min_city_hall_rail": 30, "reach_bucket_city_hall_rail": "30-45", "reach_min_gangnam_subway": 8, "reach_bucket_gangnam_subway": "<10", "reach_min_gangnam_rail": 8, "reach_bucket_gangnam_rail": "<10", "reach_min_wangsimni_subway": 28, "reach_bucket_wangsimni_subway": "20-30", "reach_min_wangsimni_rail": 28, "reach_bucket_wangsimni_rail": "20-30", "reach_min_sadang_subway": 19, "reach_bucket_sadang_subway": "10-20", "reach_min_sadang_rail": 19, "reach_bucket_sadang_rail": "10-20", "reach_min_jamsil_subway": 10, "reach_bucket_jamsil_subway": "10-20", "reach_min_jamsil_rail": 10, "reach_bucket_jamsil_rail": "10-20", "reach_min_konkuk_subway": 21, "reach_bucket_konkuk_subway": "20-30", "reach_min_konkuk_rail": 21, "reach_bucket_konkuk_rail": "20-30", "reach_min_hongik_subway": 36, "reach_bucket_hongik_subway": "30-45", "reach_min_hongik_rail": 36, "reach_bucket_hongik_rail": "30-45"}}, {"type": "Feature", "geometry": {"type": "Point", "coordinates": [127.13834, 37.51987]}, "properties": {"id": "kr_436", "name": "둔촌오륜", "district": "Gangdong-gu", "transit_stress_score": 0.0, "transit_stress_tier": "very-low", "walk_stress_score": 87.5, "walk_stress_tier": "very-low", "reach_min_seoul_station_subway": 43, "reach_bucket_seoul_station_subway": "30-45", "reach_min_seoul_station_rail": 43, "reach_bucket_seoul_station_rail": "30-45", "reach_min_city_hall_subway": 42, "reach_bucket_city_hall_subway": "30-45", "reach_min_city_hall_rail": 42, "reach_bucket_city_hall_rail": "30-45", "reach_min_gangnam_subway": 23, "reach_bucket_gangnam_subway": "20-30", "reach_min_gangnam_rail": 23, "reach_bucket_gangnam_rail": "20-30", "reach_min_wangsimni_subway": 29, "reach_bucket_wangsimni_subway": "20-30", "reach_min_wangsimni_rail": 29, "reach_bucket_wangsimni_rail": "20-30", "reach_min_sadang_subway": 34, "reach_bucket_sadang_subway": "30-45", "reach_min_sadang_rail": 34, "reach_bucket_sadang_rail": "30-45", "reach_min_jamsil_subway": 18, "reach_bucket_jamsil_subway": "10-20", "reach_min_jamsil_rail": 18, "reach_bucket_jamsil_rail": "10-20", "reach_min_konkuk_subway": 29, "reach_bucket_konkuk_subway": "20-30", "reach_min_konkuk_rail": 29, "reach_bucket_konkuk_rail": "20-30", "reach_min_hongik_subway": 53, "reach_bucket_hongik_subway": "45-60", "reach_min_hongik_rail": 53, "reach_bucket_hongik_rail": "45-60"}}, {"type": "Feature", "geometry": {"type": "Point", "coordinates": [127.14824, 37.52828]}, "properties": {"id": "kr_437", "name": "VHS Medical Center", "district": "Gangdong-gu", "transit_stress_score": 0.0, "transit_stress_tier": "very-low", "walk_stress_score": 100.0, "walk_stress_tier": "mid", "reach_min_seoul_station_subway": 45, "reach_bucket_seoul_station_subway": "45-60", "reach_min_seoul_station_rail": 45, "reach_bucket_seoul_station_rail": "45-60", "reach_min_city_hall_subway": 44, "reach_bucket_city_hall_subway": "30-45", "reach_min_city_hall_rail": 44, "reach_bucket_city_hall_rail": "30-45", "reach_min_gangnam_subway": 25, "reach_bucket_gangnam_subway": "20-30", "reach_min_gangnam_rail": 25, "reach_bucket_gangnam_rail": "20-30", "reach_min_wangsimni_subway": 31, "reach_bucket_wangsimni_subway": "30-45", "reach_min_wangsimni_rail": 31, "reach_bucket_wangsimni_rail": "30-45", "reach_min_sadang_subway": 36, "reach_bucket_sadang_subway": "30-45", "reach_min_sadang_rail": 36, "reach_bucket_sadang_rail": "30-45", "reach_min_jamsil_subway": 20, "reach_bucket_jamsil_subway": "20-30", "reach_min_jamsil_rail": 20, "reach_bucket_jamsil_rail": "20-30", "reach_min_konkuk_subway": 31, "reach_bucket_konkuk_subway": "30-45", "reach_min_konkuk_rail": 31, "reach_bucket_konkuk_rail": "30-45", "reach_min_hongik_subway": 55, "reach_bucket_hongik_subway": "45-60", "reach_min_hongik_rail": 55, "reach_bucket_hongik_rail": "45-60"}}, {"type": "Feature", "geometry": {"type": "Point", "coordinates": [127.12736, 37.6424]}, "properties": {"id": "kr_438", "name": "Byeollae", "district": null, "transit_stress_score": 0.0, "transit_stress_tier": "very-low", "walk_stress_score": 100.0, "walk_stress_tier": "mid", "reach_min_seoul_station_subway": 61, "reach_bucket_seoul_station_subway": "60-90", "reach_min_seoul_station_rail": 61, "reach_bucket_seoul_station_rail": "60-90", "reach_min_city_hall_subway": 60, "reach_bucket_city_hall_subway": "60-90", "reach_min_city_hall_rail": 60, "reach_bucket_city_hall_rail": "60-90", "reach_min_gangnam_subway": 53, "reach_bucket_gangnam_subway": "45-60", "reach_min_gangnam_rail": 53, "reach_bucket_gangnam_rail": "45-60", "reach_min_wangsimni_subway": 47, "reach_bucket_wangsimni_subway": "45-60", "reach_min_wangsimni_rail": 47, "reach_bucket_wangsimni_rail": "45-60", "reach_min_sadang_subway": 64, "reach_bucket_sadang_subway": "60-90", "reach_min_sadang_rail": 64, "reach_bucket_sadang_rail": "60-90", "reach_min_jamsil_subway": 48, "reach_bucket_jamsil_subway": "45-60", "reach_min_jamsil_rail": 48, "reach_bucket_jamsil_rail": "45-60", "reach_min_konkuk_subway": 56, "reach_bucket_konkuk_subway": "45-60", "reach_min_konkuk_rail": 56, "reach_bucket_konkuk_rail": "45-60", "reach_min_hongik_subway": 71, "reach_bucket_hongik_subway": "60-90", "reach_min_hongik_rail": 71, "reach_bucket_hongik_rail": "60-90"}}, {"type": "Feature", "geometry": {"type": "Point", "coordinates": [127.13032, 37.43401]}, "properties": {"id": "kr_439", "name": "Moran", "district": null, "transit_stress_score": 0.0, "transit_stress_tier": "very-low", "walk_stress_score": 100.0, "walk_stress_tier": "mid", "reach_min_seoul_station_subway": 64, "reach_bucket_seoul_station_subway": "60-90", "reach_min_seoul_station_rail": 64, "reach_bucket_seoul_station_rail": "60-90", "reach_min_city_hall_subway": 66, "reach_bucket_city_hall_subway": "60-90", "reach_min_city_hall_rail": 66, "reach_bucket_city_hall_rail": "60-90", "reach_min_gangnam_subway": 42, "reach_bucket_gangnam_subway": "30-45", "reach_min_gangnam_rail": 42, "reach_bucket_gangnam_rail": "30-45", "reach_min_wangsimni_subway": 56, "reach_bucket_wangsimni_subway": "45-60", "reach_min_wangsimni_rail": 56, "reach_bucket_wangsimni_rail": "45-60", "reach_min_sadang_subway": 53, "reach_bucket_sadang_subway": "45-60", "reach_min_sadang_rail": 53, "reach_bucket_sadang_rail": "45-60", "reach_min_jamsil_subway": 37, "reach_bucket_jamsil_subway": "30-45", "reach_min_jamsil_rail": 37, "reach_bucket_jamsil_rail": "30-45", "reach_min_konkuk_subway": 49, "reach_bucket_konkuk_subway": "45-60", "reach_min_konkuk_rail": 49, "reach_bucket_konkuk_rail": "45-60", "reach_min_hongik_subway": 73, "reach_bucket_hongik_subway": "60-90", "reach_min_hongik_rail": 73, "reach_bucket_hongik_rail": "60-90"}}, {"type": "Feature", "geometry": {"type": "Point", "coordinates": [127.15277, 37.49497]}, "properties": {"id": "kr_440", "name": "Macheon", "district": "Songpa-gu", "transit_stress_score": 0.0, "transit_stress_tier": "very-low", "walk_stress_score": 100.0, "walk_stress_tier": "mid", "reach_min_seoul_station_subway": 51, "reach_bucket_seoul_station_subway": "45-60", "reach_min_seoul_station_rail": 51, "reach_bucket_seoul_station_rail": "45-60", "reach_min_city_hall_subway": 50, "reach_bucket_city_hall_subway": "45-60", "reach_min_city_hall_rail": 50, "reach_bucket_city_hall_rail": "45-60", "reach_min_gangnam_subway": 30, "reach_bucket_gangnam_subway": "30-45", "reach_min_gangnam_rail": 30, "reach_bucket_gangnam_rail": "30-45", "reach_min_wangsimni_subway": 37, "reach_bucket_wangsimni_subway": "30-45", "reach_min_wangsimni_rail": 37, "reach_bucket_wangsimni_rail": "30-45", "reach_min_sadang_subway": 40, "reach_bucket_sadang_subway": "30-45", "reach_min_sadang_rail": 40, "reach_bucket_sadang_rail": "30-45", "reach_min_jamsil_subway": 25, "reach_bucket_jamsil_subway": "20-30", "reach_min_jamsil_rail": 25, "reach_bucket_jamsil_rail": "20-30", "reach_min_konkuk_subway": 36, "reach_bucket_konkuk_subway": "30-45", "reach_min_konkuk_rail": 36, "reach_bucket_konkuk_rail": "30-45", "reach_min_hongik_subway": 60, "reach_bucket_hongik_subway": "60-90", "reach_min_hongik_rail": 60, "reach_bucket_hongik_rail": "60-90"}}, {"type": "Feature", "geometry": {"type": "Point", "coordinates": [126.81273, 37.57739]}, "properties": {"id": "kr_441", "name": "방화", "district": "Gangseo-gu", "transit_stress_score": 0.0, "transit_stress_tier": "very-low", "walk_stress_score": 87.5, "walk_stress_tier": "very-low", "reach_min_seoul_station_subway": 45, "reach_bucket_seoul_station_subway": "45-60", "reach_min_seoul_station_rail": 45, "reach_bucket_seoul_station_rail": "45-60", "reach_min_city_hall_subway": 43, "reach_bucket_city_hall_subway": "30-45", "reach_min_city_hall_rail": 43, "reach_bucket_city_hall_rail": "30-45", "reach_min_gangnam_subway": 51, "reach_bucket_gangnam_subway": "45-60", "reach_min_gangnam_rail": 51, "reach_bucket_gangnam_rail": "45-60", "reach_min_wangsimni_subway": 56, "reach_bucket_wangsimni_subway": "45-60", "reach_min_wangsimni_rail": 56, "reach_bucket_wangsimni_rail": "45-60", "reach_min_sadang_subway": 47, "reach_bucket_sadang_subway": "45-60", "reach_min_sadang_rail": 47, "reach_bucket_sadang_rail": "45-60", "reach_min_jamsil_subway": 64, "reach_bucket_jamsil_subway": "60-90", "reach_min_jamsil_rail": 64, "reach_bucket_jamsil_rail": "60-90", "reach_min_konkuk_subway": 65, "reach_bucket_konkuk_subway": "60-90", "reach_min_konkuk_rail": 65, "reach_bucket_konkuk_rail": "60-90", "reach_min_hongik_subway": 32, "reach_bucket_hongik_subway": "30-45", "reach_min_hongik_rail": 32, "reach_bucket_hongik_rail": "30-45"}}, {"type": "Feature", "geometry": {"type": "Point", "coordinates": [126.88474, 37.41637]}, "properties": {"id": "kr_442", "name": "Gwangmyeong", "district": null, "transit_stress_score": 0.0, "transit_stress_tier": "very-low", "walk_stress_score": 100.0, "walk_stress_tier": "mid", "reach_min_seoul_station_subway": 35, "reach_bucket_seoul_station_subway": "30-45", "reach_min_seoul_station_rail": 24, "reach_bucket_seoul_station_rail": "20-30", "reach_min_city_hall_subway": 38, "reach_bucket_city_hall_subway": "30-45", "reach_min_city_hall_rail": 27, "reach_bucket_city_hall_rail": "20-30", "reach_min_gangnam_subway": 45, "reach_bucket_gangnam_subway": "45-60", "reach_min_gangnam_rail": 45, "reach_bucket_gangnam_rail": "45-60", "reach_min_wangsimni_subway": 49, "reach_bucket_wangsimni_subway": "45-60", "reach_min_wangsimni_rail": 39, "reach_bucket_wangsimni_rail": "30-45", "reach_min_sadang_subway": 41, "reach_bucket_sadang_subway": "30-45", "reach_min_sadang_rail": 41, "reach_bucket_sadang_rail": "30-45", "reach_min_jamsil_subway": 58, "reach_bucket_jamsil_subway": "45-60", "reach_min_jamsil_rail": 58, "reach_bucket_jamsil_rail": "45-60", "reach_min_konkuk_subway": 59, "reach_bucket_konkuk_subway": "45-60", "reach_min_konkuk_rail": 48, "reach_bucket_konkuk_rail": "45-60", "reach_min_hongik_subway": 36, "reach_bucket_hongik_subway": "30-45", "reach_min_hongik_rail": 36, "reach_bucket_hongik_rail": "30-45"}}, {"type": "Feature", "geometry": {"type": "Point", "coordinates": [126.88951, 37.46603]}, "properties": {"id": "kr_443", "name": "Doksan", "district": "Geumcheon-gu", "transit_stress_score": 0.0, "transit_stress_tier": "very-low", "walk_stress_score": 100.0, "walk_stress_tier": "mid", "reach_min_seoul_station_subway": 28, "reach_bucket_seoul_station_subway": "20-30", "reach_min_seoul_station_rail": 28, "reach_bucket_seoul_station_rail": "20-30", "reach_min_city_hall_subway": 31, "reach_bucket_city_hall_subway": "30-45", "reach_min_city_hall_rail": 31, "reach_bucket_city_hall_rail": "30-45", "reach_min_gangnam_subway": 38, "reach_bucket_gangnam_subway": "30-45", "reach_min_gangnam_rail": 38, "reach_bucket_gangnam_rail": "30-45", "reach_min_wangsimni_subway": 43, "reach_bucket_wangsimni_subway": "30-45", "reach_min_wangsimni_rail": 43, "reach_bucket_wangsimni_rail": "30-45", "reach_min_sadang_subway": 33, "reach_bucket_sadang_subway": "30-45", "reach_min_sadang_rail": 33, "reach_bucket_sadang_rail": "30-45", "reach_min_jamsil_subway": 51, "reach_bucket_jamsil_subway": "45-60", "reach_min_jamsil_rail": 51, "reach_bucket_jamsil_rail": "45-60", "reach_min_konkuk_subway": 52, "reach_bucket_konkuk_subway": "45-60", "reach_min_konkuk_rail": 52, "reach_bucket_konkuk_rail": "45-60", "reach_min_hongik_subway": 25, "reach_bucket_hongik_subway": "20-30", "reach_min_hongik_rail": 25, "reach_bucket_hongik_rail": "20-30"}}, {"type": "Feature", "geometry": {"type": "Point", "coordinates": [127.04414, 37.30218]}, "properties": {"id": "kr_444", "name": "Gwanggyo", "district": null, "transit_stress_score": 0.0, "transit_stress_tier": "very-low", "walk_stress_score": 100.0, "walk_stress_tier": "mid", "reach_min_seoul_station_subway": 83, "reach_bucket_seoul_station_subway": "60-90", "reach_min_seoul_station_rail": 83, "reach_bucket_seoul_station_rail": "60-90", "reach_min_city_hall_subway": 85, "reach_bucket_city_hall_subway": "60-90", "reach_min_city_hall_rail": 85, "reach_bucket_city_hall_rail": "60-90", "reach_min_gangnam_subway": 59, "reach_bucket_gangnam_subway": "45-60", "reach_min_gangnam_rail": 59, "reach_bucket_gangnam_rail": "45-60", "reach_min_wangsimni_subway": 83, "reach_bucket_wangsimni_subway": "60-90", "reach_min_wangsimni_rail": 83, "reach_bucket_wangsimni_rail": "60-90", "reach_min_sadang_subway": 69, "reach_bucket_sadang_subway": "60-90", "reach_min_sadang_rail": 69, "reach_bucket_sadang_rail": "60-90", "reach_min_jamsil_subway": 74, "reach_bucket_jamsil_subway": "60-90", "reach_min_jamsil_rail": 74, "reach_bucket_jamsil_rail": "60-90", "reach_min_konkuk_subway": 85, "reach_bucket_konkuk_subway": "60-90", "reach_min_konkuk_rail": 85, "reach_bucket_konkuk_rail": "60-90", "reach_min_hongik_subway": 91, "reach_bucket_hongik_subway": "90-120", "reach_min_hongik_rail": 91, "reach_bucket_hongik_rail": "90-120"}}, {"type": "Feature", "geometry": {"type": "Point", "coordinates": [127.62857, 37.28282]}, "properties": {"id": "kr_445", "name": "여주", "district": null, "transit_stress_score": 0.0, "transit_stress_tier": "very-low", "walk_stress_score": 100.0, "walk_stress_tier": "mid", "reach_min_seoul_station_subway": 120, "reach_bucket_seoul_station_subway": "120+", "reach_min_seoul_station_rail": 120, "reach_bucket_seoul_station_rail": "120+", "reach_min_city_hall_subway": 120, "reach_bucket_city_hall_subway": "120+", "reach_min_city_hall_rail": 120, "reach_bucket_city_hall_rail": "120+", "reach_min_gangnam_subway": 120, "reach_bucket_gangnam_subway": "120+", "reach_min_gangnam_rail": 120, "reach_bucket_gangnam_rail": "120+", "reach_min_wangsimni_subway": 120, "reach_bucket_wangsimni_subway": "120+", "reach_min_wangsimni_rail": 120, "reach_bucket_wangsimni_rail": "120+", "reach_min_sadang_subway": 120, "reach_bucket_sadang_subway": "120+", "reach_min_sadang_rail": 120, "reach_bucket_sadang_rail": "120+", "reach_min_jamsil_subway": 120, "reach_bucket_jamsil_subway": "120+", "reach_min_jamsil_rail": 120, "reach_bucket_jamsil_rail": "120+", "reach_min_konkuk_subway": 120, "reach_bucket_konkuk_subway": "120+", "reach_min_konkuk_rail": 120, "reach_bucket_konkuk_rail": "120+", "reach_min_hongik_subway": 120, "reach_bucket_hongik_subway": "120+", "reach_min_hongik_rail": 120, "reach_bucket_hongik_rail": "120+"}}, {"type": "Feature", "geometry": {"type": "Point", "coordinates": [127.05722, 37.91412]}, "properties": {"id": "kr_446", "name": "Bosan", "district": null, "transit_stress_score": 0.0, "transit_stress_tier": "very-low", "walk_stress_score": 100.0, "walk_stress_tier": "mid", "reach_min_seoul_station_subway": 94, "reach_bucket_seoul_station_subway": "90-120", "reach_min_seoul_station_rail": 94, "reach_bucket_seoul_station_rail": "90-120", "reach_min_city_hall_subway": 92, "reach_bucket_city_hall_subway": "90-120", "reach_min_city_hall_rail": 92, "reach_bucket_city_hall_rail": "90-120", "reach_min_gangnam_subway": 106, "reach_bucket_gangnam_subway": "90-120", "reach_min_gangnam_rail": 106, "reach_bucket_gangnam_rail": "90-120", "reach_min_wangsimni_subway": 92, "reach_bucket_wangsimni_subway": "90-120", "reach_min_wangsimni_rail": 92, "reach_bucket_wangsimni_rail": "90-120", "reach_min_sadang_subway": 114, "reach_bucket_sadang_subway": "90-120", "reach_min_sadang_rail": 114, "reach_bucket_sadang_rail": "90-120", "reach_min_jamsil_subway": 106, "reach_bucket_jamsil_subway": "90-120", "reach_min_jamsil_rail": 106, "reach_bucket_jamsil_rail": "90-120", "reach_min_konkuk_subway": 94, "reach_bucket_konkuk_subway": "90-120", "reach_min_konkuk_rail": 94, "reach_bucket_konkuk_rail": "90-120", "reach_min_hongik_subway": 103, "reach_bucket_hongik_subway": "90-120", "reach_min_hongik_rail": 103, "reach_bucket_hongik_rail": "90-120"}}, {"type": "Feature", "geometry": {"type": "Point", "coordinates": [127.0567, 37.81877]}, "properties": {"id": "kr_447", "name": "Deokgye", "district": null, "transit_stress_score": 0.0, "transit_stress_tier": "very-low", "walk_stress_score": 100.0, "walk_stress_tier": "mid", "reach_min_seoul_station_subway": 74, "reach_bucket_seoul_station_subway": "60-90", "reach_min_seoul_station_rail": 74, "reach_bucket_seoul_station_rail": "60-90", "reach_min_city_hall_subway": 72, "reach_bucket_city_hall_subway": "60-90", "reach_min_city_hall_rail": 72, "reach_bucket_city_hall_rail": "60-90", "reach_min_gangnam_subway": 86, "reach_bucket_gangnam_subway": "60-90", "reach_min_gangnam_rail": 86, "reach_bucket_gangnam_rail": "60-90", "reach_min_wangsimni_subway": 72, "reach_bucket_wangsimni_subway": "60-90", "reach_min_wangsimni_rail": 72, "reach_bucket_wangsimni_rail": "60-90", "reach_min_sadang_subway": 94, "reach_bucket_sadang_subway": "90-120", "reach_min_sadang_rail": 94, "reach_bucket_sadang_rail": "90-120", "reach_min_jamsil_subway": 85, "reach_bucket_jamsil_subway": "60-90", "reach_min_jamsil_rail": 85, "reach_bucket_jamsil_rail": "60-90", "reach_min_konkuk_subway": 74, "reach_bucket_konkuk_subway": "60-90", "reach_min_konkuk_rail": 74, "reach_bucket_konkuk_rail": "60-90", "reach_min_hongik_subway": 83, "reach_bucket_hongik_subway": "60-90", "reach_min_hongik_rail": 83, "reach_bucket_hongik_rail": "60-90"}}, {"type": "Feature", "geometry": {"type": "Point", "coordinates": [127.04441, 37.74838]}, "properties": {"id": "kr_448", "name": "Ganeung", "district": null, "transit_stress_score": 0.0, "transit_stress_tier": "very-low", "walk_stress_score": 100.0, "walk_stress_tier": "mid", "reach_min_seoul_station_subway": 59, "reach_bucket_seoul_station_subway": "45-60", "reach_min_seoul_station_rail": 59, "reach_bucket_seoul_station_rail": "45-60", "reach_min_city_hall_subway": 57, "reach_bucket_city_hall_subway": "45-60", "reach_min_city_hall_rail": 57, "reach_bucket_city_hall_rail": "45-60", "reach_min_gangnam_subway": 71, "reach_bucket_gangnam_subway": "60-90", "reach_min_gangnam_rail": 71, "reach_bucket_gangnam_rail": "60-90", "reach_min_wangsimni_subway": 57, "reach_bucket_wangsimni_subway": "45-60", "reach_min_wangsimni_rail": 57, "reach_bucket_wangsimni_rail": "45-60", "reach_min_sadang_subway": 79, "reach_bucket_sadang_subway": "60-90", "reach_min_sadang_rail": 79, "reach_bucket_sadang_rail": "60-90", "reach_min_jamsil_subway": 70, "reach_bucket_jamsil_subway": "60-90", "reach_min_jamsil_rail": 70, "reach_bucket_jamsil_rail": "60-90", "reach_min_konkuk_subway": 59, "reach_bucket_konkuk_subway": "45-60", "reach_min_konkuk_rail": 59, "reach_bucket_konkuk_rail": "45-60", "reach_min_hongik_subway": 68, "reach_bucket_hongik_subway": "60-90", "reach_min_hongik_rail": 68, "reach_bucket_hongik_rail": "60-90"}}, {"type": "Feature", "geometry": {"type": "Point", "coordinates": [127.04739, 37.71031]}, "properties": {"id": "kr_449", "name": "Mangwolsa (Shinhan University)", "district": null, "transit_stress_score": 0.0, "transit_stress_tier": "very-low", "walk_stress_score": 100.0, "walk_stress_tier": "mid", "reach_min_seoul_station_subway": 50, "reach_bucket_seoul_station_subway": "45-60", "reach_min_seoul_station_rail": 50, "reach_bucket_seoul_station_rail": "45-60", "reach_min_city_hall_subway": 48, "reach_bucket_city_hall_subway": "45-60", "reach_min_city_hall_rail": 48, "reach_bucket_city_hall_rail": "45-60", "reach_min_gangnam_subway": 62, "reach_bucket_gangnam_subway": "60-90", "reach_min_gangnam_rail": 62, "reach_bucket_gangnam_rail": "60-90", "reach_min_wangsimni_subway": 48, "reach_bucket_wangsimni_subway": "45-60", "reach_min_wangsimni_rail": 48, "reach_bucket_wangsimni_rail": "45-60", "reach_min_sadang_subway": 70, "reach_bucket_sadang_subway": "60-90", "reach_min_sadang_rail": 70, "reach_bucket_sadang_rail": "60-90", "reach_min_jamsil_subway": 62, "reach_bucket_jamsil_subway": "60-90", "reach_min_jamsil_rail": 62, "reach_bucket_jamsil_rail": "60-90", "reach_min_konkuk_subway": 50, "reach_bucket_konkuk_subway": "45-60", "reach_min_konkuk_rail": 50, "reach_bucket_konkuk_rail": "45-60", "reach_min_hongik_subway": 59, "reach_bucket_hongik_subway": "45-60", "reach_min_hongik_rail": 59, "reach_bucket_hongik_rail": "45-60"}}, {"type": "Feature", "geometry": {"type": "Point", "coordinates": [126.86957, 37.49613]}, "properties": {"id": "kr_450", "name": "Guil", "district": "Guro-gu", "transit_stress_score": 0.0, "transit_stress_tier": "very-low", "walk_stress_score": 100.0, "walk_stress_tier": "mid", "reach_min_seoul_station_subway": 22, "reach_bucket_seoul_station_subway": "20-30", "reach_min_seoul_station_rail": 22, "reach_bucket_seoul_station_rail": "20-30", "reach_min_city_hall_subway": 25, "reach_bucket_city_hall_subway": "20-30", "reach_min_city_hall_rail": 25, "reach_bucket_city_hall_rail": "20-30", "reach_min_gangnam_subway": 32, "reach_bucket_gangnam_subway": "30-45", "reach_min_gangnam_rail": 32, "reach_bucket_gangnam_rail": "30-45", "reach_min_wangsimni_subway": 37, "reach_bucket_wangsimni_subway": "30-45", "reach_min_wangsimni_rail": 37, "reach_bucket_wangsimni_rail": "30-45", "reach_min_sadang_subway": 28, "reach_bucket_sadang_subway": "20-30", "reach_min_sadang_rail": 28, "reach_bucket_sadang_rail": "20-30", "reach_min_jamsil_subway": 45, "reach_bucket_jamsil_subway": "45-60", "reach_min_jamsil_rail": 45, "reach_bucket_jamsil_rail": "45-60", "reach_min_konkuk_subway": 46, "reach_bucket_konkuk_subway": "45-60", "reach_min_konkuk_rail": 46, "reach_bucket_konkuk_rail": "45-60", "reach_min_hongik_subway": 19, "reach_bucket_hongik_subway": "10-20", "reach_min_hongik_rail": 19, "reach_bucket_hongik_rail": "10-20"}}, {"type": "Feature", "geometry": {"type": "Point", "coordinates": [126.79568, 37.48278]}, "properties": {"id": "kr_451", "name": "Sosa", "district": null, "transit_stress_score": 0.0, "transit_stress_tier": "very-low", "walk_stress_score": 100.0, "walk_stress_tier": "mid", "reach_min_seoul_station_subway": 35, "reach_bucket_seoul_station_subway": "30-45", "reach_min_seoul_station_rail": 35, "reach_bucket_seoul_station_rail": "30-45", "reach_min_city_hall_subway": 37, "reach_bucket_city_hall_subway": "30-45", "reach_min_city_hall_rail": 37, "reach_bucket_city_hall_rail": "30-45", "reach_min_gangnam_subway": 44, "reach_bucket_gangnam_subway": "30-45", "reach_min_gangnam_rail": 44, "reach_bucket_gangnam_rail": "30-45", "reach_min_wangsimni_subway": 49, "reach_bucket_wangsimni_subway": "45-60", "reach_min_wangsimni_rail": 49, "reach_bucket_wangsimni_rail": "45-60", "reach_min_sadang_subway": 40, "reach_bucket_sadang_subway": "30-45", "reach_min_sadang_rail": 40, "reach_bucket_sadang_rail": "30-45", "reach_min_jamsil_subway": 58, "reach_bucket_jamsil_subway": "45-60", "reach_min_jamsil_rail": 58, "reach_bucket_jamsil_rail": "45-60", "reach_min_konkuk_subway": 58, "reach_bucket_konkuk_subway": "45-60", "reach_min_konkuk_rail": 58, "reach_bucket_konkuk_rail": "45-60", "reach_min_hongik_subway": 32, "reach_bucket_hongik_subway": "30-45", "reach_min_hongik_rail": 32, "reach_bucket_hongik_rail": "30-45"}}, {"type": "Feature", "geometry": {"type": "Point", "coordinates": [126.76414, 37.4867]}, "properties": {"id": "kr_452", "name": "Jung-dong", "district": null, "transit_stress_score": 0.0, "transit_stress_tier": "very-low", "walk_stress_score": 100.0, "walk_stress_tier": "mid", "reach_min_seoul_station_subway": 40, "reach_bucket_seoul_station_subway": "30-45", "reach_min_seoul_station_rail": 40, "reach_bucket_seoul_station_rail": "30-45", "reach_min_city_hall_subway": 43, "reach_bucket_city_hall_subway": "30-45", "reach_min_city_hall_rail": 43, "reach_bucket_city_hall_rail": "30-45", "reach_min_gangnam_subway": 50, "reach_bucket_gangnam_subway": "45-60", "reach_min_gangnam_rail": 50, "reach_bucket_gangnam_rail": "45-60", "reach_min_wangsimni_subway": 55, "reach_bucket_wangsimni_subway": "45-60", "reach_min_wangsimni_rail": 55, "reach_bucket_wangsimni_rail": "45-60", "reach_min_sadang_subway": 46, "reach_bucket_sadang_subway": "45-60", "reach_min_sadang_rail": 46, "reach_bucket_sadang_rail": "45-60", "reach_min_jamsil_subway": 63, "reach_bucket_jamsil_subway": "60-90", "reach_min_jamsil_rail": 63, "reach_bucket_jamsil_rail": "60-90", "reach_min_konkuk_subway": 64, "reach_bucket_konkuk_subway": "60-90", "reach_min_konkuk_rail": 64, "reach_bucket_konkuk_rail": "60-90", "reach_min_hongik_subway": 37, "reach_bucket_hongik_subway": "30-45", "reach_min_hongik_rail": 37, "reach_bucket_hongik_rail": "30-45"}}, {"type": "Feature", "geometry": {"type": "Point", "coordinates": [126.74076, 37.48848]}, "properties": {"id": "kr_453", "name": "Bugae", "district": null, "transit_stress_score": 0.0, "transit_stress_tier": "very-low", "walk_stress_score": 100.0, "walk_stress_tier": "mid", "reach_min_seoul_station_subway": 45, "reach_bucket_seoul_station_subway": "45-60", "reach_min_seoul_station_rail": 45, "reach_bucket_seoul_station_rail": "45-60", "reach_min_city_hall_subway": 47, "reach_bucket_city_hall_subway": "45-60", "reach_min_city_hall_rail": 47, "reach_bucket_city_hall_rail": "45-60", "reach_min_gangnam_subway": 54, "reach_bucket_gangnam_subway": "45-60", "reach_min_gangnam_rail": 54, "reach_bucket_gangnam_rail": "45-60", "reach_min_wangsimni_subway": 59, "reach_bucket_wangsimni_subway": "45-60", "reach_min_wangsimni_rail": 59, "reach_bucket_wangsimni_rail": "45-60", "reach_min_sadang_subway": 50, "reach_bucket_sadang_subway": "45-60", "reach_min_sadang_rail": 50, "reach_bucket_sadang_rail": "45-60", "reach_min_jamsil_subway": 67, "reach_bucket_jamsil_subway": "60-90", "reach_min_jamsil_rail": 67, "reach_bucket_jamsil_rail": "60-90", "reach_min_konkuk_subway": 68, "reach_bucket_konkuk_subway": "60-90", "reach_min_konkuk_rail": 68, "reach_bucket_konkuk_rail": "60-90", "reach_min_hongik_subway": 41, "reach_bucket_hongik_subway": "30-45", "reach_min_hongik_rail": 41, "reach_bucket_hongik_rail": "30-45"}}, {"type": "Feature", "geometry": {"type": "Point", "coordinates": [126.70696, 37.48301]}, "properties": {"id": "kr_454", "name": "Baegun", "district": null, "transit_stress_score": 0.0, "transit_stress_tier": "very-low", "walk_stress_score": 100.0, "walk_stress_tier": "mid", "reach_min_seoul_station_subway": 51, "reach_bucket_seoul_station_subway": "45-60", "reach_min_seoul_station_rail": 51, "reach_bucket_seoul_station_rail": "45-60", "reach_min_city_hall_subway": 53, "reach_bucket_city_hall_subway": "45-60", "reach_min_city_hall_rail": 53, "reach_bucket_city_hall_rail": "45-60", "reach_min_gangnam_subway": 60, "reach_bucket_gangnam_subway": "60-90", "reach_min_gangnam_rail": 60, "reach_bucket_gangnam_rail": "60-90", "reach_min_wangsimni_subway": 65, "reach_bucket_wangsimni_subway": "60-90", "reach_min_wangsimni_rail": 65, "reach_bucket_wangsimni_rail": "60-90", "reach_min_sadang_subway": 56, "reach_bucket_sadang_subway": "45-60", "reach_min_sadang_rail": 56, "reach_bucket_sadang_rail": "45-60", "reach_min_jamsil_subway": 74, "reach_bucket_jamsil_subway": "60-90", "reach_min_jamsil_rail": 74, "reach_bucket_jamsil_rail": "60-90", "reach_min_konkuk_subway": 75, "reach_bucket_konkuk_subway": "60-90", "reach_min_konkuk_rail": 75, "reach_bucket_konkuk_rail": "60-90", "reach_min_hongik_subway": 48, "reach_bucket_hongik_subway": "45-60", "reach_min_hongik_rail": 48, "reach_bucket_hongik_rail": "45-60"}}, {"type": "Feature", "geometry": {"type": "Point", "coordinates": [126.6934, 37.46473]}, "properties": {"id": "kr_455", "name": "Ganseok", "district": null, "transit_stress_score": 0.0, "transit_stress_tier": "very-low", "walk_stress_score": 100.0, "walk_stress_tier": "mid", "reach_min_seoul_station_subway": 55, "reach_bucket_seoul_station_subway": "45-60", "reach_min_seoul_station_rail": 55, "reach_bucket_seoul_station_rail": "45-60", "reach_min_city_hall_subway": 58, "reach_bucket_city_hall_subway": "45-60", "reach_min_city_hall_rail": 58, "reach_bucket_city_hall_rail": "45-60", "reach_min_gangnam_subway": 65, "reach_bucket_gangnam_subway": "60-90", "reach_min_gangnam_rail": 65, "reach_bucket_gangnam_rail": "60-90", "reach_min_wangsimni_subway": 70, "reach_bucket_wangsimni_subway": "60-90", "reach_min_wangsimni_rail": 70, "reach_bucket_wangsimni_rail": "60-90", "reach_min_sadang_subway": 61, "reach_bucket_sadang_subway": "60-90", "reach_min_sadang_rail": 61, "reach_bucket_sadang_rail": "60-90", "reach_min_jamsil_subway": 78, "reach_bucket_jamsil_subway": "60-90", "reach_min_jamsil_rail": 78, "reach_bucket_jamsil_rail": "60-90", "reach_min_konkuk_subway": 79, "reach_bucket_konkuk_subway": "60-90", "reach_min_konkuk_rail": 79, "reach_bucket_konkuk_rail": "60-90", "reach_min_hongik_subway": 52, "reach_bucket_hongik_subway": "45-60", "reach_min_hongik_rail": 52, "reach_bucket_hongik_rail": "45-60"}}, {"type": "Feature", "geometry": {"type": "Point", "coordinates": [126.66862, 37.4661]}, "properties": {"id": "kr_456", "name": "Dohwa", "district": null, "transit_stress_score": 0.0, "transit_stress_tier": "very-low", "walk_stress_score": 100.0, "walk_stress_tier": "mid", "reach_min_seoul_station_subway": 59, "reach_bucket_seoul_station_subway": "45-60", "reach_min_seoul_station_rail": 59, "reach_bucket_seoul_station_rail": "45-60", "reach_min_city_hall_subway": 61, "reach_bucket_city_hall_subway": "60-90", "reach_min_city_hall_rail": 61, "reach_bucket_city_hall_rail": "60-90", "reach_min_gangnam_subway": 68, "reach_bucket_gangnam_subway": "60-90", "reach_min_gangnam_rail": 68, "reach_bucket_gangnam_rail": "60-90", "reach_min_wangsimni_subway": 73, "reach_bucket_wangsimni_subway": "60-90", "reach_min_wangsimni_rail": 73, "reach_bucket_wangsimni_rail": "60-90", "reach_min_sadang_subway": 64, "reach_bucket_sadang_subway": "60-90", "reach_min_sadang_rail": 64, "reach_bucket_sadang_rail": "60-90", "reach_min_jamsil_subway": 82, "reach_bucket_jamsil_subway": "60-90", "reach_min_jamsil_rail": 82, "reach_bucket_jamsil_rail": "60-90", "reach_min_konkuk_subway": 82, "reach_bucket_konkuk_subway": "60-90", "reach_min_konkuk_rail": 82, "reach_bucket_konkuk_rail": "60-90", "reach_min_hongik_subway": 55, "reach_bucket_hongik_subway": "45-60", "reach_min_hongik_rail": 55, "reach_bucket_hongik_rail": "45-60"}}, {"type": "Feature", "geometry": {"type": "Point", "coordinates": [126.64252, 37.46877]}, "properties": {"id": "kr_457", "name": "Dowon", "district": null, "transit_stress_score": 0.0, "transit_stress_tier": "very-low", "walk_stress_score": 100.0, "walk_stress_tier": "mid", "reach_min_seoul_station_subway": 63, "reach_bucket_seoul_station_subway": "60-90", "reach_min_seoul_station_rail": 63, "reach_bucket_seoul_station_rail": "60-90", "reach_min_city_hall_subway": 66, "reach_bucket_city_hall_subway": "60-90", "reach_min_city_hall_rail": 66, "reach_bucket_city_hall_rail": "60-90", "reach_min_gangnam_subway": 73, "reach_bucket_gangnam_subway": "60-90", "reach_min_gangnam_rail": 73, "reach_bucket_gangnam_rail": "60-90", "reach_min_wangsimni_subway": 78, "reach_bucket_wangsimni_subway": "60-90", "reach_min_wangsimni_rail": 78, "reach_bucket_wangsimni_rail": "60-90", "reach_min_sadang_subway": 69, "reach_bucket_sadang_subway": "60-90", "reach_min_sadang_rail": 69, "reach_bucket_sadang_rail": "60-90", "reach_min_jamsil_subway": 86, "reach_bucket_jamsil_subway": "60-90", "reach_min_jamsil_rail": 86, "reach_bucket_jamsil_rail": "60-90", "reach_min_konkuk_subway": 87, "reach_bucket_konkuk_subway": "60-90", "reach_min_konkuk_rail": 87, "reach_bucket_konkuk_rail": "60-90", "reach_min_hongik_subway": 60, "reach_bucket_hongik_subway": "60-90", "reach_min_hongik_rail": 60, "reach_bucket_hongik_rail": "60-90"}}, {"type": "Feature", "geometry": {"type": "Point", "coordinates": [126.61704, 37.47694]}, "properties": {"id": "kr_458", "name": "Incheon", "district": null, "transit_stress_score": 0.0, "transit_stress_tier": "very-low", "walk_stress_score": 100.0, "walk_stress_tier": "mid", "reach_min_seoul_station_subway": 68, "reach_bucket_seoul_station_subway": "60-90", "reach_min_seoul_station_rail": 68, "reach_bucket_seoul_station_rail": "60-90", "reach_min_city_hall_subway": 70, "reach_bucket_city_hall_subway": "60-90", "reach_min_city_hall_rail": 70, "reach_bucket_city_hall_rail": "60-90", "reach_min_gangnam_subway": 77, "reach_bucket_gangnam_subway": "60-90", "reach_min_gangnam_rail": 77, "reach_bucket_gangnam_rail": "60-90", "reach_min_wangsimni_subway": 82, "reach_bucket_wangsimni_subway": "60-90", "reach_min_wangsimni_rail": 82, "reach_bucket_wangsimni_rail": "60-90", "reach_min_sadang_subway": 73, "reach_bucket_sadang_subway": "60-90", "reach_min_sadang_rail": 73, "reach_bucket_sadang_rail": "60-90", "reach_min_jamsil_subway": 91, "reach_bucket_jamsil_subway": "90-120", "reach_min_jamsil_rail": 91, "reach_bucket_jamsil_rail": "90-120", "reach_min_konkuk_subway": 91, "reach_bucket_konkuk_subway": "90-120", "reach_min_konkuk_rail": 91, "reach_bucket_konkuk_rail": "90-120", "reach_min_hongik_subway": 64, "reach_bucket_hongik_subway": "60-90", "reach_min_hongik_rail": 64, "reach_bucket_hongik_rail": "60-90"}}, {"type": "Feature", "geometry": {"type": "Point", "coordinates": [126.93565, 37.38431]}, "properties": {"id": "kr_459", "name": "Myeonghak", "district": null, "transit_stress_score": 0.0, "transit_stress_tier": "very-low", "walk_stress_score": 100.0, "walk_stress_tier": "mid", "reach_min_seoul_station_subway": 43, "reach_bucket_seoul_station_subway": "30-45", "reach_min_seoul_station_rail": 43, "reach_bucket_seoul_station_rail": "30-45", "reach_min_city_hall_subway": 46, "reach_bucket_city_hall_subway": "45-60", "reach_min_city_hall_rail": 46, "reach_bucket_city_hall_rail": "45-60", "reach_min_gangnam_subway": 46, "reach_bucket_gangnam_subway": "45-60", "reach_min_gangnam_rail": 46, "reach_bucket_gangnam_rail": "45-60", "reach_min_wangsimni_subway": 58, "reach_bucket_wangsimni_subway": "45-60", "reach_min_wangsimni_rail": 58, "reach_bucket_wangsimni_rail": "45-60", "reach_min_sadang_subway": 35, "reach_bucket_sadang_subway": "30-45", "reach_min_sadang_rail": 35, "reach_bucket_sadang_rail": "30-45", "reach_min_jamsil_subway": 61, "reach_bucket_jamsil_subway": "60-90", "reach_min_jamsil_rail": 61, "reach_bucket_jamsil_rail": "60-90", "reach_min_konkuk_subway": 67, "reach_bucket_konkuk_subway": "60-90", "reach_min_konkuk_rail": 67, "reach_bucket_konkuk_rail": "60-90", "reach_min_hongik_subway": 44, "reach_bucket_hongik_subway": "30-45", "reach_min_hongik_rail": 44, "reach_bucket_hongik_rail": "30-45"}}, {"type": "Feature", "geometry": {"type": "Point", "coordinates": [126.94836, 37.34334]}, "properties": {"id": "kr_460", "name": "Dangjeong", "district": null, "transit_stress_score": 0.0, "transit_stress_tier": "very-low", "walk_stress_score": 100.0, "walk_stress_tier": "mid", "reach_min_seoul_station_subway": 52, "reach_bucket_seoul_station_subway": "45-60", "reach_min_seoul_station_rail": 52, "reach_bucket_seoul_station_rail": "45-60", "reach_min_city_hall_subway": 55, "reach_bucket_city_hall_subway": "45-60", "reach_min_city_hall_rail": 55, "reach_bucket_city_hall_rail": "45-60", "reach_min_gangnam_subway": 50, "reach_bucket_gangnam_subway": "45-60", "reach_min_gangnam_rail": 50, "reach_bucket_gangnam_rail": "45-60", "reach_min_wangsimni_subway": 67, "reach_bucket_wangsimni_subway": "60-90", "reach_min_wangsimni_rail": 67, "reach_bucket_wangsimni_rail": "60-90", "reach_min_sadang_subway": 39, "reach_bucket_sadang_subway": "30-45", "reach_min_sadang_rail": 39, "reach_bucket_sadang_rail": "30-45", "reach_min_jamsil_subway": 65, "reach_bucket_jamsil_subway": "60-90", "reach_min_jamsil_rail": 65, "reach_bucket_jamsil_rail": "60-90", "reach_min_konkuk_subway": 76, "reach_bucket_konkuk_subway": "60-90", "reach_min_konkuk_rail": 76, "reach_bucket_konkuk_rail": "60-90", "reach_min_hongik_subway": 53, "reach_bucket_hongik_subway": "45-60", "reach_min_hongik_rail": 53, "reach_bucket_hongik_rail": "45-60"}}, {"type": "Feature", "geometry": {"type": "Point", "coordinates": [126.98956, 37.28406]}, "properties": {"id": "kr_461", "name": "Hwaseo", "district": null, "transit_stress_score": 0.0, "transit_stress_tier": "very-low", "walk_stress_score": 100.0, "walk_stress_tier": "mid", "reach_min_seoul_station_subway": 68, "reach_bucket_seoul_station_subway": "60-90", "reach_min_seoul_station_rail": 68, "reach_bucket_seoul_station_rail": "60-90", "reach_min_city_hall_subway": 71, "reach_bucket_city_hall_subway": "60-90", "reach_min_city_hall_rail": 71, "reach_bucket_city_hall_rail": "60-90", "reach_min_gangnam_subway": 65, "reach_bucket_gangnam_subway": "60-90", "reach_min_gangnam_rail": 65, "reach_bucket_gangnam_rail": "60-90", "reach_min_wangsimni_subway": 82, "reach_bucket_wangsimni_subway": "60-90", "reach_min_wangsimni_rail": 82, "reach_bucket_wangsimni_rail": "60-90", "reach_min_sadang_subway": 54, "reach_bucket_sadang_subway": "45-60", "reach_min_sadang_rail": 54, "reach_bucket_sadang_rail": "45-60", "reach_min_jamsil_subway": 80, "reach_bucket_jamsil_subway": "60-90", "reach_min_jamsil_rail": 80, "reach_bucket_jamsil_rail": "60-90", "reach_min_konkuk_subway": 91, "reach_bucket_konkuk_subway": "90-120", "reach_min_konkuk_rail": 91, "reach_bucket_konkuk_rail": "90-120", "reach_min_hongik_subway": 69, "reach_bucket_hongik_subway": "60-90", "reach_min_hongik_rail": 69, "reach_bucket_hongik_rail": "60-90"}}, {"type": "Feature", "geometry": {"type": "Point", "coordinates": [127.01371, 37.24415]}, "properties": {"id": "kr_462", "name": "Seryu", "district": null, "transit_stress_score": 0.0, "transit_stress_tier": "very-low", "walk_stress_score": 100.0, "walk_stress_tier": "mid", "reach_min_seoul_station_subway": 77, "reach_bucket_seoul_station_subway": "60-90", "reach_min_seoul_station_rail": 77, "reach_bucket_seoul_station_rail": "60-90", "reach_min_city_hall_subway": 80, "reach_bucket_city_hall_subway": "60-90", "reach_min_city_hall_rail": 80, "reach_bucket_city_hall_rail": "60-90", "reach_min_gangnam_subway": 74, "reach_bucket_gangnam_subway": "60-90", "reach_min_gangnam_rail": 74, "reach_bucket_gangnam_rail": "60-90", "reach_min_wangsimni_subway": 92, "reach_bucket_wangsimni_subway": "90-120", "reach_min_wangsimni_rail": 92, "reach_bucket_wangsimni_rail": "90-120", "reach_min_sadang_subway": 63, "reach_bucket_sadang_subway": "60-90", "reach_min_sadang_rail": 63, "reach_bucket_sadang_rail": "60-90", "reach_min_jamsil_subway": 89, "reach_bucket_jamsil_subway": "60-90", "reach_min_jamsil_rail": 89, "reach_bucket_jamsil_rail": "60-90", "reach_min_konkuk_subway": 100, "reach_bucket_konkuk_subway": "90-120", "reach_min_konkuk_rail": 100, "reach_bucket_konkuk_rail": "90-120", "reach_min_hongik_subway": 78, "reach_bucket_hongik_subway": "60-90", "reach_min_hongik_rail": 78, "reach_bucket_hongik_rail": "60-90"}}, {"type": "Feature", "geometry": {"type": "Point", "coordinates": [127.07043, 37.019]}, "properties": {"id": "kr_463", "name": "Pyeongtaek Jije", "district": null, "transit_stress_score": 0.0, "transit_stress_tier": "very-low", "walk_stress_score": 100.0, "walk_stress_tier": "mid", "reach_min_seoul_station_subway": 120, "reach_bucket_seoul_station_subway": "120+", "reach_min_seoul_station_rail": 109, "reach_bucket_seoul_station_rail": "90-120", "reach_min_city_hall_subway": 120, "reach_bucket_city_hall_subway": "120+", "reach_min_city_hall_rail": 112, "reach_bucket_city_hall_rail": "90-120", "reach_min_gangnam_subway": 120, "reach_bucket_gangnam_subway": "120+", "reach_min_gangnam_rail": 120, "reach_bucket_gangnam_rail": "120+", "reach_min_wangsimni_subway": 120, "reach_bucket_wangsimni_subway": "120+", "reach_min_wangsimni_rail": 120, "reach_bucket_wangsimni_rail": "120+", "reach_min_sadang_subway": 113, "reach_bucket_sadang_subway": "90-120", "reach_min_sadang_rail": 113, "reach_bucket_sadang_rail": "90-120", "reach_min_jamsil_subway": 120, "reach_bucket_jamsil_subway": "120+", "reach_min_jamsil_rail": 120, "reach_bucket_jamsil_rail": "120+", "reach_min_konkuk_subway": 120, "reach_bucket_konkuk_subway": "120+", "reach_min_konkuk_rail": 120, "reach_bucket_konkuk_rail": "120+", "reach_min_hongik_subway": 120, "reach_bucket_hongik_subway": "120+", "reach_min_hongik_rail": 120, "reach_bucket_hongik_rail": "120+"}}, {"type": "Feature", "geometry": {"type": "Point", "coordinates": [127.14381, 36.87095]}, "properties": {"id": "kr_464", "name": "Jiksan", "district": null, "transit_stress_score": 0.0, "transit_stress_tier": "very-low", "walk_stress_score": 100.0, "walk_stress_tier": "mid", "reach_min_seoul_station_subway": 120, "reach_bucket_seoul_station_subway": "120+", "reach_min_seoul_station_rail": 76, "reach_bucket_seoul_station_rail": "60-90", "reach_min_city_hall_subway": 120, "reach_bucket_city_hall_subway": "120+", "reach_min_city_hall_rail": 79, "reach_bucket_city_hall_rail": "60-90", "reach_min_gangnam_subway": 120, "reach_bucket_gangnam_subway": "120+", "reach_min_gangnam_rail": 93, "reach_bucket_gangnam_rail": "90-120", "reach_min_wangsimni_subway": 120, "reach_bucket_wangsimni_subway": "120+", "reach_min_wangsimni_rail": 90, "reach_bucket_wangsimni_rail": "90-120", "reach_min_sadang_subway": 120, "reach_bucket_sadang_subway": "120+", "reach_min_sadang_rail": 94, "reach_bucket_sadang_rail": "90-120", "reach_min_jamsil_subway": 120, "reach_bucket_jamsil_subway": "120+", "reach_min_jamsil_rail": 92, "reach_bucket_jamsil_rail": "90-120", "reach_min_konkuk_subway": 120, "reach_bucket_konkuk_subway": "120+", "reach_min_konkuk_rail": 100, "reach_bucket_konkuk_rail": "90-120", "reach_min_hongik_subway": 120, "reach_bucket_hongik_subway": "120+", "reach_min_hongik_rail": 90, "reach_bucket_hongik_rail": "90-120"}}, {"type": "Feature", "geometry": {"type": "Point", "coordinates": [126.95186, 36.76981]}, "properties": {"id": "kr_465", "name": "Sinchang", "district": null, "transit_stress_score": 0.0, "transit_stress_tier": "very-low", "walk_stress_score": 100.0, "walk_stress_tier": "mid", "reach_min_seoul_station_subway": 120, "reach_bucket_seoul_station_subway": "120+", "reach_min_seoul_station_rail": 81, "reach_bucket_seoul_station_rail": "60-90", "reach_min_city_hall_subway": 120, "reach_bucket_city_hall_subway": "120+", "reach_min_city_hall_rail": 83, "reach_bucket_city_hall_rail": "60-90", "reach_min_gangnam_subway": 120, "reach_bucket_gangnam_subway": "120+", "reach_min_gangnam_rail": 98, "reach_bucket_gangnam_rail": "90-120", "reach_min_wangsimni_subway": 120, "reach_bucket_wangsimni_subway": "120+", "reach_min_wangsimni_rail": 95, "reach_bucket_wangsimni_rail": "90-120", "reach_min_sadang_subway": 120, "reach_bucket_sadang_subway": "120+", "reach_min_sadang_rail": 98, "reach_bucket_sadang_rail": "90-120", "reach_min_jamsil_subway": 120, "reach_bucket_jamsil_subway": "120+", "reach_min_jamsil_rail": 96, "reach_bucket_jamsil_rail": "90-120", "reach_min_konkuk_subway": 120, "reach_bucket_konkuk_subway": "120+", "reach_min_konkuk_rail": 104, "reach_bucket_konkuk_rail": "90-120", "reach_min_hongik_subway": 120, "reach_bucket_hongik_subway": "120+", "reach_min_hongik_rail": 95, "reach_bucket_hongik_rail": "90-120"}}, {"type": "Feature", "geometry": {"type": "Point", "coordinates": [127.05188, 37.19572]}, "properties": {"id": "kr_466", "name": "Seodongtan", "district": null, "transit_stress_score": 0.0, "transit_stress_tier": "very-low", "walk_stress_score": 100.0, "walk_stress_tier": "mid", "reach_min_seoul_station_subway": 90, "reach_bucket_seoul_station_subway": "90-120", "reach_min_seoul_station_rail": 90, "reach_bucket_seoul_station_rail": "90-120", "reach_min_city_hall_subway": 92, "reach_bucket_city_hall_subway": "90-120", "reach_min_city_hall_rail": 92, "reach_bucket_city_hall_rail": "90-120", "reach_min_gangnam_subway": 87, "reach_bucket_gangnam_subway": "60-90", "reach_min_gangnam_rail": 87, "reach_bucket_gangnam_rail": "60-90", "reach_min_wangsimni_subway": 104, "reach_bucket_wangsimni_subway": "90-120", "reach_min_wangsimni_rail": 104, "reach_bucket_wangsimni_rail": "90-120", "reach_min_sadang_subway": 76, "reach_bucket_sadang_subway": "60-90", "reach_min_sadang_rail": 76, "reach_bucket_sadang_rail": "60-90", "reach_min_jamsil_subway": 102, "reach_bucket_jamsil_subway": "90-120", "reach_min_jamsil_rail": 102, "reach_bucket_jamsil_rail": "90-120", "reach_min_konkuk_subway": 113, "reach_bucket_konkuk_subway": "90-120", "reach_min_konkuk_rail": 113, "reach_bucket_konkuk_rail": "90-120", "reach_min_hongik_subway": 90, "reach_bucket_hongik_subway": "90-120", "reach_min_hongik_rail": 90, "reach_bucket_hongik_rail": "90-120"}}, {"type": "Feature", "geometry": {"type": "Point", "coordinates": [127.05308, 37.70018]}, "properties": {"id": "kr_467", "name": "Jangam", "district": null, "transit_stress_score": 0.0, "transit_stress_tier": "very-low", "walk_stress_score": 100.0, "walk_stress_tier": "mid", "reach_min_seoul_station_subway": 48, "reach_bucket_seoul_station_subway": "45-60", "reach_min_seoul_station_rail": 48, "reach_bucket_seoul_station_rail": "45-60", "reach_min_city_hall_subway": 46, "reach_bucket_city_hall_subway": "45-60", "reach_min_city_hall_rail": 46, "reach_bucket_city_hall_rail": "45-60", "reach_min_gangnam_subway": 60, "reach_bucket_gangnam_subway": "60-90", "reach_min_gangnam_rail": 60, "reach_bucket_gangnam_rail": "60-90", "reach_min_wangsimni_subway": 46, "reach_bucket_wangsimni_subway": "45-60", "reach_min_wangsimni_rail": 46, "reach_bucket_wangsimni_rail": "45-60", "reach_min_sadang_subway": 68, "reach_bucket_sadang_subway": "60-90", "reach_min_sadang_rail": 68, "reach_bucket_sadang_rail": "60-90", "reach_min_jamsil_subway": 60, "reach_bucket_jamsil_subway": "60-90", "reach_min_jamsil_rail": 60, "reach_bucket_jamsil_rail": "60-90", "reach_min_konkuk_subway": 49, "reach_bucket_konkuk_subway": "45-60", "reach_min_konkuk_rail": 49, "reach_bucket_konkuk_rail": "45-60", "reach_min_hongik_subway": 58, "reach_bucket_hongik_subway": "45-60", "reach_min_hongik_rail": 58, "reach_bucket_hongik_rail": "45-60"}}, {"type": "Feature", "geometry": {"type": "Point", "coordinates": [127.10465, 37.6124]}, "properties": {"id": "kr_468", "name": "Sinnae", "district": "Jungnang-gu", "transit_stress_score": 0.0, "transit_stress_tier": "very-low", "walk_stress_score": 100.0, "walk_stress_tier": "mid", "reach_min_seoul_station_subway": 39, "reach_bucket_seoul_station_subway": "30-45", "reach_min_seoul_station_rail": 39, "reach_bucket_seoul_station_rail": "30-45", "reach_min_city_hall_subway": 38, "reach_bucket_city_hall_subway": "30-45", "reach_min_city_hall_rail": 38, "reach_bucket_city_hall_rail": "30-45", "reach_min_gangnam_subway": 47, "reach_bucket_gangnam_subway": "45-60", "reach_min_gangnam_rail": 47, "reach_bucket_gangnam_rail": "45-60", "reach_min_wangsimni_subway": 33, "reach_bucket_wangsimni_subway": "30-45", "reach_min_wangsimni_rail": 33, "reach_bucket_wangsimni_rail": "30-45", "reach_min_sadang_subway": 56, "reach_bucket_sadang_subway": "45-60", "reach_min_sadang_rail": 56, "reach_bucket_sadang_rail": "45-60", "reach_min_jamsil_subway": 54, "reach_bucket_jamsil_subway": "45-60", "reach_min_jamsil_rail": 54, "reach_bucket_jamsil_rail": "45-60", "reach_min_konkuk_subway": 43, "reach_bucket_konkuk_subway": "30-45", "reach_min_konkuk_rail": 43, "reach_bucket_konkuk_rail": "30-45", "reach_min_hongik_subway": 49, "reach_bucket_hongik_subway": "45-60", "reach_min_hongik_rail": 49, "reach_bucket_hongik_rail": "45-60"}}, {"type": "Feature", "geometry": {"type": "Point", "coordinates": [127.22369, 37.53968]}, "properties": {"id": "kr_469", "name": "Hanam Geomdansan", "district": null, "transit_stress_score": 0.0, "transit_stress_tier": "very-low", "walk_stress_score": 100.0, "walk_stress_tier": "mid", "reach_min_seoul_station_subway": 61, "reach_bucket_seoul_station_subway": "60-90", "reach_min_seoul_station_rail": 61, "reach_bucket_seoul_station_rail": "60-90", "reach_min_city_hall_subway": 60, "reach_bucket_city_hall_subway": "60-90", "reach_min_city_hall_rail": 60, "reach_bucket_city_hall_rail": "60-90", "reach_min_gangnam_subway": 51, "reach_bucket_gangnam_subway": "45-60", "reach_min_gangnam_rail": 51, "reach_bucket_gangnam_rail": "45-60", "reach_min_wangsimni_subway": 46, "reach_bucket_wangsimni_subway": "45-60", "reach_min_wangsimni_rail": 46, "reach_bucket_wangsimni_rail": "45-60", "reach_min_sadang_subway": 62, "reach_bucket_sadang_subway": "60-90", "reach_min_sadang_rail": 62, "reach_bucket_sadang_rail": "60-90", "reach_min_jamsil_subway": 46, "reach_bucket_jamsil_subway": "45-60", "reach_min_jamsil_rail": 46, "reach_bucket_jamsil_rail": "45-60", "reach_min_konkuk_subway": 56, "reach_bucket_konkuk_subway": "45-60", "reach_min_konkuk_rail": 56, "reach_bucket_konkuk_rail": "45-60", "reach_min_hongik_subway": 71, "reach_bucket_hongik_subway": "60-90", "reach_min_hongik_rail": 71, "reach_bucket_hongik_rail": "60-90"}}, {"type": "Feature", "geometry": {"type": "Point", "coordinates": [127.20324, 37.72004]}, "properties": {"id": "kr_470", "name": "Jinjeop", "district": null, "transit_stress_score": 0.0, "transit_stress_tier": "very-low", "walk_stress_score": 100.0, "walk_stress_tier": "mid", "reach_min_seoul_station_subway": 68, "reach_bucket_seoul_station_subway": "60-90", "reach_min_seoul_station_rail": 68, "reach_bucket_seoul_station_rail": "60-90", "reach_min_city_hall_subway": 66, "reach_bucket_city_hall_subway": "60-90", "reach_min_city_hall_rail": 66, "reach_bucket_city_hall_rail": "60-90", "reach_min_gangnam_subway": 80, "reach_bucket_gangnam_subway": "60-90", "reach_min_gangnam_rail": 80, "reach_bucket_gangnam_rail": "60-90", "reach_min_wangsimni_subway": 66, "reach_bucket_wangsimni_subway": "60-90", "reach_min_wangsimni_rail": 66, "reach_bucket_wangsimni_rail": "60-90", "reach_min_sadang_subway": 88, "reach_bucket_sadang_subway": "60-90", "reach_min_sadang_rail": 88, "reach_bucket_sadang_rail": "60-90", "reach_min_jamsil_subway": 87, "reach_bucket_jamsil_subway": "60-90", "reach_min_jamsil_rail": 87, "reach_bucket_jamsil_rail": "60-90", "reach_min_konkuk_subway": 76, "reach_bucket_konkuk_subway": "60-90", "reach_min_konkuk_rail": 76, "reach_bucket_konkuk_rail": "60-90", "reach_min_hongik_subway": 78, "reach_bucket_hongik_subway": "60-90", "reach_min_hongik_rail": 78, "reach_bucket_hongik_rail": "60-90"}}, {"type": "Feature", "geometry": {"type": "Point", "coordinates": [127.07386, 38.10046]}, "properties": {"id": "kr_471", "name": "Yeoncheon", "district": null, "transit_stress_score": 0.0, "transit_stress_tier": "very-low", "walk_stress_score": 100.0, "walk_stress_tier": "mid", "reach_min_seoul_station_subway": 120, "reach_bucket_seoul_station_subway": "120+", "reach_min_seoul_station_rail": 120, "reach_bucket_seoul_station_rail": "120+", "reach_min_city_hall_subway": 120, "reach_bucket_city_hall_subway": "120+", "reach_min_city_hall_rail": 120, "reach_bucket_city_hall_rail": "120+", "reach_min_gangnam_subway": 120, "reach_bucket_gangnam_subway": "120+", "reach_min_gangnam_rail": 120, "reach_bucket_gangnam_rail": "120+", "reach_min_wangsimni_subway": 120, "reach_bucket_wangsimni_subway": "120+", "reach_min_wangsimni_rail": 120, "reach_bucket_wangsimni_rail": "120+", "reach_min_sadang_subway": 120, "reach_bucket_sadang_subway": "120+", "reach_min_sadang_rail": 120, "reach_bucket_sadang_rail": "120+", "reach_min_jamsil_subway": 120, "reach_bucket_jamsil_subway": "120+", "reach_min_jamsil_rail": 120, "reach_bucket_jamsil_rail": "120+", "reach_min_konkuk_subway": 120, "reach_bucket_konkuk_subway": "120+", "reach_min_konkuk_rail": 120, "reach_bucket_konkuk_rail": "120+", "reach_min_hongik_subway": 120, "reach_bucket_hongik_subway": "120+", "reach_min_hongik_rail": 120, "reach_bucket_hongik_rail": "120+"}}]}