{"type":"FeatureCollection","features":[{"type":"Feature","geometry":{"type":"Polygon","coordinates":[[[126.90703,37.51054],[126.91378,37.51054],[126.91378,37.5173],[126.90703,37.5173],[126.90703,37.51054]]]},"properties":{"row":6,"col":4,"walk_min":5.2,"bucket":"5-10","color":"#3aa6a0","aggregate":true,"child_fine_cells":9,"nearest_station_id":"kr_001","nearest_station_idx":0}},{"type":"Feature","geometry":{"type":"Polygon","coordinates":[[[127.00162,37.50378],[127.00838,37.50378],[127.00838,37.51054],[127.00162,37.51054],[127.00162,37.50378]]]},"properties":{"row":5,"col":18,"walk_min":3.6,"bucket":"<5","color":"#2b6cb0","aggregate":true,"child_fine_cells":9,"nearest_station_id":"kr_002","nearest_station_idx":1}},{"type":"Feature","geometry":{"type":"Polygon","coordinates":[[[126.97459,37.49703],[126.98135,37.49703],[126.98135,37.50378],[126.97459,37.50378],[126.97459,37.49703]]]},"properties":{"row":4,"col":14,"walk_min":22.2,"bucket":"20-25","color":"#f2a134","aggregate":true,"child_fine_cells":9,"nearest_station_id":"kr_003","nearest_station_idx":2}},{"type":"Feature","geometry":{"type":"Polygon","coordinates":[[[126.94081,37.51054],[126.94757,37.51054],[126.94757,37.5173],[126.94081,37.5173],[126.94081,37.51054]]]},"properties":{"row":6,"col":9,"walk_min":8.6,"bucket":"5-10","color":"#3aa6a0","aggregate":true,"child_fine_cells":8,"nearest_station_id":"kr_004","nearest_station_idx":3}},{"type":"Feature","geometry":{"type":"Polygon","coordinates":[[[126.96784,37.55108],[126.97459,37.55108],[126.97459,37.55784],[126.96784,37.55784],[126.96784,37.55108]]]},"properties":{"row":12,"col":13,"walk_min":3.7,"bucket":"<5","color":"#2b6cb0","aggregate":true,"child_fine_cells":9,"nearest_station_id":"kr_005","nearest_station_idx":4}},{"type":"Feature","geometry":{"type":"Polygon","coordinates":[[[127.02189,37.50378],[127.02865,37.50378],[127.02865,37.51054],[127.02189,37.51054],[127.02189,37.50378]]]},"properties":{"row":5,"col":21,"walk_min":2.7,"bucket":"<5","color":"#2b6cb0","aggregate":true,"child_fine_cells":9,"nearest_station_id":"kr_006","nearest_station_idx":5}},{"type":"Feature","geometry":{"type":"Polygon","coordinates":[[[126.98811,37.57135],[126.99486,37.57135],[126.99486,37.57811],[126.98811,37.57811],[126.98811,37.57135]]]},"properties":{"row":15,"col":16,"walk_min":5.1,"bucket":"5-10","color":"#3aa6a0","aggregate":true,"child_fine_cells":9,"nearest_station_id":"kr_007","nearest_station_idx":6}},{"type":"Feature","geometry":{"type":"Polygon","coordinates":[[[127.00162,37.56459],[127.00838,37.56459],[127.00838,37.57135],[127.00162,37.57135],[127.00162,37.56459]]]},"properties":{"row":14,"col":18,"walk_min":3.7,"bucket":"<5","color":"#2b6cb0","aggregate":true,"child_fine_cells":9,"nearest_station_id":"kr_402","nearest_station_idx":401}},{"type":"Feature","geometry":{"type":"Polygon","coordinates":[[[127.00838,37.56459],[127.01514,37.56459],[127.01514,37.57135],[127.00838,37.57135],[127.00838,37.56459]]]},"properties":{"row":14,"col":19,"walk_min":2.3,"bucket":"<5","color":"#2b6cb0","aggregate":true,"child_fine_cells":9,"nearest_station_id":"kr_011","nearest_station_idx":10}},{"type":"Feature","geometry":{"type":"Polygon","coordinates":[[[127.06919,37.51054],[127.07595,37.51054],[127.07595,37.5173],[127.06919,37.5173],[127.06919,37.51054]]]},"properties":{"row":6,"col":28,"walk_min":11.4,"bucket":"10-15","color":"#4caf50","aggregate":true,"child_fine_cells":8,"nearest_station_id":"kr_012","nearest_station_idx":11}},{"type":"Feature","geometry":{"type":"Polygon","coordinates":[[[126.88676,37.50378],[126.89351,37.50378],[126.89351,37.51054],[126.88676,37.51054],[126.88676,37.50378]]]},"properties":{"row":5,"col":1,"walk_min":12.7,"bucket":"10-15","color":"#4caf50","aggregate":true,"child_fine_cells":9,"nearest_station_id":"kr_013","nearest_station_idx":12}},{"type":"Feature","geometry":{"type":"Polygon","coordinates":[[[126.97459,37.55784],[126.98135,37.55784],[126.98135,37.56459],[126.97459,37.56459],[126.97459,37.55784]]]},"properties":{"row":13,"col":14,"walk_min":3.6,"bucket":"<5","color":"#2b6cb0","aggregate":true,"child_fine_cells":9,"nearest_station_id":"kr_033","nearest_station_idx":32}},{"type":"Feature","geometry":{"type":"Polygon","coordinates":[[[127.04216,37.50378],[127.04892,37.50378],[127.04892,37.51054],[127.04216,37.51054],[127.04216,37.50378]]]},"properties":{"row":5,"col":24,"walk_min":3.4,"bucket":"<5","color":"#2b6cb0","aggregate":true,"child_fine_cells":9,"nearest_station_id":"kr_016","nearest_station_idx":15}},{"type":"Feature","geometry":{"type":"Polygon","coordinates":[[[127.05568,37.51054],[127.06243,37.51054],[127.06243,37.5173],[127.05568,37.5173],[127.05568,37.51054]]]},"properties":{"row":6,"col":26,"walk_min":3.6,"bucket":"<5","color":"#2b6cb0","aggregate":true,"child_fine_cells":8,"nearest_station_id":"kr_017","nearest_station_idx":16}},{"type":"Feature","geometry":{"type":"Polygon","coordinates":[[[126.98135,37.56459],[126.98811,37.56459],[126.98811,37.57135],[126.98135,37.57135],[126.98135,37.56459]]]},"properties":{"row":14,"col":15,"walk_min":3.5,"bucket":"<5","color":"#2b6cb0","aggregate":true,"child_fine_cells":9,"nearest_station_id":"kr_018","nearest_station_idx":17}},{"type":"Feature","geometry":{"type":"Polygon","coordinates":[[[126.88,37.49703],[126.88676,37.49703],[126.88676,37.50378],[126.88,37.50378],[126.88,37.49703]]]},"properties":{"row":4,"col":0,"walk_min":13.5,"bucket":"10-15","color":"#4caf50","aggregate":true,"child_fine_cells":9,"nearest_station_id":"kr_019","nearest_station_idx":18}},{"type":"Feature","geometry":{"type":"Polygon","coordinates":[[[127.02865,37.48351],[127.03541,37.48351],[127.03541,37.49027],[127.02865,37.49027],[127.02865,37.48351]]]},"properties":{"row":2,"col":22,"walk_min":5.3,"bucket":"5-10","color":"#3aa6a0","aggregate":true,"child_fine_cells":9,"nearest_station_id":"kr_020","nearest_station_idx":19}},{"type":"Feature","geometry":{"type":"Polygon","coordinates":[[[127.02189,37.57135],[127.02865,37.57135],[127.02865,37.57811],[127.02189,37.57811],[127.02189,37.57135]]]},"properties":{"row":15,"col":21,"walk_min":4.1,"bucket":"<5","color":"#2b6cb0","aggregate":true,"child_fine_cells":9,"nearest_station_id":"kr_021","nearest_station_idx":20}},{"type":"Feature","geometry":{"type":"Polygon","coordinates":[[[126.98135,37.57135],[126.98811,37.57135],[126.98811,37.57811],[126.98135,37.57811],[126.98135,37.57135]]]},"properties":{"row":15,"col":15,"walk_min":3.9,"bucket":"<5","color":"#2b6cb0","aggregate":true,"child_fine_cells":9,"nearest_station_id":"kr_022","nearest_station_idx":21}},{"type":"Feature","geometry":{"type":"Polygon","coordinates":[[[127.01514,37.57135],[127.02189,37.57135],[127.02189,37.57811],[127.01514,37.57811],[127.01514,37.57135]]]},"properties":{"row":15,"col":20,"walk_min":2.5,"bucket":"<5","color":"#2b6cb0","aggregate":true,"child_fine_cells":9,"nearest_station_id":"kr_025","nearest_station_idx":24}},{"type":"Feature","geometry":{"type":"Polygon","coordinates":[[[127.02865,37.57811],[127.03541,37.57811],[127.03541,37.58486],[127.02865,37.58486],[127.02865,37.57811]]]},"properties":{"row":16,"col":22,"walk_min":4.0,"bucket":"<5","color":"#2b6cb0","aggregate":true,"child_fine_cells":9,"nearest_station_id":"kr_026","nearest_station_idx":25}},{"type":"Feature","geometry":{"type":"Polygon","coordinates":[[[127.02189,37.49703],[127.02865,37.49703],[127.02865,37.50378],[127.02189,37.50378],[127.02189,37.49703]]]},"properties":{"row":4,"col":21,"walk_min":2.9,"bucket":"<5","color":"#2b6cb0","aggregate":true,"child_fine_cells":9,"nearest_station_id":"kr_027","nearest_station_idx":26}},{"type":"Feature","geometry":{"type":"Polygon","coordinates":[[[127.04216,37.57811],[127.04892,37.57811],[127.04892,37.58486],[127.04216,37.58486],[127.04216,37.57811]]]},"properties":{"row":16,"col":24,"walk_min":2.6,"bucket":"<5","color":"#2b6cb0","aggregate":true,"child_fine_cells":9,"nearest_station_id":"kr_028","nearest_station_idx":27}},{"type":"Feature","geometry":{"type":"Polygon","coordinates":[[[127.00838,37.55784],[127.01514,37.55784],[127.01514,37.56459],[127.00838,37.56459],[127.00838,37.55784]]]},"properties":{"row":13,"col":19,"walk_min":3.0,"bucket":"<5","color":"#2b6cb0","aggregate":true,"child_fine_cells":9,"nearest_station_id":"kr_029","nearest_station_idx":28}},{"type":"Feature","geometry":{"type":"Polygon","coordinates":[[[126.98811,37.55784],[126.99486,37.55784],[126.99486,37.56459],[126.98811,37.56459],[126.98811,37.55784]]]},"properties":{"row":13,"col":16,"walk_min":3.0,"bucket":"<5","color":"#2b6cb0","aggregate":true,"child_fine_cells":9,"nearest_station_id":"kr_369","nearest_station_idx":368}},{"type":"Feature","geometry":{"type":"Polygon","coordinates":[[[127.05568,37.58486],[127.06243,37.58486],[127.06243,37.59162],[127.05568,37.59162],[127.05568,37.58486]]]},"properties":{"row":17,"col":26,"walk_min":3.8,"bucket":"<5","color":"#2b6cb0","aggregate":true,"child_fine_cells":9,"nearest_station_id":"kr_031","nearest_station_idx":30}},{"type":"Feature","geometry":{"type":"Polygon","coordinates":[[[127.06243,37.59162],[127.06919,37.59162],[127.06919,37.59838],[127.06243,37.59838],[127.06243,37.59162]]]},"properties":{"row":18,"col":27,"walk_min":3.1,"bucket":"<5","color":"#2b6cb0","aggregate":true,"child_fine_cells":9,"nearest_station_id":"kr_034","nearest_station_idx":33}},{"type":"Feature","geometry":{"type":"Polygon","coordinates":[[[126.98135,37.55784],[126.98811,37.55784],[126.98811,37.56459],[126.98135,37.56459],[126.98135,37.55784]]]},"properties":{"row":13,"col":15,"walk_min":4.3,"bucket":"<5","color":"#2b6cb0","aggregate":true,"child_fine_cells":9,"nearest_station_id":"kr_035","nearest_station_idx":34}},{"type":"Feature","geometry":{"type":"Polygon","coordinates":[[[126.92054,37.5173],[126.9273,37.5173],[126.9273,37.52405],[126.92054,37.52405],[126.92054,37.5173]]]},"properties":{"row":7,"col":6,"walk_min":2.6,"bucket":"<5","color":"#2b6cb0","aggregate":true,"child_fine_cells":9,"nearest_station_id":"kr_036","nearest_station_idx":35}},{"type":"Feature","geometry":{"type":"Polygon","coordinates":[[[127.06243,37.59838],[127.06919,37.59838],[127.06919,37.60514],[127.06243,37.60514],[127.06243,37.59838]]]},"properties":{"row":19,"col":27,"walk_min":2.3,"bucket":"<5","color":"#2b6cb0","aggregate":true,"child_fine_cells":9,"nearest_station_id":"kr_037","nearest_station_idx":36}},{"type":"Feature","geometry":{"type":"Polygon","coordinates":[[[127.03541,37.47],[127.04216,37.47],[127.04216,37.47676],[127.03541,37.47676],[127.03541,37.47]]]},"properties":{"row":0,"col":23,"walk_min":20.0,"bucket":"20-25","color":"#f2a134","aggregate":true,"child_fine_cells":9,"nearest_station_id":"kr_038","nearest_station_idx":37}},{"type":"Feature","geometry":{"type":"Polygon","coordinates":[[[127.07595,37.55108],[127.0827,37.55108],[127.0827,37.55784],[127.07595,37.55784],[127.07595,37.55108]]]},"properties":{"row":12,"col":29,"walk_min":4.0,"bucket":"<5","color":"#2b6cb0","aggregate":true,"child_fine_cells":9,"nearest_station_id":"kr_046","nearest_station_idx":45}},{"type":"Feature","geometry":{"type":"Polygon","coordinates":[[[126.90027,37.53081],[126.90703,37.53081],[126.90703,37.53757],[126.90027,37.53757],[126.90027,37.53081]]]},"properties":{"row":9,"col":3,"walk_min":2.3,"bucket":"<5","color":"#2b6cb0","aggregate":true,"child_fine_cells":9,"nearest_station_id":"kr_049","nearest_station_idx":48}},{"type":"Feature","geometry":{"type":"Polygon","coordinates":[[[127.00838,37.49027],[127.01514,37.49027],[127.01514,37.49703],[127.00838,37.49703],[127.00838,37.49027]]]},"properties":{"row":3,"col":19,"walk_min":2.6,"bucket":"<5","color":"#2b6cb0","aggregate":true,"child_fine_cells":9,"nearest_station_id":"kr_052","nearest_station_idx":51}},{"type":"Feature","geometry":{"type":"Polygon","coordinates":[[[127.00838,37.55108],[127.01514,37.55108],[127.01514,37.55784],[127.00838,37.55784],[127.00838,37.55108]]]},"properties":{"row":12,"col":19,"walk_min":2.6,"bucket":"<5","color":"#2b6cb0","aggregate":true,"child_fine_cells":9,"nearest_station_id":"kr_349","nearest_station_idx":348}},{"type":"Feature","geometry":{"type":"Polygon","coordinates":[[[127.01514,37.51054],[127.02189,37.51054],[127.02189,37.5173],[127.01514,37.5173],[127.01514,37.51054]]]},"properties":{"row":6,"col":20,"walk_min":2.4,"bucket":"<5","color":"#2b6cb0","aggregate":true,"child_fine_cells":9,"nearest_station_id":"kr_056","nearest_station_idx":55}},{"type":"Feature","geometry":{"type":"Polygon","coordinates":[[[127.00162,37.57811],[127.00838,37.57811],[127.00838,37.58486],[127.00162,37.58486],[127.00162,37.57811]]]},"properties":{"row":16,"col":18,"walk_min":7.3,"bucket":"5-10","color":"#3aa6a0","aggregate":true,"child_fine_cells":9,"nearest_station_id":"kr_057","nearest_station_idx":56}},{"type":"Feature","geometry":{"type":"Polygon","coordinates":[[[126.96784,37.57135],[126.97459,37.57135],[126.97459,37.57811],[126.96784,37.57811],[126.96784,37.57135]]]},"properties":{"row":15,"col":13,"walk_min":5.5,"bucket":"5-10","color":"#3aa6a0","aggregate":true,"child_fine_cells":9,"nearest_station_id":"kr_077","nearest_station_idx":76}},{"type":"Feature","geometry":{"type":"Polygon","coordinates":[[[127.01514,37.53757],[127.02189,37.53757],[127.02189,37.54432],[127.01514,37.54432],[127.01514,37.53757]]]},"properties":{"row":10,"col":20,"walk_min":4.6,"bucket":"<5","color":"#2b6cb0","aggregate":true,"child_fine_cells":8,"nearest_station_id":"kr_059","nearest_station_idx":58}},{"type":"Feature","geometry":{"type":"Polygon","coordinates":[[[127.00162,37.58486],[127.00838,37.58486],[127.00838,37.59162],[127.00162,37.59162],[127.00162,37.58486]]]},"properties":{"row":17,"col":18,"walk_min":3.0,"bucket":"<5","color":"#2b6cb0","aggregate":true,"child_fine_cells":9,"nearest_station_id":"kr_061","nearest_station_idx":60}},{"type":"Feature","geometry":{"type":"Polygon","coordinates":[[[126.95432,37.57135],[126.96108,37.57135],[126.96108,37.57811],[126.95432,37.57811],[126.95432,37.57135]]]},"properties":{"row":15,"col":11,"walk_min":5.0,"bucket":"5-10","color":"#3aa6a0","aggregate":true,"child_fine_cells":9,"nearest_station_id":"kr_063","nearest_station_idx":62}},{"type":"Feature","geometry":{"type":"Polygon","coordinates":[[[126.94757,37.57811],[126.95432,37.57811],[126.95432,37.58486],[126.94757,37.58486],[126.94757,37.57811]]]},"properties":{"row":16,"col":10,"walk_min":9.8,"bucket":"5-10","color":"#3aa6a0","aggregate":true,"child_fine_cells":9,"nearest_station_id":"kr_067","nearest_station_idx":66}},{"type":"Feature","geometry":{"type":"Polygon","coordinates":[[[127.01514,37.54432],[127.02189,37.54432],[127.02189,37.55108],[127.01514,37.55108],[127.01514,37.54432]]]},"properties":{"row":11,"col":20,"walk_min":4.3,"bucket":"<5","color":"#2b6cb0","aggregate":true,"child_fine_cells":9,"nearest_station_id":"kr_068","nearest_station_idx":67}},{"type":"Feature","geometry":{"type":"Polygon","coordinates":[[[127.01514,37.56459],[127.02189,37.56459],[127.02189,37.57135],[127.01514,37.57135],[127.01514,37.56459]]]},"properties":{"row":14,"col":20,"walk_min":1.8,"bucket":"<5","color":"#2b6cb0","aggregate":true,"child_fine_cells":9,"nearest_station_id":"kr_079","nearest_station_idx":78}},{"type":"Feature","geometry":{"type":"Polygon","coordinates":[[[127.03541,37.55784],[127.04216,37.55784],[127.04216,37.56459],[127.03541,37.56459],[127.03541,37.55784]]]},"properties":{"row":13,"col":23,"walk_min":2.7,"bucket":"<5","color":"#2b6cb0","aggregate":true,"child_fine_cells":9,"nearest_station_id":"kr_345","nearest_station_idx":344}},{"type":"Feature","geometry":{"type":"Polygon","coordinates":[[[126.94081,37.58486],[126.94757,37.58486],[126.94757,37.59162],[126.94081,37.59162],[126.94081,37.58486]]]},"properties":{"row":17,"col":9,"walk_min":13.7,"bucket":"10-15","color":"#4caf50","aggregate":true,"child_fine_cells":9,"nearest_station_id":"kr_110","nearest_station_idx":109}},{"type":"Feature","geometry":{"type":"Polygon","coordinates":[[[127.02865,37.55784],[127.03541,37.55784],[127.03541,37.56459],[127.02865,37.56459],[127.02865,37.55784]]]},"properties":{"row":13,"col":22,"walk_min":3.0,"bucket":"<5","color":"#2b6cb0","aggregate":true,"child_fine_cells":9,"nearest_station_id":"kr_071","nearest_station_idx":70}},{"type":"Feature","geometry":{"type":"Polygon","coordinates":[[[126.93405,37.59838],[126.94081,37.59838],[126.94081,37.60514],[126.93405,37.60514],[126.93405,37.59838]]]},"properties":{"row":19,"col":8,"walk_min":15.4,"bucket":"15-20","color":"#c6d92e","aggregate":true,"child_fine_cells":9,"nearest_station_id":"kr_080","nearest_station_idx":79}},{"type":"Feature","geometry":{"type":"Polygon","coordinates":[[[127.02189,37.59838],[127.02865,37.59838],[127.02865,37.60514],[127.02189,37.60514],[127.02189,37.59838]]]},"properties":{"row":19,"col":21,"walk_min":7.7,"bucket":"5-10","color":"#3aa6a0","aggregate":true,"child_fine_cells":9,"nearest_station_id":"kr_082","nearest_station_idx":81}},{"type":"Feature","geometry":{"type":"Polygon","coordinates":[[[127.04216,37.56459],[127.04892,37.56459],[127.04892,37.57135],[127.04216,37.57135],[127.04216,37.56459]]]},"properties":{"row":14,"col":24,"walk_min":2.6,"bucket":"<5","color":"#2b6cb0","aggregate":true,"child_fine_cells":9,"nearest_station_id":"kr_221","nearest_station_idx":220}},{"type":"Feature","geometry":{"type":"Polygon","coordinates":[[[126.91378,37.51054],[126.92054,37.51054],[126.92054,37.5173],[126.91378,37.5173],[126.91378,37.51054]]]},"properties":{"row":6,"col":5,"walk_min":5.8,"bucket":"5-10","color":"#3aa6a0","aggregate":true,"child_fine_cells":9,"nearest_station_id":"kr_095","nearest_station_idx":94}},{"type":"Feature","geometry":{"type":"Polygon","coordinates":[[[127.04892,37.56459],[127.05568,37.56459],[127.05568,37.57135],[127.04892,37.57135],[127.04892,37.56459]]]},"properties":{"row":14,"col":25,"walk_min":4.8,"bucket":"<5","color":"#2b6cb0","aggregate":true,"child_fine_cells":9,"nearest_station_id":"kr_099","nearest_station_idx":98}},{"type":"Feature","geometry":{"type":"Polygon","coordinates":[[[126.94757,37.53757],[126.95432,37.53757],[126.95432,37.54432],[126.94757,37.54432],[126.94757,37.53757]]]},"properties":{"row":10,"col":10,"walk_min":3.9,"bucket":"<5","color":"#2b6cb0","aggregate":true,"child_fine_cells":9,"nearest_station_id":"kr_100","nearest_station_idx":99}},{"type":"Feature","geometry":{"type":"Polygon","coordinates":[[[127.01514,37.57811],[127.02189,37.57811],[127.02189,37.58486],[127.01514,37.58486],[127.01514,37.57811]]]},"properties":{"row":16,"col":20,"walk_min":3.0,"bucket":"<5","color":"#2b6cb0","aggregate":true,"child_fine_cells":9,"nearest_station_id":"kr_101","nearest_station_idx":100}},{"type":"Feature","geometry":{"type":"Polygon","coordinates":[[[127.06243,37.55784],[127.06919,37.55784],[127.06919,37.56459],[127.06243,37.56459],[127.06243,37.55784]]]},"properties":{"row":13,"col":27,"walk_min":2.7,"bucket":"<5","color":"#2b6cb0","aggregate":true,"child_fine_cells":9,"nearest_station_id":"kr_103","nearest_station_idx":102}},{"type":"Feature","geometry":{"type":"Polygon","coordinates":[[[127.01514,37.58486],[127.02189,37.58486],[127.02189,37.59162],[127.01514,37.59162],[127.01514,37.58486]]]},"properties":{"row":17,"col":20,"walk_min":2.9,"bucket":"<5","color":"#2b6cb0","aggregate":true,"child_fine_cells":9,"nearest_station_id":"kr_112","nearest_station_idx":111}},{"type":"Feature","geometry":{"type":"Polygon","coordinates":[[[127.00838,37.50378],[127.01514,37.50378],[127.01514,37.51054],[127.00838,37.51054],[127.00838,37.50378]]]},"properties":{"row":5,"col":19,"walk_min":1.9,"bucket":"<5","color":"#2b6cb0","aggregate":true,"child_fine_cells":9,"nearest_station_id":"kr_121","nearest_station_idx":120}},{"type":"Feature","geometry":{"type":"Polygon","coordinates":[[[127.02865,37.58486],[127.03541,37.58486],[127.03541,37.59162],[127.02865,37.59162],[127.02865,37.58486]]]},"properties":{"row":17,"col":22,"walk_min":2.6,"bucket":"<5","color":"#2b6cb0","aggregate":true,"child_fine_cells":9,"nearest_station_id":"kr_122","nearest_station_idx":121}},{"type":"Feature","geometry":{"type":"Polygon","coordinates":[[[126.9273,37.60514],[126.93405,37.60514],[126.93405,37.61189],[126.9273,37.61189],[126.9273,37.60514]]]},"properties":{"row":20,"col":7,"walk_min":2.9,"bucket":"<5","color":"#2b6cb0","aggregate":true,"child_fine_cells":9,"nearest_station_id":"kr_123","nearest_station_idx":122}},{"type":"Feature","geometry":{"type":"Polygon","coordinates":[[[127.03541,37.58486],[127.04216,37.58486],[127.04216,37.59162],[127.03541,37.59162],[127.03541,37.58486]]]},"properties":{"row":17,"col":23,"walk_min":5.4,"bucket":"5-10","color":"#3aa6a0","aggregate":true,"child_fine_cells":9,"nearest_station_id":"kr_131","nearest_station_idx":130}},{"type":"Feature","geometry":{"type":"Polygon","coordinates":[[[126.98135,37.47676],[126.98811,37.47676],[126.98811,37.48351],[126.98135,37.48351],[126.98135,37.47676]]]},"properties":{"row":1,"col":15,"walk_min":10.2,"bucket":"10-15","color":"#4caf50","aggregate":true,"child_fine_cells":9,"nearest_station_id":"kr_133","nearest_station_idx":132}},{"type":"Feature","geometry":{"type":"Polygon","coordinates":[[[126.98811,37.48351],[126.99486,37.48351],[126.99486,37.49027],[126.98811,37.49027],[126.98811,37.48351]]]},"properties":{"row":2,"col":16,"walk_min":2.9,"bucket":"<5","color":"#2b6cb0","aggregate":true,"child_fine_cells":9,"nearest_station_id":"kr_135","nearest_station_idx":134}},{"type":"Feature","geometry":{"type":"Polygon","coordinates":[[[126.96784,37.53081],[126.97459,37.53081],[126.97459,37.53757],[126.96784,37.53757],[126.96784,37.53081]]]},"properties":{"row":9,"col":13,"walk_min":5.1,"bucket":"5-10","color":"#3aa6a0","aggregate":true,"child_fine_cells":9,"nearest_station_id":"kr_136","nearest_station_idx":135}},{"type":"Feature","geometry":{"type":"Polygon","coordinates":[[[127.02189,37.52405],[127.02865,37.52405],[127.02865,37.53081],[127.02189,37.53081],[127.02189,37.52405]]]},"properties":{"row":8,"col":21,"walk_min":4.1,"bucket":"<5","color":"#2b6cb0","aggregate":true,"child_fine_cells":9,"nearest_station_id":"kr_137","nearest_station_idx":136}},{"type":"Feature","geometry":{"type":"Polygon","coordinates":[[[126.98135,37.48351],[126.98811,37.48351],[126.98811,37.49027],[126.98135,37.49027],[126.98135,37.48351]]]},"properties":{"row":2,"col":15,"walk_min":4.1,"bucket":"<5","color":"#2b6cb0","aggregate":true,"child_fine_cells":9,"nearest_station_id":"kr_139","nearest_station_idx":138}},{"type":"Feature","geometry":{"type":"Polygon","coordinates":[[[126.94081,37.54432],[126.94757,37.54432],[126.94757,37.55108],[126.94081,37.55108],[126.94081,37.54432]]]},"properties":{"row":11,"col":9,"walk_min":2.8,"bucket":"<5","color":"#2b6cb0","aggregate":true,"child_fine_cells":9,"nearest_station_id":"kr_140","nearest_station_idx":139}},{"type":"Feature","geometry":{"type":"Polygon","coordinates":[[[127.03541,37.59838],[127.04216,37.59838],[127.04216,37.60514],[127.03541,37.60514],[127.03541,37.59838]]]},"properties":{"row":19,"col":23,"walk_min":4.1,"bucket":"<5","color":"#2b6cb0","aggregate":true,"child_fine_cells":9,"nearest_station_id":"kr_142","nearest_station_idx":141}},{"type":"Feature","geometry":{"type":"Polygon","coordinates":[[[127.02865,37.51054],[127.03541,37.51054],[127.03541,37.5173],[127.02865,37.5173],[127.02865,37.51054]]]},"properties":{"row":6,"col":22,"walk_min":2.9,"bucket":"<5","color":"#2b6cb0","aggregate":true,"child_fine_cells":9,"nearest_station_id":"kr_143","nearest_station_idx":142}},{"type":"Feature","geometry":{"type":"Polygon","coordinates":[[[126.99486,37.56459],[127.00162,37.56459],[127.00162,37.57135],[126.99486,37.57135],[126.99486,37.56459]]]},"properties":{"row":14,"col":17,"walk_min":3.2,"bucket":"<5","color":"#2b6cb0","aggregate":true,"child_fine_cells":9,"nearest_station_id":"kr_144","nearest_station_idx":143}},{"type":"Feature","geometry":{"type":"Polygon","coordinates":[[[126.88,37.51054],[126.88676,37.51054],[126.88676,37.5173],[126.88,37.5173],[126.88,37.51054]]]},"properties":{"row":6,"col":0,"walk_min":11.0,"bucket":"10-15","color":"#4caf50","aggregate":true,"child_fine_cells":9,"nearest_station_id":"kr_151","nearest_station_idx":150}},{"type":"Feature","geometry":{"type":"Polygon","coordinates":[[[127.01514,37.48351],[127.02189,37.48351],[127.02189,37.49027],[127.01514,37.49027],[127.01514,37.48351]]]},"properties":{"row":2,"col":20,"walk_min":3.7,"bucket":"<5","color":"#2b6cb0","aggregate":true,"child_fine_cells":9,"nearest_station_id":"kr_152","nearest_station_idx":151}},{"type":"Feature","geometry":{"type":"Polygon","coordinates":[[[127.04216,37.60514],[127.04892,37.60514],[127.04892,37.61189],[127.04216,37.61189],[127.04216,37.60514]]]},"properties":{"row":20,"col":24,"walk_min":9.1,"bucket":"5-10","color":"#3aa6a0","aggregate":true,"child_fine_cells":8,"nearest_station_id":"kr_154","nearest_station_idx":153}},{"type":"Feature","geometry":{"type":"Polygon","coordinates":[[[127.03541,37.51054],[127.04216,37.51054],[127.04216,37.5173],[127.03541,37.5173],[127.03541,37.51054]]]},"properties":{"row":6,"col":23,"walk_min":4.3,"bucket":"<5","color":"#2b6cb0","aggregate":true,"child_fine_cells":9,"nearest_station_id":"kr_155","nearest_station_idx":154}},{"type":"Feature","geometry":{"type":"Polygon","coordinates":[[[126.9273,37.54432],[126.93405,37.54432],[126.93405,37.55108],[126.9273,37.55108],[126.9273,37.54432]]]},"properties":{"row":11,"col":7,"walk_min":3.0,"bucket":"<5","color":"#2b6cb0","aggregate":true,"child_fine_cells":9,"nearest_station_id":"kr_156","nearest_station_idx":155}},{"type":"Feature","geometry":{"type":"Polygon","coordinates":[[[127.07595,37.59838],[127.0827,37.59838],[127.0827,37.60514],[127.07595,37.60514],[127.07595,37.59838]]]},"properties":{"row":19,"col":29,"walk_min":2.3,"bucket":"<5","color":"#2b6cb0","aggregate":true,"child_fine_cells":9,"nearest_station_id":"kr_158","nearest_station_idx":157}},{"type":"Feature","geometry":{"type":"Polygon","coordinates":[[[127.01514,37.59162],[127.02189,37.59162],[127.02189,37.59838],[127.01514,37.59838],[127.01514,37.59162]]]},"properties":{"row":18,"col":20,"walk_min":3.8,"bucket":"<5","color":"#2b6cb0","aggregate":true,"child_fine_cells":9,"nearest_station_id":"kr_160","nearest_station_idx":159}},{"type":"Feature","geometry":{"type":"Polygon","coordinates":[[[127.04892,37.49027],[127.05568,37.49027],[127.05568,37.49703],[127.04892,37.49703],[127.04892,37.49027]]]},"properties":{"row":3,"col":25,"walk_min":6.4,"bucket":"5-10","color":"#3aa6a0","aggregate":true,"child_fine_cells":9,"nearest_station_id":"kr_164","nearest_station_idx":163}},{"type":"Feature","geometry":{"type":"Polygon","coordinates":[[[127.04892,37.5173],[127.05568,37.5173],[127.05568,37.52405],[127.04892,37.52405],[127.04892,37.5173]]]},"properties":{"row":7,"col":25,"walk_min":3.2,"bucket":"<5","color":"#2b6cb0","aggregate":true,"child_fine_cells":9,"nearest_station_id":"kr_166","nearest_station_idx":165}},{"type":"Feature","geometry":{"type":"Polygon","coordinates":[[[126.9273,37.52405],[126.93405,37.52405],[126.93405,37.53081],[126.9273,37.53081],[126.9273,37.52405]]]},"properties":{"row":8,"col":7,"walk_min":3.1,"bucket":"<5","color":"#2b6cb0","aggregate":true,"child_fine_cells":9,"nearest_station_id":"kr_180","nearest_station_idx":179}},{"type":"Feature","geometry":{"type":"Polygon","coordinates":[[[127.06243,37.53081],[127.06919,37.53081],[127.06919,37.53757],[127.06243,37.53757],[127.06243,37.53081]]]},"properties":{"row":9,"col":27,"walk_min":3.5,"bucket":"<5","color":"#2b6cb0","aggregate":true,"child_fine_cells":9,"nearest_station_id":"kr_181","nearest_station_idx":180}},{"type":"Feature","geometry":{"type":"Polygon","coordinates":[[[126.96784,37.48351],[126.97459,37.48351],[126.97459,37.49027],[126.96784,37.49027],[126.96784,37.48351]]]},"properties":{"row":2,"col":13,"walk_min":5.2,"bucket":"5-10","color":"#3aa6a0","aggregate":true,"child_fine_cells":9,"nearest_station_id":"kr_182","nearest_station_idx":181}},{"type":"Feature","geometry":{"type":"Polygon","coordinates":[[[127.06919,37.53757],[127.07595,37.53757],[127.07595,37.54432],[127.06919,37.54432],[127.06919,37.53757]]]},"properties":{"row":10,"col":28,"walk_min":3.3,"bucket":"<5","color":"#2b6cb0","aggregate":true,"child_fine_cells":9,"nearest_station_id":"kr_183","nearest_station_idx":182}},{"type":"Feature","geometry":{"type":"Polygon","coordinates":[[[126.92054,37.54432],[126.9273,37.54432],[126.9273,37.55108],[126.92054,37.55108],[126.92054,37.54432]]]},"properties":{"row":11,"col":6,"walk_min":2.2,"bucket":"<5","color":"#2b6cb0","aggregate":true,"child_fine_cells":9,"nearest_station_id":"kr_184","nearest_station_idx":183}},{"type":"Feature","geometry":{"type":"Polygon","coordinates":[[[127.06919,37.54432],[127.07595,37.54432],[127.07595,37.55108],[127.06919,37.55108],[127.06919,37.54432]]]},"properties":{"row":11,"col":28,"walk_min":3.1,"bucket":"<5","color":"#2b6cb0","aggregate":true,"child_fine_cells":9,"nearest_station_id":"kr_185","nearest_station_idx":184}},{"type":"Feature","geometry":{"type":"Polygon","coordinates":[[[127.05568,37.54432],[127.06243,37.54432],[127.06243,37.55108],[127.05568,37.55108],[127.05568,37.54432]]]},"properties":{"row":11,"col":26,"walk_min":7.3,"bucket":"5-10","color":"#3aa6a0","aggregate":true,"child_fine_cells":9,"nearest_station_id":"kr_186","nearest_station_idx":185}},{"type":"Feature","geometry":{"type":"Polygon","coordinates":[[[126.94081,37.53757],[126.94757,37.53757],[126.94757,37.54432],[126.94081,37.54432],[126.94081,37.53757]]]},"properties":{"row":10,"col":9,"walk_min":4.0,"bucket":"<5","color":"#2b6cb0","aggregate":true,"child_fine_cells":9,"nearest_station_id":"kr_193","nearest_station_idx":192}},{"type":"Feature","geometry":{"type":"Polygon","coordinates":[[[126.90703,37.54432],[126.91378,37.54432],[126.91378,37.55108],[126.90703,37.55108],[126.90703,37.54432]]]},"properties":{"row":11,"col":4,"walk_min":5.7,"bucket":"5-10","color":"#3aa6a0","aggregate":true,"child_fine_cells":9,"nearest_station_id":"kr_211","nearest_station_idx":210}},{"type":"Feature","geometry":{"type":"Polygon","coordinates":[[[126.88,37.47676],[126.88676,37.47676],[126.88676,37.48351],[126.88,37.48351],[126.88,37.47676]]]},"properties":{"row":1,"col":0,"walk_min":2.9,"bucket":"<5","color":"#2b6cb0","aggregate":true,"child_fine_cells":9,"nearest_station_id":"kr_291","nearest_station_idx":290}},{"type":"Feature","geometry":{"type":"Polygon","coordinates":[[[126.94757,37.49027],[126.95432,37.49027],[126.95432,37.49703],[126.94757,37.49703],[126.94757,37.49027]]]},"properties":{"row":3,"col":10,"walk_min":5.5,"bucket":"5-10","color":"#3aa6a0","aggregate":true,"child_fine_cells":9,"nearest_station_id":"kr_213","nearest_station_idx":212}},{"type":"Feature","geometry":{"type":"Polygon","coordinates":[[[127.03541,37.57135],[127.04216,37.57135],[127.04216,37.57811],[127.03541,37.57811],[127.03541,37.57135]]]},"properties":{"row":15,"col":23,"walk_min":4.1,"bucket":"<5","color":"#2b6cb0","aggregate":true,"child_fine_cells":9,"nearest_station_id":"kr_214","nearest_station_idx":213}},{"type":"Feature","geometry":{"type":"Polygon","coordinates":[[[127.00838,37.51054],[127.01514,37.51054],[127.01514,37.5173],[127.00838,37.5173],[127.00838,37.51054]]]},"properties":{"row":6,"col":19,"walk_min":2.9,"bucket":"<5","color":"#2b6cb0","aggregate":true,"child_fine_cells":9,"nearest_station_id":"kr_216","nearest_station_idx":215}},{"type":"Feature","geometry":{"type":"Polygon","coordinates":[[[126.96784,37.5173],[126.97459,37.5173],[126.97459,37.52405],[126.96784,37.52405],[126.96784,37.5173]]]},"properties":{"row":7,"col":13,"walk_min":4.1,"bucket":"<5","color":"#2b6cb0","aggregate":true,"child_fine_cells":9,"nearest_station_id":"kr_219","nearest_station_idx":218}},{"type":"Feature","geometry":{"type":"Polygon","coordinates":[[[126.96784,37.52405],[126.97459,37.52405],[126.97459,37.53081],[126.96784,37.53081],[126.96784,37.52405]]]},"properties":{"row":8,"col":13,"walk_min":10.8,"bucket":"10-15","color":"#4caf50","aggregate":true,"child_fine_cells":9,"nearest_station_id":"kr_238","nearest_station_idx":237}},{"type":"Feature","geometry":{"type":"Polygon","coordinates":[[[126.90703,37.55108],[126.91378,37.55108],[126.91378,37.55784],[126.90703,37.55784],[126.90703,37.55108]]]},"properties":{"row":12,"col":4,"walk_min":2.6,"bucket":"<5","color":"#2b6cb0","aggregate":true,"child_fine_cells":9,"nearest_station_id":"kr_240","nearest_station_idx":239}},{"type":"Feature","geometry":{"type":"Polygon","coordinates":[[[126.90027,37.5173],[126.90703,37.5173],[126.90703,37.52405],[126.90027,37.52405],[126.90027,37.5173]]]},"properties":{"row":7,"col":3,"walk_min":3.4,"bucket":"<5","color":"#2b6cb0","aggregate":true,"child_fine_cells":9,"nearest_station_id":"kr_241","nearest_station_idx":240}},{"type":"Feature","geometry":{"type":"Polygon","coordinates":[[[126.96784,37.54432],[126.97459,37.54432],[126.97459,37.55108],[126.96784,37.55108],[126.96784,37.54432]]]},"properties":{"row":11,"col":13,"walk_min":4.0,"bucket":"<5","color":"#2b6cb0","aggregate":true,"child_fine_cells":9,"nearest_station_id":"kr_242","nearest_station_idx":241}},{"type":"Feature","geometry":{"type":"Polygon","coordinates":[[[127.04892,37.55784],[127.05568,37.55784],[127.05568,37.56459],[127.04892,37.56459],[127.04892,37.55784]]]},"properties":{"row":13,"col":25,"walk_min":3.7,"bucket":"<5","color":"#2b6cb0","aggregate":true,"child_fine_cells":9,"nearest_station_id":"kr_243","nearest_station_idx":242}},{"type":"Feature","geometry":{"type":"Polygon","coordinates":[[[126.94757,37.49703],[126.95432,37.49703],[126.95432,37.50378],[126.94757,37.50378],[126.94757,37.49703]]]},"properties":{"row":4,"col":10,"walk_min":4.8,"bucket":"<5","color":"#2b6cb0","aggregate":true,"child_fine_cells":9,"nearest_station_id":"kr_244","nearest_station_idx":243}},{"type":"Feature","geometry":{"type":"Polygon","coordinates":[[[126.96108,37.53757],[126.96784,37.53757],[126.96784,37.54432],[126.96108,37.54432],[126.96108,37.53757]]]},"properties":{"row":10,"col":12,"walk_min":3.6,"bucket":"<5","color":"#2b6cb0","aggregate":true,"child_fine_cells":9,"nearest_station_id":"kr_245","nearest_station_idx":244}},{"type":"Feature","geometry":{"type":"Polygon","coordinates":[[[126.97459,37.57135],[126.98135,37.57135],[126.98135,37.57811],[126.97459,37.57811],[126.97459,37.57135]]]},"properties":{"row":15,"col":14,"walk_min":3.5,"bucket":"<5","color":"#2b6cb0","aggregate":true,"child_fine_cells":9,"nearest_station_id":"kr_246","nearest_station_idx":245}},{"type":"Feature","geometry":{"type":"Polygon","coordinates":[[[127.04216,37.48351],[127.04892,37.48351],[127.04892,37.49027],[127.04216,37.49027],[127.04216,37.48351]]]},"properties":{"row":2,"col":24,"walk_min":3.5,"bucket":"<5","color":"#2b6cb0","aggregate":true,"child_fine_cells":9,"nearest_station_id":"kr_251","nearest_station_idx":250}},{"type":"Feature","geometry":{"type":"Polygon","coordinates":[[[127.03541,37.49703],[127.04216,37.49703],[127.04216,37.50378],[127.03541,37.50378],[127.03541,37.49703]]]},"properties":{"row":4,"col":23,"walk_min":6.2,"bucket":"5-10","color":"#3aa6a0","aggregate":true,"child_fine_cells":9,"nearest_station_id":"kr_252","nearest_station_idx":251}},{"type":"Feature","geometry":{"type":"Polygon","coordinates":[[[126.89351,37.49027],[126.90027,37.49027],[126.90027,37.49703],[126.89351,37.49703],[126.89351,37.49027]]]},"properties":{"row":3,"col":2,"walk_min":2.3,"bucket":"<5","color":"#2b6cb0","aggregate":true,"child_fine_cells":9,"nearest_station_id":"kr_343","nearest_station_idx":342}},{"type":"Feature","geometry":{"type":"Polygon","coordinates":[[[126.95432,37.55108],[126.96108,37.55108],[126.96108,37.55784],[126.95432,37.55784],[126.95432,37.55108]]]},"properties":{"row":12,"col":11,"walk_min":1.8,"bucket":"<5","color":"#2b6cb0","aggregate":true,"child_fine_cells":9,"nearest_station_id":"kr_257","nearest_station_idx":256}},{"type":"Feature","geometry":{"type":"Polygon","coordinates":[[[126.90027,37.55784],[126.90703,37.55784],[126.90703,37.56459],[126.90027,37.56459],[126.90027,37.55784]]]},"properties":{"row":13,"col":3,"walk_min":7.8,"bucket":"5-10","color":"#3aa6a0","aggregate":true,"child_fine_cells":9,"nearest_station_id":"kr_259","nearest_station_idx":258}},{"type":"Feature","geometry":{"type":"Polygon","coordinates":[[[126.96108,37.56459],[126.96784,37.56459],[126.96784,37.57135],[126.96108,37.57135],[126.96108,37.56459]]]},"properties":{"row":14,"col":12,"walk_min":8.6,"bucket":"5-10","color":"#3aa6a0","aggregate":true,"child_fine_cells":9,"nearest_station_id":"kr_260","nearest_station_idx":259}},{"type":"Feature","geometry":{"type":"Polygon","coordinates":[[[127.04216,37.55108],[127.04892,37.55108],[127.04892,37.55784],[127.04216,37.55784],[127.04216,37.55108]]]},"properties":{"row":12,"col":24,"walk_min":10.5,"bucket":"10-15","color":"#4caf50","aggregate":true,"child_fine_cells":9,"nearest_station_id":"kr_272","nearest_station_idx":271}},{"type":"Feature","geometry":{"type":"Polygon","coordinates":[[[126.93405,37.50378],[126.94081,37.50378],[126.94081,37.51054],[126.93405,37.51054],[126.93405,37.50378]]]},"properties":{"row":5,"col":8,"walk_min":4.1,"bucket":"<5","color":"#2b6cb0","aggregate":true,"child_fine_cells":9,"nearest_station_id":"kr_273","nearest_station_idx":272}},{"type":"Feature","geometry":{"type":"Polygon","coordinates":[[[126.89351,37.5173],[126.90027,37.5173],[126.90027,37.52405],[126.89351,37.52405],[126.89351,37.5173]]]},"properties":{"row":7,"col":2,"walk_min":2.6,"bucket":"<5","color":"#2b6cb0","aggregate":true,"child_fine_cells":9,"nearest_station_id":"kr_282","nearest_station_idx":281}},{"type":"Feature","geometry":{"type":"Polygon","coordinates":[[[127.04892,37.50378],[127.05568,37.50378],[127.05568,37.51054],[127.04892,37.51054],[127.04892,37.50378]]]},"properties":{"row":5,"col":25,"walk_min":5.1,"bucket":"5-10","color":"#3aa6a0","aggregate":true,"child_fine_cells":9,"nearest_station_id":"kr_275","nearest_station_idx":274}},{"type":"Feature","geometry":{"type":"Polygon","coordinates":[[[126.96108,37.55784],[126.96784,37.55784],[126.96784,37.56459],[126.96108,37.56459],[126.96108,37.55784]]]},"properties":{"row":13,"col":12,"walk_min":3.1,"bucket":"<5","color":"#2b6cb0","aggregate":true,"child_fine_cells":9,"nearest_station_id":"kr_283","nearest_station_idx":282}},{"type":"Feature","geometry":{"type":"Polygon","coordinates":[[[127.01514,37.55108],[127.02189,37.55108],[127.02189,37.55784],[127.01514,37.55784],[127.01514,37.55108]]]},"properties":{"row":12,"col":20,"walk_min":3.2,"bucket":"<5","color":"#2b6cb0","aggregate":true,"child_fine_cells":9,"nearest_station_id":"kr_277","nearest_station_idx":276}},{"type":"Feature","geometry":{"type":"Polygon","coordinates":[[[126.98811,37.56459],[126.99486,37.56459],[126.99486,37.57135],[126.98811,37.57135],[126.98811,37.56459]]]},"properties":{"row":14,"col":16,"walk_min":1.8,"bucket":"<5","color":"#2b6cb0","aggregate":true,"child_fine_cells":9,"nearest_station_id":"kr_278","nearest_station_idx":277}},{"type":"Feature","geometry":{"type":"Polygon","coordinates":[[[127.06243,37.50378],[127.06919,37.50378],[127.06919,37.51054],[127.06243,37.51054],[127.06243,37.50378]]]},"properties":{"row":5,"col":27,"walk_min":7.2,"bucket":"5-10","color":"#3aa6a0","aggregate":true,"child_fine_cells":9,"nearest_station_id":"kr_279","nearest_station_idx":278}},{"type":"Feature","geometry":{"type":"Polygon","coordinates":[[[127.04216,37.54432],[127.04892,37.54432],[127.04892,37.55108],[127.04216,37.55108],[127.04216,37.54432]]]},"properties":{"row":11,"col":24,"walk_min":5.9,"bucket":"5-10","color":"#3aa6a0","aggregate":true,"child_fine_cells":9,"nearest_station_id":"kr_285","nearest_station_idx":284}},{"type":"Feature","geometry":{"type":"Polygon","coordinates":[[[126.90027,37.48351],[126.90703,37.48351],[126.90703,37.49027],[126.90027,37.49027],[126.90027,37.48351]]]},"properties":{"row":2,"col":3,"walk_min":4.4,"bucket":"<5","color":"#2b6cb0","aggregate":true,"child_fine_cells":9,"nearest_station_id":"kr_288","nearest_station_idx":287}},{"type":"Feature","geometry":{"type":"Polygon","coordinates":[[[127.06243,37.49027],[127.06919,37.49027],[127.06919,37.49703],[127.06243,37.49703],[127.06243,37.49027]]]},"properties":{"row":3,"col":27,"walk_min":7.2,"bucket":"5-10","color":"#3aa6a0","aggregate":true,"child_fine_cells":9,"nearest_station_id":"kr_289","nearest_station_idx":288}},{"type":"Feature","geometry":{"type":"Polygon","coordinates":[[[126.89351,37.56459],[126.90027,37.56459],[126.90027,37.57135],[126.89351,37.57135],[126.89351,37.56459]]]},"properties":{"row":14,"col":2,"walk_min":19.0,"bucket":"15-20","color":"#c6d92e","aggregate":true,"child_fine_cells":9,"nearest_station_id":"kr_293","nearest_station_idx":292}},{"type":"Feature","geometry":{"type":"Polygon","coordinates":[[[126.92054,37.60514],[126.9273,37.60514],[126.9273,37.61189],[126.92054,37.61189],[126.92054,37.60514]]]},"properties":{"row":20,"col":6,"walk_min":4.6,"bucket":"<5","color":"#2b6cb0","aggregate":true,"child_fine_cells":9,"nearest_station_id":"kr_294","nearest_station_idx":293}},{"type":"Feature","geometry":{"type":"Polygon","coordinates":[[[126.98135,37.53081],[126.98811,37.53081],[126.98811,37.53757],[126.98135,37.53757],[126.98135,37.53081]]]},"properties":{"row":9,"col":15,"walk_min":3.7,"bucket":"<5","color":"#2b6cb0","aggregate":true,"child_fine_cells":9,"nearest_station_id":"kr_295","nearest_station_idx":294}},{"type":"Feature","geometry":{"type":"Polygon","coordinates":[[[127.02865,37.55108],[127.03541,37.55108],[127.03541,37.55784],[127.02865,37.55784],[127.02865,37.55108]]]},"properties":{"row":12,"col":22,"walk_min":5.9,"bucket":"5-10","color":"#3aa6a0","aggregate":true,"child_fine_cells":9,"nearest_station_id":"kr_296","nearest_station_idx":295}},{"type":"Feature","geometry":{"type":"Polygon","coordinates":[[[126.9273,37.49703],[126.93405,37.49703],[126.93405,37.50378],[126.9273,37.50378],[126.9273,37.49703]]]},"properties":{"row":4,"col":7,"walk_min":3.9,"bucket":"<5","color":"#2b6cb0","aggregate":true,"child_fine_cells":9,"nearest_station_id":"kr_299","nearest_station_idx":298}},{"type":"Feature","geometry":{"type":"Polygon","coordinates":[[[126.89351,37.52405],[126.90027,37.52405],[126.90027,37.53081],[126.89351,37.53081],[126.89351,37.52405]]]},"properties":{"row":8,"col":2,"walk_min":3.2,"bucket":"<5","color":"#2b6cb0","aggregate":true,"child_fine_cells":9,"nearest_station_id":"kr_300","nearest_station_idx":299}},{"type":"Feature","geometry":{"type":"Polygon","coordinates":[[[126.88,37.52405],[126.88676,37.52405],[126.88676,37.53081],[126.88,37.53081],[126.88,37.52405]]]},"properties":{"row":8,"col":0,"walk_min":12.4,"bucket":"10-15","color":"#4caf50","aggregate":true,"child_fine_cells":9,"nearest_station_id":"kr_314","nearest_station_idx":313}},{"type":"Feature","geometry":{"type":"Polygon","coordinates":[[[126.91378,37.59838],[126.92054,37.59838],[126.92054,37.60514],[126.91378,37.60514],[126.91378,37.59838]]]},"properties":{"row":19,"col":5,"walk_min":4.1,"bucket":"<5","color":"#2b6cb0","aggregate":true,"child_fine_cells":9,"nearest_station_id":"kr_318","nearest_station_idx":317}},{"type":"Feature","geometry":{"type":"Polygon","coordinates":[[[126.96108,37.47676],[126.96784,37.47676],[126.96784,37.48351],[126.96108,37.48351],[126.96108,37.47676]]]},"properties":{"row":1,"col":12,"walk_min":7.7,"bucket":"5-10","color":"#3aa6a0","aggregate":true,"child_fine_cells":9,"nearest_station_id":"kr_319","nearest_station_idx":318}},{"type":"Feature","geometry":{"type":"Polygon","coordinates":[[[126.98811,37.53081],[126.99486,37.53081],[126.99486,37.53757],[126.98811,37.53757],[126.98811,37.53081]]]},"properties":{"row":9,"col":16,"walk_min":3.2,"bucket":"<5","color":"#2b6cb0","aggregate":true,"child_fine_cells":9,"nearest_station_id":"kr_320","nearest_station_idx":319}},{"type":"Feature","geometry":{"type":"Polygon","coordinates":[[[127.06919,37.49027],[127.07595,37.49027],[127.07595,37.49703],[127.06919,37.49703],[127.06919,37.49027]]]},"properties":{"row":3,"col":28,"walk_min":4.4,"bucket":"<5","color":"#2b6cb0","aggregate":true,"child_fine_cells":9,"nearest_station_id":"kr_321","nearest_station_idx":320}},{"type":"Feature","geometry":{"type":"Polygon","coordinates":[[[126.91378,37.54432],[126.92054,37.54432],[126.92054,37.55108],[126.91378,37.55108],[126.91378,37.54432]]]},"properties":{"row":11,"col":5,"walk_min":3.5,"bucket":"<5","color":"#2b6cb0","aggregate":true,"child_fine_cells":9,"nearest_station_id":"kr_323","nearest_station_idx":322}},{"type":"Feature","geometry":{"type":"Polygon","coordinates":[[[127.00162,37.54432],[127.00838,37.54432],[127.00838,37.55108],[127.00162,37.55108],[127.00162,37.54432]]]},"properties":{"row":11,"col":18,"walk_min":5.8,"bucket":"5-10","color":"#3aa6a0","aggregate":true,"child_fine_cells":9,"nearest_station_id":"kr_324","nearest_station_idx":323}},{"type":"Feature","geometry":{"type":"Polygon","coordinates":[[[126.90027,37.57135],[126.90703,37.57135],[126.90703,37.57811],[126.90027,37.57811],[126.90027,37.57135]]]},"properties":{"row":15,"col":3,"walk_min":7.5,"bucket":"5-10","color":"#3aa6a0","aggregate":true,"child_fine_cells":9,"nearest_station_id":"kr_327","nearest_station_idx":326}},{"type":"Feature","geometry":{"type":"Polygon","coordinates":[[[126.88,37.48351],[126.88676,37.48351],[126.88676,37.49027],[126.88,37.49027],[126.88,37.48351]]]},"properties":{"row":2,"col":0,"walk_min":4.2,"bucket":"<5","color":"#2b6cb0","aggregate":true,"child_fine_cells":9,"nearest_station_id":"kr_328","nearest_station_idx":327}},{"type":"Feature","geometry":{"type":"Polygon","coordinates":[[[127.00162,37.55784],[127.00838,37.55784],[127.00838,37.56459],[127.00162,37.56459],[127.00162,37.55784]]]},"properties":{"row":13,"col":18,"walk_min":3.5,"bucket":"<5","color":"#2b6cb0","aggregate":true,"child_fine_cells":9,"nearest_station_id":"kr_371","nearest_station_idx":370}},{"type":"Feature","geometry":{"type":"Polygon","coordinates":[[[127.00162,37.49027],[127.00838,37.49027],[127.00838,37.49703],[127.00162,37.49703],[127.00162,37.49027]]]},"properties":{"row":3,"col":18,"walk_min":5.2,"bucket":"5-10","color":"#3aa6a0","aggregate":true,"child_fine_cells":9,"nearest_station_id":"kr_333","nearest_station_idx":332}},{"type":"Feature","geometry":{"type":"Polygon","coordinates":[[[127.00162,37.53757],[127.00838,37.53757],[127.00838,37.54432],[127.00162,37.54432],[127.00162,37.53757]]]},"properties":{"row":10,"col":18,"walk_min":9.0,"bucket":"5-10","color":"#3aa6a0","aggregate":true,"child_fine_cells":7,"nearest_station_id":"kr_334","nearest_station_idx":333}},{"type":"Feature","geometry":{"type":"Polygon","coordinates":[[[126.90703,37.48351],[126.91378,37.48351],[126.91378,37.49027],[126.90703,37.49027],[126.90703,37.48351]]]},"properties":{"row":2,"col":4,"walk_min":4.4,"bucket":"<5","color":"#2b6cb0","aggregate":true,"child_fine_cells":9,"nearest_station_id":"kr_336","nearest_station_idx":335}},{"type":"Feature","geometry":{"type":"Polygon","coordinates":[[[126.91378,37.49703],[126.92054,37.49703],[126.92054,37.50378],[126.91378,37.50378],[126.91378,37.49703]]]},"properties":{"row":4,"col":5,"walk_min":4.5,"bucket":"<5","color":"#2b6cb0","aggregate":true,"child_fine_cells":9,"nearest_station_id":"kr_337","nearest_station_idx":336}},{"type":"Feature","geometry":{"type":"Polygon","coordinates":[[[126.90703,37.57811],[126.91378,37.57811],[126.91378,37.58486],[126.90703,37.58486],[126.90703,37.57811]]]},"properties":{"row":16,"col":4,"walk_min":4.9,"bucket":"<5","color":"#2b6cb0","aggregate":true,"child_fine_cells":9,"nearest_station_id":"kr_339","nearest_station_idx":338}},{"type":"Feature","geometry":{"type":"Polygon","coordinates":[[[126.90703,37.58486],[126.91378,37.58486],[126.91378,37.59162],[126.90703,37.59162],[126.90703,37.58486]]]},"properties":{"row":17,"col":4,"walk_min":3.3,"bucket":"<5","color":"#2b6cb0","aggregate":true,"child_fine_cells":9,"nearest_station_id":"kr_339","nearest_station_idx":338}},{"type":"Feature","geometry":{"type":"Polygon","coordinates":[[[126.99486,37.47676],[127.00162,37.47676],[127.00162,37.48351],[126.99486,37.48351],[126.99486,37.47676]]]},"properties":{"row":1,"col":17,"walk_min":2.6,"bucket":"<5","color":"#2b6cb0","aggregate":true,"child_fine_cells":9,"nearest_station_id":"kr_344","nearest_station_idx":343}},{"type":"Feature","geometry":{"type":"Polygon","coordinates":[[[127.07595,37.49027],[127.0827,37.49027],[127.0827,37.49703],[127.07595,37.49703],[127.07595,37.49027]]]},"properties":{"row":3,"col":29,"walk_min":2.5,"bucket":"<5","color":"#2b6cb0","aggregate":true,"child_fine_cells":9,"nearest_station_id":"kr_347","nearest_station_idx":346}},{"type":"Feature","geometry":{"type":"Polygon","coordinates":[[[126.90703,37.49703],[126.91378,37.49703],[126.91378,37.50378],[126.90703,37.50378],[126.90703,37.49703]]]},"properties":{"row":4,"col":4,"walk_min":3.0,"bucket":"<5","color":"#2b6cb0","aggregate":true,"child_fine_cells":9,"nearest_station_id":"kr_365","nearest_station_idx":364}},{"type":"Feature","geometry":{"type":"Polygon","coordinates":[[[126.92054,37.55108],[126.9273,37.55108],[126.9273,37.55784],[126.92054,37.55784],[126.92054,37.55108]]]},"properties":{"row":12,"col":6,"walk_min":3.5,"bucket":"<5","color":"#2b6cb0","aggregate":true,"child_fine_cells":9,"nearest_station_id":"kr_368","nearest_station_idx":367}},{"type":"Feature","geometry":{"type":"Polygon","coordinates":[[[126.94757,37.47676],[126.95432,37.47676],[126.95432,37.48351],[126.94757,37.48351],[126.94757,37.47676]]]},"properties":{"row":1,"col":10,"walk_min":7.9,"bucket":"5-10","color":"#3aa6a0","aggregate":true,"child_fine_cells":9,"nearest_station_id":"kr_370","nearest_station_idx":369}},{"type":"Feature","geometry":{"type":"Polygon","coordinates":[[[126.94081,37.55108],[126.94757,37.55108],[126.94757,37.55784],[126.94081,37.55784],[126.94081,37.55108]]]},"properties":{"row":12,"col":9,"walk_min":3.6,"bucket":"<5","color":"#2b6cb0","aggregate":true,"child_fine_cells":9,"nearest_station_id":"kr_373","nearest_station_idx":372}},{"type":"Feature","geometry":{"type":"Polygon","coordinates":[[[126.9273,37.48351],[126.93405,37.48351],[126.93405,37.49027],[126.9273,37.49027],[126.9273,37.48351]]]},"properties":{"row":2,"col":7,"walk_min":4.4,"bucket":"<5","color":"#2b6cb0","aggregate":true,"child_fine_cells":9,"nearest_station_id":"kr_375","nearest_station_idx":374}},{"type":"Feature","geometry":{"type":"Polygon","coordinates":[[[126.93405,37.55108],[126.94081,37.55108],[126.94081,37.55784],[126.93405,37.55784],[126.93405,37.55108]]]},"properties":{"row":12,"col":8,"walk_min":2.4,"bucket":"<5","color":"#2b6cb0","aggregate":true,"child_fine_cells":9,"nearest_station_id":"kr_376","nearest_station_idx":375}},{"type":"Feature","geometry":{"type":"Polygon","coordinates":[[[126.94081,37.47676],[126.94757,37.47676],[126.94757,37.48351],[126.94081,37.48351],[126.94081,37.47676]]]},"properties":{"row":1,"col":9,"walk_min":4.2,"bucket":"<5","color":"#2b6cb0","aggregate":true,"child_fine_cells":9,"nearest_station_id":"kr_377","nearest_station_idx":376}},{"type":"Feature","geometry":{"type":"Polygon","coordinates":[[[126.92054,37.51054],[126.9273,37.51054],[126.9273,37.5173],[126.92054,37.5173],[126.92054,37.51054]]]},"properties":{"row":6,"col":6,"walk_min":7.8,"bucket":"5-10","color":"#3aa6a0","aggregate":true,"child_fine_cells":9,"nearest_station_id":"kr_380","nearest_station_idx":379}},{"type":"Feature","geometry":{"type":"Polygon","coordinates":[[[126.89351,37.53757],[126.90027,37.53757],[126.90027,37.54432],[126.89351,37.54432],[126.89351,37.53757]]]},"properties":{"row":10,"col":2,"walk_min":6.3,"bucket":"5-10","color":"#3aa6a0","aggregate":true,"child_fine_cells":9,"nearest_station_id":"kr_387","nearest_station_idx":386}},{"type":"Feature","geometry":{"type":"Polygon","coordinates":[[[126.96108,37.52405],[126.96784,37.52405],[126.96784,37.53081],[126.96108,37.53081],[126.96108,37.52405]]]},"properties":{"row":8,"col":12,"walk_min":4.8,"bucket":"<5","color":"#2b6cb0","aggregate":true,"child_fine_cells":9,"nearest_station_id":"kr_397","nearest_station_idx":396}},{"type":"Feature","geometry":{"type":"Polygon","coordinates":[[[126.96784,37.53757],[126.97459,37.53757],[126.97459,37.54432],[126.96784,37.54432],[126.96784,37.53757]]]},"properties":{"row":10,"col":13,"walk_min":5.1,"bucket":"5-10","color":"#3aa6a0","aggregate":true,"child_fine_cells":9,"nearest_station_id":"kr_398","nearest_station_idx":397}},{"type":"Feature","geometry":{"type":"Polygon","coordinates":[[[126.94757,37.51054],[126.95432,37.51054],[126.95432,37.5173],[126.94757,37.5173],[126.94757,37.51054]]]},"properties":{"row":6,"col":10,"walk_min":6.2,"bucket":"5-10","color":"#3aa6a0","aggregate":true,"child_fine_cells":9,"nearest_station_id":"kr_399","nearest_station_idx":398}},{"type":"Feature","geometry":{"type":"Polygon","coordinates":[[[126.98135,37.49703],[126.98811,37.49703],[126.98811,37.50378],[126.98135,37.50378],[126.98135,37.49703]]]},"properties":{"row":4,"col":15,"walk_min":16.7,"bucket":"15-20","color":"#c6d92e","aggregate":true,"child_fine_cells":8,"nearest_station_id":"kr_400","nearest_station_idx":399}},{"type":"Feature","geometry":{"type":"Polygon","coordinates":[[[126.99486,37.49703],[127.00162,37.49703],[127.00162,37.50378],[126.99486,37.50378],[126.99486,37.49703]]]},"properties":{"row":4,"col":17,"walk_min":5.9,"bucket":"5-10","color":"#3aa6a0","aggregate":true,"child_fine_cells":9,"nearest_station_id":"kr_403","nearest_station_idx":402}},{"type":"Feature","geometry":{"type":"Polygon","coordinates":[[[126.96108,37.50378],[126.96784,37.50378],[126.96784,37.51054],[126.96108,37.51054],[126.96108,37.50378]]]},"properties":{"row":5,"col":12,"walk_min":3.8,"bucket":"<5","color":"#2b6cb0","aggregate":true,"child_fine_cells":8,"nearest_station_id":"kr_404","nearest_station_idx":403}},{"type":"Feature","geometry":{"type":"Polygon","coordinates":[[[126.88,37.53757],[126.88676,37.53757],[126.88676,37.54432],[126.88,37.54432],[126.88,37.53757]]]},"properties":{"row":10,"col":0,"walk_min":8.8,"bucket":"5-10","color":"#3aa6a0","aggregate":true,"child_fine_cells":9,"nearest_station_id":"kr_417","nearest_station_idx":416}},{"type":"Feature","geometry":{"type":"Polygon","coordinates":[[[126.91378,37.52405],[126.92054,37.52405],[126.92054,37.53081],[126.91378,37.53081],[126.91378,37.52405]]]},"properties":{"row":8,"col":5,"walk_min":6.2,"bucket":"5-10","color":"#3aa6a0","aggregate":true,"child_fine_cells":9,"nearest_station_id":"kr_431","nearest_station_idx":430}},{"type":"Feature","geometry":{"type":"Polygon","coordinates":[[[126.9273,37.5173],[126.93405,37.5173],[126.93405,37.52405],[126.9273,37.52405],[126.9273,37.5173]]]},"properties":{"row":7,"col":7,"walk_min":5.5,"bucket":"5-10","color":"#3aa6a0","aggregate":true,"child_fine_cells":9,"nearest_station_id":"kr_432","nearest_station_idx":431}},{"type":"Feature","geometry":{"type":"Polygon","coordinates":[[[127.01514,37.50378],[127.02189,37.50378],[127.02189,37.51054],[127.01514,37.51054],[127.01514,37.50378]]]},"properties":{"row":5,"col":20,"walk_min":4.4,"bucket":"<5","color":"#2b6cb0","aggregate":true,"child_fine_cells":9,"nearest_station_id":"kr_084","nearest_station_idx":83}},{"type":"Feature","geometry":{"type":"Polygon","coordinates":[[[127.02865,37.50378],[127.03541,37.50378],[127.03541,37.51054],[127.02865,37.51054],[127.02865,37.50378]]]},"properties":{"row":5,"col":22,"walk_min":3.1,"bucket":"<5","color":"#2b6cb0","aggregate":true,"child_fine_cells":9,"nearest_station_id":"kr_434","nearest_station_idx":433}},{"type":"Feature","geometry":{"type":"Polygon","coordinates":[[[127.04892,37.51054],[127.05568,37.51054],[127.05568,37.5173],[127.04892,37.5173],[127.04892,37.51054]]]},"properties":{"row":6,"col":25,"walk_min":3.5,"bucket":"<5","color":"#2b6cb0","aggregate":true,"child_fine_cells":9,"nearest_station_id":"kr_435","nearest_station_idx":434}},{"type":"Feature","geometry":{"type":"Polygon","coordinates":[[[126.93405,37.52405],[126.94081,37.52405],[126.94081,37.53081],[126.93405,37.53081],[126.93405,37.52405]]]},"properties":{"row":8,"col":8,"walk_min":6.9,"bucket":"5-10","color":"#3aa6a0","aggregate":true,"child_fine_cells":6,"nearest_station_id":"kr_180","nearest_station_idx":179}},{"type":"Feature","geometry":{"type":"Polygon","coordinates":[[[126.94081,37.49703],[126.94757,37.49703],[126.94757,37.50378],[126.94081,37.50378],[126.94081,37.49703]]]},"properties":{"row":4,"col":9,"walk_min":5.4,"bucket":"5-10","color":"#3aa6a0","aggregate":true,"child_fine_cells":9,"nearest_station_id":"kr_244","nearest_station_idx":243}},{"type":"Feature","geometry":{"type":"Polygon","coordinates":[[[126.90027,37.51054],[126.90703,37.51054],[126.90703,37.5173],[126.90027,37.5173],[126.90027,37.51054]]]},"properties":{"row":6,"col":3,"walk_min":6.8,"bucket":"5-10","color":"#3aa6a0","aggregate":true,"child_fine_cells":9,"nearest_station_id":"kr_001","nearest_station_idx":0}},{"type":"Feature","geometry":{"type":"Polygon","coordinates":[[[127.00838,37.48351],[127.01514,37.48351],[127.01514,37.49027],[127.00838,37.49027],[127.00838,37.48351]]]},"properties":{"row":2,"col":19,"walk_min":4.7,"bucket":"<5","color":"#2b6cb0","aggregate":true,"child_fine_cells":9,"nearest_station_id":"kr_152","nearest_station_idx":151}},{"type":"Feature","geometry":{"type":"Polygon","coordinates":[[[126.89351,37.51054],[126.90027,37.51054],[126.90027,37.5173],[126.89351,37.5173],[126.89351,37.51054]]]},"properties":{"row":6,"col":2,"walk_min":6.2,"bucket":"5-10","color":"#3aa6a0","aggregate":true,"child_fine_cells":9,"nearest_station_id":"kr_282","nearest_station_idx":281}},{"type":"Feature","geometry":{"type":"Polygon","coordinates":[[[127.06243,37.51054],[127.06919,37.51054],[127.06919,37.5173],[127.06243,37.5173],[127.06243,37.51054]]]},"properties":{"row":6,"col":27,"walk_min":4.8,"bucket":"<5","color":"#2b6cb0","aggregate":true,"child_fine_cells":8,"nearest_station_id":"kr_017","nearest_station_idx":16}},{"type":"Feature","geometry":{"type":"Polygon","coordinates":[[[127.04216,37.51054],[127.04892,37.51054],[127.04892,37.5173],[127.04216,37.5173],[127.04216,37.51054]]]},"properties":{"row":6,"col":24,"walk_min":4.0,"bucket":"<5","color":"#2b6cb0","aggregate":true,"child_fine_cells":9,"nearest_station_id":"kr_016","nearest_station_idx":15}},{"type":"Feature","geometry":{"type":"Polygon","coordinates":[[[126.99486,37.53081],[127.00162,37.53081],[127.00162,37.53757],[126.99486,37.53757],[126.99486,37.53081]]]},"properties":{"row":9,"col":17,"walk_min":4.4,"bucket":"<5","color":"#2b6cb0","aggregate":true,"child_fine_cells":9,"nearest_station_id":"kr_320","nearest_station_idx":319}},{"type":"Feature","geometry":{"type":"Polygon","coordinates":[[[127.04892,37.54432],[127.05568,37.54432],[127.05568,37.55108],[127.04892,37.55108],[127.04892,37.54432]]]},"properties":{"row":11,"col":25,"walk_min":5.6,"bucket":"5-10","color":"#3aa6a0","aggregate":true,"child_fine_cells":9,"nearest_station_id":"kr_285","nearest_station_idx":284}},{"type":"Feature","geometry":{"type":"Polygon","coordinates":[[[127.05568,37.53757],[127.06243,37.53757],[127.06243,37.54432],[127.05568,37.54432],[127.05568,37.53757]]]},"properties":{"row":10,"col":26,"walk_min":6.1,"bucket":"5-10","color":"#3aa6a0","aggregate":true,"child_fine_cells":9,"nearest_station_id":"kr_186","nearest_station_idx":185}},{"type":"Feature","geometry":{"type":"Polygon","coordinates":[[[126.89351,37.53081],[126.90027,37.53081],[126.90027,37.53757],[126.89351,37.53757],[126.89351,37.53081]]]},"properties":{"row":9,"col":2,"walk_min":5.1,"bucket":"5-10","color":"#3aa6a0","aggregate":true,"child_fine_cells":9,"nearest_station_id":"kr_387","nearest_station_idx":386}},{"type":"Feature","geometry":{"type":"Polygon","coordinates":[[[126.88,37.54432],[126.88676,37.54432],[126.88676,37.55108],[126.88,37.55108],[126.88,37.54432]]]},"properties":{"row":11,"col":0,"walk_min":19.7,"bucket":"15-20","color":"#c6d92e","aggregate":true,"child_fine_cells":5,"nearest_station_id":"kr_417","nearest_station_idx":416}},{"type":"Feature","geometry":{"type":"Polygon","coordinates":[[[126.90703,37.59162],[126.91378,37.59162],[126.91378,37.59838],[126.90703,37.59838],[126.90703,37.59162]]]},"properties":{"row":18,"col":4,"walk_min":4.8,"bucket":"<5","color":"#2b6cb0","aggregate":true,"child_fine_cells":9,"nearest_station_id":"kr_340","nearest_station_idx":339}},{"type":"Feature","geometry":{"type":"Polygon","coordinates":[[[127.03541,37.56459],[127.04216,37.56459],[127.04216,37.57135],[127.03541,37.57135],[127.03541,37.56459]]]},"properties":{"row":14,"col":23,"walk_min":6.4,"bucket":"5-10","color":"#3aa6a0","aggregate":true,"child_fine_cells":9,"nearest_station_id":"kr_094","nearest_station_idx":93}},{"type":"Feature","geometry":{"type":"Polygon","coordinates":[[[126.91378,37.5173],[126.92054,37.5173],[126.92054,37.52405],[126.91378,37.52405],[126.91378,37.5173]]]},"properties":{"row":7,"col":5,"walk_min":5.6,"bucket":"5-10","color":"#3aa6a0","aggregate":true,"child_fine_cells":9,"nearest_station_id":"kr_095","nearest_station_idx":94}},{"type":"Feature","geometry":{"type":"Polygon","coordinates":[[[127.07595,37.51054],[127.0827,37.51054],[127.0827,37.5173],[127.07595,37.5173],[127.07595,37.51054]]]},"properties":{"row":6,"col":29,"walk_min":7.8,"bucket":"5-10","color":"#3aa6a0","aggregate":true,"child_fine_cells":9,"nearest_station_id":"kr_012","nearest_station_idx":11}},{"type":"Feature","geometry":{"type":"Polygon","coordinates":[[[126.9273,37.51054],[126.93405,37.51054],[126.93405,37.5173],[126.9273,37.5173],[126.9273,37.51054]]]},"properties":{"row":6,"col":7,"walk_min":12.2,"bucket":"10-15","color":"#4caf50","aggregate":true,"child_fine_cells":9,"nearest_station_id":"kr_381","nearest_station_idx":380}},{"type":"Feature","geometry":{"type":"Polygon","coordinates":[[[127.02865,37.52405],[127.03541,37.52405],[127.03541,37.53081],[127.02865,37.53081],[127.02865,37.52405]]]},"properties":{"row":8,"col":22,"walk_min":4.2,"bucket":"<5","color":"#2b6cb0","aggregate":true,"child_fine_cells":9,"nearest_station_id":"kr_138","nearest_station_idx":137}},{"type":"Feature","geometry":{"type":"Polygon","coordinates":[[[127.06243,37.53757],[127.06919,37.53757],[127.06919,37.54432],[127.06243,37.54432],[127.06243,37.53757]]]},"properties":{"row":10,"col":27,"walk_min":4.4,"bucket":"<5","color":"#2b6cb0","aggregate":true,"child_fine_cells":9,"nearest_station_id":"kr_209","nearest_station_idx":208}},{"type":"Feature","geometry":{"type":"Polygon","coordinates":[[[126.99486,37.50378],[127.00162,37.50378],[127.00162,37.51054],[126.99486,37.51054],[126.99486,37.50378]]]},"properties":{"row":5,"col":17,"walk_min":6.6,"bucket":"5-10","color":"#3aa6a0","aggregate":true,"child_fine_cells":9,"nearest_station_id":"kr_403","nearest_station_idx":402}},{"type":"Feature","geometry":{"type":"Polygon","coordinates":[[[126.99486,37.53757],[127.00162,37.53757],[127.00162,37.54432],[126.99486,37.54432],[126.99486,37.53757]]]},"properties":{"row":10,"col":17,"walk_min":6.0,"bucket":"5-10","color":"#3aa6a0","aggregate":true,"child_fine_cells":9,"nearest_station_id":"kr_334","nearest_station_idx":333}},{"type":"Feature","geometry":{"type":"Polygon","coordinates":[[[126.99486,37.55784],[127.00162,37.55784],[127.00162,37.56459],[126.99486,37.56459],[126.99486,37.55784]]]},"properties":{"row":13,"col":17,"walk_min":6.3,"bucket":"5-10","color":"#3aa6a0","aggregate":true,"child_fine_cells":9,"nearest_station_id":"kr_030","nearest_station_idx":29}},{"type":"Feature","geometry":{"type":"Polygon","coordinates":[[[126.97459,37.56459],[126.98135,37.56459],[126.98135,37.57135],[126.97459,37.57135],[126.97459,37.56459]]]},"properties":{"row":14,"col":14,"walk_min":3.1,"bucket":"<5","color":"#2b6cb0","aggregate":true,"child_fine_cells":9,"nearest_station_id":"kr_246","nearest_station_idx":245}},{"type":"Feature","geometry":{"type":"Polygon","coordinates":[[[126.95432,37.49027],[126.96108,37.49027],[126.96108,37.49703],[126.95432,37.49703],[126.95432,37.49027]]]},"properties":{"row":3,"col":11,"walk_min":4.8,"bucket":"<5","color":"#2b6cb0","aggregate":true,"child_fine_cells":9,"nearest_station_id":"kr_213","nearest_station_idx":212}},{"type":"Feature","geometry":{"type":"Polygon","coordinates":[[[127.03541,37.5173],[127.04216,37.5173],[127.04216,37.52405],[127.03541,37.52405],[127.03541,37.5173]]]},"properties":{"row":7,"col":23,"walk_min":5.6,"bucket":"5-10","color":"#3aa6a0","aggregate":true,"child_fine_cells":9,"nearest_station_id":"kr_155","nearest_station_idx":154}},{"type":"Feature","geometry":{"type":"Polygon","coordinates":[[[126.88676,37.52405],[126.89351,37.52405],[126.89351,37.53081],[126.88676,37.53081],[126.88676,37.52405]]]},"properties":{"row":8,"col":1,"walk_min":6.9,"bucket":"5-10","color":"#3aa6a0","aggregate":true,"child_fine_cells":9,"nearest_station_id":"kr_314","nearest_station_idx":313}},{"type":"Feature","geometry":{"type":"Polygon","coordinates":[[[126.99486,37.57811],[127.00162,37.57811],[127.00162,37.58486],[126.99486,37.58486],[126.99486,37.57811]]]},"properties":{"row":16,"col":17,"walk_min":6.9,"bucket":"5-10","color":"#3aa6a0","aggregate":true,"child_fine_cells":7,"nearest_station_id":"kr_057","nearest_station_idx":56}},{"type":"Feature","geometry":{"type":"Polygon","coordinates":[[[126.91378,37.59162],[126.92054,37.59162],[126.92054,37.59838],[126.91378,37.59838],[126.91378,37.59162]]]},"properties":{"row":18,"col":5,"walk_min":4.3,"bucket":"<5","color":"#2b6cb0","aggregate":true,"child_fine_cells":9,"nearest_station_id":"kr_318","nearest_station_idx":317}},{"type":"Feature","geometry":{"type":"Polygon","coordinates":[[[126.88676,37.48351],[126.89351,37.48351],[126.89351,37.49027],[126.88676,37.49027],[126.88676,37.48351]]]},"properties":{"row":2,"col":1,"walk_min":4.4,"bucket":"<5","color":"#2b6cb0","aggregate":true,"child_fine_cells":9,"nearest_station_id":"kr_328","nearest_station_idx":327}},{"type":"Feature","geometry":{"type":"Polygon","coordinates":[[[127.07595,37.55784],[127.0827,37.55784],[127.0827,37.56459],[127.07595,37.56459],[127.07595,37.55784]]]},"properties":{"row":13,"col":29,"walk_min":6.0,"bucket":"5-10","color":"#3aa6a0","aggregate":true,"child_fine_cells":9,"nearest_station_id":"kr_046","nearest_station_idx":45}},{"type":"Feature","geometry":{"type":"Polygon","coordinates":[[[126.97459,37.47676],[126.98135,37.47676],[126.98135,37.48351],[126.97459,37.48351],[126.97459,37.47676]]]},"properties":{"row":1,"col":14,"walk_min":5.4,"bucket":"5-10","color":"#3aa6a0","aggregate":true,"child_fine_cells":9,"nearest_station_id":"kr_133","nearest_station_idx":132}},{"type":"Feature","geometry":{"type":"Polygon","coordinates":[[[126.96108,37.47],[126.96784,37.47],[126.96784,37.47676],[126.96108,37.47676],[126.96108,37.47]]]},"properties":{"row":0,"col":12,"walk_min":5.6,"bucket":"5-10","color":"#3aa6a0","aggregate":true,"child_fine_cells":9,"nearest_station_id":"kr_319","nearest_station_idx":318}},{"type":"Feature","geometry":{"type":"Polygon","coordinates":[[[127.00838,37.57135],[127.01514,37.57135],[127.01514,37.57811],[127.00838,37.57811],[127.00838,37.57135]]]},"properties":{"row":15,"col":19,"walk_min":4.4,"bucket":"<5","color":"#2b6cb0","aggregate":true,"child_fine_cells":9,"nearest_station_id":"kr_011","nearest_station_idx":10}},{"type":"Feature","geometry":{"type":"Polygon","coordinates":[[[126.88676,37.53757],[126.89351,37.53757],[126.89351,37.54432],[126.88676,37.54432],[126.88676,37.53757]]]},"properties":{"row":10,"col":1,"walk_min":6.2,"bucket":"5-10","color":"#3aa6a0","aggregate":true,"child_fine_cells":9,"nearest_station_id":"kr_387","nearest_station_idx":386}},{"type":"Feature","geometry":{"type":"Polygon","coordinates":[[[126.95432,37.53757],[126.96108,37.53757],[126.96108,37.54432],[126.95432,37.54432],[126.95432,37.53757]]]},"properties":{"row":10,"col":11,"walk_min":4.4,"bucket":"<5","color":"#2b6cb0","aggregate":true,"child_fine_cells":9,"nearest_station_id":"kr_245","nearest_station_idx":244}},{"type":"Feature","geometry":{"type":"Polygon","coordinates":[[[127.02865,37.57135],[127.03541,37.57135],[127.03541,37.57811],[127.02865,37.57811],[127.02865,37.57135]]]},"properties":{"row":15,"col":22,"walk_min":5.5,"bucket":"5-10","color":"#3aa6a0","aggregate":true,"child_fine_cells":9,"nearest_station_id":"kr_026","nearest_station_idx":25}},{"type":"Feature","geometry":{"type":"Polygon","coordinates":[[[127.00838,37.57811],[127.01514,37.57811],[127.01514,37.58486],[127.00838,37.58486],[127.00838,37.57811]]]},"properties":{"row":16,"col":19,"walk_min":6.0,"bucket":"5-10","color":"#3aa6a0","aggregate":true,"child_fine_cells":9,"nearest_station_id":"kr_101","nearest_station_idx":100}},{"type":"Feature","geometry":{"type":"Polygon","coordinates":[[[126.95432,37.55784],[126.96108,37.55784],[126.96108,37.56459],[126.95432,37.56459],[126.95432,37.55784]]]},"properties":{"row":13,"col":11,"walk_min":3.9,"bucket":"<5","color":"#2b6cb0","aggregate":true,"child_fine_cells":9,"nearest_station_id":"kr_276","nearest_station_idx":275}},{"type":"Feature","geometry":{"type":"Polygon","coordinates":[[[127.02189,37.56459],[127.02865,37.56459],[127.02865,37.57135],[127.02189,37.57135],[127.02189,37.56459]]]},"properties":{"row":14,"col":21,"walk_min":5.8,"bucket":"5-10","color":"#3aa6a0","aggregate":true,"child_fine_cells":9,"nearest_station_id":"kr_076","nearest_station_idx":75}},{"type":"Feature","geometry":{"type":"Polygon","coordinates":[[[127.05568,37.48351],[127.06243,37.48351],[127.06243,37.49027],[127.05568,37.49027],[127.05568,37.48351]]]},"properties":{"row":2,"col":26,"walk_min":8.3,"bucket":"5-10","color":"#3aa6a0","aggregate":true,"child_fine_cells":9,"nearest_station_id":"kr_164","nearest_station_idx":163}},{"type":"Feature","geometry":{"type":"Polygon","coordinates":[[[126.98135,37.47],[126.98811,37.47],[126.98811,37.47676],[126.98135,37.47676],[126.98135,37.47]]]},"properties":{"row":0,"col":15,"walk_min":12.2,"bucket":"10-15","color":"#4caf50","aggregate":true,"child_fine_cells":5,"nearest_station_id":"kr_133","nearest_station_idx":132}},{"type":"Feature","geometry":{"type":"Polygon","coordinates":[[[126.90703,37.5173],[126.91378,37.5173],[126.91378,37.52405],[126.90703,37.52405],[126.90703,37.5173]]]},"properties":{"row":7,"col":4,"walk_min":5.7,"bucket":"5-10","color":"#3aa6a0","aggregate":true,"child_fine_cells":9,"nearest_station_id":"kr_241","nearest_station_idx":240}},{"type":"Feature","geometry":{"type":"Polygon","coordinates":[[[127.04216,37.59838],[127.04892,37.59838],[127.04892,37.60514],[127.04216,37.60514],[127.04216,37.59838]]]},"properties":{"row":19,"col":24,"walk_min":5.4,"bucket":"5-10","color":"#3aa6a0","aggregate":true,"child_fine_cells":8,"nearest_station_id":"kr_142","nearest_station_idx":141}},{"type":"Feature","geometry":{"type":"Polygon","coordinates":[[[127.00162,37.49703],[127.00838,37.49703],[127.00838,37.50378],[127.00162,37.50378],[127.00162,37.49703]]]},"properties":{"row":4,"col":18,"walk_min":6.1,"bucket":"5-10","color":"#3aa6a0","aggregate":true,"child_fine_cells":9,"nearest_station_id":"kr_002","nearest_station_idx":1}},{"type":"Feature","geometry":{"type":"Polygon","coordinates":[[[126.95432,37.51054],[126.96108,37.51054],[126.96108,37.5173],[126.95432,37.5173],[126.95432,37.51054]]]},"properties":{"row":6,"col":11,"walk_min":8.4,"bucket":"5-10","color":"#3aa6a0","aggregate":true,"child_fine_cells":5,"nearest_station_id":"kr_399","nearest_station_idx":398}},{"type":"Feature","geometry":{"type":"Polygon","coordinates":[[[127.02189,37.51054],[127.02865,37.51054],[127.02865,37.5173],[127.02189,37.5173],[127.02189,37.51054]]]},"properties":{"row":6,"col":21,"walk_min":3.7,"bucket":"<5","color":"#2b6cb0","aggregate":true,"child_fine_cells":9,"nearest_station_id":"kr_130","nearest_station_idx":129}},{"type":"Feature","geometry":{"type":"Polygon","coordinates":[[[126.9273,37.47676],[126.93405,37.47676],[126.93405,37.48351],[126.9273,37.48351],[126.9273,37.47676]]]},"properties":{"row":1,"col":7,"walk_min":5.4,"bucket":"5-10","color":"#3aa6a0","aggregate":true,"child_fine_cells":9,"nearest_station_id":"kr_375","nearest_station_idx":374}},{"type":"Feature","geometry":{"type":"Polygon","coordinates":[[[127.00162,37.48351],[127.00838,37.48351],[127.00838,37.49027],[127.00162,37.49027],[127.00162,37.48351]]]},"properties":{"row":2,"col":18,"walk_min":7.1,"bucket":"5-10","color":"#3aa6a0","aggregate":true,"child_fine_cells":9,"nearest_station_id":"kr_333","nearest_station_idx":332}},{"type":"Feature","geometry":{"type":"Polygon","coordinates":[[[127.05568,37.49027],[127.06243,37.49027],[127.06243,37.49703],[127.05568,37.49703],[127.05568,37.49027]]]},"properties":{"row":3,"col":26,"walk_min":4.7,"bucket":"<5","color":"#2b6cb0","aggregate":true,"child_fine_cells":9,"nearest_station_id":"kr_290","nearest_station_idx":289}},{"type":"Feature","geometry":{"type":"Polygon","coordinates":[[[126.92054,37.59838],[126.9273,37.59838],[126.9273,37.60514],[126.92054,37.60514],[126.92054,37.59838]]]},"properties":{"row":19,"col":6,"walk_min":5.6,"bucket":"5-10","color":"#3aa6a0","aggregate":true,"child_fine_cells":9,"nearest_station_id":"kr_294","nearest_station_idx":293}},{"type":"Feature","geometry":{"type":"Polygon","coordinates":[[[126.91378,37.55108],[126.92054,37.55108],[126.92054,37.55784],[126.91378,37.55784],[126.91378,37.55108]]]},"properties":{"row":12,"col":5,"walk_min":5.2,"bucket":"5-10","color":"#3aa6a0","aggregate":true,"child_fine_cells":9,"nearest_station_id":"kr_323","nearest_station_idx":322}},{"type":"Feature","geometry":{"type":"Polygon","coordinates":[[[127.04216,37.5173],[127.04892,37.5173],[127.04892,37.52405],[127.04216,37.52405],[127.04216,37.5173]]]},"properties":{"row":7,"col":24,"walk_min":5.3,"bucket":"5-10","color":"#3aa6a0","aggregate":true,"child_fine_cells":9,"nearest_station_id":"kr_166","nearest_station_idx":165}},{"type":"Feature","geometry":{"type":"Polygon","coordinates":[[[126.97459,37.5173],[126.98135,37.5173],[126.98135,37.52405],[126.97459,37.52405],[126.97459,37.5173]]]},"properties":{"row":7,"col":14,"walk_min":8.4,"bucket":"5-10","color":"#3aa6a0","aggregate":true,"child_fine_cells":9,"nearest_station_id":"kr_219","nearest_station_idx":218}},{"type":"Feature","geometry":{"type":"Polygon","coordinates":[[[126.88,37.50378],[126.88676,37.50378],[126.88676,37.51054],[126.88,37.51054],[126.88,37.50378]]]},"properties":{"row":5,"col":0,"walk_min":10.0,"bucket":"10-15","color":"#4caf50","aggregate":true,"child_fine_cells":9,"nearest_station_id":"kr_019","nearest_station_idx":18}},{"type":"Feature","geometry":{"type":"Polygon","coordinates":[[[127.02189,37.58486],[127.02865,37.58486],[127.02865,37.59162],[127.02189,37.59162],[127.02189,37.58486]]]},"properties":{"row":17,"col":21,"walk_min":4.6,"bucket":"<5","color":"#2b6cb0","aggregate":true,"child_fine_cells":9,"nearest_station_id":"kr_122","nearest_station_idx":121}},{"type":"Feature","geometry":{"type":"Polygon","coordinates":[[[127.03541,37.57811],[127.04216,37.57811],[127.04216,37.58486],[127.03541,37.58486],[127.03541,37.57811]]]},"properties":{"row":16,"col":23,"walk_min":5.4,"bucket":"5-10","color":"#3aa6a0","aggregate":true,"child_fine_cells":9,"nearest_station_id":"kr_026","nearest_station_idx":25}},{"type":"Feature","geometry":{"type":"Polygon","coordinates":[[[126.90027,37.52405],[126.90703,37.52405],[126.90703,37.53081],[126.90027,37.53081],[126.90027,37.52405]]]},"properties":{"row":8,"col":3,"walk_min":5.4,"bucket":"5-10","color":"#3aa6a0","aggregate":true,"child_fine_cells":9,"nearest_station_id":"kr_241","nearest_station_idx":240}},{"type":"Feature","geometry":{"type":"Polygon","coordinates":[[[127.06919,37.50378],[127.07595,37.50378],[127.07595,37.51054],[127.06919,37.51054],[127.06919,37.50378]]]},"properties":{"row":5,"col":28,"walk_min":7.9,"bucket":"5-10","color":"#3aa6a0","aggregate":true,"child_fine_cells":8,"nearest_station_id":"kr_012","nearest_station_idx":11}},{"type":"Feature","geometry":{"type":"Polygon","coordinates":[[[126.88676,37.53081],[126.89351,37.53081],[126.89351,37.53757],[126.88676,37.53757],[126.88676,37.53081]]]},"properties":{"row":9,"col":1,"walk_min":8.6,"bucket":"5-10","color":"#3aa6a0","aggregate":true,"child_fine_cells":9,"nearest_station_id":"kr_387","nearest_station_idx":386}},{"type":"Feature","geometry":{"type":"Polygon","coordinates":[[[127.03541,37.48351],[127.04216,37.48351],[127.04216,37.49027],[127.03541,37.49027],[127.03541,37.48351]]]},"properties":{"row":2,"col":23,"walk_min":6.0,"bucket":"5-10","color":"#3aa6a0","aggregate":true,"child_fine_cells":9,"nearest_station_id":"kr_020","nearest_station_idx":19}},{"type":"Feature","geometry":{"type":"Polygon","coordinates":[[[127.04892,37.53757],[127.05568,37.53757],[127.05568,37.54432],[127.04892,37.54432],[127.04892,37.53757]]]},"properties":{"row":10,"col":25,"walk_min":6.6,"bucket":"5-10","color":"#3aa6a0","aggregate":true,"child_fine_cells":9,"nearest_station_id":"kr_186","nearest_station_idx":185}},{"type":"Feature","geometry":{"type":"Polygon","coordinates":[[[126.92054,37.49703],[126.9273,37.49703],[126.9273,37.50378],[126.92054,37.50378],[126.92054,37.49703]]]},"properties":{"row":4,"col":6,"walk_min":4.6,"bucket":"<5","color":"#2b6cb0","aggregate":true,"child_fine_cells":9,"nearest_station_id":"kr_337","nearest_station_idx":336}},{"type":"Feature","geometry":{"type":"Polygon","coordinates":[[[127.04892,37.49703],[127.05568,37.49703],[127.05568,37.50378],[127.04892,37.50378],[127.04892,37.49703]]]},"properties":{"row":4,"col":25,"walk_min":6.8,"bucket":"5-10","color":"#3aa6a0","aggregate":true,"child_fine_cells":9,"nearest_station_id":"kr_275","nearest_station_idx":274}},{"type":"Feature","geometry":{"type":"Polygon","coordinates":[[[126.97459,37.48351],[126.98135,37.48351],[126.98135,37.49027],[126.97459,37.49027],[126.97459,37.48351]]]},"properties":{"row":2,"col":14,"walk_min":5.0,"bucket":"5-10","color":"#3aa6a0","aggregate":true,"child_fine_cells":9,"nearest_station_id":"kr_139","nearest_station_idx":138}},{"type":"Feature","geometry":{"type":"Polygon","coordinates":[[[127.01514,37.49027],[127.02189,37.49027],[127.02189,37.49703],[127.01514,37.49703],[127.01514,37.49027]]]},"properties":{"row":3,"col":20,"walk_min":5.5,"bucket":"5-10","color":"#3aa6a0","aggregate":true,"child_fine_cells":9,"nearest_station_id":"kr_052","nearest_station_idx":51}},{"type":"Feature","geometry":{"type":"Polygon","coordinates":[[[126.93405,37.54432],[126.94081,37.54432],[126.94081,37.55108],[126.93405,37.55108],[126.93405,37.54432]]]},"properties":{"row":11,"col":8,"walk_min":3.9,"bucket":"<5","color":"#2b6cb0","aggregate":true,"child_fine_cells":9,"nearest_station_id":"kr_140","nearest_station_idx":139}},{"type":"Feature","geometry":{"type":"Polygon","coordinates":[[[126.94081,37.55784],[126.94757,37.55784],[126.94757,37.56459],[126.94081,37.56459],[126.94081,37.55784]]]},"properties":{"row":13,"col":9,"walk_min":6.8,"bucket":"5-10","color":"#3aa6a0","aggregate":true,"child_fine_cells":9,"nearest_station_id":"kr_373","nearest_station_idx":372}},{"type":"Feature","geometry":{"type":"Polygon","coordinates":[[[126.98811,37.49703],[126.99486,37.49703],[126.99486,37.50378],[126.98811,37.50378],[126.98811,37.49703]]]},"properties":{"row":4,"col":16,"walk_min":6.1,"bucket":"5-10","color":"#3aa6a0","aggregate":true,"child_fine_cells":9,"nearest_station_id":"kr_400","nearest_station_idx":399}},{"type":"Feature","geometry":{"type":"Polygon","coordinates":[[[127.04216,37.49703],[127.04892,37.49703],[127.04892,37.50378],[127.04216,37.50378],[127.04216,37.49703]]]},"properties":{"row":4,"col":24,"walk_min":8.7,"bucket":"5-10","color":"#3aa6a0","aggregate":true,"child_fine_cells":9,"nearest_station_id":"kr_275","nearest_station_idx":274}},{"type":"Feature","geometry":{"type":"Polygon","coordinates":[[[126.88676,37.49027],[126.89351,37.49027],[126.89351,37.49703],[126.88676,37.49703],[126.88676,37.49027]]]},"properties":{"row":3,"col":1,"walk_min":5.8,"bucket":"5-10","color":"#3aa6a0","aggregate":true,"child_fine_cells":9,"nearest_station_id":"kr_255","nearest_station_idx":254}},{"type":"Feature","geometry":{"type":"Polygon","coordinates":[[[126.97459,37.50378],[126.98135,37.50378],[126.98135,37.51054],[126.97459,37.51054],[126.97459,37.50378]]]},"properties":{"row":5,"col":14,"walk_min":2.7,"bucket":"<5","color":"#2b6cb0","aggregate":true,"child_fine_cells":2,"nearest_station_id":"kr_003","nearest_station_idx":2}},{"type":"Feature","geometry":{"type":"Polygon","coordinates":[[[127.02189,37.55784],[127.02865,37.55784],[127.02865,37.56459],[127.02189,37.56459],[127.02189,37.55784]]]},"properties":{"row":13,"col":21,"walk_min":5.0,"bucket":"5-10","color":"#3aa6a0","aggregate":true,"child_fine_cells":9,"nearest_station_id":"kr_076","nearest_station_idx":75}},{"type":"Feature","geometry":{"type":"Polygon","coordinates":[[[127.02189,37.55108],[127.02865,37.55108],[127.02865,37.55784],[127.02189,37.55784],[127.02189,37.55108]]]},"properties":{"row":12,"col":21,"walk_min":4.5,"bucket":"<5","color":"#2b6cb0","aggregate":true,"child_fine_cells":9,"nearest_station_id":"kr_277","nearest_station_idx":276}},{"type":"Feature","geometry":{"type":"Polygon","coordinates":[[[127.01514,37.49703],[127.02189,37.49703],[127.02189,37.50378],[127.01514,37.50378],[127.01514,37.49703]]]},"properties":{"row":4,"col":20,"walk_min":6.1,"bucket":"5-10","color":"#3aa6a0","aggregate":true,"child_fine_cells":9,"nearest_station_id":"kr_433","nearest_station_idx":432}},{"type":"Feature","geometry":{"type":"Polygon","coordinates":[[[127.01514,37.55784],[127.02189,37.55784],[127.02189,37.56459],[127.01514,37.56459],[127.01514,37.55784]]]},"properties":{"row":13,"col":20,"walk_min":3.7,"bucket":"<5","color":"#2b6cb0","aggregate":true,"child_fine_cells":9,"nearest_station_id":"kr_029","nearest_station_idx":28}},{"type":"Feature","geometry":{"type":"Polygon","coordinates":[[[126.98811,37.50378],[126.99486,37.50378],[126.99486,37.51054],[126.98811,37.51054],[126.98811,37.50378]]]},"properties":{"row":5,"col":16,"walk_min":8.6,"bucket":"5-10","color":"#3aa6a0","aggregate":true,"child_fine_cells":8,"nearest_station_id":"kr_403","nearest_station_idx":402}},{"type":"Feature","geometry":{"type":"Polygon","coordinates":[[[127.03541,37.50378],[127.04216,37.50378],[127.04216,37.51054],[127.03541,37.51054],[127.03541,37.50378]]]},"properties":{"row":5,"col":23,"walk_min":4.7,"bucket":"<5","color":"#2b6cb0","aggregate":true,"child_fine_cells":9,"nearest_station_id":"kr_434","nearest_station_idx":433}},{"type":"Feature","geometry":{"type":"Polygon","coordinates":[[[126.93405,37.49703],[126.94081,37.49703],[126.94081,37.50378],[126.93405,37.50378],[126.93405,37.49703]]]},"properties":{"row":4,"col":8,"walk_min":6.9,"bucket":"5-10","color":"#3aa6a0","aggregate":true,"child_fine_cells":9,"nearest_station_id":"kr_273","nearest_station_idx":272}},{"type":"Feature","geometry":{"type":"Polygon","coordinates":[[[127.03541,37.47676],[127.04216,37.47676],[127.04216,37.48351],[127.03541,37.48351],[127.03541,37.47676]]]},"properties":{"row":1,"col":23,"walk_min":8.5,"bucket":"5-10","color":"#3aa6a0","aggregate":true,"child_fine_cells":9,"nearest_station_id":"kr_020","nearest_station_idx":19}},{"type":"Feature","geometry":{"type":"Polygon","coordinates":[[[126.94757,37.54432],[126.95432,37.54432],[126.95432,37.55108],[126.94757,37.55108],[126.94757,37.54432]]]},"properties":{"row":11,"col":10,"walk_min":6.0,"bucket":"5-10","color":"#3aa6a0","aggregate":true,"child_fine_cells":9,"nearest_station_id":"kr_100","nearest_station_idx":99}},{"type":"Feature","geometry":{"type":"Polygon","coordinates":[[[126.96108,37.53081],[126.96784,37.53081],[126.96784,37.53757],[126.96108,37.53757],[126.96108,37.53081]]]},"properties":{"row":9,"col":12,"walk_min":6.0,"bucket":"5-10","color":"#3aa6a0","aggregate":true,"child_fine_cells":9,"nearest_station_id":"kr_397","nearest_station_idx":396}},{"type":"Feature","geometry":{"type":"Polygon","coordinates":[[[127.01514,37.5173],[127.02189,37.5173],[127.02189,37.52405],[127.01514,37.52405],[127.01514,37.5173]]]},"properties":{"row":7,"col":20,"walk_min":7.2,"bucket":"5-10","color":"#3aa6a0","aggregate":true,"child_fine_cells":9,"nearest_station_id":"kr_056","nearest_station_idx":55}},{"type":"Feature","geometry":{"type":"Polygon","coordinates":[[[126.92054,37.55784],[126.9273,37.55784],[126.9273,37.56459],[126.92054,37.56459],[126.92054,37.55784]]]},"properties":{"row":13,"col":6,"walk_min":6.0,"bucket":"5-10","color":"#3aa6a0","aggregate":true,"child_fine_cells":9,"nearest_station_id":"kr_368","nearest_station_idx":367}},{"type":"Feature","geometry":{"type":"Polygon","coordinates":[[[126.88676,37.51054],[126.89351,37.51054],[126.89351,37.5173],[126.88676,37.5173],[126.88676,37.51054]]]},"properties":{"row":6,"col":1,"walk_min":6.5,"bucket":"5-10","color":"#3aa6a0","aggregate":true,"child_fine_cells":9,"nearest_station_id":"kr_013","nearest_station_idx":12}},{"type":"Feature","geometry":{"type":"Polygon","coordinates":[[[126.93405,37.47676],[126.94081,37.47676],[126.94081,37.48351],[126.93405,37.48351],[126.93405,37.47676]]]},"properties":{"row":1,"col":8,"walk_min":6.3,"bucket":"5-10","color":"#3aa6a0","aggregate":true,"child_fine_cells":9,"nearest_station_id":"kr_377","nearest_station_idx":376}},{"type":"Feature","geometry":{"type":"Polygon","coordinates":[[[127.04216,37.55784],[127.04892,37.55784],[127.04892,37.56459],[127.04216,37.56459],[127.04216,37.55784]]]},"properties":{"row":13,"col":24,"walk_min":5.2,"bucket":"5-10","color":"#3aa6a0","aggregate":true,"child_fine_cells":9,"nearest_station_id":"kr_243","nearest_station_idx":242}},{"type":"Feature","geometry":{"type":"Polygon","coordinates":[[[126.98135,37.57811],[126.98811,37.57811],[126.98811,37.58486],[126.98135,37.58486],[126.98135,37.57811]]]},"properties":{"row":16,"col":15,"walk_min":6.2,"bucket":"5-10","color":"#3aa6a0","aggregate":true,"child_fine_cells":9,"nearest_station_id":"kr_022","nearest_station_idx":21}},{"type":"Feature","geometry":{"type":"Polygon","coordinates":[[[126.96784,37.56459],[126.97459,37.56459],[126.97459,37.57135],[126.96784,37.57135],[126.96784,37.56459]]]},"properties":{"row":14,"col":13,"walk_min":5.4,"bucket":"5-10","color":"#3aa6a0","aggregate":true,"child_fine_cells":9,"nearest_station_id":"kr_260","nearest_station_idx":259}},{"type":"Feature","geometry":{"type":"Polygon","coordinates":[[[126.90027,37.56459],[126.90703,37.56459],[126.90703,37.57135],[126.90027,37.57135],[126.90027,37.56459]]]},"properties":{"row":14,"col":3,"walk_min":7.4,"bucket":"5-10","color":"#3aa6a0","aggregate":true,"child_fine_cells":9,"nearest_station_id":"kr_293","nearest_station_idx":292}},{"type":"Feature","geometry":{"type":"Polygon","coordinates":[[[126.9273,37.59838],[126.93405,37.59838],[126.93405,37.60514],[126.9273,37.60514],[126.9273,37.59838]]]},"properties":{"row":19,"col":7,"walk_min":6.2,"bucket":"5-10","color":"#3aa6a0","aggregate":true,"child_fine_cells":9,"nearest_station_id":"kr_113","nearest_station_idx":112}},{"type":"Feature","geometry":{"type":"Polygon","coordinates":[[[127.04892,37.48351],[127.05568,37.48351],[127.05568,37.49027],[127.04892,37.49027],[127.04892,37.48351]]]},"properties":{"row":2,"col":25,"walk_min":7.3,"bucket":"5-10","color":"#3aa6a0","aggregate":true,"child_fine_cells":9,"nearest_station_id":"kr_250","nearest_station_idx":249}},{"type":"Feature","geometry":{"type":"Polygon","coordinates":[[[126.94757,37.55108],[126.95432,37.55108],[126.95432,37.55784],[126.94757,37.55784],[126.94757,37.55108]]]},"properties":{"row":12,"col":10,"walk_min":5.5,"bucket":"5-10","color":"#3aa6a0","aggregate":true,"child_fine_cells":9,"nearest_station_id":"kr_373","nearest_station_idx":372}},{"type":"Feature","geometry":{"type":"Polygon","coordinates":[[[127.03541,37.59162],[127.04216,37.59162],[127.04216,37.59838],[127.03541,37.59838],[127.03541,37.59162]]]},"properties":{"row":18,"col":23,"walk_min":6.3,"bucket":"5-10","color":"#3aa6a0","aggregate":true,"child_fine_cells":9,"nearest_station_id":"kr_131","nearest_station_idx":130}},{"type":"Feature","geometry":{"type":"Polygon","coordinates":[[[127.02865,37.47676],[127.03541,37.47676],[127.03541,37.48351],[127.02865,37.48351],[127.02865,37.47676]]]},"properties":{"row":1,"col":22,"walk_min":8.0,"bucket":"5-10","color":"#3aa6a0","aggregate":true,"child_fine_cells":9,"nearest_station_id":"kr_020","nearest_station_idx":19}},{"type":"Feature","geometry":{"type":"Polygon","coordinates":[[[127.00838,37.59162],[127.01514,37.59162],[127.01514,37.59838],[127.00838,37.59838],[127.00838,37.59162]]]},"properties":{"row":18,"col":19,"walk_min":7.1,"bucket":"5-10","color":"#3aa6a0","aggregate":true,"child_fine_cells":9,"nearest_station_id":"kr_160","nearest_station_idx":159}},{"type":"Feature","geometry":{"type":"Polygon","coordinates":[[[127.04892,37.58486],[127.05568,37.58486],[127.05568,37.59162],[127.04892,37.59162],[127.04892,37.58486]]]},"properties":{"row":17,"col":25,"walk_min":5.9,"bucket":"5-10","color":"#3aa6a0","aggregate":true,"child_fine_cells":9,"nearest_station_id":"kr_031","nearest_station_idx":30}},{"type":"Feature","geometry":{"type":"Polygon","coordinates":[[[127.00162,37.51054],[127.00838,37.51054],[127.00838,37.5173],[127.00162,37.5173],[127.00162,37.51054]]]},"properties":{"row":6,"col":18,"walk_min":11.4,"bucket":"10-15","color":"#4caf50","aggregate":true,"child_fine_cells":8,"nearest_station_id":"kr_216","nearest_station_idx":215}},{"type":"Feature","geometry":{"type":"Polygon","coordinates":[[[127.00162,37.55108],[127.00838,37.55108],[127.00838,37.55784],[127.00162,37.55784],[127.00162,37.55108]]]},"properties":{"row":12,"col":18,"walk_min":9.7,"bucket":"5-10","color":"#3aa6a0","aggregate":true,"child_fine_cells":9,"nearest_station_id":"kr_054","nearest_station_idx":53}},{"type":"Feature","geometry":{"type":"Polygon","coordinates":[[[127.02865,37.49703],[127.03541,37.49703],[127.03541,37.50378],[127.02865,37.50378],[127.02865,37.49703]]]},"properties":{"row":4,"col":22,"walk_min":4.6,"bucket":"<5","color":"#2b6cb0","aggregate":true,"child_fine_cells":9,"nearest_station_id":"kr_252","nearest_station_idx":251}},{"type":"Feature","geometry":{"type":"Polygon","coordinates":[[[127.02189,37.49027],[127.02865,37.49027],[127.02865,37.49703],[127.02189,37.49703],[127.02189,37.49027]]]},"properties":{"row":3,"col":21,"walk_min":7.3,"bucket":"5-10","color":"#3aa6a0","aggregate":true,"child_fine_cells":9,"nearest_station_id":"kr_027","nearest_station_idx":26}},{"type":"Feature","geometry":{"type":"Polygon","coordinates":[[[126.97459,37.55108],[126.98135,37.55108],[126.98135,37.55784],[126.97459,37.55784],[126.97459,37.55108]]]},"properties":{"row":12,"col":14,"walk_min":6.0,"bucket":"5-10","color":"#3aa6a0","aggregate":true,"child_fine_cells":9,"nearest_station_id":"kr_033","nearest_station_idx":32}},{"type":"Feature","geometry":{"type":"Polygon","coordinates":[[[126.88,37.5173],[126.88676,37.5173],[126.88676,37.52405],[126.88,37.52405],[126.88,37.5173]]]},"properties":{"row":7,"col":0,"walk_min":7.7,"bucket":"5-10","color":"#3aa6a0","aggregate":true,"child_fine_cells":9,"nearest_station_id":"kr_314","nearest_station_idx":313}},{"type":"Feature","geometry":{"type":"Polygon","coordinates":[[[126.97459,37.53081],[126.98135,37.53081],[126.98135,37.53757],[126.97459,37.53757],[126.97459,37.53081]]]},"properties":{"row":9,"col":14,"walk_min":5.8,"bucket":"5-10","color":"#3aa6a0","aggregate":true,"child_fine_cells":9,"nearest_station_id":"kr_136","nearest_station_idx":135}},{"type":"Feature","geometry":{"type":"Polygon","coordinates":[[[127.05568,37.49703],[127.06243,37.49703],[127.06243,37.50378],[127.05568,37.50378],[127.05568,37.49703]]]},"properties":{"row":4,"col":26,"walk_min":9.0,"bucket":"5-10","color":"#3aa6a0","aggregate":true,"child_fine_cells":9,"nearest_station_id":"kr_290","nearest_station_idx":289}},{"type":"Feature","geometry":{"type":"Polygon","coordinates":[[[126.94081,37.50378],[126.94757,37.50378],[126.94757,37.51054],[126.94081,37.51054],[126.94081,37.50378]]]},"properties":{"row":5,"col":9,"walk_min":5.6,"bucket":"5-10","color":"#3aa6a0","aggregate":true,"child_fine_cells":9,"nearest_station_id":"kr_273","nearest_station_idx":272}},{"type":"Feature","geometry":{"type":"Polygon","coordinates":[[[126.94757,37.50378],[126.95432,37.50378],[126.95432,37.51054],[126.94757,37.51054],[126.94757,37.50378]]]},"properties":{"row":5,"col":10,"walk_min":7.2,"bucket":"5-10","color":"#3aa6a0","aggregate":true,"child_fine_cells":9,"nearest_station_id":"kr_244","nearest_station_idx":243}},{"type":"Feature","geometry":{"type":"Polygon","coordinates":[[[126.92054,37.52405],[126.9273,37.52405],[126.9273,37.53081],[126.92054,37.53081],[126.92054,37.52405]]]},"properties":{"row":8,"col":6,"walk_min":6.1,"bucket":"5-10","color":"#3aa6a0","aggregate":true,"child_fine_cells":9,"nearest_station_id":"kr_431","nearest_station_idx":430}},{"type":"Feature","geometry":{"type":"Polygon","coordinates":[[[126.95432,37.53081],[126.96108,37.53081],[126.96108,37.53757],[126.95432,37.53757],[126.95432,37.53081]]]},"properties":{"row":9,"col":11,"walk_min":8.6,"bucket":"5-10","color":"#3aa6a0","aggregate":true,"child_fine_cells":9,"nearest_station_id":"kr_245","nearest_station_idx":244}},{"type":"Feature","geometry":{"type":"Polygon","coordinates":[[[126.88676,37.5173],[126.89351,37.5173],[126.89351,37.52405],[126.88676,37.52405],[126.88676,37.5173]]]},"properties":{"row":7,"col":1,"walk_min":5.3,"bucket":"5-10","color":"#3aa6a0","aggregate":true,"child_fine_cells":9,"nearest_station_id":"kr_282","nearest_station_idx":281}},{"type":"Feature","geometry":{"type":"Polygon","coordinates":[[[126.91378,37.58486],[126.92054,37.58486],[126.92054,37.59162],[126.91378,37.59162],[126.91378,37.58486]]]},"properties":{"row":17,"col":5,"walk_min":7.3,"bucket":"5-10","color":"#3aa6a0","aggregate":true,"child_fine_cells":9,"nearest_station_id":"kr_340","nearest_station_idx":339}},{"type":"Feature","geometry":{"type":"Polygon","coordinates":[[[127.02189,37.5173],[127.02865,37.5173],[127.02865,37.52405],[127.02189,37.52405],[127.02189,37.5173]]]},"properties":{"row":7,"col":21,"walk_min":6.2,"bucket":"5-10","color":"#3aa6a0","aggregate":true,"child_fine_cells":9,"nearest_station_id":"kr_137","nearest_station_idx":136}},{"type":"Feature","geometry":{"type":"Polygon","coordinates":[[[126.99486,37.48351],[127.00162,37.48351],[127.00162,37.49027],[126.99486,37.49027],[126.99486,37.48351]]]},"properties":{"row":2,"col":17,"walk_min":5.6,"bucket":"5-10","color":"#3aa6a0","aggregate":true,"child_fine_cells":9,"nearest_station_id":"kr_135","nearest_station_idx":134}},{"type":"Feature","geometry":{"type":"Polygon","coordinates":[[[126.96108,37.55108],[126.96784,37.55108],[126.96784,37.55784],[126.96108,37.55784],[126.96108,37.55108]]]},"properties":{"row":12,"col":12,"walk_min":7.1,"bucket":"5-10","color":"#3aa6a0","aggregate":true,"child_fine_cells":9,"nearest_station_id":"kr_283","nearest_station_idx":282}},{"type":"Feature","geometry":{"type":"Polygon","coordinates":[[[127.07595,37.54432],[127.0827,37.54432],[127.0827,37.55108],[127.07595,37.55108],[127.07595,37.54432]]]},"properties":{"row":11,"col":29,"walk_min":5.1,"bucket":"5-10","color":"#3aa6a0","aggregate":true,"child_fine_cells":6,"nearest_station_id":"kr_185","nearest_station_idx":184}},{"type":"Feature","geometry":{"type":"Polygon","coordinates":[[[126.91378,37.48351],[126.92054,37.48351],[126.92054,37.49027],[126.91378,37.49027],[126.91378,37.48351]]]},"properties":{"row":2,"col":5,"walk_min":6.9,"bucket":"5-10","color":"#3aa6a0","aggregate":true,"child_fine_cells":9,"nearest_station_id":"kr_336","nearest_station_idx":335}},{"type":"Feature","geometry":{"type":"Polygon","coordinates":[[[127.06919,37.49703],[127.07595,37.49703],[127.07595,37.50378],[127.06919,37.50378],[127.06919,37.49703]]]},"properties":{"row":4,"col":28,"walk_min":6.5,"bucket":"5-10","color":"#3aa6a0","aggregate":true,"child_fine_cells":3,"nearest_station_id":"kr_322","nearest_station_idx":321}},{"type":"Feature","geometry":{"type":"Polygon","coordinates":[[[127.07595,37.50378],[127.0827,37.50378],[127.0827,37.51054],[127.07595,37.51054],[127.07595,37.50378]]]},"properties":{"row":5,"col":29,"walk_min":8.7,"bucket":"5-10","color":"#3aa6a0","aggregate":true,"child_fine_cells":9,"nearest_station_id":"kr_012","nearest_station_idx":11}},{"type":"Feature","geometry":{"type":"Polygon","coordinates":[[[127.04216,37.57135],[127.04892,37.57135],[127.04892,37.57811],[127.04216,37.57811],[127.04216,37.57135]]]},"properties":{"row":15,"col":24,"walk_min":8.0,"bucket":"5-10","color":"#3aa6a0","aggregate":true,"child_fine_cells":9,"nearest_station_id":"kr_221","nearest_station_idx":220}},{"type":"Feature","geometry":{"type":"Polygon","coordinates":[[[127.01514,37.47676],[127.02189,37.47676],[127.02189,37.48351],[127.01514,37.48351],[127.01514,37.47676]]]},"properties":{"row":1,"col":20,"walk_min":9.3,"bucket":"5-10","color":"#3aa6a0","aggregate":true,"child_fine_cells":9,"nearest_station_id":"kr_152","nearest_station_idx":151}},{"type":"Feature","geometry":{"type":"Polygon","coordinates":[[[127.00162,37.47676],[127.00838,37.47676],[127.00838,37.48351],[127.00162,37.48351],[127.00162,37.47676]]]},"properties":{"row":1,"col":18,"walk_min":9.1,"bucket":"5-10","color":"#3aa6a0","aggregate":true,"child_fine_cells":9,"nearest_station_id":"kr_344","nearest_station_idx":343}},{"type":"Feature","geometry":{"type":"Polygon","coordinates":[[[126.96784,37.55784],[126.97459,37.55784],[126.97459,37.56459],[126.96784,37.56459],[126.96784,37.55784]]]},"properties":{"row":13,"col":13,"walk_min":8.2,"bucket":"5-10","color":"#3aa6a0","aggregate":true,"child_fine_cells":9,"nearest_station_id":"kr_014","nearest_station_idx":13}},{"type":"Feature","geometry":{"type":"Polygon","coordinates":[[[126.89351,37.57135],[126.90027,37.57135],[126.90027,37.57811],[126.89351,37.57811],[126.89351,37.57135]]]},"properties":{"row":15,"col":2,"walk_min":8.7,"bucket":"5-10","color":"#3aa6a0","aggregate":true,"child_fine_cells":9,"nearest_station_id":"kr_327","nearest_station_idx":326}},{"type":"Feature","geometry":{"type":"Polygon","coordinates":[[[127.02865,37.59162],[127.03541,37.59162],[127.03541,37.59838],[127.02865,37.59838],[127.02865,37.59162]]]},"properties":{"row":18,"col":22,"walk_min":8.7,"bucket":"5-10","color":"#3aa6a0","aggregate":true,"child_fine_cells":9,"nearest_station_id":"kr_131","nearest_station_idx":130}},{"type":"Feature","geometry":{"type":"Polygon","coordinates":[[[126.95432,37.47676],[126.96108,37.47676],[126.96108,37.48351],[126.95432,37.48351],[126.95432,37.47676]]]},"properties":{"row":1,"col":11,"walk_min":8.1,"bucket":"5-10","color":"#3aa6a0","aggregate":true,"child_fine_cells":9,"nearest_station_id":"kr_370","nearest_station_idx":369}},{"type":"Feature","geometry":{"type":"Polygon","coordinates":[[[127.06919,37.53081],[127.07595,37.53081],[127.07595,37.53757],[127.06919,37.53757],[127.06919,37.53081]]]},"properties":{"row":9,"col":28,"walk_min":7.2,"bucket":"5-10","color":"#3aa6a0","aggregate":true,"child_fine_cells":9,"nearest_station_id":"kr_181","nearest_station_idx":180}},{"type":"Feature","geometry":{"type":"Polygon","coordinates":[[[127.00838,37.58486],[127.01514,37.58486],[127.01514,37.59162],[127.00838,37.59162],[127.00838,37.58486]]]},"properties":{"row":17,"col":19,"walk_min":5.4,"bucket":"5-10","color":"#3aa6a0","aggregate":true,"child_fine_cells":9,"nearest_station_id":"kr_061","nearest_station_idx":60}},{"type":"Feature","geometry":{"type":"Polygon","coordinates":[[[126.88676,37.47676],[126.89351,37.47676],[126.89351,37.48351],[126.88676,37.48351],[126.88676,37.47676]]]},"properties":{"row":1,"col":1,"walk_min":8.8,"bucket":"5-10","color":"#3aa6a0","aggregate":true,"child_fine_cells":9,"nearest_station_id":"kr_291","nearest_station_idx":290}},{"type":"Feature","geometry":{"type":"Polygon","coordinates":[[[126.90027,37.49703],[126.90703,37.49703],[126.90703,37.50378],[126.90027,37.50378],[126.90027,37.49703]]]},"properties":{"row":4,"col":3,"walk_min":7.4,"bucket":"5-10","color":"#3aa6a0","aggregate":true,"child_fine_cells":9,"nearest_station_id":"kr_365","nearest_station_idx":364}},{"type":"Feature","geometry":{"type":"Polygon","coordinates":[[[127.0827,37.59838],[127.08946,37.59838],[127.08946,37.60514],[127.0827,37.60514],[127.0827,37.59838]]]},"properties":{"row":19,"col":30,"walk_min":6.7,"bucket":"5-10","color":"#3aa6a0","aggregate":true,"child_fine_cells":6,"nearest_station_id":"kr_158","nearest_station_idx":157}},{"type":"Feature","geometry":{"type":"Polygon","coordinates":[[[127.05568,37.55784],[127.06243,37.55784],[127.06243,37.56459],[127.05568,37.56459],[127.05568,37.55784]]]},"properties":{"row":13,"col":26,"walk_min":7.0,"bucket":"5-10","color":"#3aa6a0","aggregate":true,"child_fine_cells":9,"nearest_station_id":"kr_103","nearest_station_idx":102}},{"type":"Feature","geometry":{"type":"Polygon","coordinates":[[[126.90703,37.59838],[126.91378,37.59838],[126.91378,37.60514],[126.90703,37.60514],[126.90703,37.59838]]]},"properties":{"row":19,"col":4,"walk_min":8.2,"bucket":"5-10","color":"#3aa6a0","aggregate":true,"child_fine_cells":9,"nearest_station_id":"kr_318","nearest_station_idx":317}},{"type":"Feature","geometry":{"type":"Polygon","coordinates":[[[126.96784,37.57811],[126.97459,37.57811],[126.97459,37.58486],[126.96784,37.58486],[126.96784,37.57811]]]},"properties":{"row":16,"col":13,"walk_min":7.8,"bucket":"5-10","color":"#3aa6a0","aggregate":true,"child_fine_cells":9,"nearest_station_id":"kr_058","nearest_station_idx":57}},{"type":"Feature","geometry":{"type":"Polygon","coordinates":[[[126.97459,37.54432],[126.98135,37.54432],[126.98135,37.55108],[126.97459,37.55108],[126.97459,37.54432]]]},"properties":{"row":11,"col":14,"walk_min":7.4,"bucket":"5-10","color":"#3aa6a0","aggregate":true,"child_fine_cells":9,"nearest_station_id":"kr_242","nearest_station_idx":241}},{"type":"Feature","geometry":{"type":"Polygon","coordinates":[[[126.89351,37.48351],[126.90027,37.48351],[126.90027,37.49027],[126.89351,37.49027],[126.89351,37.48351]]]},"properties":{"row":2,"col":2,"walk_min":7.5,"bucket":"5-10","color":"#3aa6a0","aggregate":true,"child_fine_cells":9,"nearest_station_id":"kr_288","nearest_station_idx":287}},{"type":"Feature","geometry":{"type":"Polygon","coordinates":[[[126.91378,37.60514],[126.92054,37.60514],[126.92054,37.61189],[126.91378,37.61189],[126.91378,37.60514]]]},"properties":{"row":20,"col":5,"walk_min":8.5,"bucket":"5-10","color":"#3aa6a0","aggregate":true,"child_fine_cells":9,"nearest_station_id":"kr_390","nearest_station_idx":389}},{"type":"Feature","geometry":{"type":"Polygon","coordinates":[[[127.05568,37.59162],[127.06243,37.59162],[127.06243,37.59838],[127.05568,37.59838],[127.05568,37.59162]]]},"properties":{"row":18,"col":26,"walk_min":6.6,"bucket":"5-10","color":"#3aa6a0","aggregate":true,"child_fine_cells":9,"nearest_station_id":"kr_034","nearest_station_idx":33}},{"type":"Feature","geometry":{"type":"Polygon","coordinates":[[[126.98135,37.50378],[126.98811,37.50378],[126.98811,37.51054],[126.98135,37.51054],[126.98135,37.50378]]]},"properties":{"row":5,"col":15,"walk_min":9.4,"bucket":"5-10","color":"#3aa6a0","aggregate":true,"child_fine_cells":4,"nearest_station_id":"kr_003","nearest_station_idx":2}},{"type":"Feature","geometry":{"type":"Polygon","coordinates":[[[127.02865,37.5173],[127.03541,37.5173],[127.03541,37.52405],[127.02865,37.52405],[127.02865,37.5173]]]},"properties":{"row":7,"col":22,"walk_min":7.8,"bucket":"5-10","color":"#3aa6a0","aggregate":true,"child_fine_cells":9,"nearest_station_id":"kr_138","nearest_station_idx":137}},{"type":"Feature","geometry":{"type":"Polygon","coordinates":[[[126.90703,37.55784],[126.91378,37.55784],[126.91378,37.56459],[126.90703,37.56459],[126.90703,37.55784]]]},"properties":{"row":13,"col":4,"walk_min":7.4,"bucket":"5-10","color":"#3aa6a0","aggregate":true,"child_fine_cells":9,"nearest_station_id":"kr_240","nearest_station_idx":239}},{"type":"Feature","geometry":{"type":"Polygon","coordinates":[[[126.98811,37.47676],[126.99486,37.47676],[126.99486,37.48351],[126.98811,37.48351],[126.98811,37.47676]]]},"properties":{"row":1,"col":16,"walk_min":7.5,"bucket":"5-10","color":"#3aa6a0","aggregate":true,"child_fine_cells":7,"nearest_station_id":"kr_344","nearest_station_idx":343}},{"type":"Feature","geometry":{"type":"Polygon","coordinates":[[[127.02189,37.60514],[127.02865,37.60514],[127.02865,37.61189],[127.02189,37.61189],[127.02189,37.60514]]]},"properties":{"row":20,"col":21,"walk_min":7.7,"bucket":"5-10","color":"#3aa6a0","aggregate":true,"child_fine_cells":9,"nearest_station_id":"kr_082","nearest_station_idx":81}},{"type":"Feature","geometry":{"type":"Polygon","coordinates":[[[127.00838,37.47676],[127.01514,37.47676],[127.01514,37.48351],[127.00838,37.48351],[127.00838,37.47676]]]},"properties":{"row":1,"col":19,"walk_min":8.8,"bucket":"5-10","color":"#3aa6a0","aggregate":true,"child_fine_cells":9,"nearest_station_id":"kr_152","nearest_station_idx":151}},{"type":"Feature","geometry":{"type":"Polygon","coordinates":[[[127.00162,37.53081],[127.00838,37.53081],[127.00838,37.53757],[127.00162,37.53757],[127.00162,37.53081]]]},"properties":{"row":9,"col":18,"walk_min":11.3,"bucket":"10-15","color":"#4caf50","aggregate":true,"child_fine_cells":9,"nearest_station_id":"kr_334","nearest_station_idx":333}},{"type":"Feature","geometry":{"type":"Polygon","coordinates":[[[127.00838,37.53757],[127.01514,37.53757],[127.01514,37.54432],[127.00838,37.54432],[127.00838,37.53757]]]},"properties":{"row":10,"col":19,"walk_min":9.3,"bucket":"5-10","color":"#3aa6a0","aggregate":true,"child_fine_cells":9,"nearest_station_id":"kr_059","nearest_station_idx":58}},{"type":"Feature","geometry":{"type":"Polygon","coordinates":[[[126.9273,37.55108],[126.93405,37.55108],[126.93405,37.55784],[126.9273,37.55784],[126.9273,37.55108]]]},"properties":{"row":12,"col":7,"walk_min":5.9,"bucket":"5-10","color":"#3aa6a0","aggregate":true,"child_fine_cells":9,"nearest_station_id":"kr_376","nearest_station_idx":375}},{"type":"Feature","geometry":{"type":"Polygon","coordinates":[[[126.94081,37.57811],[126.94757,37.57811],[126.94757,37.58486],[126.94081,37.58486],[126.94081,37.57811]]]},"properties":{"row":16,"col":9,"walk_min":11.7,"bucket":"10-15","color":"#4caf50","aggregate":true,"child_fine_cells":9,"nearest_station_id":"kr_096","nearest_station_idx":95}},{"type":"Feature","geometry":{"type":"Polygon","coordinates":[[[126.92054,37.48351],[126.9273,37.48351],[126.9273,37.49027],[126.92054,37.49027],[126.92054,37.48351]]]},"properties":{"row":2,"col":6,"walk_min":8.4,"bucket":"5-10","color":"#3aa6a0","aggregate":true,"child_fine_cells":9,"nearest_station_id":"kr_375","nearest_station_idx":374}},{"type":"Feature","geometry":{"type":"Polygon","coordinates":[[[127.0827,37.49027],[127.08946,37.49027],[127.08946,37.49703],[127.0827,37.49703],[127.0827,37.49027]]]},"properties":{"row":3,"col":30,"walk_min":7.1,"bucket":"5-10","color":"#3aa6a0","aggregate":true,"child_fine_cells":5,"nearest_station_id":"kr_348","nearest_station_idx":347}},{"type":"Feature","geometry":{"type":"Polygon","coordinates":[[[126.94081,37.53081],[126.94757,37.53081],[126.94757,37.53757],[126.94081,37.53757],[126.94081,37.53081]]]},"properties":{"row":9,"col":9,"walk_min":5.8,"bucket":"5-10","color":"#3aa6a0","aggregate":true,"child_fine_cells":4,"nearest_station_id":"kr_193","nearest_station_idx":192}},{"type":"Feature","geometry":{"type":"Polygon","coordinates":[[[126.90027,37.55108],[126.90703,37.55108],[126.90703,37.55784],[126.90027,37.55784],[126.90027,37.55108]]]},"properties":{"row":12,"col":3,"walk_min":7.3,"bucket":"5-10","color":"#3aa6a0","aggregate":true,"child_fine_cells":9,"nearest_station_id":"kr_240","nearest_station_idx":239}},{"type":"Feature","geometry":{"type":"Polygon","coordinates":[[[126.98811,37.49027],[126.99486,37.49027],[126.99486,37.49703],[126.98811,37.49703],[126.98811,37.49027]]]},"properties":{"row":3,"col":16,"walk_min":9.0,"bucket":"5-10","color":"#3aa6a0","aggregate":true,"child_fine_cells":9,"nearest_station_id":"kr_135","nearest_station_idx":134}},{"type":"Feature","geometry":{"type":"Polygon","coordinates":[[[127.05568,37.53081],[127.06243,37.53081],[127.06243,37.53757],[127.05568,37.53757],[127.05568,37.53081]]]},"properties":{"row":9,"col":26,"walk_min":10.3,"bucket":"10-15","color":"#4caf50","aggregate":true,"child_fine_cells":9,"nearest_station_id":"kr_181","nearest_station_idx":180}},{"type":"Feature","geometry":{"type":"Polygon","coordinates":[[[126.90027,37.57811],[126.90703,37.57811],[126.90703,37.58486],[126.90027,37.58486],[126.90027,37.57811]]]},"properties":{"row":16,"col":3,"walk_min":8.5,"bucket":"5-10","color":"#3aa6a0","aggregate":true,"child_fine_cells":9,"nearest_station_id":"kr_327","nearest_station_idx":326}},{"type":"Feature","geometry":{"type":"Polygon","coordinates":[[[126.90703,37.56459],[126.91378,37.56459],[126.91378,37.57135],[126.90703,37.57135],[126.90703,37.56459]]]},"properties":{"row":14,"col":4,"walk_min":9.9,"bucket":"5-10","color":"#3aa6a0","aggregate":true,"child_fine_cells":9,"nearest_station_id":"kr_259","nearest_station_idx":258}},{"type":"Feature","geometry":{"type":"Polygon","coordinates":[[[126.94757,37.55784],[126.95432,37.55784],[126.95432,37.56459],[126.94757,37.56459],[126.94757,37.55784]]]},"properties":{"row":13,"col":10,"walk_min":8.4,"bucket":"5-10","color":"#3aa6a0","aggregate":true,"child_fine_cells":9,"nearest_station_id":"kr_326","nearest_station_idx":325}},{"type":"Feature","geometry":{"type":"Polygon","coordinates":[[[127.06919,37.52405],[127.07595,37.52405],[127.07595,37.53081],[127.06919,37.53081],[127.06919,37.52405]]]},"properties":{"row":8,"col":28,"walk_min":9.3,"bucket":"5-10","color":"#3aa6a0","aggregate":true,"child_fine_cells":6,"nearest_station_id":"kr_181","nearest_station_idx":180}},{"type":"Feature","geometry":{"type":"Polygon","coordinates":[[[127.06243,37.49703],[127.06919,37.49703],[127.06919,37.50378],[127.06243,37.50378],[127.06243,37.49703]]]},"properties":{"row":4,"col":27,"walk_min":10.2,"bucket":"10-15","color":"#4caf50","aggregate":true,"child_fine_cells":9,"nearest_station_id":"kr_322","nearest_station_idx":321}},{"type":"Feature","geometry":{"type":"Polygon","coordinates":[[[126.9273,37.49027],[126.93405,37.49027],[126.93405,37.49703],[126.9273,37.49703],[126.9273,37.49027]]]},"properties":{"row":3,"col":7,"walk_min":8.4,"bucket":"5-10","color":"#3aa6a0","aggregate":true,"child_fine_cells":9,"nearest_station_id":"kr_299","nearest_station_idx":298}},{"type":"Feature","geometry":{"type":"Polygon","coordinates":[[[127.06919,37.59838],[127.07595,37.59838],[127.07595,37.60514],[127.06919,37.60514],[127.06919,37.59838]]]},"properties":{"row":19,"col":28,"walk_min":8.0,"bucket":"5-10","color":"#3aa6a0","aggregate":true,"child_fine_cells":9,"nearest_station_id":"kr_037","nearest_station_idx":36}},{"type":"Feature","geometry":{"type":"Polygon","coordinates":[[[126.92054,37.47676],[126.9273,37.47676],[126.9273,37.48351],[126.92054,37.48351],[126.92054,37.47676]]]},"properties":{"row":1,"col":6,"walk_min":10.0,"bucket":"10-15","color":"#4caf50","aggregate":true,"child_fine_cells":9,"nearest_station_id":"kr_375","nearest_station_idx":374}},{"type":"Feature","geometry":{"type":"Polygon","coordinates":[[[127.02189,37.57811],[127.02865,37.57811],[127.02865,37.58486],[127.02189,37.58486],[127.02189,37.57811]]]},"properties":{"row":16,"col":21,"walk_min":7.3,"bucket":"5-10","color":"#3aa6a0","aggregate":true,"child_fine_cells":9,"nearest_station_id":"kr_122","nearest_station_idx":121}},{"type":"Feature","geometry":{"type":"Polygon","coordinates":[[[127.04216,37.53757],[127.04892,37.53757],[127.04892,37.54432],[127.04216,37.54432],[127.04216,37.53757]]]},"properties":{"row":10,"col":24,"walk_min":9.5,"bucket":"5-10","color":"#3aa6a0","aggregate":true,"child_fine_cells":9,"nearest_station_id":"kr_285","nearest_station_idx":284}},{"type":"Feature","geometry":{"type":"Polygon","coordinates":[[[126.95432,37.47],[126.96108,37.47],[126.96108,37.47676],[126.95432,37.47676],[126.95432,37.47]]]},"properties":{"row":0,"col":11,"walk_min":10.8,"bucket":"10-15","color":"#4caf50","aggregate":true,"child_fine_cells":9,"nearest_station_id":"kr_319","nearest_station_idx":318}},{"type":"Feature","geometry":{"type":"Polygon","coordinates":[[[126.90703,37.49027],[126.91378,37.49027],[126.91378,37.49703],[126.90703,37.49703],[126.90703,37.49027]]]},"properties":{"row":3,"col":4,"walk_min":7.6,"bucket":"5-10","color":"#3aa6a0","aggregate":true,"child_fine_cells":9,"nearest_station_id":"kr_336","nearest_station_idx":335}},{"type":"Feature","geometry":{"type":"Polygon","coordinates":[[[126.90027,37.58486],[126.90703,37.58486],[126.90703,37.59162],[126.90027,37.59162],[126.90027,37.58486]]]},"properties":{"row":17,"col":3,"walk_min":9.2,"bucket":"5-10","color":"#3aa6a0","aggregate":true,"child_fine_cells":9,"nearest_station_id":"kr_339","nearest_station_idx":338}},{"type":"Feature","geometry":{"type":"Polygon","coordinates":[[[127.0827,37.55108],[127.08946,37.55108],[127.08946,37.55784],[127.0827,37.55784],[127.0827,37.55108]]]},"properties":{"row":12,"col":30,"walk_min":9.3,"bucket":"5-10","color":"#3aa6a0","aggregate":true,"child_fine_cells":5,"nearest_station_id":"kr_087","nearest_station_idx":86}},{"type":"Feature","geometry":{"type":"Polygon","coordinates":[[[126.96108,37.57135],[126.96784,37.57135],[126.96784,37.57811],[126.96108,37.57811],[126.96108,37.57135]]]},"properties":{"row":15,"col":12,"walk_min":8.6,"bucket":"5-10","color":"#3aa6a0","aggregate":true,"child_fine_cells":9,"nearest_station_id":"kr_063","nearest_station_idx":62}},{"type":"Feature","geometry":{"type":"Polygon","coordinates":[[[126.95432,37.54432],[126.96108,37.54432],[126.96108,37.55108],[126.95432,37.55108],[126.95432,37.54432]]]},"properties":{"row":11,"col":11,"walk_min":8.3,"bucket":"5-10","color":"#3aa6a0","aggregate":true,"child_fine_cells":9,"nearest_station_id":"kr_257","nearest_station_idx":256}},{"type":"Feature","geometry":{"type":"Polygon","coordinates":[[[126.95432,37.50378],[126.96108,37.50378],[126.96108,37.51054],[126.95432,37.51054],[126.95432,37.50378]]]},"properties":{"row":5,"col":11,"walk_min":7.6,"bucket":"5-10","color":"#3aa6a0","aggregate":true,"child_fine_cells":9,"nearest_station_id":"kr_404","nearest_station_idx":403}},{"type":"Feature","geometry":{"type":"Polygon","coordinates":[[[126.9273,37.55784],[126.93405,37.55784],[126.93405,37.56459],[126.9273,37.56459],[126.9273,37.55784]]]},"properties":{"row":13,"col":7,"walk_min":9.5,"bucket":"5-10","color":"#3aa6a0","aggregate":true,"child_fine_cells":9,"nearest_station_id":"kr_368","nearest_station_idx":367}},{"type":"Feature","geometry":{"type":"Polygon","coordinates":[[[127.02865,37.56459],[127.03541,37.56459],[127.03541,37.57135],[127.02865,37.57135],[127.02865,37.56459]]]},"properties":{"row":14,"col":22,"walk_min":8.5,"bucket":"5-10","color":"#3aa6a0","aggregate":true,"child_fine_cells":9,"nearest_station_id":"kr_076","nearest_station_idx":75}},{"type":"Feature","geometry":{"type":"Polygon","coordinates":[[[126.96108,37.54432],[126.96784,37.54432],[126.96784,37.55108],[126.96108,37.55108],[126.96108,37.54432]]]},"properties":{"row":11,"col":12,"walk_min":8.9,"bucket":"5-10","color":"#3aa6a0","aggregate":true,"child_fine_cells":9,"nearest_station_id":"kr_242","nearest_station_idx":241}},{"type":"Feature","geometry":{"type":"Polygon","coordinates":[[[126.90027,37.49027],[126.90703,37.49027],[126.90703,37.49703],[126.90027,37.49703],[126.90027,37.49027]]]},"properties":{"row":3,"col":3,"walk_min":7.3,"bucket":"5-10","color":"#3aa6a0","aggregate":true,"child_fine_cells":9,"nearest_station_id":"kr_343","nearest_station_idx":342}},{"type":"Feature","geometry":{"type":"Polygon","coordinates":[[[127.03541,37.60514],[127.04216,37.60514],[127.04216,37.61189],[127.03541,37.61189],[127.03541,37.60514]]]},"properties":{"row":20,"col":23,"walk_min":11.4,"bucket":"10-15","color":"#4caf50","aggregate":true,"child_fine_cells":9,"nearest_station_id":"kr_142","nearest_station_idx":141}},{"type":"Feature","geometry":{"type":"Polygon","coordinates":[[[127.02865,37.49027],[127.03541,37.49027],[127.03541,37.49703],[127.02865,37.49703],[127.02865,37.49027]]]},"properties":{"row":3,"col":22,"walk_min":9.4,"bucket":"5-10","color":"#3aa6a0","aggregate":true,"child_fine_cells":9,"nearest_station_id":"kr_027","nearest_station_idx":26}},{"type":"Feature","geometry":{"type":"Polygon","coordinates":[[[127.04892,37.57811],[127.05568,37.57811],[127.05568,37.58486],[127.04892,37.58486],[127.04892,37.57811]]]},"properties":{"row":16,"col":25,"walk_min":8.9,"bucket":"5-10","color":"#3aa6a0","aggregate":true,"child_fine_cells":9,"nearest_station_id":"kr_028","nearest_station_idx":27}},{"type":"Feature","geometry":{"type":"Polygon","coordinates":[[[126.97459,37.57811],[126.98135,37.57811],[126.98135,37.58486],[126.97459,37.58486],[126.97459,37.57811]]]},"properties":{"row":16,"col":14,"walk_min":9.4,"bucket":"5-10","color":"#3aa6a0","aggregate":true,"child_fine_cells":9,"nearest_station_id":"kr_058","nearest_station_idx":57}},{"type":"Feature","geometry":{"type":"Polygon","coordinates":[[[126.91378,37.53081],[126.92054,37.53081],[126.92054,37.53757],[126.91378,37.53757],[126.91378,37.53081]]]},"properties":{"row":9,"col":5,"walk_min":16.7,"bucket":"15-20","color":"#c6d92e","aggregate":true,"child_fine_cells":7,"nearest_station_id":"kr_431","nearest_station_idx":430}},{"type":"Feature","geometry":{"type":"Polygon","coordinates":[[[127.07595,37.60514],[127.0827,37.60514],[127.0827,37.61189],[127.07595,37.61189],[127.07595,37.60514]]]},"properties":{"row":20,"col":29,"walk_min":9.8,"bucket":"5-10","color":"#3aa6a0","aggregate":true,"child_fine_cells":9,"nearest_station_id":"kr_163","nearest_station_idx":162}},{"type":"Feature","geometry":{"type":"Polygon","coordinates":[[[126.96784,37.47676],[126.97459,37.47676],[126.97459,37.48351],[126.96784,37.48351],[126.96784,37.47676]]]},"properties":{"row":1,"col":13,"walk_min":10.4,"bucket":"10-15","color":"#4caf50","aggregate":true,"child_fine_cells":9,"nearest_station_id":"kr_182","nearest_station_idx":181}},{"type":"Feature","geometry":{"type":"Polygon","coordinates":[[[127.05568,37.5173],[127.06243,37.5173],[127.06243,37.52405],[127.05568,37.52405],[127.05568,37.5173]]]},"properties":{"row":7,"col":26,"walk_min":8.5,"bucket":"5-10","color":"#3aa6a0","aggregate":true,"child_fine_cells":8,"nearest_station_id":"kr_166","nearest_station_idx":165}},{"type":"Feature","geometry":{"type":"Polygon","coordinates":[[[126.89351,37.50378],[126.90027,37.50378],[126.90027,37.51054],[126.89351,37.51054],[126.89351,37.50378]]]},"properties":{"row":5,"col":2,"walk_min":16.4,"bucket":"15-20","color":"#c6d92e","aggregate":true,"child_fine_cells":9,"nearest_station_id":"kr_013","nearest_station_idx":12}},{"type":"Feature","geometry":{"type":"Polygon","coordinates":[[[126.94081,37.48351],[126.94757,37.48351],[126.94757,37.49027],[126.94081,37.49027],[126.94081,37.48351]]]},"properties":{"row":2,"col":9,"walk_min":10.3,"bucket":"10-15","color":"#4caf50","aggregate":true,"child_fine_cells":9,"nearest_station_id":"kr_377","nearest_station_idx":376}},{"type":"Feature","geometry":{"type":"Polygon","coordinates":[[[126.88,37.47],[126.88676,37.47],[126.88676,37.47676],[126.88,37.47676],[126.88,37.47]]]},"properties":{"row":0,"col":0,"walk_min":11.7,"bucket":"10-15","color":"#4caf50","aggregate":true,"child_fine_cells":9,"nearest_station_id":"kr_291","nearest_station_idx":290}},{"type":"Feature","geometry":{"type":"Polygon","coordinates":[[[127.06919,37.55108],[127.07595,37.55108],[127.07595,37.55784],[127.06919,37.55784],[127.06919,37.55108]]]},"properties":{"row":12,"col":28,"walk_min":8.5,"bucket":"5-10","color":"#3aa6a0","aggregate":true,"child_fine_cells":9,"nearest_station_id":"kr_046","nearest_station_idx":45}},{"type":"Feature","geometry":{"type":"Polygon","coordinates":[[[127.00162,37.57135],[127.00838,37.57135],[127.00838,37.57811],[127.00162,37.57811],[127.00162,37.57135]]]},"properties":{"row":15,"col":18,"walk_min":10.5,"bucket":"10-15","color":"#4caf50","aggregate":true,"child_fine_cells":9,"nearest_station_id":"kr_050","nearest_station_idx":49}},{"type":"Feature","geometry":{"type":"Polygon","coordinates":[[[127.00162,37.59162],[127.00838,37.59162],[127.00838,37.59838],[127.00162,37.59838],[127.00162,37.59162]]]},"properties":{"row":18,"col":18,"walk_min":10.9,"bucket":"10-15","color":"#4caf50","aggregate":true,"child_fine_cells":9,"nearest_station_id":"kr_061","nearest_station_idx":60}},{"type":"Feature","geometry":{"type":"Polygon","coordinates":[[[126.98811,37.57811],[126.99486,37.57811],[126.99486,37.58486],[126.98811,37.58486],[126.98811,37.57811]]]},"properties":{"row":16,"col":16,"walk_min":12.6,"bucket":"10-15","color":"#4caf50","aggregate":true,"child_fine_cells":9,"nearest_station_id":"kr_022","nearest_station_idx":21}},{"type":"Feature","geometry":{"type":"Polygon","coordinates":[[[126.93405,37.48351],[126.94081,37.48351],[126.94081,37.49027],[126.93405,37.49027],[126.93405,37.48351]]]},"properties":{"row":2,"col":8,"walk_min":8.7,"bucket":"5-10","color":"#3aa6a0","aggregate":true,"child_fine_cells":9,"nearest_station_id":"kr_377","nearest_station_idx":376}},{"type":"Feature","geometry":{"type":"Polygon","coordinates":[[[126.93405,37.58486],[126.94081,37.58486],[126.94081,37.59162],[126.93405,37.59162],[126.93405,37.58486]]]},"properties":{"row":17,"col":8,"walk_min":9.4,"bucket":"5-10","color":"#3aa6a0","aggregate":true,"child_fine_cells":9,"nearest_station_id":"kr_110","nearest_station_idx":109}},{"type":"Feature","geometry":{"type":"Polygon","coordinates":[[[127.07595,37.59162],[127.0827,37.59162],[127.0827,37.59838],[127.07595,37.59838],[127.07595,37.59162]]]},"properties":{"row":18,"col":29,"walk_min":10.0,"bucket":"10-15","color":"#4caf50","aggregate":true,"child_fine_cells":6,"nearest_station_id":"kr_141","nearest_station_idx":140}},{"type":"Feature","geometry":{"type":"Polygon","coordinates":[[[127.04892,37.59162],[127.05568,37.59162],[127.05568,37.59838],[127.04892,37.59838],[127.04892,37.59162]]]},"properties":{"row":18,"col":25,"walk_min":10.0,"bucket":"10-15","color":"#4caf50","aggregate":true,"child_fine_cells":9,"nearest_station_id":"kr_031","nearest_station_idx":30}},{"type":"Feature","geometry":{"type":"Polygon","coordinates":[[[127.07595,37.49703],[127.0827,37.49703],[127.0827,37.50378],[127.07595,37.50378],[127.07595,37.49703]]]},"properties":{"row":4,"col":29,"walk_min":12.5,"bucket":"10-15","color":"#4caf50","aggregate":true,"child_fine_cells":4,"nearest_station_id":"kr_348","nearest_station_idx":347}},{"type":"Feature","geometry":{"type":"Polygon","coordinates":[[[126.93405,37.60514],[126.94081,37.60514],[126.94081,37.61189],[126.93405,37.61189],[126.93405,37.60514]]]},"properties":{"row":20,"col":8,"walk_min":13.8,"bucket":"10-15","color":"#4caf50","aggregate":true,"child_fine_cells":9,"nearest_station_id":"kr_123","nearest_station_idx":122}},{"type":"Feature","geometry":{"type":"Polygon","coordinates":[[[127.06243,37.56459],[127.06919,37.56459],[127.06919,37.57135],[127.06243,37.57135],[127.06243,37.56459]]]},"properties":{"row":14,"col":27,"walk_min":9.8,"bucket":"5-10","color":"#3aa6a0","aggregate":true,"child_fine_cells":9,"nearest_station_id":"kr_103","nearest_station_idx":102}},{"type":"Feature","geometry":{"type":"Polygon","coordinates":[[[126.92054,37.49027],[126.9273,37.49027],[126.9273,37.49703],[126.92054,37.49703],[126.92054,37.49027]]]},"properties":{"row":3,"col":6,"walk_min":9.7,"bucket":"5-10","color":"#3aa6a0","aggregate":true,"child_fine_cells":9,"nearest_station_id":"kr_337","nearest_station_idx":336}},{"type":"Feature","geometry":{"type":"Polygon","coordinates":[[[127.06243,37.60514],[127.06919,37.60514],[127.06919,37.61189],[127.06243,37.61189],[127.06243,37.60514]]]},"properties":{"row":20,"col":27,"walk_min":9.1,"bucket":"5-10","color":"#3aa6a0","aggregate":true,"child_fine_cells":9,"nearest_station_id":"kr_187","nearest_station_idx":186}},{"type":"Feature","geometry":{"type":"Polygon","coordinates":[[[126.96108,37.51054],[126.96784,37.51054],[126.96784,37.5173],[126.96108,37.5173],[126.96108,37.51054]]]},"properties":{"row":6,"col":12,"walk_min":6.4,"bucket":"5-10","color":"#3aa6a0","aggregate":true,"child_fine_cells":1,"nearest_station_id":"kr_404","nearest_station_idx":403}},{"type":"Feature","geometry":{"type":"Polygon","coordinates":[[[127.00838,37.49703],[127.01514,37.49703],[127.01514,37.50378],[127.00838,37.50378],[127.00838,37.49703]]]},"properties":{"row":4,"col":19,"walk_min":7.5,"bucket":"5-10","color":"#3aa6a0","aggregate":true,"child_fine_cells":9,"nearest_station_id":"kr_433","nearest_station_idx":432}},{"type":"Feature","geometry":{"type":"Polygon","coordinates":[[[126.95432,37.49703],[126.96108,37.49703],[126.96108,37.50378],[126.95432,37.50378],[126.95432,37.49703]]]},"properties":{"row":4,"col":11,"walk_min":10.6,"bucket":"10-15","color":"#4caf50","aggregate":true,"child_fine_cells":9,"nearest_station_id":"kr_213","nearest_station_idx":212}},{"type":"Feature","geometry":{"type":"Polygon","coordinates":[[[126.9273,37.53757],[126.93405,37.53757],[126.93405,37.54432],[126.9273,37.54432],[126.9273,37.53757]]]},"properties":{"row":10,"col":7,"walk_min":8.2,"bucket":"5-10","color":"#3aa6a0","aggregate":true,"child_fine_cells":5,"nearest_station_id":"kr_156","nearest_station_idx":155}},{"type":"Feature","geometry":{"type":"Polygon","coordinates":[[[127.05568,37.50378],[127.06243,37.50378],[127.06243,37.51054],[127.05568,37.51054],[127.05568,37.50378]]]},"properties":{"row":5,"col":26,"walk_min":11.2,"bucket":"10-15","color":"#4caf50","aggregate":true,"child_fine_cells":9,"nearest_station_id":"kr_279","nearest_station_idx":278}},{"type":"Feature","geometry":{"type":"Polygon","coordinates":[[[127.06919,37.55784],[127.07595,37.55784],[127.07595,37.56459],[127.06919,37.56459],[127.06919,37.55784]]]},"properties":{"row":13,"col":28,"walk_min":8.1,"bucket":"5-10","color":"#3aa6a0","aggregate":true,"child_fine_cells":9,"nearest_station_id":"kr_103","nearest_station_idx":102}},{"type":"Feature","geometry":{"type":"Polygon","coordinates":[[[127.02865,37.59838],[127.03541,37.59838],[127.03541,37.60514],[127.02865,37.60514],[127.02865,37.59838]]]},"properties":{"row":19,"col":22,"walk_min":10.7,"bucket":"10-15","color":"#4caf50","aggregate":true,"child_fine_cells":9,"nearest_station_id":"kr_082","nearest_station_idx":81}},{"type":"Feature","geometry":{"type":"Polygon","coordinates":[[[126.94757,37.53081],[126.95432,37.53081],[126.95432,37.53757],[126.94757,37.53757],[126.94757,37.53081]]]},"properties":{"row":9,"col":10,"walk_min":10.1,"bucket":"10-15","color":"#4caf50","aggregate":true,"child_fine_cells":8,"nearest_station_id":"kr_193","nearest_station_idx":192}},{"type":"Feature","geometry":{"type":"Polygon","coordinates":[[[126.93405,37.5173],[126.94081,37.5173],[126.94081,37.52405],[126.93405,37.52405],[126.93405,37.5173]]]},"properties":{"row":7,"col":8,"walk_min":10.9,"bucket":"10-15","color":"#4caf50","aggregate":true,"child_fine_cells":9,"nearest_station_id":"kr_180","nearest_station_idx":179}},{"type":"Feature","geometry":{"type":"Polygon","coordinates":[[[126.90703,37.52405],[126.91378,37.52405],[126.91378,37.53081],[126.90703,37.53081],[126.90703,37.52405]]]},"properties":{"row":8,"col":4,"walk_min":11.2,"bucket":"10-15","color":"#4caf50","aggregate":true,"child_fine_cells":9,"nearest_station_id":"kr_431","nearest_station_idx":430}},{"type":"Feature","geometry":{"type":"Polygon","coordinates":[[[126.93405,37.55784],[126.94081,37.55784],[126.94081,37.56459],[126.93405,37.56459],[126.93405,37.55784]]]},"properties":{"row":13,"col":8,"walk_min":9.5,"bucket":"5-10","color":"#3aa6a0","aggregate":true,"child_fine_cells":9,"nearest_station_id":"kr_376","nearest_station_idx":375}},{"type":"Feature","geometry":{"type":"Polygon","coordinates":[[[126.99486,37.58486],[127.00162,37.58486],[127.00162,37.59162],[126.99486,37.59162],[126.99486,37.58486]]]},"properties":{"row":17,"col":17,"walk_min":8.6,"bucket":"5-10","color":"#3aa6a0","aggregate":true,"child_fine_cells":9,"nearest_station_id":"kr_061","nearest_station_idx":60}},{"type":"Feature","geometry":{"type":"Polygon","coordinates":[[[127.03541,37.55108],[127.04216,37.55108],[127.04216,37.55784],[127.03541,37.55784],[127.03541,37.55108]]]},"properties":{"row":12,"col":23,"walk_min":9.9,"bucket":"5-10","color":"#3aa6a0","aggregate":true,"child_fine_cells":9,"nearest_station_id":"kr_272","nearest_station_idx":271}},{"type":"Feature","geometry":{"type":"Polygon","coordinates":[[[127.02189,37.53757],[127.02865,37.53757],[127.02865,37.54432],[127.02189,37.54432],[127.02189,37.53757]]]},"properties":{"row":10,"col":21,"walk_min":29.0,"bucket":"25-30","color":"#e2492d","aggregate":true,"child_fine_cells":4,"nearest_station_id":"kr_059","nearest_station_idx":58}},{"type":"Feature","geometry":{"type":"Polygon","coordinates":[[[127.06243,37.48351],[127.06919,37.48351],[127.06919,37.49027],[127.06243,37.49027],[127.06243,37.48351]]]},"properties":{"row":2,"col":27,"walk_min":11.6,"bucket":"10-15","color":"#4caf50","aggregate":true,"child_fine_cells":9,"nearest_station_id":"kr_289","nearest_station_idx":288}},{"type":"Feature","geometry":{"type":"Polygon","coordinates":[[[127.02189,37.54432],[127.02865,37.54432],[127.02865,37.55108],[127.02189,37.55108],[127.02189,37.54432]]]},"properties":{"row":11,"col":21,"walk_min":9.1,"bucket":"5-10","color":"#3aa6a0","aggregate":true,"child_fine_cells":9,"nearest_station_id":"kr_068","nearest_station_idx":67}},{"type":"Feature","geometry":{"type":"Polygon","coordinates":[[[127.04216,37.59162],[127.04892,37.59162],[127.04892,37.59838],[127.04216,37.59838],[127.04216,37.59162]]]},"properties":{"row":18,"col":24,"walk_min":11.5,"bucket":"10-15","color":"#4caf50","aggregate":true,"child_fine_cells":9,"nearest_station_id":"kr_142","nearest_station_idx":141}},{"type":"Feature","geometry":{"type":"Polygon","coordinates":[[[126.90703,37.50378],[126.91378,37.50378],[126.91378,37.51054],[126.90703,37.51054],[126.90703,37.50378]]]},"properties":{"row":5,"col":4,"walk_min":8.5,"bucket":"5-10","color":"#3aa6a0","aggregate":true,"child_fine_cells":9,"nearest_station_id":"kr_365","nearest_station_idx":364}},{"type":"Feature","geometry":{"type":"Polygon","coordinates":[[[126.98135,37.55108],[126.98811,37.55108],[126.98811,37.55784],[126.98135,37.55784],[126.98135,37.55108]]]},"properties":{"row":12,"col":15,"walk_min":10.0,"bucket":"10-15","color":"#4caf50","aggregate":true,"child_fine_cells":9,"nearest_station_id":"kr_035","nearest_station_idx":34}},{"type":"Feature","geometry":{"type":"Polygon","coordinates":[[[126.96784,37.47],[126.97459,37.47],[126.97459,37.47676],[126.96784,37.47676],[126.96784,37.47]]]},"properties":{"row":0,"col":13,"walk_min":10.7,"bucket":"10-15","color":"#4caf50","aggregate":true,"child_fine_cells":9,"nearest_station_id":"kr_319","nearest_station_idx":318}},{"type":"Feature","geometry":{"type":"Polygon","coordinates":[[[127.04216,37.49027],[127.04892,37.49027],[127.04892,37.49703],[127.04216,37.49703],[127.04216,37.49027]]]},"properties":{"row":3,"col":24,"walk_min":11.4,"bucket":"10-15","color":"#4caf50","aggregate":true,"child_fine_cells":9,"nearest_station_id":"kr_251","nearest_station_idx":250}},{"type":"Feature","geometry":{"type":"Polygon","coordinates":[[[126.91378,37.57811],[126.92054,37.57811],[126.92054,37.58486],[126.91378,37.58486],[126.91378,37.57811]]]},"properties":{"row":16,"col":5,"walk_min":9.7,"bucket":"5-10","color":"#3aa6a0","aggregate":true,"child_fine_cells":9,"nearest_station_id":"kr_339","nearest_station_idx":338}},{"type":"Feature","geometry":{"type":"Polygon","coordinates":[[[126.99486,37.52405],[127.00162,37.52405],[127.00162,37.53081],[126.99486,37.53081],[126.99486,37.52405]]]},"properties":{"row":8,"col":17,"walk_min":11.5,"bucket":"10-15","color":"#4caf50","aggregate":true,"child_fine_cells":8,"nearest_station_id":"kr_320","nearest_station_idx":319}},{"type":"Feature","geometry":{"type":"Polygon","coordinates":[[[126.98135,37.53757],[126.98811,37.53757],[126.98811,37.54432],[126.98135,37.54432],[126.98135,37.53757]]]},"properties":{"row":10,"col":15,"walk_min":11.9,"bucket":"10-15","color":"#4caf50","aggregate":true,"child_fine_cells":9,"nearest_station_id":"kr_295","nearest_station_idx":294}},{"type":"Feature","geometry":{"type":"Polygon","coordinates":[[[126.99486,37.57135],[127.00162,37.57135],[127.00162,37.57811],[126.99486,37.57811],[126.99486,37.57135]]]},"properties":{"row":15,"col":17,"walk_min":11.7,"bucket":"10-15","color":"#4caf50","aggregate":true,"child_fine_cells":9,"nearest_station_id":"kr_050","nearest_station_idx":49}},{"type":"Feature","geometry":{"type":"Polygon","coordinates":[[[127.06243,37.55108],[127.06919,37.55108],[127.06919,37.55784],[127.06243,37.55784],[127.06243,37.55108]]]},"properties":{"row":12,"col":27,"walk_min":11.2,"bucket":"10-15","color":"#4caf50","aggregate":true,"child_fine_cells":9,"nearest_station_id":"kr_103","nearest_station_idx":102}},{"type":"Feature","geometry":{"type":"Polygon","coordinates":[[[127.02189,37.48351],[127.02865,37.48351],[127.02865,37.49027],[127.02189,37.49027],[127.02189,37.48351]]]},"properties":{"row":2,"col":21,"walk_min":9.3,"bucket":"5-10","color":"#3aa6a0","aggregate":true,"child_fine_cells":9,"nearest_station_id":"kr_152","nearest_station_idx":151}},{"type":"Feature","geometry":{"type":"Polygon","coordinates":[[[127.06243,37.54432],[127.06919,37.54432],[127.06919,37.55108],[127.06243,37.55108],[127.06243,37.54432]]]},"properties":{"row":11,"col":27,"walk_min":8.9,"bucket":"5-10","color":"#3aa6a0","aggregate":true,"child_fine_cells":9,"nearest_station_id":"kr_185","nearest_station_idx":184}},{"type":"Feature","geometry":{"type":"Polygon","coordinates":[[[126.98135,37.49027],[126.98811,37.49027],[126.98811,37.49703],[126.98135,37.49703],[126.98135,37.49027]]]},"properties":{"row":3,"col":15,"walk_min":10.5,"bucket":"10-15","color":"#4caf50","aggregate":true,"child_fine_cells":9,"nearest_station_id":"kr_139","nearest_station_idx":138}},{"type":"Feature","geometry":{"type":"Polygon","coordinates":[[[127.05568,37.55108],[127.06243,37.55108],[127.06243,37.55784],[127.05568,37.55784],[127.05568,37.55108]]]},"properties":{"row":12,"col":26,"walk_min":12.8,"bucket":"10-15","color":"#4caf50","aggregate":true,"child_fine_cells":9,"nearest_station_id":"kr_103","nearest_station_idx":102}},{"type":"Feature","geometry":{"type":"Polygon","coordinates":[[[127.05568,37.59838],[127.06243,37.59838],[127.06243,37.60514],[127.05568,37.60514],[127.05568,37.59838]]]},"properties":{"row":19,"col":26,"walk_min":10.4,"bucket":"10-15","color":"#4caf50","aggregate":true,"child_fine_cells":9,"nearest_station_id":"kr_037","nearest_station_idx":36}},{"type":"Feature","geometry":{"type":"Polygon","coordinates":[[[127.02865,37.60514],[127.03541,37.60514],[127.03541,37.61189],[127.02865,37.61189],[127.02865,37.60514]]]},"properties":{"row":20,"col":22,"walk_min":11.0,"bucket":"10-15","color":"#4caf50","aggregate":true,"child_fine_cells":9,"nearest_station_id":"kr_091","nearest_station_idx":90}},{"type":"Feature","geometry":{"type":"Polygon","coordinates":[[[127.07595,37.53757],[127.0827,37.53757],[127.0827,37.54432],[127.07595,37.54432],[127.07595,37.53757]]]},"properties":{"row":10,"col":29,"walk_min":10.4,"bucket":"10-15","color":"#4caf50","aggregate":true,"child_fine_cells":8,"nearest_station_id":"kr_183","nearest_station_idx":182}},{"type":"Feature","geometry":{"type":"Polygon","coordinates":[[[126.93405,37.53757],[126.94081,37.53757],[126.94081,37.54432],[126.93405,37.54432],[126.93405,37.53757]]]},"properties":{"row":10,"col":8,"walk_min":8.1,"bucket":"5-10","color":"#3aa6a0","aggregate":true,"child_fine_cells":6,"nearest_station_id":"kr_193","nearest_station_idx":192}},{"type":"Feature","geometry":{"type":"Polygon","coordinates":[[[126.90703,37.53081],[126.91378,37.53081],[126.91378,37.53757],[126.90703,37.53757],[126.90703,37.53081]]]},"properties":{"row":9,"col":4,"walk_min":14.4,"bucket":"10-15","color":"#4caf50","aggregate":true,"child_fine_cells":9,"nearest_station_id":"kr_049","nearest_station_idx":48}},{"type":"Feature","geometry":{"type":"Polygon","coordinates":[[[126.95432,37.57811],[126.96108,37.57811],[126.96108,37.58486],[126.95432,37.58486],[126.95432,37.57811]]]},"properties":{"row":16,"col":11,"walk_min":12.6,"bucket":"10-15","color":"#4caf50","aggregate":true,"child_fine_cells":9,"nearest_station_id":"kr_067","nearest_station_idx":66}},{"type":"Feature","geometry":{"type":"Polygon","coordinates":[[[126.97459,37.47],[126.98135,37.47],[126.98135,37.47676],[126.97459,37.47676],[126.97459,37.47]]]},"properties":{"row":0,"col":14,"walk_min":11.3,"bucket":"10-15","color":"#4caf50","aggregate":true,"child_fine_cells":9,"nearest_station_id":"kr_133","nearest_station_idx":132}},{"type":"Feature","geometry":{"type":"Polygon","coordinates":[[[126.91378,37.55784],[126.92054,37.55784],[126.92054,37.56459],[126.91378,37.56459],[126.91378,37.55784]]]},"properties":{"row":13,"col":5,"walk_min":9.5,"bucket":"5-10","color":"#3aa6a0","aggregate":true,"child_fine_cells":9,"nearest_station_id":"kr_368","nearest_station_idx":367}},{"type":"Feature","geometry":{"type":"Polygon","coordinates":[[[126.96108,37.5173],[126.96784,37.5173],[126.96784,37.52405],[126.96108,37.52405],[126.96108,37.5173]]]},"properties":{"row":7,"col":12,"walk_min":11.6,"bucket":"10-15","color":"#4caf50","aggregate":true,"child_fine_cells":8,"nearest_station_id":"kr_219","nearest_station_idx":218}},{"type":"Feature","geometry":{"type":"Polygon","coordinates":[[[127.04892,37.52405],[127.05568,37.52405],[127.05568,37.53081],[127.04892,37.53081],[127.04892,37.52405]]]},"properties":{"row":8,"col":25,"walk_min":11.6,"bucket":"10-15","color":"#4caf50","aggregate":true,"child_fine_cells":6,"nearest_station_id":"kr_166","nearest_station_idx":165}},{"type":"Feature","geometry":{"type":"Polygon","coordinates":[[[127.02189,37.53081],[127.02865,37.53081],[127.02865,37.53757],[127.02189,37.53757],[127.02189,37.53081]]]},"properties":{"row":9,"col":21,"walk_min":10.0,"bucket":"10-15","color":"#4caf50","aggregate":true,"child_fine_cells":6,"nearest_station_id":"kr_137","nearest_station_idx":136}},{"type":"Feature","geometry":{"type":"Polygon","coordinates":[[[126.9273,37.59162],[126.93405,37.59162],[126.93405,37.59838],[126.9273,37.59838],[126.9273,37.59162]]]},"properties":{"row":18,"col":7,"walk_min":12.0,"bucket":"10-15","color":"#4caf50","aggregate":true,"child_fine_cells":9,"nearest_station_id":"kr_113","nearest_station_idx":112}},{"type":"Feature","geometry":{"type":"Polygon","coordinates":[[[126.99486,37.49027],[127.00162,37.49027],[127.00162,37.49703],[126.99486,37.49703],[126.99486,37.49027]]]},"properties":{"row":3,"col":17,"walk_min":9.7,"bucket":"5-10","color":"#3aa6a0","aggregate":true,"child_fine_cells":9,"nearest_station_id":"kr_135","nearest_station_idx":134}},{"type":"Feature","geometry":{"type":"Polygon","coordinates":[[[127.00838,37.54432],[127.01514,37.54432],[127.01514,37.55108],[127.00838,37.55108],[127.00838,37.54432]]]},"properties":{"row":11,"col":19,"walk_min":8.8,"bucket":"5-10","color":"#3aa6a0","aggregate":true,"child_fine_cells":9,"nearest_station_id":"kr_372","nearest_station_idx":371}},{"type":"Feature","geometry":{"type":"Polygon","coordinates":[[[126.9273,37.61189],[126.93405,37.61189],[126.93405,37.61865],[126.9273,37.61865],[126.9273,37.61189]]]},"properties":{"row":21,"col":7,"walk_min":8.9,"bucket":"5-10","color":"#3aa6a0","aggregate":true,"child_fine_cells":2,"nearest_station_id":"kr_409","nearest_station_idx":408}},{"type":"Feature","geometry":{"type":"Polygon","coordinates":[[[127.05568,37.56459],[127.06243,37.56459],[127.06243,37.57135],[127.05568,37.57135],[127.05568,37.56459]]]},"properties":{"row":14,"col":26,"walk_min":10.8,"bucket":"10-15","color":"#4caf50","aggregate":true,"child_fine_cells":9,"nearest_station_id":"kr_099","nearest_station_idx":98}},{"type":"Feature","geometry":{"type":"Polygon","coordinates":[[[127.04892,37.55108],[127.05568,37.55108],[127.05568,37.55784],[127.04892,37.55784],[127.04892,37.55108]]]},"properties":{"row":12,"col":25,"walk_min":13.8,"bucket":"10-15","color":"#4caf50","aggregate":true,"child_fine_cells":8,"nearest_station_id":"kr_272","nearest_station_idx":271}},{"type":"Feature","geometry":{"type":"Polygon","coordinates":[[[126.90027,37.50378],[126.90703,37.50378],[126.90703,37.51054],[126.90027,37.51054],[126.90027,37.50378]]]},"properties":{"row":5,"col":3,"walk_min":11.2,"bucket":"10-15","color":"#4caf50","aggregate":true,"child_fine_cells":9,"nearest_station_id":"kr_365","nearest_station_idx":364}},{"type":"Feature","geometry":{"type":"Polygon","coordinates":[[[126.98811,37.53757],[126.99486,37.53757],[126.99486,37.54432],[126.98811,37.54432],[126.98811,37.53757]]]},"properties":{"row":10,"col":16,"walk_min":10.5,"bucket":"10-15","color":"#4caf50","aggregate":true,"child_fine_cells":9,"nearest_station_id":"kr_320","nearest_station_idx":319}},{"type":"Feature","geometry":{"type":"Polygon","coordinates":[[[126.9273,37.53081],[126.93405,37.53081],[126.93405,37.53757],[126.9273,37.53757],[126.9273,37.53081]]]},"properties":{"row":9,"col":7,"walk_min":7.2,"bucket":"5-10","color":"#3aa6a0","aggregate":true,"child_fine_cells":2,"nearest_station_id":"kr_180","nearest_station_idx":179}},{"type":"Feature","geometry":{"type":"Polygon","coordinates":[[[127.04216,37.58486],[127.04892,37.58486],[127.04892,37.59162],[127.04216,37.59162],[127.04216,37.58486]]]},"properties":{"row":17,"col":24,"walk_min":9.6,"bucket":"5-10","color":"#3aa6a0","aggregate":true,"child_fine_cells":9,"nearest_station_id":"kr_131","nearest_station_idx":130}},{"type":"Feature","geometry":{"type":"Polygon","coordinates":[[[126.98811,37.52405],[126.99486,37.52405],[126.99486,37.53081],[126.98811,37.53081],[126.98811,37.52405]]]},"properties":{"row":8,"col":16,"walk_min":14.9,"bucket":"10-15","color":"#4caf50","aggregate":true,"child_fine_cells":9,"nearest_station_id":"kr_320","nearest_station_idx":319}},{"type":"Feature","geometry":{"type":"Polygon","coordinates":[[[126.9273,37.50378],[126.93405,37.50378],[126.93405,37.51054],[126.9273,37.51054],[126.9273,37.50378]]]},"properties":{"row":5,"col":7,"walk_min":10.9,"bucket":"10-15","color":"#4caf50","aggregate":true,"child_fine_cells":9,"nearest_station_id":"kr_381","nearest_station_idx":380}},{"type":"Feature","geometry":{"type":"Polygon","coordinates":[[[126.94757,37.57135],[126.95432,37.57135],[126.95432,37.57811],[126.94757,37.57811],[126.94757,37.57135]]]},"properties":{"row":15,"col":10,"walk_min":12.8,"bucket":"10-15","color":"#4caf50","aggregate":true,"child_fine_cells":9,"nearest_station_id":"kr_083","nearest_station_idx":82}},{"type":"Feature","geometry":{"type":"Polygon","coordinates":[[[127.06243,37.58486],[127.06919,37.58486],[127.06919,37.59162],[127.06243,37.59162],[127.06243,37.58486]]]},"properties":{"row":17,"col":27,"walk_min":10.8,"bucket":"10-15","color":"#4caf50","aggregate":true,"child_fine_cells":9,"nearest_station_id":"kr_031","nearest_station_idx":30}},{"type":"Feature","geometry":{"type":"Polygon","coordinates":[[[126.97459,37.53757],[126.98135,37.53757],[126.98135,37.54432],[126.97459,37.54432],[126.97459,37.53757]]]},"properties":{"row":10,"col":14,"walk_min":11.8,"bucket":"10-15","color":"#4caf50","aggregate":true,"child_fine_cells":9,"nearest_station_id":"kr_398","nearest_station_idx":397}},{"type":"Feature","geometry":{"type":"Polygon","coordinates":[[[127.03541,37.52405],[127.04216,37.52405],[127.04216,37.53081],[127.03541,37.53081],[127.03541,37.52405]]]},"properties":{"row":8,"col":23,"walk_min":11.7,"bucket":"10-15","color":"#4caf50","aggregate":true,"child_fine_cells":9,"nearest_station_id":"kr_138","nearest_station_idx":137}},{"type":"Feature","geometry":{"type":"Polygon","coordinates":[[[126.90027,37.53757],[126.90703,37.53757],[126.90703,37.54432],[126.90027,37.54432],[126.90027,37.53757]]]},"properties":{"row":10,"col":3,"walk_min":13.2,"bucket":"10-15","color":"#4caf50","aggregate":true,"child_fine_cells":8,"nearest_station_id":"kr_049","nearest_station_idx":48}},{"type":"Feature","geometry":{"type":"Polygon","coordinates":[[[127.06243,37.5173],[127.06919,37.5173],[127.06919,37.52405],[127.06243,37.52405],[127.06243,37.5173]]]},"properties":{"row":7,"col":27,"walk_min":8.1,"bucket":"5-10","color":"#3aa6a0","aggregate":true,"child_fine_cells":2,"nearest_station_id":"kr_017","nearest_station_idx":16}},{"type":"Feature","geometry":{"type":"Polygon","coordinates":[[[127.07595,37.48351],[127.0827,37.48351],[127.0827,37.49027],[127.07595,37.49027],[127.07595,37.48351]]]},"properties":{"row":2,"col":29,"walk_min":40.4,"bucket":">30","color":"#a01818","aggregate":true,"child_fine_cells":8,"nearest_station_id":"kr_298","nearest_station_idx":297}},{"type":"Feature","geometry":{"type":"Polygon","coordinates":[[[126.94081,37.59162],[126.94757,37.59162],[126.94757,37.59838],[126.94081,37.59838],[126.94081,37.59162]]]},"properties":{"row":18,"col":9,"walk_min":32.0,"bucket":">30","color":"#a01818","aggregate":true,"child_fine_cells":9,"nearest_station_id":"kr_075","nearest_station_idx":74}},{"type":"Feature","geometry":{"type":"Polygon","coordinates":[[[126.91378,37.50378],[126.92054,37.50378],[126.92054,37.51054],[126.91378,37.51054],[126.91378,37.50378]]]},"properties":{"row":5,"col":5,"walk_min":11.5,"bucket":"10-15","color":"#4caf50","aggregate":true,"child_fine_cells":9,"nearest_station_id":"kr_337","nearest_station_idx":336}},{"type":"Feature","geometry":{"type":"Polygon","coordinates":[[[126.93405,37.51054],[126.94081,37.51054],[126.94081,37.5173],[126.93405,37.5173],[126.93405,37.51054]]]},"properties":{"row":6,"col":8,"walk_min":12.2,"bucket":"10-15","color":"#4caf50","aggregate":true,"child_fine_cells":9,"nearest_station_id":"kr_004","nearest_station_idx":3}},{"type":"Feature","geometry":{"type":"Polygon","coordinates":[[[126.98811,37.55108],[126.99486,37.55108],[126.99486,37.55784],[126.98811,37.55784],[126.98811,37.55108]]]},"properties":{"row":12,"col":16,"walk_min":13.0,"bucket":"10-15","color":"#4caf50","aggregate":true,"child_fine_cells":9,"nearest_station_id":"kr_030","nearest_station_idx":29}},{"type":"Feature","geometry":{"type":"Polygon","coordinates":[[[127.02189,37.47676],[127.02865,37.47676],[127.02865,37.48351],[127.02189,37.48351],[127.02189,37.47676]]]},"properties":{"row":1,"col":21,"walk_min":17.7,"bucket":"15-20","color":"#c6d92e","aggregate":true,"child_fine_cells":8,"nearest_station_id":"kr_020","nearest_station_idx":19}},{"type":"Feature","geometry":{"type":"Polygon","coordinates":[[[126.89351,37.49703],[126.90027,37.49703],[126.90027,37.50378],[126.89351,37.50378],[126.89351,37.49703]]]},"properties":{"row":4,"col":2,"walk_min":12.3,"bucket":"10-15","color":"#4caf50","aggregate":true,"child_fine_cells":9,"nearest_station_id":"kr_255","nearest_station_idx":254}},{"type":"Feature","geometry":{"type":"Polygon","coordinates":[[[126.99486,37.47],[127.00162,37.47],[127.00162,37.47676],[126.99486,37.47676],[126.99486,37.47]]]},"properties":{"row":0,"col":17,"walk_min":14.4,"bucket":"10-15","color":"#4caf50","aggregate":true,"child_fine_cells":6,"nearest_station_id":"kr_344","nearest_station_idx":343}},{"type":"Feature","geometry":{"type":"Polygon","coordinates":[[[127.04216,37.47676],[127.04892,37.47676],[127.04892,37.48351],[127.04216,37.48351],[127.04216,37.47676]]]},"properties":{"row":1,"col":24,"walk_min":12.6,"bucket":"10-15","color":"#4caf50","aggregate":true,"child_fine_cells":9,"nearest_station_id":"kr_250","nearest_station_idx":249}},{"type":"Feature","geometry":{"type":"Polygon","coordinates":[[[126.99486,37.59162],[127.00162,37.59162],[127.00162,37.59838],[126.99486,37.59838],[126.99486,37.59162]]]},"properties":{"row":18,"col":17,"walk_min":12.4,"bucket":"10-15","color":"#4caf50","aggregate":true,"child_fine_cells":9,"nearest_station_id":"kr_061","nearest_station_idx":60}},{"type":"Feature","geometry":{"type":"Polygon","coordinates":[[[126.91378,37.47676],[126.92054,37.47676],[126.92054,37.48351],[126.91378,37.48351],[126.91378,37.47676]]]},"properties":{"row":1,"col":5,"walk_min":12.9,"bucket":"10-15","color":"#4caf50","aggregate":true,"child_fine_cells":9,"nearest_station_id":"kr_336","nearest_station_idx":335}},{"type":"Feature","geometry":{"type":"Polygon","coordinates":[[[127.02865,37.53081],[127.03541,37.53081],[127.03541,37.53757],[127.02865,37.53757],[127.02865,37.53081]]]},"properties":{"row":9,"col":22,"walk_min":13.2,"bucket":"10-15","color":"#4caf50","aggregate":true,"child_fine_cells":7,"nearest_station_id":"kr_138","nearest_station_idx":137}},{"type":"Feature","geometry":{"type":"Polygon","coordinates":[[[126.87324,37.53757],[126.88,37.53757],[126.88,37.54432],[126.87324,37.54432],[126.87324,37.53757]]]},"properties":{"row":10,"col":-1,"walk_min":14.5,"bucket":"10-15","color":"#4caf50","aggregate":true,"child_fine_cells":4,"nearest_station_id":"kr_073","nearest_station_idx":72}},{"type":"Feature","geometry":{"type":"Polygon","coordinates":[[[126.88,37.49027],[126.88676,37.49027],[126.88676,37.49703],[126.88,37.49703],[126.88,37.49027]]]},"properties":{"row":3,"col":0,"walk_min":11.9,"bucket":"10-15","color":"#4caf50","aggregate":true,"child_fine_cells":9,"nearest_station_id":"kr_328","nearest_station_idx":327}},{"type":"Feature","geometry":{"type":"Polygon","coordinates":[[[127.00838,37.5173],[127.01514,37.5173],[127.01514,37.52405],[127.00838,37.52405],[127.00838,37.5173]]]},"properties":{"row":7,"col":19,"walk_min":12.1,"bucket":"10-15","color":"#4caf50","aggregate":true,"child_fine_cells":7,"nearest_station_id":"kr_056","nearest_station_idx":55}},{"type":"Feature","geometry":{"type":"Polygon","coordinates":[[[126.99486,37.54432],[127.00162,37.54432],[127.00162,37.55108],[126.99486,37.55108],[126.99486,37.54432]]]},"properties":{"row":11,"col":17,"walk_min":20.5,"bucket":"20-25","color":"#f2a134","aggregate":true,"child_fine_cells":9,"nearest_station_id":"kr_324","nearest_station_idx":323}},{"type":"Feature","geometry":{"type":"Polygon","coordinates":[[[127.04892,37.57135],[127.05568,37.57135],[127.05568,37.57811],[127.04892,37.57811],[127.04892,37.57135]]]},"properties":{"row":15,"col":25,"walk_min":11.9,"bucket":"10-15","color":"#4caf50","aggregate":true,"child_fine_cells":9,"nearest_station_id":"kr_221","nearest_station_idx":220}},{"type":"Feature","geometry":{"type":"Polygon","coordinates":[[[126.96108,37.57811],[126.96784,37.57811],[126.96784,37.58486],[126.96108,37.58486],[126.96108,37.57811]]]},"properties":{"row":16,"col":12,"walk_min":11.7,"bucket":"10-15","color":"#4caf50","aggregate":true,"child_fine_cells":9,"nearest_station_id":"kr_063","nearest_station_idx":62}},{"type":"Feature","geometry":{"type":"Polygon","coordinates":[[[126.92054,37.59162],[126.9273,37.59162],[126.9273,37.59838],[126.92054,37.59838],[126.92054,37.59162]]]},"properties":{"row":18,"col":6,"walk_min":12.6,"bucket":"10-15","color":"#4caf50","aggregate":true,"child_fine_cells":9,"nearest_station_id":"kr_318","nearest_station_idx":317}},{"type":"Feature","geometry":{"type":"Polygon","coordinates":[[[126.95432,37.56459],[126.96108,37.56459],[126.96108,37.57135],[126.95432,37.57135],[126.95432,37.56459]]]},"properties":{"row":14,"col":11,"walk_min":13.9,"bucket":"10-15","color":"#4caf50","aggregate":true,"child_fine_cells":9,"nearest_station_id":"kr_083","nearest_station_idx":82}},{"type":"Feature","geometry":{"type":"Polygon","coordinates":[[[127.06919,37.59162],[127.07595,37.59162],[127.07595,37.59838],[127.06919,37.59838],[127.06919,37.59162]]]},"properties":{"row":18,"col":28,"walk_min":12.1,"bucket":"10-15","color":"#4caf50","aggregate":true,"child_fine_cells":9,"nearest_station_id":"kr_034","nearest_station_idx":33}},{"type":"Feature","geometry":{"type":"Polygon","coordinates":[[[126.90703,37.47676],[126.91378,37.47676],[126.91378,37.48351],[126.90703,37.48351],[126.90703,37.47676]]]},"properties":{"row":1,"col":4,"walk_min":13.9,"bucket":"10-15","color":"#4caf50","aggregate":true,"child_fine_cells":9,"nearest_station_id":"kr_336","nearest_station_idx":335}},{"type":"Feature","geometry":{"type":"Polygon","coordinates":[[[126.91378,37.49027],[126.92054,37.49027],[126.92054,37.49703],[126.91378,37.49703],[126.91378,37.49027]]]},"properties":{"row":3,"col":5,"walk_min":14.3,"bucket":"10-15","color":"#4caf50","aggregate":true,"child_fine_cells":9,"nearest_station_id":"kr_336","nearest_station_idx":335}},{"type":"Feature","geometry":{"type":"Polygon","coordinates":[[[126.92054,37.50378],[126.9273,37.50378],[126.9273,37.51054],[126.92054,37.51054],[126.92054,37.50378]]]},"properties":{"row":5,"col":6,"walk_min":12.3,"bucket":"10-15","color":"#4caf50","aggregate":true,"child_fine_cells":9,"nearest_station_id":"kr_380","nearest_station_idx":379}},{"type":"Feature","geometry":{"type":"Polygon","coordinates":[[[126.97459,37.49027],[126.98135,37.49027],[126.98135,37.49703],[126.97459,37.49703],[126.97459,37.49027]]]},"properties":{"row":3,"col":14,"walk_min":16.0,"bucket":"15-20","color":"#c6d92e","aggregate":true,"child_fine_cells":9,"nearest_station_id":"kr_139","nearest_station_idx":138}},{"type":"Feature","geometry":{"type":"Polygon","coordinates":[[[127.00838,37.59838],[127.01514,37.59838],[127.01514,37.60514],[127.00838,37.60514],[127.00838,37.59838]]]},"properties":{"row":19,"col":19,"walk_min":13.7,"bucket":"10-15","color":"#4caf50","aggregate":true,"child_fine_cells":9,"nearest_station_id":"kr_160","nearest_station_idx":159}},{"type":"Feature","geometry":{"type":"Polygon","coordinates":[[[126.93405,37.59162],[126.94081,37.59162],[126.94081,37.59838],[126.93405,37.59838],[126.93405,37.59162]]]},"properties":{"row":18,"col":8,"walk_min":13.8,"bucket":"10-15","color":"#4caf50","aggregate":true,"child_fine_cells":9,"nearest_station_id":"kr_113","nearest_station_idx":112}},{"type":"Feature","geometry":{"type":"Polygon","coordinates":[[[126.96784,37.51054],[126.97459,37.51054],[126.97459,37.5173],[126.96784,37.5173],[126.96784,37.51054]]]},"properties":{"row":6,"col":13,"walk_min":9.3,"bucket":"5-10","color":"#3aa6a0","aggregate":true,"child_fine_cells":3,"nearest_station_id":"kr_404","nearest_station_idx":403}},{"type":"Feature","geometry":{"type":"Polygon","coordinates":[[[127.02189,37.59162],[127.02865,37.59162],[127.02865,37.59838],[127.02189,37.59838],[127.02189,37.59162]]]},"properties":{"row":18,"col":21,"walk_min":12.2,"bucket":"10-15","color":"#4caf50","aggregate":true,"child_fine_cells":9,"nearest_station_id":"kr_160","nearest_station_idx":159}},{"type":"Feature","geometry":{"type":"Polygon","coordinates":[[[127.06919,37.60514],[127.07595,37.60514],[127.07595,37.61189],[127.06919,37.61189],[127.06919,37.60514]]]},"properties":{"row":20,"col":28,"walk_min":14.6,"bucket":"10-15","color":"#4caf50","aggregate":true,"child_fine_cells":9,"nearest_station_id":"kr_163","nearest_station_idx":162}},{"type":"Feature","geometry":{"type":"Polygon","coordinates":[[[126.96108,37.48351],[126.96784,37.48351],[126.96784,37.49027],[126.96108,37.49027],[126.96108,37.48351]]]},"properties":{"row":2,"col":12,"walk_min":13.3,"bucket":"10-15","color":"#4caf50","aggregate":true,"child_fine_cells":9,"nearest_station_id":"kr_182","nearest_station_idx":181}},{"type":"Feature","geometry":{"type":"Polygon","coordinates":[[[126.90703,37.53757],[126.91378,37.53757],[126.91378,37.54432],[126.90703,37.54432],[126.90703,37.53757]]]},"properties":{"row":10,"col":4,"walk_min":9.3,"bucket":"5-10","color":"#3aa6a0","aggregate":true,"child_fine_cells":2,"nearest_station_id":"kr_211","nearest_station_idx":210}},{"type":"Feature","geometry":{"type":"Polygon","coordinates":[[[126.96784,37.50378],[126.97459,37.50378],[126.97459,37.51054],[126.96784,37.51054],[126.96784,37.50378]]]},"properties":{"row":5,"col":13,"walk_min":8.9,"bucket":"5-10","color":"#3aa6a0","aggregate":true,"child_fine_cells":1,"nearest_station_id":"kr_404","nearest_station_idx":403}},{"type":"Feature","geometry":{"type":"Polygon","coordinates":[[[127.01514,37.52405],[127.02189,37.52405],[127.02189,37.53081],[127.01514,37.53081],[127.01514,37.52405]]]},"properties":{"row":8,"col":20,"walk_min":13.1,"bucket":"10-15","color":"#4caf50","aggregate":true,"child_fine_cells":7,"nearest_station_id":"kr_137","nearest_station_idx":136}},{"type":"Feature","geometry":{"type":"Polygon","coordinates":[[[126.92054,37.53081],[126.9273,37.53081],[126.9273,37.53757],[126.92054,37.53757],[126.92054,37.53081]]]},"properties":{"row":9,"col":6,"walk_min":12.1,"bucket":"10-15","color":"#4caf50","aggregate":true,"child_fine_cells":6,"nearest_station_id":"kr_431","nearest_station_idx":430}},{"type":"Feature","geometry":{"type":"Polygon","coordinates":[[[126.87324,37.47676],[126.88,37.47676],[126.88,37.48351],[126.87324,37.48351],[126.87324,37.47676]]]},"properties":{"row":1,"col":-1,"walk_min":8.6,"bucket":"5-10","color":"#3aa6a0","aggregate":true,"child_fine_cells":1,"nearest_station_id":"kr_291","nearest_station_idx":290}},{"type":"Feature","geometry":{"type":"Polygon","coordinates":[[[126.91378,37.53757],[126.92054,37.53757],[126.92054,37.54432],[126.91378,37.54432],[126.91378,37.53757]]]},"properties":{"row":10,"col":5,"walk_min":9.8,"bucket":"5-10","color":"#3aa6a0","aggregate":true,"child_fine_cells":3,"nearest_station_id":"kr_184","nearest_station_idx":183}},{"type":"Feature","geometry":{"type":"Polygon","coordinates":[[[127.06919,37.48351],[127.07595,37.48351],[127.07595,37.49027],[127.06919,37.49027],[127.06919,37.48351]]]},"properties":{"row":2,"col":28,"walk_min":17.7,"bucket":"15-20","color":"#c6d92e","aggregate":true,"child_fine_cells":8,"nearest_station_id":"kr_347","nearest_station_idx":346}},{"type":"Feature","geometry":{"type":"Polygon","coordinates":[[[126.96108,37.49703],[126.96784,37.49703],[126.96784,37.50378],[126.96108,37.50378],[126.96108,37.49703]]]},"properties":{"row":4,"col":12,"walk_min":18.6,"bucket":"15-20","color":"#c6d92e","aggregate":true,"child_fine_cells":8,"nearest_station_id":"kr_404","nearest_station_idx":403}},{"type":"Feature","geometry":{"type":"Polygon","coordinates":[[[126.98135,37.52405],[126.98811,37.52405],[126.98811,37.53081],[126.98135,37.53081],[126.98135,37.52405]]]},"properties":{"row":8,"col":15,"walk_min":13.5,"bucket":"10-15","color":"#4caf50","aggregate":true,"child_fine_cells":9,"nearest_station_id":"kr_295","nearest_station_idx":294}},{"type":"Feature","geometry":{"type":"Polygon","coordinates":[[[126.96108,37.49027],[126.96784,37.49027],[126.96784,37.49703],[126.96108,37.49703],[126.96108,37.49027]]]},"properties":{"row":3,"col":12,"walk_min":19.0,"bucket":"15-20","color":"#c6d92e","aggregate":true,"child_fine_cells":8,"nearest_station_id":"kr_213","nearest_station_idx":212}},{"type":"Feature","geometry":{"type":"Polygon","coordinates":[[[126.94757,37.48351],[126.95432,37.48351],[126.95432,37.49027],[126.94757,37.49027],[126.94757,37.48351]]]},"properties":{"row":2,"col":10,"walk_min":12.8,"bucket":"10-15","color":"#4caf50","aggregate":true,"child_fine_cells":9,"nearest_station_id":"kr_370","nearest_station_idx":369}},{"type":"Feature","geometry":{"type":"Polygon","coordinates":[[[126.97459,37.52405],[126.98135,37.52405],[126.98135,37.53081],[126.97459,37.53081],[126.97459,37.52405]]]},"properties":{"row":8,"col":14,"walk_min":13.0,"bucket":"10-15","color":"#4caf50","aggregate":true,"child_fine_cells":9,"nearest_station_id":"kr_219","nearest_station_idx":218}},{"type":"Feature","geometry":{"type":"Polygon","coordinates":[[[126.90027,37.59162],[126.90703,37.59162],[126.90703,37.59838],[126.90027,37.59838],[126.90027,37.59162]]]},"properties":{"row":18,"col":3,"walk_min":13.0,"bucket":"10-15","color":"#4caf50","aggregate":true,"child_fine_cells":9,"nearest_station_id":"kr_340","nearest_station_idx":339}},{"type":"Feature","geometry":{"type":"Polygon","coordinates":[[[126.88676,37.49703],[126.89351,37.49703],[126.89351,37.50378],[126.88676,37.50378],[126.88676,37.49703]]]},"properties":{"row":4,"col":1,"walk_min":13.7,"bucket":"10-15","color":"#4caf50","aggregate":true,"child_fine_cells":9,"nearest_station_id":"kr_019","nearest_station_idx":18}},{"type":"Feature","geometry":{"type":"Polygon","coordinates":[[[127.01514,37.59838],[127.02189,37.59838],[127.02189,37.60514],[127.01514,37.60514],[127.01514,37.59838]]]},"properties":{"row":19,"col":20,"walk_min":14.2,"bucket":"10-15","color":"#4caf50","aggregate":true,"child_fine_cells":9,"nearest_station_id":"kr_082","nearest_station_idx":81}},{"type":"Feature","geometry":{"type":"Polygon","coordinates":[[[127.05568,37.57811],[127.06243,37.57811],[127.06243,37.58486],[127.05568,37.58486],[127.05568,37.57811]]]},"properties":{"row":16,"col":26,"walk_min":14.1,"bucket":"10-15","color":"#4caf50","aggregate":true,"child_fine_cells":9,"nearest_station_id":"kr_031","nearest_station_idx":30}},{"type":"Feature","geometry":{"type":"Polygon","coordinates":[[[127.00162,37.47],[127.00838,37.47],[127.00838,37.47676],[127.00162,37.47676],[127.00162,37.47]]]},"properties":{"row":0,"col":18,"walk_min":15.1,"bucket":"15-20","color":"#c6d92e","aggregate":true,"child_fine_cells":9,"nearest_station_id":"kr_344","nearest_station_idx":343}},{"type":"Feature","geometry":{"type":"Polygon","coordinates":[[[127.04216,37.52405],[127.04892,37.52405],[127.04892,37.53081],[127.04216,37.53081],[127.04216,37.52405]]]},"properties":{"row":8,"col":24,"walk_min":13.8,"bucket":"10-15","color":"#4caf50","aggregate":true,"child_fine_cells":9,"nearest_station_id":"kr_166","nearest_station_idx":165}},{"type":"Feature","geometry":{"type":"Polygon","coordinates":[[[127.06919,37.56459],[127.07595,37.56459],[127.07595,37.57135],[127.06919,37.57135],[127.06919,37.56459]]]},"properties":{"row":14,"col":28,"walk_min":13.4,"bucket":"10-15","color":"#4caf50","aggregate":true,"child_fine_cells":9,"nearest_station_id":"kr_103","nearest_station_idx":102}},{"type":"Feature","geometry":{"type":"Polygon","coordinates":[[[126.95432,37.52405],[126.96108,37.52405],[126.96108,37.53081],[126.95432,37.53081],[126.95432,37.52405]]]},"properties":{"row":8,"col":11,"walk_min":15.9,"bucket":"15-20","color":"#c6d92e","aggregate":true,"child_fine_cells":5,"nearest_station_id":"kr_397","nearest_station_idx":396}},{"type":"Feature","geometry":{"type":"Polygon","coordinates":[[[126.95432,37.48351],[126.96108,37.48351],[126.96108,37.49027],[126.95432,37.49027],[126.95432,37.48351]]]},"properties":{"row":2,"col":11,"walk_min":13.2,"bucket":"10-15","color":"#4caf50","aggregate":true,"child_fine_cells":9,"nearest_station_id":"kr_370","nearest_station_idx":369}},{"type":"Feature","geometry":{"type":"Polygon","coordinates":[[[126.87324,37.54432],[126.88,37.54432],[126.88,37.55108],[126.87324,37.55108],[126.87324,37.54432]]]},"properties":{"row":11,"col":-1,"walk_min":9.1,"bucket":"5-10","color":"#3aa6a0","aggregate":true,"child_fine_cells":1,"nearest_station_id":"kr_073","nearest_station_idx":72}},{"type":"Feature","geometry":{"type":"Polygon","coordinates":[[[126.89351,37.57811],[126.90027,37.57811],[126.90027,37.58486],[126.89351,37.58486],[126.89351,37.57811]]]},"properties":{"row":16,"col":2,"walk_min":14.8,"bucket":"10-15","color":"#4caf50","aggregate":true,"child_fine_cells":9,"nearest_station_id":"kr_327","nearest_station_idx":326}},{"type":"Feature","geometry":{"type":"Polygon","coordinates":[[[126.97459,37.51054],[126.98135,37.51054],[126.98135,37.5173],[126.97459,37.5173],[126.97459,37.51054]]]},"properties":{"row":6,"col":14,"walk_min":16.5,"bucket":"15-20","color":"#c6d92e","aggregate":true,"child_fine_cells":6,"nearest_station_id":"kr_219","nearest_station_idx":218}},{"type":"Feature","geometry":{"type":"Polygon","coordinates":[[[127.05568,37.60514],[127.06243,37.60514],[127.06243,37.61189],[127.05568,37.61189],[127.05568,37.60514]]]},"properties":{"row":20,"col":26,"walk_min":13.7,"bucket":"10-15","color":"#4caf50","aggregate":true,"child_fine_cells":9,"nearest_station_id":"kr_165","nearest_station_idx":164}},{"type":"Feature","geometry":{"type":"Polygon","coordinates":[[[127.07595,37.52405],[127.0827,37.52405],[127.0827,37.53081],[127.07595,37.53081],[127.07595,37.52405]]]},"properties":{"row":8,"col":29,"walk_min":13.8,"bucket":"10-15","color":"#4caf50","aggregate":true,"child_fine_cells":6,"nearest_station_id":"kr_181","nearest_station_idx":180}},{"type":"Feature","geometry":{"type":"Polygon","coordinates":[[[126.90027,37.54432],[126.90703,37.54432],[126.90703,37.55108],[126.90027,37.55108],[126.90027,37.54432]]]},"properties":{"row":11,"col":3,"walk_min":12.7,"bucket":"10-15","color":"#4caf50","aggregate":true,"child_fine_cells":6,"nearest_station_id":"kr_211","nearest_station_idx":210}},{"type":"Feature","geometry":{"type":"Polygon","coordinates":[[[126.89351,37.55784],[126.90027,37.55784],[126.90027,37.56459],[126.89351,37.56459],[126.89351,37.55784]]]},"properties":{"row":13,"col":2,"walk_min":24.6,"bucket":"20-25","color":"#f2a134","aggregate":true,"child_fine_cells":9,"nearest_station_id":"kr_259","nearest_station_idx":258}},{"type":"Feature","geometry":{"type":"Polygon","coordinates":[[[126.94081,37.47],[126.94757,37.47],[126.94757,37.47676],[126.94081,37.47676],[126.94081,37.47]]]},"properties":{"row":0,"col":9,"walk_min":14.7,"bucket":"10-15","color":"#4caf50","aggregate":true,"child_fine_cells":7,"nearest_station_id":"kr_377","nearest_station_idx":376}},{"type":"Feature","geometry":{"type":"Polygon","coordinates":[[[127.04892,37.53081],[127.05568,37.53081],[127.05568,37.53757],[127.04892,37.53757],[127.04892,37.53081]]]},"properties":{"row":9,"col":25,"walk_min":12.0,"bucket":"10-15","color":"#4caf50","aggregate":true,"child_fine_cells":4,"nearest_station_id":"kr_186","nearest_station_idx":185}},{"type":"Feature","geometry":{"type":"Polygon","coordinates":[[[126.99486,37.55108],[127.00162,37.55108],[127.00162,37.55784],[126.99486,37.55784],[126.99486,37.55108]]]},"properties":{"row":12,"col":17,"walk_min":15.5,"bucket":"15-20","color":"#c6d92e","aggregate":true,"child_fine_cells":9,"nearest_station_id":"kr_030","nearest_station_idx":29}},{"type":"Feature","geometry":{"type":"Polygon","coordinates":[[[126.89351,37.47676],[126.90027,37.47676],[126.90027,37.48351],[126.89351,37.48351],[126.89351,37.47676]]]},"properties":{"row":1,"col":2,"walk_min":16.2,"bucket":"15-20","color":"#c6d92e","aggregate":true,"child_fine_cells":9,"nearest_station_id":"kr_288","nearest_station_idx":287}},{"type":"Feature","geometry":{"type":"Polygon","coordinates":[[[126.93405,37.47],[126.94081,37.47],[126.94081,37.47676],[126.93405,37.47676],[126.93405,37.47]]]},"properties":{"row":0,"col":8,"walk_min":14.3,"bucket":"10-15","color":"#4caf50","aggregate":true,"child_fine_cells":9,"nearest_station_id":"kr_377","nearest_station_idx":376}},{"type":"Feature","geometry":{"type":"Polygon","coordinates":[[[126.90027,37.47676],[126.90703,37.47676],[126.90703,37.48351],[126.90027,37.48351],[126.90027,37.47676]]]},"properties":{"row":1,"col":3,"walk_min":17.0,"bucket":"15-20","color":"#c6d92e","aggregate":true,"child_fine_cells":9,"nearest_station_id":"kr_288","nearest_station_idx":287}},{"type":"Feature","geometry":{"type":"Polygon","coordinates":[[[127.01514,37.60514],[127.02189,37.60514],[127.02189,37.61189],[127.01514,37.61189],[127.01514,37.60514]]]},"properties":{"row":20,"col":20,"walk_min":14.7,"bucket":"10-15","color":"#4caf50","aggregate":true,"child_fine_cells":9,"nearest_station_id":"kr_082","nearest_station_idx":81}},{"type":"Feature","geometry":{"type":"Polygon","coordinates":[[[127.07595,37.53081],[127.0827,37.53081],[127.0827,37.53757],[127.07595,37.53757],[127.07595,37.53081]]]},"properties":{"row":9,"col":29,"walk_min":13.8,"bucket":"10-15","color":"#4caf50","aggregate":true,"child_fine_cells":9,"nearest_station_id":"kr_210","nearest_station_idx":209}},{"type":"Feature","geometry":{"type":"Polygon","coordinates":[[[126.92054,37.58486],[126.9273,37.58486],[126.9273,37.59162],[126.92054,37.59162],[126.92054,37.58486]]]},"properties":{"row":17,"col":6,"walk_min":15.0,"bucket":"15-20","color":"#c6d92e","aggregate":true,"child_fine_cells":9,"nearest_station_id":"kr_340","nearest_station_idx":339}},{"type":"Feature","geometry":{"type":"Polygon","coordinates":[[[126.93405,37.57811],[126.94081,37.57811],[126.94081,37.58486],[126.93405,37.58486],[126.93405,37.57811]]]},"properties":{"row":16,"col":8,"walk_min":15.5,"bucket":"15-20","color":"#c6d92e","aggregate":true,"child_fine_cells":9,"nearest_station_id":"kr_110","nearest_station_idx":109}},{"type":"Feature","geometry":{"type":"Polygon","coordinates":[[[127.0827,37.54432],[127.08946,37.54432],[127.08946,37.55108],[127.0827,37.55108],[127.0827,37.54432]]]},"properties":{"row":11,"col":30,"walk_min":12.0,"bucket":"10-15","color":"#4caf50","aggregate":true,"child_fine_cells":2,"nearest_station_id":"kr_087","nearest_station_idx":86}},{"type":"Feature","geometry":{"type":"Polygon","coordinates":[[[126.94081,37.49027],[126.94757,37.49027],[126.94757,37.49703],[126.94081,37.49703],[126.94081,37.49027]]]},"properties":{"row":3,"col":9,"walk_min":12.8,"bucket":"10-15","color":"#4caf50","aggregate":true,"child_fine_cells":9,"nearest_station_id":"kr_213","nearest_station_idx":212}},{"type":"Feature","geometry":{"type":"Polygon","coordinates":[[[126.98811,37.58486],[126.99486,37.58486],[126.99486,37.59162],[126.98811,37.59162],[126.98811,37.58486]]]},"properties":{"row":17,"col":16,"walk_min":15.0,"bucket":"15-20","color":"#c6d92e","aggregate":true,"child_fine_cells":9,"nearest_station_id":"kr_057","nearest_station_idx":56}},{"type":"Feature","geometry":{"type":"Polygon","coordinates":[[[127.0827,37.51054],[127.08946,37.51054],[127.08946,37.5173],[127.0827,37.5173],[127.0827,37.51054]]]},"properties":{"row":6,"col":30,"walk_min":15.9,"bucket":"15-20","color":"#c6d92e","aggregate":true,"child_fine_cells":7,"nearest_station_id":"kr_157","nearest_station_idx":156}},{"type":"Feature","geometry":{"type":"Polygon","coordinates":[[[126.93405,37.49027],[126.94081,37.49027],[126.94081,37.49703],[126.93405,37.49703],[126.93405,37.49027]]]},"properties":{"row":3,"col":8,"walk_min":13.7,"bucket":"10-15","color":"#4caf50","aggregate":true,"child_fine_cells":9,"nearest_station_id":"kr_299","nearest_station_idx":298}},{"type":"Feature","geometry":{"type":"Polygon","coordinates":[[[126.88,37.53081],[126.88676,37.53081],[126.88676,37.53757],[126.88,37.53757],[126.88,37.53081]]]},"properties":{"row":9,"col":0,"walk_min":15.5,"bucket":"15-20","color":"#c6d92e","aggregate":true,"child_fine_cells":9,"nearest_station_id":"kr_314","nearest_station_idx":313}},{"type":"Feature","geometry":{"type":"Polygon","coordinates":[[[127.0827,37.60514],[127.08946,37.60514],[127.08946,37.61189],[127.0827,37.61189],[127.0827,37.60514]]]},"properties":{"row":20,"col":30,"walk_min":10.7,"bucket":"10-15","color":"#4caf50","aggregate":true,"child_fine_cells":1,"nearest_station_id":"kr_163","nearest_station_idx":162}},{"type":"Feature","geometry":{"type":"Polygon","coordinates":[[[127.04892,37.60514],[127.05568,37.60514],[127.05568,37.61189],[127.04892,37.61189],[127.04892,37.60514]]]},"properties":{"row":20,"col":25,"walk_min":14.7,"bucket":"10-15","color":"#4caf50","aggregate":true,"child_fine_cells":9,"nearest_station_id":"kr_165","nearest_station_idx":164}},{"type":"Feature","geometry":{"type":"Polygon","coordinates":[[[127.03541,37.49027],[127.04216,37.49027],[127.04216,37.49703],[127.03541,37.49703],[127.03541,37.49027]]]},"properties":{"row":3,"col":23,"walk_min":13.8,"bucket":"10-15","color":"#4caf50","aggregate":true,"child_fine_cells":9,"nearest_station_id":"kr_252","nearest_station_idx":251}},{"type":"Feature","geometry":{"type":"Polygon","coordinates":[[[126.89351,37.54432],[126.90027,37.54432],[126.90027,37.55108],[126.89351,37.55108],[126.89351,37.54432]]]},"properties":{"row":11,"col":2,"walk_min":12.1,"bucket":"10-15","color":"#4caf50","aggregate":true,"child_fine_cells":3,"nearest_station_id":"kr_387","nearest_station_idx":386}},{"type":"Feature","geometry":{"type":"Polygon","coordinates":[[[126.92054,37.53757],[126.9273,37.53757],[126.9273,37.54432],[126.92054,37.54432],[126.92054,37.53757]]]},"properties":{"row":10,"col":6,"walk_min":16.6,"bucket":"15-20","color":"#c6d92e","aggregate":true,"child_fine_cells":1,"nearest_station_id":"kr_184","nearest_station_idx":183}},{"type":"Feature","geometry":{"type":"Polygon","coordinates":[[[126.90027,37.59838],[126.90703,37.59838],[126.90703,37.60514],[126.90027,37.60514],[126.90027,37.59838]]]},"properties":{"row":19,"col":3,"walk_min":16.3,"bucket":"15-20","color":"#c6d92e","aggregate":true,"child_fine_cells":9,"nearest_station_id":"kr_318","nearest_station_idx":317}},{"type":"Feature","geometry":{"type":"Polygon","coordinates":[[[126.90703,37.57135],[126.91378,37.57135],[126.91378,37.57811],[126.90703,37.57811],[126.90703,37.57135]]]},"properties":{"row":15,"col":4,"walk_min":15.6,"bucket":"15-20","color":"#c6d92e","aggregate":true,"child_fine_cells":9,"nearest_station_id":"kr_327","nearest_station_idx":326}},{"type":"Feature","geometry":{"type":"Polygon","coordinates":[[[126.98135,37.58486],[126.98811,37.58486],[126.98811,37.59162],[126.98135,37.59162],[126.98135,37.58486]]]},"properties":{"row":17,"col":15,"walk_min":15.9,"bucket":"15-20","color":"#c6d92e","aggregate":true,"child_fine_cells":8,"nearest_station_id":"kr_022","nearest_station_idx":21}},{"type":"Feature","geometry":{"type":"Polygon","coordinates":[[[127.04892,37.47676],[127.05568,37.47676],[127.05568,37.48351],[127.04892,37.48351],[127.04892,37.47676]]]},"properties":{"row":1,"col":25,"walk_min":15.8,"bucket":"15-20","color":"#c6d92e","aggregate":true,"child_fine_cells":9,"nearest_station_id":"kr_250","nearest_station_idx":249}},{"type":"Feature","geometry":{"type":"Polygon","coordinates":[[[126.94757,37.56459],[126.95432,37.56459],[126.95432,37.57135],[126.94757,37.57135],[126.94757,37.56459]]]},"properties":{"row":14,"col":10,"walk_min":16.4,"bucket":"15-20","color":"#c6d92e","aggregate":true,"child_fine_cells":9,"nearest_station_id":"kr_083","nearest_station_idx":82}},{"type":"Feature","geometry":{"type":"Polygon","coordinates":[[[126.98135,37.54432],[126.98811,37.54432],[126.98811,37.55108],[126.98135,37.55108],[126.98135,37.54432]]]},"properties":{"row":11,"col":15,"walk_min":15.0,"bucket":"15-20","color":"#c6d92e","aggregate":true,"child_fine_cells":9,"nearest_station_id":"kr_242","nearest_station_idx":241}},{"type":"Feature","geometry":{"type":"Polygon","coordinates":[[[127.05568,37.47676],[127.06243,37.47676],[127.06243,37.48351],[127.05568,37.48351],[127.05568,37.47676]]]},"properties":{"row":1,"col":26,"walk_min":20.0,"bucket":"20-25","color":"#f2a134","aggregate":true,"child_fine_cells":7,"nearest_station_id":"kr_164","nearest_station_idx":163}},{"type":"Feature","geometry":{"type":"Polygon","coordinates":[[[127.03541,37.53757],[127.04216,37.53757],[127.04216,37.54432],[127.03541,37.54432],[127.03541,37.53757]]]},"properties":{"row":10,"col":23,"walk_min":17.6,"bucket":"15-20","color":"#c6d92e","aggregate":true,"child_fine_cells":8,"nearest_station_id":"kr_285","nearest_station_idx":284}},{"type":"Feature","geometry":{"type":"Polygon","coordinates":[[[127.04892,37.59838],[127.05568,37.59838],[127.05568,37.60514],[127.04892,37.60514],[127.04892,37.59838]]]},"properties":{"row":19,"col":25,"walk_min":18.2,"bucket":"15-20","color":"#c6d92e","aggregate":true,"child_fine_cells":8,"nearest_station_id":"kr_154","nearest_station_idx":153}},{"type":"Feature","geometry":{"type":"Polygon","coordinates":[[[127.06919,37.58486],[127.07595,37.58486],[127.07595,37.59162],[127.06919,37.59162],[127.06919,37.58486]]]},"properties":{"row":17,"col":28,"walk_min":17.3,"bucket":"15-20","color":"#c6d92e","aggregate":true,"child_fine_cells":9,"nearest_station_id":"kr_034","nearest_station_idx":33}},{"type":"Feature","geometry":{"type":"Polygon","coordinates":[[[126.96784,37.49027],[126.97459,37.49027],[126.97459,37.49703],[126.96784,37.49703],[126.96784,37.49027]]]},"properties":{"row":3,"col":13,"walk_min":17.8,"bucket":"15-20","color":"#c6d92e","aggregate":true,"child_fine_cells":9,"nearest_station_id":"kr_182","nearest_station_idx":181}},{"type":"Feature","geometry":{"type":"Polygon","coordinates":[[[126.9273,37.47],[126.93405,37.47],[126.93405,37.47676],[126.9273,37.47676],[126.9273,37.47]]]},"properties":{"row":0,"col":7,"walk_min":16.8,"bucket":"15-20","color":"#c6d92e","aggregate":true,"child_fine_cells":9,"nearest_station_id":"kr_375","nearest_station_idx":374}},{"type":"Feature","geometry":{"type":"Polygon","coordinates":[[[126.88676,37.54432],[126.89351,37.54432],[126.89351,37.55108],[126.88676,37.55108],[126.88676,37.54432]]]},"properties":{"row":11,"col":1,"walk_min":15.0,"bucket":"15-20","color":"#c6d92e","aggregate":true,"child_fine_cells":4,"nearest_station_id":"kr_417","nearest_station_idx":416}},{"type":"Feature","geometry":{"type":"Polygon","coordinates":[[[127.03541,37.53081],[127.04216,37.53081],[127.04216,37.53757],[127.03541,37.53757],[127.03541,37.53081]]]},"properties":{"row":9,"col":23,"walk_min":14.8,"bucket":"10-15","color":"#4caf50","aggregate":true,"child_fine_cells":3,"nearest_station_id":"kr_138","nearest_station_idx":137}},{"type":"Feature","geometry":{"type":"Polygon","coordinates":[[[126.91378,37.56459],[126.92054,37.56459],[126.92054,37.57135],[126.91378,37.57135],[126.91378,37.56459]]]},"properties":{"row":14,"col":5,"walk_min":16.2,"bucket":"15-20","color":"#c6d92e","aggregate":true,"child_fine_cells":9,"nearest_station_id":"kr_259","nearest_station_idx":258}},{"type":"Feature","geometry":{"type":"Polygon","coordinates":[[[126.89351,37.55108],[126.90027,37.55108],[126.90027,37.55784],[126.89351,37.55784],[126.89351,37.55108]]]},"properties":{"row":12,"col":2,"walk_min":15.0,"bucket":"15-20","color":"#c6d92e","aggregate":true,"child_fine_cells":5,"nearest_station_id":"kr_259","nearest_station_idx":258}},{"type":"Feature","geometry":{"type":"Polygon","coordinates":[[[127.08946,37.59838],[127.09622,37.59838],[127.09622,37.60514],[127.08946,37.60514],[127.08946,37.59838]]]},"properties":{"row":19,"col":31,"walk_min":12.1,"bucket":"10-15","color":"#4caf50","aggregate":true,"child_fine_cells":1,"nearest_station_id":"kr_141","nearest_station_idx":140}},{"type":"Feature","geometry":{"type":"Polygon","coordinates":[[[127.05568,37.52405],[127.06243,37.52405],[127.06243,37.53081],[127.05568,37.53081],[127.05568,37.52405]]]},"properties":{"row":8,"col":26,"walk_min":16.6,"bucket":"15-20","color":"#c6d92e","aggregate":true,"child_fine_cells":3,"nearest_station_id":"kr_181","nearest_station_idx":180}},{"type":"Feature","geometry":{"type":"Polygon","coordinates":[[[127.07595,37.5173],[127.0827,37.5173],[127.0827,37.52405],[127.07595,37.52405],[127.07595,37.5173]]]},"properties":{"row":7,"col":29,"walk_min":13.5,"bucket":"10-15","color":"#4caf50","aggregate":true,"child_fine_cells":2,"nearest_station_id":"kr_012","nearest_station_idx":11}},{"type":"Feature","geometry":{"type":"Polygon","coordinates":[[[127.0827,37.50378],[127.08946,37.50378],[127.08946,37.51054],[127.0827,37.51054],[127.0827,37.50378]]]},"properties":{"row":5,"col":30,"walk_min":15.7,"bucket":"15-20","color":"#c6d92e","aggregate":true,"child_fine_cells":4,"nearest_station_id":"kr_394","nearest_station_idx":393}},{"type":"Feature","geometry":{"type":"Polygon","coordinates":[[[126.90703,37.60514],[126.91378,37.60514],[126.91378,37.61189],[126.90703,37.61189],[126.90703,37.60514]]]},"properties":{"row":20,"col":4,"walk_min":15.6,"bucket":"15-20","color":"#c6d92e","aggregate":true,"child_fine_cells":9,"nearest_station_id":"kr_390","nearest_station_idx":389}},{"type":"Feature","geometry":{"type":"Polygon","coordinates":[[[126.92054,37.61189],[126.9273,37.61189],[126.9273,37.61865],[126.92054,37.61865],[126.92054,37.61189]]]},"properties":{"row":21,"col":6,"walk_min":14.8,"bucket":"10-15","color":"#4caf50","aggregate":true,"child_fine_cells":2,"nearest_station_id":"kr_134","nearest_station_idx":133}},{"type":"Feature","geometry":{"type":"Polygon","coordinates":[[[126.92054,37.56459],[126.9273,37.56459],[126.9273,37.57135],[126.92054,37.57135],[126.92054,37.56459]]]},"properties":{"row":14,"col":6,"walk_min":18.5,"bucket":"15-20","color":"#c6d92e","aggregate":true,"child_fine_cells":9,"nearest_station_id":"kr_368","nearest_station_idx":367}},{"type":"Feature","geometry":{"type":"Polygon","coordinates":[[[126.95432,37.5173],[126.96108,37.5173],[126.96108,37.52405],[126.95432,37.52405],[126.95432,37.5173]]]},"properties":{"row":7,"col":11,"walk_min":19.6,"bucket":"15-20","color":"#c6d92e","aggregate":true,"child_fine_cells":6,"nearest_station_id":"kr_399","nearest_station_idx":398}},{"type":"Feature","geometry":{"type":"Polygon","coordinates":[[[127.02865,37.54432],[127.03541,37.54432],[127.03541,37.55108],[127.02865,37.55108],[127.02865,37.54432]]]},"properties":{"row":11,"col":22,"walk_min":16.4,"bucket":"15-20","color":"#c6d92e","aggregate":true,"child_fine_cells":9,"nearest_station_id":"kr_296","nearest_station_idx":295}},{"type":"Feature","geometry":{"type":"Polygon","coordinates":[[[126.94081,37.5173],[126.94757,37.5173],[126.94757,37.52405],[126.94081,37.52405],[126.94081,37.5173]]]},"properties":{"row":7,"col":9,"walk_min":16.2,"bucket":"15-20","color":"#c6d92e","aggregate":true,"child_fine_cells":6,"nearest_station_id":"kr_004","nearest_station_idx":3}},{"type":"Feature","geometry":{"type":"Polygon","coordinates":[[[127.07595,37.56459],[127.0827,37.56459],[127.0827,37.57135],[127.07595,37.57135],[127.07595,37.56459]]]},"properties":{"row":14,"col":29,"walk_min":18.7,"bucket":"15-20","color":"#c6d92e","aggregate":true,"child_fine_cells":9,"nearest_station_id":"kr_098","nearest_station_idx":97}},{"type":"Feature","geometry":{"type":"Polygon","coordinates":[[[126.98135,37.5173],[126.98811,37.5173],[126.98811,37.52405],[126.98135,37.52405],[126.98135,37.5173]]]},"properties":{"row":7,"col":15,"walk_min":17.2,"bucket":"15-20","color":"#c6d92e","aggregate":true,"child_fine_cells":9,"nearest_station_id":"kr_219","nearest_station_idx":218}},{"type":"Feature","geometry":{"type":"Polygon","coordinates":[[[126.91378,37.57135],[126.92054,37.57135],[126.92054,37.57811],[126.91378,37.57811],[126.91378,37.57135]]]},"properties":{"row":15,"col":5,"walk_min":18.1,"bucket":"15-20","color":"#c6d92e","aggregate":true,"child_fine_cells":9,"nearest_station_id":"kr_339","nearest_station_idx":338}},{"type":"Feature","geometry":{"type":"Polygon","coordinates":[[[126.88676,37.57135],[126.89351,37.57135],[126.89351,37.57811],[126.88676,37.57811],[126.88676,37.57135]]]},"properties":{"row":15,"col":1,"walk_min":17.6,"bucket":"15-20","color":"#c6d92e","aggregate":true,"child_fine_cells":8,"nearest_station_id":"kr_293","nearest_station_idx":292}},{"type":"Feature","geometry":{"type":"Polygon","coordinates":[[[126.88676,37.57811],[126.89351,37.57811],[126.89351,37.58486],[126.88676,37.58486],[126.88676,37.57811]]]},"properties":{"row":16,"col":1,"walk_min":18.3,"bucket":"15-20","color":"#c6d92e","aggregate":true,"child_fine_cells":9,"nearest_station_id":"kr_327","nearest_station_idx":326}},{"type":"Feature","geometry":{"type":"Polygon","coordinates":[[[127.03541,37.54432],[127.04216,37.54432],[127.04216,37.55108],[127.03541,37.55108],[127.03541,37.54432]]]},"properties":{"row":11,"col":23,"walk_min":17.3,"bucket":"15-20","color":"#c6d92e","aggregate":true,"child_fine_cells":9,"nearest_station_id":"kr_285","nearest_station_idx":284}},{"type":"Feature","geometry":{"type":"Polygon","coordinates":[[[126.9273,37.56459],[126.93405,37.56459],[126.93405,37.57135],[126.9273,37.57135],[126.9273,37.56459]]]},"properties":{"row":14,"col":7,"walk_min":17.4,"bucket":"15-20","color":"#c6d92e","aggregate":true,"child_fine_cells":9,"nearest_station_id":"kr_368","nearest_station_idx":367}},{"type":"Feature","geometry":{"type":"Polygon","coordinates":[[[126.88676,37.47],[126.89351,37.47],[126.89351,37.47676],[126.88676,37.47676],[126.88676,37.47]]]},"properties":{"row":0,"col":1,"walk_min":17.3,"bucket":"15-20","color":"#c6d92e","aggregate":true,"child_fine_cells":9,"nearest_station_id":"kr_443","nearest_station_idx":442}},{"type":"Feature","geometry":{"type":"Polygon","coordinates":[[[127.02189,37.61189],[127.02865,37.61189],[127.02865,37.61865],[127.02189,37.61865],[127.02189,37.61189]]]},"properties":{"row":21,"col":21,"walk_min":15.5,"bucket":"15-20","color":"#c6d92e","aggregate":true,"child_fine_cells":3,"nearest_station_id":"kr_091","nearest_station_idx":90}},{"type":"Feature","geometry":{"type":"Polygon","coordinates":[[[126.92054,37.47],[126.9273,37.47],[126.9273,37.47676],[126.92054,37.47676],[126.92054,37.47]]]},"properties":{"row":0,"col":6,"walk_min":19.2,"bucket":"15-20","color":"#c6d92e","aggregate":true,"child_fine_cells":9,"nearest_station_id":"kr_375","nearest_station_idx":374}},{"type":"Feature","geometry":{"type":"Polygon","coordinates":[[[127.06243,37.57811],[127.06919,37.57811],[127.06919,37.58486],[127.06243,37.58486],[127.06243,37.57811]]]},"properties":{"row":16,"col":27,"walk_min":20.9,"bucket":"20-25","color":"#f2a134","aggregate":true,"child_fine_cells":9,"nearest_station_id":"kr_031","nearest_station_idx":30}},{"type":"Feature","geometry":{"type":"Polygon","coordinates":[[[126.99486,37.51054],[127.00162,37.51054],[127.00162,37.5173],[126.99486,37.5173],[126.99486,37.51054]]]},"properties":{"row":6,"col":17,"walk_min":18.5,"bucket":"15-20","color":"#c6d92e","aggregate":true,"child_fine_cells":6,"nearest_station_id":"kr_216","nearest_station_idx":215}},{"type":"Feature","geometry":{"type":"Polygon","coordinates":[[[126.94757,37.58486],[126.95432,37.58486],[126.95432,37.59162],[126.94757,37.59162],[126.94757,37.58486]]]},"properties":{"row":17,"col":10,"walk_min":27.2,"bucket":"25-30","color":"#e2492d","aggregate":true,"child_fine_cells":8,"nearest_station_id":"kr_075","nearest_station_idx":74}},{"type":"Feature","geometry":{"type":"Polygon","coordinates":[[[127.00838,37.53081],[127.01514,37.53081],[127.01514,37.53757],[127.00838,37.53757],[127.00838,37.53081]]]},"properties":{"row":9,"col":19,"walk_min":17.5,"bucket":"15-20","color":"#c6d92e","aggregate":true,"child_fine_cells":8,"nearest_station_id":"kr_059","nearest_station_idx":58}},{"type":"Feature","geometry":{"type":"Polygon","coordinates":[[[126.96784,37.58486],[126.97459,37.58486],[126.97459,37.59162],[126.96784,37.59162],[126.96784,37.58486]]]},"properties":{"row":17,"col":13,"walk_min":19.8,"bucket":"15-20","color":"#c6d92e","aggregate":true,"child_fine_cells":9,"nearest_station_id":"kr_058","nearest_station_idx":57}},{"type":"Feature","geometry":{"type":"Polygon","coordinates":[[[127.05568,37.57135],[127.06243,37.57135],[127.06243,37.57811],[127.05568,37.57811],[127.05568,37.57135]]]},"properties":{"row":15,"col":26,"walk_min":17.6,"bucket":"15-20","color":"#c6d92e","aggregate":true,"child_fine_cells":9,"nearest_station_id":"kr_099","nearest_station_idx":98}},{"type":"Feature","geometry":{"type":"Polygon","coordinates":[[[126.94081,37.56459],[126.94757,37.56459],[126.94757,37.57135],[126.94081,37.57135],[126.94081,37.56459]]]},"properties":{"row":14,"col":9,"walk_min":20.1,"bucket":"20-25","color":"#f2a134","aggregate":true,"child_fine_cells":9,"nearest_station_id":"kr_373","nearest_station_idx":372}},{"type":"Feature","geometry":{"type":"Polygon","coordinates":[[[126.94757,37.47],[126.95432,37.47],[126.95432,37.47676],[126.94757,37.47676],[126.94757,37.47]]]},"properties":{"row":0,"col":10,"walk_min":16.2,"bucket":"15-20","color":"#c6d92e","aggregate":true,"child_fine_cells":6,"nearest_station_id":"kr_370","nearest_station_idx":369}},{"type":"Feature","geometry":{"type":"Polygon","coordinates":[[[127.08946,37.60514],[127.09622,37.60514],[127.09622,37.61189],[127.08946,37.61189],[127.08946,37.60514]]]},"properties":{"row":20,"col":31,"walk_min":17.0,"bucket":"15-20","color":"#c6d92e","aggregate":true,"child_fine_cells":2,"nearest_station_id":"kr_354","nearest_station_idx":353}},{"type":"Feature","geometry":{"type":"Polygon","coordinates":[[[127.01514,37.47],[127.02189,37.47],[127.02189,37.47676],[127.01514,37.47676],[127.01514,37.47]]]},"properties":{"row":0,"col":20,"walk_min":19.5,"bucket":"15-20","color":"#c6d92e","aggregate":true,"child_fine_cells":8,"nearest_station_id":"kr_152","nearest_station_idx":151}},{"type":"Feature","geometry":{"type":"Polygon","coordinates":[[[127.04216,37.53081],[127.04892,37.53081],[127.04892,37.53757],[127.04216,37.53757],[127.04216,37.53081]]]},"properties":{"row":9,"col":24,"walk_min":15.0,"bucket":"15-20","color":"#c6d92e","aggregate":true,"child_fine_cells":2,"nearest_station_id":"kr_285","nearest_station_idx":284}},{"type":"Feature","geometry":{"type":"Polygon","coordinates":[[[126.89351,37.58486],[126.90027,37.58486],[126.90027,37.59162],[126.89351,37.59162],[126.89351,37.58486]]]},"properties":{"row":17,"col":2,"walk_min":17.6,"bucket":"15-20","color":"#c6d92e","aggregate":true,"child_fine_cells":9,"nearest_station_id":"kr_339","nearest_station_idx":338}},{"type":"Feature","geometry":{"type":"Polygon","coordinates":[[[126.97459,37.58486],[126.98135,37.58486],[126.98135,37.59162],[126.97459,37.59162],[126.97459,37.58486]]]},"properties":{"row":17,"col":14,"walk_min":18.8,"bucket":"15-20","color":"#c6d92e","aggregate":true,"child_fine_cells":8,"nearest_station_id":"kr_058","nearest_station_idx":57}},{"type":"Feature","geometry":{"type":"Polygon","coordinates":[[[126.92054,37.57811],[126.9273,37.57811],[126.9273,37.58486],[126.92054,37.58486],[126.92054,37.57811]]]},"properties":{"row":16,"col":6,"walk_min":17.9,"bucket":"15-20","color":"#c6d92e","aggregate":true,"child_fine_cells":9,"nearest_station_id":"kr_339","nearest_station_idx":338}},{"type":"Feature","geometry":{"type":"Polygon","coordinates":[[[127.00162,37.59838],[127.00838,37.59838],[127.00838,37.60514],[127.00162,37.60514],[127.00162,37.59838]]]},"properties":{"row":19,"col":18,"walk_min":20.7,"bucket":"20-25","color":"#f2a134","aggregate":true,"child_fine_cells":9,"nearest_station_id":"kr_160","nearest_station_idx":159}},{"type":"Feature","geometry":{"type":"Polygon","coordinates":[[[127.06243,37.47676],[127.06919,37.47676],[127.06919,37.48351],[127.06243,37.48351],[127.06243,37.47676]]]},"properties":{"row":1,"col":27,"walk_min":22.3,"bucket":"20-25","color":"#f2a134","aggregate":true,"child_fine_cells":6,"nearest_station_id":"kr_164","nearest_station_idx":163}},{"type":"Feature","geometry":{"type":"Polygon","coordinates":[[[127.0827,37.53081],[127.08946,37.53081],[127.08946,37.53757],[127.0827,37.53757],[127.0827,37.53081]]]},"properties":{"row":9,"col":30,"walk_min":21.2,"bucket":"20-25","color":"#f2a134","aggregate":true,"child_fine_cells":3,"nearest_station_id":"kr_210","nearest_station_idx":209}},{"type":"Feature","geometry":{"type":"Polygon","coordinates":[[[127.02865,37.47],[127.03541,37.47],[127.03541,37.47676],[127.02865,37.47676],[127.02865,37.47]]]},"properties":{"row":0,"col":22,"walk_min":19.9,"bucket":"15-20","color":"#c6d92e","aggregate":true,"child_fine_cells":9,"nearest_station_id":"kr_038","nearest_station_idx":37}},{"type":"Feature","geometry":{"type":"Polygon","coordinates":[[[127.06919,37.57135],[127.07595,37.57135],[127.07595,37.57811],[127.06919,37.57811],[127.06919,37.57135]]]},"properties":{"row":15,"col":28,"walk_min":20.3,"bucket":"20-25","color":"#f2a134","aggregate":true,"child_fine_cells":9,"nearest_station_id":"kr_111","nearest_station_idx":110}},{"type":"Feature","geometry":{"type":"Polygon","coordinates":[[[126.98811,37.47],[126.99486,37.47],[126.99486,37.47676],[126.98811,37.47676],[126.98811,37.47]]]},"properties":{"row":0,"col":16,"walk_min":19.5,"bucket":"15-20","color":"#c6d92e","aggregate":true,"child_fine_cells":5,"nearest_station_id":"kr_247","nearest_station_idx":246}},{"type":"Feature","geometry":{"type":"Polygon","coordinates":[[[127.00838,37.47],[127.01514,37.47],[127.01514,37.47676],[127.00838,37.47676],[127.00838,37.47]]]},"properties":{"row":0,"col":19,"walk_min":19.5,"bucket":"15-20","color":"#c6d92e","aggregate":true,"child_fine_cells":7,"nearest_station_id":"kr_152","nearest_station_idx":151}},{"type":"Feature","geometry":{"type":"Polygon","coordinates":[[[127.06243,37.52405],[127.06919,37.52405],[127.06919,37.53081],[127.06243,37.53081],[127.06243,37.52405]]]},"properties":{"row":8,"col":27,"walk_min":19.1,"bucket":"15-20","color":"#c6d92e","aggregate":true,"child_fine_cells":4,"nearest_station_id":"kr_181","nearest_station_idx":180}},{"type":"Feature","geometry":{"type":"Polygon","coordinates":[[[126.93405,37.56459],[126.94081,37.56459],[126.94081,37.57135],[126.93405,37.57135],[126.93405,37.56459]]]},"properties":{"row":14,"col":8,"walk_min":19.9,"bucket":"15-20","color":"#c6d92e","aggregate":true,"child_fine_cells":9,"nearest_station_id":"kr_376","nearest_station_idx":375}},{"type":"Feature","geometry":{"type":"Polygon","coordinates":[[[126.9273,37.58486],[126.93405,37.58486],[126.93405,37.59162],[126.9273,37.59162],[126.9273,37.58486]]]},"properties":{"row":17,"col":7,"walk_min":19.2,"bucket":"15-20","color":"#c6d92e","aggregate":true,"child_fine_cells":9,"nearest_station_id":"kr_110","nearest_station_idx":109}},{"type":"Feature","geometry":{"type":"Polygon","coordinates":[[[127.06919,37.5173],[127.07595,37.5173],[127.07595,37.52405],[127.06919,37.52405],[127.06919,37.5173]]]},"properties":{"row":7,"col":28,"walk_min":18.5,"bucket":"15-20","color":"#c6d92e","aggregate":true,"child_fine_cells":3,"nearest_station_id":"kr_012","nearest_station_idx":11}},{"type":"Feature","geometry":{"type":"Polygon","coordinates":[[[127.00162,37.52405],[127.00838,37.52405],[127.00838,37.53081],[127.00162,37.53081],[127.00162,37.52405]]]},"properties":{"row":8,"col":18,"walk_min":17.3,"bucket":"15-20","color":"#c6d92e","aggregate":true,"child_fine_cells":5,"nearest_station_id":"kr_320","nearest_station_idx":319}},{"type":"Feature","geometry":{"type":"Polygon","coordinates":[[[127.02865,37.61189],[127.03541,37.61189],[127.03541,37.61865],[127.02865,37.61865],[127.02865,37.61189]]]},"properties":{"row":21,"col":22,"walk_min":16.2,"bucket":"15-20","color":"#c6d92e","aggregate":true,"child_fine_cells":1,"nearest_station_id":"kr_091","nearest_station_idx":90}},{"type":"Feature","geometry":{"type":"Polygon","coordinates":[[[126.92054,37.57135],[126.9273,37.57135],[126.9273,37.57811],[126.92054,37.57811],[126.92054,37.57135]]]},"properties":{"row":15,"col":6,"walk_min":21.2,"bucket":"20-25","color":"#f2a134","aggregate":true,"child_fine_cells":9,"nearest_station_id":"kr_339","nearest_station_idx":338}},{"type":"Feature","geometry":{"type":"Polygon","coordinates":[[[127.05568,37.61189],[127.06243,37.61189],[127.06243,37.61865],[127.05568,37.61865],[127.05568,37.61189]]]},"properties":{"row":21,"col":26,"walk_min":19.2,"bucket":"15-20","color":"#c6d92e","aggregate":true,"child_fine_cells":3,"nearest_station_id":"kr_165","nearest_station_idx":164}},{"type":"Feature","geometry":{"type":"Polygon","coordinates":[[[126.98135,37.51054],[126.98811,37.51054],[126.98811,37.5173],[126.98135,37.5173],[126.98135,37.51054]]]},"properties":{"row":6,"col":15,"walk_min":21.6,"bucket":"20-25","color":"#f2a134","aggregate":true,"child_fine_cells":5,"nearest_station_id":"kr_003","nearest_station_idx":2}},{"type":"Feature","geometry":{"type":"Polygon","coordinates":[[[127.0827,37.53757],[127.08946,37.53757],[127.08946,37.54432],[127.0827,37.54432],[127.0827,37.53757]]]},"properties":{"row":10,"col":30,"walk_min":16.5,"bucket":"15-20","color":"#c6d92e","aggregate":true,"child_fine_cells":1,"nearest_station_id":"kr_210","nearest_station_idx":209}},{"type":"Feature","geometry":{"type":"Polygon","coordinates":[[[126.98811,37.59162],[126.99486,37.59162],[126.99486,37.59838],[126.98811,37.59838],[126.98811,37.59162]]]},"properties":{"row":18,"col":16,"walk_min":19.7,"bucket":"15-20","color":"#c6d92e","aggregate":true,"child_fine_cells":9,"nearest_station_id":"kr_061","nearest_station_idx":60}},{"type":"Feature","geometry":{"type":"Polygon","coordinates":[[[127.06243,37.57135],[127.06919,37.57135],[127.06919,37.57811],[127.06243,37.57811],[127.06243,37.57135]]]},"properties":{"row":15,"col":27,"walk_min":20.8,"bucket":"20-25","color":"#f2a134","aggregate":true,"child_fine_cells":9,"nearest_station_id":"kr_099","nearest_station_idx":98}},{"type":"Feature","geometry":{"type":"Polygon","coordinates":[[[126.98811,37.54432],[126.99486,37.54432],[126.99486,37.55108],[126.98811,37.55108],[126.98811,37.54432]]]},"properties":{"row":11,"col":16,"walk_min":20.7,"bucket":"20-25","color":"#f2a134","aggregate":true,"child_fine_cells":9,"nearest_station_id":"kr_334","nearest_station_idx":333}},{"type":"Feature","geometry":{"type":"Polygon","coordinates":[[[126.96108,37.58486],[126.96784,37.58486],[126.96784,37.59162],[126.96108,37.59162],[126.96108,37.58486]]]},"properties":{"row":17,"col":12,"walk_min":23.9,"bucket":"20-25","color":"#f2a134","aggregate":true,"child_fine_cells":9,"nearest_station_id":"kr_067","nearest_station_idx":66}},{"type":"Feature","geometry":{"type":"Polygon","coordinates":[[[126.87324,37.53081],[126.88,37.53081],[126.88,37.53757],[126.87324,37.53757],[126.87324,37.53081]]]},"properties":{"row":9,"col":-1,"walk_min":19.7,"bucket":"15-20","color":"#c6d92e","aggregate":true,"child_fine_cells":4,"nearest_station_id":"kr_366","nearest_station_idx":365}},{"type":"Feature","geometry":{"type":"Polygon","coordinates":[[[127.06919,37.47676],[127.07595,37.47676],[127.07595,37.48351],[127.06919,37.48351],[127.06919,37.47676]]]},"properties":{"row":1,"col":28,"walk_min":42.9,"bucket":">30","color":"#a01818","aggregate":true,"child_fine_cells":7,"nearest_station_id":"kr_298","nearest_station_idx":297}},{"type":"Feature","geometry":{"type":"Polygon","coordinates":[[[126.89351,37.59838],[126.90027,37.59838],[126.90027,37.60514],[126.89351,37.60514],[126.89351,37.59838]]]},"properties":{"row":19,"col":2,"walk_min":35.2,"bucket":">30","color":"#a01818","aggregate":true,"child_fine_cells":9,"nearest_station_id":"kr_318","nearest_station_idx":317}},{"type":"Feature","geometry":{"type":"Polygon","coordinates":[[[127.04216,37.61189],[127.04892,37.61189],[127.04892,37.61865],[127.04216,37.61865],[127.04216,37.61189]]]},"properties":{"row":21,"col":24,"walk_min":17.8,"bucket":"15-20","color":"#c6d92e","aggregate":true,"child_fine_cells":1,"nearest_station_id":"kr_154","nearest_station_idx":153}},{"type":"Feature","geometry":{"type":"Polygon","coordinates":[[[126.89351,37.59162],[126.90027,37.59162],[126.90027,37.59838],[126.89351,37.59838],[126.89351,37.59162]]]},"properties":{"row":18,"col":2,"walk_min":25.0,"bucket":"25-30","color":"#e2492d","aggregate":true,"child_fine_cells":6,"nearest_station_id":"kr_340","nearest_station_idx":339}},{"type":"Feature","geometry":{"type":"Polygon","coordinates":[[[126.91378,37.47],[126.92054,37.47],[126.92054,37.47676],[126.91378,37.47676],[126.91378,37.47]]]},"properties":{"row":0,"col":5,"walk_min":21.6,"bucket":"20-25","color":"#f2a134","aggregate":true,"child_fine_cells":9,"nearest_station_id":"kr_336","nearest_station_idx":335}},{"type":"Feature","geometry":{"type":"Polygon","coordinates":[[[126.90027,37.60514],[126.90703,37.60514],[126.90703,37.61189],[126.90027,37.61189],[126.90027,37.60514]]]},"properties":{"row":20,"col":3,"walk_min":21.6,"bucket":"20-25","color":"#f2a134","aggregate":true,"child_fine_cells":7,"nearest_station_id":"kr_390","nearest_station_idx":389}},{"type":"Feature","geometry":{"type":"Polygon","coordinates":[[[126.91378,37.61189],[126.92054,37.61189],[126.92054,37.61865],[126.91378,37.61865],[126.91378,37.61189]]]},"properties":{"row":21,"col":5,"walk_min":17.2,"bucket":"15-20","color":"#c6d92e","aggregate":true,"child_fine_cells":1,"nearest_station_id":"kr_390","nearest_station_idx":389}},{"type":"Feature","geometry":{"type":"Polygon","coordinates":[[[127.00838,37.52405],[127.01514,37.52405],[127.01514,37.53081],[127.00838,37.53081],[127.00838,37.52405]]]},"properties":{"row":8,"col":19,"walk_min":20.1,"bucket":"20-25","color":"#f2a134","aggregate":true,"child_fine_cells":5,"nearest_station_id":"kr_056","nearest_station_idx":55}},{"type":"Feature","geometry":{"type":"Polygon","coordinates":[[[126.89351,37.47],[126.90027,37.47],[126.90027,37.47676],[126.89351,37.47676],[126.89351,37.47]]]},"properties":{"row":0,"col":2,"walk_min":22.8,"bucket":"20-25","color":"#f2a134","aggregate":true,"child_fine_cells":9,"nearest_station_id":"kr_443","nearest_station_idx":442}},{"type":"Feature","geometry":{"type":"Polygon","coordinates":[[[127.07595,37.58486],[127.0827,37.58486],[127.0827,37.59162],[127.07595,37.59162],[127.07595,37.58486]]]},"properties":{"row":17,"col":29,"walk_min":22.4,"bucket":"20-25","color":"#f2a134","aggregate":true,"child_fine_cells":7,"nearest_station_id":"kr_124","nearest_station_idx":123}},{"type":"Feature","geometry":{"type":"Polygon","coordinates":[[[127.0827,37.52405],[127.08946,37.52405],[127.08946,37.53081],[127.0827,37.53081],[127.0827,37.52405]]]},"properties":{"row":8,"col":30,"walk_min":21.9,"bucket":"20-25","color":"#f2a134","aggregate":true,"child_fine_cells":5,"nearest_station_id":"kr_210","nearest_station_idx":209}},{"type":"Feature","geometry":{"type":"Polygon","coordinates":[[[127.03541,37.61189],[127.04216,37.61189],[127.04216,37.61865],[127.03541,37.61865],[127.03541,37.61189]]]},"properties":{"row":21,"col":23,"walk_min":18.3,"bucket":"15-20","color":"#c6d92e","aggregate":true,"child_fine_cells":2,"nearest_station_id":"kr_091","nearest_station_idx":90}},{"type":"Feature","geometry":{"type":"Polygon","coordinates":[[[126.99486,37.59838],[127.00162,37.59838],[127.00162,37.60514],[126.99486,37.60514],[126.99486,37.59838]]]},"properties":{"row":19,"col":17,"walk_min":23.8,"bucket":"20-25","color":"#f2a134","aggregate":true,"child_fine_cells":9,"nearest_station_id":"kr_061","nearest_station_idx":60}},{"type":"Feature","geometry":{"type":"Polygon","coordinates":[[[126.99486,37.5173],[127.00162,37.5173],[127.00162,37.52405],[126.99486,37.52405],[126.99486,37.5173]]]},"properties":{"row":7,"col":17,"walk_min":21.4,"bucket":"20-25","color":"#f2a134","aggregate":true,"child_fine_cells":6,"nearest_station_id":"kr_216","nearest_station_idx":215}},{"type":"Feature","geometry":{"type":"Polygon","coordinates":[[[126.9273,37.57811],[126.93405,37.57811],[126.93405,37.58486],[126.9273,37.58486],[126.9273,37.57811]]]},"properties":{"row":16,"col":7,"walk_min":22.8,"bucket":"20-25","color":"#f2a134","aggregate":true,"child_fine_cells":9,"nearest_station_id":"kr_110","nearest_station_idx":109}},{"type":"Feature","geometry":{"type":"Polygon","coordinates":[[[126.94081,37.57135],[126.94757,37.57135],[126.94757,37.57811],[126.94081,37.57811],[126.94081,37.57135]]]},"properties":{"row":15,"col":9,"walk_min":21.7,"bucket":"20-25","color":"#f2a134","aggregate":true,"child_fine_cells":9,"nearest_station_id":"kr_096","nearest_station_idx":95}},{"type":"Feature","geometry":{"type":"Polygon","coordinates":[[[126.95432,37.58486],[126.96108,37.58486],[126.96108,37.59162],[126.95432,37.59162],[126.95432,37.58486]]]},"properties":{"row":17,"col":11,"walk_min":25.5,"bucket":"25-30","color":"#e2492d","aggregate":true,"child_fine_cells":9,"nearest_station_id":"kr_067","nearest_station_idx":66}},{"type":"Feature","geometry":{"type":"Polygon","coordinates":[[[126.90703,37.47],[126.91378,37.47],[126.91378,37.47676],[126.90703,37.47676],[126.90703,37.47]]]},"properties":{"row":0,"col":4,"walk_min":23.7,"bucket":"20-25","color":"#f2a134","aggregate":true,"child_fine_cells":9,"nearest_station_id":"kr_288","nearest_station_idx":287}},{"type":"Feature","geometry":{"type":"Polygon","coordinates":[[[127.0827,37.56459],[127.08946,37.56459],[127.08946,37.57135],[127.0827,37.57135],[127.0827,37.56459]]]},"properties":{"row":14,"col":30,"walk_min":19.5,"bucket":"15-20","color":"#c6d92e","aggregate":true,"child_fine_cells":2,"nearest_station_id":"kr_098","nearest_station_idx":97}},{"type":"Feature","geometry":{"type":"Polygon","coordinates":[[[127.04892,37.61189],[127.05568,37.61189],[127.05568,37.61865],[127.04892,37.61865],[127.04892,37.61189]]]},"properties":{"row":21,"col":25,"walk_min":20.0,"bucket":"20-25","color":"#f2a134","aggregate":true,"child_fine_cells":2,"nearest_station_id":"kr_165","nearest_station_idx":164}},{"type":"Feature","geometry":{"type":"Polygon","coordinates":[[[127.06919,37.57811],[127.07595,37.57811],[127.07595,37.58486],[127.06919,37.58486],[127.06919,37.57811]]]},"properties":{"row":16,"col":28,"walk_min":23.7,"bucket":"20-25","color":"#f2a134","aggregate":true,"child_fine_cells":9,"nearest_station_id":"kr_120","nearest_station_idx":119}},{"type":"Feature","geometry":{"type":"Polygon","coordinates":[[[126.98811,37.51054],[126.99486,37.51054],[126.99486,37.5173],[126.98811,37.5173],[126.98811,37.51054]]]},"properties":{"row":6,"col":16,"walk_min":23.0,"bucket":"20-25","color":"#f2a134","aggregate":true,"child_fine_cells":3,"nearest_station_id":"kr_403","nearest_station_idx":402}},{"type":"Feature","geometry":{"type":"Polygon","coordinates":[[[126.90703,37.61189],[126.91378,37.61189],[126.91378,37.61865],[126.90703,37.61865],[126.90703,37.61189]]]},"properties":{"row":21,"col":4,"walk_min":20.7,"bucket":"20-25","color":"#f2a134","aggregate":true,"child_fine_cells":2,"nearest_station_id":"kr_390","nearest_station_idx":389}},{"type":"Feature","geometry":{"type":"Polygon","coordinates":[[[126.98811,37.59838],[126.99486,37.59838],[126.99486,37.60514],[126.98811,37.60514],[126.98811,37.59838]]]},"properties":{"row":19,"col":16,"walk_min":26.8,"bucket":"25-30","color":"#e2492d","aggregate":true,"child_fine_cells":8,"nearest_station_id":"kr_061","nearest_station_idx":60}},{"type":"Feature","geometry":{"type":"Polygon","coordinates":[[[126.94757,37.52405],[126.95432,37.52405],[126.95432,37.53081],[126.94757,37.53081],[126.94757,37.52405]]]},"properties":{"row":8,"col":10,"walk_min":20.8,"bucket":"20-25","color":"#f2a134","aggregate":true,"child_fine_cells":3,"nearest_station_id":"kr_397","nearest_station_idx":396}},{"type":"Feature","geometry":{"type":"Polygon","coordinates":[[[126.87324,37.50378],[126.88,37.50378],[126.88,37.51054],[126.87324,37.51054],[126.87324,37.50378]]]},"properties":{"row":5,"col":-1,"walk_min":20.7,"bucket":"20-25","color":"#f2a134","aggregate":true,"child_fine_cells":3,"nearest_station_id":"kr_019","nearest_station_idx":18}},{"type":"Feature","geometry":{"type":"Polygon","coordinates":[[[126.88676,37.46324],[126.89351,37.46324],[126.89351,37.47],[126.88676,37.47],[126.88676,37.46324]]]},"properties":{"row":-1,"col":1,"walk_min":23.7,"bucket":"20-25","color":"#f2a134","aggregate":true,"child_fine_cells":2,"nearest_station_id":"kr_443","nearest_station_idx":442}},{"type":"Feature","geometry":{"type":"Polygon","coordinates":[[[127.02189,37.47],[127.02865,37.47],[127.02865,37.47676],[127.02189,37.47676],[127.02189,37.47]]]},"properties":{"row":0,"col":21,"walk_min":24.5,"bucket":"20-25","color":"#f2a134","aggregate":true,"child_fine_cells":9,"nearest_station_id":"kr_038","nearest_station_idx":37}},{"type":"Feature","geometry":{"type":"Polygon","coordinates":[[[127.06919,37.61189],[127.07595,37.61189],[127.07595,37.61865],[127.06919,37.61865],[127.06919,37.61189]]]},"properties":{"row":21,"col":28,"walk_min":24.4,"bucket":"20-25","color":"#f2a134","aggregate":true,"child_fine_cells":5,"nearest_station_id":"kr_097","nearest_station_idx":96}},{"type":"Feature","geometry":{"type":"Polygon","coordinates":[[[126.88,37.57135],[126.88676,37.57135],[126.88676,37.57811],[126.88,37.57811],[126.88,37.57135]]]},"properties":{"row":15,"col":0,"walk_min":38.3,"bucket":">30","color":"#a01818","aggregate":true,"child_fine_cells":8,"nearest_station_id":"kr_293","nearest_station_idx":292}},{"type":"Feature","geometry":{"type":"Polygon","coordinates":[[[126.90027,37.47],[126.90703,37.47],[126.90703,37.47676],[126.90027,37.47676],[126.90027,37.47]]]},"properties":{"row":0,"col":3,"walk_min":26.0,"bucket":"25-30","color":"#e2492d","aggregate":true,"child_fine_cells":9,"nearest_station_id":"kr_288","nearest_station_idx":287}},{"type":"Feature","geometry":{"type":"Polygon","coordinates":[[[126.98811,37.5173],[126.99486,37.5173],[126.99486,37.52405],[126.98811,37.52405],[126.98811,37.5173]]]},"properties":{"row":7,"col":16,"walk_min":24.0,"bucket":"20-25","color":"#f2a134","aggregate":true,"child_fine_cells":9,"nearest_station_id":"kr_320","nearest_station_idx":319}},{"type":"Feature","geometry":{"type":"Polygon","coordinates":[[[127.02865,37.53757],[127.03541,37.53757],[127.03541,37.54432],[127.02865,37.54432],[127.02865,37.53757]]]},"properties":{"row":10,"col":22,"walk_min":26.5,"bucket":"25-30","color":"#e2492d","aggregate":true,"child_fine_cells":7,"nearest_station_id":"kr_059","nearest_station_idx":58}},{"type":"Feature","geometry":{"type":"Polygon","coordinates":[[[127.08946,37.50378],[127.09622,37.50378],[127.09622,37.51054],[127.08946,37.51054],[127.08946,37.50378]]]},"properties":{"row":5,"col":31,"walk_min":21.7,"bucket":"20-25","color":"#f2a134","aggregate":true,"child_fine_cells":1,"nearest_station_id":"kr_394","nearest_station_idx":393}},{"type":"Feature","geometry":{"type":"Polygon","coordinates":[[[126.93405,37.57135],[126.94081,37.57135],[126.94081,37.57811],[126.93405,37.57811],[126.93405,37.57135]]]},"properties":{"row":15,"col":8,"walk_min":24.2,"bucket":"20-25","color":"#f2a134","aggregate":true,"child_fine_cells":9,"nearest_station_id":"kr_096","nearest_station_idx":95}},{"type":"Feature","geometry":{"type":"Polygon","coordinates":[[[127.04216,37.47],[127.04892,37.47],[127.04892,37.47676],[127.04216,37.47676],[127.04216,37.47]]]},"properties":{"row":0,"col":24,"walk_min":26.1,"bucket":"25-30","color":"#e2492d","aggregate":true,"child_fine_cells":9,"nearest_station_id":"kr_038","nearest_station_idx":37}},{"type":"Feature","geometry":{"type":"Polygon","coordinates":[[[127.00838,37.60514],[127.01514,37.60514],[127.01514,37.61189],[127.00838,37.61189],[127.00838,37.60514]]]},"properties":{"row":20,"col":19,"walk_min":25.2,"bucket":"25-30","color":"#e2492d","aggregate":true,"child_fine_cells":9,"nearest_station_id":"kr_082","nearest_station_idx":81}},{"type":"Feature","geometry":{"type":"Polygon","coordinates":[[[127.04892,37.47],[127.05568,37.47],[127.05568,37.47676],[127.04892,37.47676],[127.04892,37.47]]]},"properties":{"row":0,"col":25,"walk_min":26.4,"bucket":"25-30","color":"#e2492d","aggregate":true,"child_fine_cells":9,"nearest_station_id":"kr_038","nearest_station_idx":37}},{"type":"Feature","geometry":{"type":"Polygon","coordinates":[[[126.97459,37.46324],[126.98135,37.46324],[126.98135,37.47],[126.97459,37.47],[126.97459,37.46324]]]},"properties":{"row":-1,"col":14,"walk_min":23.7,"bucket":"20-25","color":"#f2a134","aggregate":true,"child_fine_cells":2,"nearest_station_id":"kr_247","nearest_station_idx":246}},{"type":"Feature","geometry":{"type":"Polygon","coordinates":[[[127.07595,37.57135],[127.0827,37.57135],[127.0827,37.57811],[127.07595,37.57811],[127.07595,37.57135]]]},"properties":{"row":15,"col":29,"walk_min":28.0,"bucket":"25-30","color":"#e2492d","aggregate":true,"child_fine_cells":7,"nearest_station_id":"kr_111","nearest_station_idx":110}},{"type":"Feature","geometry":{"type":"Polygon","coordinates":[[[126.88,37.57811],[126.88676,37.57811],[126.88676,37.58486],[126.88,37.58486],[126.88,37.57811]]]},"properties":{"row":16,"col":0,"walk_min":25.4,"bucket":"25-30","color":"#e2492d","aggregate":true,"child_fine_cells":9,"nearest_station_id":"kr_327","nearest_station_idx":326}},{"type":"Feature","geometry":{"type":"Polygon","coordinates":[[[127.08946,37.49703],[127.09622,37.49703],[127.09622,37.50378],[127.08946,37.50378],[127.08946,37.49703]]]},"properties":{"row":4,"col":31,"walk_min":26.2,"bucket":"25-30","color":"#e2492d","aggregate":true,"child_fine_cells":2,"nearest_station_id":"kr_408","nearest_station_idx":407}},{"type":"Feature","geometry":{"type":"Polygon","coordinates":[[[127.0827,37.57135],[127.08946,37.57135],[127.08946,37.57811],[127.0827,37.57811],[127.0827,37.57135]]]},"properties":{"row":15,"col":30,"walk_min":22.7,"bucket":"20-25","color":"#f2a134","aggregate":true,"child_fine_cells":1,"nearest_station_id":"kr_111","nearest_station_idx":110}},{"type":"Feature","geometry":{"type":"Polygon","coordinates":[[[126.9273,37.57135],[126.93405,37.57135],[126.93405,37.57811],[126.9273,37.57811],[126.9273,37.57135]]]},"properties":{"row":15,"col":7,"walk_min":25.0,"bucket":"25-30","color":"#e2492d","aggregate":true,"child_fine_cells":9,"nearest_station_id":"kr_096","nearest_station_idx":95}},{"type":"Feature","geometry":{"type":"Polygon","coordinates":[[[126.88676,37.58486],[126.89351,37.58486],[126.89351,37.59162],[126.88676,37.59162],[126.88676,37.58486]]]},"properties":{"row":17,"col":1,"walk_min":26.5,"bucket":"25-30","color":"#e2492d","aggregate":true,"child_fine_cells":9,"nearest_station_id":"kr_327","nearest_station_idx":326}},{"type":"Feature","geometry":{"type":"Polygon","coordinates":[[[127.08946,37.51054],[127.09622,37.51054],[127.09622,37.5173],[127.08946,37.5173],[127.08946,37.51054]]]},"properties":{"row":6,"col":31,"walk_min":23.7,"bucket":"20-25","color":"#f2a134","aggregate":true,"child_fine_cells":1,"nearest_station_id":"kr_178","nearest_station_idx":177}},{"type":"Feature","geometry":{"type":"Polygon","coordinates":[[[127.0827,37.5173],[127.08946,37.5173],[127.08946,37.52405],[127.0827,37.52405],[127.0827,37.5173]]]},"properties":{"row":7,"col":30,"walk_min":24.3,"bucket":"20-25","color":"#f2a134","aggregate":true,"child_fine_cells":2,"nearest_station_id":"kr_157","nearest_station_idx":156}},{"type":"Feature","geometry":{"type":"Polygon","coordinates":[[[126.94081,37.59838],[126.94757,37.59838],[126.94757,37.60514],[126.94081,37.60514],[126.94081,37.59838]]]},"properties":{"row":19,"col":9,"walk_min":33.5,"bucket":">30","color":"#a01818","aggregate":true,"child_fine_cells":9,"nearest_station_id":"kr_080","nearest_station_idx":79}},{"type":"Feature","geometry":{"type":"Polygon","coordinates":[[[126.95432,37.46324],[126.96108,37.46324],[126.96108,37.47],[126.95432,37.47],[126.95432,37.46324]]]},"properties":{"row":-1,"col":11,"walk_min":25.4,"bucket":"25-30","color":"#e2492d","aggregate":true,"child_fine_cells":2,"nearest_station_id":"kr_319","nearest_station_idx":318}},{"type":"Feature","geometry":{"type":"Polygon","coordinates":[[[126.94081,37.60514],[126.94757,37.60514],[126.94757,37.61189],[126.94081,37.61189],[126.94081,37.60514]]]},"properties":{"row":20,"col":9,"walk_min":28.7,"bucket":"25-30","color":"#e2492d","aggregate":true,"child_fine_cells":6,"nearest_station_id":"kr_080","nearest_station_idx":79}},{"type":"Feature","geometry":{"type":"Polygon","coordinates":[[[126.9273,37.46324],[126.93405,37.46324],[126.93405,37.47],[126.9273,37.47],[126.9273,37.46324]]]},"properties":{"row":-1,"col":7,"walk_min":29.3,"bucket":"25-30","color":"#e2492d","aggregate":true,"child_fine_cells":5,"nearest_station_id":"kr_375","nearest_station_idx":374}},{"type":"Feature","geometry":{"type":"Polygon","coordinates":[[[126.93405,37.46324],[126.94081,37.46324],[126.94081,37.47],[126.93405,37.47],[126.93405,37.46324]]]},"properties":{"row":-1,"col":8,"walk_min":25.7,"bucket":"25-30","color":"#e2492d","aggregate":true,"child_fine_cells":5,"nearest_station_id":"kr_377","nearest_station_idx":376}},{"type":"Feature","geometry":{"type":"Polygon","coordinates":[[[126.89351,37.60514],[126.90027,37.60514],[126.90027,37.61189],[126.89351,37.61189],[126.89351,37.60514]]]},"properties":{"row":20,"col":2,"walk_min":37.1,"bucket":">30","color":"#a01818","aggregate":true,"child_fine_cells":7,"nearest_station_id":"kr_390","nearest_station_idx":389}},{"type":"Feature","geometry":{"type":"Polygon","coordinates":[[[126.98135,37.59162],[126.98811,37.59162],[126.98811,37.59838],[126.98135,37.59838],[126.98135,37.59162]]]},"properties":{"row":18,"col":15,"walk_min":27.2,"bucket":"25-30","color":"#e2492d","aggregate":true,"child_fine_cells":9,"nearest_station_id":"kr_022","nearest_station_idx":21}},{"type":"Feature","geometry":{"type":"Polygon","coordinates":[[[126.88676,37.56459],[126.89351,37.56459],[126.89351,37.57135],[126.88676,37.57135],[126.88676,37.56459]]]},"properties":{"row":14,"col":1,"walk_min":31.5,"bucket":">30","color":"#a01818","aggregate":true,"child_fine_cells":9,"nearest_station_id":"kr_293","nearest_station_idx":292}},{"type":"Feature","geometry":{"type":"Polygon","coordinates":[[[126.87324,37.52405],[126.88,37.52405],[126.88,37.53081],[126.87324,37.53081],[126.87324,37.52405]]]},"properties":{"row":8,"col":-1,"walk_min":25.6,"bucket":"25-30","color":"#e2492d","aggregate":true,"child_fine_cells":1,"nearest_station_id":"kr_366","nearest_station_idx":365}},{"type":"Feature","geometry":{"type":"Polygon","coordinates":[[[126.94757,37.5173],[126.95432,37.5173],[126.95432,37.52405],[126.94757,37.52405],[126.94757,37.5173]]]},"properties":{"row":7,"col":10,"walk_min":26.9,"bucket":"25-30","color":"#e2492d","aggregate":true,"child_fine_cells":2,"nearest_station_id":"kr_399","nearest_station_idx":398}},{"type":"Feature","geometry":{"type":"Polygon","coordinates":[[[126.97459,37.59162],[126.98135,37.59162],[126.98135,37.59838],[126.97459,37.59838],[126.97459,37.59162]]]},"properties":{"row":18,"col":14,"walk_min":31.3,"bucket":">30","color":"#a01818","aggregate":true,"child_fine_cells":9,"nearest_station_id":"kr_022","nearest_station_idx":21}},{"type":"Feature","geometry":{"type":"Polygon","coordinates":[[[126.88,37.58486],[126.88676,37.58486],[126.88676,37.59162],[126.88,37.59162],[126.88,37.58486]]]},"properties":{"row":17,"col":0,"walk_min":37.2,"bucket":">30","color":"#a01818","aggregate":true,"child_fine_cells":9,"nearest_station_id":"kr_327","nearest_station_idx":326}},{"type":"Feature","geometry":{"type":"Polygon","coordinates":[[[127.06243,37.47],[127.06919,37.47],[127.06919,37.47676],[127.06243,37.47676],[127.06243,37.47]]]},"properties":{"row":0,"col":27,"walk_min":35.0,"bucket":">30","color":"#a01818","aggregate":true,"child_fine_cells":8,"nearest_station_id":"kr_298","nearest_station_idx":297}},{"type":"Feature","geometry":{"type":"Polygon","coordinates":[[[127.05568,37.47],[127.06243,37.47],[127.06243,37.47676],[127.05568,37.47676],[127.05568,37.47]]]},"properties":{"row":0,"col":26,"walk_min":33.1,"bucket":">30","color":"#a01818","aggregate":true,"child_fine_cells":9,"nearest_station_id":"kr_250","nearest_station_idx":249}},{"type":"Feature","geometry":{"type":"Polygon","coordinates":[[[127.07595,37.57811],[127.0827,37.57811],[127.0827,37.58486],[127.07595,37.58486],[127.07595,37.57811]]]},"properties":{"row":16,"col":29,"walk_min":30.4,"bucket":">30","color":"#a01818","aggregate":true,"child_fine_cells":9,"nearest_station_id":"kr_120","nearest_station_idx":119}},{"type":"Feature","geometry":{"type":"Polygon","coordinates":[[[126.96784,37.59162],[126.97459,37.59162],[126.97459,37.59838],[126.96784,37.59838],[126.96784,37.59162]]]},"properties":{"row":18,"col":13,"walk_min":34.6,"bucket":">30","color":"#a01818","aggregate":true,"child_fine_cells":9,"nearest_station_id":"kr_058","nearest_station_idx":57}},{"type":"Feature","geometry":{"type":"Polygon","coordinates":[[[126.88676,37.59162],[126.89351,37.59162],[126.89351,37.59838],[126.88676,37.59838],[126.88676,37.59162]]]},"properties":{"row":18,"col":1,"walk_min":31.7,"bucket":">30","color":"#a01818","aggregate":true,"child_fine_cells":9,"nearest_station_id":"kr_340","nearest_station_idx":339}},{"type":"Feature","geometry":{"type":"Polygon","coordinates":[[[127.08946,37.5173],[127.09622,37.5173],[127.09622,37.52405],[127.08946,37.52405],[127.08946,37.5173]]]},"properties":{"row":7,"col":31,"walk_min":30.2,"bucket":">30","color":"#a01818","aggregate":true,"child_fine_cells":3,"nearest_station_id":"kr_191","nearest_station_idx":190}},{"type":"Feature","geometry":{"type":"Polygon","coordinates":[[[127.06243,37.61189],[127.06919,37.61189],[127.06919,37.61865],[127.06243,37.61865],[127.06243,37.61189]]]},"properties":{"row":21,"col":27,"walk_min":27.6,"bucket":"25-30","color":"#e2492d","aggregate":true,"child_fine_cells":2,"nearest_station_id":"kr_039","nearest_station_idx":38}},{"type":"Feature","geometry":{"type":"Polygon","coordinates":[[[126.96108,37.59162],[126.96784,37.59162],[126.96784,37.59838],[126.96108,37.59838],[126.96108,37.59162]]]},"properties":{"row":18,"col":12,"walk_min":34.5,"bucket":">30","color":"#a01818","aggregate":true,"child_fine_cells":9,"nearest_station_id":"kr_067","nearest_station_idx":66}},{"type":"Feature","geometry":{"type":"Polygon","coordinates":[[[127.06919,37.47],[127.07595,37.47],[127.07595,37.47676],[127.06919,37.47676],[127.06919,37.47]]]},"properties":{"row":0,"col":28,"walk_min":35.3,"bucket":">30","color":"#a01818","aggregate":true,"child_fine_cells":8,"nearest_station_id":"kr_298","nearest_station_idx":297}},{"type":"Feature","geometry":{"type":"Polygon","coordinates":[[[127.09622,37.49703],[127.10297,37.49703],[127.10297,37.50378],[127.09622,37.50378],[127.09622,37.49703]]]},"properties":{"row":4,"col":32,"walk_min":29.6,"bucket":"25-30","color":"#e2492d","aggregate":true,"child_fine_cells":1,"nearest_station_id":"kr_408","nearest_station_idx":407}},{"type":"Feature","geometry":{"type":"Polygon","coordinates":[[[126.98135,37.59838],[126.98811,37.59838],[126.98811,37.60514],[126.98135,37.60514],[126.98135,37.59838]]]},"properties":{"row":19,"col":15,"walk_min":43.6,"bucket":">30","color":"#a01818","aggregate":true,"child_fine_cells":9,"nearest_station_id":"kr_061","nearest_station_idx":60}},{"type":"Feature","geometry":{"type":"Polygon","coordinates":[[[126.99486,37.60514],[127.00162,37.60514],[127.00162,37.61189],[126.99486,37.61189],[126.99486,37.60514]]]},"properties":{"row":20,"col":17,"walk_min":35.7,"bucket":">30","color":"#a01818","aggregate":true,"child_fine_cells":8,"nearest_station_id":"kr_061","nearest_station_idx":60}},{"type":"Feature","geometry":{"type":"Polygon","coordinates":[[[127.00162,37.5173],[127.00838,37.5173],[127.00838,37.52405],[127.00162,37.52405],[127.00162,37.5173]]]},"properties":{"row":7,"col":18,"walk_min":30.8,"bucket":">30","color":"#a01818","aggregate":true,"child_fine_cells":2,"nearest_station_id":"kr_216","nearest_station_idx":215}},{"type":"Feature","geometry":{"type":"Polygon","coordinates":[[[126.90027,37.61189],[126.90703,37.61189],[126.90703,37.61865],[126.90027,37.61865],[126.90027,37.61189]]]},"properties":{"row":21,"col":3,"walk_min":35.3,"bucket":">30","color":"#a01818","aggregate":true,"child_fine_cells":4,"nearest_station_id":"kr_390","nearest_station_idx":389}},{"type":"Feature","geometry":{"type":"Polygon","coordinates":[[[126.91378,37.46324],[126.92054,37.46324],[126.92054,37.47],[126.91378,37.47],[126.91378,37.46324]]]},"properties":{"row":-1,"col":5,"walk_min":33.8,"bucket":">30","color":"#a01818","aggregate":true,"child_fine_cells":4,"nearest_station_id":"kr_375","nearest_station_idx":374}},{"type":"Feature","geometry":{"type":"Polygon","coordinates":[[[127.02865,37.46324],[127.03541,37.46324],[127.03541,37.47],[127.02865,37.47],[127.02865,37.46324]]]},"properties":{"row":-1,"col":22,"walk_min":31.5,"bucket":">30","color":"#a01818","aggregate":true,"child_fine_cells":1,"nearest_station_id":"kr_038","nearest_station_idx":37}},{"type":"Feature","geometry":{"type":"Polygon","coordinates":[[[126.92054,37.46324],[126.9273,37.46324],[126.9273,37.47],[126.92054,37.47],[126.92054,37.46324]]]},"properties":{"row":-1,"col":6,"walk_min":40.5,"bucket":">30","color":"#a01818","aggregate":true,"child_fine_cells":5,"nearest_station_id":"kr_375","nearest_station_idx":374}},{"type":"Feature","geometry":{"type":"Polygon","coordinates":[[[126.95432,37.59162],[126.96108,37.59162],[126.96108,37.59838],[126.95432,37.59838],[126.95432,37.59162]]]},"properties":{"row":18,"col":11,"walk_min":36.5,"bucket":">30","color":"#a01818","aggregate":true,"child_fine_cells":8,"nearest_station_id":"kr_075","nearest_station_idx":74}},{"type":"Feature","geometry":{"type":"Polygon","coordinates":[[[127.02189,37.46324],[127.02865,37.46324],[127.02865,37.47],[127.02189,37.47],[127.02189,37.46324]]]},"properties":{"row":-1,"col":21,"walk_min":33.1,"bucket":">30","color":"#a01818","aggregate":true,"child_fine_cells":2,"nearest_station_id":"kr_038","nearest_station_idx":37}},{"type":"Feature","geometry":{"type":"Polygon","coordinates":[[[126.89351,37.61189],[126.90027,37.61189],[126.90027,37.61865],[126.89351,37.61865],[126.89351,37.61189]]]},"properties":{"row":21,"col":2,"walk_min":31.9,"bucket":">30","color":"#a01818","aggregate":true,"child_fine_cells":1,"nearest_station_id":"kr_390","nearest_station_idx":389}},{"type":"Feature","geometry":{"type":"Polygon","coordinates":[[[126.88676,37.55784],[126.89351,37.55784],[126.89351,37.56459],[126.88676,37.56459],[126.88676,37.55784]]]},"properties":{"row":13,"col":1,"walk_min":38.9,"bucket":">30","color":"#a01818","aggregate":true,"child_fine_cells":9,"nearest_station_id":"kr_259","nearest_station_idx":258}},{"type":"Feature","geometry":{"type":"Polygon","coordinates":[[[127.0827,37.57811],[127.08946,37.57811],[127.08946,37.58486],[127.0827,37.58486],[127.0827,37.57811]]]},"properties":{"row":16,"col":30,"walk_min":38.9,"bucket":">30","color":"#a01818","aggregate":true,"child_fine_cells":5,"nearest_station_id":"kr_120","nearest_station_idx":119}},{"type":"Feature","geometry":{"type":"Polygon","coordinates":[[[126.88676,37.59838],[126.89351,37.59838],[126.89351,37.60514],[126.88676,37.60514],[126.88676,37.59838]]]},"properties":{"row":19,"col":1,"walk_min":36.8,"bucket":">30","color":"#a01818","aggregate":true,"child_fine_cells":7,"nearest_station_id":"kr_318","nearest_station_idx":317}},{"type":"Feature","geometry":{"type":"Polygon","coordinates":[[[127.00162,37.60514],[127.00838,37.60514],[127.00838,37.61189],[127.00162,37.61189],[127.00162,37.60514]]]},"properties":{"row":20,"col":18,"walk_min":36.3,"bucket":">30","color":"#a01818","aggregate":true,"child_fine_cells":8,"nearest_station_id":"kr_082","nearest_station_idx":81}},{"type":"Feature","geometry":{"type":"Polygon","coordinates":[[[126.9273,37.45649],[126.93405,37.45649],[126.93405,37.46324],[126.9273,37.46324],[126.9273,37.45649]]]},"properties":{"row":-2,"col":7,"walk_min":38.3,"bucket":">30","color":"#a01818","aggregate":true,"child_fine_cells":5,"nearest_station_id":"kr_377","nearest_station_idx":376}},{"type":"Feature","geometry":{"type":"Polygon","coordinates":[[[126.90027,37.46324],[126.90703,37.46324],[126.90703,37.47],[126.90027,37.47],[126.90027,37.46324]]]},"properties":{"row":-1,"col":3,"walk_min":35.6,"bucket":">30","color":"#a01818","aggregate":true,"child_fine_cells":1,"nearest_station_id":"kr_443","nearest_station_idx":442}},{"type":"Feature","geometry":{"type":"Polygon","coordinates":[[[126.94757,37.59162],[126.95432,37.59162],[126.95432,37.59838],[126.94757,37.59838],[126.94757,37.59162]]]},"properties":{"row":18,"col":10,"walk_min":40.0,"bucket":">30","color":"#a01818","aggregate":true,"child_fine_cells":9,"nearest_station_id":"kr_075","nearest_station_idx":74}},{"type":"Feature","geometry":{"type":"Polygon","coordinates":[[[126.96784,37.49703],[126.97459,37.49703],[126.97459,37.50378],[126.96784,37.50378],[126.96784,37.49703]]]},"properties":{"row":4,"col":13,"walk_min":36.9,"bucket":">30","color":"#a01818","aggregate":true,"child_fine_cells":9,"nearest_station_id":"kr_003","nearest_station_idx":2}},{"type":"Feature","geometry":{"type":"Polygon","coordinates":[[[126.94757,37.59838],[126.95432,37.59838],[126.95432,37.60514],[126.94757,37.60514],[126.94757,37.59838]]]},"properties":{"row":19,"col":10,"walk_min":44.8,"bucket":">30","color":"#a01818","aggregate":true,"child_fine_cells":9,"nearest_station_id":"kr_080","nearest_station_idx":79}},{"type":"Feature","geometry":{"type":"Polygon","coordinates":[[[126.90703,37.46324],[126.91378,37.46324],[126.91378,37.47],[126.90703,37.47],[126.90703,37.46324]]]},"properties":{"row":-1,"col":4,"walk_min":35.5,"bucket":">30","color":"#a01818","aggregate":true,"child_fine_cells":1,"nearest_station_id":"kr_443","nearest_station_idx":442}},{"type":"Feature","geometry":{"type":"Polygon","coordinates":[[[126.88,37.59162],[126.88676,37.59162],[126.88676,37.59838],[126.88,37.59838],[126.88,37.59162]]]},"properties":{"row":18,"col":0,"walk_min":43.4,"bucket":">30","color":"#a01818","aggregate":true,"child_fine_cells":9,"nearest_station_id":"kr_327","nearest_station_idx":326}},{"type":"Feature","geometry":{"type":"Polygon","coordinates":[[[126.94757,37.60514],[126.95432,37.60514],[126.95432,37.61189],[126.94757,37.61189],[126.94757,37.60514]]]},"properties":{"row":20,"col":10,"walk_min":42.8,"bucket":">30","color":"#a01818","aggregate":true,"child_fine_cells":8,"nearest_station_id":"kr_080","nearest_station_idx":79}},{"type":"Feature","geometry":{"type":"Polygon","coordinates":[[[126.88,37.56459],[126.88676,37.56459],[126.88676,37.57135],[126.88,37.57135],[126.88,37.56459]]]},"properties":{"row":14,"col":0,"walk_min":45.4,"bucket":">30","color":"#a01818","aggregate":true,"child_fine_cells":9,"nearest_station_id":"kr_293","nearest_station_idx":292}},{"type":"Feature","geometry":{"type":"Polygon","coordinates":[[[126.98811,37.60514],[126.99486,37.60514],[126.99486,37.61189],[126.98811,37.61189],[126.98811,37.60514]]]},"properties":{"row":20,"col":16,"walk_min":45.6,"bucket":">30","color":"#a01818","aggregate":true,"child_fine_cells":9,"nearest_station_id":"kr_061","nearest_station_idx":60}},{"type":"Feature","geometry":{"type":"Polygon","coordinates":[[[126.98135,37.60514],[126.98811,37.60514],[126.98811,37.61189],[126.98135,37.61189],[126.98135,37.60514]]]},"properties":{"row":20,"col":15,"walk_min":48.9,"bucket":">30","color":"#a01818","aggregate":true,"child_fine_cells":6,"nearest_station_id":"kr_061","nearest_station_idx":60}},{"type":"Feature","geometry":{"type":"Polygon","coordinates":[[[126.97459,37.59838],[126.98135,37.59838],[126.98135,37.60514],[126.97459,37.60514],[126.97459,37.59838]]]},"properties":{"row":19,"col":14,"walk_min":47.7,"bucket":">30","color":"#a01818","aggregate":true,"child_fine_cells":9,"nearest_station_id":"kr_022","nearest_station_idx":21}},{"type":"Feature","geometry":{"type":"Polygon","coordinates":[[[126.91378,37.45649],[126.92054,37.45649],[126.92054,37.46324],[126.91378,37.46324],[126.91378,37.45649]]]},"properties":{"row":-2,"col":5,"walk_min":40.8,"bucket":">30","color":"#a01818","aggregate":true,"child_fine_cells":1,"nearest_station_id":"kr_239","nearest_station_idx":238}},{"type":"Feature","geometry":{"type":"Polygon","coordinates":[[[127.07595,37.47],[127.0827,37.47],[127.0827,37.47676],[127.07595,37.47676],[127.07595,37.47]]]},"properties":{"row":0,"col":29,"walk_min":43.4,"bucket":">30","color":"#a01818","aggregate":true,"child_fine_cells":4,"nearest_station_id":"kr_298","nearest_station_idx":297}},{"type":"Feature","geometry":{"type":"Polygon","coordinates":[[[127.00162,37.61189],[127.00838,37.61189],[127.00838,37.61865],[127.00162,37.61865],[127.00162,37.61189]]]},"properties":{"row":21,"col":18,"walk_min":41.8,"bucket":">30","color":"#a01818","aggregate":true,"child_fine_cells":2,"nearest_station_id":"kr_082","nearest_station_idx":81}},{"type":"Feature","geometry":{"type":"Polygon","coordinates":[[[126.96784,37.59838],[126.97459,37.59838],[126.97459,37.60514],[126.96784,37.60514],[126.96784,37.59838]]]},"properties":{"row":19,"col":13,"walk_min":46.8,"bucket":">30","color":"#a01818","aggregate":true,"child_fine_cells":9,"nearest_station_id":"kr_075","nearest_station_idx":74}},{"type":"Feature","geometry":{"type":"Polygon","coordinates":[[[126.90027,37.61865],[126.90703,37.61865],[126.90703,37.62541],[126.90027,37.62541],[126.90027,37.61865]]]},"properties":{"row":22,"col":3,"walk_min":41.3,"bucket":">30","color":"#a01818","aggregate":true,"child_fine_cells":1,"nearest_station_id":"kr_134","nearest_station_idx":133}},{"type":"Feature","geometry":{"type":"Polygon","coordinates":[[[126.95432,37.59838],[126.96108,37.59838],[126.96108,37.60514],[126.95432,37.60514],[126.95432,37.59838]]]},"properties":{"row":19,"col":11,"walk_min":51.8,"bucket":">30","color":"#a01818","aggregate":true,"child_fine_cells":9,"nearest_station_id":"kr_075","nearest_station_idx":74}},{"type":"Feature","geometry":{"type":"Polygon","coordinates":[[[127.04892,37.46324],[127.05568,37.46324],[127.05568,37.47],[127.04892,37.47],[127.04892,37.46324]]]},"properties":{"row":-1,"col":25,"walk_min":42.9,"bucket":">30","color":"#a01818","aggregate":true,"child_fine_cells":1,"nearest_station_id":"kr_038","nearest_station_idx":37}},{"type":"Feature","geometry":{"type":"Polygon","coordinates":[[[126.88676,37.60514],[126.89351,37.60514],[126.89351,37.61189],[126.88676,37.61189],[126.88676,37.60514]]]},"properties":{"row":20,"col":1,"walk_min":47.1,"bucket":">30","color":"#a01818","aggregate":true,"child_fine_cells":4,"nearest_station_id":"kr_390","nearest_station_idx":389}},{"type":"Feature","geometry":{"type":"Polygon","coordinates":[[[126.96108,37.59838],[126.96784,37.59838],[126.96784,37.60514],[126.96108,37.60514],[126.96108,37.59838]]]},"properties":{"row":19,"col":12,"walk_min":49.2,"bucket":">30","color":"#a01818","aggregate":true,"child_fine_cells":9,"nearest_station_id":"kr_075","nearest_station_idx":74}},{"type":"Feature","geometry":{"type":"Polygon","coordinates":[[[126.92054,37.45649],[126.9273,37.45649],[126.9273,37.46324],[126.92054,37.46324],[126.92054,37.45649]]]},"properties":{"row":-2,"col":6,"walk_min":47.2,"bucket":">30","color":"#a01818","aggregate":true,"child_fine_cells":4,"nearest_station_id":"kr_239","nearest_station_idx":238}},{"type":"Feature","geometry":{"type":"Polygon","coordinates":[[[126.88,37.59838],[126.88676,37.59838],[126.88676,37.60514],[126.88,37.60514],[126.88,37.59838]]]},"properties":{"row":19,"col":0,"walk_min":48.9,"bucket":">30","color":"#a01818","aggregate":true,"child_fine_cells":5,"nearest_station_id":"kr_318","nearest_station_idx":317}},{"type":"Feature","geometry":{"type":"Polygon","coordinates":[[[126.88,37.55784],[126.88676,37.55784],[126.88676,37.56459],[126.88,37.56459],[126.88,37.55784]]]},"properties":{"row":13,"col":0,"walk_min":48.1,"bucket":">30","color":"#a01818","aggregate":true,"child_fine_cells":5,"nearest_station_id":"kr_293","nearest_station_idx":292}},{"type":"Feature","geometry":{"type":"Polygon","coordinates":[[[126.95432,37.60514],[126.96108,37.60514],[126.96108,37.61189],[126.95432,37.61189],[126.95432,37.60514]]]},"properties":{"row":20,"col":11,"walk_min":51.5,"bucket":">30","color":"#a01818","aggregate":true,"child_fine_cells":9,"nearest_station_id":"kr_080","nearest_station_idx":79}},{"type":"Feature","geometry":{"type":"Polygon","coordinates":[[[126.94757,37.61189],[126.95432,37.61189],[126.95432,37.61865],[126.94757,37.61865],[126.94757,37.61189]]]},"properties":{"row":21,"col":10,"walk_min":50.9,"bucket":">30","color":"#a01818","aggregate":true,"child_fine_cells":3,"nearest_station_id":"kr_409","nearest_station_idx":408}},{"type":"Feature","geometry":{"type":"Polygon","coordinates":[[[127.07595,37.47676],[127.0827,37.47676],[127.0827,37.48351],[127.07595,37.48351],[127.07595,37.47676]]]},"properties":{"row":1,"col":29,"walk_min":53.2,"bucket":">30","color":"#a01818","aggregate":true,"child_fine_cells":8,"nearest_station_id":"kr_298","nearest_station_idx":297}},{"type":"Feature","geometry":{"type":"Polygon","coordinates":[[[127.0827,37.47],[127.08946,37.47],[127.08946,37.47676],[127.0827,37.47676],[127.0827,37.47]]]},"properties":{"row":0,"col":30,"walk_min":50.8,"bucket":">30","color":"#a01818","aggregate":true,"child_fine_cells":2,"nearest_station_id":"kr_298","nearest_station_idx":297}},{"type":"Feature","geometry":{"type":"Polygon","coordinates":[[[126.88676,37.61189],[126.89351,37.61189],[126.89351,37.61865],[126.88676,37.61865],[126.88676,37.61189]]]},"properties":{"row":21,"col":1,"walk_min":53.1,"bucket":">30","color":"#a01818","aggregate":true,"child_fine_cells":1,"nearest_station_id":"kr_390","nearest_station_idx":389}},{"type":"Feature","geometry":{"type":"Polygon","coordinates":[[[126.87324,37.57811],[126.88,37.57811],[126.88,37.58486],[126.87324,37.58486],[126.87324,37.57811]]]},"properties":{"row":16,"col":-1,"walk_min":56.2,"bucket":">30","color":"#a01818","aggregate":true,"child_fine_cells":3,"nearest_station_id":"kr_327","nearest_station_idx":326}},{"type":"Feature","geometry":{"type":"Polygon","coordinates":[[[126.95432,37.61189],[126.96108,37.61189],[126.96108,37.61865],[126.95432,37.61865],[126.95432,37.61189]]]},"properties":{"row":21,"col":11,"walk_min":55.1,"bucket":">30","color":"#a01818","aggregate":true,"child_fine_cells":2,"nearest_station_id":"kr_409","nearest_station_idx":408}},{"type":"Feature","geometry":{"type":"Polygon","coordinates":[[[126.97459,37.60514],[126.98135,37.60514],[126.98135,37.61189],[126.97459,37.61189],[126.97459,37.60514]]]},"properties":{"row":20,"col":14,"walk_min":60.3,"bucket":">30","color":"#a01818","aggregate":true,"child_fine_cells":6,"nearest_station_id":"kr_061","nearest_station_idx":60}},{"type":"Feature","geometry":{"type":"Polygon","coordinates":[[[126.87324,37.59162],[126.88,37.59162],[126.88,37.59838],[126.87324,37.59838],[126.87324,37.59162]]]},"properties":{"row":18,"col":-1,"walk_min":54.9,"bucket":">30","color":"#a01818","aggregate":true,"child_fine_cells":1,"nearest_station_id":"kr_327","nearest_station_idx":326}},{"type":"Feature","geometry":{"type":"Polygon","coordinates":[[[126.96784,37.60514],[126.97459,37.60514],[126.97459,37.61189],[126.96784,37.61189],[126.96784,37.60514]]]},"properties":{"row":20,"col":13,"walk_min":63.9,"bucket":">30","color":"#a01818","aggregate":true,"child_fine_cells":8,"nearest_station_id":"kr_080","nearest_station_idx":79}},{"type":"Feature","geometry":{"type":"Polygon","coordinates":[[[126.96108,37.60514],[126.96784,37.60514],[126.96784,37.61189],[126.96108,37.61189],[126.96108,37.60514]]]},"properties":{"row":20,"col":12,"walk_min":61.6,"bucket":">30","color":"#a01818","aggregate":true,"child_fine_cells":9,"nearest_station_id":"kr_080","nearest_station_idx":79}},{"type":"Feature","geometry":{"type":"Polygon","coordinates":[[[126.98811,37.61189],[126.99486,37.61189],[126.99486,37.61865],[126.98811,37.61865],[126.98811,37.61189]]]},"properties":{"row":21,"col":16,"walk_min":57.0,"bucket":">30","color":"#a01818","aggregate":true,"child_fine_cells":2,"nearest_station_id":"kr_082","nearest_station_idx":81}},{"type":"Feature","geometry":{"type":"Polygon","coordinates":[[[126.87324,37.56459],[126.88,37.56459],[126.88,37.57135],[126.87324,37.57135],[126.87324,37.56459]]]},"properties":{"row":14,"col":-1,"walk_min":58.2,"bucket":">30","color":"#a01818","aggregate":true,"child_fine_cells":3,"nearest_station_id":"kr_419","nearest_station_idx":418}},{"type":"Feature","geometry":{"type":"Polygon","coordinates":[[[126.94757,37.61865],[126.95432,37.61865],[126.95432,37.62541],[126.94757,37.62541],[126.94757,37.61865]]]},"properties":{"row":22,"col":10,"walk_min":57.4,"bucket":">30","color":"#a01818","aggregate":true,"child_fine_cells":1,"nearest_station_id":"kr_409","nearest_station_idx":408}},{"type":"Feature","geometry":{"type":"Polygon","coordinates":[[[127.0827,37.47676],[127.08946,37.47676],[127.08946,37.48351],[127.0827,37.48351],[127.0827,37.47676]]]},"properties":{"row":1,"col":30,"walk_min":61.6,"bucket":">30","color":"#a01818","aggregate":true,"child_fine_cells":3,"nearest_station_id":"kr_298","nearest_station_idx":297}},{"type":"Feature","geometry":{"type":"Polygon","coordinates":[[[126.87324,37.57135],[126.88,37.57135],[126.88,37.57811],[126.87324,37.57811],[126.87324,37.57135]]]},"properties":{"row":15,"col":-1,"walk_min":63.4,"bucket":">30","color":"#a01818","aggregate":true,"child_fine_cells":4,"nearest_station_id":"kr_293","nearest_station_idx":292}},{"type":"Feature","geometry":{"type":"Polygon","coordinates":[[[126.98135,37.61189],[126.98811,37.61189],[126.98811,37.61865],[126.98135,37.61865],[126.98135,37.61189]]]},"properties":{"row":21,"col":15,"walk_min":59.4,"bucket":">30","color":"#a01818","aggregate":true,"child_fine_cells":1,"nearest_station_id":"kr_061","nearest_station_idx":60}},{"type":"Feature","geometry":{"type":"Polygon","coordinates":[[[126.86649,37.57135],[126.87324,37.57135],[126.87324,37.57811],[126.86649,37.57811],[126.86649,37.57135]]]},"properties":{"row":15,"col":-2,"walk_min":66.6,"bucket":">30","color":"#a01818","aggregate":true,"child_fine_cells":4,"nearest_station_id":"kr_102","nearest_station_idx":101}},{"type":"Feature","geometry":{"type":"Polygon","coordinates":[[[126.96108,37.61189],[126.96784,37.61189],[126.96784,37.61865],[126.96108,37.61865],[126.96108,37.61189]]]},"properties":{"row":21,"col":12,"walk_min":69.7,"bucket":">30","color":"#a01818","aggregate":true,"child_fine_cells":8,"nearest_station_id":"kr_409","nearest_station_idx":408}},{"type":"Feature","geometry":{"type":"Polygon","coordinates":[[[126.96784,37.61189],[126.97459,37.61189],[126.97459,37.61865],[126.96784,37.61865],[126.96784,37.61189]]]},"properties":{"row":21,"col":13,"walk_min":75.2,"bucket":">30","color":"#a01818","aggregate":true,"child_fine_cells":2,"nearest_station_id":"kr_409","nearest_station_idx":408}},{"type":"Feature","geometry":{"type":"Polygon","coordinates":[[[126.96108,37.61865],[126.96784,37.61865],[126.96784,37.62541],[126.96108,37.62541],[126.96108,37.61865]]]},"properties":{"row":22,"col":12,"walk_min":76.8,"bucket":">30","color":"#a01818","aggregate":true,"child_fine_cells":1,"nearest_station_id":"kr_409","nearest_station_idx":408}},{"type":"Feature","geometry":{"type":"Polygon","coordinates":[[[126.96784,37.61865],[126.97459,37.61865],[126.97459,37.62541],[126.96784,37.62541],[126.96784,37.61865]]]},"properties":{"row":22,"col":13,"walk_min":84.7,"bucket":">30","color":"#a01818","aggregate":true,"child_fine_cells":5,"nearest_station_id":"kr_409","nearest_station_idx":408}},{"type":"Feature","geometry":{"type":"Polygon","coordinates":[[[126.96784,37.62541],[126.97459,37.62541],[126.97459,37.63216],[126.96784,37.63216],[126.96784,37.62541]]]},"properties":{"row":23,"col":13,"walk_min":91.3,"bucket":">30","color":"#a01818","aggregate":true,"child_fine_cells":1,"nearest_station_id":"kr_409","nearest_station_idx":408}},{"type":"Feature","geometry":{"type":"Polygon","coordinates":[[[126.97459,37.62541],[126.98135,37.62541],[126.98135,37.63216],[126.97459,37.63216],[126.97459,37.62541]]]},"properties":{"row":23,"col":14,"walk_min":96.3,"bucket":">30","color":"#a01818","aggregate":true,"child_fine_cells":2,"nearest_station_id":"kr_409","nearest_station_idx":408}}]}