{
 "type": "FeatureCollection",
 "features": [
  {
   "type": "Feature",
   "properties": {
    "origin": "Yongsan-gu",
    "hub": "Seoul Station"
   },
   "geometry": {
    "type": "LineString",
    "coordinates": [
     [
      127.0631799,
      37.494503
     ],
     [
      127.0698874,
      37.4965268
     ]
    ]
   }
  },
  {
   "type": "Feature",
   "properties": {
    "origin": "Yongsan-gu",
    "hub": "Seoul Station"
   },
   "geometry": {
    "type": "LineString",
    "coordinates": [
     [
      127.12332384999999,
      37.538330724999994
     ],
     [
      127.12062259999999,
      37.530676150000005
     ]
    ]
   }
  },
  {
   "type": "Feature",
   "properties": {
    "origin": "Yongsan-gu",
    "hub": "Seoul Station"
   },
   "geometry": {
    "type": "LineString",
    "coordinates": [
     [
      126.84291495,
      37.6531073
     ],
     [
      126.83262855000001,
      37.6346248
     ]
    ]
   }
  },
  {
   "type": "Feature",
   "properties": {
    "origin": "Yongsan-gu",
    "hub": "Seoul Station"
   },
   "geometry": {
    "type": "LineString",
    "coordinates": [
     [
      127.1260606,
      37.478900550000006
     ],
     [
      127.12672925,
      37.47090125
     ]
    ]
   }
  },
  {
   "type": "Feature",
   "properties": {
    "origin": "Yongsan-gu",
    "hub": "Seoul Station"
   },
   "geometry": {
    "type": "LineString",
    "coordinates": [
     [
      126.724560725,
      37.489460875000006
     ],
     [
      126.7028595,
      37.470726125
     ]
    ]
   }
  },
  {
   "type": "Feature",
   "properties": {
    "origin": "Yongsan-gu",
    "hub": "Seoul Station"
   },
   "geometry": {
    "type": "LineString",
    "coordinates": [
     [
      126.80816335,
      37.57285495
     ],
     [
      126.81273185,
      37.57739155
     ]
    ]
   }
  },
  {
   "type": "Feature",
   "properties": {
    "origin": "Yongsan-gu",
    "hub": "Seoul Station"
   },
   "geometry": {
    "type": "LineString",
    "coordinates": [
     [
      126.89151790000001,
      37.509030114285714
     ],
     [
      126.8822843222222,
      37.50327466666667
     ]
    ]
   }
  },
  {
   "type": "Feature",
   "properties": {
    "origin": "Yongsan-gu",
    "hub": "Seoul Station"
   },
   "geometry": {
    "type": "LineString",
    "coordinates": [
     [
      127.046312175,
      37.689562124999995
     ],
     [
      127.04726355,
      37.7239029
     ]
    ]
   }
  },
  {
   "type": "Feature",
   "properties": {
    "origin": "Yongsan-gu",
    "hub": "Seoul Station"
   },
   "geometry": {
    "type": "LineString",
    "coordinates": [
     [
      127.04726355,
      37.7239029
     ],
     [
      127.0461737,
      37.73766193333333
     ]
    ]
   }
  },
  {
   "type": "Feature",
   "properties": {
    "origin": "Yongsan-gu",
    "hub": "Seoul Station"
   },
   "geometry": {
    "type": "LineString",
    "coordinates": [
     [
      127.0284705,
      37.5261356
     ],
     [
      127.01963022499999,
      37.515947849999996
     ]
    ]
   }
  },
  {
   "type": "Feature",
   "properties": {
    "origin": "Yongsan-gu",
    "hub": "Seoul Station"
   },
   "geometry": {
    "type": "LineString",
    "coordinates": [
     [
      126.92348945,
      37.556651200000005
     ],
     [
      126.9146599,
      37.55006055
     ]
    ]
   }
  },
  {
   "type": "Feature",
   "properties": {
    "origin": "Yongsan-gu",
    "hub": "Seoul Station"
   },
   "geometry": {
    "type": "LineString",
    "coordinates": [
     [
      127.079078,
      37.67024585
     ],
     [
      127.11618745,
      37.6677962
     ]
    ]
   }
  },
  {
   "type": "Feature",
   "properties": {
    "origin": "Yongsan-gu",
    "hub": "Seoul Station"
   },
   "geometry": {
    "type": "LineString",
    "coordinates": [
     [
      126.92414654999999,
      37.52167905
     ],
     [
      126.9180312,
      37.5279527
     ]
    ]
   }
  },
  {
   "type": "Feature",
   "properties": {
    "origin": "Yongsan-gu",
    "hub": "Seoul Station"
   },
   "geometry": {
    "type": "LineString",
    "coordinates": [
     [
      127.10697945,
      37.505189625
     ],
     [
      127.10352075,
      37.514297799999994
     ]
    ]
   }
  },
  {
   "type": "Feature",
   "properties": {
    "origin": "Yongsan-gu",
    "hub": "Seoul Station"
   },
   "geometry": {
    "type": "LineString",
    "coordinates": [
     [
      127.29996225,
      37.373357299999995
     ],
     [
      127.3462797,
      37.3505042
     ]
    ]
   }
  },
  {
   "type": "Feature",
   "properties": {
    "origin": "Yongsan-gu",
    "hub": "Seoul Station"
   },
   "geometry": {
    "type": "LineString",
    "coordinates": [
     [
      126.9926834,
      37.5663661
     ],
     [
      126.9935474,
      37.561972
     ]
    ]
   }
  },
  {
   "type": "Feature",
   "properties": {
    "origin": "Yongsan-gu",
    "hub": "Seoul Station"
   },
   "geometry": {
    "type": "LineString",
    "coordinates": [
     [
      127.08841535,
      37.5807183
     ],
     [
      127.0875651,
      37.588382949999996
     ]
    ]
   }
  },
  {
   "type": "Feature",
   "properties": {
    "origin": "Yongsan-gu",
    "hub": "Seoul Station"
   },
   "geometry": {
    "type": "LineString",
    "coordinates": [
     [
      127.0837107,
      37.61978165
     ],
     [
      127.09109065,
      37.617416899999995
     ]
    ]
   }
  },
  {
   "type": "Feature",
   "properties": {
    "origin": "Yongsan-gu",
    "hub": "Seoul Station"
   },
   "geometry": {
    "type": "LineString",
    "coordinates": [
     [
      126.97134670000001,
      37.30031830000001
     ],
     [
      126.98955755,
      37.2840608
     ]
    ]
   }
  },
  {
   "type": "Feature",
   "properties": {
    "origin": "Yongsan-gu",
    "hub": "Seoul Station"
   },
   "geometry": {
    "type": "LineString",
    "coordinates": [
     [
      126.90722555,
      37.515533616666666
     ],
     [
      126.89401819999999,
      37.45556295
     ]
    ]
   }
  },
  {
   "type": "Feature",
   "properties": {
    "origin": "Yongsan-gu",
    "hub": "Seoul Station"
   },
   "geometry": {
    "type": "LineString",
    "coordinates": [
     [
      127.0307414,
      37.51395335
     ],
     [
      127.0413093,
      37.51717855
     ]
    ]
   }
  },
  {
   "type": "Feature",
   "properties": {
    "origin": "Yongsan-gu",
    "hub": "Seoul Station"
   },
   "geometry": {
    "type": "LineString",
    "coordinates": [
     [
      126.98678254999999,
      37.50129185
     ],
     [
      126.996418,
      37.50360135
     ]
    ]
   }
  },
  {
   "type": "Feature",
   "properties": {
    "origin": "Yongsan-gu",
    "hub": "Seoul Station"
   },
   "geometry": {
    "type": "LineString",
    "coordinates": [
     [
      126.76123989999999,
      37.670143249999995
     ],
     [
      126.74746815,
      37.6761745
     ]
    ]
   }
  },
  {
   "type": "Feature",
   "properties": {
    "origin": "Yongsan-gu",
    "hub": "Seoul Station"
   },
   "geometry": {
    "type": "LineString",
    "coordinates": [
     [
      127.2043138,
      37.55281085
     ],
     [
      127.207006,
      37.54165275
     ]
    ]
   }
  },
  {
   "type": "Feature",
   "properties": {
    "origin": "Yongsan-gu",
    "hub": "Seoul Station"
   },
   "geometry": {
    "type": "LineString",
    "coordinates": [
     [
      126.98222985000001,
      37.48702505
     ],
     [
      126.98153045000001,
      37.4769541
     ]
    ]
   }
  },
  {
   "type": "Feature",
   "properties": {
    "origin": "Yongsan-gu",
    "hub": "Seoul Station"
   },
   "geometry": {
    "type": "LineString",
    "coordinates": [
     [
      126.78272705,
      37.484111150000004
     ],
     [
      126.7537146,
      37.4876311
     ]
    ]
   }
  },
  {
   "type": "Feature",
   "properties": {
    "origin": "Yongsan-gu",
    "hub": "Seoul Station"
   },
   "geometry": {
    "type": "LineString",
    "coordinates": [
     [
      127.0438358,
      37.5102551
     ],
     [
      127.05341885,
      37.51308095
     ]
    ]
   }
  },
  {
   "type": "Feature",
   "properties": {
    "origin": "Yongsan-gu",
    "hub": "Seoul Station"
   },
   "geometry": {
    "type": "LineString",
    "coordinates": [
     [
      126.9862921,
      37.5608956
     ],
     [
      126.9944059,
      37.561106433333336
     ]
    ]
   }
  },
  {
   "type": "Feature",
   "properties": {
    "origin": "Yongsan-gu",
    "hub": "Seoul Station"
   },
   "geometry": {
    "type": "LineString",
    "coordinates": [
     [
      126.9944059,
      37.561106433333336
     ],
     [
      127.0057659,
      37.5590197
     ]
    ]
   }
  },
  {
   "type": "Feature",
   "properties": {
    "origin": "Yongsan-gu",
    "hub": "Seoul Station"
   },
   "geometry": {
    "type": "LineString",
    "coordinates": [
     [
      127.1761181,
      37.5575379
     ],
     [
      127.1928227,
      37.5629465
     ]
    ]
   }
  },
  {
   "type": "Feature",
   "properties": {
    "origin": "Yongsan-gu",
    "hub": "Seoul Station"
   },
   "geometry": {
    "type": "LineString",
    "coordinates": [
     [
      127.03622743333334,
      37.561098433333335
     ],
     [
      127.0436639,
      37.555725300000006
     ]
    ]
   }
  },
  {
   "type": "Feature",
   "properties": {
    "origin": "Yongsan-gu",
    "hub": "Seoul Station"
   },
   "geometry": {
    "type": "LineString",
    "coordinates": [
     [
      126.90893539999999,
      37.50012825
     ],
     [
      126.8962674,
      37.49250275
     ]
    ]
   }
  },
  {
   "type": "Feature",
   "properties": {
    "origin": "Yongsan-gu",
    "hub": "Seoul Station"
   },
   "geometry": {
    "type": "LineString",
    "coordinates": [
     [
      126.96663975,
      37.565793400000004
     ],
     [
      126.96214445,
      37.5594717
     ]
    ]
   }
  },
  {
   "type": "Feature",
   "properties": {
    "origin": "Yongsan-gu",
    "hub": "Seoul Station"
   },
   "geometry": {
    "type": "LineString",
    "coordinates": [
     [
      126.724560725,
      37.489460875000006
     ],
     [
      126.6801621,
      37.4650781
     ]
    ]
   }
  },
  {
   "type": "Feature",
   "properties": {
    "origin": "Yongsan-gu",
    "hub": "Seoul Station"
   },
   "geometry": {
    "type": "LineString",
    "coordinates": [
     [
      126.98153045000001,
      37.4769541
     ],
     [
      126.96355224999999,
      37.4770473
     ]
    ]
   }
  },
  {
   "type": "Feature",
   "properties": {
    "origin": "Yongsan-gu",
    "hub": "Seoul Station"
   },
   "geometry": {
    "type": "LineString",
    "coordinates": [
     [
      127.10697945,
      37.505189625
     ],
     [
      127.11280625,
      37.5112663
     ]
    ]
   }
  },
  {
   "type": "Feature",
   "properties": {
    "origin": "Yongsan-gu",
    "hub": "Seoul Station"
   },
   "geometry": {
    "type": "LineString",
    "coordinates": [
     [
      127.49032700000001,
      37.260404449999996
     ],
     [
      127.5706498,
      37.29361915
     ]
    ]
   }
  },
  {
   "type": "Feature",
   "properties": {
    "origin": "Yongsan-gu",
    "hub": "Seoul Station"
   },
   "geometry": {
    "type": "LineString",
    "coordinates": [
     [
      127.0292055,
      37.56440925
     ],
     [
      127.03622743333334,
      37.561098433333335
     ]
    ]
   }
  },
  {
   "type": "Feature",
   "properties": {
    "origin": "Yongsan-gu",
    "hub": "Seoul Station"
   },
   "geometry": {
    "type": "LineString",
    "coordinates": [
     [
      127.14977395,
      37.62432035
     ],
     [
      127.1273613,
      37.6424033
     ]
    ]
   }
  },
  {
   "type": "Feature",
   "properties": {
    "origin": "Yongsan-gu",
    "hub": "Seoul Station"
   },
   "geometry": {
    "type": "LineString",
    "coordinates": [
     [
      127.04432025,
      37.6674863
     ],
     [
      127.04551135,
      37.679016000000004
     ]
    ]
   }
  },
  {
   "type": "Feature",
   "properties": {
    "origin": "Yongsan-gu",
    "hub": "Seoul Station"
   },
   "geometry": {
    "type": "LineString",
    "coordinates": [
     [
      127.02494089999999,
      37.603309749999994
     ],
     [
      127.03009940000001,
      37.61316885
     ]
    ]
   }
  },
  {
   "type": "Feature",
   "properties": {
    "origin": "Yongsan-gu",
    "hub": "Seoul Station"
   },
   "geometry": {
    "type": "LineString",
    "coordinates": [
     [
      127.11792632500001,
      37.492728225
     ],
     [
      127.1237831,
      37.495351
     ]
    ]
   }
  },
  {
   "type": "Feature",
   "properties": {
    "origin": "Yongsan-gu",
    "hub": "Seoul Station"
   },
   "geometry": {
    "type": "LineString",
    "coordinates": [
     [
      127.04824445,
      37.606223
     ],
     [
      127.05647575,
      37.6105524
     ]
    ]
   }
  },
  {
   "type": "Feature",
   "properties": {
    "origin": "Yongsan-gu",
    "hub": "Seoul Station"
   },
   "geometry": {
    "type": "LineString",
    "coordinates": [
     [
      127.1406795,
      37.437440949999996
     ],
     [
      127.13032179999999,
      37.434014149999996
     ]
    ]
   }
  },
  {
   "type": "Feature",
   "properties": {
    "origin": "Yongsan-gu",
    "hub": "Seoul Station"
   },
   "geometry": {
    "type": "LineString",
    "coordinates": [
     [
      127.15677604999999,
      37.44508145
     ],
     [
      127.1476359,
      37.44099535
     ]
    ]
   }
  },
  {
   "type": "Feature",
   "properties": {
    "origin": "Yongsan-gu",
    "hub": "Seoul Station"
   },
   "geometry": {
    "type": "LineString",
    "coordinates": [
     [
      126.88259225,
      37.481642550000004
     ],
     [
      126.88950750000001,
      37.46602645
     ]
    ]
   }
  },
  {
   "type": "Feature",
   "properties": {
    "origin": "Yongsan-gu",
    "hub": "Seoul Station"
   },
   "geometry": {
    "type": "LineString",
    "coordinates": [
     [
      126.9713321,
      37.540552000000005
     ],
     [
      126.9644438,
      37.52945737499999
     ]
    ]
   }
  },
  {
   "type": "Feature",
   "properties": {
    "origin": "Yongsan-gu",
    "hub": "Seoul Station"
   },
   "geometry": {
    "type": "LineString",
    "coordinates": [
     [
      127.00488916666667,
      37.50495225
     ],
     [
      126.99319055000001,
      37.4875448
     ]
    ]
   }
  },
  {
   "type": "Feature",
   "properties": {
    "origin": "Yongsan-gu",
    "hub": "Seoul Station"
   },
   "geometry": {
    "type": "LineString",
    "coordinates": [
     [
      126.85303115,
      37.5200209
     ],
     [
      126.8465805,
      37.53185633333333
     ]
    ]
   }
  },
  {
   "type": "Feature",
   "properties": {
    "origin": "Yongsan-gu",
    "hub": "Seoul Station"
   },
   "geometry": {
    "type": "LineString",
    "coordinates": [
     [
      126.88277049999999,
      37.48041845
     ],
     [
      126.88669185,
      37.485393650000006
     ]
    ]
   }
  },
  {
   "type": "Feature",
   "properties": {
    "origin": "Yongsan-gu",
    "hub": "Seoul Station"
   },
   "geometry": {
    "type": "LineString",
    "coordinates": [
     [
      127.1910807,
      37.705207650000006
     ],
     [
      127.20323855,
      37.7200354
     ]
    ]
   }
  },
  {
   "type": "Feature",
   "properties": {
    "origin": "Yongsan-gu",
    "hub": "Seoul Station"
   },
   "geometry": {
    "type": "LineString",
    "coordinates": [
     [
      127.06387335,
      37.6455284
     ],
     [
      127.0605474,
      37.6544077
     ]
    ]
   }
  },
  {
   "type": "Feature",
   "properties": {
    "origin": "Yongsan-gu",
    "hub": "Seoul Station"
   },
   "geometry": {
    "type": "LineString",
    "coordinates": [
     [
      126.9357156,
      37.600943
     ],
     [
      126.930398,
      37.6098806
     ]
    ]
   }
  },
  {
   "type": "Feature",
   "properties": {
    "origin": "Yongsan-gu",
    "hub": "Seoul Station"
   },
   "geometry": {
    "type": "LineString",
    "coordinates": [
     [
      126.94584105,
      37.55676595
     ],
     [
      126.93690799999999,
      37.55515495
     ]
    ]
   }
  },
  {
   "type": "Feature",
   "properties": {
    "origin": "Yongsan-gu",
    "hub": "Seoul Station"
   },
   "geometry": {
    "type": "LineString",
    "coordinates": [
     [
      127.0526772,
      37.56682395
     ],
     [
      127.0645931,
      37.561482350000006
     ]
    ]
   }
  },
  {
   "type": "Feature",
   "properties": {
    "origin": "Yongsan-gu",
    "hub": "Seoul Station"
   },
   "geometry": {
    "type": "LineString",
    "coordinates": [
     [
      127.0875651,
      37.588382949999996
     ],
     [
      127.08565575,
      37.59584195
     ]
    ]
   }
  },
  {
   "type": "Feature",
   "properties": {
    "origin": "Yongsan-gu",
    "hub": "Seoul Station"
   },
   "geometry": {
    "type": "LineString",
    "coordinates": [
     [
      126.8363186,
      37.54886705
     ],
     [
      126.83748539999999,
      37.55844505
     ]
    ]
   }
  },
  {
   "type": "Feature",
   "properties": {
    "origin": "Yongsan-gu",
    "hub": "Seoul Station"
   },
   "geometry": {
    "type": "LineString",
    "coordinates": [
     [
      127.0565601,
      37.9025991
     ],
     [
      127.054875,
      37.9275599
     ]
    ]
   }
  },
  {
   "type": "Feature",
   "properties": {
    "origin": "Yongsan-gu",
    "hub": "Seoul Station"
   },
   "geometry": {
    "type": "LineString",
    "coordinates": [
     [
      127.10697945,
      37.505189625
     ],
     [
      127.11227210000001,
      37.49963255
     ]
    ]
   }
  },
  {
   "type": "Feature",
   "properties": {
    "origin": "Yongsan-gu",
    "hub": "Seoul Station"
   },
   "geometry": {
    "type": "LineString",
    "coordinates": [
     [
      126.97691345,
      37.57161265
     ],
     [
      126.96663975,
      37.565793400000004
     ]
    ]
   }
  },
  {
   "type": "Feature",
   "properties": {
    "origin": "Yongsan-gu",
    "hub": "Seoul Station"
   },
   "geometry": {
    "type": "LineString",
    "coordinates": [
     [
      126.973578,
      37.57582
     ],
     [
      126.9578751,
      37.5745552
     ]
    ]
   }
  },
  {
   "type": "Feature",
   "properties": {
    "origin": "Yongsan-gu",
    "hub": "Seoul Station"
   },
   "geometry": {
    "type": "LineString",
    "coordinates": [
     [
      127.056101,
      37.5445711
     ],
     [
      127.0692152,
      37.540422050000004
     ]
    ]
   }
  },
  {
   "type": "Feature",
   "properties": {
    "origin": "Yongsan-gu",
    "hub": "Seoul Station"
   },
   "geometry": {
    "type": "LineString",
    "coordinates": [
     [
      127.034487975,
      37.484172900000004
     ],
     [
      127.0469913,
      37.4870435
     ]
    ]
   }
  },
  {
   "type": "Feature",
   "properties": {
    "origin": "Yongsan-gu",
    "hub": "Seoul Station"
   },
   "geometry": {
    "type": "LineString",
    "coordinates": [
     [
      127.0104261,
      37.55442283333334
     ],
     [
      127.01593,
      37.5480416
     ]
    ]
   }
  },
  {
   "type": "Feature",
   "properties": {
    "origin": "Yongsan-gu",
    "hub": "Seoul Station"
   },
   "geometry": {
    "type": "LineString",
    "coordinates": [
     [
      127.07510895,
      37.5112206
     ],
     [
      127.0872093,
      37.5045328
     ]
    ]
   }
  },
  {
   "type": "Feature",
   "properties": {
    "origin": "Yongsan-gu",
    "hub": "Seoul Station"
   },
   "geometry": {
    "type": "LineString",
    "coordinates": [
     [
      127.11792632500001,
      37.492728225
     ],
     [
      127.1238319,
      37.4953088
     ]
    ]
   }
  },
  {
   "type": "Feature",
   "properties": {
    "origin": "Yongsan-gu",
    "hub": "Seoul Station"
   },
   "geometry": {
    "type": "LineString",
    "coordinates": [
     [
      126.97613145,
      37.564515325
     ],
     [
      126.98317564999999,
      37.57016135
     ]
    ]
   }
  },
  {
   "type": "Feature",
   "properties": {
    "origin": "Yongsan-gu",
    "hub": "Seoul Station"
   },
   "geometry": {
    "type": "LineString",
    "coordinates": [
     [
      126.93690799999999,
      37.55515495
     ],
     [
      126.92348945,
      37.556651200000005
     ]
    ]
   }
  },
  {
   "type": "Feature",
   "properties": {
    "origin": "Yongsan-gu",
    "hub": "Seoul Station"
   },
   "geometry": {
    "type": "LineString",
    "coordinates": [
     [
      127.130605875,
      37.516118175
     ],
     [
      127.1482366,
      37.528283833333326
     ]
    ]
   }
  },
  {
   "type": "Feature",
   "properties": {
    "origin": "Yongsan-gu",
    "hub": "Seoul Station"
   },
   "geometry": {
    "type": "LineString",
    "coordinates": [
     [
      126.67902043333333,
      37.4651555
     ],
     [
      126.633077325,
      37.47509785
     ]
    ]
   }
  },
  {
   "type": "Feature",
   "properties": {
    "origin": "Yongsan-gu",
    "hub": "Seoul Station"
   },
   "geometry": {
    "type": "LineString",
    "coordinates": [
     [
      126.99154498333333,
      37.57166261666667
     ],
     [
      126.99810195,
      37.56693335
     ]
    ]
   }
  },
  {
   "type": "Feature",
   "properties": {
    "origin": "Yongsan-gu",
    "hub": "Seoul Station"
   },
   "geometry": {
    "type": "LineString",
    "coordinates": [
     [
      126.98196229999999,
      37.48532035
     ],
     [
      126.97186830000001,
      37.484363450000004
     ]
    ]
   }
  },
  {
   "type": "Feature",
   "properties": {
    "origin": "Yongsan-gu",
    "hub": "Seoul Station"
   },
   "geometry": {
    "type": "LineString",
    "coordinates": [
     [
      127.0198127,
      37.56563195
     ],
     [
      127.0292055,
      37.56440925
     ]
    ]
   }
  },
  {
   "type": "Feature",
   "properties": {
    "origin": "Yongsan-gu",
    "hub": "Seoul Station"
   },
   "geometry": {
    "type": "LineString",
    "coordinates": [
     [
      126.8384926,
      37.31602785
     ],
     [
      126.82301165,
      37.31686475
     ]
    ]
   }
  },
  {
   "type": "Feature",
   "properties": {
    "origin": "Yongsan-gu",
    "hub": "Seoul Station"
   },
   "geometry": {
    "type": "LineString",
    "coordinates": [
     [
      126.951171975,
      37.543658125
     ],
     [
      126.94233779999999,
      37.54770605
     ]
    ]
   }
  },
  {
   "type": "Feature",
   "properties": {
    "origin": "Yongsan-gu",
    "hub": "Seoul Station"
   },
   "geometry": {
    "type": "LineString",
    "coordinates": [
     [
      126.9527503,
      37.48120715
     ],
     [
      126.9419898,
      37.482370200000005
     ]
    ]
   }
  },
  {
   "type": "Feature",
   "properties": {
    "origin": "Yongsan-gu",
    "hub": "Seoul Station"
   },
   "geometry": {
    "type": "LineString",
    "coordinates": [
     [
      126.88262365,
      37.514484550000006
     ],
     [
      126.8659206,
      37.51228415
     ]
    ]
   }
  },
  {
   "type": "Feature",
   "properties": {
    "origin": "Yongsan-gu",
    "hub": "Seoul Station"
   },
   "geometry": {
    "type": "LineString",
    "coordinates": [
     [
      126.855077,
      37.5611624
     ],
     [
      126.82772320000001,
      37.566714149999996
     ]
    ]
   }
  },
  {
   "type": "Feature",
   "properties": {
    "origin": "Yongsan-gu",
    "hub": "Seoul Station"
   },
   "geometry": {
    "type": "LineString",
    "coordinates": [
     [
      126.8822843222222,
      37.50327466666667
     ],
     [
      126.8604172,
      37.4942856
     ]
    ]
   }
  },
  {
   "type": "Feature",
   "properties": {
    "origin": "Yongsan-gu",
    "hub": "Seoul Station"
   },
   "geometry": {
    "type": "LineString",
    "coordinates": [
     [
      127.00636765,
      37.5885974
     ],
     [
      127.0164111,
      37.592665
     ]
    ]
   }
  },
  {
   "type": "Feature",
   "properties": {
    "origin": "Yongsan-gu",
    "hub": "Seoul Station"
   },
   "geometry": {
    "type": "LineString",
    "coordinates": [
     [
      126.86459835,
      37.5512139
     ],
     [
      126.86195190000001,
      37.55743755
     ]
    ]
   }
  },
  {
   "type": "Feature",
   "properties": {
    "origin": "Yongsan-gu",
    "hub": "Seoul Station"
   },
   "geometry": {
    "type": "LineString",
    "coordinates": [
     [
      126.9209102,
      37.6194877
     ],
     [
      126.9188368,
      37.6368601
     ]
    ]
   }
  },
  {
   "type": "Feature",
   "properties": {
    "origin": "Yongsan-gu",
    "hub": "Seoul Station"
   },
   "geometry": {
    "type": "LineString",
    "coordinates": [
     [
      126.94767085000001,
      37.5032044
     ],
     [
      126.93920815,
      37.50497785
     ]
    ]
   }
  },
  {
   "type": "Feature",
   "properties": {
    "origin": "Yongsan-gu",
    "hub": "Seoul Station"
   },
   "geometry": {
    "type": "LineString",
    "coordinates": [
     [
      126.933021475,
      37.358028000000004
     ],
     [
      126.92560309999999,
      37.35054165
     ]
    ]
   }
  },
  {
   "type": "Feature",
   "properties": {
    "origin": "Yongsan-gu",
    "hub": "Seoul Station"
   },
   "geometry": {
    "type": "LineString",
    "coordinates": [
     [
      127.074925275,
      37.617910925000004
     ],
     [
      127.0730058,
      37.62561105
     ]
    ]
   }
  },
  {
   "type": "Feature",
   "properties": {
    "origin": "Yongsan-gu",
    "hub": "Seoul Station"
   },
   "geometry": {
    "type": "LineString",
    "coordinates": [
     [
      126.788700425,
      37.327088575000005
     ],
     [
      126.7671307,
      37.33761945
     ]
    ]
   }
  },
  {
   "type": "Feature",
   "properties": {
    "origin": "Yongsan-gu",
    "hub": "Seoul Station"
   },
   "geometry": {
    "type": "LineString",
    "coordinates": [
     [
      127.04479986666668,
      37.77416003333334
     ],
     [
      127.0615646,
      37.8432631
     ]
    ]
   }
  },
  {
   "type": "Feature",
   "properties": {
    "origin": "Yongsan-gu",
    "hub": "Seoul Station"
   },
   "geometry": {
    "type": "LineString",
    "coordinates": [
     [
      127.06572985,
      37.61498645
     ],
     [
      127.061764025,
      37.623803025
     ]
    ]
   }
  },
  {
   "type": "Feature",
   "properties": {
    "origin": "Yongsan-gu",
    "hub": "Seoul Station"
   },
   "geometry": {
    "type": "LineString",
    "coordinates": [
     [
      127.1348279,
      37.498074
     ],
     [
      127.14374885000001,
      37.49335525
     ]
    ]
   }
  },
  {
   "type": "Feature",
   "properties": {
    "origin": "Yongsan-gu",
    "hub": "Seoul Station"
   },
   "geometry": {
    "type": "LineString",
    "coordinates": [
     [
      127.0615646,
      37.8432631
     ],
     [
      127.0565601,
      37.9025991
     ]
    ]
   }
  },
  {
   "type": "Feature",
   "properties": {
    "origin": "Yongsan-gu",
    "hub": "Seoul Station"
   },
   "geometry": {
    "type": "LineString",
    "coordinates": [
     [
      126.7531662,
      37.505828199999996
     ],
     [
      126.7423046,
      37.5064953
     ]
    ]
   }
  },
  {
   "type": "Feature",
   "properties": {
    "origin": "Yongsan-gu",
    "hub": "Seoul Station"
   },
   "geometry": {
    "type": "LineString",
    "coordinates": [
     [
      127.207006,
      37.54165275
     ],
     [
      127.22369005,
      37.539676799999995
     ]
    ]
   }
  },
  {
   "type": "Feature",
   "properties": {
    "origin": "Yongsan-gu",
    "hub": "Seoul Station"
   },
   "geometry": {
    "type": "LineString",
    "coordinates": [
     [
      126.8822843222222,
      37.50327466666667
     ],
     [
      126.85895063333334,
      37.4945512
     ]
    ]
   }
  },
  {
   "type": "Feature",
   "properties": {
    "origin": "Yongsan-gu",
    "hub": "Seoul Station"
   },
   "geometry": {
    "type": "LineString",
    "coordinates": [
     [
      126.92304295,
      37.40144905
     ],
     [
      126.94337842499999,
      37.372332
     ]
    ]
   }
  },
  {
   "type": "Feature",
   "properties": {
    "origin": "Yongsan-gu",
    "hub": "Seoul Station"
   },
   "geometry": {
    "type": "LineString",
    "coordinates": [
     [
      126.951171975,
      37.543658125
     ],
     [
      126.9459774,
      37.5396233
     ]
    ]
   }
  },
  {
   "type": "Feature",
   "properties": {
    "origin": "Yongsan-gu",
    "hub": "Seoul Station"
   },
   "geometry": {
    "type": "LineString",
    "coordinates": [
     [
      126.96783339999999,
      37.52914435
     ],
     [
      126.97362305,
      37.5226395
     ]
    ]
   }
  },
  {
   "type": "Feature",
   "properties": {
    "origin": "Yongsan-gu",
    "hub": "Seoul Station"
   },
   "geometry": {
    "type": "LineString",
    "coordinates": [
     [
      126.78272705,
      37.484111150000004
     ],
     [
      126.75233173333334,
      37.487693199999995
     ]
    ]
   }
  },
  {
   "type": "Feature",
   "properties": {
    "origin": "Yongsan-gu",
    "hub": "Seoul Station"
   },
   "geometry": {
    "type": "LineString",
    "coordinates": [
     [
      127.13607164999999,
      36.801399849999996
     ],
     [
      127.12136459999999,
      36.79375185
     ]
    ]
   }
  },
  {
   "type": "Feature",
   "properties": {
    "origin": "Yongsan-gu",
    "hub": "Seoul Station"
   },
   "geometry": {
    "type": "LineString",
    "coordinates": [
     [
      127.0436639,
      37.555725300000006
     ],
     [
      127.04739810000001,
      37.54723575
     ]
    ]
   }
  },
  {
   "type": "Feature",
   "properties": {
    "origin": "Yongsan-gu",
    "hub": "Seoul Station"
   },
   "geometry": {
    "type": "LineString",
    "coordinates": [
     [
      126.90512775,
      37.522699349999996
     ],
     [
      126.89641230000001,
      37.524029799999994
     ]
    ]
   }
  },
  {
   "type": "Feature",
   "properties": {
    "origin": "Yongsan-gu",
    "hub": "Seoul Station"
   },
   "geometry": {
    "type": "LineString",
    "coordinates": [
     [
      127.0105499,
      37.5548296
     ],
     [
      127.0158595,
      37.5480153
     ]
    ]
   }
  },
  {
   "type": "Feature",
   "properties": {
    "origin": "Yongsan-gu",
    "hub": "Seoul Station"
   },
   "geometry": {
    "type": "LineString",
    "coordinates": [
     [
      127.0116271,
      37.5081687
     ],
     [
      127.02148299999999,
      37.511113550000005
     ]
    ]
   }
  },
  {
   "type": "Feature",
   "properties": {
    "origin": "Yongsan-gu",
    "hub": "Seoul Station"
   },
   "geometry": {
    "type": "LineString",
    "coordinates": [
     [
      126.7537146,
      37.4876311
     ],
     [
      126.724560725,
      37.489460875000006
     ]
    ]
   }
  },
  {
   "type": "Feature",
   "properties": {
    "origin": "Yongsan-gu",
    "hub": "Seoul Station"
   },
   "geometry": {
    "type": "LineString",
    "coordinates": [
     [
      126.94807167500001,
      37.320376
     ],
     [
      126.97134670000001,
      37.30031830000001
     ]
    ]
   }
  },
  {
   "type": "Feature",
   "properties": {
    "origin": "Yongsan-gu",
    "hub": "Seoul Station"
   },
   "geometry": {
    "type": "LineString",
    "coordinates": [
     [
      126.80143015,
      37.562032125
     ],
     [
      126.80816335,
      37.57285495
     ]
    ]
   }
  },
  {
   "type": "Feature",
   "properties": {
    "origin": "Yongsan-gu",
    "hub": "Seoul Station"
   },
   "geometry": {
    "type": "LineString",
    "coordinates": [
     [
      127.05647575,
      37.6105524
     ],
     [
      127.06576275,
      37.6148967
     ]
    ]
   }
  },
  {
   "type": "Feature",
   "properties": {
    "origin": "Yongsan-gu",
    "hub": "Seoul Station"
   },
   "geometry": {
    "type": "LineString",
    "coordinates": [
     [
      127.1113607,
      37.394543375
     ],
     [
      127.10841984999999,
      37.3673687
     ]
    ]
   }
  },
  {
   "type": "Feature",
   "properties": {
    "origin": "Yongsan-gu",
    "hub": "Seoul Station"
   },
   "geometry": {
    "type": "LineString",
    "coordinates": [
     [
      127.01630875000001,
      37.48497865
     ],
     [
      127.034487975,
      37.484172900000004
     ]
    ]
   }
  },
  {
   "type": "Feature",
   "properties": {
    "origin": "Yongsan-gu",
    "hub": "Seoul Station"
   },
   "geometry": {
    "type": "LineString",
    "coordinates": [
     [
      127.02571385,
      37.63797905
     ],
     [
      127.03457474999999,
      37.648415549999996
     ]
    ]
   }
  },
  {
   "type": "Feature",
   "properties": {
    "origin": "Yongsan-gu",
    "hub": "Seoul Station"
   },
   "geometry": {
    "type": "LineString",
    "coordinates": [
     [
      127.09472075,
      37.32251575
     ],
     [
      127.08028205,
      37.31343235
     ]
    ]
   }
  },
  {
   "type": "Feature",
   "properties": {
    "origin": "Yongsan-gu",
    "hub": "Seoul Station"
   },
   "geometry": {
    "type": "LineString",
    "coordinates": [
     [
      126.89401819999999,
      37.45556295
     ],
     [
      126.92304295,
      37.40144905
     ]
    ]
   }
  },
  {
   "type": "Feature",
   "properties": {
    "origin": "Yongsan-gu",
    "hub": "Seoul Station"
   },
   "geometry": {
    "type": "LineString",
    "coordinates": [
     [
      126.9228008,
      37.6060541
     ],
     [
      126.9155872,
      37.5986062
     ]
    ]
   }
  },
  {
   "type": "Feature",
   "properties": {
    "origin": "Yongsan-gu",
    "hub": "Seoul Station"
   },
   "geometry": {
    "type": "LineString",
    "coordinates": [
     [
      126.72095709999999,
      37.5074886
     ],
     [
      126.70367825,
      37.50858455
     ]
    ]
   }
  },
  {
   "type": "Feature",
   "properties": {
    "origin": "Yongsan-gu",
    "hub": "Seoul Station"
   },
   "geometry": {
    "type": "LineString",
    "coordinates": [
     [
      126.85431915000001,
      37.4794557
     ],
     [
      126.8677667,
      37.476040999999995
     ]
    ]
   }
  },
  {
   "type": "Feature",
   "properties": {
    "origin": "Yongsan-gu",
    "hub": "Seoul Station"
   },
   "geometry": {
    "type": "LineString",
    "coordinates": [
     [
      127.02148299999999,
      37.511113550000005
     ],
     [
      127.0307414,
      37.51395335
     ]
    ]
   }
  },
  {
   "type": "Feature",
   "properties": {
    "origin": "Yongsan-gu",
    "hub": "Seoul Station"
   },
   "geometry": {
    "type": "LineString",
    "coordinates": [
     [
      126.98621109999999,
      37.5768519
     ],
     [
      126.973578,
      37.57582
     ]
    ]
   }
  },
  {
   "type": "Feature",
   "properties": {
    "origin": "Yongsan-gu",
    "hub": "Seoul Station"
   },
   "geometry": {
    "type": "LineString",
    "coordinates": [
     [
      126.9943796,
      37.5345035
     ],
     [
      127.00173749999999,
      37.5398225
     ]
    ]
   }
  },
  {
   "type": "Feature",
   "properties": {
    "origin": "Yongsan-gu",
    "hub": "Seoul Station"
   },
   "geometry": {
    "type": "LineString",
    "coordinates": [
     [
      127.03831555,
      37.47013565
     ],
     [
      127.05454165,
      37.4483655
     ]
    ]
   }
  },
  {
   "type": "Feature",
   "properties": {
    "origin": "Yongsan-gu",
    "hub": "Seoul Station"
   },
   "geometry": {
    "type": "LineString",
    "coordinates": [
     [
      126.98153045000001,
      37.4769541
     ],
     [
      126.9885185,
      37.4650423
     ]
    ]
   }
  },
  {
   "type": "Feature",
   "properties": {
    "origin": "Yongsan-gu",
    "hub": "Seoul Station"
   },
   "geometry": {
    "type": "LineString",
    "coordinates": [
     [
      126.96368195,
      37.5593423
     ],
     [
      126.95613365,
      37.55742545
     ]
    ]
   }
  },
  {
   "type": "Feature",
   "properties": {
    "origin": "Yongsan-gu",
    "hub": "Seoul Station"
   },
   "geometry": {
    "type": "LineString",
    "coordinates": [
     [
      127.0448934,
      37.580095799999995
     ],
     [
      127.05752925,
      37.589549649999995
     ]
    ]
   }
  },
  {
   "type": "Feature",
   "properties": {
    "origin": "Yongsan-gu",
    "hub": "Seoul Station"
   },
   "geometry": {
    "type": "LineString",
    "coordinates": [
     [
      127.0381884,
      37.573983150000004
     ],
     [
      127.04707995000001,
      37.56974155
     ]
    ]
   }
  },
  {
   "type": "Feature",
   "properties": {
    "origin": "Yongsan-gu",
    "hub": "Seoul Station"
   },
   "geometry": {
    "type": "LineString",
    "coordinates": [
     [
      127.00777154,
      37.56494996
     ],
     [
      127.01376707499999,
      37.56028295
     ]
    ]
   }
  },
  {
   "type": "Feature",
   "properties": {
    "origin": "Yongsan-gu",
    "hub": "Seoul Station"
   },
   "geometry": {
    "type": "LineString",
    "coordinates": [
     [
      127.1274373,
      37.549837249999996
     ],
     [
      127.13731045,
      37.55705595
     ]
    ]
   }
  },
  {
   "type": "Feature",
   "properties": {
    "origin": "Yongsan-gu",
    "hub": "Seoul Station"
   },
   "geometry": {
    "type": "LineString",
    "coordinates": [
     [
      126.84038305,
      37.54170345
     ],
     [
      126.8363186,
      37.54886705
     ]
    ]
   }
  },
  {
   "type": "Feature",
   "properties": {
    "origin": "Yongsan-gu",
    "hub": "Seoul Station"
   },
   "geometry": {
    "type": "LineString",
    "coordinates": [
     [
      126.9897244,
      37.426449
     ],
     [
      126.97694765,
      37.401366949999996
     ]
    ]
   }
  },
  {
   "type": "Feature",
   "properties": {
    "origin": "Yongsan-gu",
    "hub": "Seoul Station"
   },
   "geometry": {
    "type": "LineString",
    "coordinates": [
     [
      126.82474210000001,
      37.5602483
     ],
     [
      126.8119978,
      37.561269949999996
     ]
    ]
   }
  },
  {
   "type": "Feature",
   "properties": {
    "origin": "Yongsan-gu",
    "hub": "Seoul Station"
   },
   "geometry": {
    "type": "LineString",
    "coordinates": [
     [
      127.0601707,
      37.5141752
     ],
     [
      127.07510895,
      37.5112206
     ]
    ]
   }
  },
  {
   "type": "Feature",
   "properties": {
    "origin": "Yongsan-gu",
    "hub": "Seoul Station"
   },
   "geometry": {
    "type": "LineString",
    "coordinates": [
     [
      126.9535754,
      37.5129714
     ],
     [
      126.96394889999999,
      37.50838225
     ]
    ]
   }
  },
  {
   "type": "Feature",
   "properties": {
    "origin": "Yongsan-gu",
    "hub": "Seoul Station"
   },
   "geometry": {
    "type": "LineString",
    "coordinates": [
     [
      127.03600215,
      37.590341
     ],
     [
      127.0414675,
      37.6019369
     ]
    ]
   }
  },
  {
   "type": "Feature",
   "properties": {
    "origin": "Yongsan-gu",
    "hub": "Seoul Station"
   },
   "geometry": {
    "type": "LineString",
    "coordinates": [
     [
      126.8677667,
      37.476040999999995
     ],
     [
      126.88277049999999,
      37.48041845
     ]
    ]
   }
  },
  {
   "type": "Feature",
   "properties": {
    "origin": "Yongsan-gu",
    "hub": "Seoul Station"
   },
   "geometry": {
    "type": "LineString",
    "coordinates": [
     [
      127.00636765,
      37.5885974
     ],
     [
      127.0164183,
      37.592633
     ]
    ]
   }
  },
  {
   "type": "Feature",
   "properties": {
    "origin": "Yongsan-gu",
    "hub": "Seoul Station"
   },
   "geometry": {
    "type": "LineString",
    "coordinates": [
     [
      126.811999475,
      37.485282874999996
     ],
     [
      126.7956839,
      37.4827762
     ]
    ]
   }
  },
  {
   "type": "Feature",
   "properties": {
    "origin": "Yongsan-gu",
    "hub": "Seoul Station"
   },
   "geometry": {
    "type": "LineString",
    "coordinates": [
     [
      127.1044469,
      36.7920852
     ],
     [
      127.08450145,
      36.78820815
     ]
    ]
   }
  },
  {
   "type": "Feature",
   "properties": {
    "origin": "Yongsan-gu",
    "hub": "Seoul Station"
   },
   "geometry": {
    "type": "LineString",
    "coordinates": [
     [
      126.97233707999999,
      37.554326859999996
     ],
     [
      126.90722555,
      37.515533616666666
     ]
    ]
   }
  },
  {
   "type": "Feature",
   "properties": {
    "origin": "Yongsan-gu",
    "hub": "Seoul Station"
   },
   "geometry": {
    "type": "LineString",
    "coordinates": [
     [
      127.16654776666667,
      37.5567598
     ],
     [
      127.1761181,
      37.5575379
     ]
    ]
   }
  },
  {
   "type": "Feature",
   "properties": {
    "origin": "Yongsan-gu",
    "hub": "Seoul Station"
   },
   "geometry": {
    "type": "LineString",
    "coordinates": [
     [
      126.90145905,
      37.57620245
     ],
     [
      126.9098764,
      37.584113650000006
     ]
    ]
   }
  },
  {
   "type": "Feature",
   "properties": {
    "origin": "Yongsan-gu",
    "hub": "Seoul Station"
   },
   "geometry": {
    "type": "LineString",
    "coordinates": [
     [
      127.00319809999999,
      36.78053885
     ],
     [
      126.9518605,
      36.7698103
     ]
    ]
   }
  },
  {
   "type": "Feature",
   "properties": {
    "origin": "Yongsan-gu",
    "hub": "Seoul Station"
   },
   "geometry": {
    "type": "LineString",
    "coordinates": [
     [
      126.951171975,
      37.543658125
     ],
     [
      126.95670185,
      37.553438549999996
     ]
    ]
   }
  },
  {
   "type": "Feature",
   "properties": {
    "origin": "Yongsan-gu",
    "hub": "Seoul Station"
   },
   "geometry": {
    "type": "LineString",
    "coordinates": [
     [
      126.92304295,
      37.40144905
     ],
     [
      126.948475,
      37.354190625
     ]
    ]
   }
  },
  {
   "type": "Feature",
   "properties": {
    "origin": "Yongsan-gu",
    "hub": "Seoul Station"
   },
   "geometry": {
    "type": "LineString",
    "coordinates": [
     [
      127.10889420000001,
      37.3499872
     ],
     [
      127.10280965,
      37.337877399999996
     ]
    ]
   }
  },
  {
   "type": "Feature",
   "properties": {
    "origin": "Yongsan-gu",
    "hub": "Seoul Station"
   },
   "geometry": {
    "type": "LineString",
    "coordinates": [
     [
      127.05886565,
      37.632992
     ],
     [
      127.05139825,
      37.6446067
     ]
    ]
   }
  },
  {
   "type": "Feature",
   "properties": {
    "origin": "Yongsan-gu",
    "hub": "Seoul Station"
   },
   "geometry": {
    "type": "LineString",
    "coordinates": [
     [
      126.9459774,
      37.5396233
     ],
     [
      126.93252955,
      37.52685165
     ]
    ]
   }
  },
  {
   "type": "Feature",
   "properties": {
    "origin": "Yongsan-gu",
    "hub": "Seoul Station"
   },
   "geometry": {
    "type": "LineString",
    "coordinates": [
     [
      126.90267904999999,
      37.534194199999995
     ],
     [
      126.87543819999999,
      37.5470354
     ]
    ]
   }
  },
  {
   "type": "Feature",
   "properties": {
    "origin": "Yongsan-gu",
    "hub": "Seoul Station"
   },
   "geometry": {
    "type": "LineString",
    "coordinates": [
     [
      127.010226875,
      37.571269725
     ],
     [
      127.0171379,
      37.573444800000004
     ]
    ]
   }
  },
  {
   "type": "Feature",
   "properties": {
    "origin": "Yongsan-gu",
    "hub": "Seoul Station"
   },
   "geometry": {
    "type": "LineString",
    "coordinates": [
     [
      126.90722555,
      37.515533616666666
     ],
     [
      126.91801478333333,
      37.516964349999995
     ]
    ]
   }
  },
  {
   "type": "Feature",
   "properties": {
    "origin": "Yongsan-gu",
    "hub": "Seoul Station"
   },
   "geometry": {
    "type": "LineString",
    "coordinates": [
     [
      127.010226875,
      37.571269725
     ],
     [
      127.00195554999999,
      37.58214475
     ]
    ]
   }
  },
  {
   "type": "Feature",
   "properties": {
    "origin": "Yongsan-gu",
    "hub": "Seoul Station"
   },
   "geometry": {
    "type": "LineString",
    "coordinates": [
     [
      127.0632186,
      37.4944502
     ],
     [
      127.0699125,
      37.4964802
     ]
    ]
   }
  },
  {
   "type": "Feature",
   "properties": {
    "origin": "Yongsan-gu",
    "hub": "Seoul Station"
   },
   "geometry": {
    "type": "LineString",
    "coordinates": [
     [
      126.97233707999999,
      37.554326859999996
     ],
     [
      126.97194730000001,
      37.54513985
     ]
    ]
   }
  },
  {
   "type": "Feature",
   "properties": {
    "origin": "Yongsan-gu",
    "hub": "Seoul Station"
   },
   "geometry": {
    "type": "LineString",
    "coordinates": [
     [
      127.06730005,
      37.601798450000004
     ],
     [
      127.06572985,
      37.61498645
     ]
    ]
   }
  },
  {
   "type": "Feature",
   "properties": {
    "origin": "Yongsan-gu",
    "hub": "Seoul Station"
   },
   "geometry": {
    "type": "LineString",
    "coordinates": [
     [
      127.0174475,
      37.5416892
     ],
     [
      127.0285102,
      37.5261326
     ]
    ]
   }
  },
  {
   "type": "Feature",
   "properties": {
    "origin": "Yongsan-gu",
    "hub": "Seoul Station"
   },
   "geometry": {
    "type": "LineString",
    "coordinates": [
     [
      126.97941087499999,
      37.50293935
     ],
     [
      127.00488916666667,
      37.50495225
     ]
    ]
   }
  },
  {
   "type": "Feature",
   "properties": {
    "origin": "Yongsan-gu",
    "hub": "Seoul Station"
   },
   "geometry": {
    "type": "LineString",
    "coordinates": [
     [
      127.1038398,
      37.52067075
     ],
     [
      127.1002885,
      37.513304899999994
     ]
    ]
   }
  },
  {
   "type": "Feature",
   "properties": {
    "origin": "Yongsan-gu",
    "hub": "Seoul Station"
   },
   "geometry": {
    "type": "LineString",
    "coordinates": [
     [
      126.8666104,
      37.30282205
     ],
     [
      126.85362459999999,
      37.3097262
     ]
    ]
   }
  },
  {
   "type": "Feature",
   "properties": {
    "origin": "Yongsan-gu",
    "hub": "Seoul Station"
   },
   "geometry": {
    "type": "LineString",
    "coordinates": [
     [
      127.12672925,
      37.47090125
     ],
     [
      127.13923265,
      37.46276445
     ]
    ]
   }
  },
  {
   "type": "Feature",
   "properties": {
    "origin": "Yongsan-gu",
    "hub": "Seoul Station"
   },
   "geometry": {
    "type": "LineString",
    "coordinates": [
     [
      127.0488204,
      37.6534371
     ],
     [
      127.06344135,
      37.65635735
     ]
    ]
   }
  },
  {
   "type": "Feature",
   "properties": {
    "origin": "Yongsan-gu",
    "hub": "Seoul Station"
   },
   "geometry": {
    "type": "LineString",
    "coordinates": [
     [
      126.7777566,
      37.652009899999996
     ],
     [
      126.773255,
      37.6597292
     ]
    ]
   }
  },
  {
   "type": "Feature",
   "properties": {
    "origin": "Yongsan-gu",
    "hub": "Seoul Station"
   },
   "geometry": {
    "type": "LineString",
    "coordinates": [
     [
      126.86451070000001,
      37.5261224
     ],
     [
      126.85594660000001,
      37.52504475
     ]
    ]
   }
  },
  {
   "type": "Feature",
   "properties": {
    "origin": "Yongsan-gu",
    "hub": "Seoul Station"
   },
   "geometry": {
    "type": "LineString",
    "coordinates": [
     [
      126.7430016,
      37.3517846
     ],
     [
      126.73850095,
      37.36194795
     ]
    ]
   }
  },
  {
   "type": "Feature",
   "properties": {
    "origin": "Yongsan-gu",
    "hub": "Seoul Station"
   },
   "geometry": {
    "type": "LineString",
    "coordinates": [
     [
      127.13923265,
      37.46276445
     ],
     [
      127.1499094,
      37.4568683
     ]
    ]
   }
  },
  {
   "type": "Feature",
   "properties": {
    "origin": "Yongsan-gu",
    "hub": "Seoul Station"
   },
   "geometry": {
    "type": "LineString",
    "coordinates": [
     [
      127.1476359,
      37.44099535
     ],
     [
      127.1406795,
      37.437440949999996
     ]
    ]
   }
  },
  {
   "type": "Feature",
   "properties": {
    "origin": "Yongsan-gu",
    "hub": "Seoul Station"
   },
   "geometry": {
    "type": "LineString",
    "coordinates": [
     [
      127.0469569,
      37.4870818
     ],
     [
      127.05547115,
      37.490908399999995
     ]
    ]
   }
  },
  {
   "type": "Feature",
   "properties": {
    "origin": "Yongsan-gu",
    "hub": "Seoul Station"
   },
   "geometry": {
    "type": "LineString",
    "coordinates": [
     [
      126.78796255,
      37.6430864
     ],
     [
      126.7777566,
      37.652009899999996
     ]
    ]
   }
  },
  {
   "type": "Feature",
   "properties": {
    "origin": "Yongsan-gu",
    "hub": "Seoul Station"
   },
   "geometry": {
    "type": "LineString",
    "coordinates": [
     [
      127.03009940000001,
      37.61316885
     ],
     [
      127.02611,
      37.626536849999994
     ]
    ]
   }
  },
  {
   "type": "Feature",
   "properties": {
    "origin": "Yongsan-gu",
    "hub": "Seoul Station"
   },
   "geometry": {
    "type": "LineString",
    "coordinates": [
     [
      126.8384926,
      37.31602785
     ],
     [
      126.80592225000001,
      37.3207102
     ]
    ]
   }
  },
  {
   "type": "Feature",
   "properties": {
    "origin": "Yongsan-gu",
    "hub": "Seoul Station"
   },
   "geometry": {
    "type": "LineString",
    "coordinates": [
     [
      127.12604145,
      37.5086316
     ],
     [
      127.128077625,
      37.5021865
     ]
    ]
   }
  },
  {
   "type": "Feature",
   "properties": {
    "origin": "Yongsan-gu",
    "hub": "Seoul Station"
   },
   "geometry": {
    "type": "LineString",
    "coordinates": [
     [
      127.11792632500001,
      37.492728225
     ],
     [
      127.1225077,
      37.4858574
     ]
    ]
   }
  },
  {
   "type": "Feature",
   "properties": {
    "origin": "Yongsan-gu",
    "hub": "Seoul Station"
   },
   "geometry": {
    "type": "LineString",
    "coordinates": [
     [
      126.87543819999999,
      37.5470354
     ],
     [
      126.855077,
      37.5611624
     ]
    ]
   }
  },
  {
   "type": "Feature",
   "properties": {
    "origin": "Yongsan-gu",
    "hub": "Seoul Station"
   },
   "geometry": {
    "type": "LineString",
    "coordinates": [
     [
      126.788700425,
      37.327088575000005
     ],
     [
      126.7430016,
      37.3517846
     ]
    ]
   }
  },
  {
   "type": "Feature",
   "properties": {
    "origin": "Yongsan-gu",
    "hub": "Seoul Station"
   },
   "geometry": {
    "type": "LineString",
    "coordinates": [
     [
      127.12332384999999,
      37.538330724999994
     ],
     [
      127.1274373,
      37.549837249999996
     ]
    ]
   }
  },
  {
   "type": "Feature",
   "properties": {
    "origin": "Yongsan-gu",
    "hub": "Seoul Station"
   },
   "geometry": {
    "type": "LineString",
    "coordinates": [
     [
      127.0331232,
      37.206827425
     ],
     [
      127.04343015,
      37.18718805
     ]
    ]
   }
  },
  {
   "type": "Feature",
   "properties": {
    "origin": "Yongsan-gu",
    "hub": "Seoul Station"
   },
   "geometry": {
    "type": "LineString",
    "coordinates": [
     [
      126.99683205,
      37.433065299999996
     ],
     [
      126.9897244,
      37.426449
     ]
    ]
   }
  },
  {
   "type": "Feature",
   "properties": {
    "origin": "Yongsan-gu",
    "hub": "Seoul Station"
   },
   "geometry": {
    "type": "LineString",
    "coordinates": [
     [
      126.973423125,
      37.53502835
     ],
     [
      126.98651129999999,
      37.53475175
     ]
    ]
   }
  },
  {
   "type": "Feature",
   "properties": {
    "origin": "Yongsan-gu",
    "hub": "Seoul Station"
   },
   "geometry": {
    "type": "LineString",
    "coordinates": [
     [
      127.04707995000001,
      37.56974155
     ],
     [
      127.0508526,
      37.562121399999995
     ]
    ]
   }
  },
  {
   "type": "Feature",
   "properties": {
    "origin": "Yongsan-gu",
    "hub": "Seoul Station"
   },
   "geometry": {
    "type": "LineString",
    "coordinates": [
     [
      127.0698874,
      37.4965268
     ],
     [
      127.0795709,
      37.493673
     ]
    ]
   }
  },
  {
   "type": "Feature",
   "properties": {
    "origin": "Yongsan-gu",
    "hub": "Seoul Station"
   },
   "geometry": {
    "type": "LineString",
    "coordinates": [
     [
      127.00777154,
      37.56494996
     ],
     [
      127.010226875,
      37.571269725
     ]
    ]
   }
  },
  {
   "type": "Feature",
   "properties": {
    "origin": "Yongsan-gu",
    "hub": "Seoul Station"
   },
   "geometry": {
    "type": "LineString",
    "coordinates": [
     [
      127.00210535,
      37.451572299999995
     ],
     [
      127.00789135,
      37.4438108
     ]
    ]
   }
  },
  {
   "type": "Feature",
   "properties": {
    "origin": "Yongsan-gu",
    "hub": "Seoul Station"
   },
   "geometry": {
    "type": "LineString",
    "coordinates": [
     [
      127.05547115,
      37.490908399999995
     ],
     [
      127.0631799,
      37.494503
     ]
    ]
   }
  },
  {
   "type": "Feature",
   "properties": {
    "origin": "Yongsan-gu",
    "hub": "Seoul Station"
   },
   "geometry": {
    "type": "LineString",
    "coordinates": [
     [
      127.1113607,
      37.394543375
     ],
     [
      127.12760195,
      37.3946471
     ]
    ]
   }
  },
  {
   "type": "Feature",
   "properties": {
    "origin": "Yongsan-gu",
    "hub": "Seoul Station"
   },
   "geometry": {
    "type": "LineString",
    "coordinates": [
     [
      127.02494235,
      37.575267100000005
     ],
     [
      127.03472819999999,
      37.57828585
     ]
    ]
   }
  },
  {
   "type": "Feature",
   "properties": {
    "origin": "Yongsan-gu",
    "hub": "Seoul Station"
   },
   "geometry": {
    "type": "LineString",
    "coordinates": [
     [
      126.90722555,
      37.515533616666666
     ],
     [
      126.89151790000001,
      37.509030114285714
     ]
    ]
   }
  },
  {
   "type": "Feature",
   "properties": {
    "origin": "Yongsan-gu",
    "hub": "Seoul Station"
   },
   "geometry": {
    "type": "LineString",
    "coordinates": [
     [
      127.0845082,
      37.56628955
     ],
     [
      127.08650785,
      37.573884050000004
     ]
    ]
   }
  },
  {
   "type": "Feature",
   "properties": {
    "origin": "Yongsan-gu",
    "hub": "Seoul Station"
   },
   "geometry": {
    "type": "LineString",
    "coordinates": [
     [
      126.77621479999999,
      37.50304175
     ],
     [
      126.76317800000001,
      37.5047652
     ]
    ]
   }
  },
  {
   "type": "Feature",
   "properties": {
    "origin": "Yongsan-gu",
    "hub": "Seoul Station"
   },
   "geometry": {
    "type": "LineString",
    "coordinates": [
     [
      126.94807167500001,
      37.320376
     ],
     [
      126.9697911,
      37.3003187
     ]
    ]
   }
  },
  {
   "type": "Feature",
   "properties": {
    "origin": "Yongsan-gu",
    "hub": "Seoul Station"
   },
   "geometry": {
    "type": "LineString",
    "coordinates": [
     [
      127.2532829,
      37.39889945
     ],
     [
      127.29996225,
      37.373357299999995
     ]
    ]
   }
  },
  {
   "type": "Feature",
   "properties": {
    "origin": "Yongsan-gu",
    "hub": "Seoul Station"
   },
   "geometry": {
    "type": "LineString",
    "coordinates": [
     [
      126.9188368,
      37.6368601
     ],
     [
      126.91374195,
      37.64814335
     ]
    ]
   }
  },
  {
   "type": "Feature",
   "properties": {
    "origin": "Yongsan-gu",
    "hub": "Seoul Station"
   },
   "geometry": {
    "type": "LineString",
    "coordinates": [
     [
      126.773255,
      37.6597292
     ],
     [
      126.76123989999999,
      37.670143249999995
     ]
    ]
   }
  },
  {
   "type": "Feature",
   "properties": {
    "origin": "Yongsan-gu",
    "hub": "Seoul Station"
   },
   "geometry": {
    "type": "LineString",
    "coordinates": [
     [
      127.05581495,
      37.89235135
     ],
     [
      127.0564914,
      37.9008562
     ]
    ]
   }
  },
  {
   "type": "Feature",
   "properties": {
    "origin": "Yongsan-gu",
    "hub": "Seoul Station"
   },
   "geometry": {
    "type": "LineString",
    "coordinates": [
     [
      127.0429062,
      37.566101599999996
     ],
     [
      127.0526772,
      37.56682395
     ]
    ]
   }
  },
  {
   "type": "Feature",
   "properties": {
    "origin": "Yongsan-gu",
    "hub": "Seoul Station"
   },
   "geometry": {
    "type": "LineString",
    "coordinates": [
     [
      126.96355224999999,
      37.4770473
     ],
     [
      126.9527503,
      37.48120715
     ]
    ]
   }
  },
  {
   "type": "Feature",
   "properties": {
    "origin": "Yongsan-gu",
    "hub": "Seoul Station"
   },
   "geometry": {
    "type": "LineString",
    "coordinates": [
     [
      127.0692152,
      37.540422050000004
     ],
     [
      127.0861764,
      37.5371514
     ]
    ]
   }
  },
  {
   "type": "Feature",
   "properties": {
    "origin": "Yongsan-gu",
    "hub": "Seoul Station"
   },
   "geometry": {
    "type": "LineString",
    "coordinates": [
     [
      126.97233707999999,
      37.554326859999996
     ],
     [
      126.9713321,
      37.540552000000005
     ]
    ]
   }
  },
  {
   "type": "Feature",
   "properties": {
    "origin": "Yongsan-gu",
    "hub": "Seoul Station"
   },
   "geometry": {
    "type": "LineString",
    "coordinates": [
     [
      126.9503083,
      37.5823147
     ],
     [
      126.944199,
      37.588674
     ]
    ]
   }
  },
  {
   "type": "Feature",
   "properties": {
    "origin": "Yongsan-gu",
    "hub": "Seoul Station"
   },
   "geometry": {
    "type": "LineString",
    "coordinates": [
     [
      126.94158883333331,
      37.513936916666665
     ],
     [
      126.9260986,
      37.51338783333333
     ]
    ]
   }
  },
  {
   "type": "Feature",
   "properties": {
    "origin": "Yongsan-gu",
    "hub": "Seoul Station"
   },
   "geometry": {
    "type": "LineString",
    "coordinates": [
     [
      126.97233707999999,
      37.554326859999996
     ],
     [
      126.97613145,
      37.564515325
     ]
    ]
   }
  },
  {
   "type": "Feature",
   "properties": {
    "origin": "Yongsan-gu",
    "hub": "Seoul Station"
   },
   "geometry": {
    "type": "LineString",
    "coordinates": [
     [
      127.06344135,
      37.65635735
     ],
     [
      127.0734209,
      37.66069845
     ]
    ]
   }
  },
  {
   "type": "Feature",
   "properties": {
    "origin": "Yongsan-gu",
    "hub": "Seoul Station"
   },
   "geometry": {
    "type": "LineString",
    "coordinates": [
     [
      127.034487975,
      37.484172900000004
     ],
     [
      127.0469569,
      37.4870818
     ]
    ]
   }
  },
  {
   "type": "Feature",
   "properties": {
    "origin": "Yongsan-gu",
    "hub": "Seoul Station"
   },
   "geometry": {
    "type": "LineString",
    "coordinates": [
     [
      126.97694765,
      37.401366949999996
     ],
     [
      126.9638778,
      37.39428915
     ]
    ]
   }
  },
  {
   "type": "Feature",
   "properties": {
    "origin": "Yongsan-gu",
    "hub": "Seoul Station"
   },
   "geometry": {
    "type": "LineString",
    "coordinates": [
     [
      127.0565601,
      37.9025991
     ],
     [
      127.0572249,
      37.914117950000005
     ]
    ]
   }
  },
  {
   "type": "Feature",
   "properties": {
    "origin": "Yongsan-gu",
    "hub": "Seoul Station"
   },
   "geometry": {
    "type": "LineString",
    "coordinates": [
     [
      127.04479986666668,
      37.77416003333334
     ],
     [
      127.0567015,
      37.8187667
     ]
    ]
   }
  },
  {
   "type": "Feature",
   "properties": {
    "origin": "Yongsan-gu",
    "hub": "Seoul Station"
   },
   "geometry": {
    "type": "LineString",
    "coordinates": [
     [
      126.8822843222222,
      37.50327466666667
     ],
     [
      126.869569775,
      37.496126725
     ]
    ]
   }
  },
  {
   "type": "Feature",
   "properties": {
    "origin": "Yongsan-gu",
    "hub": "Seoul Station"
   },
   "geometry": {
    "type": "LineString",
    "coordinates": [
     [
      127.0699125,
      37.4964802
     ],
     [
      127.0795056,
      37.493654
     ]
    ]
   }
  },
  {
   "type": "Feature",
   "properties": {
    "origin": "Yongsan-gu",
    "hub": "Seoul Station"
   },
   "geometry": {
    "type": "LineString",
    "coordinates": [
     [
      126.973423125,
      37.53502835
     ],
     [
      126.96137709999999,
      37.53932435
     ]
    ]
   }
  },
  {
   "type": "Feature",
   "properties": {
    "origin": "Yongsan-gu",
    "hub": "Seoul Station"
   },
   "geometry": {
    "type": "LineString",
    "coordinates": [
     [
      127.00488916666667,
      37.50495225
     ],
     [
      127.01109835,
      37.51273505
     ]
    ]
   }
  },
  {
   "type": "Feature",
   "properties": {
    "origin": "Yongsan-gu",
    "hub": "Seoul Station"
   },
   "geometry": {
    "type": "LineString",
    "coordinates": [
     [
      127.40524690000001,
      37.3156678
     ],
     [
      127.44218375,
      37.264238899999995
     ]
    ]
   }
  },
  {
   "type": "Feature",
   "properties": {
    "origin": "Yongsan-gu",
    "hub": "Seoul Station"
   },
   "geometry": {
    "type": "LineString",
    "coordinates": [
     [
      126.9578197,
      37.574513
     ],
     [
      126.9503083,
      37.5823147
     ]
    ]
   }
  },
  {
   "type": "Feature",
   "properties": {
    "origin": "Yongsan-gu",
    "hub": "Seoul Station"
   },
   "geometry": {
    "type": "LineString",
    "coordinates": [
     [
      127.0246599,
      37.504134840000006
     ],
     [
      127.027783275,
      37.497521625000005
     ]
    ]
   }
  },
  {
   "type": "Feature",
   "properties": {
    "origin": "Yongsan-gu",
    "hub": "Seoul Station"
   },
   "geometry": {
    "type": "LineString",
    "coordinates": [
     [
      126.96137709999999,
      37.53932435
     ],
     [
      126.951171975,
      37.543658125
     ]
    ]
   }
  },
  {
   "type": "Feature",
   "properties": {
    "origin": "Yongsan-gu",
    "hub": "Seoul Station"
   },
   "geometry": {
    "type": "LineString",
    "coordinates": [
     [
      126.8822843222222,
      37.50327466666667
     ],
     [
      126.88259225,
      37.481642550000004
     ]
    ]
   }
  },
  {
   "type": "Feature",
   "properties": {
    "origin": "Yongsan-gu",
    "hub": "Seoul Station"
   },
   "geometry": {
    "type": "LineString",
    "coordinates": [
     [
      127.1761181,
      37.5575379
     ],
     [
      127.1927747,
      37.5630584
     ]
    ]
   }
  },
  {
   "type": "Feature",
   "properties": {
    "origin": "Yongsan-gu",
    "hub": "Seoul Station"
   },
   "geometry": {
    "type": "LineString",
    "coordinates": [
     [
      127.0666711,
      37.1448264
     ],
     [
      127.05288045,
      37.05648574999999
     ]
    ]
   }
  },
  {
   "type": "Feature",
   "properties": {
    "origin": "Yongsan-gu",
    "hub": "Seoul Station"
   },
   "geometry": {
    "type": "LineString",
    "coordinates": [
     [
      127.1268624,
      36.91622415
     ],
     [
      127.14381025,
      36.87095285
     ]
    ]
   }
  },
  {
   "type": "Feature",
   "properties": {
    "origin": "Yongsan-gu",
    "hub": "Seoul Station"
   },
   "geometry": {
    "type": "LineString",
    "coordinates": [
     [
      127.0246599,
      37.504134840000006
     ],
     [
      127.03387465,
      37.507321000000005
     ]
    ]
   }
  },
  {
   "type": "Feature",
   "properties": {
    "origin": "Yongsan-gu",
    "hub": "Seoul Station"
   },
   "geometry": {
    "type": "LineString",
    "coordinates": [
     [
      127.06928805,
      37.29742885
     ],
     [
      127.0515173,
      37.2885603
     ]
    ]
   }
  },
  {
   "type": "Feature",
   "properties": {
    "origin": "Yongsan-gu",
    "hub": "Seoul Station"
   },
   "geometry": {
    "type": "LineString",
    "coordinates": [
     [
      126.82772320000001,
      37.566714149999996
     ],
     [
      126.8170125,
      37.56748705
     ]
    ]
   }
  },
  {
   "type": "Feature",
   "properties": {
    "origin": "Yongsan-gu",
    "hub": "Seoul Station"
   },
   "geometry": {
    "type": "LineString",
    "coordinates": [
     [
      127.01619545,
      37.5664047
     ],
     [
      127.01568155000001,
      37.5723877
     ]
    ]
   }
  },
  {
   "type": "Feature",
   "properties": {
    "origin": "Yongsan-gu",
    "hub": "Seoul Station"
   },
   "geometry": {
    "type": "LineString",
    "coordinates": [
     [
      127.1362466,
      37.527798950000005
     ],
     [
      127.130605875,
      37.516118175
     ]
    ]
   }
  },
  {
   "type": "Feature",
   "properties": {
    "origin": "Yongsan-gu",
    "hub": "Seoul Station"
   },
   "geometry": {
    "type": "LineString",
    "coordinates": [
     [
      127.12760195,
      37.3946471
     ],
     [
      127.2034043,
      37.4086408
     ]
    ]
   }
  },
  {
   "type": "Feature",
   "properties": {
    "origin": "Yongsan-gu",
    "hub": "Seoul Station"
   },
   "geometry": {
    "type": "LineString",
    "coordinates": [
     [
      127.0057659,
      37.5590197
     ],
     [
      127.0105499,
      37.5548296
     ]
    ]
   }
  },
  {
   "type": "Feature",
   "properties": {
    "origin": "Yongsan-gu",
    "hub": "Seoul Station"
   },
   "geometry": {
    "type": "LineString",
    "coordinates": [
     [
      126.92984775,
      37.61032965
     ],
     [
      126.9228008,
      37.6060541
     ]
    ]
   }
  },
  {
   "type": "Feature",
   "properties": {
    "origin": "Yongsan-gu",
    "hub": "Seoul Station"
   },
   "geometry": {
    "type": "LineString",
    "coordinates": [
     [
      127.0438358,
      37.5102551
     ],
     [
      127.0601707,
      37.5141752
     ]
    ]
   }
  },
  {
   "type": "Feature",
   "properties": {
    "origin": "Yongsan-gu",
    "hub": "Seoul Station"
   },
   "geometry": {
    "type": "LineString",
    "coordinates": [
     [
      127.05761670000001,
      37.66551795
     ],
     [
      127.0553117,
      37.6778692
     ]
    ]
   }
  },
  {
   "type": "Feature",
   "properties": {
    "origin": "Yongsan-gu",
    "hub": "Seoul Station"
   },
   "geometry": {
    "type": "LineString",
    "coordinates": [
     [
      126.97941087499999,
      37.50293935
     ],
     [
      126.98222985000001,
      37.48702505
     ]
    ]
   }
  },
  {
   "type": "Feature",
   "properties": {
    "origin": "Yongsan-gu",
    "hub": "Seoul Station"
   },
   "geometry": {
    "type": "LineString",
    "coordinates": [
     [
      126.928208,
      37.49970205
     ],
     [
      126.92028895,
      37.49992125
     ]
    ]
   }
  },
  {
   "type": "Feature",
   "properties": {
    "origin": "Yongsan-gu",
    "hub": "Seoul Station"
   },
   "geometry": {
    "type": "LineString",
    "coordinates": [
     [
      126.89931285,
      37.570154599999995
     ],
     [
      126.90145905,
      37.57620245
     ]
    ]
   }
  },
  {
   "type": "Feature",
   "properties": {
    "origin": "Yongsan-gu",
    "hub": "Seoul Station"
   },
   "geometry": {
    "type": "LineString",
    "coordinates": [
     [
      126.9944059,
      37.561106433333336
     ],
     [
      127.00777154,
      37.56494996
     ]
    ]
   }
  },
  {
   "type": "Feature",
   "properties": {
    "origin": "Yongsan-gu",
    "hub": "Seoul Station"
   },
   "geometry": {
    "type": "LineString",
    "coordinates": [
     [
      127.130605875,
      37.516118175
     ],
     [
      127.12604145,
      37.5086316
     ]
    ]
   }
  },
  {
   "type": "Feature",
   "properties": {
    "origin": "Yongsan-gu",
    "hub": "Seoul Station"
   },
   "geometry": {
    "type": "LineString",
    "coordinates": [
     [
      127.01376707499999,
      37.56028295
     ],
     [
      127.0104261,
      37.55442283333334
     ]
    ]
   }
  },
  {
   "type": "Feature",
   "properties": {
    "origin": "Yongsan-gu",
    "hub": "Seoul Station"
   },
   "geometry": {
    "type": "LineString",
    "coordinates": [
     [
      126.82772320000001,
      37.566714149999996
     ],
     [
      126.80143015,
      37.562032125
     ]
    ]
   }
  },
  {
   "type": "Feature",
   "properties": {
    "origin": "Yongsan-gu",
    "hub": "Seoul Station"
   },
   "geometry": {
    "type": "LineString",
    "coordinates": [
     [
      127.06081169999999,
      37.9480142
     ],
     [
      127.07422505,
      37.99508315
     ]
    ]
   }
  },
  {
   "type": "Feature",
   "properties": {
    "origin": "Yongsan-gu",
    "hub": "Seoul Station"
   },
   "geometry": {
    "type": "LineString",
    "coordinates": [
     [
      127.0872093,
      37.5045328
     ],
     [
      127.09656525,
      37.5024372
     ]
    ]
   }
  },
  {
   "type": "Feature",
   "properties": {
    "origin": "Yongsan-gu",
    "hub": "Seoul Station"
   },
   "geometry": {
    "type": "LineString",
    "coordinates": [
     [
      127.0842084,
      37.48379075
     ],
     [
      127.10196395,
      37.48746015
     ]
    ]
   }
  },
  {
   "type": "Feature",
   "properties": {
    "origin": "Yongsan-gu",
    "hub": "Seoul Station"
   },
   "geometry": {
    "type": "LineString",
    "coordinates": [
     [
      126.97186830000001,
      37.484363450000004
     ],
     [
      126.95412005,
      37.4956457
     ]
    ]
   }
  },
  {
   "type": "Feature",
   "properties": {
    "origin": "Yongsan-gu",
    "hub": "Seoul Station"
   },
   "geometry": {
    "type": "LineString",
    "coordinates": [
     [
      126.92984775,
      37.61032965
     ],
     [
      126.9209102,
      37.6194877
     ]
    ]
   }
  },
  {
   "type": "Feature",
   "properties": {
    "origin": "Yongsan-gu",
    "hub": "Seoul Station"
   },
   "geometry": {
    "type": "LineString",
    "coordinates": [
     [
      126.9980017,
      37.56663065
     ],
     [
      127.0081378,
      37.5658484
     ]
    ]
   }
  },
  {
   "type": "Feature",
   "properties": {
    "origin": "Yongsan-gu",
    "hub": "Seoul Station"
   },
   "geometry": {
    "type": "LineString",
    "coordinates": [
     [
      127.128077625,
      37.5021865
     ],
     [
      127.1348279,
      37.498074
     ]
    ]
   }
  },
  {
   "type": "Feature",
   "properties": {
    "origin": "Yongsan-gu",
    "hub": "Seoul Station"
   },
   "geometry": {
    "type": "LineString",
    "coordinates": [
     [
      126.92028895,
      37.49992125
     ],
     [
      126.90893539999999,
      37.50012825
     ]
    ]
   }
  },
  {
   "type": "Feature",
   "properties": {
    "origin": "Yongsan-gu",
    "hub": "Seoul Station"
   },
   "geometry": {
    "type": "LineString",
    "coordinates": [
     [
      127.01376707499999,
      37.56028295
     ],
     [
      127.02026115000001,
      37.55442985
     ]
    ]
   }
  },
  {
   "type": "Feature",
   "properties": {
    "origin": "Yongsan-gu",
    "hub": "Seoul Station"
   },
   "geometry": {
    "type": "LineString",
    "coordinates": [
     [
      127.1499094,
      37.4568683
     ],
     [
      127.15982804999999,
      37.451577349999994
     ]
    ]
   }
  },
  {
   "type": "Feature",
   "properties": {
    "origin": "Yongsan-gu",
    "hub": "Seoul Station"
   },
   "geometry": {
    "type": "LineString",
    "coordinates": [
     [
      127.061764025,
      37.623803025
     ],
     [
      127.05886565,
      37.632992
     ]
    ]
   }
  },
  {
   "type": "Feature",
   "properties": {
    "origin": "Yongsan-gu",
    "hub": "Seoul Station"
   },
   "geometry": {
    "type": "LineString",
    "coordinates": [
     [
      126.94233779999999,
      37.54770605
     ],
     [
      126.9319957,
      37.5474678
     ]
    ]
   }
  },
  {
   "type": "Feature",
   "properties": {
    "origin": "Yongsan-gu",
    "hub": "Seoul Station"
   },
   "geometry": {
    "type": "LineString",
    "coordinates": [
     [
      126.99154498333333,
      37.57166261666667
     ],
     [
      127.0021236,
      37.5709815
     ]
    ]
   }
  },
  {
   "type": "Feature",
   "properties": {
    "origin": "Yongsan-gu",
    "hub": "Seoul Station"
   },
   "geometry": {
    "type": "LineString",
    "coordinates": [
     [
      127.08028205,
      37.31343235
     ],
     [
      127.06928805,
      37.29742885
     ]
    ]
   }
  },
  {
   "type": "Feature",
   "properties": {
    "origin": "Yongsan-gu",
    "hub": "Seoul Station"
   },
   "geometry": {
    "type": "LineString",
    "coordinates": [
     [
      126.95613365,
      37.55742545
     ],
     [
      126.94584105,
      37.55676595
     ]
    ]
   }
  },
  {
   "type": "Feature",
   "properties": {
    "origin": "Yongsan-gu",
    "hub": "Seoul Station"
   },
   "geometry": {
    "type": "LineString",
    "coordinates": [
     [
      127.11227210000001,
      37.49963255
     ],
     [
      127.11792632500001,
      37.492728225
     ]
    ]
   }
  },
  {
   "type": "Feature",
   "properties": {
    "origin": "Yongsan-gu",
    "hub": "Seoul Station"
   },
   "geometry": {
    "type": "LineString",
    "coordinates": [
     [
      127.034487975,
      37.484172900000004
     ],
     [
      127.03831555,
      37.47013565
     ]
    ]
   }
  },
  {
   "type": "Feature",
   "properties": {
    "origin": "Yongsan-gu",
    "hub": "Seoul Station"
   },
   "geometry": {
    "type": "LineString",
    "coordinates": [
     [
      126.97613145,
      37.564515325
     ],
     [
      126.96368195,
      37.5593423
     ]
    ]
   }
  },
  {
   "type": "Feature",
   "properties": {
    "origin": "Yongsan-gu",
    "hub": "Seoul Station"
   },
   "geometry": {
    "type": "LineString",
    "coordinates": [
     [
      127.07954310000001,
      37.557182225000005
     ],
     [
      127.0845082,
      37.56628955
     ]
    ]
   }
  },
  {
   "type": "Feature",
   "properties": {
    "origin": "Yongsan-gu",
    "hub": "Seoul Station"
   },
   "geometry": {
    "type": "LineString",
    "coordinates": [
     [
      127.11618745,
      37.6677962
     ],
     [
      127.1910807,
      37.705207650000006
     ]
    ]
   }
  },
  {
   "type": "Feature",
   "properties": {
    "origin": "Yongsan-gu",
    "hub": "Seoul Station"
   },
   "geometry": {
    "type": "LineString",
    "coordinates": [
     [
      126.82350482,
      37.49227992
     ],
     [
      126.8113736,
      37.506238350000004
     ]
    ]
   }
  },
  {
   "type": "Feature",
   "properties": {
    "origin": "Yongsan-gu",
    "hub": "Seoul Station"
   },
   "geometry": {
    "type": "LineString",
    "coordinates": [
     [
      126.98260535,
      37.565950799999996
     ],
     [
      126.99166100000001,
      37.56630906666666
     ]
    ]
   }
  },
  {
   "type": "Feature",
   "properties": {
    "origin": "Yongsan-gu",
    "hub": "Seoul Station"
   },
   "geometry": {
    "type": "LineString",
    "coordinates": [
     [
      126.83748539999999,
      37.55844505
     ],
     [
      126.82474210000001,
      37.5602483
     ]
    ]
   }
  },
  {
   "type": "Feature",
   "properties": {
    "origin": "Yongsan-gu",
    "hub": "Seoul Station"
   },
   "geometry": {
    "type": "LineString",
    "coordinates": [
     [
      127.0158595,
      37.5480153
     ],
     [
      127.0174475,
      37.5416892
     ]
    ]
   }
  },
  {
   "type": "Feature",
   "properties": {
    "origin": "Yongsan-gu",
    "hub": "Seoul Station"
   },
   "geometry": {
    "type": "LineString",
    "coordinates": [
     [
      127.04772775,
      37.6531714
     ],
     [
      127.04432025,
      37.6674863
     ]
    ]
   }
  },
  {
   "type": "Feature",
   "properties": {
    "origin": "Yongsan-gu",
    "hub": "Seoul Station"
   },
   "geometry": {
    "type": "LineString",
    "coordinates": [
     [
      126.89151790000001,
      37.509030114285714
     ],
     [
      126.89486975,
      37.51840285
     ]
    ]
   }
  },
  {
   "type": "Feature",
   "properties": {
    "origin": "Yongsan-gu",
    "hub": "Seoul Station"
   },
   "geometry": {
    "type": "LineString",
    "coordinates": [
     [
      127.10280965,
      37.337877399999996
     ],
     [
      127.09472075,
      37.32251575
     ]
    ]
   }
  },
  {
   "type": "Feature",
   "properties": {
    "origin": "Yongsan-gu",
    "hub": "Seoul Station"
   },
   "geometry": {
    "type": "LineString",
    "coordinates": [
     [
      126.89401819999999,
      37.45556295
     ],
     [
      126.902253,
      37.4353932
     ]
    ]
   }
  },
  {
   "type": "Feature",
   "properties": {
    "origin": "Yongsan-gu",
    "hub": "Seoul Station"
   },
   "geometry": {
    "type": "LineString",
    "coordinates": [
     [
      127.13261646666666,
      37.535815533333334
     ],
     [
      127.14019295,
      37.5383463
     ]
    ]
   }
  },
  {
   "type": "Feature",
   "properties": {
    "origin": "Yongsan-gu",
    "hub": "Seoul Station"
   },
   "geometry": {
    "type": "LineString",
    "coordinates": [
     [
      127.14374885000001,
      37.49335525
     ],
     [
      127.1527687,
      37.49497255
     ]
    ]
   }
  },
  {
   "type": "Feature",
   "properties": {
    "origin": "Yongsan-gu",
    "hub": "Seoul Station"
   },
   "geometry": {
    "type": "LineString",
    "coordinates": [
     [
      127.00488916666667,
      37.50495225
     ],
     [
      127.014221675,
      37.493417775000005
     ]
    ]
   }
  },
  {
   "type": "Feature",
   "properties": {
    "origin": "Yongsan-gu",
    "hub": "Seoul Station"
   },
   "geometry": {
    "type": "LineString",
    "coordinates": [
     [
      127.07422505,
      37.99508315
     ],
     [
      127.0719283,
      38.024529799999996
     ]
    ]
   }
  },
  {
   "type": "Feature",
   "properties": {
    "origin": "Yongsan-gu",
    "hub": "Seoul Station"
   },
   "geometry": {
    "type": "LineString",
    "coordinates": [
     [
      126.97233707999999,
      37.554326859999996
     ],
     [
      126.9784579,
      37.5587505
     ]
    ]
   }
  },
  {
   "type": "Feature",
   "properties": {
    "origin": "Yongsan-gu",
    "hub": "Seoul Station"
   },
   "geometry": {
    "type": "LineString",
    "coordinates": [
     [
      126.95412005,
      37.4956457
     ],
     [
      126.94767085000001,
      37.5032044
     ]
    ]
   }
  },
  {
   "type": "Feature",
   "properties": {
    "origin": "Yongsan-gu",
    "hub": "Seoul Station"
   },
   "geometry": {
    "type": "LineString",
    "coordinates": [
     [
      126.8737509,
      37.6505087
     ],
     [
      126.84291495,
      37.6531073
     ]
    ]
   }
  },
  {
   "type": "Feature",
   "properties": {
    "origin": "Yongsan-gu",
    "hub": "Seoul Station"
   },
   "geometry": {
    "type": "LineString",
    "coordinates": [
     [
      127.0293324,
      37.586299100000005
     ],
     [
      127.03600215,
      37.590341
     ]
    ]
   }
  },
  {
   "type": "Feature",
   "properties": {
    "origin": "Yongsan-gu",
    "hub": "Seoul Station"
   },
   "geometry": {
    "type": "LineString",
    "coordinates": [
     [
      126.73131625,
      37.50701815
     ],
     [
      126.72095709999999,
      37.5074886
     ]
    ]
   }
  },
  {
   "type": "Feature",
   "properties": {
    "origin": "Yongsan-gu",
    "hub": "Seoul Station"
   },
   "geometry": {
    "type": "LineString",
    "coordinates": [
     [
      127.04890495000001,
      37.5044639
     ],
     [
      127.06315430000001,
      37.50884825
     ]
    ]
   }
  },
  {
   "type": "Feature",
   "properties": {
    "origin": "Yongsan-gu",
    "hub": "Seoul Station"
   },
   "geometry": {
    "type": "LineString",
    "coordinates": [
     [
      127.08450145,
      36.78820815
     ],
     [
      127.0528192,
      36.77762405
     ]
    ]
   }
  },
  {
   "type": "Feature",
   "properties": {
    "origin": "Yongsan-gu",
    "hub": "Seoul Station"
   },
   "geometry": {
    "type": "LineString",
    "coordinates": [
     [
      127.3462797,
      37.3505042
     ],
     [
      127.40524690000001,
      37.3156678
     ]
    ]
   }
  },
  {
   "type": "Feature",
   "properties": {
    "origin": "Yongsan-gu",
    "hub": "Seoul Station"
   },
   "geometry": {
    "type": "LineString",
    "coordinates": [
     [
      126.97194730000001,
      37.54513985
     ],
     [
      126.973423125,
      37.53502835
     ]
    ]
   }
  },
  {
   "type": "Feature",
   "properties": {
    "origin": "Yongsan-gu",
    "hub": "Seoul Station"
   },
   "geometry": {
    "type": "LineString",
    "coordinates": [
     [
      127.03472819999999,
      37.57828585
     ],
     [
      127.0448934,
      37.580095799999995
     ]
    ]
   }
  },
  {
   "type": "Feature",
   "properties": {
    "origin": "Yongsan-gu",
    "hub": "Seoul Station"
   },
   "geometry": {
    "type": "LineString",
    "coordinates": [
     [
      127.13790955,
      37.587235899999996
     ],
     [
      127.14078645000001,
      37.602372849999995
     ]
    ]
   }
  },
  {
   "type": "Feature",
   "properties": {
    "origin": "Yongsan-gu",
    "hub": "Seoul Station"
   },
   "geometry": {
    "type": "LineString",
    "coordinates": [
     [
      126.9016665,
      37.48532195
     ],
     [
      126.91341105000001,
      37.487613499999995
     ]
    ]
   }
  },
  {
   "type": "Feature",
   "properties": {
    "origin": "Yongsan-gu",
    "hub": "Seoul Station"
   },
   "geometry": {
    "type": "LineString",
    "coordinates": [
     [
      126.7972585,
      37.5054479
     ],
     [
      126.78718219999999,
      37.5037262
     ]
    ]
   }
  },
  {
   "type": "Feature",
   "properties": {
    "origin": "Yongsan-gu",
    "hub": "Seoul Station"
   },
   "geometry": {
    "type": "LineString",
    "coordinates": [
     [
      127.1225077,
      37.4858574
     ],
     [
      127.1260606,
      37.478900550000006
     ]
    ]
   }
  },
  {
   "type": "Feature",
   "properties": {
    "origin": "Yongsan-gu",
    "hub": "Seoul Station"
   },
   "geometry": {
    "type": "LineString",
    "coordinates": [
     [
      126.94158883333331,
      37.513936916666665
     ],
     [
      126.9284217,
      37.5172956
     ]
    ]
   }
  },
  {
   "type": "Feature",
   "properties": {
    "origin": "Yongsan-gu",
    "hub": "Seoul Station"
   },
   "geometry": {
    "type": "LineString",
    "coordinates": [
     [
      126.92984775,
      37.61032965
     ],
     [
      126.9330576,
      37.6184519
     ]
    ]
   }
  },
  {
   "type": "Feature",
   "properties": {
    "origin": "Yongsan-gu",
    "hub": "Seoul Station"
   },
   "geometry": {
    "type": "LineString",
    "coordinates": [
     [
      127.09471975,
      37.53514475
     ],
     [
      127.1038398,
      37.52067075
     ]
    ]
   }
  },
  {
   "type": "Feature",
   "properties": {
    "origin": "Yongsan-gu",
    "hub": "Seoul Station"
   },
   "geometry": {
    "type": "LineString",
    "coordinates": [
     [
      127.06576275,
      37.6148967
     ],
     [
      127.074925275,
      37.617910925000004
     ]
    ]
   }
  },
  {
   "type": "Feature",
   "properties": {
    "origin": "Yongsan-gu",
    "hub": "Seoul Station"
   },
   "geometry": {
    "type": "LineString",
    "coordinates": [
     [
      126.99154498333333,
      37.57166261666667
     ],
     [
      126.97691345,
      37.57161265
     ]
    ]
   }
  },
  {
   "type": "Feature",
   "properties": {
    "origin": "Yongsan-gu",
    "hub": "Seoul Station"
   },
   "geometry": {
    "type": "LineString",
    "coordinates": [
     [
      126.8170125,
      37.56748705
     ],
     [
      126.8103837,
      37.56346815
     ]
    ]
   }
  },
  {
   "type": "Feature",
   "properties": {
    "origin": "Yongsan-gu",
    "hub": "Seoul Station"
   },
   "geometry": {
    "type": "LineString",
    "coordinates": [
     [
      127.10351095,
      37.5453002
     ],
     [
      127.12332384999999,
      37.538330724999994
     ]
    ]
   }
  },
  {
   "type": "Feature",
   "properties": {
    "origin": "Yongsan-gu",
    "hub": "Seoul Station"
   },
   "geometry": {
    "type": "LineString",
    "coordinates": [
     [
      127.061764025,
      37.623803025
     ],
     [
      127.04772775,
      37.6531714
     ]
    ]
   }
  },
  {
   "type": "Feature",
   "properties": {
    "origin": "Yongsan-gu",
    "hub": "Seoul Station"
   },
   "geometry": {
    "type": "LineString",
    "coordinates": [
     [
      127.07510895,
      37.5112206
     ],
     [
      127.08549585,
      37.5115962
     ]
    ]
   }
  },
  {
   "type": "Feature",
   "properties": {
    "origin": "Yongsan-gu",
    "hub": "Seoul Station"
   },
   "geometry": {
    "type": "LineString",
    "coordinates": [
     [
      126.98621109999999,
      37.5768519
     ],
     [
      126.9735668,
      37.5757585
     ]
    ]
   }
  },
  {
   "type": "Feature",
   "properties": {
    "origin": "Yongsan-gu",
    "hub": "Seoul Station"
   },
   "geometry": {
    "type": "LineString",
    "coordinates": [
     [
      127.00777154,
      37.56494996
     ],
     [
      127.0198127,
      37.56563195
     ]
    ]
   }
  },
  {
   "type": "Feature",
   "properties": {
    "origin": "Yongsan-gu",
    "hub": "Seoul Station"
   },
   "geometry": {
    "type": "LineString",
    "coordinates": [
     [
      127.12136459999999,
      36.79375185
     ],
     [
      127.1044469,
      36.7920852
     ]
    ]
   }
  },
  {
   "type": "Feature",
   "properties": {
    "origin": "Yongsan-gu",
    "hub": "Seoul Station"
   },
   "geometry": {
    "type": "LineString",
    "coordinates": [
     [
      127.05547115,
      37.490908399999995
     ],
     [
      127.0632186,
      37.4944502
     ]
    ]
   }
  },
  {
   "type": "Feature",
   "properties": {
    "origin": "Yongsan-gu",
    "hub": "Seoul Station"
   },
   "geometry": {
    "type": "LineString",
    "coordinates": [
     [
      126.855077,
      37.5611624
     ],
     [
      126.8412122,
      37.568514750000006
     ]
    ]
   }
  },
  {
   "type": "Feature",
   "properties": {
    "origin": "Yongsan-gu",
    "hub": "Seoul Station"
   },
   "geometry": {
    "type": "LineString",
    "coordinates": [
     [
      126.89151790000001,
      37.509030114285714
     ],
     [
      126.89498635,
      37.493286499999996
     ]
    ]
   }
  },
  {
   "type": "Feature",
   "properties": {
    "origin": "Yongsan-gu",
    "hub": "Seoul Station"
   },
   "geometry": {
    "type": "LineString",
    "coordinates": [
     [
      126.8446059,
      37.4943646
     ],
     [
      126.82350482,
      37.49227992
     ]
    ]
   }
  },
  {
   "type": "Feature",
   "properties": {
    "origin": "Yongsan-gu",
    "hub": "Seoul Station"
   },
   "geometry": {
    "type": "LineString",
    "coordinates": [
     [
      127.00173749999999,
      37.5398225
     ],
     [
      127.0066367,
      37.548266
     ]
    ]
   }
  },
  {
   "type": "Feature",
   "properties": {
    "origin": "Yongsan-gu",
    "hub": "Seoul Station"
   },
   "geometry": {
    "type": "LineString",
    "coordinates": [
     [
      126.89498635,
      37.493286499999996
     ],
     [
      126.9016665,
      37.48532195
     ]
    ]
   }
  },
  {
   "type": "Feature",
   "properties": {
    "origin": "Yongsan-gu",
    "hub": "Seoul Station"
   },
   "geometry": {
    "type": "LineString",
    "coordinates": [
     [
      127.02026115000001,
      37.55442985
     ],
     [
      127.0299623,
      37.55758135000001
     ]
    ]
   }
  },
  {
   "type": "Feature",
   "properties": {
    "origin": "Yongsan-gu",
    "hub": "Seoul Station"
   },
   "geometry": {
    "type": "LineString",
    "coordinates": [
     [
      126.948475,
      37.354190625
     ],
     [
      126.94835635,
      37.34334405
     ]
    ]
   }
  },
  {
   "type": "Feature",
   "properties": {
    "origin": "Yongsan-gu",
    "hub": "Seoul Station"
   },
   "geometry": {
    "type": "LineString",
    "coordinates": [
     [
      127.07510895,
      37.5112206
     ],
     [
      127.10697945,
      37.505189625
     ]
    ]
   }
  },
  {
   "type": "Feature",
   "properties": {
    "origin": "Yongsan-gu",
    "hub": "Seoul Station"
   },
   "geometry": {
    "type": "LineString",
    "coordinates": [
     [
      126.973423125,
      37.53502835
     ],
     [
      126.96783339999999,
      37.52914435
     ]
    ]
   }
  },
  {
   "type": "Feature",
   "properties": {
    "origin": "Yongsan-gu",
    "hub": "Seoul Station"
   },
   "geometry": {
    "type": "LineString",
    "coordinates": [
     [
      127.08565575,
      37.59584195
     ],
     [
      127.0794696,
      37.601632
     ]
    ]
   }
  },
  {
   "type": "Feature",
   "properties": {
    "origin": "Yongsan-gu",
    "hub": "Seoul Station"
   },
   "geometry": {
    "type": "LineString",
    "coordinates": [
     [
      126.99154498333333,
      37.57166261666667
     ],
     [
      126.9926834,
      37.5663661
     ]
    ]
   }
  },
  {
   "type": "Feature",
   "properties": {
    "origin": "Yongsan-gu",
    "hub": "Seoul Station"
   },
   "geometry": {
    "type": "LineString",
    "coordinates": [
     [
      127.10841984999999,
      37.3673687
     ],
     [
      127.10889420000001,
      37.3499872
     ]
    ]
   }
  },
  {
   "type": "Feature",
   "properties": {
    "origin": "Yongsan-gu",
    "hub": "Seoul Station"
   },
   "geometry": {
    "type": "LineString",
    "coordinates": [
     [
      126.7423046,
      37.5064953
     ],
     [
      126.73131625,
      37.50701815
     ]
    ]
   }
  },
  {
   "type": "Feature",
   "properties": {
    "origin": "Yongsan-gu",
    "hub": "Seoul Station"
   },
   "geometry": {
    "type": "LineString",
    "coordinates": [
     [
      127.1268624,
      36.91622415
     ],
     [
      127.1489162,
      36.83411695
     ]
    ]
   }
  },
  {
   "type": "Feature",
   "properties": {
    "origin": "Yongsan-gu",
    "hub": "Seoul Station"
   },
   "geometry": {
    "type": "LineString",
    "coordinates": [
     [
      126.82350482,
      37.49227992
     ],
     [
      126.83893090000001,
      37.4863455
     ]
    ]
   }
  },
  {
   "type": "Feature",
   "properties": {
    "origin": "Yongsan-gu",
    "hub": "Seoul Station"
   },
   "geometry": {
    "type": "LineString",
    "coordinates": [
     [
      126.76317800000001,
      37.5047652
     ],
     [
      126.7531662,
      37.505828199999996
     ]
    ]
   }
  },
  {
   "type": "Feature",
   "properties": {
    "origin": "Yongsan-gu",
    "hub": "Seoul Station"
   },
   "geometry": {
    "type": "LineString",
    "coordinates": [
     [
      126.98317564999999,
      37.57016135
     ],
     [
      126.99154498333333,
      37.57166261666667
     ]
    ]
   }
  },
  {
   "type": "Feature",
   "properties": {
    "origin": "Yongsan-gu",
    "hub": "Seoul Station"
   },
   "geometry": {
    "type": "LineString",
    "coordinates": [
     [
      126.89401819999999,
      37.45556295
     ],
     [
      126.88474295,
      37.41637275
     ]
    ]
   }
  },
  {
   "type": "Feature",
   "properties": {
    "origin": "Yongsan-gu",
    "hub": "Seoul Station"
   },
   "geometry": {
    "type": "LineString",
    "coordinates": [
     [
      127.0623938,
      37.110096850000005
     ],
     [
      127.05432010000001,
      37.0759581
     ]
    ]
   }
  },
  {
   "type": "Feature",
   "properties": {
    "origin": "Yongsan-gu",
    "hub": "Seoul Station"
   },
   "geometry": {
    "type": "LineString",
    "coordinates": [
     [
      127.00488916666667,
      37.50495225
     ],
     [
      127.0151398,
      37.5042952
     ]
    ]
   }
  },
  {
   "type": "Feature",
   "properties": {
    "origin": "Yongsan-gu",
    "hub": "Seoul Station"
   },
   "geometry": {
    "type": "LineString",
    "coordinates": [
     [
      127.08552125,
      36.99061495
     ],
     [
      127.1268624,
      36.91622415
     ]
    ]
   }
  },
  {
   "type": "Feature",
   "properties": {
    "origin": "Yongsan-gu",
    "hub": "Seoul Station"
   },
   "geometry": {
    "type": "LineString",
    "coordinates": [
     [
      126.92069475,
      37.619039
     ],
     [
      126.9187721,
      37.6368537
     ]
    ]
   }
  },
  {
   "type": "Feature",
   "properties": {
    "origin": "Yongsan-gu",
    "hub": "Seoul Station"
   },
   "geometry": {
    "type": "LineString",
    "coordinates": [
     [
      127.03690639999999,
      37.500806350000005
     ],
     [
      127.04890495000001,
      37.5044639
     ]
    ]
   }
  },
  {
   "type": "Feature",
   "properties": {
    "origin": "Yongsan-gu",
    "hub": "Seoul Station"
   },
   "geometry": {
    "type": "LineString",
    "coordinates": [
     [
      126.9319957,
      37.5474678
     ],
     [
      126.9229235,
      37.547759049999996
     ]
    ]
   }
  },
  {
   "type": "Feature",
   "properties": {
    "origin": "Yongsan-gu",
    "hub": "Seoul Station"
   },
   "geometry": {
    "type": "LineString",
    "coordinates": [
     [
      127.02494235,
      37.575267100000005
     ],
     [
      127.0381884,
      37.573983150000004
     ]
    ]
   }
  },
  {
   "type": "Feature",
   "properties": {
    "origin": "Yongsan-gu",
    "hub": "Seoul Station"
   },
   "geometry": {
    "type": "LineString",
    "coordinates": [
     [
      126.999739925,
      37.266122525
     ],
     [
      127.01371209999999,
      37.244152
     ]
    ]
   }
  },
  {
   "type": "Feature",
   "properties": {
    "origin": "Yongsan-gu",
    "hub": "Seoul Station"
   },
   "geometry": {
    "type": "LineString",
    "coordinates": [
     [
      126.75233173333334,
      37.487693199999995
     ],
     [
      126.74075975,
      37.488480300000006
     ]
    ]
   }
  },
  {
   "type": "Feature",
   "properties": {
    "origin": "Yongsan-gu",
    "hub": "Seoul Station"
   },
   "geometry": {
    "type": "LineString",
    "coordinates": [
     [
      127.0734209,
      37.66069845
     ],
     [
      127.079078,
      37.67024585
     ]
    ]
   }
  },
  {
   "type": "Feature",
   "properties": {
    "origin": "Yongsan-gu",
    "hub": "Seoul Station"
   },
   "geometry": {
    "type": "LineString",
    "coordinates": [
     [
      127.0171379,
      37.573444800000004
     ],
     [
      127.02494235,
      37.575267100000005
     ]
    ]
   }
  },
  {
   "type": "Feature",
   "properties": {
    "origin": "Yongsan-gu",
    "hub": "Seoul Station"
   },
   "geometry": {
    "type": "LineString",
    "coordinates": [
     [
      127.01376707499999,
      37.56028295
     ],
     [
      127.01619545,
      37.5664047
     ]
    ]
   }
  },
  {
   "type": "Feature",
   "properties": {
    "origin": "Yongsan-gu",
    "hub": "Seoul Station"
   },
   "geometry": {
    "type": "LineString",
    "coordinates": [
     [
      127.0861764,
      37.5371514
     ],
     [
      127.09471975,
      37.53514475
     ]
    ]
   }
  },
  {
   "type": "Feature",
   "properties": {
    "origin": "Yongsan-gu",
    "hub": "Seoul Station"
   },
   "geometry": {
    "type": "LineString",
    "coordinates": [
     [
      126.97941087499999,
      37.50293935
     ],
     [
      126.98678254999999,
      37.50129185
     ]
    ]
   }
  },
  {
   "type": "Feature",
   "properties": {
    "origin": "Yongsan-gu",
    "hub": "Seoul Station"
   },
   "geometry": {
    "type": "LineString",
    "coordinates": [
     [
      127.0637886,
      37.5963116
     ],
     [
      127.06730005,
      37.601798450000004
     ]
    ]
   }
  },
  {
   "type": "Feature",
   "properties": {
    "origin": "Yongsan-gu",
    "hub": "Seoul Station"
   },
   "geometry": {
    "type": "LineString",
    "coordinates": [
     [
      126.9033939,
      37.563522750000004
     ],
     [
      126.89931285,
      37.570154599999995
     ]
    ]
   }
  },
  {
   "type": "Feature",
   "properties": {
    "origin": "Yongsan-gu",
    "hub": "Seoul Station"
   },
   "geometry": {
    "type": "LineString",
    "coordinates": [
     [
      126.8666104,
      37.30282205
     ],
     [
      126.8384926,
      37.31602785
     ]
    ]
   }
  },
  {
   "type": "Feature",
   "properties": {
    "origin": "Yongsan-gu",
    "hub": "Seoul Station"
   },
   "geometry": {
    "type": "LineString",
    "coordinates": [
     [
      126.9442481,
      37.5887266
     ],
     [
      126.9357817,
      37.6009659
     ]
    ]
   }
  },
  {
   "type": "Feature",
   "properties": {
    "origin": "Yongsan-gu",
    "hub": "Seoul Station"
   },
   "geometry": {
    "type": "LineString",
    "coordinates": [
     [
      127.1113607,
      37.394543375
     ],
     [
      126.89696864999999,
      37.450512
     ]
    ]
   }
  },
  {
   "type": "Feature",
   "properties": {
    "origin": "Yongsan-gu",
    "hub": "Seoul Station"
   },
   "geometry": {
    "type": "LineString",
    "coordinates": [
     [
      126.89547454999999,
      37.65312725
     ],
     [
      126.8737509,
      37.6505087
     ]
    ]
   }
  },
  {
   "type": "Feature",
   "properties": {
    "origin": "Yongsan-gu",
    "hub": "Seoul Station"
   },
   "geometry": {
    "type": "LineString",
    "coordinates": [
     [
      127.44218375,
      37.264238899999995
     ],
     [
      127.49032700000001,
      37.260404449999996
     ]
    ]
   }
  },
  {
   "type": "Feature",
   "properties": {
    "origin": "Yongsan-gu",
    "hub": "Seoul Station"
   },
   "geometry": {
    "type": "LineString",
    "coordinates": [
     [
      127.0795056,
      37.493654
     ],
     [
      127.0842084,
      37.48379075
     ]
    ]
   }
  },
  {
   "type": "Feature",
   "properties": {
    "origin": "Yongsan-gu",
    "hub": "Seoul Station"
   },
   "geometry": {
    "type": "LineString",
    "coordinates": [
     [
      127.01524715,
      37.5797842
     ],
     [
      127.0193235,
      37.585281550000005
     ]
    ]
   }
  },
  {
   "type": "Feature",
   "properties": {
    "origin": "Yongsan-gu",
    "hub": "Seoul Station"
   },
   "geometry": {
    "type": "LineString",
    "coordinates": [
     [
      127.01568155000001,
      37.5723877
     ],
     [
      127.01524715,
      37.5797842
     ]
    ]
   }
  },
  {
   "type": "Feature",
   "properties": {
    "origin": "Yongsan-gu",
    "hub": "Seoul Station"
   },
   "geometry": {
    "type": "LineString",
    "coordinates": [
     [
      126.83262855000001,
      37.6346248
     ],
     [
      126.8109994,
      37.6316918
     ]
    ]
   }
  },
  {
   "type": "Feature",
   "properties": {
    "origin": "Yongsan-gu",
    "hub": "Seoul Station"
   },
   "geometry": {
    "type": "LineString",
    "coordinates": [
     [
      126.87543819999999,
      37.5470354
     ],
     [
      126.86459835,
      37.5512139
     ]
    ]
   }
  },
  {
   "type": "Feature",
   "properties": {
    "origin": "Yongsan-gu",
    "hub": "Seoul Station"
   },
   "geometry": {
    "type": "LineString",
    "coordinates": [
     [
      126.91015010000001,
      37.55599395
     ],
     [
      126.9033939,
      37.563522750000004
     ]
    ]
   }
  },
  {
   "type": "Feature",
   "properties": {
    "origin": "Yongsan-gu",
    "hub": "Seoul Station"
   },
   "geometry": {
    "type": "LineString",
    "coordinates": [
     [
      127.00195554999999,
      37.58214475
     ],
     [
      127.00636765,
      37.5885974
     ]
    ]
   }
  },
  {
   "type": "Feature",
   "properties": {
    "origin": "Yongsan-gu",
    "hub": "Seoul Station"
   },
   "geometry": {
    "type": "LineString",
    "coordinates": [
     [
      127.04772775,
      37.6531714
     ],
     [
      127.046312175,
      37.689562124999995
     ]
    ]
   }
  },
  {
   "type": "Feature",
   "properties": {
    "origin": "Yongsan-gu",
    "hub": "Seoul Station"
   },
   "geometry": {
    "type": "LineString",
    "coordinates": [
     [
      126.99154498333333,
      37.57166261666667
     ],
     [
      126.98621109999999,
      37.5768519
     ]
    ]
   }
  },
  {
   "type": "Feature",
   "properties": {
    "origin": "Yongsan-gu",
    "hub": "Seoul Station"
   },
   "geometry": {
    "type": "LineString",
    "coordinates": [
     [
      127.5706498,
      37.29361915
     ],
     [
      127.6285664,
      37.2828151
     ]
    ]
   }
  },
  {
   "type": "Feature",
   "properties": {
    "origin": "Yongsan-gu",
    "hub": "Seoul Station"
   },
   "geometry": {
    "type": "LineString",
    "coordinates": [
     [
      127.014221675,
      37.493417775000005
     ],
     [
      127.0076332,
      37.49182365
     ]
    ]
   }
  },
  {
   "type": "Feature",
   "properties": {
    "origin": "Yongsan-gu",
    "hub": "Seoul Station"
   },
   "geometry": {
    "type": "LineString",
    "coordinates": [
     [
      126.83893090000001,
      37.4863455
     ],
     [
      126.85431915000001,
      37.4794557
     ]
    ]
   }
  },
  {
   "type": "Feature",
   "properties": {
    "origin": "Yongsan-gu",
    "hub": "Seoul Station"
   },
   "geometry": {
    "type": "LineString",
    "coordinates": [
     [
      126.8751531,
      37.5245537
     ],
     [
      126.86451070000001,
      37.5261224
     ]
    ]
   }
  },
  {
   "type": "Feature",
   "properties": {
    "origin": "Yongsan-gu",
    "hub": "Seoul Station"
   },
   "geometry": {
    "type": "LineString",
    "coordinates": [
     [
      126.9135165,
      37.5491801
     ],
     [
      126.91015010000001,
      37.55599395
     ]
    ]
   }
  },
  {
   "type": "Feature",
   "properties": {
    "origin": "Yongsan-gu",
    "hub": "Seoul Station"
   },
   "geometry": {
    "type": "LineString",
    "coordinates": [
     [
      127.12062259999999,
      37.530676150000005
     ],
     [
      127.11266905,
      37.5175106
     ]
    ]
   }
  },
  {
   "type": "Feature",
   "properties": {
    "origin": "Yongsan-gu",
    "hub": "Seoul Station"
   },
   "geometry": {
    "type": "LineString",
    "coordinates": [
     [
      126.67902043333333,
      37.4651555
     ],
     [
      126.6686176,
      37.46610149999999
     ]
    ]
   }
  },
  {
   "type": "Feature",
   "properties": {
    "origin": "Yongsan-gu",
    "hub": "Seoul Station"
   },
   "geometry": {
    "type": "LineString",
    "coordinates": [
     [
      126.98651129999999,
      37.53475175
     ],
     [
      126.9943796,
      37.5345035
     ]
    ]
   }
  },
  {
   "type": "Feature",
   "properties": {
    "origin": "Yongsan-gu",
    "hub": "Seoul Station"
   },
   "geometry": {
    "type": "LineString",
    "coordinates": [
     [
      127.0605474,
      37.6544077
     ],
     [
      127.05761670000001,
      37.66551795
     ]
    ]
   }
  },
  {
   "type": "Feature",
   "properties": {
    "origin": "Yongsan-gu",
    "hub": "Seoul Station"
   },
   "geometry": {
    "type": "LineString",
    "coordinates": [
     [
      127.15379125000001,
      37.5549799
     ],
     [
      127.16654776666667,
      37.5567598
     ]
    ]
   }
  },
  {
   "type": "Feature",
   "properties": {
    "origin": "Yongsan-gu",
    "hub": "Seoul Station"
   },
   "geometry": {
    "type": "LineString",
    "coordinates": [
     [
      127.046312175,
      37.689562124999995
     ],
     [
      127.0473907,
      37.710314
     ]
    ]
   }
  },
  {
   "type": "Feature",
   "properties": {
    "origin": "Yongsan-gu",
    "hub": "Seoul Station"
   },
   "geometry": {
    "type": "LineString",
    "coordinates": [
     [
      127.03457474999999,
      37.648415549999996
     ],
     [
      127.0466586,
      37.6529636
     ]
    ]
   }
  },
  {
   "type": "Feature",
   "properties": {
    "origin": "Yongsan-gu",
    "hub": "Seoul Station"
   },
   "geometry": {
    "type": "LineString",
    "coordinates": [
     [
      127.2034043,
      37.4086408
     ],
     [
      127.2532829,
      37.39889945
     ]
    ]
   }
  },
  {
   "type": "Feature",
   "properties": {
    "origin": "Yongsan-gu",
    "hub": "Seoul Station"
   },
   "geometry": {
    "type": "LineString",
    "coordinates": [
     [
      126.8822843222222,
      37.50327466666667
     ],
     [
      126.811999475,
      37.485282874999996
     ]
    ]
   }
  },
  {
   "type": "Feature",
   "properties": {
    "origin": "Yongsan-gu",
    "hub": "Seoul Station"
   },
   "geometry": {
    "type": "LineString",
    "coordinates": [
     [
      127.142957,
      37.545654
     ],
     [
      127.14408005,
      37.5519235
     ]
    ]
   }
  },
  {
   "type": "Feature",
   "properties": {
    "origin": "Yongsan-gu",
    "hub": "Seoul Station"
   },
   "geometry": {
    "type": "LineString",
    "coordinates": [
     [
      126.9229235,
      37.547759049999996
     ],
     [
      126.9135165,
      37.5491801
     ]
    ]
   }
  },
  {
   "type": "Feature",
   "properties": {
    "origin": "Yongsan-gu",
    "hub": "Seoul Station"
   },
   "geometry": {
    "type": "LineString",
    "coordinates": [
     [
      127.027783275,
      37.497521625000005
     ],
     [
      127.03690639999999,
      37.500806350000005
     ]
    ]
   }
  },
  {
   "type": "Feature",
   "properties": {
    "origin": "Yongsan-gu",
    "hub": "Seoul Station"
   },
   "geometry": {
    "type": "LineString",
    "coordinates": [
     [
      126.85895063333334,
      37.4945512
     ],
     [
      126.8446059,
      37.4943646
     ]
    ]
   }
  },
  {
   "type": "Feature",
   "properties": {
    "origin": "Yongsan-gu",
    "hub": "Seoul Station"
   },
   "geometry": {
    "type": "LineString",
    "coordinates": [
     [
      127.0174475,
      37.5416892
     ],
     [
      127.0284705,
      37.5261356
     ]
    ]
   }
  },
  {
   "type": "Feature",
   "properties": {
    "origin": "Yongsan-gu",
    "hub": "Seoul Station"
   },
   "geometry": {
    "type": "LineString",
    "coordinates": [
     [
      126.78718219999999,
      37.5037262
     ],
     [
      126.77621479999999,
      37.50304175
     ]
    ]
   }
  },
  {
   "type": "Feature",
   "properties": {
    "origin": "Yongsan-gu",
    "hub": "Seoul Station"
   },
   "geometry": {
    "type": "LineString",
    "coordinates": [
     [
      126.92069475,
      37.619039
     ],
     [
      126.9170995,
      37.6110401
     ]
    ]
   }
  },
  {
   "type": "Feature",
   "properties": {
    "origin": "Yongsan-gu",
    "hub": "Seoul Station"
   },
   "geometry": {
    "type": "LineString",
    "coordinates": [
     [
      126.811999475,
      37.485282874999996
     ],
     [
      126.78272705,
      37.484111150000004
     ]
    ]
   }
  },
  {
   "type": "Feature",
   "properties": {
    "origin": "Yongsan-gu",
    "hub": "Seoul Station"
   },
   "geometry": {
    "type": "LineString",
    "coordinates": [
     [
      127.14078645000001,
      37.602372849999995
     ],
     [
      127.13808069999999,
      37.61096805
     ]
    ]
   }
  },
  {
   "type": "Feature",
   "properties": {
    "origin": "Yongsan-gu",
    "hub": "Seoul Station"
   },
   "geometry": {
    "type": "LineString",
    "coordinates": [
     [
      126.97613145,
      37.564515325
     ],
     [
      126.98260535,
      37.565950799999996
     ]
    ]
   }
  },
  {
   "type": "Feature",
   "properties": {
    "origin": "Yongsan-gu",
    "hub": "Seoul Station"
   },
   "geometry": {
    "type": "LineString",
    "coordinates": [
     [
      127.0331232,
      37.206827425
     ],
     [
      127.05188079999999,
      37.19572315
     ]
    ]
   }
  },
  {
   "type": "Feature",
   "properties": {
    "origin": "Yongsan-gu",
    "hub": "Seoul Station"
   },
   "geometry": {
    "type": "LineString",
    "coordinates": [
     [
      126.91801478333333,
      37.516964349999995
     ],
     [
      126.90512775,
      37.522699349999996
     ]
    ]
   }
  },
  {
   "type": "Feature",
   "properties": {
    "origin": "Yongsan-gu",
    "hub": "Seoul Station"
   },
   "geometry": {
    "type": "LineString",
    "coordinates": [
     [
      126.9697911,
      37.3003187
     ],
     [
      126.999739925,
      37.266122525
     ]
    ]
   }
  },
  {
   "type": "Feature",
   "properties": {
    "origin": "Yongsan-gu",
    "hub": "Seoul Station"
   },
   "geometry": {
    "type": "LineString",
    "coordinates": [
     [
      126.80143015,
      37.562032125
     ],
     [
      126.7968626,
      37.578372200000004
     ]
    ]
   }
  },
  {
   "type": "Feature",
   "properties": {
    "origin": "Yongsan-gu",
    "hub": "Seoul Station"
   },
   "geometry": {
    "type": "LineString",
    "coordinates": [
     [
      127.0193235,
      37.585281550000005
     ],
     [
      127.0293324,
      37.586299100000005
     ]
    ]
   }
  },
  {
   "type": "Feature",
   "properties": {
    "origin": "Yongsan-gu",
    "hub": "Seoul Station"
   },
   "geometry": {
    "type": "LineString",
    "coordinates": [
     [
      127.07954310000001,
      37.557182225000005
     ],
     [
      127.08979414999999,
      37.55168905
     ]
    ]
   }
  },
  {
   "type": "Feature",
   "properties": {
    "origin": "Yongsan-gu",
    "hub": "Seoul Station"
   },
   "geometry": {
    "type": "LineString",
    "coordinates": [
     [
      126.94158883333331,
      37.513936916666665
     ],
     [
      126.92414654999999,
      37.52167905
     ]
    ]
   }
  },
  {
   "type": "Feature",
   "properties": {
    "origin": "Yongsan-gu",
    "hub": "Seoul Station"
   },
   "geometry": {
    "type": "LineString",
    "coordinates": [
     [
      126.94158883333331,
      37.513936916666665
     ],
     [
      126.9535754,
      37.5129714
     ]
    ]
   }
  },
  {
   "type": "Feature",
   "properties": {
    "origin": "Yongsan-gu",
    "hub": "Seoul Station"
   },
   "geometry": {
    "type": "LineString",
    "coordinates": [
     [
      127.130605875,
      37.516118175
     ],
     [
      127.13834015,
      37.519871
     ]
    ]
   }
  },
  {
   "type": "Feature",
   "properties": {
    "origin": "Yongsan-gu",
    "hub": "Seoul Station"
   },
   "geometry": {
    "type": "LineString",
    "coordinates": [
     [
      127.0065527,
      37.43572845
     ],
     [
      126.99683205,
      37.433065299999996
     ]
    ]
   }
  },
  {
   "type": "Feature",
   "properties": {
    "origin": "Yongsan-gu",
    "hub": "Seoul Station"
   },
   "geometry": {
    "type": "LineString",
    "coordinates": [
     [
      127.05752925,
      37.589549649999995
     ],
     [
      127.0637886,
      37.5963116
     ]
    ]
   }
  },
  {
   "type": "Feature",
   "properties": {
    "origin": "Yongsan-gu",
    "hub": "Seoul Station"
   },
   "geometry": {
    "type": "LineString",
    "coordinates": [
     [
      127.0461737,
      37.73766193333333
     ],
     [
      127.04440685,
      37.7483781
     ]
    ]
   }
  },
  {
   "type": "Feature",
   "properties": {
    "origin": "Yongsan-gu",
    "hub": "Seoul Station"
   },
   "geometry": {
    "type": "LineString",
    "coordinates": [
     [
      126.9357817,
      37.6009659
     ],
     [
      126.92984775,
      37.61032965
     ]
    ]
   }
  },
  {
   "type": "Feature",
   "properties": {
    "origin": "Yongsan-gu",
    "hub": "Seoul Station"
   },
   "geometry": {
    "type": "LineString",
    "coordinates": [
     [
      127.0414675,
      37.6019369
     ],
     [
      127.04824445,
      37.606223
     ]
    ]
   }
  },
  {
   "type": "Feature",
   "properties": {
    "origin": "Yongsan-gu",
    "hub": "Seoul Station"
   },
   "geometry": {
    "type": "LineString",
    "coordinates": [
     [
      127.13261646666666,
      37.535815533333334
     ],
     [
      127.1362466,
      37.527798950000005
     ]
    ]
   }
  },
  {
   "type": "Feature",
   "properties": {
    "origin": "Yongsan-gu",
    "hub": "Seoul Station"
   },
   "geometry": {
    "type": "LineString",
    "coordinates": [
     [
      126.92414654999999,
      37.52167905
     ],
     [
      126.90267904999999,
      37.534194199999995
     ]
    ]
   }
  },
  {
   "type": "Feature",
   "properties": {
    "origin": "Yongsan-gu",
    "hub": "Seoul Station"
   },
   "geometry": {
    "type": "LineString",
    "coordinates": [
     [
      126.933021475,
      37.358028000000004
     ],
     [
      126.8666104,
      37.30282205
     ]
    ]
   }
  },
  {
   "type": "Feature",
   "properties": {
    "origin": "Yongsan-gu",
    "hub": "Seoul Station"
   },
   "geometry": {
    "type": "LineString",
    "coordinates": [
     [
      127.09109065,
      37.617416899999995
     ],
     [
      127.1046462,
      37.6124026
     ]
    ]
   }
  },
  {
   "type": "Feature",
   "properties": {
    "origin": "Yongsan-gu",
    "hub": "Seoul Station"
   },
   "geometry": {
    "type": "LineString",
    "coordinates": [
     [
      126.94158883333331,
      37.513936916666665
     ],
     [
      126.9274886,
      37.5133478
     ]
    ]
   }
  },
  {
   "type": "Feature",
   "properties": {
    "origin": "Yongsan-gu",
    "hub": "Seoul Station"
   },
   "geometry": {
    "type": "LineString",
    "coordinates": [
     [
      126.7028595,
      37.470726125
     ],
     [
      126.6933966,
      37.4647324
     ]
    ]
   }
  },
  {
   "type": "Feature",
   "properties": {
    "origin": "Yongsan-gu",
    "hub": "Seoul Station"
   },
   "geometry": {
    "type": "LineString",
    "coordinates": [
     [
      126.8861202,
      37.5256362
     ],
     [
      126.8751531,
      37.5245537
     ]
    ]
   }
  },
  {
   "type": "Feature",
   "properties": {
    "origin": "Yongsan-gu",
    "hub": "Seoul Station"
   },
   "geometry": {
    "type": "LineString",
    "coordinates": [
     [
      126.9503622,
      37.5823342
     ],
     [
      126.9442481,
      37.5887266
     ]
    ]
   }
  },
  {
   "type": "Feature",
   "properties": {
    "origin": "Yongsan-gu",
    "hub": "Seoul Station"
   },
   "geometry": {
    "type": "LineString",
    "coordinates": [
     [
      126.724560725,
      37.489460875000006
     ],
     [
      126.67902043333333,
      37.4651555
     ]
    ]
   }
  },
  {
   "type": "Feature",
   "properties": {
    "origin": "Yongsan-gu",
    "hub": "Seoul Station"
   },
   "geometry": {
    "type": "LineString",
    "coordinates": [
     [
      126.8465805,
      37.53185633333333
     ],
     [
      126.84038305,
      37.54170345
     ]
    ]
   }
  },
  {
   "type": "Feature",
   "properties": {
    "origin": "Yongsan-gu",
    "hub": "Seoul Station"
   },
   "geometry": {
    "type": "LineString",
    "coordinates": [
     [
      127.054875,
      37.9275599
     ],
     [
      127.06081169999999,
      37.9480142
     ]
    ]
   }
  },
  {
   "type": "Feature",
   "properties": {
    "origin": "Yongsan-gu",
    "hub": "Seoul Station"
   },
   "geometry": {
    "type": "LineString",
    "coordinates": [
     [
      127.0461737,
      37.73766193333333
     ],
     [
      127.0423314,
      37.7593989
     ]
    ]
   }
  },
  {
   "type": "Feature",
   "properties": {
    "origin": "Yongsan-gu",
    "hub": "Seoul Station"
   },
   "geometry": {
    "type": "LineString",
    "coordinates": [
     [
      127.074925275,
      37.617910925000004
     ],
     [
      127.07760615000001,
      37.61143885
     ]
    ]
   }
  },
  {
   "type": "Feature",
   "properties": {
    "origin": "Yongsan-gu",
    "hub": "Seoul Station"
   },
   "geometry": {
    "type": "LineString",
    "coordinates": [
     [
      127.0164111,
      37.592665
     ],
     [
      127.02494089999999,
      37.603309749999994
     ]
    ]
   }
  },
  {
   "type": "Feature",
   "properties": {
    "origin": "Yongsan-gu",
    "hub": "Seoul Station"
   },
   "geometry": {
    "type": "LineString",
    "coordinates": [
     [
      127.05288045,
      37.05648574999999
     ],
     [
      127.08552125,
      36.99061495
     ]
    ]
   }
  },
  {
   "type": "Feature",
   "properties": {
    "origin": "Yongsan-gu",
    "hub": "Seoul Station"
   },
   "geometry": {
    "type": "LineString",
    "coordinates": [
     [
      126.9578751,
      37.5745552
     ],
     [
      126.9503622,
      37.5823342
     ]
    ]
   }
  },
  {
   "type": "Feature",
   "properties": {
    "origin": "Yongsan-gu",
    "hub": "Seoul Station"
   },
   "geometry": {
    "type": "LineString",
    "coordinates": [
     [
      126.9155872,
      37.5986062
     ],
     [
      126.9137366,
      37.59167145
     ]
    ]
   }
  },
  {
   "type": "Feature",
   "properties": {
    "origin": "Yongsan-gu",
    "hub": "Seoul Station"
   },
   "geometry": {
    "type": "LineString",
    "coordinates": [
     [
      127.12760195,
      37.3946471
     ],
     [
      127.2033703,
      37.4086667
     ]
    ]
   }
  },
  {
   "type": "Feature",
   "properties": {
    "origin": "Yongsan-gu",
    "hub": "Seoul Station"
   },
   "geometry": {
    "type": "LineString",
    "coordinates": [
     [
      126.78272705,
      37.484111150000004
     ],
     [
      126.7641426,
      37.48670185
     ]
    ]
   }
  },
  {
   "type": "Feature",
   "properties": {
    "origin": "Yongsan-gu",
    "hub": "Seoul Station"
   },
   "geometry": {
    "type": "LineString",
    "coordinates": [
     [
      127.15982804999999,
      37.451577349999994
     ],
     [
      127.15677604999999,
      37.44508145
     ]
    ]
   }
  },
  {
   "type": "Feature",
   "properties": {
    "origin": "Yongsan-gu",
    "hub": "Seoul Station"
   },
   "geometry": {
    "type": "LineString",
    "coordinates": [
     [
      127.0615646,
      37.8432631
     ],
     [
      127.05581495,
      37.89235135
     ]
    ]
   }
  },
  {
   "type": "Feature",
   "properties": {
    "origin": "Yongsan-gu",
    "hub": "Seoul Station"
   },
   "geometry": {
    "type": "LineString",
    "coordinates": [
     [
      126.9784579,
      37.5587505
     ],
     [
      126.9862921,
      37.5608956
     ]
    ]
   }
  },
  {
   "type": "Feature",
   "properties": {
    "origin": "Yongsan-gu",
    "hub": "Seoul Station"
   },
   "geometry": {
    "type": "LineString",
    "coordinates": [
     [
      127.14019295,
      37.5383463
     ],
     [
      127.142957,
      37.545654
     ]
    ]
   }
  },
  {
   "type": "Feature",
   "properties": {
    "origin": "Yongsan-gu",
    "hub": "Seoul Station"
   },
   "geometry": {
    "type": "LineString",
    "coordinates": [
     [
      126.92560309999999,
      37.35054165
     ],
     [
      126.91689894999999,
      37.3279736
     ]
    ]
   }
  },
  {
   "type": "Feature",
   "properties": {
    "origin": "Yongsan-gu",
    "hub": "Seoul Station"
   },
   "geometry": {
    "type": "LineString",
    "coordinates": [
     [
      127.0666711,
      37.1448264
     ],
     [
      127.0623938,
      37.110096850000005
     ]
    ]
   }
  },
  {
   "type": "Feature",
   "properties": {
    "origin": "Yongsan-gu",
    "hub": "Seoul Station"
   },
   "geometry": {
    "type": "LineString",
    "coordinates": [
     [
      127.05288045,
      37.05648574999999
     ],
     [
      127.0704264,
      37.01900175
     ]
    ]
   }
  },
  {
   "type": "Feature",
   "properties": {
    "origin": "Yongsan-gu",
    "hub": "Seoul Station"
   },
   "geometry": {
    "type": "LineString",
    "coordinates": [
     [
      127.00789135,
      37.4438108
     ],
     [
      127.0065527,
      37.43572845
     ]
    ]
   }
  },
  {
   "type": "Feature",
   "properties": {
    "origin": "Yongsan-gu",
    "hub": "Seoul Station"
   },
   "geometry": {
    "type": "LineString",
    "coordinates": [
     [
      126.8659206,
      37.51228415
     ],
     [
      126.85303115,
      37.5200209
     ]
    ]
   }
  },
  {
   "type": "Feature",
   "properties": {
    "origin": "Yongsan-gu",
    "hub": "Seoul Station"
   },
   "geometry": {
    "type": "LineString",
    "coordinates": [
     [
      126.930398,
      37.6098806
     ],
     [
      126.92069475,
      37.619039
     ]
    ]
   }
  },
  {
   "type": "Feature",
   "properties": {
    "origin": "Yongsan-gu",
    "hub": "Seoul Station"
   },
   "geometry": {
    "type": "LineString",
    "coordinates": [
     [
      127.08979414999999,
      37.55168905
     ],
     [
      127.10351095,
      37.5453002
     ]
    ]
   }
  },
  {
   "type": "Feature",
   "properties": {
    "origin": "Yongsan-gu",
    "hub": "Seoul Station"
   },
   "geometry": {
    "type": "LineString",
    "coordinates": [
     [
      127.14656635,
      36.8109339
     ],
     [
      127.13607164999999,
      36.801399849999996
     ]
    ]
   }
  },
  {
   "type": "Feature",
   "properties": {
    "origin": "Yongsan-gu",
    "hub": "Seoul Station"
   },
   "geometry": {
    "type": "LineString",
    "coordinates": [
     [
      127.03457474999999,
      37.648415549999996
     ],
     [
      127.0488204,
      37.6534371
     ]
    ]
   }
  },
  {
   "type": "Feature",
   "properties": {
    "origin": "Yongsan-gu",
    "hub": "Seoul Station"
   },
   "geometry": {
    "type": "LineString",
    "coordinates": [
     [
      127.074925275,
      37.617910925000004
     ],
     [
      127.0837107,
      37.61978165
     ]
    ]
   }
  },
  {
   "type": "Feature",
   "properties": {
    "origin": "Yongsan-gu",
    "hub": "Seoul Station"
   },
   "geometry": {
    "type": "LineString",
    "coordinates": [
     [
      127.11280625,
      37.5112663
     ],
     [
      127.11626145,
      37.5167248
     ]
    ]
   }
  },
  {
   "type": "Feature",
   "properties": {
    "origin": "Yongsan-gu",
    "hub": "Seoul Station"
   },
   "geometry": {
    "type": "LineString",
    "coordinates": [
     [
      126.91341105000001,
      37.487613499999995
     ],
     [
      126.929697,
      37.4842352
     ]
    ]
   }
  },
  {
   "type": "Feature",
   "properties": {
    "origin": "Yongsan-gu",
    "hub": "Seoul Station"
   },
   "geometry": {
    "type": "LineString",
    "coordinates": [
     [
      126.99166100000001,
      37.56630906666666
     ],
     [
      126.9980017,
      37.56663065
     ]
    ]
   }
  },
  {
   "type": "Feature",
   "properties": {
    "origin": "Yongsan-gu",
    "hub": "Seoul Station"
   },
   "geometry": {
    "type": "LineString",
    "coordinates": [
     [
      126.9735668,
      37.5757585
     ],
     [
      126.9578197,
      37.574513
     ]
    ]
   }
  },
  {
   "type": "Feature",
   "properties": {
    "origin": "Yongsan-gu",
    "hub": "Seoul Station"
   },
   "geometry": {
    "type": "LineString",
    "coordinates": [
     [
      127.0645931,
      37.561482350000006
     ],
     [
      127.07954310000001,
      37.557182225000005
     ]
    ]
   }
  },
  {
   "type": "Feature",
   "properties": {
    "origin": "Yongsan-gu",
    "hub": "Seoul Station"
   },
   "geometry": {
    "type": "LineString",
    "coordinates": [
     [
      127.02611,
      37.626536849999994
     ],
     [
      127.02571385,
      37.63797905
     ]
    ]
   }
  },
  {
   "type": "Feature",
   "properties": {
    "origin": "Yongsan-gu",
    "hub": "Seoul Station"
   },
   "geometry": {
    "type": "LineString",
    "coordinates": [
     [
      126.948475,
      37.354190625
     ],
     [
      126.94807167500001,
      37.320376
     ]
    ]
   }
  },
  {
   "type": "Feature",
   "properties": {
    "origin": "Yongsan-gu",
    "hub": "Seoul Station"
   },
   "geometry": {
    "type": "LineString",
    "coordinates": [
     [
      127.00488916666667,
      37.50495225
     ],
     [
      127.0116271,
      37.5081687
     ]
    ]
   }
  },
  {
   "type": "Feature",
   "properties": {
    "origin": "Yongsan-gu",
    "hub": "Seoul Station"
   },
   "geometry": {
    "type": "LineString",
    "coordinates": [
     [
      127.08650785,
      37.573884050000004
     ],
     [
      127.08841535,
      37.5807183
     ]
    ]
   }
  },
  {
   "type": "Feature",
   "properties": {
    "origin": "Yongsan-gu",
    "hub": "Seoul Station"
   },
   "geometry": {
    "type": "LineString",
    "coordinates": [
     [
      127.00488916666667,
      37.50495225
     ],
     [
      127.0246599,
      37.504134840000006
     ]
    ]
   }
  },
  {
   "type": "Feature",
   "properties": {
    "origin": "Yongsan-gu",
    "hub": "Seoul Station"
   },
   "geometry": {
    "type": "LineString",
    "coordinates": [
     [
      126.944199,
      37.588674
     ],
     [
      126.9357156,
      37.600943
     ]
    ]
   }
  },
  {
   "type": "Feature",
   "properties": {
    "origin": "Yongsan-gu",
    "hub": "Seoul Station"
   },
   "geometry": {
    "type": "LineString",
    "coordinates": [
     [
      127.04739810000001,
      37.54723575
     ],
     [
      127.056101,
      37.5445711
     ]
    ]
   }
  },
  {
   "type": "Feature",
   "properties": {
    "origin": "Yongsan-gu",
    "hub": "Seoul Station"
   },
   "geometry": {
    "type": "LineString",
    "coordinates": [
     [
      127.0292055,
      37.56440925
     ],
     [
      127.0371344,
      37.561196
     ]
    ]
   }
  },
  {
   "type": "Feature",
   "properties": {
    "origin": "Yongsan-gu",
    "hub": "Seoul Station"
   },
   "geometry": {
    "type": "LineString",
    "coordinates": [
     [
      126.94337842499999,
      37.372332
     ],
     [
      126.933021475,
      37.358028000000004
     ]
    ]
   }
  },
  {
   "type": "Feature",
   "properties": {
    "origin": "Yongsan-gu",
    "hub": "Seoul Station"
   },
   "geometry": {
    "type": "LineString",
    "coordinates": [
     [
      127.13731045,
      37.55705595
     ],
     [
      127.13790955,
      37.587235899999996
     ]
    ]
   }
  },
  {
   "type": "Feature",
   "properties": {
    "origin": "Yongsan-gu",
    "hub": "Seoul Station"
   },
   "geometry": {
    "type": "LineString",
    "coordinates": [
     [
      126.93920815,
      37.50497785
     ],
     [
      126.928208,
      37.49970205
     ]
    ]
   }
  },
  {
   "type": "Feature",
   "properties": {
    "origin": "Yongsan-gu",
    "hub": "Seoul Station"
   },
   "geometry": {
    "type": "LineString",
    "coordinates": [
     [
      127.0711248,
      37.540995699999996
     ],
     [
      127.06674185,
      37.53154165
     ]
    ]
   }
  },
  {
   "type": "Feature",
   "properties": {
    "origin": "Yongsan-gu",
    "hub": "Seoul Station"
   },
   "geometry": {
    "type": "LineString",
    "coordinates": [
     [
      127.01963022499999,
      37.515947849999996
     ],
     [
      127.0218553,
      37.50993715
     ]
    ]
   }
  },
  {
   "type": "Feature",
   "properties": {
    "origin": "Yongsan-gu",
    "hub": "Seoul Station"
   },
   "geometry": {
    "type": "LineString",
    "coordinates": [
     [
      126.97362305,
      37.5226395
     ],
     [
      126.97941087499999,
      37.50293935
     ]
    ]
   }
  },
  {
   "type": "Feature",
   "properties": {
    "origin": "Yongsan-gu",
    "hub": "Seoul Station"
   },
   "geometry": {
    "type": "LineString",
    "coordinates": [
     [
      126.633077325,
      37.47509785
     ],
     [
      126.61704230000001,
      37.476938849999996
     ]
    ]
   }
  },
  {
   "type": "Feature",
   "properties": {
    "origin": "Yongsan-gu",
    "hub": "Seoul Station"
   },
   "geometry": {
    "type": "LineString",
    "coordinates": [
     [
      127.03622743333334,
      37.561098433333335
     ],
     [
      127.0429062,
      37.566101599999996
     ]
    ]
   }
  },
  {
   "type": "Feature",
   "properties": {
    "origin": "Yongsan-gu",
    "hub": "Seoul Station"
   },
   "geometry": {
    "type": "LineString",
    "coordinates": [
     [
      126.6576604,
      37.466815
     ],
     [
      126.64251645,
      37.46877
     ]
    ]
   }
  },
  {
   "type": "Feature",
   "properties": {
    "origin": "Yongsan-gu",
    "hub": "Seoul Station"
   },
   "geometry": {
    "type": "LineString",
    "coordinates": [
     [
      127.0528192,
      36.77762405
     ],
     [
      127.00319809999999,
      36.78053885
     ]
    ]
   }
  },
  {
   "type": "Feature",
   "properties": {
    "origin": "Yongsan-gu",
    "hub": "Seoul Station"
   },
   "geometry": {
    "type": "LineString",
    "coordinates": [
     [
      127.0413093,
      37.51717855
     ],
     [
      127.05116675,
      37.518998249999996
     ]
    ]
   }
  },
  {
   "type": "Feature",
   "properties": {
    "origin": "Yongsan-gu",
    "hub": "Seoul Station"
   },
   "geometry": {
    "type": "LineString",
    "coordinates": [
     [
      126.9935474,
      37.561972
     ],
     [
      127.0057565,
      37.5590786
     ]
    ]
   }
  },
  {
   "type": "Feature",
   "properties": {
    "origin": "Yongsan-gu",
    "hub": "Seoul Station"
   },
   "geometry": {
    "type": "LineString",
    "coordinates": [
     [
      127.046312175,
      37.689562124999995
     ],
     [
      127.053075,
      37.7001801
     ]
    ]
   }
  },
  {
   "type": "Feature",
   "properties": {
    "origin": "Yongsan-gu",
    "hub": "Seoul Station"
   },
   "geometry": {
    "type": "LineString",
    "coordinates": [
     [
      127.1928227,
      37.5629465
     ],
     [
      127.2043138,
      37.55281085
     ]
    ]
   }
  },
  {
   "type": "Feature",
   "properties": {
    "origin": "Yongsan-gu",
    "hub": "Seoul Station"
   },
   "geometry": {
    "type": "LineString",
    "coordinates": [
     [
      127.0730058,
      37.62561105
     ],
     [
      127.06822545,
      37.6359805
     ]
    ]
   }
  },
  {
   "type": "Feature",
   "properties": {
    "origin": "Yongsan-gu",
    "hub": "Seoul Station"
   },
   "geometry": {
    "type": "LineString",
    "coordinates": [
     [
      126.9638778,
      37.39428915
     ],
     [
      126.9509103,
      37.389907199999996
     ]
    ]
   }
  },
  {
   "type": "Feature",
   "properties": {
    "origin": "Yongsan-gu",
    "hub": "Seoul Station"
   },
   "geometry": {
    "type": "LineString",
    "coordinates": [
     [
      127.05454165,
      37.4483655
     ],
     [
      127.1113607,
      37.394543375
     ]
    ]
   }
  },
  {
   "type": "Feature",
   "properties": {
    "origin": "Yongsan-gu",
    "hub": "Seoul Station"
   },
   "geometry": {
    "type": "LineString",
    "coordinates": [
     [
      126.724560725,
      37.489460875000006
     ],
     [
      126.70695565,
      37.4830106
     ]
    ]
   }
  },
  {
   "type": "Feature",
   "properties": {
    "origin": "Yongsan-gu",
    "hub": "Seoul Station"
   },
   "geometry": {
    "type": "LineString",
    "coordinates": [
     [
      126.902253,
      37.4353932
     ],
     [
      126.90834585,
      37.4197271
     ]
    ]
   }
  },
  {
   "type": "Feature",
   "properties": {
    "origin": "Yongsan-gu",
    "hub": "Seoul Station"
   },
   "geometry": {
    "type": "LineString",
    "coordinates": [
     [
      126.8109994,
      37.6316918
     ],
     [
      126.78796255,
      37.6430864
     ]
    ]
   }
  },
  {
   "type": "Feature",
   "properties": {
    "origin": "Yongsan-gu",
    "hub": "Seoul Station"
   },
   "geometry": {
    "type": "LineString",
    "coordinates": [
     [
      127.06822545,
      37.6359805
     ],
     [
      127.06387335,
      37.6455284
     ]
    ]
   }
  },
  {
   "type": "Feature",
   "properties": {
    "origin": "Yongsan-gu",
    "hub": "Seoul Station"
   },
   "geometry": {
    "type": "LineString",
    "coordinates": [
     [
      126.91374195,
      37.64814335
     ],
     [
      126.89547454999999,
      37.65312725
     ]
    ]
   }
  },
  {
   "type": "Feature",
   "properties": {
    "origin": "Yongsan-gu",
    "hub": "Seoul Station"
   },
   "geometry": {
    "type": "LineString",
    "coordinates": [
     [
      127.07954310000001,
      37.557182225000005
     ],
     [
      127.07440324999999,
      37.5476204
     ]
    ]
   }
  },
  {
   "type": "Feature",
   "properties": {
    "origin": "Yongsan-gu",
    "hub": "Seoul Station"
   },
   "geometry": {
    "type": "LineString",
    "coordinates": [
     [
      127.04343015,
      37.18718805
     ],
     [
      127.06307985000001,
      37.16945165
     ]
    ]
   }
  },
  {
   "type": "Feature",
   "properties": {
    "origin": "Yongsan-gu",
    "hub": "Seoul Station"
   },
   "geometry": {
    "type": "LineString",
    "coordinates": [
     [
      126.98153045000001,
      37.4769541
     ],
     [
      126.9976719,
      37.48146185
     ]
    ]
   }
  },
  {
   "type": "Feature",
   "properties": {
    "origin": "Yongsan-gu",
    "hub": "Seoul Station"
   },
   "geometry": {
    "type": "LineString",
    "coordinates": [
     [
      126.89486975,
      37.51840285
     ],
     [
      126.89656545,
      37.5253118
     ]
    ]
   }
  },
  {
   "type": "Feature",
   "properties": {
    "origin": "Yongsan-gu",
    "hub": "Seoul Station"
   },
   "geometry": {
    "type": "LineString",
    "coordinates": [
     [
      126.89390025,
      37.53789915
     ],
     [
      126.8832178,
      37.544236749999996
     ]
    ]
   }
  },
  {
   "type": "Feature",
   "properties": {
    "origin": "Yongsan-gu",
    "hub": "Seoul Station"
   },
   "geometry": {
    "type": "LineString",
    "coordinates": [
     [
      126.8113736,
      37.506238350000004
     ],
     [
      126.7972585,
      37.5054479
     ]
    ]
   }
  },
  {
   "type": "Feature",
   "properties": {
    "origin": "Yongsan-gu",
    "hub": "Seoul Station"
   },
   "geometry": {
    "type": "LineString",
    "coordinates": [
     [
      126.67902043333333,
      37.4651555
     ],
     [
      126.6576604,
      37.466815
     ]
    ]
   }
  },
  {
   "type": "Feature",
   "properties": {
    "origin": "Yongsan-gu",
    "hub": "Seoul Station"
   },
   "geometry": {
    "type": "LineString",
    "coordinates": [
     [
      127.13808069999999,
      37.61096805
     ],
     [
      127.14977395,
      37.62432035
     ]
    ]
   }
  },
  {
   "type": "Feature",
   "properties": {
    "origin": "Yongsan-gu",
    "hub": "Seoul Station"
   },
   "geometry": {
    "type": "LineString",
    "coordinates": [
     [
      127.0461737,
      37.73766193333333
     ],
     [
      127.04479986666668,
      37.77416003333334
     ]
    ]
   }
  },
  {
   "type": "Feature",
   "properties": {
    "origin": "Yongsan-gu",
    "hub": "Seoul Station"
   },
   "geometry": {
    "type": "LineString",
    "coordinates": [
     [
      127.14408005,
      37.5519235
     ],
     [
      127.15379125000001,
      37.5549799
     ]
    ]
   }
  },
  {
   "type": "Feature",
   "properties": {
    "origin": "Yongsan-gu",
    "hub": "Seoul Station"
   },
   "geometry": {
    "type": "LineString",
    "coordinates": [
     [
      126.999739925,
      37.266122525
     ],
     [
      127.0331232,
      37.206827425
     ]
    ]
   }
  },
  {
   "type": "Feature",
   "properties": {
    "origin": "Yongsan-gu",
    "hub": "Seoul Station"
   },
   "geometry": {
    "type": "LineString",
    "coordinates": [
     [
      127.07440324999999,
      37.5476204
     ],
     [
      127.0711248,
      37.540995699999996
     ]
    ]
   }
  },
  {
   "type": "Feature",
   "properties": {
    "origin": "Yongsan-gu",
    "hub": "Seoul Station"
   },
   "geometry": {
    "type": "LineString",
    "coordinates": [
     [
      126.92304295,
      37.40144905
     ],
     [
      126.93565065,
      37.3843055
     ]
    ]
   }
  },
  {
   "type": "Feature",
   "properties": {
    "origin": "Yongsan-gu",
    "hub": "Seoul Station"
   },
   "geometry": {
    "type": "LineString",
    "coordinates": [
     [
      126.9644438,
      37.52945737499999
     ],
     [
      126.94158883333331,
      37.513936916666665
     ]
    ]
   }
  },
  {
   "type": "Feature",
   "properties": {
    "origin": "Yongsan-gu",
    "hub": "Seoul Station"
   },
   "geometry": {
    "type": "LineString",
    "coordinates": [
     [
      126.91689894999999,
      37.3279736
     ],
     [
      126.9038537,
      37.31243275
     ]
    ]
   }
  },
  {
   "type": "Feature",
   "properties": {
    "origin": "Yongsan-gu",
    "hub": "Seoul Station"
   },
   "geometry": {
    "type": "LineString",
    "coordinates": [
     [
      127.0246599,
      37.504134840000006
     ],
     [
      127.0438358,
      37.5102551
     ]
    ]
   }
  },
  {
   "type": "Feature",
   "properties": {
    "origin": "Yongsan-gu",
    "hub": "Seoul Station"
   },
   "geometry": {
    "type": "LineString",
    "coordinates": [
     [
      126.89151790000001,
      37.509030114285714
     ],
     [
      126.88262365,
      37.514484550000006
     ]
    ]
   }
  },
  {
   "type": "Feature",
   "properties": {
    "origin": "Yongsan-gu",
    "hub": "Seoul Station"
   },
   "geometry": {
    "type": "LineString",
    "coordinates": [
     [
      126.90267904999999,
      37.534194199999995
     ],
     [
      126.89390025,
      37.53789915
     ]
    ]
   }
  },
  {
   "type": "Feature",
   "properties": {
    "origin": "Yongsan-gu",
    "hub": "Seoul Station"
   },
   "geometry": {
    "type": "LineString",
    "coordinates": [
     [
      127.0331232,
      37.206827425
     ],
     [
      127.0666711,
      37.1448264
     ]
    ]
   }
  },
  {
   "type": "Feature",
   "properties": {
    "origin": "Yongsan-gu",
    "hub": "Seoul Station"
   },
   "geometry": {
    "type": "LineString",
    "coordinates": [
     [
      126.99319055000001,
      37.4875448
     ],
     [
      126.98196229999999,
      37.48532035
     ]
    ]
   }
  },
  {
   "type": "Feature",
   "properties": {
    "origin": "Yongsan-gu",
    "hub": "Seoul Station"
   },
   "geometry": {
    "type": "LineString",
    "coordinates": [
     [
      127.0719283,
      38.024529799999996
     ],
     [
      127.0738629,
      38.1004613
     ]
    ]
   }
  },
  {
   "type": "Feature",
   "properties": {
    "origin": "Yongsan-gu",
    "hub": "Seoul Station"
   },
   "geometry": {
    "type": "LineString",
    "coordinates": [
     [
      126.89641230000001,
      37.524029799999994
     ],
     [
      126.8861202,
      37.5256362
     ]
    ]
   }
  },
  {
   "type": "Feature",
   "properties": {
    "origin": "Yongsan-gu",
    "hub": "Seoul Station"
   },
   "geometry": {
    "type": "LineString",
    "coordinates": [
     [
      127.12332384999999,
      37.538330724999994
     ],
     [
      127.13261646666666,
      37.535815533333334
     ]
    ]
   }
  },
  {
   "type": "Feature",
   "properties": {
    "origin": "Yongsan-gu",
    "hub": "Seoul Station"
   },
   "geometry": {
    "type": "LineString",
    "coordinates": [
     [
      126.80592225000001,
      37.3207102
     ],
     [
      126.788700425,
      37.327088575000005
     ]
    ]
   }
  },
  {
   "type": "Feature",
   "properties": {
    "origin": "Yongsan-gu",
    "hub": "Seoul Station"
   },
   "geometry": {
    "type": "LineString",
    "coordinates": [
     [
      126.9885185,
      37.4650423
     ],
     [
      127.00210535,
      37.451572299999995
     ]
    ]
   }
  },
  {
   "type": "Feature",
   "properties": {
    "origin": "Yongsan-gu",
    "hub": "Seoul Station"
   },
   "geometry": {
    "type": "LineString",
    "coordinates": [
     [
      127.0515173,
      37.2885603
     ],
     [
      127.04414025,
      37.30217675
     ]
    ]
   }
  },
  {
   "type": "Feature",
   "properties": {
    "origin": "Yongsan-gu",
    "hub": "Seoul Station"
   },
   "geometry": {
    "type": "LineString",
    "coordinates": [
     [
      127.014221675,
      37.493417775000005
     ],
     [
      127.01630875000001,
      37.48497865
     ]
    ]
   }
  },
  {
   "type": "Feature",
   "properties": {
    "origin": "Yongsan-gu",
    "hub": "Seoul Station"
   },
   "geometry": {
    "type": "LineString",
    "coordinates": [
     [
      127.1489162,
      36.83411695
     ],
     [
      127.14656635,
      36.8109339
     ]
    ]
   }
  },
  {
   "type": "Feature",
   "properties": {
    "origin": "Seocho-gu",
    "hub": "Express Bus Terminal"
   },
   "geometry": {
    "type": "LineString",
    "coordinates": [
     [
      127.0631799,
      37.494503
     ],
     [
      127.0698874,
      37.4965268
     ]
    ]
   }
  },
  {
   "type": "Feature",
   "properties": {
    "origin": "Seocho-gu",
    "hub": "Express Bus Terminal"
   },
   "geometry": {
    "type": "LineString",
    "coordinates": [
     [
      126.84291495,
      37.6531073
     ],
     [
      126.83262855000001,
      37.6346248
     ]
    ]
   }
  },
  {
   "type": "Feature",
   "properties": {
    "origin": "Seocho-gu",
    "hub": "Express Bus Terminal"
   },
   "geometry": {
    "type": "LineString",
    "coordinates": [
     [
      127.1260606,
      37.478900550000006
     ],
     [
      127.12672925,
      37.47090125
     ]
    ]
   }
  },
  {
   "type": "Feature",
   "properties": {
    "origin": "Seocho-gu",
    "hub": "Express Bus Terminal"
   },
   "geometry": {
    "type": "LineString",
    "coordinates": [
     [
      127.0057659,
      37.5590197
     ],
     [
      126.9944059,
      37.561106433333336
     ]
    ]
   }
  },
  {
   "type": "Feature",
   "properties": {
    "origin": "Seocho-gu",
    "hub": "Express Bus Terminal"
   },
   "geometry": {
    "type": "LineString",
    "coordinates": [
     [
      126.724560725,
      37.489460875000006
     ],
     [
      126.7028595,
      37.470726125
     ]
    ]
   }
  },
  {
   "type": "Feature",
   "properties": {
    "origin": "Seocho-gu",
    "hub": "Express Bus Terminal"
   },
   "geometry": {
    "type": "LineString",
    "coordinates": [
     [
      126.80816335,
      37.57285495
     ],
     [
      126.81273185,
      37.57739155
     ]
    ]
   }
  },
  {
   "type": "Feature",
   "properties": {
    "origin": "Seocho-gu",
    "hub": "Express Bus Terminal"
   },
   "geometry": {
    "type": "LineString",
    "coordinates": [
     [
      126.89151790000001,
      37.509030114285714
     ],
     [
      126.8822843222222,
      37.50327466666667
     ]
    ]
   }
  },
  {
   "type": "Feature",
   "properties": {
    "origin": "Seocho-gu",
    "hub": "Express Bus Terminal"
   },
   "geometry": {
    "type": "LineString",
    "coordinates": [
     [
      127.046312175,
      37.689562124999995
     ],
     [
      127.04726355,
      37.7239029
     ]
    ]
   }
  },
  {
   "type": "Feature",
   "properties": {
    "origin": "Seocho-gu",
    "hub": "Express Bus Terminal"
   },
   "geometry": {
    "type": "LineString",
    "coordinates": [
     [
      127.04726355,
      37.7239029
     ],
     [
      127.0461737,
      37.73766193333333
     ]
    ]
   }
  },
  {
   "type": "Feature",
   "properties": {
    "origin": "Seocho-gu",
    "hub": "Express Bus Terminal"
   },
   "geometry": {
    "type": "LineString",
    "coordinates": [
     [
      127.079078,
      37.67024585
     ],
     [
      127.11618745,
      37.6677962
     ]
    ]
   }
  },
  {
   "type": "Feature",
   "properties": {
    "origin": "Seocho-gu",
    "hub": "Express Bus Terminal"
   },
   "geometry": {
    "type": "LineString",
    "coordinates": [
     [
      126.92414654999999,
      37.52167905
     ],
     [
      126.9180312,
      37.5279527
     ]
    ]
   }
  },
  {
   "type": "Feature",
   "properties": {
    "origin": "Seocho-gu",
    "hub": "Express Bus Terminal"
   },
   "geometry": {
    "type": "LineString",
    "coordinates": [
     [
      127.10697945,
      37.505189625
     ],
     [
      127.10352075,
      37.514297799999994
     ]
    ]
   }
  },
  {
   "type": "Feature",
   "properties": {
    "origin": "Seocho-gu",
    "hub": "Express Bus Terminal"
   },
   "geometry": {
    "type": "LineString",
    "coordinates": [
     [
      127.29996225,
      37.373357299999995
     ],
     [
      127.3462797,
      37.3505042
     ]
    ]
   }
  },
  {
   "type": "Feature",
   "properties": {
    "origin": "Seocho-gu",
    "hub": "Express Bus Terminal"
   },
   "geometry": {
    "type": "LineString",
    "coordinates": [
     [
      127.08841535,
      37.5807183
     ],
     [
      127.0875651,
      37.588382949999996
     ]
    ]
   }
  },
  {
   "type": "Feature",
   "properties": {
    "origin": "Seocho-gu",
    "hub": "Express Bus Terminal"
   },
   "geometry": {
    "type": "LineString",
    "coordinates": [
     [
      127.0837107,
      37.61978165
     ],
     [
      127.09109065,
      37.617416899999995
     ]
    ]
   }
  },
  {
   "type": "Feature",
   "properties": {
    "origin": "Seocho-gu",
    "hub": "Express Bus Terminal"
   },
   "geometry": {
    "type": "LineString",
    "coordinates": [
     [
      127.10352075,
      37.514297799999994
     ],
     [
      127.11266905,
      37.5175106
     ]
    ]
   }
  },
  {
   "type": "Feature",
   "properties": {
    "origin": "Seocho-gu",
    "hub": "Express Bus Terminal"
   },
   "geometry": {
    "type": "LineString",
    "coordinates": [
     [
      126.97134670000001,
      37.30031830000001
     ],
     [
      126.98955755,
      37.2840608
     ]
    ]
   }
  },
  {
   "type": "Feature",
   "properties": {
    "origin": "Seocho-gu",
    "hub": "Express Bus Terminal"
   },
   "geometry": {
    "type": "LineString",
    "coordinates": [
     [
      126.90722555,
      37.515533616666666
     ],
     [
      126.89401819999999,
      37.45556295
     ]
    ]
   }
  },
  {
   "type": "Feature",
   "properties": {
    "origin": "Seocho-gu",
    "hub": "Express Bus Terminal"
   },
   "geometry": {
    "type": "LineString",
    "coordinates": [
     [
      127.0307414,
      37.51395335
     ],
     [
      127.0413093,
      37.51717855
     ]
    ]
   }
  },
  {
   "type": "Feature",
   "properties": {
    "origin": "Seocho-gu",
    "hub": "Express Bus Terminal"
   },
   "geometry": {
    "type": "LineString",
    "coordinates": [
     [
      126.76123989999999,
      37.670143249999995
     ],
     [
      126.74746815,
      37.6761745
     ]
    ]
   }
  },
  {
   "type": "Feature",
   "properties": {
    "origin": "Seocho-gu",
    "hub": "Express Bus Terminal"
   },
   "geometry": {
    "type": "LineString",
    "coordinates": [
     [
      127.2043138,
      37.55281085
     ],
     [
      127.207006,
      37.54165275
     ]
    ]
   }
  },
  {
   "type": "Feature",
   "properties": {
    "origin": "Seocho-gu",
    "hub": "Express Bus Terminal"
   },
   "geometry": {
    "type": "LineString",
    "coordinates": [
     [
      126.98222985000001,
      37.48702505
     ],
     [
      126.98153045000001,
      37.4769541
     ]
    ]
   }
  },
  {
   "type": "Feature",
   "properties": {
    "origin": "Seocho-gu",
    "hub": "Express Bus Terminal"
   },
   "geometry": {
    "type": "LineString",
    "coordinates": [
     [
      126.78272705,
      37.484111150000004
     ],
     [
      126.7537146,
      37.4876311
     ]
    ]
   }
  },
  {
   "type": "Feature",
   "properties": {
    "origin": "Seocho-gu",
    "hub": "Express Bus Terminal"
   },
   "geometry": {
    "type": "LineString",
    "coordinates": [
     [
      127.0438358,
      37.5102551
     ],
     [
      127.05341885,
      37.51308095
     ]
    ]
   }
  },
  {
   "type": "Feature",
   "properties": {
    "origin": "Seocho-gu",
    "hub": "Express Bus Terminal"
   },
   "geometry": {
    "type": "LineString",
    "coordinates": [
     [
      127.1761181,
      37.5575379
     ],
     [
      127.1928227,
      37.5629465
     ]
    ]
   }
  },
  {
   "type": "Feature",
   "properties": {
    "origin": "Seocho-gu",
    "hub": "Express Bus Terminal"
   },
   "geometry": {
    "type": "LineString",
    "coordinates": [
     [
      126.90267904999999,
      37.534194199999995
     ],
     [
      126.9146599,
      37.55006055
     ]
    ]
   }
  },
  {
   "type": "Feature",
   "properties": {
    "origin": "Seocho-gu",
    "hub": "Express Bus Terminal"
   },
   "geometry": {
    "type": "LineString",
    "coordinates": [
     [
      127.03622743333334,
      37.561098433333335
     ],
     [
      127.0436639,
      37.555725300000006
     ]
    ]
   }
  },
  {
   "type": "Feature",
   "properties": {
    "origin": "Seocho-gu",
    "hub": "Express Bus Terminal"
   },
   "geometry": {
    "type": "LineString",
    "coordinates": [
     [
      126.90893539999999,
      37.50012825
     ],
     [
      126.8962674,
      37.49250275
     ]
    ]
   }
  },
  {
   "type": "Feature",
   "properties": {
    "origin": "Seocho-gu",
    "hub": "Express Bus Terminal"
   },
   "geometry": {
    "type": "LineString",
    "coordinates": [
     [
      126.724560725,
      37.489460875000006
     ],
     [
      126.6801621,
      37.4650781
     ]
    ]
   }
  },
  {
   "type": "Feature",
   "properties": {
    "origin": "Seocho-gu",
    "hub": "Express Bus Terminal"
   },
   "geometry": {
    "type": "LineString",
    "coordinates": [
     [
      126.98153045000001,
      37.4769541
     ],
     [
      126.96355224999999,
      37.4770473
     ]
    ]
   }
  },
  {
   "type": "Feature",
   "properties": {
    "origin": "Seocho-gu",
    "hub": "Express Bus Terminal"
   },
   "geometry": {
    "type": "LineString",
    "coordinates": [
     [
      127.10697945,
      37.505189625
     ],
     [
      127.11280625,
      37.5112663
     ]
    ]
   }
  },
  {
   "type": "Feature",
   "properties": {
    "origin": "Seocho-gu",
    "hub": "Express Bus Terminal"
   },
   "geometry": {
    "type": "LineString",
    "coordinates": [
     [
      127.49032700000001,
      37.260404449999996
     ],
     [
      127.5706498,
      37.29361915
     ]
    ]
   }
  },
  {
   "type": "Feature",
   "properties": {
    "origin": "Seocho-gu",
    "hub": "Express Bus Terminal"
   },
   "geometry": {
    "type": "LineString",
    "coordinates": [
     [
      127.14977395,
      37.62432035
     ],
     [
      127.1273613,
      37.6424033
     ]
    ]
   }
  },
  {
   "type": "Feature",
   "properties": {
    "origin": "Seocho-gu",
    "hub": "Express Bus Terminal"
   },
   "geometry": {
    "type": "LineString",
    "coordinates": [
     [
      126.85594660000001,
      37.52504475
     ],
     [
      126.8465805,
      37.53185633333333
     ]
    ]
   }
  },
  {
   "type": "Feature",
   "properties": {
    "origin": "Seocho-gu",
    "hub": "Express Bus Terminal"
   },
   "geometry": {
    "type": "LineString",
    "coordinates": [
     [
      127.04432025,
      37.6674863
     ],
     [
      127.04551135,
      37.679016000000004
     ]
    ]
   }
  },
  {
   "type": "Feature",
   "properties": {
    "origin": "Seocho-gu",
    "hub": "Express Bus Terminal"
   },
   "geometry": {
    "type": "LineString",
    "coordinates": [
     [
      127.010226875,
      37.571269725
     ],
     [
      127.0021236,
      37.5709815
     ]
    ]
   }
  },
  {
   "type": "Feature",
   "properties": {
    "origin": "Seocho-gu",
    "hub": "Express Bus Terminal"
   },
   "geometry": {
    "type": "LineString",
    "coordinates": [
     [
      127.02494089999999,
      37.603309749999994
     ],
     [
      127.03009940000001,
      37.61316885
     ]
    ]
   }
  },
  {
   "type": "Feature",
   "properties": {
    "origin": "Seocho-gu",
    "hub": "Express Bus Terminal"
   },
   "geometry": {
    "type": "LineString",
    "coordinates": [
     [
      127.11792632500001,
      37.492728225
     ],
     [
      127.1237831,
      37.495351
     ]
    ]
   }
  },
  {
   "type": "Feature",
   "properties": {
    "origin": "Seocho-gu",
    "hub": "Express Bus Terminal"
   },
   "geometry": {
    "type": "LineString",
    "coordinates": [
     [
      127.04824445,
      37.606223
     ],
     [
      127.05647575,
      37.6105524
     ]
    ]
   }
  },
  {
   "type": "Feature",
   "properties": {
    "origin": "Seocho-gu",
    "hub": "Express Bus Terminal"
   },
   "geometry": {
    "type": "LineString",
    "coordinates": [
     [
      127.08549585,
      37.5115962
     ],
     [
      127.1002885,
      37.513304899999994
     ]
    ]
   }
  },
  {
   "type": "Feature",
   "properties": {
    "origin": "Seocho-gu",
    "hub": "Express Bus Terminal"
   },
   "geometry": {
    "type": "LineString",
    "coordinates": [
     [
      127.1406795,
      37.437440949999996
     ],
     [
      127.13032179999999,
      37.434014149999996
     ]
    ]
   }
  },
  {
   "type": "Feature",
   "properties": {
    "origin": "Seocho-gu",
    "hub": "Express Bus Terminal"
   },
   "geometry": {
    "type": "LineString",
    "coordinates": [
     [
      127.15677604999999,
      37.44508145
     ],
     [
      127.1476359,
      37.44099535
     ]
    ]
   }
  },
  {
   "type": "Feature",
   "properties": {
    "origin": "Seocho-gu",
    "hub": "Express Bus Terminal"
   },
   "geometry": {
    "type": "LineString",
    "coordinates": [
     [
      126.88259225,
      37.481642550000004
     ],
     [
      126.88950750000001,
      37.46602645
     ]
    ]
   }
  },
  {
   "type": "Feature",
   "properties": {
    "origin": "Seocho-gu",
    "hub": "Express Bus Terminal"
   },
   "geometry": {
    "type": "LineString",
    "coordinates": [
     [
      127.00488916666667,
      37.50495225
     ],
     [
      126.99319055000001,
      37.4875448
     ]
    ]
   }
  },
  {
   "type": "Feature",
   "properties": {
    "origin": "Seocho-gu",
    "hub": "Express Bus Terminal"
   },
   "geometry": {
    "type": "LineString",
    "coordinates": [
     [
      127.1910807,
      37.705207650000006
     ],
     [
      127.20323855,
      37.7200354
     ]
    ]
   }
  },
  {
   "type": "Feature",
   "properties": {
    "origin": "Seocho-gu",
    "hub": "Express Bus Terminal"
   },
   "geometry": {
    "type": "LineString",
    "coordinates": [
     [
      127.06387335,
      37.6455284
     ],
     [
      127.0605474,
      37.6544077
     ]
    ]
   }
  },
  {
   "type": "Feature",
   "properties": {
    "origin": "Seocho-gu",
    "hub": "Express Bus Terminal"
   },
   "geometry": {
    "type": "LineString",
    "coordinates": [
     [
      126.9357156,
      37.600943
     ],
     [
      126.930398,
      37.6098806
     ]
    ]
   }
  },
  {
   "type": "Feature",
   "properties": {
    "origin": "Seocho-gu",
    "hub": "Express Bus Terminal"
   },
   "geometry": {
    "type": "LineString",
    "coordinates": [
     [
      127.0875651,
      37.588382949999996
     ],
     [
      127.08565575,
      37.59584195
     ]
    ]
   }
  },
  {
   "type": "Feature",
   "properties": {
    "origin": "Seocho-gu",
    "hub": "Express Bus Terminal"
   },
   "geometry": {
    "type": "LineString",
    "coordinates": [
     [
      126.8363186,
      37.54886705
     ],
     [
      126.83748539999999,
      37.55844505
     ]
    ]
   }
  },
  {
   "type": "Feature",
   "properties": {
    "origin": "Seocho-gu",
    "hub": "Express Bus Terminal"
   },
   "geometry": {
    "type": "LineString",
    "coordinates": [
     [
      126.9509103,
      37.389907199999996
     ],
     [
      126.94337842499999,
      37.372332
     ]
    ]
   }
  },
  {
   "type": "Feature",
   "properties": {
    "origin": "Seocho-gu",
    "hub": "Express Bus Terminal"
   },
   "geometry": {
    "type": "LineString",
    "coordinates": [
     [
      127.0565601,
      37.9025991
     ],
     [
      127.054875,
      37.9275599
     ]
    ]
   }
  },
  {
   "type": "Feature",
   "properties": {
    "origin": "Seocho-gu",
    "hub": "Express Bus Terminal"
   },
   "geometry": {
    "type": "LineString",
    "coordinates": [
     [
      127.10697945,
      37.505189625
     ],
     [
      127.11227210000001,
      37.49963255
     ]
    ]
   }
  },
  {
   "type": "Feature",
   "properties": {
    "origin": "Seocho-gu",
    "hub": "Express Bus Terminal"
   },
   "geometry": {
    "type": "LineString",
    "coordinates": [
     [
      126.94337842499999,
      37.372332
     ],
     [
      126.93565065,
      37.3843055
     ]
    ]
   }
  },
  {
   "type": "Feature",
   "properties": {
    "origin": "Seocho-gu",
    "hub": "Express Bus Terminal"
   },
   "geometry": {
    "type": "LineString",
    "coordinates": [
     [
      126.973578,
      37.57582
     ],
     [
      126.9578751,
      37.5745552
     ]
    ]
   }
  },
  {
   "type": "Feature",
   "properties": {
    "origin": "Seocho-gu",
    "hub": "Express Bus Terminal"
   },
   "geometry": {
    "type": "LineString",
    "coordinates": [
     [
      127.034487975,
      37.484172900000004
     ],
     [
      127.0469913,
      37.4870435
     ]
    ]
   }
  },
  {
   "type": "Feature",
   "properties": {
    "origin": "Seocho-gu",
    "hub": "Express Bus Terminal"
   },
   "geometry": {
    "type": "LineString",
    "coordinates": [
     [
      126.9155872,
      37.5986062
     ],
     [
      126.9170995,
      37.6110401
     ]
    ]
   }
  },
  {
   "type": "Feature",
   "properties": {
    "origin": "Seocho-gu",
    "hub": "Express Bus Terminal"
   },
   "geometry": {
    "type": "LineString",
    "coordinates": [
     [
      126.94158883333331,
      37.513936916666665
     ],
     [
      126.9644438,
      37.52945737499999
     ]
    ]
   }
  },
  {
   "type": "Feature",
   "properties": {
    "origin": "Seocho-gu",
    "hub": "Express Bus Terminal"
   },
   "geometry": {
    "type": "LineString",
    "coordinates": [
     [
      127.07510895,
      37.5112206
     ],
     [
      127.0872093,
      37.5045328
     ]
    ]
   }
  },
  {
   "type": "Feature",
   "properties": {
    "origin": "Seocho-gu",
    "hub": "Express Bus Terminal"
   },
   "geometry": {
    "type": "LineString",
    "coordinates": [
     [
      127.11792632500001,
      37.492728225
     ],
     [
      127.1238319,
      37.4953088
     ]
    ]
   }
  },
  {
   "type": "Feature",
   "properties": {
    "origin": "Seocho-gu",
    "hub": "Express Bus Terminal"
   },
   "geometry": {
    "type": "LineString",
    "coordinates": [
     [
      126.97613145,
      37.564515325
     ],
     [
      126.98317564999999,
      37.57016135
     ]
    ]
   }
  },
  {
   "type": "Feature",
   "properties": {
    "origin": "Seocho-gu",
    "hub": "Express Bus Terminal"
   },
   "geometry": {
    "type": "LineString",
    "coordinates": [
     [
      127.130605875,
      37.516118175
     ],
     [
      127.1482366,
      37.528283833333326
     ]
    ]
   }
  },
  {
   "type": "Feature",
   "properties": {
    "origin": "Seocho-gu",
    "hub": "Express Bus Terminal"
   },
   "geometry": {
    "type": "LineString",
    "coordinates": [
     [
      126.67902043333333,
      37.4651555
     ],
     [
      126.633077325,
      37.47509785
     ]
    ]
   }
  },
  {
   "type": "Feature",
   "properties": {
    "origin": "Seocho-gu",
    "hub": "Express Bus Terminal"
   },
   "geometry": {
    "type": "LineString",
    "coordinates": [
     [
      126.98196229999999,
      37.48532035
     ],
     [
      126.97186830000001,
      37.484363450000004
     ]
    ]
   }
  },
  {
   "type": "Feature",
   "properties": {
    "origin": "Seocho-gu",
    "hub": "Express Bus Terminal"
   },
   "geometry": {
    "type": "LineString",
    "coordinates": [
     [
      127.0198127,
      37.56563195
     ],
     [
      127.0292055,
      37.56440925
     ]
    ]
   }
  },
  {
   "type": "Feature",
   "properties": {
    "origin": "Seocho-gu",
    "hub": "Express Bus Terminal"
   },
   "geometry": {
    "type": "LineString",
    "coordinates": [
     [
      126.9935474,
      37.561972
     ],
     [
      126.9926834,
      37.5663661
     ]
    ]
   }
  },
  {
   "type": "Feature",
   "properties": {
    "origin": "Seocho-gu",
    "hub": "Express Bus Terminal"
   },
   "geometry": {
    "type": "LineString",
    "coordinates": [
     [
      126.8384926,
      37.31602785
     ],
     [
      126.82301165,
      37.31686475
     ]
    ]
   }
  },
  {
   "type": "Feature",
   "properties": {
    "origin": "Seocho-gu",
    "hub": "Express Bus Terminal"
   },
   "geometry": {
    "type": "LineString",
    "coordinates": [
     [
      126.9527503,
      37.48120715
     ],
     [
      126.9419898,
      37.482370200000005
     ]
    ]
   }
  },
  {
   "type": "Feature",
   "properties": {
    "origin": "Seocho-gu",
    "hub": "Express Bus Terminal"
   },
   "geometry": {
    "type": "LineString",
    "coordinates": [
     [
      126.951171975,
      37.543658125
     ],
     [
      126.94233779999999,
      37.54770605
     ]
    ]
   }
  },
  {
   "type": "Feature",
   "properties": {
    "origin": "Seocho-gu",
    "hub": "Express Bus Terminal"
   },
   "geometry": {
    "type": "LineString",
    "coordinates": [
     [
      126.88262365,
      37.514484550000006
     ],
     [
      126.8659206,
      37.51228415
     ]
    ]
   }
  },
  {
   "type": "Feature",
   "properties": {
    "origin": "Seocho-gu",
    "hub": "Express Bus Terminal"
   },
   "geometry": {
    "type": "LineString",
    "coordinates": [
     [
      126.855077,
      37.5611624
     ],
     [
      126.82772320000001,
      37.566714149999996
     ]
    ]
   }
  },
  {
   "type": "Feature",
   "properties": {
    "origin": "Seocho-gu",
    "hub": "Express Bus Terminal"
   },
   "geometry": {
    "type": "LineString",
    "coordinates": [
     [
      126.8822843222222,
      37.50327466666667
     ],
     [
      126.8604172,
      37.4942856
     ]
    ]
   }
  },
  {
   "type": "Feature",
   "properties": {
    "origin": "Seocho-gu",
    "hub": "Express Bus Terminal"
   },
   "geometry": {
    "type": "LineString",
    "coordinates": [
     [
      126.94767085000001,
      37.5032044
     ],
     [
      126.93920815,
      37.50497785
     ]
    ]
   }
  },
  {
   "type": "Feature",
   "properties": {
    "origin": "Seocho-gu",
    "hub": "Express Bus Terminal"
   },
   "geometry": {
    "type": "LineString",
    "coordinates": [
     [
      127.00636765,
      37.5885974
     ],
     [
      127.0164111,
      37.592665
     ]
    ]
   }
  },
  {
   "type": "Feature",
   "properties": {
    "origin": "Seocho-gu",
    "hub": "Express Bus Terminal"
   },
   "geometry": {
    "type": "LineString",
    "coordinates": [
     [
      126.86459835,
      37.5512139
     ],
     [
      126.86195190000001,
      37.55743755
     ]
    ]
   }
  },
  {
   "type": "Feature",
   "properties": {
    "origin": "Seocho-gu",
    "hub": "Express Bus Terminal"
   },
   "geometry": {
    "type": "LineString",
    "coordinates": [
     [
      127.0158595,
      37.5480153
     ],
     [
      127.0105499,
      37.5548296
     ]
    ]
   }
  },
  {
   "type": "Feature",
   "properties": {
    "origin": "Seocho-gu",
    "hub": "Express Bus Terminal"
   },
   "geometry": {
    "type": "LineString",
    "coordinates": [
     [
      126.9209102,
      37.6194877
     ],
     [
      126.9188368,
      37.6368601
     ]
    ]
   }
  },
  {
   "type": "Feature",
   "properties": {
    "origin": "Seocho-gu",
    "hub": "Express Bus Terminal"
   },
   "geometry": {
    "type": "LineString",
    "coordinates": [
     [
      126.933021475,
      37.358028000000004
     ],
     [
      126.92560309999999,
      37.35054165
     ]
    ]
   }
  },
  {
   "type": "Feature",
   "properties": {
    "origin": "Seocho-gu",
    "hub": "Express Bus Terminal"
   },
   "geometry": {
    "type": "LineString",
    "coordinates": [
     [
      127.0105499,
      37.5548296
     ],
     [
      127.0057659,
      37.5590197
     ]
    ]
   }
  },
  {
   "type": "Feature",
   "properties": {
    "origin": "Seocho-gu",
    "hub": "Express Bus Terminal"
   },
   "geometry": {
    "type": "LineString",
    "coordinates": [
     [
      126.88669185,
      37.485393650000006
     ],
     [
      126.88277049999999,
      37.48041845
     ]
    ]
   }
  },
  {
   "type": "Feature",
   "properties": {
    "origin": "Seocho-gu",
    "hub": "Express Bus Terminal"
   },
   "geometry": {
    "type": "LineString",
    "coordinates": [
     [
      127.074925275,
      37.617910925000004
     ],
     [
      127.0730058,
      37.62561105
     ]
    ]
   }
  },
  {
   "type": "Feature",
   "properties": {
    "origin": "Seocho-gu",
    "hub": "Express Bus Terminal"
   },
   "geometry": {
    "type": "LineString",
    "coordinates": [
     [
      126.788700425,
      37.327088575000005
     ],
     [
      126.7671307,
      37.33761945
     ]
    ]
   }
  },
  {
   "type": "Feature",
   "properties": {
    "origin": "Seocho-gu",
    "hub": "Express Bus Terminal"
   },
   "geometry": {
    "type": "LineString",
    "coordinates": [
     [
      126.97194730000001,
      37.54513985
     ],
     [
      126.97233707999999,
      37.554326859999996
     ]
    ]
   }
  },
  {
   "type": "Feature",
   "properties": {
    "origin": "Seocho-gu",
    "hub": "Express Bus Terminal"
   },
   "geometry": {
    "type": "LineString",
    "coordinates": [
     [
      127.04479986666668,
      37.77416003333334
     ],
     [
      127.0615646,
      37.8432631
     ]
    ]
   }
  },
  {
   "type": "Feature",
   "properties": {
    "origin": "Seocho-gu",
    "hub": "Express Bus Terminal"
   },
   "geometry": {
    "type": "LineString",
    "coordinates": [
     [
      127.06572985,
      37.61498645
     ],
     [
      127.061764025,
      37.623803025
     ]
    ]
   }
  },
  {
   "type": "Feature",
   "properties": {
    "origin": "Seocho-gu",
    "hub": "Express Bus Terminal"
   },
   "geometry": {
    "type": "LineString",
    "coordinates": [
     [
      127.1348279,
      37.498074
     ],
     [
      127.14374885000001,
      37.49335525
     ]
    ]
   }
  },
  {
   "type": "Feature",
   "properties": {
    "origin": "Seocho-gu",
    "hub": "Express Bus Terminal"
   },
   "geometry": {
    "type": "LineString",
    "coordinates": [
     [
      127.0615646,
      37.8432631
     ],
     [
      127.0565601,
      37.9025991
     ]
    ]
   }
  },
  {
   "type": "Feature",
   "properties": {
    "origin": "Seocho-gu",
    "hub": "Express Bus Terminal"
   },
   "geometry": {
    "type": "LineString",
    "coordinates": [
     [
      126.7531662,
      37.505828199999996
     ],
     [
      126.7423046,
      37.5064953
     ]
    ]
   }
  },
  {
   "type": "Feature",
   "properties": {
    "origin": "Seocho-gu",
    "hub": "Express Bus Terminal"
   },
   "geometry": {
    "type": "LineString",
    "coordinates": [
     [
      127.207006,
      37.54165275
     ],
     [
      127.22369005,
      37.539676799999995
     ]
    ]
   }
  },
  {
   "type": "Feature",
   "properties": {
    "origin": "Seocho-gu",
    "hub": "Express Bus Terminal"
   },
   "geometry": {
    "type": "LineString",
    "coordinates": [
     [
      126.8822843222222,
      37.50327466666667
     ],
     [
      126.85895063333334,
      37.4945512
     ]
    ]
   }
  },
  {
   "type": "Feature",
   "properties": {
    "origin": "Seocho-gu",
    "hub": "Express Bus Terminal"
   },
   "geometry": {
    "type": "LineString",
    "coordinates": [
     [
      126.951171975,
      37.543658125
     ],
     [
      126.9459774,
      37.5396233
     ]
    ]
   }
  },
  {
   "type": "Feature",
   "properties": {
    "origin": "Seocho-gu",
    "hub": "Express Bus Terminal"
   },
   "geometry": {
    "type": "LineString",
    "coordinates": [
     [
      126.78272705,
      37.484111150000004
     ],
     [
      126.75233173333334,
      37.487693199999995
     ]
    ]
   }
  },
  {
   "type": "Feature",
   "properties": {
    "origin": "Seocho-gu",
    "hub": "Express Bus Terminal"
   },
   "geometry": {
    "type": "LineString",
    "coordinates": [
     [
      127.13607164999999,
      36.801399849999996
     ],
     [
      127.12136459999999,
      36.79375185
     ]
    ]
   }
  },
  {
   "type": "Feature",
   "properties": {
    "origin": "Seocho-gu",
    "hub": "Express Bus Terminal"
   },
   "geometry": {
    "type": "LineString",
    "coordinates": [
     [
      126.90512775,
      37.522699349999996
     ],
     [
      126.89641230000001,
      37.524029799999994
     ]
    ]
   }
  },
  {
   "type": "Feature",
   "properties": {
    "origin": "Seocho-gu",
    "hub": "Express Bus Terminal"
   },
   "geometry": {
    "type": "LineString",
    "coordinates": [
     [
      127.0436639,
      37.555725300000006
     ],
     [
      127.04739810000001,
      37.54723575
     ]
    ]
   }
  },
  {
   "type": "Feature",
   "properties": {
    "origin": "Seocho-gu",
    "hub": "Express Bus Terminal"
   },
   "geometry": {
    "type": "LineString",
    "coordinates": [
     [
      127.0116271,
      37.5081687
     ],
     [
      127.02148299999999,
      37.511113550000005
     ]
    ]
   }
  },
  {
   "type": "Feature",
   "properties": {
    "origin": "Seocho-gu",
    "hub": "Express Bus Terminal"
   },
   "geometry": {
    "type": "LineString",
    "coordinates": [
     [
      126.7537146,
      37.4876311
     ],
     [
      126.724560725,
      37.489460875000006
     ]
    ]
   }
  },
  {
   "type": "Feature",
   "properties": {
    "origin": "Seocho-gu",
    "hub": "Express Bus Terminal"
   },
   "geometry": {
    "type": "LineString",
    "coordinates": [
     [
      126.94807167500001,
      37.320376
     ],
     [
      126.97134670000001,
      37.30031830000001
     ]
    ]
   }
  },
  {
   "type": "Feature",
   "properties": {
    "origin": "Seocho-gu",
    "hub": "Express Bus Terminal"
   },
   "geometry": {
    "type": "LineString",
    "coordinates": [
     [
      126.80143015,
      37.562032125
     ],
     [
      126.80816335,
      37.57285495
     ]
    ]
   }
  },
  {
   "type": "Feature",
   "properties": {
    "origin": "Seocho-gu",
    "hub": "Express Bus Terminal"
   },
   "geometry": {
    "type": "LineString",
    "coordinates": [
     [
      127.05647575,
      37.6105524
     ],
     [
      127.06576275,
      37.6148967
     ]
    ]
   }
  },
  {
   "type": "Feature",
   "properties": {
    "origin": "Seocho-gu",
    "hub": "Express Bus Terminal"
   },
   "geometry": {
    "type": "LineString",
    "coordinates": [
     [
      127.1113607,
      37.394543375
     ],
     [
      127.10841984999999,
      37.3673687
     ]
    ]
   }
  },
  {
   "type": "Feature",
   "properties": {
    "origin": "Seocho-gu",
    "hub": "Express Bus Terminal"
   },
   "geometry": {
    "type": "LineString",
    "coordinates": [
     [
      126.96783339999999,
      37.52914435
     ],
     [
      126.973423125,
      37.53502835
     ]
    ]
   }
  },
  {
   "type": "Feature",
   "properties": {
    "origin": "Seocho-gu",
    "hub": "Express Bus Terminal"
   },
   "geometry": {
    "type": "LineString",
    "coordinates": [
     [
      127.06674185,
      37.53154165
     ],
     [
      127.0711248,
      37.540995699999996
     ]
    ]
   }
  },
  {
   "type": "Feature",
   "properties": {
    "origin": "Seocho-gu",
    "hub": "Express Bus Terminal"
   },
   "geometry": {
    "type": "LineString",
    "coordinates": [
     [
      127.01630875000001,
      37.48497865
     ],
     [
      127.034487975,
      37.484172900000004
     ]
    ]
   }
  },
  {
   "type": "Feature",
   "properties": {
    "origin": "Seocho-gu",
    "hub": "Express Bus Terminal"
   },
   "geometry": {
    "type": "LineString",
    "coordinates": [
     [
      127.02571385,
      37.63797905
     ],
     [
      127.03457474999999,
      37.648415549999996
     ]
    ]
   }
  },
  {
   "type": "Feature",
   "properties": {
    "origin": "Seocho-gu",
    "hub": "Express Bus Terminal"
   },
   "geometry": {
    "type": "LineString",
    "coordinates": [
     [
      127.09472075,
      37.32251575
     ],
     [
      127.08028205,
      37.31343235
     ]
    ]
   }
  },
  {
   "type": "Feature",
   "properties": {
    "origin": "Seocho-gu",
    "hub": "Express Bus Terminal"
   },
   "geometry": {
    "type": "LineString",
    "coordinates": [
     [
      126.89401819999999,
      37.45556295
     ],
     [
      126.92304295,
      37.40144905
     ]
    ]
   }
  },
  {
   "type": "Feature",
   "properties": {
    "origin": "Seocho-gu",
    "hub": "Express Bus Terminal"
   },
   "geometry": {
    "type": "LineString",
    "coordinates": [
     [
      126.72095709999999,
      37.5074886
     ],
     [
      126.70367825,
      37.50858455
     ]
    ]
   }
  },
  {
   "type": "Feature",
   "properties": {
    "origin": "Seocho-gu",
    "hub": "Express Bus Terminal"
   },
   "geometry": {
    "type": "LineString",
    "coordinates": [
     [
      127.02148299999999,
      37.511113550000005
     ],
     [
      127.0307414,
      37.51395335
     ]
    ]
   }
  },
  {
   "type": "Feature",
   "properties": {
    "origin": "Seocho-gu",
    "hub": "Express Bus Terminal"
   },
   "geometry": {
    "type": "LineString",
    "coordinates": [
     [
      126.98621109999999,
      37.5768519
     ],
     [
      126.973578,
      37.57582
     ]
    ]
   }
  },
  {
   "type": "Feature",
   "properties": {
    "origin": "Seocho-gu",
    "hub": "Express Bus Terminal"
   },
   "geometry": {
    "type": "LineString",
    "coordinates": [
     [
      127.01593,
      37.5480416
     ],
     [
      127.0104261,
      37.55442283333334
     ]
    ]
   }
  },
  {
   "type": "Feature",
   "properties": {
    "origin": "Seocho-gu",
    "hub": "Express Bus Terminal"
   },
   "geometry": {
    "type": "LineString",
    "coordinates": [
     [
      127.03831555,
      37.47013565
     ],
     [
      127.05454165,
      37.4483655
     ]
    ]
   }
  },
  {
   "type": "Feature",
   "properties": {
    "origin": "Seocho-gu",
    "hub": "Express Bus Terminal"
   },
   "geometry": {
    "type": "LineString",
    "coordinates": [
     [
      126.98153045000001,
      37.4769541
     ],
     [
      126.9885185,
      37.4650423
     ]
    ]
   }
  },
  {
   "type": "Feature",
   "properties": {
    "origin": "Seocho-gu",
    "hub": "Express Bus Terminal"
   },
   "geometry": {
    "type": "LineString",
    "coordinates": [
     [
      126.96368195,
      37.5593423
     ],
     [
      126.95613365,
      37.55742545
     ]
    ]
   }
  },
  {
   "type": "Feature",
   "properties": {
    "origin": "Seocho-gu",
    "hub": "Express Bus Terminal"
   },
   "geometry": {
    "type": "LineString",
    "coordinates": [
     [
      127.0066367,
      37.548266
     ],
     [
      127.00173749999999,
      37.5398225
     ]
    ]
   }
  },
  {
   "type": "Feature",
   "properties": {
    "origin": "Seocho-gu",
    "hub": "Express Bus Terminal"
   },
   "geometry": {
    "type": "LineString",
    "coordinates": [
     [
      127.0448934,
      37.580095799999995
     ],
     [
      127.05752925,
      37.589549649999995
     ]
    ]
   }
  },
  {
   "type": "Feature",
   "properties": {
    "origin": "Seocho-gu",
    "hub": "Express Bus Terminal"
   },
   "geometry": {
    "type": "LineString",
    "coordinates": [
     [
      127.0381884,
      37.573983150000004
     ],
     [
      127.04707995000001,
      37.56974155
     ]
    ]
   }
  },
  {
   "type": "Feature",
   "properties": {
    "origin": "Seocho-gu",
    "hub": "Express Bus Terminal"
   },
   "geometry": {
    "type": "LineString",
    "coordinates": [
     [
      126.92414654999999,
      37.52167905
     ],
     [
      126.93252955,
      37.52685165
     ]
    ]
   }
  },
  {
   "type": "Feature",
   "properties": {
    "origin": "Seocho-gu",
    "hub": "Express Bus Terminal"
   },
   "geometry": {
    "type": "LineString",
    "coordinates": [
     [
      127.1274373,
      37.549837249999996
     ],
     [
      127.13731045,
      37.55705595
     ]
    ]
   }
  },
  {
   "type": "Feature",
   "properties": {
    "origin": "Seocho-gu",
    "hub": "Express Bus Terminal"
   },
   "geometry": {
    "type": "LineString",
    "coordinates": [
     [
      126.84038305,
      37.54170345
     ],
     [
      126.8363186,
      37.54886705
     ]
    ]
   }
  },
  {
   "type": "Feature",
   "properties": {
    "origin": "Seocho-gu",
    "hub": "Express Bus Terminal"
   },
   "geometry": {
    "type": "LineString",
    "coordinates": [
     [
      126.9897244,
      37.426449
     ],
     [
      126.97694765,
      37.401366949999996
     ]
    ]
   }
  },
  {
   "type": "Feature",
   "properties": {
    "origin": "Seocho-gu",
    "hub": "Express Bus Terminal"
   },
   "geometry": {
    "type": "LineString",
    "coordinates": [
     [
      127.0601707,
      37.5141752
     ],
     [
      127.07510895,
      37.5112206
     ]
    ]
   }
  },
  {
   "type": "Feature",
   "properties": {
    "origin": "Seocho-gu",
    "hub": "Express Bus Terminal"
   },
   "geometry": {
    "type": "LineString",
    "coordinates": [
     [
      127.03600215,
      37.590341
     ],
     [
      127.0414675,
      37.6019369
     ]
    ]
   }
  },
  {
   "type": "Feature",
   "properties": {
    "origin": "Seocho-gu",
    "hub": "Express Bus Terminal"
   },
   "geometry": {
    "type": "LineString",
    "coordinates": [
     [
      127.00636765,
      37.5885974
     ],
     [
      127.0164183,
      37.592633
     ]
    ]
   }
  },
  {
   "type": "Feature",
   "properties": {
    "origin": "Seocho-gu",
    "hub": "Express Bus Terminal"
   },
   "geometry": {
    "type": "LineString",
    "coordinates": [
     [
      126.811999475,
      37.485282874999996
     ],
     [
      126.7956839,
      37.4827762
     ]
    ]
   }
  },
  {
   "type": "Feature",
   "properties": {
    "origin": "Seocho-gu",
    "hub": "Express Bus Terminal"
   },
   "geometry": {
    "type": "LineString",
    "coordinates": [
     [
      127.1044469,
      36.7920852
     ],
     [
      127.08450145,
      36.78820815
     ]
    ]
   }
  },
  {
   "type": "Feature",
   "properties": {
    "origin": "Seocho-gu",
    "hub": "Express Bus Terminal"
   },
   "geometry": {
    "type": "LineString",
    "coordinates": [
     [
      127.16654776666667,
      37.5567598
     ],
     [
      127.1761181,
      37.5575379
     ]
    ]
   }
  },
  {
   "type": "Feature",
   "properties": {
    "origin": "Seocho-gu",
    "hub": "Express Bus Terminal"
   },
   "geometry": {
    "type": "LineString",
    "coordinates": [
     [
      126.90145905,
      37.57620245
     ],
     [
      126.9098764,
      37.584113650000006
     ]
    ]
   }
  },
  {
   "type": "Feature",
   "properties": {
    "origin": "Seocho-gu",
    "hub": "Express Bus Terminal"
   },
   "geometry": {
    "type": "LineString",
    "coordinates": [
     [
      127.00319809999999,
      36.78053885
     ],
     [
      126.9518605,
      36.7698103
     ]
    ]
   }
  },
  {
   "type": "Feature",
   "properties": {
    "origin": "Seocho-gu",
    "hub": "Express Bus Terminal"
   },
   "geometry": {
    "type": "LineString",
    "coordinates": [
     [
      126.951171975,
      37.543658125
     ],
     [
      126.95670185,
      37.553438549999996
     ]
    ]
   }
  },
  {
   "type": "Feature",
   "properties": {
    "origin": "Seocho-gu",
    "hub": "Express Bus Terminal"
   },
   "geometry": {
    "type": "LineString",
    "coordinates": [
     [
      127.10889420000001,
      37.3499872
     ],
     [
      127.10280965,
      37.337877399999996
     ]
    ]
   }
  },
  {
   "type": "Feature",
   "properties": {
    "origin": "Seocho-gu",
    "hub": "Express Bus Terminal"
   },
   "geometry": {
    "type": "LineString",
    "coordinates": [
     [
      127.05886565,
      37.632992
     ],
     [
      127.05139825,
      37.6446067
     ]
    ]
   }
  },
  {
   "type": "Feature",
   "properties": {
    "origin": "Seocho-gu",
    "hub": "Express Bus Terminal"
   },
   "geometry": {
    "type": "LineString",
    "coordinates": [
     [
      126.90267904999999,
      37.534194199999995
     ],
     [
      126.87543819999999,
      37.5470354
     ]
    ]
   }
  },
  {
   "type": "Feature",
   "properties": {
    "origin": "Seocho-gu",
    "hub": "Express Bus Terminal"
   },
   "geometry": {
    "type": "LineString",
    "coordinates": [
     [
      127.010226875,
      37.571269725
     ],
     [
      127.0171379,
      37.573444800000004
     ]
    ]
   }
  },
  {
   "type": "Feature",
   "properties": {
    "origin": "Seocho-gu",
    "hub": "Express Bus Terminal"
   },
   "geometry": {
    "type": "LineString",
    "coordinates": [
     [
      126.97941087499999,
      37.50293935
     ],
     [
      126.97362305,
      37.5226395
     ]
    ]
   }
  },
  {
   "type": "Feature",
   "properties": {
    "origin": "Seocho-gu",
    "hub": "Express Bus Terminal"
   },
   "geometry": {
    "type": "LineString",
    "coordinates": [
     [
      127.010226875,
      37.571269725
     ],
     [
      127.00195554999999,
      37.58214475
     ]
    ]
   }
  },
  {
   "type": "Feature",
   "properties": {
    "origin": "Seocho-gu",
    "hub": "Express Bus Terminal"
   },
   "geometry": {
    "type": "LineString",
    "coordinates": [
     [
      127.0632186,
      37.4944502
     ],
     [
      127.0699125,
      37.4964802
     ]
    ]
   }
  },
  {
   "type": "Feature",
   "properties": {
    "origin": "Seocho-gu",
    "hub": "Express Bus Terminal"
   },
   "geometry": {
    "type": "LineString",
    "coordinates": [
     [
      127.0104261,
      37.55442283333334
     ],
     [
      127.01376707499999,
      37.56028295
     ]
    ]
   }
  },
  {
   "type": "Feature",
   "properties": {
    "origin": "Seocho-gu",
    "hub": "Express Bus Terminal"
   },
   "geometry": {
    "type": "LineString",
    "coordinates": [
     [
      127.0861764,
      37.5371514
     ],
     [
      127.0692152,
      37.540422050000004
     ]
    ]
   }
  },
  {
   "type": "Feature",
   "properties": {
    "origin": "Seocho-gu",
    "hub": "Express Bus Terminal"
   },
   "geometry": {
    "type": "LineString",
    "coordinates": [
     [
      127.06730005,
      37.601798450000004
     ],
     [
      127.06572985,
      37.61498645
     ]
    ]
   }
  },
  {
   "type": "Feature",
   "properties": {
    "origin": "Seocho-gu",
    "hub": "Express Bus Terminal"
   },
   "geometry": {
    "type": "LineString",
    "coordinates": [
     [
      126.8666104,
      37.30282205
     ],
     [
      126.85362459999999,
      37.3097262
     ]
    ]
   }
  },
  {
   "type": "Feature",
   "properties": {
    "origin": "Seocho-gu",
    "hub": "Express Bus Terminal"
   },
   "geometry": {
    "type": "LineString",
    "coordinates": [
     [
      127.12672925,
      37.47090125
     ],
     [
      127.13923265,
      37.46276445
     ]
    ]
   }
  },
  {
   "type": "Feature",
   "properties": {
    "origin": "Seocho-gu",
    "hub": "Express Bus Terminal"
   },
   "geometry": {
    "type": "LineString",
    "coordinates": [
     [
      127.0488204,
      37.6534371
     ],
     [
      127.06344135,
      37.65635735
     ]
    ]
   }
  },
  {
   "type": "Feature",
   "properties": {
    "origin": "Seocho-gu",
    "hub": "Express Bus Terminal"
   },
   "geometry": {
    "type": "LineString",
    "coordinates": [
     [
      126.7777566,
      37.652009899999996
     ],
     [
      126.773255,
      37.6597292
     ]
    ]
   }
  },
  {
   "type": "Feature",
   "properties": {
    "origin": "Seocho-gu",
    "hub": "Express Bus Terminal"
   },
   "geometry": {
    "type": "LineString",
    "coordinates": [
     [
      126.86451070000001,
      37.5261224
     ],
     [
      126.85594660000001,
      37.52504475
     ]
    ]
   }
  },
  {
   "type": "Feature",
   "properties": {
    "origin": "Seocho-gu",
    "hub": "Express Bus Terminal"
   },
   "geometry": {
    "type": "LineString",
    "coordinates": [
     [
      126.7430016,
      37.3517846
     ],
     [
      126.73850095,
      37.36194795
     ]
    ]
   }
  },
  {
   "type": "Feature",
   "properties": {
    "origin": "Seocho-gu",
    "hub": "Express Bus Terminal"
   },
   "geometry": {
    "type": "LineString",
    "coordinates": [
     [
      127.13923265,
      37.46276445
     ],
     [
      127.1499094,
      37.4568683
     ]
    ]
   }
  },
  {
   "type": "Feature",
   "properties": {
    "origin": "Seocho-gu",
    "hub": "Express Bus Terminal"
   },
   "geometry": {
    "type": "LineString",
    "coordinates": [
     [
      127.1476359,
      37.44099535
     ],
     [
      127.1406795,
      37.437440949999996
     ]
    ]
   }
  },
  {
   "type": "Feature",
   "properties": {
    "origin": "Seocho-gu",
    "hub": "Express Bus Terminal"
   },
   "geometry": {
    "type": "LineString",
    "coordinates": [
     [
      127.0469569,
      37.4870818
     ],
     [
      127.05547115,
      37.490908399999995
     ]
    ]
   }
  },
  {
   "type": "Feature",
   "properties": {
    "origin": "Seocho-gu",
    "hub": "Express Bus Terminal"
   },
   "geometry": {
    "type": "LineString",
    "coordinates": [
     [
      126.78796255,
      37.6430864
     ],
     [
      126.7777566,
      37.652009899999996
     ]
    ]
   }
  },
  {
   "type": "Feature",
   "properties": {
    "origin": "Seocho-gu",
    "hub": "Express Bus Terminal"
   },
   "geometry": {
    "type": "LineString",
    "coordinates": [
     [
      127.00777154,
      37.56494996
     ],
     [
      126.9980017,
      37.56663065
     ]
    ]
   }
  },
  {
   "type": "Feature",
   "properties": {
    "origin": "Seocho-gu",
    "hub": "Express Bus Terminal"
   },
   "geometry": {
    "type": "LineString",
    "coordinates": [
     [
      127.10697945,
      37.505189625
     ],
     [
      127.130605875,
      37.516118175
     ]
    ]
   }
  },
  {
   "type": "Feature",
   "properties": {
    "origin": "Seocho-gu",
    "hub": "Express Bus Terminal"
   },
   "geometry": {
    "type": "LineString",
    "coordinates": [
     [
      127.03009940000001,
      37.61316885
     ],
     [
      127.02611,
      37.626536849999994
     ]
    ]
   }
  },
  {
   "type": "Feature",
   "properties": {
    "origin": "Seocho-gu",
    "hub": "Express Bus Terminal"
   },
   "geometry": {
    "type": "LineString",
    "coordinates": [
     [
      126.8384926,
      37.31602785
     ],
     [
      126.80592225000001,
      37.3207102
     ]
    ]
   }
  },
  {
   "type": "Feature",
   "properties": {
    "origin": "Seocho-gu",
    "hub": "Express Bus Terminal"
   },
   "geometry": {
    "type": "LineString",
    "coordinates": [
     [
      127.11792632500001,
      37.492728225
     ],
     [
      127.1225077,
      37.4858574
     ]
    ]
   }
  },
  {
   "type": "Feature",
   "properties": {
    "origin": "Seocho-gu",
    "hub": "Express Bus Terminal"
   },
   "geometry": {
    "type": "LineString",
    "coordinates": [
     [
      126.87543819999999,
      37.5470354
     ],
     [
      126.855077,
      37.5611624
     ]
    ]
   }
  },
  {
   "type": "Feature",
   "properties": {
    "origin": "Seocho-gu",
    "hub": "Express Bus Terminal"
   },
   "geometry": {
    "type": "LineString",
    "coordinates": [
     [
      126.929697,
      37.4842352
     ],
     [
      126.91341105000001,
      37.487613499999995
     ]
    ]
   }
  },
  {
   "type": "Feature",
   "properties": {
    "origin": "Seocho-gu",
    "hub": "Express Bus Terminal"
   },
   "geometry": {
    "type": "LineString",
    "coordinates": [
     [
      126.788700425,
      37.327088575000005
     ],
     [
      126.7430016,
      37.3517846
     ]
    ]
   }
  },
  {
   "type": "Feature",
   "properties": {
    "origin": "Seocho-gu",
    "hub": "Express Bus Terminal"
   },
   "geometry": {
    "type": "LineString",
    "coordinates": [
     [
      126.9137366,
      37.59167145
     ],
     [
      126.9155872,
      37.5986062
     ]
    ]
   }
  },
  {
   "type": "Feature",
   "properties": {
    "origin": "Seocho-gu",
    "hub": "Express Bus Terminal"
   },
   "geometry": {
    "type": "LineString",
    "coordinates": [
     [
      127.12332384999999,
      37.538330724999994
     ],
     [
      127.1274373,
      37.549837249999996
     ]
    ]
   }
  },
  {
   "type": "Feature",
   "properties": {
    "origin": "Seocho-gu",
    "hub": "Express Bus Terminal"
   },
   "geometry": {
    "type": "LineString",
    "coordinates": [
     [
      127.0331232,
      37.206827425
     ],
     [
      127.04343015,
      37.18718805
     ]
    ]
   }
  },
  {
   "type": "Feature",
   "properties": {
    "origin": "Seocho-gu",
    "hub": "Express Bus Terminal"
   },
   "geometry": {
    "type": "LineString",
    "coordinates": [
     [
      126.99683205,
      37.433065299999996
     ],
     [
      126.9897244,
      37.426449
     ]
    ]
   }
  },
  {
   "type": "Feature",
   "properties": {
    "origin": "Seocho-gu",
    "hub": "Express Bus Terminal"
   },
   "geometry": {
    "type": "LineString",
    "coordinates": [
     [
      126.973423125,
      37.53502835
     ],
     [
      126.98651129999999,
      37.53475175
     ]
    ]
   }
  },
  {
   "type": "Feature",
   "properties": {
    "origin": "Seocho-gu",
    "hub": "Express Bus Terminal"
   },
   "geometry": {
    "type": "LineString",
    "coordinates": [
     [
      127.0698874,
      37.4965268
     ],
     [
      127.0795709,
      37.493673
     ]
    ]
   }
  },
  {
   "type": "Feature",
   "properties": {
    "origin": "Seocho-gu",
    "hub": "Express Bus Terminal"
   },
   "geometry": {
    "type": "LineString",
    "coordinates": [
     [
      127.04707995000001,
      37.56974155
     ],
     [
      127.0508526,
      37.562121399999995
     ]
    ]
   }
  },
  {
   "type": "Feature",
   "properties": {
    "origin": "Seocho-gu",
    "hub": "Express Bus Terminal"
   },
   "geometry": {
    "type": "LineString",
    "coordinates": [
     [
      127.00777154,
      37.56494996
     ],
     [
      127.010226875,
      37.571269725
     ]
    ]
   }
  },
  {
   "type": "Feature",
   "properties": {
    "origin": "Seocho-gu",
    "hub": "Express Bus Terminal"
   },
   "geometry": {
    "type": "LineString",
    "coordinates": [
     [
      127.00210535,
      37.451572299999995
     ],
     [
      127.00789135,
      37.4438108
     ]
    ]
   }
  },
  {
   "type": "Feature",
   "properties": {
    "origin": "Seocho-gu",
    "hub": "Express Bus Terminal"
   },
   "geometry": {
    "type": "LineString",
    "coordinates": [
     [
      127.05547115,
      37.490908399999995
     ],
     [
      127.0631799,
      37.494503
     ]
    ]
   }
  },
  {
   "type": "Feature",
   "properties": {
    "origin": "Seocho-gu",
    "hub": "Express Bus Terminal"
   },
   "geometry": {
    "type": "LineString",
    "coordinates": [
     [
      127.1113607,
      37.394543375
     ],
     [
      127.12760195,
      37.3946471
     ]
    ]
   }
  },
  {
   "type": "Feature",
   "properties": {
    "origin": "Seocho-gu",
    "hub": "Express Bus Terminal"
   },
   "geometry": {
    "type": "LineString",
    "coordinates": [
     [
      126.96214445,
      37.5594717
     ],
     [
      126.96663975,
      37.565793400000004
     ]
    ]
   }
  },
  {
   "type": "Feature",
   "properties": {
    "origin": "Seocho-gu",
    "hub": "Express Bus Terminal"
   },
   "geometry": {
    "type": "LineString",
    "coordinates": [
     [
      127.02494235,
      37.575267100000005
     ],
     [
      127.03472819999999,
      37.57828585
     ]
    ]
   }
  },
  {
   "type": "Feature",
   "properties": {
    "origin": "Seocho-gu",
    "hub": "Express Bus Terminal"
   },
   "geometry": {
    "type": "LineString",
    "coordinates": [
     [
      126.90722555,
      37.515533616666666
     ],
     [
      126.89151790000001,
      37.509030114285714
     ]
    ]
   }
  },
  {
   "type": "Feature",
   "properties": {
    "origin": "Seocho-gu",
    "hub": "Express Bus Terminal"
   },
   "geometry": {
    "type": "LineString",
    "coordinates": [
     [
      127.0845082,
      37.56628955
     ],
     [
      127.08650785,
      37.573884050000004
     ]
    ]
   }
  },
  {
   "type": "Feature",
   "properties": {
    "origin": "Seocho-gu",
    "hub": "Express Bus Terminal"
   },
   "geometry": {
    "type": "LineString",
    "coordinates": [
     [
      126.77621479999999,
      37.50304175
     ],
     [
      126.76317800000001,
      37.5047652
     ]
    ]
   }
  },
  {
   "type": "Feature",
   "properties": {
    "origin": "Seocho-gu",
    "hub": "Express Bus Terminal"
   },
   "geometry": {
    "type": "LineString",
    "coordinates": [
     [
      126.94807167500001,
      37.320376
     ],
     [
      126.9697911,
      37.3003187
     ]
    ]
   }
  },
  {
   "type": "Feature",
   "properties": {
    "origin": "Seocho-gu",
    "hub": "Express Bus Terminal"
   },
   "geometry": {
    "type": "LineString",
    "coordinates": [
     [
      127.2532829,
      37.39889945
     ],
     [
      127.29996225,
      37.373357299999995
     ]
    ]
   }
  },
  {
   "type": "Feature",
   "properties": {
    "origin": "Seocho-gu",
    "hub": "Express Bus Terminal"
   },
   "geometry": {
    "type": "LineString",
    "coordinates": [
     [
      126.9188368,
      37.6368601
     ],
     [
      126.91374195,
      37.64814335
     ]
    ]
   }
  },
  {
   "type": "Feature",
   "properties": {
    "origin": "Seocho-gu",
    "hub": "Express Bus Terminal"
   },
   "geometry": {
    "type": "LineString",
    "coordinates": [
     [
      126.773255,
      37.6597292
     ],
     [
      126.76123989999999,
      37.670143249999995
     ]
    ]
   }
  },
  {
   "type": "Feature",
   "properties": {
    "origin": "Seocho-gu",
    "hub": "Express Bus Terminal"
   },
   "geometry": {
    "type": "LineString",
    "coordinates": [
     [
      127.05581495,
      37.89235135
     ],
     [
      127.0564914,
      37.9008562
     ]
    ]
   }
  },
  {
   "type": "Feature",
   "properties": {
    "origin": "Seocho-gu",
    "hub": "Express Bus Terminal"
   },
   "geometry": {
    "type": "LineString",
    "coordinates": [
     [
      127.0429062,
      37.566101599999996
     ],
     [
      127.0526772,
      37.56682395
     ]
    ]
   }
  },
  {
   "type": "Feature",
   "properties": {
    "origin": "Seocho-gu",
    "hub": "Express Bus Terminal"
   },
   "geometry": {
    "type": "LineString",
    "coordinates": [
     [
      126.96355224999999,
      37.4770473
     ],
     [
      126.9527503,
      37.48120715
     ]
    ]
   }
  },
  {
   "type": "Feature",
   "properties": {
    "origin": "Seocho-gu",
    "hub": "Express Bus Terminal"
   },
   "geometry": {
    "type": "LineString",
    "coordinates": [
     [
      127.07440324999999,
      37.5476204
     ],
     [
      127.07954310000001,
      37.557182225000005
     ]
    ]
   }
  },
  {
   "type": "Feature",
   "properties": {
    "origin": "Seocho-gu",
    "hub": "Express Bus Terminal"
   },
   "geometry": {
    "type": "LineString",
    "coordinates": [
     [
      126.9503083,
      37.5823147
     ],
     [
      126.944199,
      37.588674
     ]
    ]
   }
  },
  {
   "type": "Feature",
   "properties": {
    "origin": "Seocho-gu",
    "hub": "Express Bus Terminal"
   },
   "geometry": {
    "type": "LineString",
    "coordinates": [
     [
      127.0104261,
      37.55442283333334
     ],
     [
      127.0057565,
      37.5590786
     ]
    ]
   }
  },
  {
   "type": "Feature",
   "properties": {
    "origin": "Seocho-gu",
    "hub": "Express Bus Terminal"
   },
   "geometry": {
    "type": "LineString",
    "coordinates": [
     [
      126.94158883333331,
      37.513936916666665
     ],
     [
      126.9260986,
      37.51338783333333
     ]
    ]
   }
  },
  {
   "type": "Feature",
   "properties": {
    "origin": "Seocho-gu",
    "hub": "Express Bus Terminal"
   },
   "geometry": {
    "type": "LineString",
    "coordinates": [
     [
      126.97233707999999,
      37.554326859999996
     ],
     [
      126.97613145,
      37.564515325
     ]
    ]
   }
  },
  {
   "type": "Feature",
   "properties": {
    "origin": "Seocho-gu",
    "hub": "Express Bus Terminal"
   },
   "geometry": {
    "type": "LineString",
    "coordinates": [
     [
      127.07760615000001,
      37.61143885
     ],
     [
      127.074925275,
      37.617910925000004
     ]
    ]
   }
  },
  {
   "type": "Feature",
   "properties": {
    "origin": "Seocho-gu",
    "hub": "Express Bus Terminal"
   },
   "geometry": {
    "type": "LineString",
    "coordinates": [
     [
      126.97941087499999,
      37.50293935
     ],
     [
      126.94158883333331,
      37.513936916666665
     ]
    ]
   }
  },
  {
   "type": "Feature",
   "properties": {
    "origin": "Seocho-gu",
    "hub": "Express Bus Terminal"
   },
   "geometry": {
    "type": "LineString",
    "coordinates": [
     [
      127.06344135,
      37.65635735
     ],
     [
      127.0734209,
      37.66069845
     ]
    ]
   }
  },
  {
   "type": "Feature",
   "properties": {
    "origin": "Seocho-gu",
    "hub": "Express Bus Terminal"
   },
   "geometry": {
    "type": "LineString",
    "coordinates": [
     [
      127.034487975,
      37.484172900000004
     ],
     [
      127.0469569,
      37.4870818
     ]
    ]
   }
  },
  {
   "type": "Feature",
   "properties": {
    "origin": "Seocho-gu",
    "hub": "Express Bus Terminal"
   },
   "geometry": {
    "type": "LineString",
    "coordinates": [
     [
      126.97694765,
      37.401366949999996
     ],
     [
      126.9638778,
      37.39428915
     ]
    ]
   }
  },
  {
   "type": "Feature",
   "properties": {
    "origin": "Seocho-gu",
    "hub": "Express Bus Terminal"
   },
   "geometry": {
    "type": "LineString",
    "coordinates": [
     [
      127.0565601,
      37.9025991
     ],
     [
      127.0572249,
      37.914117950000005
     ]
    ]
   }
  },
  {
   "type": "Feature",
   "properties": {
    "origin": "Seocho-gu",
    "hub": "Express Bus Terminal"
   },
   "geometry": {
    "type": "LineString",
    "coordinates": [
     [
      127.04479986666668,
      37.77416003333334
     ],
     [
      127.0567015,
      37.8187667
     ]
    ]
   }
  },
  {
   "type": "Feature",
   "properties": {
    "origin": "Seocho-gu",
    "hub": "Express Bus Terminal"
   },
   "geometry": {
    "type": "LineString",
    "coordinates": [
     [
      127.0699125,
      37.4964802
     ],
     [
      127.0795056,
      37.493654
     ]
    ]
   }
  },
  {
   "type": "Feature",
   "properties": {
    "origin": "Seocho-gu",
    "hub": "Express Bus Terminal"
   },
   "geometry": {
    "type": "LineString",
    "coordinates": [
     [
      126.8822843222222,
      37.50327466666667
     ],
     [
      126.869569775,
      37.496126725
     ]
    ]
   }
  },
  {
   "type": "Feature",
   "properties": {
    "origin": "Seocho-gu",
    "hub": "Express Bus Terminal"
   },
   "geometry": {
    "type": "LineString",
    "coordinates": [
     [
      126.973423125,
      37.53502835
     ],
     [
      126.96137709999999,
      37.53932435
     ]
    ]
   }
  },
  {
   "type": "Feature",
   "properties": {
    "origin": "Seocho-gu",
    "hub": "Express Bus Terminal"
   },
   "geometry": {
    "type": "LineString",
    "coordinates": [
     [
      127.0299623,
      37.55758135000001
     ],
     [
      127.03622743333334,
      37.561098433333335
     ]
    ]
   }
  },
  {
   "type": "Feature",
   "properties": {
    "origin": "Seocho-gu",
    "hub": "Express Bus Terminal"
   },
   "geometry": {
    "type": "LineString",
    "coordinates": [
     [
      127.00488916666667,
      37.50495225
     ],
     [
      127.01109835,
      37.51273505
     ]
    ]
   }
  },
  {
   "type": "Feature",
   "properties": {
    "origin": "Seocho-gu",
    "hub": "Express Bus Terminal"
   },
   "geometry": {
    "type": "LineString",
    "coordinates": [
     [
      126.96394889999999,
      37.50838225
     ],
     [
      126.9535754,
      37.5129714
     ]
    ]
   }
  },
  {
   "type": "Feature",
   "properties": {
    "origin": "Seocho-gu",
    "hub": "Express Bus Terminal"
   },
   "geometry": {
    "type": "LineString",
    "coordinates": [
     [
      127.40524690000001,
      37.3156678
     ],
     [
      127.44218375,
      37.264238899999995
     ]
    ]
   }
  },
  {
   "type": "Feature",
   "properties": {
    "origin": "Seocho-gu",
    "hub": "Express Bus Terminal"
   },
   "geometry": {
    "type": "LineString",
    "coordinates": [
     [
      126.9578197,
      37.574513
     ],
     [
      126.9503083,
      37.5823147
     ]
    ]
   }
  },
  {
   "type": "Feature",
   "properties": {
    "origin": "Seocho-gu",
    "hub": "Express Bus Terminal"
   },
   "geometry": {
    "type": "LineString",
    "coordinates": [
     [
      127.0246599,
      37.504134840000006
     ],
     [
      127.027783275,
      37.497521625000005
     ]
    ]
   }
  },
  {
   "type": "Feature",
   "properties": {
    "origin": "Seocho-gu",
    "hub": "Express Bus Terminal"
   },
   "geometry": {
    "type": "LineString",
    "coordinates": [
     [
      126.96137709999999,
      37.53932435
     ],
     [
      126.951171975,
      37.543658125
     ]
    ]
   }
  },
  {
   "type": "Feature",
   "properties": {
    "origin": "Seocho-gu",
    "hub": "Express Bus Terminal"
   },
   "geometry": {
    "type": "LineString",
    "coordinates": [
     [
      126.8822843222222,
      37.50327466666667
     ],
     [
      126.88259225,
      37.481642550000004
     ]
    ]
   }
  },
  {
   "type": "Feature",
   "properties": {
    "origin": "Seocho-gu",
    "hub": "Express Bus Terminal"
   },
   "geometry": {
    "type": "LineString",
    "coordinates": [
     [
      127.1761181,
      37.5575379
     ],
     [
      127.1927747,
      37.5630584
     ]
    ]
   }
  },
  {
   "type": "Feature",
   "properties": {
    "origin": "Seocho-gu",
    "hub": "Express Bus Terminal"
   },
   "geometry": {
    "type": "LineString",
    "coordinates": [
     [
      127.1038398,
      37.52067075
     ],
     [
      127.09471975,
      37.53514475
     ]
    ]
   }
  },
  {
   "type": "Feature",
   "properties": {
    "origin": "Seocho-gu",
    "hub": "Express Bus Terminal"
   },
   "geometry": {
    "type": "LineString",
    "coordinates": [
     [
      127.0666711,
      37.1448264
     ],
     [
      127.05288045,
      37.05648574999999
     ]
    ]
   }
  },
  {
   "type": "Feature",
   "properties": {
    "origin": "Seocho-gu",
    "hub": "Express Bus Terminal"
   },
   "geometry": {
    "type": "LineString",
    "coordinates": [
     [
      127.1268624,
      36.91622415
     ],
     [
      127.14381025,
      36.87095285
     ]
    ]
   }
  },
  {
   "type": "Feature",
   "properties": {
    "origin": "Seocho-gu",
    "hub": "Express Bus Terminal"
   },
   "geometry": {
    "type": "LineString",
    "coordinates": [
     [
      127.0246599,
      37.504134840000006
     ],
     [
      127.03387465,
      37.507321000000005
     ]
    ]
   }
  },
  {
   "type": "Feature",
   "properties": {
    "origin": "Seocho-gu",
    "hub": "Express Bus Terminal"
   },
   "geometry": {
    "type": "LineString",
    "coordinates": [
     [
      127.06928805,
      37.29742885
     ],
     [
      127.0515173,
      37.2885603
     ]
    ]
   }
  },
  {
   "type": "Feature",
   "properties": {
    "origin": "Seocho-gu",
    "hub": "Express Bus Terminal"
   },
   "geometry": {
    "type": "LineString",
    "coordinates": [
     [
      126.9644438,
      37.52945737499999
     ],
     [
      126.9713321,
      37.540552000000005
     ]
    ]
   }
  },
  {
   "type": "Feature",
   "properties": {
    "origin": "Seocho-gu",
    "hub": "Express Bus Terminal"
   },
   "geometry": {
    "type": "LineString",
    "coordinates": [
     [
      126.82772320000001,
      37.566714149999996
     ],
     [
      126.8170125,
      37.56748705
     ]
    ]
   }
  },
  {
   "type": "Feature",
   "properties": {
    "origin": "Seocho-gu",
    "hub": "Express Bus Terminal"
   },
   "geometry": {
    "type": "LineString",
    "coordinates": [
     [
      127.11266905,
      37.5175106
     ],
     [
      127.12062259999999,
      37.530676150000005
     ]
    ]
   }
  },
  {
   "type": "Feature",
   "properties": {
    "origin": "Seocho-gu",
    "hub": "Express Bus Terminal"
   },
   "geometry": {
    "type": "LineString",
    "coordinates": [
     [
      127.01619545,
      37.5664047
     ],
     [
      127.01568155000001,
      37.5723877
     ]
    ]
   }
  },
  {
   "type": "Feature",
   "properties": {
    "origin": "Seocho-gu",
    "hub": "Express Bus Terminal"
   },
   "geometry": {
    "type": "LineString",
    "coordinates": [
     [
      127.12760195,
      37.3946471
     ],
     [
      127.2034043,
      37.4086408
     ]
    ]
   }
  },
  {
   "type": "Feature",
   "properties": {
    "origin": "Seocho-gu",
    "hub": "Express Bus Terminal"
   },
   "geometry": {
    "type": "LineString",
    "coordinates": [
     [
      126.9944059,
      37.561106433333336
     ],
     [
      126.99166100000001,
      37.56630906666666
     ]
    ]
   }
  },
  {
   "type": "Feature",
   "properties": {
    "origin": "Seocho-gu",
    "hub": "Express Bus Terminal"
   },
   "geometry": {
    "type": "LineString",
    "coordinates": [
     [
      126.97362305,
      37.5226395
     ],
     [
      126.96783339999999,
      37.52914435
     ]
    ]
   }
  },
  {
   "type": "Feature",
   "properties": {
    "origin": "Seocho-gu",
    "hub": "Express Bus Terminal"
   },
   "geometry": {
    "type": "LineString",
    "coordinates": [
     [
      126.92984775,
      37.61032965
     ],
     [
      126.9228008,
      37.6060541
     ]
    ]
   }
  },
  {
   "type": "Feature",
   "properties": {
    "origin": "Seocho-gu",
    "hub": "Express Bus Terminal"
   },
   "geometry": {
    "type": "LineString",
    "coordinates": [
     [
      127.0438358,
      37.5102551
     ],
     [
      127.0601707,
      37.5141752
     ]
    ]
   }
  },
  {
   "type": "Feature",
   "properties": {
    "origin": "Seocho-gu",
    "hub": "Express Bus Terminal"
   },
   "geometry": {
    "type": "LineString",
    "coordinates": [
     [
      127.05761670000001,
      37.66551795
     ],
     [
      127.0553117,
      37.6778692
     ]
    ]
   }
  },
  {
   "type": "Feature",
   "properties": {
    "origin": "Seocho-gu",
    "hub": "Express Bus Terminal"
   },
   "geometry": {
    "type": "LineString",
    "coordinates": [
     [
      126.97941087499999,
      37.50293935
     ],
     [
      126.98222985000001,
      37.48702505
     ]
    ]
   }
  },
  {
   "type": "Feature",
   "properties": {
    "origin": "Seocho-gu",
    "hub": "Express Bus Terminal"
   },
   "geometry": {
    "type": "LineString",
    "coordinates": [
     [
      126.928208,
      37.49970205
     ],
     [
      126.92028895,
      37.49992125
     ]
    ]
   }
  },
  {
   "type": "Feature",
   "properties": {
    "origin": "Seocho-gu",
    "hub": "Express Bus Terminal"
   },
   "geometry": {
    "type": "LineString",
    "coordinates": [
     [
      127.00777154,
      37.56494996
     ],
     [
      126.99810195,
      37.56693335
     ]
    ]
   }
  },
  {
   "type": "Feature",
   "properties": {
    "origin": "Seocho-gu",
    "hub": "Express Bus Terminal"
   },
   "geometry": {
    "type": "LineString",
    "coordinates": [
     [
      126.89931285,
      37.570154599999995
     ],
     [
      126.90145905,
      37.57620245
     ]
    ]
   }
  },
  {
   "type": "Feature",
   "properties": {
    "origin": "Seocho-gu",
    "hub": "Express Bus Terminal"
   },
   "geometry": {
    "type": "LineString",
    "coordinates": [
     [
      127.130605875,
      37.516118175
     ],
     [
      127.12604145,
      37.5086316
     ]
    ]
   }
  },
  {
   "type": "Feature",
   "properties": {
    "origin": "Seocho-gu",
    "hub": "Express Bus Terminal"
   },
   "geometry": {
    "type": "LineString",
    "coordinates": [
     [
      126.82772320000001,
      37.566714149999996
     ],
     [
      126.80143015,
      37.562032125
     ]
    ]
   }
  },
  {
   "type": "Feature",
   "properties": {
    "origin": "Seocho-gu",
    "hub": "Express Bus Terminal"
   },
   "geometry": {
    "type": "LineString",
    "coordinates": [
     [
      127.06081169999999,
      37.9480142
     ],
     [
      127.07422505,
      37.99508315
     ]
    ]
   }
  },
  {
   "type": "Feature",
   "properties": {
    "origin": "Seocho-gu",
    "hub": "Express Bus Terminal"
   },
   "geometry": {
    "type": "LineString",
    "coordinates": [
     [
      127.0872093,
      37.5045328
     ],
     [
      127.09656525,
      37.5024372
     ]
    ]
   }
  },
  {
   "type": "Feature",
   "properties": {
    "origin": "Seocho-gu",
    "hub": "Express Bus Terminal"
   },
   "geometry": {
    "type": "LineString",
    "coordinates": [
     [
      127.0842084,
      37.48379075
     ],
     [
      127.10196395,
      37.48746015
     ]
    ]
   }
  },
  {
   "type": "Feature",
   "properties": {
    "origin": "Seocho-gu",
    "hub": "Express Bus Terminal"
   },
   "geometry": {
    "type": "LineString",
    "coordinates": [
     [
      126.97186830000001,
      37.484363450000004
     ],
     [
      126.95412005,
      37.4956457
     ]
    ]
   }
  },
  {
   "type": "Feature",
   "properties": {
    "origin": "Seocho-gu",
    "hub": "Express Bus Terminal"
   },
   "geometry": {
    "type": "LineString",
    "coordinates": [
     [
      127.128077625,
      37.5021865
     ],
     [
      127.1348279,
      37.498074
     ]
    ]
   }
  },
  {
   "type": "Feature",
   "properties": {
    "origin": "Seocho-gu",
    "hub": "Express Bus Terminal"
   },
   "geometry": {
    "type": "LineString",
    "coordinates": [
     [
      126.9980017,
      37.56663065
     ],
     [
      127.0081378,
      37.5658484
     ]
    ]
   }
  },
  {
   "type": "Feature",
   "properties": {
    "origin": "Seocho-gu",
    "hub": "Express Bus Terminal"
   },
   "geometry": {
    "type": "LineString",
    "coordinates": [
     [
      126.92984775,
      37.61032965
     ],
     [
      126.9209102,
      37.6194877
     ]
    ]
   }
  },
  {
   "type": "Feature",
   "properties": {
    "origin": "Seocho-gu",
    "hub": "Express Bus Terminal"
   },
   "geometry": {
    "type": "LineString",
    "coordinates": [
     [
      126.92028895,
      37.49992125
     ],
     [
      126.90893539999999,
      37.50012825
     ]
    ]
   }
  },
  {
   "type": "Feature",
   "properties": {
    "origin": "Seocho-gu",
    "hub": "Express Bus Terminal"
   },
   "geometry": {
    "type": "LineString",
    "coordinates": [
     [
      127.01376707499999,
      37.56028295
     ],
     [
      127.02026115000001,
      37.55442985
     ]
    ]
   }
  },
  {
   "type": "Feature",
   "properties": {
    "origin": "Seocho-gu",
    "hub": "Express Bus Terminal"
   },
   "geometry": {
    "type": "LineString",
    "coordinates": [
     [
      127.12062259999999,
      37.530676150000005
     ],
     [
      127.12332384999999,
      37.538330724999994
     ]
    ]
   }
  },
  {
   "type": "Feature",
   "properties": {
    "origin": "Seocho-gu",
    "hub": "Express Bus Terminal"
   },
   "geometry": {
    "type": "LineString",
    "coordinates": [
     [
      127.1499094,
      37.4568683
     ],
     [
      127.15982804999999,
      37.451577349999994
     ]
    ]
   }
  },
  {
   "type": "Feature",
   "properties": {
    "origin": "Seocho-gu",
    "hub": "Express Bus Terminal"
   },
   "geometry": {
    "type": "LineString",
    "coordinates": [
     [
      127.061764025,
      37.623803025
     ],
     [
      127.05886565,
      37.632992
     ]
    ]
   }
  },
  {
   "type": "Feature",
   "properties": {
    "origin": "Seocho-gu",
    "hub": "Express Bus Terminal"
   },
   "geometry": {
    "type": "LineString",
    "coordinates": [
     [
      126.94233779999999,
      37.54770605
     ],
     [
      126.9319957,
      37.5474678
     ]
    ]
   }
  },
  {
   "type": "Feature",
   "properties": {
    "origin": "Seocho-gu",
    "hub": "Express Bus Terminal"
   },
   "geometry": {
    "type": "LineString",
    "coordinates": [
     [
      126.80143015,
      37.562032125
     ],
     [
      126.8119978,
      37.561269949999996
     ]
    ]
   }
  },
  {
   "type": "Feature",
   "properties": {
    "origin": "Seocho-gu",
    "hub": "Express Bus Terminal"
   },
   "geometry": {
    "type": "LineString",
    "coordinates": [
     [
      127.08028205,
      37.31343235
     ],
     [
      127.06928805,
      37.29742885
     ]
    ]
   }
  },
  {
   "type": "Feature",
   "properties": {
    "origin": "Seocho-gu",
    "hub": "Express Bus Terminal"
   },
   "geometry": {
    "type": "LineString",
    "coordinates": [
     [
      126.973423125,
      37.53502835
     ],
     [
      126.97194730000001,
      37.54513985
     ]
    ]
   }
  },
  {
   "type": "Feature",
   "properties": {
    "origin": "Seocho-gu",
    "hub": "Express Bus Terminal"
   },
   "geometry": {
    "type": "LineString",
    "coordinates": [
     [
      126.95613365,
      37.55742545
     ],
     [
      126.94584105,
      37.55676595
     ]
    ]
   }
  },
  {
   "type": "Feature",
   "properties": {
    "origin": "Seocho-gu",
    "hub": "Express Bus Terminal"
   },
   "geometry": {
    "type": "LineString",
    "coordinates": [
     [
      127.11227210000001,
      37.49963255
     ],
     [
      127.11792632500001,
      37.492728225
     ]
    ]
   }
  },
  {
   "type": "Feature",
   "properties": {
    "origin": "Seocho-gu",
    "hub": "Express Bus Terminal"
   },
   "geometry": {
    "type": "LineString",
    "coordinates": [
     [
      127.034487975,
      37.484172900000004
     ],
     [
      127.03831555,
      37.47013565
     ]
    ]
   }
  },
  {
   "type": "Feature",
   "properties": {
    "origin": "Seocho-gu",
    "hub": "Express Bus Terminal"
   },
   "geometry": {
    "type": "LineString",
    "coordinates": [
     [
      126.97613145,
      37.564515325
     ],
     [
      126.96368195,
      37.5593423
     ]
    ]
   }
  },
  {
   "type": "Feature",
   "properties": {
    "origin": "Seocho-gu",
    "hub": "Express Bus Terminal"
   },
   "geometry": {
    "type": "LineString",
    "coordinates": [
     [
      127.07954310000001,
      37.557182225000005
     ],
     [
      127.0845082,
      37.56628955
     ]
    ]
   }
  },
  {
   "type": "Feature",
   "properties": {
    "origin": "Seocho-gu",
    "hub": "Express Bus Terminal"
   },
   "geometry": {
    "type": "LineString",
    "coordinates": [
     [
      127.11618745,
      37.6677962
     ],
     [
      127.1910807,
      37.705207650000006
     ]
    ]
   }
  },
  {
   "type": "Feature",
   "properties": {
    "origin": "Seocho-gu",
    "hub": "Express Bus Terminal"
   },
   "geometry": {
    "type": "LineString",
    "coordinates": [
     [
      126.82350482,
      37.49227992
     ],
     [
      126.8113736,
      37.506238350000004
     ]
    ]
   }
  },
  {
   "type": "Feature",
   "properties": {
    "origin": "Seocho-gu",
    "hub": "Express Bus Terminal"
   },
   "geometry": {
    "type": "LineString",
    "coordinates": [
     [
      126.83748539999999,
      37.55844505
     ],
     [
      126.82474210000001,
      37.5602483
     ]
    ]
   }
  },
  {
   "type": "Feature",
   "properties": {
    "origin": "Seocho-gu",
    "hub": "Express Bus Terminal"
   },
   "geometry": {
    "type": "LineString",
    "coordinates": [
     [
      127.04772775,
      37.6531714
     ],
     [
      127.04432025,
      37.6674863
     ]
    ]
   }
  },
  {
   "type": "Feature",
   "properties": {
    "origin": "Seocho-gu",
    "hub": "Express Bus Terminal"
   },
   "geometry": {
    "type": "LineString",
    "coordinates": [
     [
      126.89151790000001,
      37.509030114285714
     ],
     [
      126.89486975,
      37.51840285
     ]
    ]
   }
  },
  {
   "type": "Feature",
   "properties": {
    "origin": "Seocho-gu",
    "hub": "Express Bus Terminal"
   },
   "geometry": {
    "type": "LineString",
    "coordinates": [
     [
      127.00488916666667,
      37.50495225
     ],
     [
      126.996418,
      37.50360135
     ]
    ]
   }
  },
  {
   "type": "Feature",
   "properties": {
    "origin": "Seocho-gu",
    "hub": "Express Bus Terminal"
   },
   "geometry": {
    "type": "LineString",
    "coordinates": [
     [
      127.10280965,
      37.337877399999996
     ],
     [
      127.09472075,
      37.32251575
     ]
    ]
   }
  },
  {
   "type": "Feature",
   "properties": {
    "origin": "Seocho-gu",
    "hub": "Express Bus Terminal"
   },
   "geometry": {
    "type": "LineString",
    "coordinates": [
     [
      127.13261646666666,
      37.535815533333334
     ],
     [
      127.14019295,
      37.5383463
     ]
    ]
   }
  },
  {
   "type": "Feature",
   "properties": {
    "origin": "Seocho-gu",
    "hub": "Express Bus Terminal"
   },
   "geometry": {
    "type": "LineString",
    "coordinates": [
     [
      126.89401819999999,
      37.45556295
     ],
     [
      126.902253,
      37.4353932
     ]
    ]
   }
  },
  {
   "type": "Feature",
   "properties": {
    "origin": "Seocho-gu",
    "hub": "Express Bus Terminal"
   },
   "geometry": {
    "type": "LineString",
    "coordinates": [
     [
      127.14374885000001,
      37.49335525
     ],
     [
      127.1527687,
      37.49497255
     ]
    ]
   }
  },
  {
   "type": "Feature",
   "properties": {
    "origin": "Seocho-gu",
    "hub": "Express Bus Terminal"
   },
   "geometry": {
    "type": "LineString",
    "coordinates": [
     [
      127.00488916666667,
      37.50495225
     ],
     [
      127.014221675,
      37.493417775000005
     ]
    ]
   }
  },
  {
   "type": "Feature",
   "properties": {
    "origin": "Seocho-gu",
    "hub": "Express Bus Terminal"
   },
   "geometry": {
    "type": "LineString",
    "coordinates": [
     [
      127.07422505,
      37.99508315
     ],
     [
      127.0719283,
      38.024529799999996
     ]
    ]
   }
  },
  {
   "type": "Feature",
   "properties": {
    "origin": "Seocho-gu",
    "hub": "Express Bus Terminal"
   },
   "geometry": {
    "type": "LineString",
    "coordinates": [
     [
      127.0174475,
      37.5416892
     ],
     [
      127.0158595,
      37.5480153
     ]
    ]
   }
  },
  {
   "type": "Feature",
   "properties": {
    "origin": "Seocho-gu",
    "hub": "Express Bus Terminal"
   },
   "geometry": {
    "type": "LineString",
    "coordinates": [
     [
      126.95412005,
      37.4956457
     ],
     [
      126.94767085000001,
      37.5032044
     ]
    ]
   }
  },
  {
   "type": "Feature",
   "properties": {
    "origin": "Seocho-gu",
    "hub": "Express Bus Terminal"
   },
   "geometry": {
    "type": "LineString",
    "coordinates": [
     [
      126.97233707999999,
      37.554326859999996
     ],
     [
      126.9784579,
      37.5587505
     ]
    ]
   }
  },
  {
   "type": "Feature",
   "properties": {
    "origin": "Seocho-gu",
    "hub": "Express Bus Terminal"
   },
   "geometry": {
    "type": "LineString",
    "coordinates": [
     [
      126.8737509,
      37.6505087
     ],
     [
      126.84291495,
      37.6531073
     ]
    ]
   }
  },
  {
   "type": "Feature",
   "properties": {
    "origin": "Seocho-gu",
    "hub": "Express Bus Terminal"
   },
   "geometry": {
    "type": "LineString",
    "coordinates": [
     [
      127.0293324,
      37.586299100000005
     ],
     [
      127.03600215,
      37.590341
     ]
    ]
   }
  },
  {
   "type": "Feature",
   "properties": {
    "origin": "Seocho-gu",
    "hub": "Express Bus Terminal"
   },
   "geometry": {
    "type": "LineString",
    "coordinates": [
     [
      126.73131625,
      37.50701815
     ],
     [
      126.72095709999999,
      37.5074886
     ]
    ]
   }
  },
  {
   "type": "Feature",
   "properties": {
    "origin": "Seocho-gu",
    "hub": "Express Bus Terminal"
   },
   "geometry": {
    "type": "LineString",
    "coordinates": [
     [
      127.0174475,
      37.5416892
     ],
     [
      127.01593,
      37.5480416
     ]
    ]
   }
  },
  {
   "type": "Feature",
   "properties": {
    "origin": "Seocho-gu",
    "hub": "Express Bus Terminal"
   },
   "geometry": {
    "type": "LineString",
    "coordinates": [
     [
      127.04890495000001,
      37.5044639
     ],
     [
      127.06315430000001,
      37.50884825
     ]
    ]
   }
  },
  {
   "type": "Feature",
   "properties": {
    "origin": "Seocho-gu",
    "hub": "Express Bus Terminal"
   },
   "geometry": {
    "type": "LineString",
    "coordinates": [
     [
      127.01376707499999,
      37.56028295
     ],
     [
      127.00777154,
      37.56494996
     ]
    ]
   }
  },
  {
   "type": "Feature",
   "properties": {
    "origin": "Seocho-gu",
    "hub": "Express Bus Terminal"
   },
   "geometry": {
    "type": "LineString",
    "coordinates": [
     [
      126.9146599,
      37.55006055
     ],
     [
      126.92348945,
      37.556651200000005
     ]
    ]
   }
  },
  {
   "type": "Feature",
   "properties": {
    "origin": "Seocho-gu",
    "hub": "Express Bus Terminal"
   },
   "geometry": {
    "type": "LineString",
    "coordinates": [
     [
      127.08450145,
      36.78820815
     ],
     [
      127.0528192,
      36.77762405
     ]
    ]
   }
  },
  {
   "type": "Feature",
   "properties": {
    "origin": "Seocho-gu",
    "hub": "Express Bus Terminal"
   },
   "geometry": {
    "type": "LineString",
    "coordinates": [
     [
      127.3462797,
      37.3505042
     ],
     [
      127.40524690000001,
      37.3156678
     ]
    ]
   }
  },
  {
   "type": "Feature",
   "properties": {
    "origin": "Seocho-gu",
    "hub": "Express Bus Terminal"
   },
   "geometry": {
    "type": "LineString",
    "coordinates": [
     [
      127.03472819999999,
      37.57828585
     ],
     [
      127.0448934,
      37.580095799999995
     ]
    ]
   }
  },
  {
   "type": "Feature",
   "properties": {
    "origin": "Seocho-gu",
    "hub": "Express Bus Terminal"
   },
   "geometry": {
    "type": "LineString",
    "coordinates": [
     [
      127.0246599,
      37.504134840000006
     ],
     [
      127.0218553,
      37.50993715
     ]
    ]
   }
  },
  {
   "type": "Feature",
   "properties": {
    "origin": "Seocho-gu",
    "hub": "Express Bus Terminal"
   },
   "geometry": {
    "type": "LineString",
    "coordinates": [
     [
      127.13790955,
      37.587235899999996
     ],
     [
      127.14078645000001,
      37.602372849999995
     ]
    ]
   }
  },
  {
   "type": "Feature",
   "properties": {
    "origin": "Seocho-gu",
    "hub": "Express Bus Terminal"
   },
   "geometry": {
    "type": "LineString",
    "coordinates": [
     [
      126.7972585,
      37.5054479
     ],
     [
      126.78718219999999,
      37.5037262
     ]
    ]
   }
  },
  {
   "type": "Feature",
   "properties": {
    "origin": "Seocho-gu",
    "hub": "Express Bus Terminal"
   },
   "geometry": {
    "type": "LineString",
    "coordinates": [
     [
      127.1225077,
      37.4858574
     ],
     [
      127.1260606,
      37.478900550000006
     ]
    ]
   }
  },
  {
   "type": "Feature",
   "properties": {
    "origin": "Seocho-gu",
    "hub": "Express Bus Terminal"
   },
   "geometry": {
    "type": "LineString",
    "coordinates": [
     [
      126.94158883333331,
      37.513936916666665
     ],
     [
      126.9284217,
      37.5172956
     ]
    ]
   }
  },
  {
   "type": "Feature",
   "properties": {
    "origin": "Seocho-gu",
    "hub": "Express Bus Terminal"
   },
   "geometry": {
    "type": "LineString",
    "coordinates": [
     [
      127.09471975,
      37.53514475
     ],
     [
      127.0861764,
      37.5371514
     ]
    ]
   }
  },
  {
   "type": "Feature",
   "properties": {
    "origin": "Seocho-gu",
    "hub": "Express Bus Terminal"
   },
   "geometry": {
    "type": "LineString",
    "coordinates": [
     [
      126.92984775,
      37.61032965
     ],
     [
      126.9330576,
      37.6184519
     ]
    ]
   }
  },
  {
   "type": "Feature",
   "properties": {
    "origin": "Seocho-gu",
    "hub": "Express Bus Terminal"
   },
   "geometry": {
    "type": "LineString",
    "coordinates": [
     [
      126.8170125,
      37.56748705
     ],
     [
      126.8103837,
      37.56346815
     ]
    ]
   }
  },
  {
   "type": "Feature",
   "properties": {
    "origin": "Seocho-gu",
    "hub": "Express Bus Terminal"
   },
   "geometry": {
    "type": "LineString",
    "coordinates": [
     [
      126.99154498333333,
      37.57166261666667
     ],
     [
      126.97691345,
      37.57161265
     ]
    ]
   }
  },
  {
   "type": "Feature",
   "properties": {
    "origin": "Seocho-gu",
    "hub": "Express Bus Terminal"
   },
   "geometry": {
    "type": "LineString",
    "coordinates": [
     [
      127.061764025,
      37.623803025
     ],
     [
      127.04772775,
      37.6531714
     ]
    ]
   }
  },
  {
   "type": "Feature",
   "properties": {
    "origin": "Seocho-gu",
    "hub": "Express Bus Terminal"
   },
   "geometry": {
    "type": "LineString",
    "coordinates": [
     [
      127.07510895,
      37.5112206
     ],
     [
      127.08549585,
      37.5115962
     ]
    ]
   }
  },
  {
   "type": "Feature",
   "properties": {
    "origin": "Seocho-gu",
    "hub": "Express Bus Terminal"
   },
   "geometry": {
    "type": "LineString",
    "coordinates": [
     [
      126.98621109999999,
      37.5768519
     ],
     [
      126.9735668,
      37.5757585
     ]
    ]
   }
  },
  {
   "type": "Feature",
   "properties": {
    "origin": "Seocho-gu",
    "hub": "Express Bus Terminal"
   },
   "geometry": {
    "type": "LineString",
    "coordinates": [
     [
      127.00777154,
      37.56494996
     ],
     [
      127.0198127,
      37.56563195
     ]
    ]
   }
  },
  {
   "type": "Feature",
   "properties": {
    "origin": "Seocho-gu",
    "hub": "Express Bus Terminal"
   },
   "geometry": {
    "type": "LineString",
    "coordinates": [
     [
      127.12136459999999,
      36.79375185
     ],
     [
      127.1044469,
      36.7920852
     ]
    ]
   }
  },
  {
   "type": "Feature",
   "properties": {
    "origin": "Seocho-gu",
    "hub": "Express Bus Terminal"
   },
   "geometry": {
    "type": "LineString",
    "coordinates": [
     [
      127.05547115,
      37.490908399999995
     ],
     [
      127.0632186,
      37.4944502
     ]
    ]
   }
  },
  {
   "type": "Feature",
   "properties": {
    "origin": "Seocho-gu",
    "hub": "Express Bus Terminal"
   },
   "geometry": {
    "type": "LineString",
    "coordinates": [
     [
      126.855077,
      37.5611624
     ],
     [
      126.8412122,
      37.568514750000006
     ]
    ]
   }
  },
  {
   "type": "Feature",
   "properties": {
    "origin": "Seocho-gu",
    "hub": "Express Bus Terminal"
   },
   "geometry": {
    "type": "LineString",
    "coordinates": [
     [
      126.89151790000001,
      37.509030114285714
     ],
     [
      126.89498635,
      37.493286499999996
     ]
    ]
   }
  },
  {
   "type": "Feature",
   "properties": {
    "origin": "Seocho-gu",
    "hub": "Express Bus Terminal"
   },
   "geometry": {
    "type": "LineString",
    "coordinates": [
     [
      126.8446059,
      37.4943646
     ],
     [
      126.82350482,
      37.49227992
     ]
    ]
   }
  },
  {
   "type": "Feature",
   "properties": {
    "origin": "Seocho-gu",
    "hub": "Express Bus Terminal"
   },
   "geometry": {
    "type": "LineString",
    "coordinates": [
     [
      126.89498635,
      37.493286499999996
     ],
     [
      126.9016665,
      37.48532195
     ]
    ]
   }
  },
  {
   "type": "Feature",
   "properties": {
    "origin": "Seocho-gu",
    "hub": "Express Bus Terminal"
   },
   "geometry": {
    "type": "LineString",
    "coordinates": [
     [
      127.0104261,
      37.55442283333334
     ],
     [
      127.0066367,
      37.548266
     ]
    ]
   }
  },
  {
   "type": "Feature",
   "properties": {
    "origin": "Seocho-gu",
    "hub": "Express Bus Terminal"
   },
   "geometry": {
    "type": "LineString",
    "coordinates": [
     [
      127.02026115000001,
      37.55442985
     ],
     [
      127.0299623,
      37.55758135000001
     ]
    ]
   }
  },
  {
   "type": "Feature",
   "properties": {
    "origin": "Seocho-gu",
    "hub": "Express Bus Terminal"
   },
   "geometry": {
    "type": "LineString",
    "coordinates": [
     [
      126.948475,
      37.354190625
     ],
     [
      126.94835635,
      37.34334405
     ]
    ]
   }
  },
  {
   "type": "Feature",
   "properties": {
    "origin": "Seocho-gu",
    "hub": "Express Bus Terminal"
   },
   "geometry": {
    "type": "LineString",
    "coordinates": [
     [
      127.07510895,
      37.5112206
     ],
     [
      127.10697945,
      37.505189625
     ]
    ]
   }
  },
  {
   "type": "Feature",
   "properties": {
    "origin": "Seocho-gu",
    "hub": "Express Bus Terminal"
   },
   "geometry": {
    "type": "LineString",
    "coordinates": [
     [
      127.08565575,
      37.59584195
     ],
     [
      127.0794696,
      37.601632
     ]
    ]
   }
  },
  {
   "type": "Feature",
   "properties": {
    "origin": "Seocho-gu",
    "hub": "Express Bus Terminal"
   },
   "geometry": {
    "type": "LineString",
    "coordinates": [
     [
      127.10841984999999,
      37.3673687
     ],
     [
      127.10889420000001,
      37.3499872
     ]
    ]
   }
  },
  {
   "type": "Feature",
   "properties": {
    "origin": "Seocho-gu",
    "hub": "Express Bus Terminal"
   },
   "geometry": {
    "type": "LineString",
    "coordinates": [
     [
      126.7423046,
      37.5064953
     ],
     [
      126.73131625,
      37.50701815
     ]
    ]
   }
  },
  {
   "type": "Feature",
   "properties": {
    "origin": "Seocho-gu",
    "hub": "Express Bus Terminal"
   },
   "geometry": {
    "type": "LineString",
    "coordinates": [
     [
      127.1268624,
      36.91622415
     ],
     [
      127.1489162,
      36.83411695
     ]
    ]
   }
  },
  {
   "type": "Feature",
   "properties": {
    "origin": "Seocho-gu",
    "hub": "Express Bus Terminal"
   },
   "geometry": {
    "type": "LineString",
    "coordinates": [
     [
      126.82350482,
      37.49227992
     ],
     [
      126.83893090000001,
      37.4863455
     ]
    ]
   }
  },
  {
   "type": "Feature",
   "properties": {
    "origin": "Seocho-gu",
    "hub": "Express Bus Terminal"
   },
   "geometry": {
    "type": "LineString",
    "coordinates": [
     [
      126.76317800000001,
      37.5047652
     ],
     [
      126.7531662,
      37.505828199999996
     ]
    ]
   }
  },
  {
   "type": "Feature",
   "properties": {
    "origin": "Seocho-gu",
    "hub": "Express Bus Terminal"
   },
   "geometry": {
    "type": "LineString",
    "coordinates": [
     [
      126.9274886,
      37.5133478
     ],
     [
      126.91801478333333,
      37.516964349999995
     ]
    ]
   }
  },
  {
   "type": "Feature",
   "properties": {
    "origin": "Seocho-gu",
    "hub": "Express Bus Terminal"
   },
   "geometry": {
    "type": "LineString",
    "coordinates": [
     [
      126.89401819999999,
      37.45556295
     ],
     [
      126.88474295,
      37.41637275
     ]
    ]
   }
  },
  {
   "type": "Feature",
   "properties": {
    "origin": "Seocho-gu",
    "hub": "Express Bus Terminal"
   },
   "geometry": {
    "type": "LineString",
    "coordinates": [
     [
      127.0623938,
      37.110096850000005
     ],
     [
      127.05432010000001,
      37.0759581
     ]
    ]
   }
  },
  {
   "type": "Feature",
   "properties": {
    "origin": "Seocho-gu",
    "hub": "Express Bus Terminal"
   },
   "geometry": {
    "type": "LineString",
    "coordinates": [
     [
      127.00488916666667,
      37.50495225
     ],
     [
      127.0151398,
      37.5042952
     ]
    ]
   }
  },
  {
   "type": "Feature",
   "properties": {
    "origin": "Seocho-gu",
    "hub": "Express Bus Terminal"
   },
   "geometry": {
    "type": "LineString",
    "coordinates": [
     [
      127.08552125,
      36.99061495
     ],
     [
      127.1268624,
      36.91622415
     ]
    ]
   }
  },
  {
   "type": "Feature",
   "properties": {
    "origin": "Seocho-gu",
    "hub": "Express Bus Terminal"
   },
   "geometry": {
    "type": "LineString",
    "coordinates": [
     [
      126.92069475,
      37.619039
     ],
     [
      126.9187721,
      37.6368537
     ]
    ]
   }
  },
  {
   "type": "Feature",
   "properties": {
    "origin": "Seocho-gu",
    "hub": "Express Bus Terminal"
   },
   "geometry": {
    "type": "LineString",
    "coordinates": [
     [
      127.03690639999999,
      37.500806350000005
     ],
     [
      127.04890495000001,
      37.5044639
     ]
    ]
   }
  },
  {
   "type": "Feature",
   "properties": {
    "origin": "Seocho-gu",
    "hub": "Express Bus Terminal"
   },
   "geometry": {
    "type": "LineString",
    "coordinates": [
     [
      126.9319957,
      37.5474678
     ],
     [
      126.9229235,
      37.547759049999996
     ]
    ]
   }
  },
  {
   "type": "Feature",
   "properties": {
    "origin": "Seocho-gu",
    "hub": "Express Bus Terminal"
   },
   "geometry": {
    "type": "LineString",
    "coordinates": [
     [
      127.02494235,
      37.575267100000005
     ],
     [
      127.0381884,
      37.573983150000004
     ]
    ]
   }
  },
  {
   "type": "Feature",
   "properties": {
    "origin": "Seocho-gu",
    "hub": "Express Bus Terminal"
   },
   "geometry": {
    "type": "LineString",
    "coordinates": [
     [
      126.999739925,
      37.266122525
     ],
     [
      127.01371209999999,
      37.244152
     ]
    ]
   }
  },
  {
   "type": "Feature",
   "properties": {
    "origin": "Seocho-gu",
    "hub": "Express Bus Terminal"
   },
   "geometry": {
    "type": "LineString",
    "coordinates": [
     [
      126.75233173333334,
      37.487693199999995
     ],
     [
      126.74075975,
      37.488480300000006
     ]
    ]
   }
  },
  {
   "type": "Feature",
   "properties": {
    "origin": "Seocho-gu",
    "hub": "Express Bus Terminal"
   },
   "geometry": {
    "type": "LineString",
    "coordinates": [
     [
      127.0734209,
      37.66069845
     ],
     [
      127.079078,
      37.67024585
     ]
    ]
   }
  },
  {
   "type": "Feature",
   "properties": {
    "origin": "Seocho-gu",
    "hub": "Express Bus Terminal"
   },
   "geometry": {
    "type": "LineString",
    "coordinates": [
     [
      126.9098764,
      37.584113650000006
     ],
     [
      126.9137366,
      37.59167145
     ]
    ]
   }
  },
  {
   "type": "Feature",
   "properties": {
    "origin": "Seocho-gu",
    "hub": "Express Bus Terminal"
   },
   "geometry": {
    "type": "LineString",
    "coordinates": [
     [
      127.0171379,
      37.573444800000004
     ],
     [
      127.02494235,
      37.575267100000005
     ]
    ]
   }
  },
  {
   "type": "Feature",
   "properties": {
    "origin": "Seocho-gu",
    "hub": "Express Bus Terminal"
   },
   "geometry": {
    "type": "LineString",
    "coordinates": [
     [
      127.01376707499999,
      37.56028295
     ],
     [
      127.01619545,
      37.5664047
     ]
    ]
   }
  },
  {
   "type": "Feature",
   "properties": {
    "origin": "Seocho-gu",
    "hub": "Express Bus Terminal"
   },
   "geometry": {
    "type": "LineString",
    "coordinates": [
     [
      127.0637886,
      37.5963116
     ],
     [
      127.06730005,
      37.601798450000004
     ]
    ]
   }
  },
  {
   "type": "Feature",
   "properties": {
    "origin": "Seocho-gu",
    "hub": "Express Bus Terminal"
   },
   "geometry": {
    "type": "LineString",
    "coordinates": [
     [
      126.9033939,
      37.563522750000004
     ],
     [
      126.89931285,
      37.570154599999995
     ]
    ]
   }
  },
  {
   "type": "Feature",
   "properties": {
    "origin": "Seocho-gu",
    "hub": "Express Bus Terminal"
   },
   "geometry": {
    "type": "LineString",
    "coordinates": [
     [
      126.8666104,
      37.30282205
     ],
     [
      126.8384926,
      37.31602785
     ]
    ]
   }
  },
  {
   "type": "Feature",
   "properties": {
    "origin": "Seocho-gu",
    "hub": "Express Bus Terminal"
   },
   "geometry": {
    "type": "LineString",
    "coordinates": [
     [
      127.1113607,
      37.394543375
     ],
     [
      126.89696864999999,
      37.450512
     ]
    ]
   }
  },
  {
   "type": "Feature",
   "properties": {
    "origin": "Seocho-gu",
    "hub": "Express Bus Terminal"
   },
   "geometry": {
    "type": "LineString",
    "coordinates": [
     [
      126.9442481,
      37.5887266
     ],
     [
      126.9357817,
      37.6009659
     ]
    ]
   }
  },
  {
   "type": "Feature",
   "properties": {
    "origin": "Seocho-gu",
    "hub": "Express Bus Terminal"
   },
   "geometry": {
    "type": "LineString",
    "coordinates": [
     [
      126.89547454999999,
      37.65312725
     ],
     [
      126.8737509,
      37.6505087
     ]
    ]
   }
  },
  {
   "type": "Feature",
   "properties": {
    "origin": "Seocho-gu",
    "hub": "Express Bus Terminal"
   },
   "geometry": {
    "type": "LineString",
    "coordinates": [
     [
      127.44218375,
      37.264238899999995
     ],
     [
      127.49032700000001,
      37.260404449999996
     ]
    ]
   }
  },
  {
   "type": "Feature",
   "properties": {
    "origin": "Seocho-gu",
    "hub": "Express Bus Terminal"
   },
   "geometry": {
    "type": "LineString",
    "coordinates": [
     [
      127.05116675,
      37.518998249999996
     ],
     [
      127.06674185,
      37.53154165
     ]
    ]
   }
  },
  {
   "type": "Feature",
   "properties": {
    "origin": "Seocho-gu",
    "hub": "Express Bus Terminal"
   },
   "geometry": {
    "type": "LineString",
    "coordinates": [
     [
      127.0795056,
      37.493654
     ],
     [
      127.0842084,
      37.48379075
     ]
    ]
   }
  },
  {
   "type": "Feature",
   "properties": {
    "origin": "Seocho-gu",
    "hub": "Express Bus Terminal"
   },
   "geometry": {
    "type": "LineString",
    "coordinates": [
     [
      127.01568155000001,
      37.5723877
     ],
     [
      127.01524715,
      37.5797842
     ]
    ]
   }
  },
  {
   "type": "Feature",
   "properties": {
    "origin": "Seocho-gu",
    "hub": "Express Bus Terminal"
   },
   "geometry": {
    "type": "LineString",
    "coordinates": [
     [
      127.01524715,
      37.5797842
     ],
     [
      127.0193235,
      37.585281550000005
     ]
    ]
   }
  },
  {
   "type": "Feature",
   "properties": {
    "origin": "Seocho-gu",
    "hub": "Express Bus Terminal"
   },
   "geometry": {
    "type": "LineString",
    "coordinates": [
     [
      126.83262855000001,
      37.6346248
     ],
     [
      126.8109994,
      37.6316918
     ]
    ]
   }
  },
  {
   "type": "Feature",
   "properties": {
    "origin": "Seocho-gu",
    "hub": "Express Bus Terminal"
   },
   "geometry": {
    "type": "LineString",
    "coordinates": [
     [
      126.87543819999999,
      37.5470354
     ],
     [
      126.86459835,
      37.5512139
     ]
    ]
   }
  },
  {
   "type": "Feature",
   "properties": {
    "origin": "Seocho-gu",
    "hub": "Express Bus Terminal"
   },
   "geometry": {
    "type": "LineString",
    "coordinates": [
     [
      126.91015010000001,
      37.55599395
     ],
     [
      126.9033939,
      37.563522750000004
     ]
    ]
   }
  },
  {
   "type": "Feature",
   "properties": {
    "origin": "Seocho-gu",
    "hub": "Express Bus Terminal"
   },
   "geometry": {
    "type": "LineString",
    "coordinates": [
     [
      127.00195554999999,
      37.58214475
     ],
     [
      127.00636765,
      37.5885974
     ]
    ]
   }
  },
  {
   "type": "Feature",
   "properties": {
    "origin": "Seocho-gu",
    "hub": "Express Bus Terminal"
   },
   "geometry": {
    "type": "LineString",
    "coordinates": [
     [
      127.04772775,
      37.6531714
     ],
     [
      127.046312175,
      37.689562124999995
     ]
    ]
   }
  },
  {
   "type": "Feature",
   "properties": {
    "origin": "Seocho-gu",
    "hub": "Express Bus Terminal"
   },
   "geometry": {
    "type": "LineString",
    "coordinates": [
     [
      126.99154498333333,
      37.57166261666667
     ],
     [
      126.98621109999999,
      37.5768519
     ]
    ]
   }
  },
  {
   "type": "Feature",
   "properties": {
    "origin": "Seocho-gu",
    "hub": "Express Bus Terminal"
   },
   "geometry": {
    "type": "LineString",
    "coordinates": [
     [
      126.90267904999999,
      37.534194199999995
     ],
     [
      126.89656545,
      37.5253118
     ]
    ]
   }
  },
  {
   "type": "Feature",
   "properties": {
    "origin": "Seocho-gu",
    "hub": "Express Bus Terminal"
   },
   "geometry": {
    "type": "LineString",
    "coordinates": [
     [
      127.5706498,
      37.29361915
     ],
     [
      127.6285664,
      37.2828151
     ]
    ]
   }
  },
  {
   "type": "Feature",
   "properties": {
    "origin": "Seocho-gu",
    "hub": "Express Bus Terminal"
   },
   "geometry": {
    "type": "LineString",
    "coordinates": [
     [
      127.014221675,
      37.493417775000005
     ],
     [
      127.0076332,
      37.49182365
     ]
    ]
   }
  },
  {
   "type": "Feature",
   "properties": {
    "origin": "Seocho-gu",
    "hub": "Express Bus Terminal"
   },
   "geometry": {
    "type": "LineString",
    "coordinates": [
     [
      126.8751531,
      37.5245537
     ],
     [
      126.86451070000001,
      37.5261224
     ]
    ]
   }
  },
  {
   "type": "Feature",
   "properties": {
    "origin": "Seocho-gu",
    "hub": "Express Bus Terminal"
   },
   "geometry": {
    "type": "LineString",
    "coordinates": [
     [
      126.9135165,
      37.5491801
     ],
     [
      126.91015010000001,
      37.55599395
     ]
    ]
   }
  },
  {
   "type": "Feature",
   "properties": {
    "origin": "Seocho-gu",
    "hub": "Express Bus Terminal"
   },
   "geometry": {
    "type": "LineString",
    "coordinates": [
     [
      126.67902043333333,
      37.4651555
     ],
     [
      126.6686176,
      37.46610149999999
     ]
    ]
   }
  },
  {
   "type": "Feature",
   "properties": {
    "origin": "Seocho-gu",
    "hub": "Express Bus Terminal"
   },
   "geometry": {
    "type": "LineString",
    "coordinates": [
     [
      126.98651129999999,
      37.53475175
     ],
     [
      126.9943796,
      37.5345035
     ]
    ]
   }
  },
  {
   "type": "Feature",
   "properties": {
    "origin": "Seocho-gu",
    "hub": "Express Bus Terminal"
   },
   "geometry": {
    "type": "LineString",
    "coordinates": [
     [
      127.1237831,
      37.495351
     ],
     [
      127.128077625,
      37.5021865
     ]
    ]
   }
  },
  {
   "type": "Feature",
   "properties": {
    "origin": "Seocho-gu",
    "hub": "Express Bus Terminal"
   },
   "geometry": {
    "type": "LineString",
    "coordinates": [
     [
      127.0605474,
      37.6544077
     ],
     [
      127.05761670000001,
      37.66551795
     ]
    ]
   }
  },
  {
   "type": "Feature",
   "properties": {
    "origin": "Seocho-gu",
    "hub": "Express Bus Terminal"
   },
   "geometry": {
    "type": "LineString",
    "coordinates": [
     [
      127.15379125000001,
      37.5549799
     ],
     [
      127.16654776666667,
      37.5567598
     ]
    ]
   }
  },
  {
   "type": "Feature",
   "properties": {
    "origin": "Seocho-gu",
    "hub": "Express Bus Terminal"
   },
   "geometry": {
    "type": "LineString",
    "coordinates": [
     [
      127.046312175,
      37.689562124999995
     ],
     [
      127.0473907,
      37.710314
     ]
    ]
   }
  },
  {
   "type": "Feature",
   "properties": {
    "origin": "Seocho-gu",
    "hub": "Express Bus Terminal"
   },
   "geometry": {
    "type": "LineString",
    "coordinates": [
     [
      126.8962674,
      37.49250275
     ],
     [
      126.88669185,
      37.485393650000006
     ]
    ]
   }
  },
  {
   "type": "Feature",
   "properties": {
    "origin": "Seocho-gu",
    "hub": "Express Bus Terminal"
   },
   "geometry": {
    "type": "LineString",
    "coordinates": [
     [
      127.03457474999999,
      37.648415549999996
     ],
     [
      127.0466586,
      37.6529636
     ]
    ]
   }
  },
  {
   "type": "Feature",
   "properties": {
    "origin": "Seocho-gu",
    "hub": "Express Bus Terminal"
   },
   "geometry": {
    "type": "LineString",
    "coordinates": [
     [
      127.2034043,
      37.4086408
     ],
     [
      127.2532829,
      37.39889945
     ]
    ]
   }
  },
  {
   "type": "Feature",
   "properties": {
    "origin": "Seocho-gu",
    "hub": "Express Bus Terminal"
   },
   "geometry": {
    "type": "LineString",
    "coordinates": [
     [
      126.8822843222222,
      37.50327466666667
     ],
     [
      126.811999475,
      37.485282874999996
     ]
    ]
   }
  },
  {
   "type": "Feature",
   "properties": {
    "origin": "Seocho-gu",
    "hub": "Express Bus Terminal"
   },
   "geometry": {
    "type": "LineString",
    "coordinates": [
     [
      126.94337842499999,
      37.372332
     ],
     [
      126.94807167500001,
      37.320376
     ]
    ]
   }
  },
  {
   "type": "Feature",
   "properties": {
    "origin": "Seocho-gu",
    "hub": "Express Bus Terminal"
   },
   "geometry": {
    "type": "LineString",
    "coordinates": [
     [
      127.142957,
      37.545654
     ],
     [
      127.14408005,
      37.5519235
     ]
    ]
   }
  },
  {
   "type": "Feature",
   "properties": {
    "origin": "Seocho-gu",
    "hub": "Express Bus Terminal"
   },
   "geometry": {
    "type": "LineString",
    "coordinates": [
     [
      127.130605875,
      37.516118175
     ],
     [
      127.1362466,
      37.527798950000005
     ]
    ]
   }
  },
  {
   "type": "Feature",
   "properties": {
    "origin": "Seocho-gu",
    "hub": "Express Bus Terminal"
   },
   "geometry": {
    "type": "LineString",
    "coordinates": [
     [
      126.9229235,
      37.547759049999996
     ],
     [
      126.9135165,
      37.5491801
     ]
    ]
   }
  },
  {
   "type": "Feature",
   "properties": {
    "origin": "Seocho-gu",
    "hub": "Express Bus Terminal"
   },
   "geometry": {
    "type": "LineString",
    "coordinates": [
     [
      127.027783275,
      37.497521625000005
     ],
     [
      127.03690639999999,
      37.500806350000005
     ]
    ]
   }
  },
  {
   "type": "Feature",
   "properties": {
    "origin": "Seocho-gu",
    "hub": "Express Bus Terminal"
   },
   "geometry": {
    "type": "LineString",
    "coordinates": [
     [
      126.9944059,
      37.561106433333336
     ],
     [
      126.9862921,
      37.5608956
     ]
    ]
   }
  },
  {
   "type": "Feature",
   "properties": {
    "origin": "Seocho-gu",
    "hub": "Express Bus Terminal"
   },
   "geometry": {
    "type": "LineString",
    "coordinates": [
     [
      126.85895063333334,
      37.4945512
     ],
     [
      126.8446059,
      37.4943646
     ]
    ]
   }
  },
  {
   "type": "Feature",
   "properties": {
    "origin": "Seocho-gu",
    "hub": "Express Bus Terminal"
   },
   "geometry": {
    "type": "LineString",
    "coordinates": [
     [
      126.78718219999999,
      37.5037262
     ],
     [
      126.77621479999999,
      37.50304175
     ]
    ]
   }
  },
  {
   "type": "Feature",
   "properties": {
    "origin": "Seocho-gu",
    "hub": "Express Bus Terminal"
   },
   "geometry": {
    "type": "LineString",
    "coordinates": [
     [
      126.811999475,
      37.485282874999996
     ],
     [
      126.78272705,
      37.484111150000004
     ]
    ]
   }
  },
  {
   "type": "Feature",
   "properties": {
    "origin": "Seocho-gu",
    "hub": "Express Bus Terminal"
   },
   "geometry": {
    "type": "LineString",
    "coordinates": [
     [
      127.14078645000001,
      37.602372849999995
     ],
     [
      127.13808069999999,
      37.61096805
     ]
    ]
   }
  },
  {
   "type": "Feature",
   "properties": {
    "origin": "Seocho-gu",
    "hub": "Express Bus Terminal"
   },
   "geometry": {
    "type": "LineString",
    "coordinates": [
     [
      126.97613145,
      37.564515325
     ],
     [
      126.98260535,
      37.565950799999996
     ]
    ]
   }
  },
  {
   "type": "Feature",
   "properties": {
    "origin": "Seocho-gu",
    "hub": "Express Bus Terminal"
   },
   "geometry": {
    "type": "LineString",
    "coordinates": [
     [
      127.0331232,
      37.206827425
     ],
     [
      127.05188079999999,
      37.19572315
     ]
    ]
   }
  },
  {
   "type": "Feature",
   "properties": {
    "origin": "Seocho-gu",
    "hub": "Express Bus Terminal"
   },
   "geometry": {
    "type": "LineString",
    "coordinates": [
     [
      126.91801478333333,
      37.516964349999995
     ],
     [
      126.90512775,
      37.522699349999996
     ]
    ]
   }
  },
  {
   "type": "Feature",
   "properties": {
    "origin": "Seocho-gu",
    "hub": "Express Bus Terminal"
   },
   "geometry": {
    "type": "LineString",
    "coordinates": [
     [
      127.0284705,
      37.5261356
     ],
     [
      127.0174475,
      37.5416892
     ]
    ]
   }
  },
  {
   "type": "Feature",
   "properties": {
    "origin": "Seocho-gu",
    "hub": "Express Bus Terminal"
   },
   "geometry": {
    "type": "LineString",
    "coordinates": [
     [
      126.94337842499999,
      37.372332
     ],
     [
      126.948475,
      37.354190625
     ]
    ]
   }
  },
  {
   "type": "Feature",
   "properties": {
    "origin": "Seocho-gu",
    "hub": "Express Bus Terminal"
   },
   "geometry": {
    "type": "LineString",
    "coordinates": [
     [
      126.9697911,
      37.3003187
     ],
     [
      126.999739925,
      37.266122525
     ]
    ]
   }
  },
  {
   "type": "Feature",
   "properties": {
    "origin": "Seocho-gu",
    "hub": "Express Bus Terminal"
   },
   "geometry": {
    "type": "LineString",
    "coordinates": [
     [
      127.01109835,
      37.51273505
     ],
     [
      127.01963022499999,
      37.515947849999996
     ]
    ]
   }
  },
  {
   "type": "Feature",
   "properties": {
    "origin": "Seocho-gu",
    "hub": "Express Bus Terminal"
   },
   "geometry": {
    "type": "LineString",
    "coordinates": [
     [
      127.0193235,
      37.585281550000005
     ],
     [
      127.0293324,
      37.586299100000005
     ]
    ]
   }
  },
  {
   "type": "Feature",
   "properties": {
    "origin": "Seocho-gu",
    "hub": "Express Bus Terminal"
   },
   "geometry": {
    "type": "LineString",
    "coordinates": [
     [
      126.80143015,
      37.562032125
     ],
     [
      126.7968626,
      37.578372200000004
     ]
    ]
   }
  },
  {
   "type": "Feature",
   "properties": {
    "origin": "Seocho-gu",
    "hub": "Express Bus Terminal"
   },
   "geometry": {
    "type": "LineString",
    "coordinates": [
     [
      127.07954310000001,
      37.557182225000005
     ],
     [
      127.08979414999999,
      37.55168905
     ]
    ]
   }
  },
  {
   "type": "Feature",
   "properties": {
    "origin": "Seocho-gu",
    "hub": "Express Bus Terminal"
   },
   "geometry": {
    "type": "LineString",
    "coordinates": [
     [
      126.94158883333331,
      37.513936916666665
     ],
     [
      126.92414654999999,
      37.52167905
     ]
    ]
   }
  },
  {
   "type": "Feature",
   "properties": {
    "origin": "Seocho-gu",
    "hub": "Express Bus Terminal"
   },
   "geometry": {
    "type": "LineString",
    "coordinates": [
     [
      127.130605875,
      37.516118175
     ],
     [
      127.13834015,
      37.519871
     ]
    ]
   }
  },
  {
   "type": "Feature",
   "properties": {
    "origin": "Seocho-gu",
    "hub": "Express Bus Terminal"
   },
   "geometry": {
    "type": "LineString",
    "coordinates": [
     [
      127.0065527,
      37.43572845
     ],
     [
      126.99683205,
      37.433065299999996
     ]
    ]
   }
  },
  {
   "type": "Feature",
   "properties": {
    "origin": "Seocho-gu",
    "hub": "Express Bus Terminal"
   },
   "geometry": {
    "type": "LineString",
    "coordinates": [
     [
      127.05752925,
      37.589549649999995
     ],
     [
      127.0637886,
      37.5963116
     ]
    ]
   }
  },
  {
   "type": "Feature",
   "properties": {
    "origin": "Seocho-gu",
    "hub": "Express Bus Terminal"
   },
   "geometry": {
    "type": "LineString",
    "coordinates": [
     [
      126.95670185,
      37.553438549999996
     ],
     [
      126.96214445,
      37.5594717
     ]
    ]
   }
  },
  {
   "type": "Feature",
   "properties": {
    "origin": "Seocho-gu",
    "hub": "Express Bus Terminal"
   },
   "geometry": {
    "type": "LineString",
    "coordinates": [
     [
      126.92348945,
      37.556651200000005
     ],
     [
      126.93690799999999,
      37.55515495
     ]
    ]
   }
  },
  {
   "type": "Feature",
   "properties": {
    "origin": "Seocho-gu",
    "hub": "Express Bus Terminal"
   },
   "geometry": {
    "type": "LineString",
    "coordinates": [
     [
      127.01963022499999,
      37.515947849999996
     ],
     [
      127.0285102,
      37.5261326
     ]
    ]
   }
  },
  {
   "type": "Feature",
   "properties": {
    "origin": "Seocho-gu",
    "hub": "Express Bus Terminal"
   },
   "geometry": {
    "type": "LineString",
    "coordinates": [
     [
      127.0057565,
      37.5590786
     ],
     [
      126.9935474,
      37.561972
     ]
    ]
   }
  },
  {
   "type": "Feature",
   "properties": {
    "origin": "Seocho-gu",
    "hub": "Express Bus Terminal"
   },
   "geometry": {
    "type": "LineString",
    "coordinates": [
     [
      127.0461737,
      37.73766193333333
     ],
     [
      127.04440685,
      37.7483781
     ]
    ]
   }
  },
  {
   "type": "Feature",
   "properties": {
    "origin": "Seocho-gu",
    "hub": "Express Bus Terminal"
   },
   "geometry": {
    "type": "LineString",
    "coordinates": [
     [
      126.9357817,
      37.6009659
     ],
     [
      126.92984775,
      37.61032965
     ]
    ]
   }
  },
  {
   "type": "Feature",
   "properties": {
    "origin": "Seocho-gu",
    "hub": "Express Bus Terminal"
   },
   "geometry": {
    "type": "LineString",
    "coordinates": [
     [
      127.0414675,
      37.6019369
     ],
     [
      127.04824445,
      37.606223
     ]
    ]
   }
  },
  {
   "type": "Feature",
   "properties": {
    "origin": "Seocho-gu",
    "hub": "Express Bus Terminal"
   },
   "geometry": {
    "type": "LineString",
    "coordinates": [
     [
      126.92414654999999,
      37.52167905
     ],
     [
      126.90267904999999,
      37.534194199999995
     ]
    ]
   }
  },
  {
   "type": "Feature",
   "properties": {
    "origin": "Seocho-gu",
    "hub": "Express Bus Terminal"
   },
   "geometry": {
    "type": "LineString",
    "coordinates": [
     [
      126.933021475,
      37.358028000000004
     ],
     [
      126.8666104,
      37.30282205
     ]
    ]
   }
  },
  {
   "type": "Feature",
   "properties": {
    "origin": "Seocho-gu",
    "hub": "Express Bus Terminal"
   },
   "geometry": {
    "type": "LineString",
    "coordinates": [
     [
      127.09109065,
      37.617416899999995
     ],
     [
      127.1046462,
      37.6124026
     ]
    ]
   }
  },
  {
   "type": "Feature",
   "properties": {
    "origin": "Seocho-gu",
    "hub": "Express Bus Terminal"
   },
   "geometry": {
    "type": "LineString",
    "coordinates": [
     [
      126.94158883333331,
      37.513936916666665
     ],
     [
      126.9274886,
      37.5133478
     ]
    ]
   }
  },
  {
   "type": "Feature",
   "properties": {
    "origin": "Seocho-gu",
    "hub": "Express Bus Terminal"
   },
   "geometry": {
    "type": "LineString",
    "coordinates": [
     [
      126.7028595,
      37.470726125
     ],
     [
      126.6933966,
      37.4647324
     ]
    ]
   }
  },
  {
   "type": "Feature",
   "properties": {
    "origin": "Seocho-gu",
    "hub": "Express Bus Terminal"
   },
   "geometry": {
    "type": "LineString",
    "coordinates": [
     [
      126.8861202,
      37.5256362
     ],
     [
      126.8751531,
      37.5245537
     ]
    ]
   }
  },
  {
   "type": "Feature",
   "properties": {
    "origin": "Seocho-gu",
    "hub": "Express Bus Terminal"
   },
   "geometry": {
    "type": "LineString",
    "coordinates": [
     [
      127.0711248,
      37.540995699999996
     ],
     [
      127.07440324999999,
      37.5476204
     ]
    ]
   }
  },
  {
   "type": "Feature",
   "properties": {
    "origin": "Seocho-gu",
    "hub": "Express Bus Terminal"
   },
   "geometry": {
    "type": "LineString",
    "coordinates": [
     [
      126.9503622,
      37.5823342
     ],
     [
      126.9442481,
      37.5887266
     ]
    ]
   }
  },
  {
   "type": "Feature",
   "properties": {
    "origin": "Seocho-gu",
    "hub": "Express Bus Terminal"
   },
   "geometry": {
    "type": "LineString",
    "coordinates": [
     [
      126.724560725,
      37.489460875000006
     ],
     [
      126.67902043333333,
      37.4651555
     ]
    ]
   }
  },
  {
   "type": "Feature",
   "properties": {
    "origin": "Seocho-gu",
    "hub": "Express Bus Terminal"
   },
   "geometry": {
    "type": "LineString",
    "coordinates": [
     [
      126.8465805,
      37.53185633333333
     ],
     [
      126.84038305,
      37.54170345
     ]
    ]
   }
  },
  {
   "type": "Feature",
   "properties": {
    "origin": "Seocho-gu",
    "hub": "Express Bus Terminal"
   },
   "geometry": {
    "type": "LineString",
    "coordinates": [
     [
      126.97941087499999,
      37.50293935
     ],
     [
      126.96394889999999,
      37.50838225
     ]
    ]
   }
  },
  {
   "type": "Feature",
   "properties": {
    "origin": "Seocho-gu",
    "hub": "Express Bus Terminal"
   },
   "geometry": {
    "type": "LineString",
    "coordinates": [
     [
      127.054875,
      37.9275599
     ],
     [
      127.06081169999999,
      37.9480142
     ]
    ]
   }
  },
  {
   "type": "Feature",
   "properties": {
    "origin": "Seocho-gu",
    "hub": "Express Bus Terminal"
   },
   "geometry": {
    "type": "LineString",
    "coordinates": [
     [
      127.0461737,
      37.73766193333333
     ],
     [
      127.0423314,
      37.7593989
     ]
    ]
   }
  },
  {
   "type": "Feature",
   "properties": {
    "origin": "Seocho-gu",
    "hub": "Express Bus Terminal"
   },
   "geometry": {
    "type": "LineString",
    "coordinates": [
     [
      127.0164111,
      37.592665
     ],
     [
      127.02494089999999,
      37.603309749999994
     ]
    ]
   }
  },
  {
   "type": "Feature",
   "properties": {
    "origin": "Seocho-gu",
    "hub": "Express Bus Terminal"
   },
   "geometry": {
    "type": "LineString",
    "coordinates": [
     [
      126.9926834,
      37.5663661
     ],
     [
      126.99154498333333,
      37.57166261666667
     ]
    ]
   }
  },
  {
   "type": "Feature",
   "properties": {
    "origin": "Seocho-gu",
    "hub": "Express Bus Terminal"
   },
   "geometry": {
    "type": "LineString",
    "coordinates": [
     [
      127.05288045,
      37.05648574999999
     ],
     [
      127.08552125,
      36.99061495
     ]
    ]
   }
  },
  {
   "type": "Feature",
   "properties": {
    "origin": "Seocho-gu",
    "hub": "Express Bus Terminal"
   },
   "geometry": {
    "type": "LineString",
    "coordinates": [
     [
      127.07954310000001,
      37.557182225000005
     ],
     [
      127.0645931,
      37.561482350000006
     ]
    ]
   }
  },
  {
   "type": "Feature",
   "properties": {
    "origin": "Seocho-gu",
    "hub": "Express Bus Terminal"
   },
   "geometry": {
    "type": "LineString",
    "coordinates": [
     [
      126.9578751,
      37.5745552
     ],
     [
      126.9503622,
      37.5823342
     ]
    ]
   }
  },
  {
   "type": "Feature",
   "properties": {
    "origin": "Seocho-gu",
    "hub": "Express Bus Terminal"
   },
   "geometry": {
    "type": "LineString",
    "coordinates": [
     [
      127.0794696,
      37.601632
     ],
     [
      127.07760615000001,
      37.61143885
     ]
    ]
   }
  },
  {
   "type": "Feature",
   "properties": {
    "origin": "Seocho-gu",
    "hub": "Express Bus Terminal"
   },
   "geometry": {
    "type": "LineString",
    "coordinates": [
     [
      127.12760195,
      37.3946471
     ],
     [
      127.2033703,
      37.4086667
     ]
    ]
   }
  },
  {
   "type": "Feature",
   "properties": {
    "origin": "Seocho-gu",
    "hub": "Express Bus Terminal"
   },
   "geometry": {
    "type": "LineString",
    "coordinates": [
     [
      126.8677667,
      37.476040999999995
     ],
     [
      126.85431915000001,
      37.4794557
     ]
    ]
   }
  },
  {
   "type": "Feature",
   "properties": {
    "origin": "Seocho-gu",
    "hub": "Express Bus Terminal"
   },
   "geometry": {
    "type": "LineString",
    "coordinates": [
     [
      126.78272705,
      37.484111150000004
     ],
     [
      126.7641426,
      37.48670185
     ]
    ]
   }
  },
  {
   "type": "Feature",
   "properties": {
    "origin": "Seocho-gu",
    "hub": "Express Bus Terminal"
   },
   "geometry": {
    "type": "LineString",
    "coordinates": [
     [
      126.88277049999999,
      37.48041845
     ],
     [
      126.8677667,
      37.476040999999995
     ]
    ]
   }
  },
  {
   "type": "Feature",
   "properties": {
    "origin": "Seocho-gu",
    "hub": "Express Bus Terminal"
   },
   "geometry": {
    "type": "LineString",
    "coordinates": [
     [
      127.15982804999999,
      37.451577349999994
     ],
     [
      127.15677604999999,
      37.44508145
     ]
    ]
   }
  },
  {
   "type": "Feature",
   "properties": {
    "origin": "Seocho-gu",
    "hub": "Express Bus Terminal"
   },
   "geometry": {
    "type": "LineString",
    "coordinates": [
     [
      127.0615646,
      37.8432631
     ],
     [
      127.05581495,
      37.89235135
     ]
    ]
   }
  },
  {
   "type": "Feature",
   "properties": {
    "origin": "Seocho-gu",
    "hub": "Express Bus Terminal"
   },
   "geometry": {
    "type": "LineString",
    "coordinates": [
     [
      127.14019295,
      37.5383463
     ],
     [
      127.142957,
      37.545654
     ]
    ]
   }
  },
  {
   "type": "Feature",
   "properties": {
    "origin": "Seocho-gu",
    "hub": "Express Bus Terminal"
   },
   "geometry": {
    "type": "LineString",
    "coordinates": [
     [
      126.92560309999999,
      37.35054165
     ],
     [
      126.91689894999999,
      37.3279736
     ]
    ]
   }
  },
  {
   "type": "Feature",
   "properties": {
    "origin": "Seocho-gu",
    "hub": "Express Bus Terminal"
   },
   "geometry": {
    "type": "LineString",
    "coordinates": [
     [
      127.0666711,
      37.1448264
     ],
     [
      127.0623938,
      37.110096850000005
     ]
    ]
   }
  },
  {
   "type": "Feature",
   "properties": {
    "origin": "Seocho-gu",
    "hub": "Express Bus Terminal"
   },
   "geometry": {
    "type": "LineString",
    "coordinates": [
     [
      127.1362466,
      37.527798950000005
     ],
     [
      127.13261646666666,
      37.535815533333334
     ]
    ]
   }
  },
  {
   "type": "Feature",
   "properties": {
    "origin": "Seocho-gu",
    "hub": "Express Bus Terminal"
   },
   "geometry": {
    "type": "LineString",
    "coordinates": [
     [
      127.05288045,
      37.05648574999999
     ],
     [
      127.0704264,
      37.01900175
     ]
    ]
   }
  },
  {
   "type": "Feature",
   "properties": {
    "origin": "Seocho-gu",
    "hub": "Express Bus Terminal"
   },
   "geometry": {
    "type": "LineString",
    "coordinates": [
     [
      127.00488916666667,
      37.50495225
     ],
     [
      126.97941087499999,
      37.50293935
     ]
    ]
   }
  },
  {
   "type": "Feature",
   "properties": {
    "origin": "Seocho-gu",
    "hub": "Express Bus Terminal"
   },
   "geometry": {
    "type": "LineString",
    "coordinates": [
     [
      127.00789135,
      37.4438108
     ],
     [
      127.0065527,
      37.43572845
     ]
    ]
   }
  },
  {
   "type": "Feature",
   "properties": {
    "origin": "Seocho-gu",
    "hub": "Express Bus Terminal"
   },
   "geometry": {
    "type": "LineString",
    "coordinates": [
     [
      127.1002885,
      37.513304899999994
     ],
     [
      127.1038398,
      37.52067075
     ]
    ]
   }
  },
  {
   "type": "Feature",
   "properties": {
    "origin": "Seocho-gu",
    "hub": "Express Bus Terminal"
   },
   "geometry": {
    "type": "LineString",
    "coordinates": [
     [
      126.8659206,
      37.51228415
     ],
     [
      126.85303115,
      37.5200209
     ]
    ]
   }
  },
  {
   "type": "Feature",
   "properties": {
    "origin": "Seocho-gu",
    "hub": "Express Bus Terminal"
   },
   "geometry": {
    "type": "LineString",
    "coordinates": [
     [
      126.930398,
      37.6098806
     ],
     [
      126.92069475,
      37.619039
     ]
    ]
   }
  },
  {
   "type": "Feature",
   "properties": {
    "origin": "Seocho-gu",
    "hub": "Express Bus Terminal"
   },
   "geometry": {
    "type": "LineString",
    "coordinates": [
     [
      127.08979414999999,
      37.55168905
     ],
     [
      127.10351095,
      37.5453002
     ]
    ]
   }
  },
  {
   "type": "Feature",
   "properties": {
    "origin": "Seocho-gu",
    "hub": "Express Bus Terminal"
   },
   "geometry": {
    "type": "LineString",
    "coordinates": [
     [
      127.14656635,
      36.8109339
     ],
     [
      127.13607164999999,
      36.801399849999996
     ]
    ]
   }
  },
  {
   "type": "Feature",
   "properties": {
    "origin": "Seocho-gu",
    "hub": "Express Bus Terminal"
   },
   "geometry": {
    "type": "LineString",
    "coordinates": [
     [
      127.074925275,
      37.617910925000004
     ],
     [
      127.0837107,
      37.61978165
     ]
    ]
   }
  },
  {
   "type": "Feature",
   "properties": {
    "origin": "Seocho-gu",
    "hub": "Express Bus Terminal"
   },
   "geometry": {
    "type": "LineString",
    "coordinates": [
     [
      127.03457474999999,
      37.648415549999996
     ],
     [
      127.0488204,
      37.6534371
     ]
    ]
   }
  },
  {
   "type": "Feature",
   "properties": {
    "origin": "Seocho-gu",
    "hub": "Express Bus Terminal"
   },
   "geometry": {
    "type": "LineString",
    "coordinates": [
     [
      127.11280625,
      37.5112663
     ],
     [
      127.11626145,
      37.5167248
     ]
    ]
   }
  },
  {
   "type": "Feature",
   "properties": {
    "origin": "Seocho-gu",
    "hub": "Express Bus Terminal"
   },
   "geometry": {
    "type": "LineString",
    "coordinates": [
     [
      126.9735668,
      37.5757585
     ],
     [
      126.9578197,
      37.574513
     ]
    ]
   }
  },
  {
   "type": "Feature",
   "properties": {
    "origin": "Seocho-gu",
    "hub": "Express Bus Terminal"
   },
   "geometry": {
    "type": "LineString",
    "coordinates": [
     [
      127.02611,
      37.626536849999994
     ],
     [
      127.02571385,
      37.63797905
     ]
    ]
   }
  },
  {
   "type": "Feature",
   "properties": {
    "origin": "Seocho-gu",
    "hub": "Express Bus Terminal"
   },
   "geometry": {
    "type": "LineString",
    "coordinates": [
     [
      127.1489162,
      36.83411695
     ],
     [
      127.14656635,
      36.8109339
     ]
    ]
   }
  },
  {
   "type": "Feature",
   "properties": {
    "origin": "Seocho-gu",
    "hub": "Express Bus Terminal"
   },
   "geometry": {
    "type": "LineString",
    "coordinates": [
     [
      127.00488916666667,
      37.50495225
     ],
     [
      127.0116271,
      37.5081687
     ]
    ]
   }
  },
  {
   "type": "Feature",
   "properties": {
    "origin": "Seocho-gu",
    "hub": "Express Bus Terminal"
   },
   "geometry": {
    "type": "LineString",
    "coordinates": [
     [
      127.08650785,
      37.573884050000004
     ],
     [
      127.08841535,
      37.5807183
     ]
    ]
   }
  },
  {
   "type": "Feature",
   "properties": {
    "origin": "Seocho-gu",
    "hub": "Express Bus Terminal"
   },
   "geometry": {
    "type": "LineString",
    "coordinates": [
     [
      127.00488916666667,
      37.50495225
     ],
     [
      127.0246599,
      37.504134840000006
     ]
    ]
   }
  },
  {
   "type": "Feature",
   "properties": {
    "origin": "Seocho-gu",
    "hub": "Express Bus Terminal"
   },
   "geometry": {
    "type": "LineString",
    "coordinates": [
     [
      126.996418,
      37.50360135
     ],
     [
      126.98678254999999,
      37.50129185
     ]
    ]
   }
  },
  {
   "type": "Feature",
   "properties": {
    "origin": "Seocho-gu",
    "hub": "Express Bus Terminal"
   },
   "geometry": {
    "type": "LineString",
    "coordinates": [
     [
      126.944199,
      37.588674
     ],
     [
      126.9357156,
      37.600943
     ]
    ]
   }
  },
  {
   "type": "Feature",
   "properties": {
    "origin": "Seocho-gu",
    "hub": "Express Bus Terminal"
   },
   "geometry": {
    "type": "LineString",
    "coordinates": [
     [
      127.04739810000001,
      37.54723575
     ],
     [
      127.056101,
      37.5445711
     ]
    ]
   }
  },
  {
   "type": "Feature",
   "properties": {
    "origin": "Seocho-gu",
    "hub": "Express Bus Terminal"
   },
   "geometry": {
    "type": "LineString",
    "coordinates": [
     [
      127.0292055,
      37.56440925
     ],
     [
      127.0371344,
      37.561196
     ]
    ]
   }
  },
  {
   "type": "Feature",
   "properties": {
    "origin": "Seocho-gu",
    "hub": "Express Bus Terminal"
   },
   "geometry": {
    "type": "LineString",
    "coordinates": [
     [
      126.94337842499999,
      37.372332
     ],
     [
      126.933021475,
      37.358028000000004
     ]
    ]
   }
  },
  {
   "type": "Feature",
   "properties": {
    "origin": "Seocho-gu",
    "hub": "Express Bus Terminal"
   },
   "geometry": {
    "type": "LineString",
    "coordinates": [
     [
      127.13731045,
      37.55705595
     ],
     [
      127.13790955,
      37.587235899999996
     ]
    ]
   }
  },
  {
   "type": "Feature",
   "properties": {
    "origin": "Seocho-gu",
    "hub": "Express Bus Terminal"
   },
   "geometry": {
    "type": "LineString",
    "coordinates": [
     [
      126.93920815,
      37.50497785
     ],
     [
      126.928208,
      37.49970205
     ]
    ]
   }
  },
  {
   "type": "Feature",
   "properties": {
    "origin": "Seocho-gu",
    "hub": "Express Bus Terminal"
   },
   "geometry": {
    "type": "LineString",
    "coordinates": [
     [
      126.633077325,
      37.47509785
     ],
     [
      126.61704230000001,
      37.476938849999996
     ]
    ]
   }
  },
  {
   "type": "Feature",
   "properties": {
    "origin": "Seocho-gu",
    "hub": "Express Bus Terminal"
   },
   "geometry": {
    "type": "LineString",
    "coordinates": [
     [
      127.03622743333334,
      37.561098433333335
     ],
     [
      127.0429062,
      37.566101599999996
     ]
    ]
   }
  },
  {
   "type": "Feature",
   "properties": {
    "origin": "Seocho-gu",
    "hub": "Express Bus Terminal"
   },
   "geometry": {
    "type": "LineString",
    "coordinates": [
     [
      126.6576604,
      37.466815
     ],
     [
      126.64251645,
      37.46877
     ]
    ]
   }
  },
  {
   "type": "Feature",
   "properties": {
    "origin": "Seocho-gu",
    "hub": "Express Bus Terminal"
   },
   "geometry": {
    "type": "LineString",
    "coordinates": [
     [
      127.0528192,
      36.77762405
     ],
     [
      127.00319809999999,
      36.78053885
     ]
    ]
   }
  },
  {
   "type": "Feature",
   "properties": {
    "origin": "Seocho-gu",
    "hub": "Express Bus Terminal"
   },
   "geometry": {
    "type": "LineString",
    "coordinates": [
     [
      127.0413093,
      37.51717855
     ],
     [
      127.05116675,
      37.518998249999996
     ]
    ]
   }
  },
  {
   "type": "Feature",
   "properties": {
    "origin": "Seocho-gu",
    "hub": "Express Bus Terminal"
   },
   "geometry": {
    "type": "LineString",
    "coordinates": [
     [
      127.046312175,
      37.689562124999995
     ],
     [
      127.053075,
      37.7001801
     ]
    ]
   }
  },
  {
   "type": "Feature",
   "properties": {
    "origin": "Seocho-gu",
    "hub": "Express Bus Terminal"
   },
   "geometry": {
    "type": "LineString",
    "coordinates": [
     [
      127.1928227,
      37.5629465
     ],
     [
      127.2043138,
      37.55281085
     ]
    ]
   }
  },
  {
   "type": "Feature",
   "properties": {
    "origin": "Seocho-gu",
    "hub": "Express Bus Terminal"
   },
   "geometry": {
    "type": "LineString",
    "coordinates": [
     [
      127.0076332,
      37.49182365
     ],
     [
      126.9976719,
      37.48146185
     ]
    ]
   }
  },
  {
   "type": "Feature",
   "properties": {
    "origin": "Seocho-gu",
    "hub": "Express Bus Terminal"
   },
   "geometry": {
    "type": "LineString",
    "coordinates": [
     [
      126.9638778,
      37.39428915
     ],
     [
      126.9509103,
      37.389907199999996
     ]
    ]
   }
  },
  {
   "type": "Feature",
   "properties": {
    "origin": "Seocho-gu",
    "hub": "Express Bus Terminal"
   },
   "geometry": {
    "type": "LineString",
    "coordinates": [
     [
      127.0730058,
      37.62561105
     ],
     [
      127.06822545,
      37.6359805
     ]
    ]
   }
  },
  {
   "type": "Feature",
   "properties": {
    "origin": "Seocho-gu",
    "hub": "Express Bus Terminal"
   },
   "geometry": {
    "type": "LineString",
    "coordinates": [
     [
      127.05454165,
      37.4483655
     ],
     [
      127.1113607,
      37.394543375
     ]
    ]
   }
  },
  {
   "type": "Feature",
   "properties": {
    "origin": "Seocho-gu",
    "hub": "Express Bus Terminal"
   },
   "geometry": {
    "type": "LineString",
    "coordinates": [
     [
      126.724560725,
      37.489460875000006
     ],
     [
      126.70695565,
      37.4830106
     ]
    ]
   }
  },
  {
   "type": "Feature",
   "properties": {
    "origin": "Seocho-gu",
    "hub": "Express Bus Terminal"
   },
   "geometry": {
    "type": "LineString",
    "coordinates": [
     [
      126.9419898,
      37.482370200000005
     ],
     [
      126.929697,
      37.4842352
     ]
    ]
   }
  },
  {
   "type": "Feature",
   "properties": {
    "origin": "Seocho-gu",
    "hub": "Express Bus Terminal"
   },
   "geometry": {
    "type": "LineString",
    "coordinates": [
     [
      126.902253,
      37.4353932
     ],
     [
      126.90834585,
      37.4197271
     ]
    ]
   }
  },
  {
   "type": "Feature",
   "properties": {
    "origin": "Seocho-gu",
    "hub": "Express Bus Terminal"
   },
   "geometry": {
    "type": "LineString",
    "coordinates": [
     [
      126.8109994,
      37.6316918
     ],
     [
      126.78796255,
      37.6430864
     ]
    ]
   }
  },
  {
   "type": "Feature",
   "properties": {
    "origin": "Seocho-gu",
    "hub": "Express Bus Terminal"
   },
   "geometry": {
    "type": "LineString",
    "coordinates": [
     [
      127.06822545,
      37.6359805
     ],
     [
      127.06387335,
      37.6455284
     ]
    ]
   }
  },
  {
   "type": "Feature",
   "properties": {
    "origin": "Seocho-gu",
    "hub": "Express Bus Terminal"
   },
   "geometry": {
    "type": "LineString",
    "coordinates": [
     [
      126.91374195,
      37.64814335
     ],
     [
      126.89547454999999,
      37.65312725
     ]
    ]
   }
  },
  {
   "type": "Feature",
   "properties": {
    "origin": "Seocho-gu",
    "hub": "Express Bus Terminal"
   },
   "geometry": {
    "type": "LineString",
    "coordinates": [
     [
      127.04343015,
      37.18718805
     ],
     [
      127.06307985000001,
      37.16945165
     ]
    ]
   }
  },
  {
   "type": "Feature",
   "properties": {
    "origin": "Seocho-gu",
    "hub": "Express Bus Terminal"
   },
   "geometry": {
    "type": "LineString",
    "coordinates": [
     [
      126.89390025,
      37.53789915
     ],
     [
      126.8832178,
      37.544236749999996
     ]
    ]
   }
  },
  {
   "type": "Feature",
   "properties": {
    "origin": "Seocho-gu",
    "hub": "Express Bus Terminal"
   },
   "geometry": {
    "type": "LineString",
    "coordinates": [
     [
      126.8113736,
      37.506238350000004
     ],
     [
      126.7972585,
      37.5054479
     ]
    ]
   }
  },
  {
   "type": "Feature",
   "properties": {
    "origin": "Seocho-gu",
    "hub": "Express Bus Terminal"
   },
   "geometry": {
    "type": "LineString",
    "coordinates": [
     [
      127.01963022499999,
      37.515947849999996
     ],
     [
      127.0284705,
      37.5261356
     ]
    ]
   }
  },
  {
   "type": "Feature",
   "properties": {
    "origin": "Seocho-gu",
    "hub": "Express Bus Terminal"
   },
   "geometry": {
    "type": "LineString",
    "coordinates": [
     [
      126.67902043333333,
      37.4651555
     ],
     [
      126.6576604,
      37.466815
     ]
    ]
   }
  },
  {
   "type": "Feature",
   "properties": {
    "origin": "Seocho-gu",
    "hub": "Express Bus Terminal"
   },
   "geometry": {
    "type": "LineString",
    "coordinates": [
     [
      127.13808069999999,
      37.61096805
     ],
     [
      127.14977395,
      37.62432035
     ]
    ]
   }
  },
  {
   "type": "Feature",
   "properties": {
    "origin": "Seocho-gu",
    "hub": "Express Bus Terminal"
   },
   "geometry": {
    "type": "LineString",
    "coordinates": [
     [
      127.0461737,
      37.73766193333333
     ],
     [
      127.04479986666668,
      37.77416003333334
     ]
    ]
   }
  },
  {
   "type": "Feature",
   "properties": {
    "origin": "Seocho-gu",
    "hub": "Express Bus Terminal"
   },
   "geometry": {
    "type": "LineString",
    "coordinates": [
     [
      127.14408005,
      37.5519235
     ],
     [
      127.15379125000001,
      37.5549799
     ]
    ]
   }
  },
  {
   "type": "Feature",
   "properties": {
    "origin": "Seocho-gu",
    "hub": "Express Bus Terminal"
   },
   "geometry": {
    "type": "LineString",
    "coordinates": [
     [
      126.999739925,
      37.266122525
     ],
     [
      127.0331232,
      37.206827425
     ]
    ]
   }
  },
  {
   "type": "Feature",
   "properties": {
    "origin": "Seocho-gu",
    "hub": "Express Bus Terminal"
   },
   "geometry": {
    "type": "LineString",
    "coordinates": [
     [
      126.91689894999999,
      37.3279736
     ],
     [
      126.9038537,
      37.31243275
     ]
    ]
   }
  },
  {
   "type": "Feature",
   "properties": {
    "origin": "Seocho-gu",
    "hub": "Express Bus Terminal"
   },
   "geometry": {
    "type": "LineString",
    "coordinates": [
     [
      127.0246599,
      37.504134840000006
     ],
     [
      127.0438358,
      37.5102551
     ]
    ]
   }
  },
  {
   "type": "Feature",
   "properties": {
    "origin": "Seocho-gu",
    "hub": "Express Bus Terminal"
   },
   "geometry": {
    "type": "LineString",
    "coordinates": [
     [
      126.89151790000001,
      37.509030114285714
     ],
     [
      126.88262365,
      37.514484550000006
     ]
    ]
   }
  },
  {
   "type": "Feature",
   "properties": {
    "origin": "Seocho-gu",
    "hub": "Express Bus Terminal"
   },
   "geometry": {
    "type": "LineString",
    "coordinates": [
     [
      126.90267904999999,
      37.534194199999995
     ],
     [
      126.89390025,
      37.53789915
     ]
    ]
   }
  },
  {
   "type": "Feature",
   "properties": {
    "origin": "Seocho-gu",
    "hub": "Express Bus Terminal"
   },
   "geometry": {
    "type": "LineString",
    "coordinates": [
     [
      127.0331232,
      37.206827425
     ],
     [
      127.0666711,
      37.1448264
     ]
    ]
   }
  },
  {
   "type": "Feature",
   "properties": {
    "origin": "Seocho-gu",
    "hub": "Express Bus Terminal"
   },
   "geometry": {
    "type": "LineString",
    "coordinates": [
     [
      126.99319055000001,
      37.4875448
     ],
     [
      126.98196229999999,
      37.48532035
     ]
    ]
   }
  },
  {
   "type": "Feature",
   "properties": {
    "origin": "Seocho-gu",
    "hub": "Express Bus Terminal"
   },
   "geometry": {
    "type": "LineString",
    "coordinates": [
     [
      127.0719283,
      38.024529799999996
     ],
     [
      127.0738629,
      38.1004613
     ]
    ]
   }
  },
  {
   "type": "Feature",
   "properties": {
    "origin": "Seocho-gu",
    "hub": "Express Bus Terminal"
   },
   "geometry": {
    "type": "LineString",
    "coordinates": [
     [
      126.89641230000001,
      37.524029799999994
     ],
     [
      126.8861202,
      37.5256362
     ]
    ]
   }
  },
  {
   "type": "Feature",
   "properties": {
    "origin": "Seocho-gu",
    "hub": "Express Bus Terminal"
   },
   "geometry": {
    "type": "LineString",
    "coordinates": [
     [
      126.80592225000001,
      37.3207102
     ],
     [
      126.788700425,
      37.327088575000005
     ]
    ]
   }
  },
  {
   "type": "Feature",
   "properties": {
    "origin": "Seocho-gu",
    "hub": "Express Bus Terminal"
   },
   "geometry": {
    "type": "LineString",
    "coordinates": [
     [
      126.9885185,
      37.4650423
     ],
     [
      127.00210535,
      37.451572299999995
     ]
    ]
   }
  },
  {
   "type": "Feature",
   "properties": {
    "origin": "Seocho-gu",
    "hub": "Express Bus Terminal"
   },
   "geometry": {
    "type": "LineString",
    "coordinates": [
     [
      127.0515173,
      37.2885603
     ],
     [
      127.04414025,
      37.30217675
     ]
    ]
   }
  },
  {
   "type": "Feature",
   "properties": {
    "origin": "Seocho-gu",
    "hub": "Express Bus Terminal"
   },
   "geometry": {
    "type": "LineString",
    "coordinates": [
     [
      127.014221675,
      37.493417775000005
     ],
     [
      127.01630875000001,
      37.48497865
     ]
    ]
   }
  },
  {
   "type": "Feature",
   "properties": {
    "origin": "Seocho-gu",
    "hub": "Express Bus Terminal"
   },
   "geometry": {
    "type": "LineString",
    "coordinates": [
     [
      126.94158883333331,
      37.513936916666665
     ],
     [
      126.90722555,
      37.515533616666666
     ]
    ]
   }
  },
  {
   "type": "Feature",
   "properties": {
    "origin": "Jongno-gu",
    "hub": "Jongno 3(sam)-ga"
   },
   "geometry": {
    "type": "LineString",
    "coordinates": [
     [
      127.0631799,
      37.494503
     ],
     [
      127.0698874,
      37.4965268
     ]
    ]
   }
  },
  {
   "type": "Feature",
   "properties": {
    "origin": "Jongno-gu",
    "hub": "Jongno 3(sam)-ga"
   },
   "geometry": {
    "type": "LineString",
    "coordinates": [
     [
      127.12332384999999,
      37.538330724999994
     ],
     [
      127.12062259999999,
      37.530676150000005
     ]
    ]
   }
  },
  {
   "type": "Feature",
   "properties": {
    "origin": "Jongno-gu",
    "hub": "Jongno 3(sam)-ga"
   },
   "geometry": {
    "type": "LineString",
    "coordinates": [
     [
      126.84291495,
      37.6531073
     ],
     [
      126.83262855000001,
      37.6346248
     ]
    ]
   }
  },
  {
   "type": "Feature",
   "properties": {
    "origin": "Jongno-gu",
    "hub": "Jongno 3(sam)-ga"
   },
   "geometry": {
    "type": "LineString",
    "coordinates": [
     [
      127.1260606,
      37.478900550000006
     ],
     [
      127.12672925,
      37.47090125
     ]
    ]
   }
  },
  {
   "type": "Feature",
   "properties": {
    "origin": "Jongno-gu",
    "hub": "Jongno 3(sam)-ga"
   },
   "geometry": {
    "type": "LineString",
    "coordinates": [
     [
      126.724560725,
      37.489460875000006
     ],
     [
      126.7028595,
      37.470726125
     ]
    ]
   }
  },
  {
   "type": "Feature",
   "properties": {
    "origin": "Jongno-gu",
    "hub": "Jongno 3(sam)-ga"
   },
   "geometry": {
    "type": "LineString",
    "coordinates": [
     [
      126.80816335,
      37.57285495
     ],
     [
      126.81273185,
      37.57739155
     ]
    ]
   }
  },
  {
   "type": "Feature",
   "properties": {
    "origin": "Jongno-gu",
    "hub": "Jongno 3(sam)-ga"
   },
   "geometry": {
    "type": "LineString",
    "coordinates": [
     [
      127.0218553,
      37.50993715
     ],
     [
      127.0246599,
      37.504134840000006
     ]
    ]
   }
  },
  {
   "type": "Feature",
   "properties": {
    "origin": "Jongno-gu",
    "hub": "Jongno 3(sam)-ga"
   },
   "geometry": {
    "type": "LineString",
    "coordinates": [
     [
      126.89151790000001,
      37.509030114285714
     ],
     [
      126.8822843222222,
      37.50327466666667
     ]
    ]
   }
  },
  {
   "type": "Feature",
   "properties": {
    "origin": "Jongno-gu",
    "hub": "Jongno 3(sam)-ga"
   },
   "geometry": {
    "type": "LineString",
    "coordinates": [
     [
      127.046312175,
      37.689562124999995
     ],
     [
      127.04726355,
      37.7239029
     ]
    ]
   }
  },
  {
   "type": "Feature",
   "properties": {
    "origin": "Jongno-gu",
    "hub": "Jongno 3(sam)-ga"
   },
   "geometry": {
    "type": "LineString",
    "coordinates": [
     [
      127.04726355,
      37.7239029
     ],
     [
      127.0461737,
      37.73766193333333
     ]
    ]
   }
  },
  {
   "type": "Feature",
   "properties": {
    "origin": "Jongno-gu",
    "hub": "Jongno 3(sam)-ga"
   },
   "geometry": {
    "type": "LineString",
    "coordinates": [
     [
      127.0284705,
      37.5261356
     ],
     [
      127.01963022499999,
      37.515947849999996
     ]
    ]
   }
  },
  {
   "type": "Feature",
   "properties": {
    "origin": "Jongno-gu",
    "hub": "Jongno 3(sam)-ga"
   },
   "geometry": {
    "type": "LineString",
    "coordinates": [
     [
      126.92348945,
      37.556651200000005
     ],
     [
      126.9146599,
      37.55006055
     ]
    ]
   }
  },
  {
   "type": "Feature",
   "properties": {
    "origin": "Jongno-gu",
    "hub": "Jongno 3(sam)-ga"
   },
   "geometry": {
    "type": "LineString",
    "coordinates": [
     [
      127.079078,
      37.67024585
     ],
     [
      127.11618745,
      37.6677962
     ]
    ]
   }
  },
  {
   "type": "Feature",
   "properties": {
    "origin": "Jongno-gu",
    "hub": "Jongno 3(sam)-ga"
   },
   "geometry": {
    "type": "LineString",
    "coordinates": [
     [
      126.92414654999999,
      37.52167905
     ],
     [
      126.9180312,
      37.5279527
     ]
    ]
   }
  },
  {
   "type": "Feature",
   "properties": {
    "origin": "Jongno-gu",
    "hub": "Jongno 3(sam)-ga"
   },
   "geometry": {
    "type": "LineString",
    "coordinates": [
     [
      127.29996225,
      37.373357299999995
     ],
     [
      127.3462797,
      37.3505042
     ]
    ]
   }
  },
  {
   "type": "Feature",
   "properties": {
    "origin": "Jongno-gu",
    "hub": "Jongno 3(sam)-ga"
   },
   "geometry": {
    "type": "LineString",
    "coordinates": [
     [
      126.9926834,
      37.5663661
     ],
     [
      126.9935474,
      37.561972
     ]
    ]
   }
  },
  {
   "type": "Feature",
   "properties": {
    "origin": "Jongno-gu",
    "hub": "Jongno 3(sam)-ga"
   },
   "geometry": {
    "type": "LineString",
    "coordinates": [
     [
      127.08841535,
      37.5807183
     ],
     [
      127.0875651,
      37.588382949999996
     ]
    ]
   }
  },
  {
   "type": "Feature",
   "properties": {
    "origin": "Jongno-gu",
    "hub": "Jongno 3(sam)-ga"
   },
   "geometry": {
    "type": "LineString",
    "coordinates": [
     [
      127.0837107,
      37.61978165
     ],
     [
      127.09109065,
      37.617416899999995
     ]
    ]
   }
  },
  {
   "type": "Feature",
   "properties": {
    "origin": "Jongno-gu",
    "hub": "Jongno 3(sam)-ga"
   },
   "geometry": {
    "type": "LineString",
    "coordinates": [
     [
      126.9137366,
      37.59167145
     ],
     [
      126.9098764,
      37.584113650000006
     ]
    ]
   }
  },
  {
   "type": "Feature",
   "properties": {
    "origin": "Jongno-gu",
    "hub": "Jongno 3(sam)-ga"
   },
   "geometry": {
    "type": "LineString",
    "coordinates": [
     [
      126.97134670000001,
      37.30031830000001
     ],
     [
      126.98955755,
      37.2840608
     ]
    ]
   }
  },
  {
   "type": "Feature",
   "properties": {
    "origin": "Jongno-gu",
    "hub": "Jongno 3(sam)-ga"
   },
   "geometry": {
    "type": "LineString",
    "coordinates": [
     [
      126.90722555,
      37.515533616666666
     ],
     [
      126.89401819999999,
      37.45556295
     ]
    ]
   }
  },
  {
   "type": "Feature",
   "properties": {
    "origin": "Jongno-gu",
    "hub": "Jongno 3(sam)-ga"
   },
   "geometry": {
    "type": "LineString",
    "coordinates": [
     [
      127.0307414,
      37.51395335
     ],
     [
      127.0413093,
      37.51717855
     ]
    ]
   }
  },
  {
   "type": "Feature",
   "properties": {
    "origin": "Jongno-gu",
    "hub": "Jongno 3(sam)-ga"
   },
   "geometry": {
    "type": "LineString",
    "coordinates": [
     [
      126.98678254999999,
      37.50129185
     ],
     [
      126.996418,
      37.50360135
     ]
    ]
   }
  },
  {
   "type": "Feature",
   "properties": {
    "origin": "Jongno-gu",
    "hub": "Jongno 3(sam)-ga"
   },
   "geometry": {
    "type": "LineString",
    "coordinates": [
     [
      126.76123989999999,
      37.670143249999995
     ],
     [
      126.74746815,
      37.6761745
     ]
    ]
   }
  },
  {
   "type": "Feature",
   "properties": {
    "origin": "Jongno-gu",
    "hub": "Jongno 3(sam)-ga"
   },
   "geometry": {
    "type": "LineString",
    "coordinates": [
     [
      127.2043138,
      37.55281085
     ],
     [
      127.207006,
      37.54165275
     ]
    ]
   }
  },
  {
   "type": "Feature",
   "properties": {
    "origin": "Jongno-gu",
    "hub": "Jongno 3(sam)-ga"
   },
   "geometry": {
    "type": "LineString",
    "coordinates": [
     [
      126.98222985000001,
      37.48702505
     ],
     [
      126.98153045000001,
      37.4769541
     ]
    ]
   }
  },
  {
   "type": "Feature",
   "properties": {
    "origin": "Jongno-gu",
    "hub": "Jongno 3(sam)-ga"
   },
   "geometry": {
    "type": "LineString",
    "coordinates": [
     [
      126.78272705,
      37.484111150000004
     ],
     [
      126.7537146,
      37.4876311
     ]
    ]
   }
  },
  {
   "type": "Feature",
   "properties": {
    "origin": "Jongno-gu",
    "hub": "Jongno 3(sam)-ga"
   },
   "geometry": {
    "type": "LineString",
    "coordinates": [
     [
      127.0246599,
      37.504134840000006
     ],
     [
      127.0151398,
      37.5042952
     ]
    ]
   }
  },
  {
   "type": "Feature",
   "properties": {
    "origin": "Jongno-gu",
    "hub": "Jongno 3(sam)-ga"
   },
   "geometry": {
    "type": "LineString",
    "coordinates": [
     [
      127.0438358,
      37.5102551
     ],
     [
      127.05341885,
      37.51308095
     ]
    ]
   }
  },
  {
   "type": "Feature",
   "properties": {
    "origin": "Jongno-gu",
    "hub": "Jongno 3(sam)-ga"
   },
   "geometry": {
    "type": "LineString",
    "coordinates": [
     [
      126.9944059,
      37.561106433333336
     ],
     [
      127.0057659,
      37.5590197
     ]
    ]
   }
  },
  {
   "type": "Feature",
   "properties": {
    "origin": "Jongno-gu",
    "hub": "Jongno 3(sam)-ga"
   },
   "geometry": {
    "type": "LineString",
    "coordinates": [
     [
      127.0021236,
      37.5709815
     ],
     [
      127.010226875,
      37.571269725
     ]
    ]
   }
  },
  {
   "type": "Feature",
   "properties": {
    "origin": "Jongno-gu",
    "hub": "Jongno 3(sam)-ga"
   },
   "geometry": {
    "type": "LineString",
    "coordinates": [
     [
      127.1761181,
      37.5575379
     ],
     [
      127.1928227,
      37.5629465
     ]
    ]
   }
  },
  {
   "type": "Feature",
   "properties": {
    "origin": "Jongno-gu",
    "hub": "Jongno 3(sam)-ga"
   },
   "geometry": {
    "type": "LineString",
    "coordinates": [
     [
      127.03622743333334,
      37.561098433333335
     ],
     [
      127.0436639,
      37.555725300000006
     ]
    ]
   }
  },
  {
   "type": "Feature",
   "properties": {
    "origin": "Jongno-gu",
    "hub": "Jongno 3(sam)-ga"
   },
   "geometry": {
    "type": "LineString",
    "coordinates": [
     [
      126.90893539999999,
      37.50012825
     ],
     [
      126.8962674,
      37.49250275
     ]
    ]
   }
  },
  {
   "type": "Feature",
   "properties": {
    "origin": "Jongno-gu",
    "hub": "Jongno 3(sam)-ga"
   },
   "geometry": {
    "type": "LineString",
    "coordinates": [
     [
      126.96663975,
      37.565793400000004
     ],
     [
      126.96214445,
      37.5594717
     ]
    ]
   }
  },
  {
   "type": "Feature",
   "properties": {
    "origin": "Jongno-gu",
    "hub": "Jongno 3(sam)-ga"
   },
   "geometry": {
    "type": "LineString",
    "coordinates": [
     [
      126.724560725,
      37.489460875000006
     ],
     [
      126.6801621,
      37.4650781
     ]
    ]
   }
  },
  {
   "type": "Feature",
   "properties": {
    "origin": "Jongno-gu",
    "hub": "Jongno 3(sam)-ga"
   },
   "geometry": {
    "type": "LineString",
    "coordinates": [
     [
      126.98153045000001,
      37.4769541
     ],
     [
      126.96355224999999,
      37.4770473
     ]
    ]
   }
  },
  {
   "type": "Feature",
   "properties": {
    "origin": "Jongno-gu",
    "hub": "Jongno 3(sam)-ga"
   },
   "geometry": {
    "type": "LineString",
    "coordinates": [
     [
      127.10697945,
      37.505189625
     ],
     [
      127.11280625,
      37.5112663
     ]
    ]
   }
  },
  {
   "type": "Feature",
   "properties": {
    "origin": "Jongno-gu",
    "hub": "Jongno 3(sam)-ga"
   },
   "geometry": {
    "type": "LineString",
    "coordinates": [
     [
      127.49032700000001,
      37.260404449999996
     ],
     [
      127.5706498,
      37.29361915
     ]
    ]
   }
  },
  {
   "type": "Feature",
   "properties": {
    "origin": "Jongno-gu",
    "hub": "Jongno 3(sam)-ga"
   },
   "geometry": {
    "type": "LineString",
    "coordinates": [
     [
      127.0292055,
      37.56440925
     ],
     [
      127.03622743333334,
      37.561098433333335
     ]
    ]
   }
  },
  {
   "type": "Feature",
   "properties": {
    "origin": "Jongno-gu",
    "hub": "Jongno 3(sam)-ga"
   },
   "geometry": {
    "type": "LineString",
    "coordinates": [
     [
      127.14977395,
      37.62432035
     ],
     [
      127.1273613,
      37.6424033
     ]
    ]
   }
  },
  {
   "type": "Feature",
   "properties": {
    "origin": "Jongno-gu",
    "hub": "Jongno 3(sam)-ga"
   },
   "geometry": {
    "type": "LineString",
    "coordinates": [
     [
      127.04432025,
      37.6674863
     ],
     [
      127.04551135,
      37.679016000000004
     ]
    ]
   }
  },
  {
   "type": "Feature",
   "properties": {
    "origin": "Jongno-gu",
    "hub": "Jongno 3(sam)-ga"
   },
   "geometry": {
    "type": "LineString",
    "coordinates": [
     [
      127.02494089999999,
      37.603309749999994
     ],
     [
      127.03009940000001,
      37.61316885
     ]
    ]
   }
  },
  {
   "type": "Feature",
   "properties": {
    "origin": "Jongno-gu",
    "hub": "Jongno 3(sam)-ga"
   },
   "geometry": {
    "type": "LineString",
    "coordinates": [
     [
      127.04824445,
      37.606223
     ],
     [
      127.05647575,
      37.6105524
     ]
    ]
   }
  },
  {
   "type": "Feature",
   "properties": {
    "origin": "Jongno-gu",
    "hub": "Jongno 3(sam)-ga"
   },
   "geometry": {
    "type": "LineString",
    "coordinates": [
     [
      127.1406795,
      37.437440949999996
     ],
     [
      127.13032179999999,
      37.434014149999996
     ]
    ]
   }
  },
  {
   "type": "Feature",
   "properties": {
    "origin": "Jongno-gu",
    "hub": "Jongno 3(sam)-ga"
   },
   "geometry": {
    "type": "LineString",
    "coordinates": [
     [
      127.15677604999999,
      37.44508145
     ],
     [
      127.1476359,
      37.44099535
     ]
    ]
   }
  },
  {
   "type": "Feature",
   "properties": {
    "origin": "Jongno-gu",
    "hub": "Jongno 3(sam)-ga"
   },
   "geometry": {
    "type": "LineString",
    "coordinates": [
     [
      126.88259225,
      37.481642550000004
     ],
     [
      126.88950750000001,
      37.46602645
     ]
    ]
   }
  },
  {
   "type": "Feature",
   "properties": {
    "origin": "Jongno-gu",
    "hub": "Jongno 3(sam)-ga"
   },
   "geometry": {
    "type": "LineString",
    "coordinates": [
     [
      126.9713321,
      37.540552000000005
     ],
     [
      126.9644438,
      37.52945737499999
     ]
    ]
   }
  },
  {
   "type": "Feature",
   "properties": {
    "origin": "Jongno-gu",
    "hub": "Jongno 3(sam)-ga"
   },
   "geometry": {
    "type": "LineString",
    "coordinates": [
     [
      127.00488916666667,
      37.50495225
     ],
     [
      126.99319055000001,
      37.4875448
     ]
    ]
   }
  },
  {
   "type": "Feature",
   "properties": {
    "origin": "Jongno-gu",
    "hub": "Jongno 3(sam)-ga"
   },
   "geometry": {
    "type": "LineString",
    "coordinates": [
     [
      126.85303115,
      37.5200209
     ],
     [
      126.8465805,
      37.53185633333333
     ]
    ]
   }
  },
  {
   "type": "Feature",
   "properties": {
    "origin": "Jongno-gu",
    "hub": "Jongno 3(sam)-ga"
   },
   "geometry": {
    "type": "LineString",
    "coordinates": [
     [
      126.88277049999999,
      37.48041845
     ],
     [
      126.88669185,
      37.485393650000006
     ]
    ]
   }
  },
  {
   "type": "Feature",
   "properties": {
    "origin": "Jongno-gu",
    "hub": "Jongno 3(sam)-ga"
   },
   "geometry": {
    "type": "LineString",
    "coordinates": [
     [
      127.1910807,
      37.705207650000006
     ],
     [
      127.20323855,
      37.7200354
     ]
    ]
   }
  },
  {
   "type": "Feature",
   "properties": {
    "origin": "Jongno-gu",
    "hub": "Jongno 3(sam)-ga"
   },
   "geometry": {
    "type": "LineString",
    "coordinates": [
     [
      127.06387335,
      37.6455284
     ],
     [
      127.0605474,
      37.6544077
     ]
    ]
   }
  },
  {
   "type": "Feature",
   "properties": {
    "origin": "Jongno-gu",
    "hub": "Jongno 3(sam)-ga"
   },
   "geometry": {
    "type": "LineString",
    "coordinates": [
     [
      126.9357156,
      37.600943
     ],
     [
      126.930398,
      37.6098806
     ]
    ]
   }
  },
  {
   "type": "Feature",
   "properties": {
    "origin": "Jongno-gu",
    "hub": "Jongno 3(sam)-ga"
   },
   "geometry": {
    "type": "LineString",
    "coordinates": [
     [
      126.94584105,
      37.55676595
     ],
     [
      126.93690799999999,
      37.55515495
     ]
    ]
   }
  },
  {
   "type": "Feature",
   "properties": {
    "origin": "Jongno-gu",
    "hub": "Jongno 3(sam)-ga"
   },
   "geometry": {
    "type": "LineString",
    "coordinates": [
     [
      127.0526772,
      37.56682395
     ],
     [
      127.0645931,
      37.561482350000006
     ]
    ]
   }
  },
  {
   "type": "Feature",
   "properties": {
    "origin": "Jongno-gu",
    "hub": "Jongno 3(sam)-ga"
   },
   "geometry": {
    "type": "LineString",
    "coordinates": [
     [
      127.0875651,
      37.588382949999996
     ],
     [
      127.08565575,
      37.59584195
     ]
    ]
   }
  },
  {
   "type": "Feature",
   "properties": {
    "origin": "Jongno-gu",
    "hub": "Jongno 3(sam)-ga"
   },
   "geometry": {
    "type": "LineString",
    "coordinates": [
     [
      126.8363186,
      37.54886705
     ],
     [
      126.83748539999999,
      37.55844505
     ]
    ]
   }
  },
  {
   "type": "Feature",
   "properties": {
    "origin": "Jongno-gu",
    "hub": "Jongno 3(sam)-ga"
   },
   "geometry": {
    "type": "LineString",
    "coordinates": [
     [
      127.0565601,
      37.9025991
     ],
     [
      127.054875,
      37.9275599
     ]
    ]
   }
  },
  {
   "type": "Feature",
   "properties": {
    "origin": "Jongno-gu",
    "hub": "Jongno 3(sam)-ga"
   },
   "geometry": {
    "type": "LineString",
    "coordinates": [
     [
      127.10697945,
      37.505189625
     ],
     [
      127.11227210000001,
      37.49963255
     ]
    ]
   }
  },
  {
   "type": "Feature",
   "properties": {
    "origin": "Jongno-gu",
    "hub": "Jongno 3(sam)-ga"
   },
   "geometry": {
    "type": "LineString",
    "coordinates": [
     [
      126.97691345,
      37.57161265
     ],
     [
      126.96663975,
      37.565793400000004
     ]
    ]
   }
  },
  {
   "type": "Feature",
   "properties": {
    "origin": "Jongno-gu",
    "hub": "Jongno 3(sam)-ga"
   },
   "geometry": {
    "type": "LineString",
    "coordinates": [
     [
      126.973578,
      37.57582
     ],
     [
      126.9578751,
      37.5745552
     ]
    ]
   }
  },
  {
   "type": "Feature",
   "properties": {
    "origin": "Jongno-gu",
    "hub": "Jongno 3(sam)-ga"
   },
   "geometry": {
    "type": "LineString",
    "coordinates": [
     [
      127.056101,
      37.5445711
     ],
     [
      127.0692152,
      37.540422050000004
     ]
    ]
   }
  },
  {
   "type": "Feature",
   "properties": {
    "origin": "Jongno-gu",
    "hub": "Jongno 3(sam)-ga"
   },
   "geometry": {
    "type": "LineString",
    "coordinates": [
     [
      127.034487975,
      37.484172900000004
     ],
     [
      127.0469913,
      37.4870435
     ]
    ]
   }
  },
  {
   "type": "Feature",
   "properties": {
    "origin": "Jongno-gu",
    "hub": "Jongno 3(sam)-ga"
   },
   "geometry": {
    "type": "LineString",
    "coordinates": [
     [
      127.01963022499999,
      37.515947849999996
     ],
     [
      127.01109835,
      37.51273505
     ]
    ]
   }
  },
  {
   "type": "Feature",
   "properties": {
    "origin": "Jongno-gu",
    "hub": "Jongno 3(sam)-ga"
   },
   "geometry": {
    "type": "LineString",
    "coordinates": [
     [
      127.0104261,
      37.55442283333334
     ],
     [
      127.01593,
      37.5480416
     ]
    ]
   }
  },
  {
   "type": "Feature",
   "properties": {
    "origin": "Jongno-gu",
    "hub": "Jongno 3(sam)-ga"
   },
   "geometry": {
    "type": "LineString",
    "coordinates": [
     [
      127.07510895,
      37.5112206
     ],
     [
      127.0872093,
      37.5045328
     ]
    ]
   }
  },
  {
   "type": "Feature",
   "properties": {
    "origin": "Jongno-gu",
    "hub": "Jongno 3(sam)-ga"
   },
   "geometry": {
    "type": "LineString",
    "coordinates": [
     [
      126.92414654999999,
      37.52167905
     ],
     [
      126.91801478333333,
      37.516964349999995
     ]
    ]
   }
  },
  {
   "type": "Feature",
   "properties": {
    "origin": "Jongno-gu",
    "hub": "Jongno 3(sam)-ga"
   },
   "geometry": {
    "type": "LineString",
    "coordinates": [
     [
      126.93690799999999,
      37.55515495
     ],
     [
      126.92348945,
      37.556651200000005
     ]
    ]
   }
  },
  {
   "type": "Feature",
   "properties": {
    "origin": "Jongno-gu",
    "hub": "Jongno 3(sam)-ga"
   },
   "geometry": {
    "type": "LineString",
    "coordinates": [
     [
      127.130605875,
      37.516118175
     ],
     [
      127.1482366,
      37.528283833333326
     ]
    ]
   }
  },
  {
   "type": "Feature",
   "properties": {
    "origin": "Jongno-gu",
    "hub": "Jongno 3(sam)-ga"
   },
   "geometry": {
    "type": "LineString",
    "coordinates": [
     [
      126.67902043333333,
      37.4651555
     ],
     [
      126.633077325,
      37.47509785
     ]
    ]
   }
  },
  {
   "type": "Feature",
   "properties": {
    "origin": "Jongno-gu",
    "hub": "Jongno 3(sam)-ga"
   },
   "geometry": {
    "type": "LineString",
    "coordinates": [
     [
      126.99154498333333,
      37.57166261666667
     ],
     [
      126.99810195,
      37.56693335
     ]
    ]
   }
  },
  {
   "type": "Feature",
   "properties": {
    "origin": "Jongno-gu",
    "hub": "Jongno 3(sam)-ga"
   },
   "geometry": {
    "type": "LineString",
    "coordinates": [
     [
      126.98196229999999,
      37.48532035
     ],
     [
      126.97186830000001,
      37.484363450000004
     ]
    ]
   }
  },
  {
   "type": "Feature",
   "properties": {
    "origin": "Jongno-gu",
    "hub": "Jongno 3(sam)-ga"
   },
   "geometry": {
    "type": "LineString",
    "coordinates": [
     [
      127.0198127,
      37.56563195
     ],
     [
      127.0292055,
      37.56440925
     ]
    ]
   }
  },
  {
   "type": "Feature",
   "properties": {
    "origin": "Jongno-gu",
    "hub": "Jongno 3(sam)-ga"
   },
   "geometry": {
    "type": "LineString",
    "coordinates": [
     [
      126.8384926,
      37.31602785
     ],
     [
      126.82301165,
      37.31686475
     ]
    ]
   }
  },
  {
   "type": "Feature",
   "properties": {
    "origin": "Jongno-gu",
    "hub": "Jongno 3(sam)-ga"
   },
   "geometry": {
    "type": "LineString",
    "coordinates": [
     [
      126.951171975,
      37.543658125
     ],
     [
      126.94233779999999,
      37.54770605
     ]
    ]
   }
  },
  {
   "type": "Feature",
   "properties": {
    "origin": "Jongno-gu",
    "hub": "Jongno 3(sam)-ga"
   },
   "geometry": {
    "type": "LineString",
    "coordinates": [
     [
      126.9527503,
      37.48120715
     ],
     [
      126.9419898,
      37.482370200000005
     ]
    ]
   }
  },
  {
   "type": "Feature",
   "properties": {
    "origin": "Jongno-gu",
    "hub": "Jongno 3(sam)-ga"
   },
   "geometry": {
    "type": "LineString",
    "coordinates": [
     [
      126.88262365,
      37.514484550000006
     ],
     [
      126.8659206,
      37.51228415
     ]
    ]
   }
  },
  {
   "type": "Feature",
   "properties": {
    "origin": "Jongno-gu",
    "hub": "Jongno 3(sam)-ga"
   },
   "geometry": {
    "type": "LineString",
    "coordinates": [
     [
      126.855077,
      37.5611624
     ],
     [
      126.82772320000001,
      37.566714149999996
     ]
    ]
   }
  },
  {
   "type": "Feature",
   "properties": {
    "origin": "Jongno-gu",
    "hub": "Jongno 3(sam)-ga"
   },
   "geometry": {
    "type": "LineString",
    "coordinates": [
     [
      126.8822843222222,
      37.50327466666667
     ],
     [
      126.8604172,
      37.4942856
     ]
    ]
   }
  },
  {
   "type": "Feature",
   "properties": {
    "origin": "Jongno-gu",
    "hub": "Jongno 3(sam)-ga"
   },
   "geometry": {
    "type": "LineString",
    "coordinates": [
     [
      127.00636765,
      37.5885974
     ],
     [
      127.0164111,
      37.592665
     ]
    ]
   }
  },
  {
   "type": "Feature",
   "properties": {
    "origin": "Jongno-gu",
    "hub": "Jongno 3(sam)-ga"
   },
   "geometry": {
    "type": "LineString",
    "coordinates": [
     [
      126.86459835,
      37.5512139
     ],
     [
      126.86195190000001,
      37.55743755
     ]
    ]
   }
  },
  {
   "type": "Feature",
   "properties": {
    "origin": "Jongno-gu",
    "hub": "Jongno 3(sam)-ga"
   },
   "geometry": {
    "type": "LineString",
    "coordinates": [
     [
      126.9209102,
      37.6194877
     ],
     [
      126.9188368,
      37.6368601
     ]
    ]
   }
  },
  {
   "type": "Feature",
   "properties": {
    "origin": "Jongno-gu",
    "hub": "Jongno 3(sam)-ga"
   },
   "geometry": {
    "type": "LineString",
    "coordinates": [
     [
      126.94767085000001,
      37.5032044
     ],
     [
      126.93920815,
      37.50497785
     ]
    ]
   }
  },
  {
   "type": "Feature",
   "properties": {
    "origin": "Jongno-gu",
    "hub": "Jongno 3(sam)-ga"
   },
   "geometry": {
    "type": "LineString",
    "coordinates": [
     [
      126.933021475,
      37.358028000000004
     ],
     [
      126.92560309999999,
      37.35054165
     ]
    ]
   }
  },
  {
   "type": "Feature",
   "properties": {
    "origin": "Jongno-gu",
    "hub": "Jongno 3(sam)-ga"
   },
   "geometry": {
    "type": "LineString",
    "coordinates": [
     [
      127.074925275,
      37.617910925000004
     ],
     [
      127.0730058,
      37.62561105
     ]
    ]
   }
  },
  {
   "type": "Feature",
   "properties": {
    "origin": "Jongno-gu",
    "hub": "Jongno 3(sam)-ga"
   },
   "geometry": {
    "type": "LineString",
    "coordinates": [
     [
      126.788700425,
      37.327088575000005
     ],
     [
      126.7671307,
      37.33761945
     ]
    ]
   }
  },
  {
   "type": "Feature",
   "properties": {
    "origin": "Jongno-gu",
    "hub": "Jongno 3(sam)-ga"
   },
   "geometry": {
    "type": "LineString",
    "coordinates": [
     [
      127.04479986666668,
      37.77416003333334
     ],
     [
      127.0615646,
      37.8432631
     ]
    ]
   }
  },
  {
   "type": "Feature",
   "properties": {
    "origin": "Jongno-gu",
    "hub": "Jongno 3(sam)-ga"
   },
   "geometry": {
    "type": "LineString",
    "coordinates": [
     [
      127.06572985,
      37.61498645
     ],
     [
      127.061764025,
      37.623803025
     ]
    ]
   }
  },
  {
   "type": "Feature",
   "properties": {
    "origin": "Jongno-gu",
    "hub": "Jongno 3(sam)-ga"
   },
   "geometry": {
    "type": "LineString",
    "coordinates": [
     [
      127.1348279,
      37.498074
     ],
     [
      127.14374885000001,
      37.49335525
     ]
    ]
   }
  },
  {
   "type": "Feature",
   "properties": {
    "origin": "Jongno-gu",
    "hub": "Jongno 3(sam)-ga"
   },
   "geometry": {
    "type": "LineString",
    "coordinates": [
     [
      127.0615646,
      37.8432631
     ],
     [
      127.0565601,
      37.9025991
     ]
    ]
   }
  },
  {
   "type": "Feature",
   "properties": {
    "origin": "Jongno-gu",
    "hub": "Jongno 3(sam)-ga"
   },
   "geometry": {
    "type": "LineString",
    "coordinates": [
     [
      126.7531662,
      37.505828199999996
     ],
     [
      126.7423046,
      37.5064953
     ]
    ]
   }
  },
  {
   "type": "Feature",
   "properties": {
    "origin": "Jongno-gu",
    "hub": "Jongno 3(sam)-ga"
   },
   "geometry": {
    "type": "LineString",
    "coordinates": [
     [
      127.06674185,
      37.53154165
     ],
     [
      127.05116675,
      37.518998249999996
     ]
    ]
   }
  },
  {
   "type": "Feature",
   "properties": {
    "origin": "Jongno-gu",
    "hub": "Jongno 3(sam)-ga"
   },
   "geometry": {
    "type": "LineString",
    "coordinates": [
     [
      127.207006,
      37.54165275
     ],
     [
      127.22369005,
      37.539676799999995
     ]
    ]
   }
  },
  {
   "type": "Feature",
   "properties": {
    "origin": "Jongno-gu",
    "hub": "Jongno 3(sam)-ga"
   },
   "geometry": {
    "type": "LineString",
    "coordinates": [
     [
      126.8822843222222,
      37.50327466666667
     ],
     [
      126.85895063333334,
      37.4945512
     ]
    ]
   }
  },
  {
   "type": "Feature",
   "properties": {
    "origin": "Jongno-gu",
    "hub": "Jongno 3(sam)-ga"
   },
   "geometry": {
    "type": "LineString",
    "coordinates": [
     [
      126.92304295,
      37.40144905
     ],
     [
      126.94337842499999,
      37.372332
     ]
    ]
   }
  },
  {
   "type": "Feature",
   "properties": {
    "origin": "Jongno-gu",
    "hub": "Jongno 3(sam)-ga"
   },
   "geometry": {
    "type": "LineString",
    "coordinates": [
     [
      126.951171975,
      37.543658125
     ],
     [
      126.9459774,
      37.5396233
     ]
    ]
   }
  },
  {
   "type": "Feature",
   "properties": {
    "origin": "Jongno-gu",
    "hub": "Jongno 3(sam)-ga"
   },
   "geometry": {
    "type": "LineString",
    "coordinates": [
     [
      127.1002885,
      37.513304899999994
     ],
     [
      127.08549585,
      37.5115962
     ]
    ]
   }
  },
  {
   "type": "Feature",
   "properties": {
    "origin": "Jongno-gu",
    "hub": "Jongno 3(sam)-ga"
   },
   "geometry": {
    "type": "LineString",
    "coordinates": [
     [
      127.046312175,
      37.689562124999995
     ],
     [
      127.0553117,
      37.6778692
     ]
    ]
   }
  },
  {
   "type": "Feature",
   "properties": {
    "origin": "Jongno-gu",
    "hub": "Jongno 3(sam)-ga"
   },
   "geometry": {
    "type": "LineString",
    "coordinates": [
     [
      126.96783339999999,
      37.52914435
     ],
     [
      126.97362305,
      37.5226395
     ]
    ]
   }
  },
  {
   "type": "Feature",
   "properties": {
    "origin": "Jongno-gu",
    "hub": "Jongno 3(sam)-ga"
   },
   "geometry": {
    "type": "LineString",
    "coordinates": [
     [
      126.78272705,
      37.484111150000004
     ],
     [
      126.75233173333334,
      37.487693199999995
     ]
    ]
   }
  },
  {
   "type": "Feature",
   "properties": {
    "origin": "Jongno-gu",
    "hub": "Jongno 3(sam)-ga"
   },
   "geometry": {
    "type": "LineString",
    "coordinates": [
     [
      127.13607164999999,
      36.801399849999996
     ],
     [
      127.12136459999999,
      36.79375185
     ]
    ]
   }
  },
  {
   "type": "Feature",
   "properties": {
    "origin": "Jongno-gu",
    "hub": "Jongno 3(sam)-ga"
   },
   "geometry": {
    "type": "LineString",
    "coordinates": [
     [
      127.0436639,
      37.555725300000006
     ],
     [
      127.04739810000001,
      37.54723575
     ]
    ]
   }
  },
  {
   "type": "Feature",
   "properties": {
    "origin": "Jongno-gu",
    "hub": "Jongno 3(sam)-ga"
   },
   "geometry": {
    "type": "LineString",
    "coordinates": [
     [
      126.90512775,
      37.522699349999996
     ],
     [
      126.89641230000001,
      37.524029799999994
     ]
    ]
   }
  },
  {
   "type": "Feature",
   "properties": {
    "origin": "Jongno-gu",
    "hub": "Jongno 3(sam)-ga"
   },
   "geometry": {
    "type": "LineString",
    "coordinates": [
     [
      127.0105499,
      37.5548296
     ],
     [
      127.0158595,
      37.5480153
     ]
    ]
   }
  },
  {
   "type": "Feature",
   "properties": {
    "origin": "Jongno-gu",
    "hub": "Jongno 3(sam)-ga"
   },
   "geometry": {
    "type": "LineString",
    "coordinates": [
     [
      127.0116271,
      37.5081687
     ],
     [
      127.02148299999999,
      37.511113550000005
     ]
    ]
   }
  },
  {
   "type": "Feature",
   "properties": {
    "origin": "Jongno-gu",
    "hub": "Jongno 3(sam)-ga"
   },
   "geometry": {
    "type": "LineString",
    "coordinates": [
     [
      126.7537146,
      37.4876311
     ],
     [
      126.724560725,
      37.489460875000006
     ]
    ]
   }
  },
  {
   "type": "Feature",
   "properties": {
    "origin": "Jongno-gu",
    "hub": "Jongno 3(sam)-ga"
   },
   "geometry": {
    "type": "LineString",
    "coordinates": [
     [
      126.94807167500001,
      37.320376
     ],
     [
      126.97134670000001,
      37.30031830000001
     ]
    ]
   }
  },
  {
   "type": "Feature",
   "properties": {
    "origin": "Jongno-gu",
    "hub": "Jongno 3(sam)-ga"
   },
   "geometry": {
    "type": "LineString",
    "coordinates": [
     [
      126.80143015,
      37.562032125
     ],
     [
      126.80816335,
      37.57285495
     ]
    ]
   }
  },
  {
   "type": "Feature",
   "properties": {
    "origin": "Jongno-gu",
    "hub": "Jongno 3(sam)-ga"
   },
   "geometry": {
    "type": "LineString",
    "coordinates": [
     [
      127.05647575,
      37.6105524
     ],
     [
      127.06576275,
      37.6148967
     ]
    ]
   }
  },
  {
   "type": "Feature",
   "properties": {
    "origin": "Jongno-gu",
    "hub": "Jongno 3(sam)-ga"
   },
   "geometry": {
    "type": "LineString",
    "coordinates": [
     [
      127.1113607,
      37.394543375
     ],
     [
      127.10841984999999,
      37.3673687
     ]
    ]
   }
  },
  {
   "type": "Feature",
   "properties": {
    "origin": "Jongno-gu",
    "hub": "Jongno 3(sam)-ga"
   },
   "geometry": {
    "type": "LineString",
    "coordinates": [
     [
      127.02571385,
      37.63797905
     ],
     [
      127.03457474999999,
      37.648415549999996
     ]
    ]
   }
  },
  {
   "type": "Feature",
   "properties": {
    "origin": "Jongno-gu",
    "hub": "Jongno 3(sam)-ga"
   },
   "geometry": {
    "type": "LineString",
    "coordinates": [
     [
      127.09472075,
      37.32251575
     ],
     [
      127.08028205,
      37.31343235
     ]
    ]
   }
  },
  {
   "type": "Feature",
   "properties": {
    "origin": "Jongno-gu",
    "hub": "Jongno 3(sam)-ga"
   },
   "geometry": {
    "type": "LineString",
    "coordinates": [
     [
      126.9228008,
      37.6060541
     ],
     [
      126.9155872,
      37.5986062
     ]
    ]
   }
  },
  {
   "type": "Feature",
   "properties": {
    "origin": "Jongno-gu",
    "hub": "Jongno 3(sam)-ga"
   },
   "geometry": {
    "type": "LineString",
    "coordinates": [
     [
      126.89401819999999,
      37.45556295
     ],
     [
      126.92304295,
      37.40144905
     ]
    ]
   }
  },
  {
   "type": "Feature",
   "properties": {
    "origin": "Jongno-gu",
    "hub": "Jongno 3(sam)-ga"
   },
   "geometry": {
    "type": "LineString",
    "coordinates": [
     [
      126.72095709999999,
      37.5074886
     ],
     [
      126.70367825,
      37.50858455
     ]
    ]
   }
  },
  {
   "type": "Feature",
   "properties": {
    "origin": "Jongno-gu",
    "hub": "Jongno 3(sam)-ga"
   },
   "geometry": {
    "type": "LineString",
    "coordinates": [
     [
      126.85431915000001,
      37.4794557
     ],
     [
      126.8677667,
      37.476040999999995
     ]
    ]
   }
  },
  {
   "type": "Feature",
   "properties": {
    "origin": "Jongno-gu",
    "hub": "Jongno 3(sam)-ga"
   },
   "geometry": {
    "type": "LineString",
    "coordinates": [
     [
      127.02148299999999,
      37.511113550000005
     ],
     [
      127.0307414,
      37.51395335
     ]
    ]
   }
  },
  {
   "type": "Feature",
   "properties": {
    "origin": "Jongno-gu",
    "hub": "Jongno 3(sam)-ga"
   },
   "geometry": {
    "type": "LineString",
    "coordinates": [
     [
      126.98621109999999,
      37.5768519
     ],
     [
      126.973578,
      37.57582
     ]
    ]
   }
  },
  {
   "type": "Feature",
   "properties": {
    "origin": "Jongno-gu",
    "hub": "Jongno 3(sam)-ga"
   },
   "geometry": {
    "type": "LineString",
    "coordinates": [
     [
      127.03831555,
      37.47013565
     ],
     [
      127.05454165,
      37.4483655
     ]
    ]
   }
  },
  {
   "type": "Feature",
   "properties": {
    "origin": "Jongno-gu",
    "hub": "Jongno 3(sam)-ga"
   },
   "geometry": {
    "type": "LineString",
    "coordinates": [
     [
      126.98153045000001,
      37.4769541
     ],
     [
      126.9885185,
      37.4650423
     ]
    ]
   }
  },
  {
   "type": "Feature",
   "properties": {
    "origin": "Jongno-gu",
    "hub": "Jongno 3(sam)-ga"
   },
   "geometry": {
    "type": "LineString",
    "coordinates": [
     [
      126.96368195,
      37.5593423
     ],
     [
      126.95613365,
      37.55742545
     ]
    ]
   }
  },
  {
   "type": "Feature",
   "properties": {
    "origin": "Jongno-gu",
    "hub": "Jongno 3(sam)-ga"
   },
   "geometry": {
    "type": "LineString",
    "coordinates": [
     [
      127.0066367,
      37.548266
     ],
     [
      127.00173749999999,
      37.5398225
     ]
    ]
   }
  },
  {
   "type": "Feature",
   "properties": {
    "origin": "Jongno-gu",
    "hub": "Jongno 3(sam)-ga"
   },
   "geometry": {
    "type": "LineString",
    "coordinates": [
     [
      127.0448934,
      37.580095799999995
     ],
     [
      127.05752925,
      37.589549649999995
     ]
    ]
   }
  },
  {
   "type": "Feature",
   "properties": {
    "origin": "Jongno-gu",
    "hub": "Jongno 3(sam)-ga"
   },
   "geometry": {
    "type": "LineString",
    "coordinates": [
     [
      127.0381884,
      37.573983150000004
     ],
     [
      127.04707995000001,
      37.56974155
     ]
    ]
   }
  },
  {
   "type": "Feature",
   "properties": {
    "origin": "Jongno-gu",
    "hub": "Jongno 3(sam)-ga"
   },
   "geometry": {
    "type": "LineString",
    "coordinates": [
     [
      127.00777154,
      37.56494996
     ],
     [
      127.01376707499999,
      37.56028295
     ]
    ]
   }
  },
  {
   "type": "Feature",
   "properties": {
    "origin": "Jongno-gu",
    "hub": "Jongno 3(sam)-ga"
   },
   "geometry": {
    "type": "LineString",
    "coordinates": [
     [
      127.1274373,
      37.549837249999996
     ],
     [
      127.13731045,
      37.55705595
     ]
    ]
   }
  },
  {
   "type": "Feature",
   "properties": {
    "origin": "Jongno-gu",
    "hub": "Jongno 3(sam)-ga"
   },
   "geometry": {
    "type": "LineString",
    "coordinates": [
     [
      126.84038305,
      37.54170345
     ],
     [
      126.8363186,
      37.54886705
     ]
    ]
   }
  },
  {
   "type": "Feature",
   "properties": {
    "origin": "Jongno-gu",
    "hub": "Jongno 3(sam)-ga"
   },
   "geometry": {
    "type": "LineString",
    "coordinates": [
     [
      126.9897244,
      37.426449
     ],
     [
      126.97694765,
      37.401366949999996
     ]
    ]
   }
  },
  {
   "type": "Feature",
   "properties": {
    "origin": "Jongno-gu",
    "hub": "Jongno 3(sam)-ga"
   },
   "geometry": {
    "type": "LineString",
    "coordinates": [
     [
      127.0601707,
      37.5141752
     ],
     [
      127.07510895,
      37.5112206
     ]
    ]
   }
  },
  {
   "type": "Feature",
   "properties": {
    "origin": "Jongno-gu",
    "hub": "Jongno 3(sam)-ga"
   },
   "geometry": {
    "type": "LineString",
    "coordinates": [
     [
      127.03600215,
      37.590341
     ],
     [
      127.0414675,
      37.6019369
     ]
    ]
   }
  },
  {
   "type": "Feature",
   "properties": {
    "origin": "Jongno-gu",
    "hub": "Jongno 3(sam)-ga"
   },
   "geometry": {
    "type": "LineString",
    "coordinates": [
     [
      126.9535754,
      37.5129714
     ],
     [
      126.96394889999999,
      37.50838225
     ]
    ]
   }
  },
  {
   "type": "Feature",
   "properties": {
    "origin": "Jongno-gu",
    "hub": "Jongno 3(sam)-ga"
   },
   "geometry": {
    "type": "LineString",
    "coordinates": [
     [
      126.8677667,
      37.476040999999995
     ],
     [
      126.88277049999999,
      37.48041845
     ]
    ]
   }
  },
  {
   "type": "Feature",
   "properties": {
    "origin": "Jongno-gu",
    "hub": "Jongno 3(sam)-ga"
   },
   "geometry": {
    "type": "LineString",
    "coordinates": [
     [
      127.00636765,
      37.5885974
     ],
     [
      127.0164183,
      37.592633
     ]
    ]
   }
  },
  {
   "type": "Feature",
   "properties": {
    "origin": "Jongno-gu",
    "hub": "Jongno 3(sam)-ga"
   },
   "geometry": {
    "type": "LineString",
    "coordinates": [
     [
      126.811999475,
      37.485282874999996
     ],
     [
      126.7956839,
      37.4827762
     ]
    ]
   }
  },
  {
   "type": "Feature",
   "properties": {
    "origin": "Jongno-gu",
    "hub": "Jongno 3(sam)-ga"
   },
   "geometry": {
    "type": "LineString",
    "coordinates": [
     [
      127.1044469,
      36.7920852
     ],
     [
      127.08450145,
      36.78820815
     ]
    ]
   }
  },
  {
   "type": "Feature",
   "properties": {
    "origin": "Jongno-gu",
    "hub": "Jongno 3(sam)-ga"
   },
   "geometry": {
    "type": "LineString",
    "coordinates": [
     [
      126.97233707999999,
      37.554326859999996
     ],
     [
      126.90722555,
      37.515533616666666
     ]
    ]
   }
  },
  {
   "type": "Feature",
   "properties": {
    "origin": "Jongno-gu",
    "hub": "Jongno 3(sam)-ga"
   },
   "geometry": {
    "type": "LineString",
    "coordinates": [
     [
      127.16654776666667,
      37.5567598
     ],
     [
      127.1761181,
      37.5575379
     ]
    ]
   }
  },
  {
   "type": "Feature",
   "properties": {
    "origin": "Jongno-gu",
    "hub": "Jongno 3(sam)-ga"
   },
   "geometry": {
    "type": "LineString",
    "coordinates": [
     [
      127.00319809999999,
      36.78053885
     ],
     [
      126.9518605,
      36.7698103
     ]
    ]
   }
  },
  {
   "type": "Feature",
   "properties": {
    "origin": "Jongno-gu",
    "hub": "Jongno 3(sam)-ga"
   },
   "geometry": {
    "type": "LineString",
    "coordinates": [
     [
      126.92304295,
      37.40144905
     ],
     [
      126.948475,
      37.354190625
     ]
    ]
   }
  },
  {
   "type": "Feature",
   "properties": {
    "origin": "Jongno-gu",
    "hub": "Jongno 3(sam)-ga"
   },
   "geometry": {
    "type": "LineString",
    "coordinates": [
     [
      127.10889420000001,
      37.3499872
     ],
     [
      127.10280965,
      37.337877399999996
     ]
    ]
   }
  },
  {
   "type": "Feature",
   "properties": {
    "origin": "Jongno-gu",
    "hub": "Jongno 3(sam)-ga"
   },
   "geometry": {
    "type": "LineString",
    "coordinates": [
     [
      127.05886565,
      37.632992
     ],
     [
      127.05139825,
      37.6446067
     ]
    ]
   }
  },
  {
   "type": "Feature",
   "properties": {
    "origin": "Jongno-gu",
    "hub": "Jongno 3(sam)-ga"
   },
   "geometry": {
    "type": "LineString",
    "coordinates": [
     [
      126.9459774,
      37.5396233
     ],
     [
      126.93252955,
      37.52685165
     ]
    ]
   }
  },
  {
   "type": "Feature",
   "properties": {
    "origin": "Jongno-gu",
    "hub": "Jongno 3(sam)-ga"
   },
   "geometry": {
    "type": "LineString",
    "coordinates": [
     [
      126.90267904999999,
      37.534194199999995
     ],
     [
      126.87543819999999,
      37.5470354
     ]
    ]
   }
  },
  {
   "type": "Feature",
   "properties": {
    "origin": "Jongno-gu",
    "hub": "Jongno 3(sam)-ga"
   },
   "geometry": {
    "type": "LineString",
    "coordinates": [
     [
      127.010226875,
      37.571269725
     ],
     [
      127.0171379,
      37.573444800000004
     ]
    ]
   }
  },
  {
   "type": "Feature",
   "properties": {
    "origin": "Jongno-gu",
    "hub": "Jongno 3(sam)-ga"
   },
   "geometry": {
    "type": "LineString",
    "coordinates": [
     [
      127.010226875,
      37.571269725
     ],
     [
      127.00195554999999,
      37.58214475
     ]
    ]
   }
  },
  {
   "type": "Feature",
   "properties": {
    "origin": "Jongno-gu",
    "hub": "Jongno 3(sam)-ga"
   },
   "geometry": {
    "type": "LineString",
    "coordinates": [
     [
      127.0632186,
      37.4944502
     ],
     [
      127.0699125,
      37.4964802
     ]
    ]
   }
  },
  {
   "type": "Feature",
   "properties": {
    "origin": "Jongno-gu",
    "hub": "Jongno 3(sam)-ga"
   },
   "geometry": {
    "type": "LineString",
    "coordinates": [
     [
      126.97233707999999,
      37.554326859999996
     ],
     [
      126.97194730000001,
      37.54513985
     ]
    ]
   }
  },
  {
   "type": "Feature",
   "properties": {
    "origin": "Jongno-gu",
    "hub": "Jongno 3(sam)-ga"
   },
   "geometry": {
    "type": "LineString",
    "coordinates": [
     [
      127.06730005,
      37.601798450000004
     ],
     [
      127.06572985,
      37.61498645
     ]
    ]
   }
  },
  {
   "type": "Feature",
   "properties": {
    "origin": "Jongno-gu",
    "hub": "Jongno 3(sam)-ga"
   },
   "geometry": {
    "type": "LineString",
    "coordinates": [
     [
      127.0174475,
      37.5416892
     ],
     [
      127.0285102,
      37.5261326
     ]
    ]
   }
  },
  {
   "type": "Feature",
   "properties": {
    "origin": "Jongno-gu",
    "hub": "Jongno 3(sam)-ga"
   },
   "geometry": {
    "type": "LineString",
    "coordinates": [
     [
      127.1038398,
      37.52067075
     ],
     [
      127.1002885,
      37.513304899999994
     ]
    ]
   }
  },
  {
   "type": "Feature",
   "properties": {
    "origin": "Jongno-gu",
    "hub": "Jongno 3(sam)-ga"
   },
   "geometry": {
    "type": "LineString",
    "coordinates": [
     [
      126.8666104,
      37.30282205
     ],
     [
      126.85362459999999,
      37.3097262
     ]
    ]
   }
  },
  {
   "type": "Feature",
   "properties": {
    "origin": "Jongno-gu",
    "hub": "Jongno 3(sam)-ga"
   },
   "geometry": {
    "type": "LineString",
    "coordinates": [
     [
      127.12672925,
      37.47090125
     ],
     [
      127.13923265,
      37.46276445
     ]
    ]
   }
  },
  {
   "type": "Feature",
   "properties": {
    "origin": "Jongno-gu",
    "hub": "Jongno 3(sam)-ga"
   },
   "geometry": {
    "type": "LineString",
    "coordinates": [
     [
      127.0488204,
      37.6534371
     ],
     [
      127.06344135,
      37.65635735
     ]
    ]
   }
  },
  {
   "type": "Feature",
   "properties": {
    "origin": "Jongno-gu",
    "hub": "Jongno 3(sam)-ga"
   },
   "geometry": {
    "type": "LineString",
    "coordinates": [
     [
      126.7777566,
      37.652009899999996
     ],
     [
      126.773255,
      37.6597292
     ]
    ]
   }
  },
  {
   "type": "Feature",
   "properties": {
    "origin": "Jongno-gu",
    "hub": "Jongno 3(sam)-ga"
   },
   "geometry": {
    "type": "LineString",
    "coordinates": [
     [
      126.86451070000001,
      37.5261224
     ],
     [
      126.85594660000001,
      37.52504475
     ]
    ]
   }
  },
  {
   "type": "Feature",
   "properties": {
    "origin": "Jongno-gu",
    "hub": "Jongno 3(sam)-ga"
   },
   "geometry": {
    "type": "LineString",
    "coordinates": [
     [
      126.7430016,
      37.3517846
     ],
     [
      126.73850095,
      37.36194795
     ]
    ]
   }
  },
  {
   "type": "Feature",
   "properties": {
    "origin": "Jongno-gu",
    "hub": "Jongno 3(sam)-ga"
   },
   "geometry": {
    "type": "LineString",
    "coordinates": [
     [
      127.13923265,
      37.46276445
     ],
     [
      127.1499094,
      37.4568683
     ]
    ]
   }
  },
  {
   "type": "Feature",
   "properties": {
    "origin": "Jongno-gu",
    "hub": "Jongno 3(sam)-ga"
   },
   "geometry": {
    "type": "LineString",
    "coordinates": [
     [
      126.95670185,
      37.553438549999996
     ],
     [
      126.951171975,
      37.543658125
     ]
    ]
   }
  },
  {
   "type": "Feature",
   "properties": {
    "origin": "Jongno-gu",
    "hub": "Jongno 3(sam)-ga"
   },
   "geometry": {
    "type": "LineString",
    "coordinates": [
     [
      127.00173749999999,
      37.5398225
     ],
     [
      126.9943796,
      37.5345035
     ]
    ]
   }
  },
  {
   "type": "Feature",
   "properties": {
    "origin": "Jongno-gu",
    "hub": "Jongno 3(sam)-ga"
   },
   "geometry": {
    "type": "LineString",
    "coordinates": [
     [
      127.1476359,
      37.44099535
     ],
     [
      127.1406795,
      37.437440949999996
     ]
    ]
   }
  },
  {
   "type": "Feature",
   "properties": {
    "origin": "Jongno-gu",
    "hub": "Jongno 3(sam)-ga"
   },
   "geometry": {
    "type": "LineString",
    "coordinates": [
     [
      127.0469569,
      37.4870818
     ],
     [
      127.05547115,
      37.490908399999995
     ]
    ]
   }
  },
  {
   "type": "Feature",
   "properties": {
    "origin": "Jongno-gu",
    "hub": "Jongno 3(sam)-ga"
   },
   "geometry": {
    "type": "LineString",
    "coordinates": [
     [
      126.78796255,
      37.6430864
     ],
     [
      126.7777566,
      37.652009899999996
     ]
    ]
   }
  },
  {
   "type": "Feature",
   "properties": {
    "origin": "Jongno-gu",
    "hub": "Jongno 3(sam)-ga"
   },
   "geometry": {
    "type": "LineString",
    "coordinates": [
     [
      127.03009940000001,
      37.61316885
     ],
     [
      127.02611,
      37.626536849999994
     ]
    ]
   }
  },
  {
   "type": "Feature",
   "properties": {
    "origin": "Jongno-gu",
    "hub": "Jongno 3(sam)-ga"
   },
   "geometry": {
    "type": "LineString",
    "coordinates": [
     [
      126.8384926,
      37.31602785
     ],
     [
      126.80592225000001,
      37.3207102
     ]
    ]
   }
  },
  {
   "type": "Feature",
   "properties": {
    "origin": "Jongno-gu",
    "hub": "Jongno 3(sam)-ga"
   },
   "geometry": {
    "type": "LineString",
    "coordinates": [
     [
      127.12604145,
      37.5086316
     ],
     [
      127.128077625,
      37.5021865
     ]
    ]
   }
  },
  {
   "type": "Feature",
   "properties": {
    "origin": "Jongno-gu",
    "hub": "Jongno 3(sam)-ga"
   },
   "geometry": {
    "type": "LineString",
    "coordinates": [
     [
      127.11792632500001,
      37.492728225
     ],
     [
      127.1225077,
      37.4858574
     ]
    ]
   }
  },
  {
   "type": "Feature",
   "properties": {
    "origin": "Jongno-gu",
    "hub": "Jongno 3(sam)-ga"
   },
   "geometry": {
    "type": "LineString",
    "coordinates": [
     [
      126.87543819999999,
      37.5470354
     ],
     [
      126.855077,
      37.5611624
     ]
    ]
   }
  },
  {
   "type": "Feature",
   "properties": {
    "origin": "Jongno-gu",
    "hub": "Jongno 3(sam)-ga"
   },
   "geometry": {
    "type": "LineString",
    "coordinates": [
     [
      126.788700425,
      37.327088575000005
     ],
     [
      126.7430016,
      37.3517846
     ]
    ]
   }
  },
  {
   "type": "Feature",
   "properties": {
    "origin": "Jongno-gu",
    "hub": "Jongno 3(sam)-ga"
   },
   "geometry": {
    "type": "LineString",
    "coordinates": [
     [
      127.12332384999999,
      37.538330724999994
     ],
     [
      127.1274373,
      37.549837249999996
     ]
    ]
   }
  },
  {
   "type": "Feature",
   "properties": {
    "origin": "Jongno-gu",
    "hub": "Jongno 3(sam)-ga"
   },
   "geometry": {
    "type": "LineString",
    "coordinates": [
     [
      127.0331232,
      37.206827425
     ],
     [
      127.04343015,
      37.18718805
     ]
    ]
   }
  },
  {
   "type": "Feature",
   "properties": {
    "origin": "Jongno-gu",
    "hub": "Jongno 3(sam)-ga"
   },
   "geometry": {
    "type": "LineString",
    "coordinates": [
     [
      126.99683205,
      37.433065299999996
     ],
     [
      126.9897244,
      37.426449
     ]
    ]
   }
  },
  {
   "type": "Feature",
   "properties": {
    "origin": "Jongno-gu",
    "hub": "Jongno 3(sam)-ga"
   },
   "geometry": {
    "type": "LineString",
    "coordinates": [
     [
      126.973423125,
      37.53502835
     ],
     [
      126.98651129999999,
      37.53475175
     ]
    ]
   }
  },
  {
   "type": "Feature",
   "properties": {
    "origin": "Jongno-gu",
    "hub": "Jongno 3(sam)-ga"
   },
   "geometry": {
    "type": "LineString",
    "coordinates": [
     [
      127.04707995000001,
      37.56974155
     ],
     [
      127.0508526,
      37.562121399999995
     ]
    ]
   }
  },
  {
   "type": "Feature",
   "properties": {
    "origin": "Jongno-gu",
    "hub": "Jongno 3(sam)-ga"
   },
   "geometry": {
    "type": "LineString",
    "coordinates": [
     [
      127.0698874,
      37.4965268
     ],
     [
      127.0795709,
      37.493673
     ]
    ]
   }
  },
  {
   "type": "Feature",
   "properties": {
    "origin": "Jongno-gu",
    "hub": "Jongno 3(sam)-ga"
   },
   "geometry": {
    "type": "LineString",
    "coordinates": [
     [
      126.98317564999999,
      37.57016135
     ],
     [
      126.97613145,
      37.564515325
     ]
    ]
   }
  },
  {
   "type": "Feature",
   "properties": {
    "origin": "Jongno-gu",
    "hub": "Jongno 3(sam)-ga"
   },
   "geometry": {
    "type": "LineString",
    "coordinates": [
     [
      127.00210535,
      37.451572299999995
     ],
     [
      127.00789135,
      37.4438108
     ]
    ]
   }
  },
  {
   "type": "Feature",
   "properties": {
    "origin": "Jongno-gu",
    "hub": "Jongno 3(sam)-ga"
   },
   "geometry": {
    "type": "LineString",
    "coordinates": [
     [
      127.05547115,
      37.490908399999995
     ],
     [
      127.0631799,
      37.494503
     ]
    ]
   }
  },
  {
   "type": "Feature",
   "properties": {
    "origin": "Jongno-gu",
    "hub": "Jongno 3(sam)-ga"
   },
   "geometry": {
    "type": "LineString",
    "coordinates": [
     [
      127.1113607,
      37.394543375
     ],
     [
      127.12760195,
      37.3946471
     ]
    ]
   }
  },
  {
   "type": "Feature",
   "properties": {
    "origin": "Jongno-gu",
    "hub": "Jongno 3(sam)-ga"
   },
   "geometry": {
    "type": "LineString",
    "coordinates": [
     [
      127.02494235,
      37.575267100000005
     ],
     [
      127.03472819999999,
      37.57828585
     ]
    ]
   }
  },
  {
   "type": "Feature",
   "properties": {
    "origin": "Jongno-gu",
    "hub": "Jongno 3(sam)-ga"
   },
   "geometry": {
    "type": "LineString",
    "coordinates": [
     [
      126.90722555,
      37.515533616666666
     ],
     [
      126.89151790000001,
      37.509030114285714
     ]
    ]
   }
  },
  {
   "type": "Feature",
   "properties": {
    "origin": "Jongno-gu",
    "hub": "Jongno 3(sam)-ga"
   },
   "geometry": {
    "type": "LineString",
    "coordinates": [
     [
      127.0845082,
      37.56628955
     ],
     [
      127.08650785,
      37.573884050000004
     ]
    ]
   }
  },
  {
   "type": "Feature",
   "properties": {
    "origin": "Jongno-gu",
    "hub": "Jongno 3(sam)-ga"
   },
   "geometry": {
    "type": "LineString",
    "coordinates": [
     [
      126.77621479999999,
      37.50304175
     ],
     [
      126.76317800000001,
      37.5047652
     ]
    ]
   }
  },
  {
   "type": "Feature",
   "properties": {
    "origin": "Jongno-gu",
    "hub": "Jongno 3(sam)-ga"
   },
   "geometry": {
    "type": "LineString",
    "coordinates": [
     [
      126.94807167500001,
      37.320376
     ],
     [
      126.9697911,
      37.3003187
     ]
    ]
   }
  },
  {
   "type": "Feature",
   "properties": {
    "origin": "Jongno-gu",
    "hub": "Jongno 3(sam)-ga"
   },
   "geometry": {
    "type": "LineString",
    "coordinates": [
     [
      127.2532829,
      37.39889945
     ],
     [
      127.29996225,
      37.373357299999995
     ]
    ]
   }
  },
  {
   "type": "Feature",
   "properties": {
    "origin": "Jongno-gu",
    "hub": "Jongno 3(sam)-ga"
   },
   "geometry": {
    "type": "LineString",
    "coordinates": [
     [
      126.9188368,
      37.6368601
     ],
     [
      126.91374195,
      37.64814335
     ]
    ]
   }
  },
  {
   "type": "Feature",
   "properties": {
    "origin": "Jongno-gu",
    "hub": "Jongno 3(sam)-ga"
   },
   "geometry": {
    "type": "LineString",
    "coordinates": [
     [
      127.11266905,
      37.5175106
     ],
     [
      127.10352075,
      37.514297799999994
     ]
    ]
   }
  },
  {
   "type": "Feature",
   "properties": {
    "origin": "Jongno-gu",
    "hub": "Jongno 3(sam)-ga"
   },
   "geometry": {
    "type": "LineString",
    "coordinates": [
     [
      126.773255,
      37.6597292
     ],
     [
      126.76123989999999,
      37.670143249999995
     ]
    ]
   }
  },
  {
   "type": "Feature",
   "properties": {
    "origin": "Jongno-gu",
    "hub": "Jongno 3(sam)-ga"
   },
   "geometry": {
    "type": "LineString",
    "coordinates": [
     [
      127.05581495,
      37.89235135
     ],
     [
      127.0564914,
      37.9008562
     ]
    ]
   }
  },
  {
   "type": "Feature",
   "properties": {
    "origin": "Jongno-gu",
    "hub": "Jongno 3(sam)-ga"
   },
   "geometry": {
    "type": "LineString",
    "coordinates": [
     [
      127.0429062,
      37.566101599999996
     ],
     [
      127.0526772,
      37.56682395
     ]
    ]
   }
  },
  {
   "type": "Feature",
   "properties": {
    "origin": "Jongno-gu",
    "hub": "Jongno 3(sam)-ga"
   },
   "geometry": {
    "type": "LineString",
    "coordinates": [
     [
      127.0692152,
      37.540422050000004
     ],
     [
      127.0861764,
      37.5371514
     ]
    ]
   }
  },
  {
   "type": "Feature",
   "properties": {
    "origin": "Jongno-gu",
    "hub": "Jongno 3(sam)-ga"
   },
   "geometry": {
    "type": "LineString",
    "coordinates": [
     [
      126.96355224999999,
      37.4770473
     ],
     [
      126.9527503,
      37.48120715
     ]
    ]
   }
  },
  {
   "type": "Feature",
   "properties": {
    "origin": "Jongno-gu",
    "hub": "Jongno 3(sam)-ga"
   },
   "geometry": {
    "type": "LineString",
    "coordinates": [
     [
      126.97233707999999,
      37.554326859999996
     ],
     [
      126.9713321,
      37.540552000000005
     ]
    ]
   }
  },
  {
   "type": "Feature",
   "properties": {
    "origin": "Jongno-gu",
    "hub": "Jongno 3(sam)-ga"
   },
   "geometry": {
    "type": "LineString",
    "coordinates": [
     [
      126.9503083,
      37.5823147
     ],
     [
      126.944199,
      37.588674
     ]
    ]
   }
  },
  {
   "type": "Feature",
   "properties": {
    "origin": "Jongno-gu",
    "hub": "Jongno 3(sam)-ga"
   },
   "geometry": {
    "type": "LineString",
    "coordinates": [
     [
      126.94158883333331,
      37.513936916666665
     ],
     [
      126.9260986,
      37.51338783333333
     ]
    ]
   }
  },
  {
   "type": "Feature",
   "properties": {
    "origin": "Jongno-gu",
    "hub": "Jongno 3(sam)-ga"
   },
   "geometry": {
    "type": "LineString",
    "coordinates": [
     [
      127.06344135,
      37.65635735
     ],
     [
      127.0734209,
      37.66069845
     ]
    ]
   }
  },
  {
   "type": "Feature",
   "properties": {
    "origin": "Jongno-gu",
    "hub": "Jongno 3(sam)-ga"
   },
   "geometry": {
    "type": "LineString",
    "coordinates": [
     [
      127.034487975,
      37.484172900000004
     ],
     [
      127.0469569,
      37.4870818
     ]
    ]
   }
  },
  {
   "type": "Feature",
   "properties": {
    "origin": "Jongno-gu",
    "hub": "Jongno 3(sam)-ga"
   },
   "geometry": {
    "type": "LineString",
    "coordinates": [
     [
      126.97694765,
      37.401366949999996
     ],
     [
      126.9638778,
      37.39428915
     ]
    ]
   }
  },
  {
   "type": "Feature",
   "properties": {
    "origin": "Jongno-gu",
    "hub": "Jongno 3(sam)-ga"
   },
   "geometry": {
    "type": "LineString",
    "coordinates": [
     [
      127.0565601,
      37.9025991
     ],
     [
      127.0572249,
      37.914117950000005
     ]
    ]
   }
  },
  {
   "type": "Feature",
   "properties": {
    "origin": "Jongno-gu",
    "hub": "Jongno 3(sam)-ga"
   },
   "geometry": {
    "type": "LineString",
    "coordinates": [
     [
      127.04479986666668,
      37.77416003333334
     ],
     [
      127.0567015,
      37.8187667
     ]
    ]
   }
  },
  {
   "type": "Feature",
   "properties": {
    "origin": "Jongno-gu",
    "hub": "Jongno 3(sam)-ga"
   },
   "geometry": {
    "type": "LineString",
    "coordinates": [
     [
      126.8822843222222,
      37.50327466666667
     ],
     [
      126.869569775,
      37.496126725
     ]
    ]
   }
  },
  {
   "type": "Feature",
   "properties": {
    "origin": "Jongno-gu",
    "hub": "Jongno 3(sam)-ga"
   },
   "geometry": {
    "type": "LineString",
    "coordinates": [
     [
      127.0699125,
      37.4964802
     ],
     [
      127.0795056,
      37.493654
     ]
    ]
   }
  },
  {
   "type": "Feature",
   "properties": {
    "origin": "Jongno-gu",
    "hub": "Jongno 3(sam)-ga"
   },
   "geometry": {
    "type": "LineString",
    "coordinates": [
     [
      126.973423125,
      37.53502835
     ],
     [
      126.96137709999999,
      37.53932435
     ]
    ]
   }
  },
  {
   "type": "Feature",
   "properties": {
    "origin": "Jongno-gu",
    "hub": "Jongno 3(sam)-ga"
   },
   "geometry": {
    "type": "LineString",
    "coordinates": [
     [
      127.40524690000001,
      37.3156678
     ],
     [
      127.44218375,
      37.264238899999995
     ]
    ]
   }
  },
  {
   "type": "Feature",
   "properties": {
    "origin": "Jongno-gu",
    "hub": "Jongno 3(sam)-ga"
   },
   "geometry": {
    "type": "LineString",
    "coordinates": [
     [
      126.9578197,
      37.574513
     ],
     [
      126.9503083,
      37.5823147
     ]
    ]
   }
  },
  {
   "type": "Feature",
   "properties": {
    "origin": "Jongno-gu",
    "hub": "Jongno 3(sam)-ga"
   },
   "geometry": {
    "type": "LineString",
    "coordinates": [
     [
      127.0246599,
      37.504134840000006
     ],
     [
      127.027783275,
      37.497521625000005
     ]
    ]
   }
  },
  {
   "type": "Feature",
   "properties": {
    "origin": "Jongno-gu",
    "hub": "Jongno 3(sam)-ga"
   },
   "geometry": {
    "type": "LineString",
    "coordinates": [
     [
      126.8822843222222,
      37.50327466666667
     ],
     [
      126.88259225,
      37.481642550000004
     ]
    ]
   }
  },
  {
   "type": "Feature",
   "properties": {
    "origin": "Jongno-gu",
    "hub": "Jongno 3(sam)-ga"
   },
   "geometry": {
    "type": "LineString",
    "coordinates": [
     [
      126.99810195,
      37.56693335
     ],
     [
      127.00777154,
      37.56494996
     ]
    ]
   }
  },
  {
   "type": "Feature",
   "properties": {
    "origin": "Jongno-gu",
    "hub": "Jongno 3(sam)-ga"
   },
   "geometry": {
    "type": "LineString",
    "coordinates": [
     [
      127.1761181,
      37.5575379
     ],
     [
      127.1927747,
      37.5630584
     ]
    ]
   }
  },
  {
   "type": "Feature",
   "properties": {
    "origin": "Jongno-gu",
    "hub": "Jongno 3(sam)-ga"
   },
   "geometry": {
    "type": "LineString",
    "coordinates": [
     [
      127.0666711,
      37.1448264
     ],
     [
      127.05288045,
      37.05648574999999
     ]
    ]
   }
  },
  {
   "type": "Feature",
   "properties": {
    "origin": "Jongno-gu",
    "hub": "Jongno 3(sam)-ga"
   },
   "geometry": {
    "type": "LineString",
    "coordinates": [
     [
      127.1268624,
      36.91622415
     ],
     [
      127.14381025,
      36.87095285
     ]
    ]
   }
  },
  {
   "type": "Feature",
   "properties": {
    "origin": "Jongno-gu",
    "hub": "Jongno 3(sam)-ga"
   },
   "geometry": {
    "type": "LineString",
    "coordinates": [
     [
      127.0246599,
      37.504134840000006
     ],
     [
      127.03387465,
      37.507321000000005
     ]
    ]
   }
  },
  {
   "type": "Feature",
   "properties": {
    "origin": "Jongno-gu",
    "hub": "Jongno 3(sam)-ga"
   },
   "geometry": {
    "type": "LineString",
    "coordinates": [
     [
      127.06928805,
      37.29742885
     ],
     [
      127.0515173,
      37.2885603
     ]
    ]
   }
  },
  {
   "type": "Feature",
   "properties": {
    "origin": "Jongno-gu",
    "hub": "Jongno 3(sam)-ga"
   },
   "geometry": {
    "type": "LineString",
    "coordinates": [
     [
      126.82772320000001,
      37.566714149999996
     ],
     [
      126.8170125,
      37.56748705
     ]
    ]
   }
  },
  {
   "type": "Feature",
   "properties": {
    "origin": "Jongno-gu",
    "hub": "Jongno 3(sam)-ga"
   },
   "geometry": {
    "type": "LineString",
    "coordinates": [
     [
      127.01619545,
      37.5664047
     ],
     [
      127.01568155000001,
      37.5723877
     ]
    ]
   }
  },
  {
   "type": "Feature",
   "properties": {
    "origin": "Jongno-gu",
    "hub": "Jongno 3(sam)-ga"
   },
   "geometry": {
    "type": "LineString",
    "coordinates": [
     [
      127.1362466,
      37.527798950000005
     ],
     [
      127.130605875,
      37.516118175
     ]
    ]
   }
  },
  {
   "type": "Feature",
   "properties": {
    "origin": "Jongno-gu",
    "hub": "Jongno 3(sam)-ga"
   },
   "geometry": {
    "type": "LineString",
    "coordinates": [
     [
      127.12760195,
      37.3946471
     ],
     [
      127.2034043,
      37.4086408
     ]
    ]
   }
  },
  {
   "type": "Feature",
   "properties": {
    "origin": "Jongno-gu",
    "hub": "Jongno 3(sam)-ga"
   },
   "geometry": {
    "type": "LineString",
    "coordinates": [
     [
      127.0057659,
      37.5590197
     ],
     [
      127.0105499,
      37.5548296
     ]
    ]
   }
  },
  {
   "type": "Feature",
   "properties": {
    "origin": "Jongno-gu",
    "hub": "Jongno 3(sam)-ga"
   },
   "geometry": {
    "type": "LineString",
    "coordinates": [
     [
      126.92984775,
      37.61032965
     ],
     [
      126.9228008,
      37.6060541
     ]
    ]
   }
  },
  {
   "type": "Feature",
   "properties": {
    "origin": "Jongno-gu",
    "hub": "Jongno 3(sam)-ga"
   },
   "geometry": {
    "type": "LineString",
    "coordinates": [
     [
      127.0438358,
      37.5102551
     ],
     [
      127.0601707,
      37.5141752
     ]
    ]
   }
  },
  {
   "type": "Feature",
   "properties": {
    "origin": "Jongno-gu",
    "hub": "Jongno 3(sam)-ga"
   },
   "geometry": {
    "type": "LineString",
    "coordinates": [
     [
      126.97941087499999,
      37.50293935
     ],
     [
      126.98222985000001,
      37.48702505
     ]
    ]
   }
  },
  {
   "type": "Feature",
   "properties": {
    "origin": "Jongno-gu",
    "hub": "Jongno 3(sam)-ga"
   },
   "geometry": {
    "type": "LineString",
    "coordinates": [
     [
      126.928208,
      37.49970205
     ],
     [
      126.92028895,
      37.49992125
     ]
    ]
   }
  },
  {
   "type": "Feature",
   "properties": {
    "origin": "Jongno-gu",
    "hub": "Jongno 3(sam)-ga"
   },
   "geometry": {
    "type": "LineString",
    "coordinates": [
     [
      126.89931285,
      37.570154599999995
     ],
     [
      126.90145905,
      37.57620245
     ]
    ]
   }
  },
  {
   "type": "Feature",
   "properties": {
    "origin": "Jongno-gu",
    "hub": "Jongno 3(sam)-ga"
   },
   "geometry": {
    "type": "LineString",
    "coordinates": [
     [
      127.130605875,
      37.516118175
     ],
     [
      127.12604145,
      37.5086316
     ]
    ]
   }
  },
  {
   "type": "Feature",
   "properties": {
    "origin": "Jongno-gu",
    "hub": "Jongno 3(sam)-ga"
   },
   "geometry": {
    "type": "LineString",
    "coordinates": [
     [
      126.82772320000001,
      37.566714149999996
     ],
     [
      126.80143015,
      37.562032125
     ]
    ]
   }
  },
  {
   "type": "Feature",
   "properties": {
    "origin": "Jongno-gu",
    "hub": "Jongno 3(sam)-ga"
   },
   "geometry": {
    "type": "LineString",
    "coordinates": [
     [
      127.06081169999999,
      37.9480142
     ],
     [
      127.07422505,
      37.99508315
     ]
    ]
   }
  },
  {
   "type": "Feature",
   "properties": {
    "origin": "Jongno-gu",
    "hub": "Jongno 3(sam)-ga"
   },
   "geometry": {
    "type": "LineString",
    "coordinates": [
     [
      127.0872093,
      37.5045328
     ],
     [
      127.09656525,
      37.5024372
     ]
    ]
   }
  },
  {
   "type": "Feature",
   "properties": {
    "origin": "Jongno-gu",
    "hub": "Jongno 3(sam)-ga"
   },
   "geometry": {
    "type": "LineString",
    "coordinates": [
     [
      127.0842084,
      37.48379075
     ],
     [
      127.10196395,
      37.48746015
     ]
    ]
   }
  },
  {
   "type": "Feature",
   "properties": {
    "origin": "Jongno-gu",
    "hub": "Jongno 3(sam)-ga"
   },
   "geometry": {
    "type": "LineString",
    "coordinates": [
     [
      126.97186830000001,
      37.484363450000004
     ],
     [
      126.95412005,
      37.4956457
     ]
    ]
   }
  },
  {
   "type": "Feature",
   "properties": {
    "origin": "Jongno-gu",
    "hub": "Jongno 3(sam)-ga"
   },
   "geometry": {
    "type": "LineString",
    "coordinates": [
     [
      126.92984775,
      37.61032965
     ],
     [
      126.9209102,
      37.6194877
     ]
    ]
   }
  },
  {
   "type": "Feature",
   "properties": {
    "origin": "Jongno-gu",
    "hub": "Jongno 3(sam)-ga"
   },
   "geometry": {
    "type": "LineString",
    "coordinates": [
     [
      126.9980017,
      37.56663065
     ],
     [
      127.0081378,
      37.5658484
     ]
    ]
   }
  },
  {
   "type": "Feature",
   "properties": {
    "origin": "Jongno-gu",
    "hub": "Jongno 3(sam)-ga"
   },
   "geometry": {
    "type": "LineString",
    "coordinates": [
     [
      127.128077625,
      37.5021865
     ],
     [
      127.1348279,
      37.498074
     ]
    ]
   }
  },
  {
   "type": "Feature",
   "properties": {
    "origin": "Jongno-gu",
    "hub": "Jongno 3(sam)-ga"
   },
   "geometry": {
    "type": "LineString",
    "coordinates": [
     [
      126.92028895,
      37.49992125
     ],
     [
      126.90893539999999,
      37.50012825
     ]
    ]
   }
  },
  {
   "type": "Feature",
   "properties": {
    "origin": "Jongno-gu",
    "hub": "Jongno 3(sam)-ga"
   },
   "geometry": {
    "type": "LineString",
    "coordinates": [
     [
      127.01376707499999,
      37.56028295
     ],
     [
      127.02026115000001,
      37.55442985
     ]
    ]
   }
  },
  {
   "type": "Feature",
   "properties": {
    "origin": "Jongno-gu",
    "hub": "Jongno 3(sam)-ga"
   },
   "geometry": {
    "type": "LineString",
    "coordinates": [
     [
      126.9146599,
      37.55006055
     ],
     [
      126.90267904999999,
      37.534194199999995
     ]
    ]
   }
  },
  {
   "type": "Feature",
   "properties": {
    "origin": "Jongno-gu",
    "hub": "Jongno 3(sam)-ga"
   },
   "geometry": {
    "type": "LineString",
    "coordinates": [
     [
      127.1499094,
      37.4568683
     ],
     [
      127.15982804999999,
      37.451577349999994
     ]
    ]
   }
  },
  {
   "type": "Feature",
   "properties": {
    "origin": "Jongno-gu",
    "hub": "Jongno 3(sam)-ga"
   },
   "geometry": {
    "type": "LineString",
    "coordinates": [
     [
      127.061764025,
      37.623803025
     ],
     [
      127.05886565,
      37.632992
     ]
    ]
   }
  },
  {
   "type": "Feature",
   "properties": {
    "origin": "Jongno-gu",
    "hub": "Jongno 3(sam)-ga"
   },
   "geometry": {
    "type": "LineString",
    "coordinates": [
     [
      126.94233779999999,
      37.54770605
     ],
     [
      126.9319957,
      37.5474678
     ]
    ]
   }
  },
  {
   "type": "Feature",
   "properties": {
    "origin": "Jongno-gu",
    "hub": "Jongno 3(sam)-ga"
   },
   "geometry": {
    "type": "LineString",
    "coordinates": [
     [
      126.99154498333333,
      37.57166261666667
     ],
     [
      126.98317564999999,
      37.57016135
     ]
    ]
   }
  },
  {
   "type": "Feature",
   "properties": {
    "origin": "Jongno-gu",
    "hub": "Jongno 3(sam)-ga"
   },
   "geometry": {
    "type": "LineString",
    "coordinates": [
     [
      126.80143015,
      37.562032125
     ],
     [
      126.8119978,
      37.561269949999996
     ]
    ]
   }
  },
  {
   "type": "Feature",
   "properties": {
    "origin": "Jongno-gu",
    "hub": "Jongno 3(sam)-ga"
   },
   "geometry": {
    "type": "LineString",
    "coordinates": [
     [
      126.99154498333333,
      37.57166261666667
     ],
     [
      127.0021236,
      37.5709815
     ]
    ]
   }
  },
  {
   "type": "Feature",
   "properties": {
    "origin": "Jongno-gu",
    "hub": "Jongno 3(sam)-ga"
   },
   "geometry": {
    "type": "LineString",
    "coordinates": [
     [
      127.08028205,
      37.31343235
     ],
     [
      127.06928805,
      37.29742885
     ]
    ]
   }
  },
  {
   "type": "Feature",
   "properties": {
    "origin": "Jongno-gu",
    "hub": "Jongno 3(sam)-ga"
   },
   "geometry": {
    "type": "LineString",
    "coordinates": [
     [
      126.95613365,
      37.55742545
     ],
     [
      126.94584105,
      37.55676595
     ]
    ]
   }
  },
  {
   "type": "Feature",
   "properties": {
    "origin": "Jongno-gu",
    "hub": "Jongno 3(sam)-ga"
   },
   "geometry": {
    "type": "LineString",
    "coordinates": [
     [
      127.11227210000001,
      37.49963255
     ],
     [
      127.11792632500001,
      37.492728225
     ]
    ]
   }
  },
  {
   "type": "Feature",
   "properties": {
    "origin": "Jongno-gu",
    "hub": "Jongno 3(sam)-ga"
   },
   "geometry": {
    "type": "LineString",
    "coordinates": [
     [
      127.034487975,
      37.484172900000004
     ],
     [
      127.03831555,
      37.47013565
     ]
    ]
   }
  },
  {
   "type": "Feature",
   "properties": {
    "origin": "Jongno-gu",
    "hub": "Jongno 3(sam)-ga"
   },
   "geometry": {
    "type": "LineString",
    "coordinates": [
     [
      126.97613145,
      37.564515325
     ],
     [
      126.96368195,
      37.5593423
     ]
    ]
   }
  },
  {
   "type": "Feature",
   "properties": {
    "origin": "Jongno-gu",
    "hub": "Jongno 3(sam)-ga"
   },
   "geometry": {
    "type": "LineString",
    "coordinates": [
     [
      127.07954310000001,
      37.557182225000005
     ],
     [
      127.0845082,
      37.56628955
     ]
    ]
   }
  },
  {
   "type": "Feature",
   "properties": {
    "origin": "Jongno-gu",
    "hub": "Jongno 3(sam)-ga"
   },
   "geometry": {
    "type": "LineString",
    "coordinates": [
     [
      127.11618745,
      37.6677962
     ],
     [
      127.1910807,
      37.705207650000006
     ]
    ]
   }
  },
  {
   "type": "Feature",
   "properties": {
    "origin": "Jongno-gu",
    "hub": "Jongno 3(sam)-ga"
   },
   "geometry": {
    "type": "LineString",
    "coordinates": [
     [
      126.82350482,
      37.49227992
     ],
     [
      126.8113736,
      37.506238350000004
     ]
    ]
   }
  },
  {
   "type": "Feature",
   "properties": {
    "origin": "Jongno-gu",
    "hub": "Jongno 3(sam)-ga"
   },
   "geometry": {
    "type": "LineString",
    "coordinates": [
     [
      126.83748539999999,
      37.55844505
     ],
     [
      126.82474210000001,
      37.5602483
     ]
    ]
   }
  },
  {
   "type": "Feature",
   "properties": {
    "origin": "Jongno-gu",
    "hub": "Jongno 3(sam)-ga"
   },
   "geometry": {
    "type": "LineString",
    "coordinates": [
     [
      126.99166100000001,
      37.56630906666666
     ],
     [
      126.9944059,
      37.561106433333336
     ]
    ]
   }
  },
  {
   "type": "Feature",
   "properties": {
    "origin": "Jongno-gu",
    "hub": "Jongno 3(sam)-ga"
   },
   "geometry": {
    "type": "LineString",
    "coordinates": [
     [
      127.04772775,
      37.6531714
     ],
     [
      127.04432025,
      37.6674863
     ]
    ]
   }
  },
  {
   "type": "Feature",
   "properties": {
    "origin": "Jongno-gu",
    "hub": "Jongno 3(sam)-ga"
   },
   "geometry": {
    "type": "LineString",
    "coordinates": [
     [
      126.89151790000001,
      37.509030114285714
     ],
     [
      126.89486975,
      37.51840285
     ]
    ]
   }
  },
  {
   "type": "Feature",
   "properties": {
    "origin": "Jongno-gu",
    "hub": "Jongno 3(sam)-ga"
   },
   "geometry": {
    "type": "LineString",
    "coordinates": [
     [
      127.10280965,
      37.337877399999996
     ],
     [
      127.09472075,
      37.32251575
     ]
    ]
   }
  },
  {
   "type": "Feature",
   "properties": {
    "origin": "Jongno-gu",
    "hub": "Jongno 3(sam)-ga"
   },
   "geometry": {
    "type": "LineString",
    "coordinates": [
     [
      127.13261646666666,
      37.535815533333334
     ],
     [
      127.14019295,
      37.5383463
     ]
    ]
   }
  },
  {
   "type": "Feature",
   "properties": {
    "origin": "Jongno-gu",
    "hub": "Jongno 3(sam)-ga"
   },
   "geometry": {
    "type": "LineString",
    "coordinates": [
     [
      126.89401819999999,
      37.45556295
     ],
     [
      126.902253,
      37.4353932
     ]
    ]
   }
  },
  {
   "type": "Feature",
   "properties": {
    "origin": "Jongno-gu",
    "hub": "Jongno 3(sam)-ga"
   },
   "geometry": {
    "type": "LineString",
    "coordinates": [
     [
      127.14374885000001,
      37.49335525
     ],
     [
      127.1527687,
      37.49497255
     ]
    ]
   }
  },
  {
   "type": "Feature",
   "properties": {
    "origin": "Jongno-gu",
    "hub": "Jongno 3(sam)-ga"
   },
   "geometry": {
    "type": "LineString",
    "coordinates": [
     [
      127.00488916666667,
      37.50495225
     ],
     [
      127.014221675,
      37.493417775000005
     ]
    ]
   }
  },
  {
   "type": "Feature",
   "properties": {
    "origin": "Jongno-gu",
    "hub": "Jongno 3(sam)-ga"
   },
   "geometry": {
    "type": "LineString",
    "coordinates": [
     [
      127.07422505,
      37.99508315
     ],
     [
      127.0719283,
      38.024529799999996
     ]
    ]
   }
  },
  {
   "type": "Feature",
   "properties": {
    "origin": "Jongno-gu",
    "hub": "Jongno 3(sam)-ga"
   },
   "geometry": {
    "type": "LineString",
    "coordinates": [
     [
      126.97613145,
      37.564515325
     ],
     [
      126.97233707999999,
      37.554326859999996
     ]
    ]
   }
  },
  {
   "type": "Feature",
   "properties": {
    "origin": "Jongno-gu",
    "hub": "Jongno 3(sam)-ga"
   },
   "geometry": {
    "type": "LineString",
    "coordinates": [
     [
      126.95412005,
      37.4956457
     ],
     [
      126.94767085000001,
      37.5032044
     ]
    ]
   }
  },
  {
   "type": "Feature",
   "properties": {
    "origin": "Jongno-gu",
    "hub": "Jongno 3(sam)-ga"
   },
   "geometry": {
    "type": "LineString",
    "coordinates": [
     [
      126.8737509,
      37.6505087
     ],
     [
      126.84291495,
      37.6531073
     ]
    ]
   }
  },
  {
   "type": "Feature",
   "properties": {
    "origin": "Jongno-gu",
    "hub": "Jongno 3(sam)-ga"
   },
   "geometry": {
    "type": "LineString",
    "coordinates": [
     [
      127.0293324,
      37.586299100000005
     ],
     [
      127.03600215,
      37.590341
     ]
    ]
   }
  },
  {
   "type": "Feature",
   "properties": {
    "origin": "Jongno-gu",
    "hub": "Jongno 3(sam)-ga"
   },
   "geometry": {
    "type": "LineString",
    "coordinates": [
     [
      126.73131625,
      37.50701815
     ],
     [
      126.72095709999999,
      37.5074886
     ]
    ]
   }
  },
  {
   "type": "Feature",
   "properties": {
    "origin": "Jongno-gu",
    "hub": "Jongno 3(sam)-ga"
   },
   "geometry": {
    "type": "LineString",
    "coordinates": [
     [
      127.04890495000001,
      37.5044639
     ],
     [
      127.06315430000001,
      37.50884825
     ]
    ]
   }
  },
  {
   "type": "Feature",
   "properties": {
    "origin": "Jongno-gu",
    "hub": "Jongno 3(sam)-ga"
   },
   "geometry": {
    "type": "LineString",
    "coordinates": [
     [
      127.08450145,
      36.78820815
     ],
     [
      127.0528192,
      36.77762405
     ]
    ]
   }
  },
  {
   "type": "Feature",
   "properties": {
    "origin": "Jongno-gu",
    "hub": "Jongno 3(sam)-ga"
   },
   "geometry": {
    "type": "LineString",
    "coordinates": [
     [
      127.3462797,
      37.3505042
     ],
     [
      127.40524690000001,
      37.3156678
     ]
    ]
   }
  },
  {
   "type": "Feature",
   "properties": {
    "origin": "Jongno-gu",
    "hub": "Jongno 3(sam)-ga"
   },
   "geometry": {
    "type": "LineString",
    "coordinates": [
     [
      126.97194730000001,
      37.54513985
     ],
     [
      126.973423125,
      37.53502835
     ]
    ]
   }
  },
  {
   "type": "Feature",
   "properties": {
    "origin": "Jongno-gu",
    "hub": "Jongno 3(sam)-ga"
   },
   "geometry": {
    "type": "LineString",
    "coordinates": [
     [
      127.03472819999999,
      37.57828585
     ],
     [
      127.0448934,
      37.580095799999995
     ]
    ]
   }
  },
  {
   "type": "Feature",
   "properties": {
    "origin": "Jongno-gu",
    "hub": "Jongno 3(sam)-ga"
   },
   "geometry": {
    "type": "LineString",
    "coordinates": [
     [
      127.13790955,
      37.587235899999996
     ],
     [
      127.14078645000001,
      37.602372849999995
     ]
    ]
   }
  },
  {
   "type": "Feature",
   "properties": {
    "origin": "Jongno-gu",
    "hub": "Jongno 3(sam)-ga"
   },
   "geometry": {
    "type": "LineString",
    "coordinates": [
     [
      126.9016665,
      37.48532195
     ],
     [
      126.91341105000001,
      37.487613499999995
     ]
    ]
   }
  },
  {
   "type": "Feature",
   "properties": {
    "origin": "Jongno-gu",
    "hub": "Jongno 3(sam)-ga"
   },
   "geometry": {
    "type": "LineString",
    "coordinates": [
     [
      126.7972585,
      37.5054479
     ],
     [
      126.78718219999999,
      37.5037262
     ]
    ]
   }
  },
  {
   "type": "Feature",
   "properties": {
    "origin": "Jongno-gu",
    "hub": "Jongno 3(sam)-ga"
   },
   "geometry": {
    "type": "LineString",
    "coordinates": [
     [
      127.1225077,
      37.4858574
     ],
     [
      127.1260606,
      37.478900550000006
     ]
    ]
   }
  },
  {
   "type": "Feature",
   "properties": {
    "origin": "Jongno-gu",
    "hub": "Jongno 3(sam)-ga"
   },
   "geometry": {
    "type": "LineString",
    "coordinates": [
     [
      126.94158883333331,
      37.513936916666665
     ],
     [
      126.9284217,
      37.5172956
     ]
    ]
   }
  },
  {
   "type": "Feature",
   "properties": {
    "origin": "Jongno-gu",
    "hub": "Jongno 3(sam)-ga"
   },
   "geometry": {
    "type": "LineString",
    "coordinates": [
     [
      126.92984775,
      37.61032965
     ],
     [
      126.9330576,
      37.6184519
     ]
    ]
   }
  },
  {
   "type": "Feature",
   "properties": {
    "origin": "Jongno-gu",
    "hub": "Jongno 3(sam)-ga"
   },
   "geometry": {
    "type": "LineString",
    "coordinates": [
     [
      127.09471975,
      37.53514475
     ],
     [
      127.1038398,
      37.52067075
     ]
    ]
   }
  },
  {
   "type": "Feature",
   "properties": {
    "origin": "Jongno-gu",
    "hub": "Jongno 3(sam)-ga"
   },
   "geometry": {
    "type": "LineString",
    "coordinates": [
     [
      127.06576275,
      37.6148967
     ],
     [
      127.074925275,
      37.617910925000004
     ]
    ]
   }
  },
  {
   "type": "Feature",
   "properties": {
    "origin": "Jongno-gu",
    "hub": "Jongno 3(sam)-ga"
   },
   "geometry": {
    "type": "LineString",
    "coordinates": [
     [
      126.99154498333333,
      37.57166261666667
     ],
     [
      126.97691345,
      37.57161265
     ]
    ]
   }
  },
  {
   "type": "Feature",
   "properties": {
    "origin": "Jongno-gu",
    "hub": "Jongno 3(sam)-ga"
   },
   "geometry": {
    "type": "LineString",
    "coordinates": [
     [
      126.8170125,
      37.56748705
     ],
     [
      126.8103837,
      37.56346815
     ]
    ]
   }
  },
  {
   "type": "Feature",
   "properties": {
    "origin": "Jongno-gu",
    "hub": "Jongno 3(sam)-ga"
   },
   "geometry": {
    "type": "LineString",
    "coordinates": [
     [
      127.10351095,
      37.5453002
     ],
     [
      127.12332384999999,
      37.538330724999994
     ]
    ]
   }
  },
  {
   "type": "Feature",
   "properties": {
    "origin": "Jongno-gu",
    "hub": "Jongno 3(sam)-ga"
   },
   "geometry": {
    "type": "LineString",
    "coordinates": [
     [
      127.061764025,
      37.623803025
     ],
     [
      127.04772775,
      37.6531714
     ]
    ]
   }
  },
  {
   "type": "Feature",
   "properties": {
    "origin": "Jongno-gu",
    "hub": "Jongno 3(sam)-ga"
   },
   "geometry": {
    "type": "LineString",
    "coordinates": [
     [
      126.98621109999999,
      37.5768519
     ],
     [
      126.9735668,
      37.5757585
     ]
    ]
   }
  },
  {
   "type": "Feature",
   "properties": {
    "origin": "Jongno-gu",
    "hub": "Jongno 3(sam)-ga"
   },
   "geometry": {
    "type": "LineString",
    "coordinates": [
     [
      127.00777154,
      37.56494996
     ],
     [
      127.0198127,
      37.56563195
     ]
    ]
   }
  },
  {
   "type": "Feature",
   "properties": {
    "origin": "Jongno-gu",
    "hub": "Jongno 3(sam)-ga"
   },
   "geometry": {
    "type": "LineString",
    "coordinates": [
     [
      127.12136459999999,
      36.79375185
     ],
     [
      127.1044469,
      36.7920852
     ]
    ]
   }
  },
  {
   "type": "Feature",
   "properties": {
    "origin": "Jongno-gu",
    "hub": "Jongno 3(sam)-ga"
   },
   "geometry": {
    "type": "LineString",
    "coordinates": [
     [
      127.05547115,
      37.490908399999995
     ],
     [
      127.0632186,
      37.4944502
     ]
    ]
   }
  },
  {
   "type": "Feature",
   "properties": {
    "origin": "Jongno-gu",
    "hub": "Jongno 3(sam)-ga"
   },
   "geometry": {
    "type": "LineString",
    "coordinates": [
     [
      126.855077,
      37.5611624
     ],
     [
      126.8412122,
      37.568514750000006
     ]
    ]
   }
  },
  {
   "type": "Feature",
   "properties": {
    "origin": "Jongno-gu",
    "hub": "Jongno 3(sam)-ga"
   },
   "geometry": {
    "type": "LineString",
    "coordinates": [
     [
      126.89151790000001,
      37.509030114285714
     ],
     [
      126.89498635,
      37.493286499999996
     ]
    ]
   }
  },
  {
   "type": "Feature",
   "properties": {
    "origin": "Jongno-gu",
    "hub": "Jongno 3(sam)-ga"
   },
   "geometry": {
    "type": "LineString",
    "coordinates": [
     [
      126.8446059,
      37.4943646
     ],
     [
      126.82350482,
      37.49227992
     ]
    ]
   }
  },
  {
   "type": "Feature",
   "properties": {
    "origin": "Jongno-gu",
    "hub": "Jongno 3(sam)-ga"
   },
   "geometry": {
    "type": "LineString",
    "coordinates": [
     [
      126.89498635,
      37.493286499999996
     ],
     [
      126.9016665,
      37.48532195
     ]
    ]
   }
  },
  {
   "type": "Feature",
   "properties": {
    "origin": "Jongno-gu",
    "hub": "Jongno 3(sam)-ga"
   },
   "geometry": {
    "type": "LineString",
    "coordinates": [
     [
      127.0104261,
      37.55442283333334
     ],
     [
      127.0066367,
      37.548266
     ]
    ]
   }
  },
  {
   "type": "Feature",
   "properties": {
    "origin": "Jongno-gu",
    "hub": "Jongno 3(sam)-ga"
   },
   "geometry": {
    "type": "LineString",
    "coordinates": [
     [
      127.02026115000001,
      37.55442985
     ],
     [
      127.0299623,
      37.55758135000001
     ]
    ]
   }
  },
  {
   "type": "Feature",
   "properties": {
    "origin": "Jongno-gu",
    "hub": "Jongno 3(sam)-ga"
   },
   "geometry": {
    "type": "LineString",
    "coordinates": [
     [
      126.948475,
      37.354190625
     ],
     [
      126.94835635,
      37.34334405
     ]
    ]
   }
  },
  {
   "type": "Feature",
   "properties": {
    "origin": "Jongno-gu",
    "hub": "Jongno 3(sam)-ga"
   },
   "geometry": {
    "type": "LineString",
    "coordinates": [
     [
      127.07510895,
      37.5112206
     ],
     [
      127.10697945,
      37.505189625
     ]
    ]
   }
  },
  {
   "type": "Feature",
   "properties": {
    "origin": "Jongno-gu",
    "hub": "Jongno 3(sam)-ga"
   },
   "geometry": {
    "type": "LineString",
    "coordinates": [
     [
      126.973423125,
      37.53502835
     ],
     [
      126.96783339999999,
      37.52914435
     ]
    ]
   }
  },
  {
   "type": "Feature",
   "properties": {
    "origin": "Jongno-gu",
    "hub": "Jongno 3(sam)-ga"
   },
   "geometry": {
    "type": "LineString",
    "coordinates": [
     [
      127.08565575,
      37.59584195
     ],
     [
      127.0794696,
      37.601632
     ]
    ]
   }
  },
  {
   "type": "Feature",
   "properties": {
    "origin": "Jongno-gu",
    "hub": "Jongno 3(sam)-ga"
   },
   "geometry": {
    "type": "LineString",
    "coordinates": [
     [
      126.99154498333333,
      37.57166261666667
     ],
     [
      126.9926834,
      37.5663661
     ]
    ]
   }
  },
  {
   "type": "Feature",
   "properties": {
    "origin": "Jongno-gu",
    "hub": "Jongno 3(sam)-ga"
   },
   "geometry": {
    "type": "LineString",
    "coordinates": [
     [
      127.10841984999999,
      37.3673687
     ],
     [
      127.10889420000001,
      37.3499872
     ]
    ]
   }
  },
  {
   "type": "Feature",
   "properties": {
    "origin": "Jongno-gu",
    "hub": "Jongno 3(sam)-ga"
   },
   "geometry": {
    "type": "LineString",
    "coordinates": [
     [
      126.7423046,
      37.5064953
     ],
     [
      126.73131625,
      37.50701815
     ]
    ]
   }
  },
  {
   "type": "Feature",
   "properties": {
    "origin": "Jongno-gu",
    "hub": "Jongno 3(sam)-ga"
   },
   "geometry": {
    "type": "LineString",
    "coordinates": [
     [
      127.1268624,
      36.91622415
     ],
     [
      127.1489162,
      36.83411695
     ]
    ]
   }
  },
  {
   "type": "Feature",
   "properties": {
    "origin": "Jongno-gu",
    "hub": "Jongno 3(sam)-ga"
   },
   "geometry": {
    "type": "LineString",
    "coordinates": [
     [
      126.82350482,
      37.49227992
     ],
     [
      126.83893090000001,
      37.4863455
     ]
    ]
   }
  },
  {
   "type": "Feature",
   "properties": {
    "origin": "Jongno-gu",
    "hub": "Jongno 3(sam)-ga"
   },
   "geometry": {
    "type": "LineString",
    "coordinates": [
     [
      126.76317800000001,
      37.5047652
     ],
     [
      126.7531662,
      37.505828199999996
     ]
    ]
   }
  },
  {
   "type": "Feature",
   "properties": {
    "origin": "Jongno-gu",
    "hub": "Jongno 3(sam)-ga"
   },
   "geometry": {
    "type": "LineString",
    "coordinates": [
     [
      126.89401819999999,
      37.45556295
     ],
     [
      126.88474295,
      37.41637275
     ]
    ]
   }
  },
  {
   "type": "Feature",
   "properties": {
    "origin": "Jongno-gu",
    "hub": "Jongno 3(sam)-ga"
   },
   "geometry": {
    "type": "LineString",
    "coordinates": [
     [
      127.0623938,
      37.110096850000005
     ],
     [
      127.05432010000001,
      37.0759581
     ]
    ]
   }
  },
  {
   "type": "Feature",
   "properties": {
    "origin": "Jongno-gu",
    "hub": "Jongno 3(sam)-ga"
   },
   "geometry": {
    "type": "LineString",
    "coordinates": [
     [
      126.99166100000001,
      37.56630906666666
     ],
     [
      126.98260535,
      37.565950799999996
     ]
    ]
   }
  },
  {
   "type": "Feature",
   "properties": {
    "origin": "Jongno-gu",
    "hub": "Jongno 3(sam)-ga"
   },
   "geometry": {
    "type": "LineString",
    "coordinates": [
     [
      127.08552125,
      36.99061495
     ],
     [
      127.1268624,
      36.91622415
     ]
    ]
   }
  },
  {
   "type": "Feature",
   "properties": {
    "origin": "Jongno-gu",
    "hub": "Jongno 3(sam)-ga"
   },
   "geometry": {
    "type": "LineString",
    "coordinates": [
     [
      126.92069475,
      37.619039
     ],
     [
      126.9187721,
      37.6368537
     ]
    ]
   }
  },
  {
   "type": "Feature",
   "properties": {
    "origin": "Jongno-gu",
    "hub": "Jongno 3(sam)-ga"
   },
   "geometry": {
    "type": "LineString",
    "coordinates": [
     [
      127.03690639999999,
      37.500806350000005
     ],
     [
      127.04890495000001,
      37.5044639
     ]
    ]
   }
  },
  {
   "type": "Feature",
   "properties": {
    "origin": "Jongno-gu",
    "hub": "Jongno 3(sam)-ga"
   },
   "geometry": {
    "type": "LineString",
    "coordinates": [
     [
      126.9319957,
      37.5474678
     ],
     [
      126.9229235,
      37.547759049999996
     ]
    ]
   }
  },
  {
   "type": "Feature",
   "properties": {
    "origin": "Jongno-gu",
    "hub": "Jongno 3(sam)-ga"
   },
   "geometry": {
    "type": "LineString",
    "coordinates": [
     [
      127.02494235,
      37.575267100000005
     ],
     [
      127.0381884,
      37.573983150000004
     ]
    ]
   }
  },
  {
   "type": "Feature",
   "properties": {
    "origin": "Jongno-gu",
    "hub": "Jongno 3(sam)-ga"
   },
   "geometry": {
    "type": "LineString",
    "coordinates": [
     [
      126.999739925,
      37.266122525
     ],
     [
      127.01371209999999,
      37.244152
     ]
    ]
   }
  },
  {
   "type": "Feature",
   "properties": {
    "origin": "Jongno-gu",
    "hub": "Jongno 3(sam)-ga"
   },
   "geometry": {
    "type": "LineString",
    "coordinates": [
     [
      126.75233173333334,
      37.487693199999995
     ],
     [
      126.74075975,
      37.488480300000006
     ]
    ]
   }
  },
  {
   "type": "Feature",
   "properties": {
    "origin": "Jongno-gu",
    "hub": "Jongno 3(sam)-ga"
   },
   "geometry": {
    "type": "LineString",
    "coordinates": [
     [
      127.0734209,
      37.66069845
     ],
     [
      127.079078,
      37.67024585
     ]
    ]
   }
  },
  {
   "type": "Feature",
   "properties": {
    "origin": "Jongno-gu",
    "hub": "Jongno 3(sam)-ga"
   },
   "geometry": {
    "type": "LineString",
    "coordinates": [
     [
      127.0171379,
      37.573444800000004
     ],
     [
      127.02494235,
      37.575267100000005
     ]
    ]
   }
  },
  {
   "type": "Feature",
   "properties": {
    "origin": "Jongno-gu",
    "hub": "Jongno 3(sam)-ga"
   },
   "geometry": {
    "type": "LineString",
    "coordinates": [
     [
      127.01376707499999,
      37.56028295
     ],
     [
      127.01619545,
      37.5664047
     ]
    ]
   }
  },
  {
   "type": "Feature",
   "properties": {
    "origin": "Jongno-gu",
    "hub": "Jongno 3(sam)-ga"
   },
   "geometry": {
    "type": "LineString",
    "coordinates": [
     [
      127.027783275,
      37.497521625000005
     ],
     [
      127.034487975,
      37.484172900000004
     ]
    ]
   }
  },
  {
   "type": "Feature",
   "properties": {
    "origin": "Jongno-gu",
    "hub": "Jongno 3(sam)-ga"
   },
   "geometry": {
    "type": "LineString",
    "coordinates": [
     [
      127.0861764,
      37.5371514
     ],
     [
      127.09471975,
      37.53514475
     ]
    ]
   }
  },
  {
   "type": "Feature",
   "properties": {
    "origin": "Jongno-gu",
    "hub": "Jongno 3(sam)-ga"
   },
   "geometry": {
    "type": "LineString",
    "coordinates": [
     [
      126.97941087499999,
      37.50293935
     ],
     [
      126.98678254999999,
      37.50129185
     ]
    ]
   }
  },
  {
   "type": "Feature",
   "properties": {
    "origin": "Jongno-gu",
    "hub": "Jongno 3(sam)-ga"
   },
   "geometry": {
    "type": "LineString",
    "coordinates": [
     [
      127.0637886,
      37.5963116
     ],
     [
      127.06730005,
      37.601798450000004
     ]
    ]
   }
  },
  {
   "type": "Feature",
   "properties": {
    "origin": "Jongno-gu",
    "hub": "Jongno 3(sam)-ga"
   },
   "geometry": {
    "type": "LineString",
    "coordinates": [
     [
      126.9033939,
      37.563522750000004
     ],
     [
      126.89931285,
      37.570154599999995
     ]
    ]
   }
  },
  {
   "type": "Feature",
   "properties": {
    "origin": "Jongno-gu",
    "hub": "Jongno 3(sam)-ga"
   },
   "geometry": {
    "type": "LineString",
    "coordinates": [
     [
      126.8666104,
      37.30282205
     ],
     [
      126.8384926,
      37.31602785
     ]
    ]
   }
  },
  {
   "type": "Feature",
   "properties": {
    "origin": "Jongno-gu",
    "hub": "Jongno 3(sam)-ga"
   },
   "geometry": {
    "type": "LineString",
    "coordinates": [
     [
      126.9442481,
      37.5887266
     ],
     [
      126.9357817,
      37.6009659
     ]
    ]
   }
  },
  {
   "type": "Feature",
   "properties": {
    "origin": "Jongno-gu",
    "hub": "Jongno 3(sam)-ga"
   },
   "geometry": {
    "type": "LineString",
    "coordinates": [
     [
      127.1113607,
      37.394543375
     ],
     [
      126.89696864999999,
      37.450512
     ]
    ]
   }
  },
  {
   "type": "Feature",
   "properties": {
    "origin": "Jongno-gu",
    "hub": "Jongno 3(sam)-ga"
   },
   "geometry": {
    "type": "LineString",
    "coordinates": [
     [
      126.89547454999999,
      37.65312725
     ],
     [
      126.8737509,
      37.6505087
     ]
    ]
   }
  },
  {
   "type": "Feature",
   "properties": {
    "origin": "Jongno-gu",
    "hub": "Jongno 3(sam)-ga"
   },
   "geometry": {
    "type": "LineString",
    "coordinates": [
     [
      127.44218375,
      37.264238899999995
     ],
     [
      127.49032700000001,
      37.260404449999996
     ]
    ]
   }
  },
  {
   "type": "Feature",
   "properties": {
    "origin": "Jongno-gu",
    "hub": "Jongno 3(sam)-ga"
   },
   "geometry": {
    "type": "LineString",
    "coordinates": [
     [
      127.0795056,
      37.493654
     ],
     [
      127.0842084,
      37.48379075
     ]
    ]
   }
  },
  {
   "type": "Feature",
   "properties": {
    "origin": "Jongno-gu",
    "hub": "Jongno 3(sam)-ga"
   },
   "geometry": {
    "type": "LineString",
    "coordinates": [
     [
      127.01524715,
      37.5797842
     ],
     [
      127.0193235,
      37.585281550000005
     ]
    ]
   }
  },
  {
   "type": "Feature",
   "properties": {
    "origin": "Jongno-gu",
    "hub": "Jongno 3(sam)-ga"
   },
   "geometry": {
    "type": "LineString",
    "coordinates": [
     [
      127.01568155000001,
      37.5723877
     ],
     [
      127.01524715,
      37.5797842
     ]
    ]
   }
  },
  {
   "type": "Feature",
   "properties": {
    "origin": "Jongno-gu",
    "hub": "Jongno 3(sam)-ga"
   },
   "geometry": {
    "type": "LineString",
    "coordinates": [
     [
      126.83262855000001,
      37.6346248
     ],
     [
      126.8109994,
      37.6316918
     ]
    ]
   }
  },
  {
   "type": "Feature",
   "properties": {
    "origin": "Jongno-gu",
    "hub": "Jongno 3(sam)-ga"
   },
   "geometry": {
    "type": "LineString",
    "coordinates": [
     [
      126.87543819999999,
      37.5470354
     ],
     [
      126.86459835,
      37.5512139
     ]
    ]
   }
  },
  {
   "type": "Feature",
   "properties": {
    "origin": "Jongno-gu",
    "hub": "Jongno 3(sam)-ga"
   },
   "geometry": {
    "type": "LineString",
    "coordinates": [
     [
      126.91015010000001,
      37.55599395
     ],
     [
      126.9033939,
      37.563522750000004
     ]
    ]
   }
  },
  {
   "type": "Feature",
   "properties": {
    "origin": "Jongno-gu",
    "hub": "Jongno 3(sam)-ga"
   },
   "geometry": {
    "type": "LineString",
    "coordinates": [
     [
      127.00195554999999,
      37.58214475
     ],
     [
      127.00636765,
      37.5885974
     ]
    ]
   }
  },
  {
   "type": "Feature",
   "properties": {
    "origin": "Jongno-gu",
    "hub": "Jongno 3(sam)-ga"
   },
   "geometry": {
    "type": "LineString",
    "coordinates": [
     [
      127.01109835,
      37.51273505
     ],
     [
      127.00488916666667,
      37.50495225
     ]
    ]
   }
  },
  {
   "type": "Feature",
   "properties": {
    "origin": "Jongno-gu",
    "hub": "Jongno 3(sam)-ga"
   },
   "geometry": {
    "type": "LineString",
    "coordinates": [
     [
      127.04772775,
      37.6531714
     ],
     [
      127.046312175,
      37.689562124999995
     ]
    ]
   }
  },
  {
   "type": "Feature",
   "properties": {
    "origin": "Jongno-gu",
    "hub": "Jongno 3(sam)-ga"
   },
   "geometry": {
    "type": "LineString",
    "coordinates": [
     [
      126.99154498333333,
      37.57166261666667
     ],
     [
      126.98621109999999,
      37.5768519
     ]
    ]
   }
  },
  {
   "type": "Feature",
   "properties": {
    "origin": "Jongno-gu",
    "hub": "Jongno 3(sam)-ga"
   },
   "geometry": {
    "type": "LineString",
    "coordinates": [
     [
      126.90267904999999,
      37.534194199999995
     ],
     [
      126.89656545,
      37.5253118
     ]
    ]
   }
  },
  {
   "type": "Feature",
   "properties": {
    "origin": "Jongno-gu",
    "hub": "Jongno 3(sam)-ga"
   },
   "geometry": {
    "type": "LineString",
    "coordinates": [
     [
      127.5706498,
      37.29361915
     ],
     [
      127.6285664,
      37.2828151
     ]
    ]
   }
  },
  {
   "type": "Feature",
   "properties": {
    "origin": "Jongno-gu",
    "hub": "Jongno 3(sam)-ga"
   },
   "geometry": {
    "type": "LineString",
    "coordinates": [
     [
      127.014221675,
      37.493417775000005
     ],
     [
      127.0076332,
      37.49182365
     ]
    ]
   }
  },
  {
   "type": "Feature",
   "properties": {
    "origin": "Jongno-gu",
    "hub": "Jongno 3(sam)-ga"
   },
   "geometry": {
    "type": "LineString",
    "coordinates": [
     [
      126.83893090000001,
      37.4863455
     ],
     [
      126.85431915000001,
      37.4794557
     ]
    ]
   }
  },
  {
   "type": "Feature",
   "properties": {
    "origin": "Jongno-gu",
    "hub": "Jongno 3(sam)-ga"
   },
   "geometry": {
    "type": "LineString",
    "coordinates": [
     [
      126.8751531,
      37.5245537
     ],
     [
      126.86451070000001,
      37.5261224
     ]
    ]
   }
  },
  {
   "type": "Feature",
   "properties": {
    "origin": "Jongno-gu",
    "hub": "Jongno 3(sam)-ga"
   },
   "geometry": {
    "type": "LineString",
    "coordinates": [
     [
      126.9135165,
      37.5491801
     ],
     [
      126.91015010000001,
      37.55599395
     ]
    ]
   }
  },
  {
   "type": "Feature",
   "properties": {
    "origin": "Jongno-gu",
    "hub": "Jongno 3(sam)-ga"
   },
   "geometry": {
    "type": "LineString",
    "coordinates": [
     [
      127.12062259999999,
      37.530676150000005
     ],
     [
      127.11266905,
      37.5175106
     ]
    ]
   }
  },
  {
   "type": "Feature",
   "properties": {
    "origin": "Jongno-gu",
    "hub": "Jongno 3(sam)-ga"
   },
   "geometry": {
    "type": "LineString",
    "coordinates": [
     [
      126.67902043333333,
      37.4651555
     ],
     [
      126.6686176,
      37.46610149999999
     ]
    ]
   }
  },
  {
   "type": "Feature",
   "properties": {
    "origin": "Jongno-gu",
    "hub": "Jongno 3(sam)-ga"
   },
   "geometry": {
    "type": "LineString",
    "coordinates": [
     [
      127.0605474,
      37.6544077
     ],
     [
      127.05761670000001,
      37.66551795
     ]
    ]
   }
  },
  {
   "type": "Feature",
   "properties": {
    "origin": "Jongno-gu",
    "hub": "Jongno 3(sam)-ga"
   },
   "geometry": {
    "type": "LineString",
    "coordinates": [
     [
      127.15379125000001,
      37.5549799
     ],
     [
      127.16654776666667,
      37.5567598
     ]
    ]
   }
  },
  {
   "type": "Feature",
   "properties": {
    "origin": "Jongno-gu",
    "hub": "Jongno 3(sam)-ga"
   },
   "geometry": {
    "type": "LineString",
    "coordinates": [
     [
      127.046312175,
      37.689562124999995
     ],
     [
      127.0473907,
      37.710314
     ]
    ]
   }
  },
  {
   "type": "Feature",
   "properties": {
    "origin": "Jongno-gu",
    "hub": "Jongno 3(sam)-ga"
   },
   "geometry": {
    "type": "LineString",
    "coordinates": [
     [
      127.03457474999999,
      37.648415549999996
     ],
     [
      127.0466586,
      37.6529636
     ]
    ]
   }
  },
  {
   "type": "Feature",
   "properties": {
    "origin": "Jongno-gu",
    "hub": "Jongno 3(sam)-ga"
   },
   "geometry": {
    "type": "LineString",
    "coordinates": [
     [
      127.2034043,
      37.4086408
     ],
     [
      127.2532829,
      37.39889945
     ]
    ]
   }
  },
  {
   "type": "Feature",
   "properties": {
    "origin": "Jongno-gu",
    "hub": "Jongno 3(sam)-ga"
   },
   "geometry": {
    "type": "LineString",
    "coordinates": [
     [
      126.8822843222222,
      37.50327466666667
     ],
     [
      126.811999475,
      37.485282874999996
     ]
    ]
   }
  },
  {
   "type": "Feature",
   "properties": {
    "origin": "Jongno-gu",
    "hub": "Jongno 3(sam)-ga"
   },
   "geometry": {
    "type": "LineString",
    "coordinates": [
     [
      126.9862921,
      37.5608956
     ],
     [
      126.9784579,
      37.5587505
     ]
    ]
   }
  },
  {
   "type": "Feature",
   "properties": {
    "origin": "Jongno-gu",
    "hub": "Jongno 3(sam)-ga"
   },
   "geometry": {
    "type": "LineString",
    "coordinates": [
     [
      127.142957,
      37.545654
     ],
     [
      127.14408005,
      37.5519235
     ]
    ]
   }
  },
  {
   "type": "Feature",
   "properties": {
    "origin": "Jongno-gu",
    "hub": "Jongno 3(sam)-ga"
   },
   "geometry": {
    "type": "LineString",
    "coordinates": [
     [
      126.9229235,
      37.547759049999996
     ],
     [
      126.9135165,
      37.5491801
     ]
    ]
   }
  },
  {
   "type": "Feature",
   "properties": {
    "origin": "Jongno-gu",
    "hub": "Jongno 3(sam)-ga"
   },
   "geometry": {
    "type": "LineString",
    "coordinates": [
     [
      126.9944059,
      37.561106433333336
     ],
     [
      126.9862921,
      37.5608956
     ]
    ]
   }
  },
  {
   "type": "Feature",
   "properties": {
    "origin": "Jongno-gu",
    "hub": "Jongno 3(sam)-ga"
   },
   "geometry": {
    "type": "LineString",
    "coordinates": [
     [
      127.027783275,
      37.497521625000005
     ],
     [
      127.03690639999999,
      37.500806350000005
     ]
    ]
   }
  },
  {
   "type": "Feature",
   "properties": {
    "origin": "Jongno-gu",
    "hub": "Jongno 3(sam)-ga"
   },
   "geometry": {
    "type": "LineString",
    "coordinates": [
     [
      126.93252955,
      37.52685165
     ],
     [
      126.92414654999999,
      37.52167905
     ]
    ]
   }
  },
  {
   "type": "Feature",
   "properties": {
    "origin": "Jongno-gu",
    "hub": "Jongno 3(sam)-ga"
   },
   "geometry": {
    "type": "LineString",
    "coordinates": [
     [
      126.85895063333334,
      37.4945512
     ],
     [
      126.8446059,
      37.4943646
     ]
    ]
   }
  },
  {
   "type": "Feature",
   "properties": {
    "origin": "Jongno-gu",
    "hub": "Jongno 3(sam)-ga"
   },
   "geometry": {
    "type": "LineString",
    "coordinates": [
     [
      127.0174475,
      37.5416892
     ],
     [
      127.0284705,
      37.5261356
     ]
    ]
   }
  },
  {
   "type": "Feature",
   "properties": {
    "origin": "Jongno-gu",
    "hub": "Jongno 3(sam)-ga"
   },
   "geometry": {
    "type": "LineString",
    "coordinates": [
     [
      126.78718219999999,
      37.5037262
     ],
     [
      126.77621479999999,
      37.50304175
     ]
    ]
   }
  },
  {
   "type": "Feature",
   "properties": {
    "origin": "Jongno-gu",
    "hub": "Jongno 3(sam)-ga"
   },
   "geometry": {
    "type": "LineString",
    "coordinates": [
     [
      126.92069475,
      37.619039
     ],
     [
      126.9170995,
      37.6110401
     ]
    ]
   }
  },
  {
   "type": "Feature",
   "properties": {
    "origin": "Jongno-gu",
    "hub": "Jongno 3(sam)-ga"
   },
   "geometry": {
    "type": "LineString",
    "coordinates": [
     [
      126.811999475,
      37.485282874999996
     ],
     [
      126.78272705,
      37.484111150000004
     ]
    ]
   }
  },
  {
   "type": "Feature",
   "properties": {
    "origin": "Jongno-gu",
    "hub": "Jongno 3(sam)-ga"
   },
   "geometry": {
    "type": "LineString",
    "coordinates": [
     [
      127.14078645000001,
      37.602372849999995
     ],
     [
      127.13808069999999,
      37.61096805
     ]
    ]
   }
  },
  {
   "type": "Feature",
   "properties": {
    "origin": "Jongno-gu",
    "hub": "Jongno 3(sam)-ga"
   },
   "geometry": {
    "type": "LineString",
    "coordinates": [
     [
      127.0331232,
      37.206827425
     ],
     [
      127.05188079999999,
      37.19572315
     ]
    ]
   }
  },
  {
   "type": "Feature",
   "properties": {
    "origin": "Jongno-gu",
    "hub": "Jongno 3(sam)-ga"
   },
   "geometry": {
    "type": "LineString",
    "coordinates": [
     [
      126.91801478333333,
      37.516964349999995
     ],
     [
      126.90512775,
      37.522699349999996
     ]
    ]
   }
  },
  {
   "type": "Feature",
   "properties": {
    "origin": "Jongno-gu",
    "hub": "Jongno 3(sam)-ga"
   },
   "geometry": {
    "type": "LineString",
    "coordinates": [
     [
      126.96214445,
      37.5594717
     ],
     [
      126.95670185,
      37.553438549999996
     ]
    ]
   }
  },
  {
   "type": "Feature",
   "properties": {
    "origin": "Jongno-gu",
    "hub": "Jongno 3(sam)-ga"
   },
   "geometry": {
    "type": "LineString",
    "coordinates": [
     [
      126.9697911,
      37.3003187
     ],
     [
      126.999739925,
      37.266122525
     ]
    ]
   }
  },
  {
   "type": "Feature",
   "properties": {
    "origin": "Jongno-gu",
    "hub": "Jongno 3(sam)-ga"
   },
   "geometry": {
    "type": "LineString",
    "coordinates": [
     [
      126.99154498333333,
      37.57166261666667
     ],
     [
      126.99166100000001,
      37.56630906666666
     ]
    ]
   }
  },
  {
   "type": "Feature",
   "properties": {
    "origin": "Jongno-gu",
    "hub": "Jongno 3(sam)-ga"
   },
   "geometry": {
    "type": "LineString",
    "coordinates": [
     [
      126.80143015,
      37.562032125
     ],
     [
      126.7968626,
      37.578372200000004
     ]
    ]
   }
  },
  {
   "type": "Feature",
   "properties": {
    "origin": "Jongno-gu",
    "hub": "Jongno 3(sam)-ga"
   },
   "geometry": {
    "type": "LineString",
    "coordinates": [
     [
      127.0193235,
      37.585281550000005
     ],
     [
      127.0293324,
      37.586299100000005
     ]
    ]
   }
  },
  {
   "type": "Feature",
   "properties": {
    "origin": "Jongno-gu",
    "hub": "Jongno 3(sam)-ga"
   },
   "geometry": {
    "type": "LineString",
    "coordinates": [
     [
      127.07954310000001,
      37.557182225000005
     ],
     [
      127.08979414999999,
      37.55168905
     ]
    ]
   }
  },
  {
   "type": "Feature",
   "properties": {
    "origin": "Jongno-gu",
    "hub": "Jongno 3(sam)-ga"
   },
   "geometry": {
    "type": "LineString",
    "coordinates": [
     [
      126.94158883333331,
      37.513936916666665
     ],
     [
      126.9535754,
      37.5129714
     ]
    ]
   }
  },
  {
   "type": "Feature",
   "properties": {
    "origin": "Jongno-gu",
    "hub": "Jongno 3(sam)-ga"
   },
   "geometry": {
    "type": "LineString",
    "coordinates": [
     [
      127.130605875,
      37.516118175
     ],
     [
      127.13834015,
      37.519871
     ]
    ]
   }
  },
  {
   "type": "Feature",
   "properties": {
    "origin": "Jongno-gu",
    "hub": "Jongno 3(sam)-ga"
   },
   "geometry": {
    "type": "LineString",
    "coordinates": [
     [
      127.0065527,
      37.43572845
     ],
     [
      126.99683205,
      37.433065299999996
     ]
    ]
   }
  },
  {
   "type": "Feature",
   "properties": {
    "origin": "Jongno-gu",
    "hub": "Jongno 3(sam)-ga"
   },
   "geometry": {
    "type": "LineString",
    "coordinates": [
     [
      127.05752925,
      37.589549649999995
     ],
     [
      127.0637886,
      37.5963116
     ]
    ]
   }
  },
  {
   "type": "Feature",
   "properties": {
    "origin": "Jongno-gu",
    "hub": "Jongno 3(sam)-ga"
   },
   "geometry": {
    "type": "LineString",
    "coordinates": [
     [
      127.0461737,
      37.73766193333333
     ],
     [
      127.04440685,
      37.7483781
     ]
    ]
   }
  },
  {
   "type": "Feature",
   "properties": {
    "origin": "Jongno-gu",
    "hub": "Jongno 3(sam)-ga"
   },
   "geometry": {
    "type": "LineString",
    "coordinates": [
     [
      126.9357817,
      37.6009659
     ],
     [
      126.92984775,
      37.61032965
     ]
    ]
   }
  },
  {
   "type": "Feature",
   "properties": {
    "origin": "Jongno-gu",
    "hub": "Jongno 3(sam)-ga"
   },
   "geometry": {
    "type": "LineString",
    "coordinates": [
     [
      127.0414675,
      37.6019369
     ],
     [
      127.04824445,
      37.606223
     ]
    ]
   }
  },
  {
   "type": "Feature",
   "properties": {
    "origin": "Jongno-gu",
    "hub": "Jongno 3(sam)-ga"
   },
   "geometry": {
    "type": "LineString",
    "coordinates": [
     [
      127.13261646666666,
      37.535815533333334
     ],
     [
      127.1362466,
      37.527798950000005
     ]
    ]
   }
  },
  {
   "type": "Feature",
   "properties": {
    "origin": "Jongno-gu",
    "hub": "Jongno 3(sam)-ga"
   },
   "geometry": {
    "type": "LineString",
    "coordinates": [
     [
      126.933021475,
      37.358028000000004
     ],
     [
      126.8666104,
      37.30282205
     ]
    ]
   }
  },
  {
   "type": "Feature",
   "properties": {
    "origin": "Jongno-gu",
    "hub": "Jongno 3(sam)-ga"
   },
   "geometry": {
    "type": "LineString",
    "coordinates": [
     [
      127.09109065,
      37.617416899999995
     ],
     [
      127.1046462,
      37.6124026
     ]
    ]
   }
  },
  {
   "type": "Feature",
   "properties": {
    "origin": "Jongno-gu",
    "hub": "Jongno 3(sam)-ga"
   },
   "geometry": {
    "type": "LineString",
    "coordinates": [
     [
      127.130605875,
      37.516118175
     ],
     [
      127.11626145,
      37.5167248
     ]
    ]
   }
  },
  {
   "type": "Feature",
   "properties": {
    "origin": "Jongno-gu",
    "hub": "Jongno 3(sam)-ga"
   },
   "geometry": {
    "type": "LineString",
    "coordinates": [
     [
      126.94158883333331,
      37.513936916666665
     ],
     [
      126.9274886,
      37.5133478
     ]
    ]
   }
  },
  {
   "type": "Feature",
   "properties": {
    "origin": "Jongno-gu",
    "hub": "Jongno 3(sam)-ga"
   },
   "geometry": {
    "type": "LineString",
    "coordinates": [
     [
      126.7028595,
      37.470726125
     ],
     [
      126.6933966,
      37.4647324
     ]
    ]
   }
  },
  {
   "type": "Feature",
   "properties": {
    "origin": "Jongno-gu",
    "hub": "Jongno 3(sam)-ga"
   },
   "geometry": {
    "type": "LineString",
    "coordinates": [
     [
      126.8861202,
      37.5256362
     ],
     [
      126.8751531,
      37.5245537
     ]
    ]
   }
  },
  {
   "type": "Feature",
   "properties": {
    "origin": "Jongno-gu",
    "hub": "Jongno 3(sam)-ga"
   },
   "geometry": {
    "type": "LineString",
    "coordinates": [
     [
      126.9503622,
      37.5823342
     ],
     [
      126.9442481,
      37.5887266
     ]
    ]
   }
  },
  {
   "type": "Feature",
   "properties": {
    "origin": "Jongno-gu",
    "hub": "Jongno 3(sam)-ga"
   },
   "geometry": {
    "type": "LineString",
    "coordinates": [
     [
      126.724560725,
      37.489460875000006
     ],
     [
      126.67902043333333,
      37.4651555
     ]
    ]
   }
  },
  {
   "type": "Feature",
   "properties": {
    "origin": "Jongno-gu",
    "hub": "Jongno 3(sam)-ga"
   },
   "geometry": {
    "type": "LineString",
    "coordinates": [
     [
      126.8465805,
      37.53185633333333
     ],
     [
      126.84038305,
      37.54170345
     ]
    ]
   }
  },
  {
   "type": "Feature",
   "properties": {
    "origin": "Jongno-gu",
    "hub": "Jongno 3(sam)-ga"
   },
   "geometry": {
    "type": "LineString",
    "coordinates": [
     [
      127.054875,
      37.9275599
     ],
     [
      127.06081169999999,
      37.9480142
     ]
    ]
   }
  },
  {
   "type": "Feature",
   "properties": {
    "origin": "Jongno-gu",
    "hub": "Jongno 3(sam)-ga"
   },
   "geometry": {
    "type": "LineString",
    "coordinates": [
     [
      127.0461737,
      37.73766193333333
     ],
     [
      127.0423314,
      37.7593989
     ]
    ]
   }
  },
  {
   "type": "Feature",
   "properties": {
    "origin": "Jongno-gu",
    "hub": "Jongno 3(sam)-ga"
   },
   "geometry": {
    "type": "LineString",
    "coordinates": [
     [
      127.074925275,
      37.617910925000004
     ],
     [
      127.07760615000001,
      37.61143885
     ]
    ]
   }
  },
  {
   "type": "Feature",
   "properties": {
    "origin": "Jongno-gu",
    "hub": "Jongno 3(sam)-ga"
   },
   "geometry": {
    "type": "LineString",
    "coordinates": [
     [
      127.0164111,
      37.592665
     ],
     [
      127.02494089999999,
      37.603309749999994
     ]
    ]
   }
  },
  {
   "type": "Feature",
   "properties": {
    "origin": "Jongno-gu",
    "hub": "Jongno 3(sam)-ga"
   },
   "geometry": {
    "type": "LineString",
    "coordinates": [
     [
      127.05288045,
      37.05648574999999
     ],
     [
      127.08552125,
      36.99061495
     ]
    ]
   }
  },
  {
   "type": "Feature",
   "properties": {
    "origin": "Jongno-gu",
    "hub": "Jongno 3(sam)-ga"
   },
   "geometry": {
    "type": "LineString",
    "coordinates": [
     [
      126.9578751,
      37.5745552
     ],
     [
      126.9503622,
      37.5823342
     ]
    ]
   }
  },
  {
   "type": "Feature",
   "properties": {
    "origin": "Jongno-gu",
    "hub": "Jongno 3(sam)-ga"
   },
   "geometry": {
    "type": "LineString",
    "coordinates": [
     [
      126.9155872,
      37.5986062
     ],
     [
      126.9137366,
      37.59167145
     ]
    ]
   }
  },
  {
   "type": "Feature",
   "properties": {
    "origin": "Jongno-gu",
    "hub": "Jongno 3(sam)-ga"
   },
   "geometry": {
    "type": "LineString",
    "coordinates": [
     [
      127.12760195,
      37.3946471
     ],
     [
      127.2033703,
      37.4086667
     ]
    ]
   }
  },
  {
   "type": "Feature",
   "properties": {
    "origin": "Jongno-gu",
    "hub": "Jongno 3(sam)-ga"
   },
   "geometry": {
    "type": "LineString",
    "coordinates": [
     [
      126.78272705,
      37.484111150000004
     ],
     [
      126.7641426,
      37.48670185
     ]
    ]
   }
  },
  {
   "type": "Feature",
   "properties": {
    "origin": "Jongno-gu",
    "hub": "Jongno 3(sam)-ga"
   },
   "geometry": {
    "type": "LineString",
    "coordinates": [
     [
      127.15982804999999,
      37.451577349999994
     ],
     [
      127.15677604999999,
      37.44508145
     ]
    ]
   }
  },
  {
   "type": "Feature",
   "properties": {
    "origin": "Jongno-gu",
    "hub": "Jongno 3(sam)-ga"
   },
   "geometry": {
    "type": "LineString",
    "coordinates": [
     [
      127.0615646,
      37.8432631
     ],
     [
      127.05581495,
      37.89235135
     ]
    ]
   }
  },
  {
   "type": "Feature",
   "properties": {
    "origin": "Jongno-gu",
    "hub": "Jongno 3(sam)-ga"
   },
   "geometry": {
    "type": "LineString",
    "coordinates": [
     [
      127.14019295,
      37.5383463
     ],
     [
      127.142957,
      37.545654
     ]
    ]
   }
  },
  {
   "type": "Feature",
   "properties": {
    "origin": "Jongno-gu",
    "hub": "Jongno 3(sam)-ga"
   },
   "geometry": {
    "type": "LineString",
    "coordinates": [
     [
      126.92560309999999,
      37.35054165
     ],
     [
      126.91689894999999,
      37.3279736
     ]
    ]
   }
  },
  {
   "type": "Feature",
   "properties": {
    "origin": "Jongno-gu",
    "hub": "Jongno 3(sam)-ga"
   },
   "geometry": {
    "type": "LineString",
    "coordinates": [
     [
      127.0666711,
      37.1448264
     ],
     [
      127.0623938,
      37.110096850000005
     ]
    ]
   }
  },
  {
   "type": "Feature",
   "properties": {
    "origin": "Jongno-gu",
    "hub": "Jongno 3(sam)-ga"
   },
   "geometry": {
    "type": "LineString",
    "coordinates": [
     [
      127.0057565,
      37.5590786
     ],
     [
      127.0104261,
      37.55442283333334
     ]
    ]
   }
  },
  {
   "type": "Feature",
   "properties": {
    "origin": "Jongno-gu",
    "hub": "Jongno 3(sam)-ga"
   },
   "geometry": {
    "type": "LineString",
    "coordinates": [
     [
      127.05288045,
      37.05648574999999
     ],
     [
      127.0704264,
      37.01900175
     ]
    ]
   }
  },
  {
   "type": "Feature",
   "properties": {
    "origin": "Jongno-gu",
    "hub": "Jongno 3(sam)-ga"
   },
   "geometry": {
    "type": "LineString",
    "coordinates": [
     [
      127.00789135,
      37.4438108
     ],
     [
      127.0065527,
      37.43572845
     ]
    ]
   }
  },
  {
   "type": "Feature",
   "properties": {
    "origin": "Jongno-gu",
    "hub": "Jongno 3(sam)-ga"
   },
   "geometry": {
    "type": "LineString",
    "coordinates": [
     [
      126.8659206,
      37.51228415
     ],
     [
      126.85303115,
      37.5200209
     ]
    ]
   }
  },
  {
   "type": "Feature",
   "properties": {
    "origin": "Jongno-gu",
    "hub": "Jongno 3(sam)-ga"
   },
   "geometry": {
    "type": "LineString",
    "coordinates": [
     [
      126.930398,
      37.6098806
     ],
     [
      126.92069475,
      37.619039
     ]
    ]
   }
  },
  {
   "type": "Feature",
   "properties": {
    "origin": "Jongno-gu",
    "hub": "Jongno 3(sam)-ga"
   },
   "geometry": {
    "type": "LineString",
    "coordinates": [
     [
      127.08979414999999,
      37.55168905
     ],
     [
      127.10351095,
      37.5453002
     ]
    ]
   }
  },
  {
   "type": "Feature",
   "properties": {
    "origin": "Jongno-gu",
    "hub": "Jongno 3(sam)-ga"
   },
   "geometry": {
    "type": "LineString",
    "coordinates": [
     [
      127.14656635,
      36.8109339
     ],
     [
      127.13607164999999,
      36.801399849999996
     ]
    ]
   }
  },
  {
   "type": "Feature",
   "properties": {
    "origin": "Jongno-gu",
    "hub": "Jongno 3(sam)-ga"
   },
   "geometry": {
    "type": "LineString",
    "coordinates": [
     [
      127.03457474999999,
      37.648415549999996
     ],
     [
      127.0488204,
      37.6534371
     ]
    ]
   }
  },
  {
   "type": "Feature",
   "properties": {
    "origin": "Jongno-gu",
    "hub": "Jongno 3(sam)-ga"
   },
   "geometry": {
    "type": "LineString",
    "coordinates": [
     [
      127.074925275,
      37.617910925000004
     ],
     [
      127.0837107,
      37.61978165
     ]
    ]
   }
  },
  {
   "type": "Feature",
   "properties": {
    "origin": "Jongno-gu",
    "hub": "Jongno 3(sam)-ga"
   },
   "geometry": {
    "type": "LineString",
    "coordinates": [
     [
      127.128077625,
      37.5021865
     ],
     [
      127.1237831,
      37.495351
     ]
    ]
   }
  },
  {
   "type": "Feature",
   "properties": {
    "origin": "Jongno-gu",
    "hub": "Jongno 3(sam)-ga"
   },
   "geometry": {
    "type": "LineString",
    "coordinates": [
     [
      126.91341105000001,
      37.487613499999995
     ],
     [
      126.929697,
      37.4842352
     ]
    ]
   }
  },
  {
   "type": "Feature",
   "properties": {
    "origin": "Jongno-gu",
    "hub": "Jongno 3(sam)-ga"
   },
   "geometry": {
    "type": "LineString",
    "coordinates": [
     [
      126.99166100000001,
      37.56630906666666
     ],
     [
      126.9980017,
      37.56663065
     ]
    ]
   }
  },
  {
   "type": "Feature",
   "properties": {
    "origin": "Jongno-gu",
    "hub": "Jongno 3(sam)-ga"
   },
   "geometry": {
    "type": "LineString",
    "coordinates": [
     [
      126.9735668,
      37.5757585
     ],
     [
      126.9578197,
      37.574513
     ]
    ]
   }
  },
  {
   "type": "Feature",
   "properties": {
    "origin": "Jongno-gu",
    "hub": "Jongno 3(sam)-ga"
   },
   "geometry": {
    "type": "LineString",
    "coordinates": [
     [
      127.0645931,
      37.561482350000006
     ],
     [
      127.07954310000001,
      37.557182225000005
     ]
    ]
   }
  },
  {
   "type": "Feature",
   "properties": {
    "origin": "Jongno-gu",
    "hub": "Jongno 3(sam)-ga"
   },
   "geometry": {
    "type": "LineString",
    "coordinates": [
     [
      127.02611,
      37.626536849999994
     ],
     [
      127.02571385,
      37.63797905
     ]
    ]
   }
  },
  {
   "type": "Feature",
   "properties": {
    "origin": "Jongno-gu",
    "hub": "Jongno 3(sam)-ga"
   },
   "geometry": {
    "type": "LineString",
    "coordinates": [
     [
      126.948475,
      37.354190625
     ],
     [
      126.94807167500001,
      37.320376
     ]
    ]
   }
  },
  {
   "type": "Feature",
   "properties": {
    "origin": "Jongno-gu",
    "hub": "Jongno 3(sam)-ga"
   },
   "geometry": {
    "type": "LineString",
    "coordinates": [
     [
      127.00488916666667,
      37.50495225
     ],
     [
      127.0116271,
      37.5081687
     ]
    ]
   }
  },
  {
   "type": "Feature",
   "properties": {
    "origin": "Jongno-gu",
    "hub": "Jongno 3(sam)-ga"
   },
   "geometry": {
    "type": "LineString",
    "coordinates": [
     [
      127.08650785,
      37.573884050000004
     ],
     [
      127.08841535,
      37.5807183
     ]
    ]
   }
  },
  {
   "type": "Feature",
   "properties": {
    "origin": "Jongno-gu",
    "hub": "Jongno 3(sam)-ga"
   },
   "geometry": {
    "type": "LineString",
    "coordinates": [
     [
      126.944199,
      37.588674
     ],
     [
      126.9357156,
      37.600943
     ]
    ]
   }
  },
  {
   "type": "Feature",
   "properties": {
    "origin": "Jongno-gu",
    "hub": "Jongno 3(sam)-ga"
   },
   "geometry": {
    "type": "LineString",
    "coordinates": [
     [
      127.04739810000001,
      37.54723575
     ],
     [
      127.056101,
      37.5445711
     ]
    ]
   }
  },
  {
   "type": "Feature",
   "properties": {
    "origin": "Jongno-gu",
    "hub": "Jongno 3(sam)-ga"
   },
   "geometry": {
    "type": "LineString",
    "coordinates": [
     [
      127.0292055,
      37.56440925
     ],
     [
      127.0371344,
      37.561196
     ]
    ]
   }
  },
  {
   "type": "Feature",
   "properties": {
    "origin": "Jongno-gu",
    "hub": "Jongno 3(sam)-ga"
   },
   "geometry": {
    "type": "LineString",
    "coordinates": [
     [
      126.94337842499999,
      37.372332
     ],
     [
      126.933021475,
      37.358028000000004
     ]
    ]
   }
  },
  {
   "type": "Feature",
   "properties": {
    "origin": "Jongno-gu",
    "hub": "Jongno 3(sam)-ga"
   },
   "geometry": {
    "type": "LineString",
    "coordinates": [
     [
      127.13731045,
      37.55705595
     ],
     [
      127.13790955,
      37.587235899999996
     ]
    ]
   }
  },
  {
   "type": "Feature",
   "properties": {
    "origin": "Jongno-gu",
    "hub": "Jongno 3(sam)-ga"
   },
   "geometry": {
    "type": "LineString",
    "coordinates": [
     [
      126.93920815,
      37.50497785
     ],
     [
      126.928208,
      37.49970205
     ]
    ]
   }
  },
  {
   "type": "Feature",
   "properties": {
    "origin": "Jongno-gu",
    "hub": "Jongno 3(sam)-ga"
   },
   "geometry": {
    "type": "LineString",
    "coordinates": [
     [
      127.0711248,
      37.540995699999996
     ],
     [
      127.06674185,
      37.53154165
     ]
    ]
   }
  },
  {
   "type": "Feature",
   "properties": {
    "origin": "Jongno-gu",
    "hub": "Jongno 3(sam)-ga"
   },
   "geometry": {
    "type": "LineString",
    "coordinates": [
     [
      127.01963022499999,
      37.515947849999996
     ],
     [
      127.0218553,
      37.50993715
     ]
    ]
   }
  },
  {
   "type": "Feature",
   "properties": {
    "origin": "Jongno-gu",
    "hub": "Jongno 3(sam)-ga"
   },
   "geometry": {
    "type": "LineString",
    "coordinates": [
     [
      126.97362305,
      37.5226395
     ],
     [
      126.97941087499999,
      37.50293935
     ]
    ]
   }
  },
  {
   "type": "Feature",
   "properties": {
    "origin": "Jongno-gu",
    "hub": "Jongno 3(sam)-ga"
   },
   "geometry": {
    "type": "LineString",
    "coordinates": [
     [
      126.633077325,
      37.47509785
     ],
     [
      126.61704230000001,
      37.476938849999996
     ]
    ]
   }
  },
  {
   "type": "Feature",
   "properties": {
    "origin": "Jongno-gu",
    "hub": "Jongno 3(sam)-ga"
   },
   "geometry": {
    "type": "LineString",
    "coordinates": [
     [
      127.03622743333334,
      37.561098433333335
     ],
     [
      127.0429062,
      37.566101599999996
     ]
    ]
   }
  },
  {
   "type": "Feature",
   "properties": {
    "origin": "Jongno-gu",
    "hub": "Jongno 3(sam)-ga"
   },
   "geometry": {
    "type": "LineString",
    "coordinates": [
     [
      126.6576604,
      37.466815
     ],
     [
      126.64251645,
      37.46877
     ]
    ]
   }
  },
  {
   "type": "Feature",
   "properties": {
    "origin": "Jongno-gu",
    "hub": "Jongno 3(sam)-ga"
   },
   "geometry": {
    "type": "LineString",
    "coordinates": [
     [
      127.0528192,
      36.77762405
     ],
     [
      127.00319809999999,
      36.78053885
     ]
    ]
   }
  },
  {
   "type": "Feature",
   "properties": {
    "origin": "Jongno-gu",
    "hub": "Jongno 3(sam)-ga"
   },
   "geometry": {
    "type": "LineString",
    "coordinates": [
     [
      126.9935474,
      37.561972
     ],
     [
      127.0057565,
      37.5590786
     ]
    ]
   }
  },
  {
   "type": "Feature",
   "properties": {
    "origin": "Jongno-gu",
    "hub": "Jongno 3(sam)-ga"
   },
   "geometry": {
    "type": "LineString",
    "coordinates": [
     [
      127.046312175,
      37.689562124999995
     ],
     [
      127.053075,
      37.7001801
     ]
    ]
   }
  },
  {
   "type": "Feature",
   "properties": {
    "origin": "Jongno-gu",
    "hub": "Jongno 3(sam)-ga"
   },
   "geometry": {
    "type": "LineString",
    "coordinates": [
     [
      127.1928227,
      37.5629465
     ],
     [
      127.2043138,
      37.55281085
     ]
    ]
   }
  },
  {
   "type": "Feature",
   "properties": {
    "origin": "Jongno-gu",
    "hub": "Jongno 3(sam)-ga"
   },
   "geometry": {
    "type": "LineString",
    "coordinates": [
     [
      127.0730058,
      37.62561105
     ],
     [
      127.06822545,
      37.6359805
     ]
    ]
   }
  },
  {
   "type": "Feature",
   "properties": {
    "origin": "Jongno-gu",
    "hub": "Jongno 3(sam)-ga"
   },
   "geometry": {
    "type": "LineString",
    "coordinates": [
     [
      126.9638778,
      37.39428915
     ],
     [
      126.9509103,
      37.389907199999996
     ]
    ]
   }
  },
  {
   "type": "Feature",
   "properties": {
    "origin": "Jongno-gu",
    "hub": "Jongno 3(sam)-ga"
   },
   "geometry": {
    "type": "LineString",
    "coordinates": [
     [
      127.05454165,
      37.4483655
     ],
     [
      127.1113607,
      37.394543375
     ]
    ]
   }
  },
  {
   "type": "Feature",
   "properties": {
    "origin": "Jongno-gu",
    "hub": "Jongno 3(sam)-ga"
   },
   "geometry": {
    "type": "LineString",
    "coordinates": [
     [
      126.724560725,
      37.489460875000006
     ],
     [
      126.70695565,
      37.4830106
     ]
    ]
   }
  },
  {
   "type": "Feature",
   "properties": {
    "origin": "Jongno-gu",
    "hub": "Jongno 3(sam)-ga"
   },
   "geometry": {
    "type": "LineString",
    "coordinates": [
     [
      126.902253,
      37.4353932
     ],
     [
      126.90834585,
      37.4197271
     ]
    ]
   }
  },
  {
   "type": "Feature",
   "properties": {
    "origin": "Jongno-gu",
    "hub": "Jongno 3(sam)-ga"
   },
   "geometry": {
    "type": "LineString",
    "coordinates": [
     [
      126.8109994,
      37.6316918
     ],
     [
      126.78796255,
      37.6430864
     ]
    ]
   }
  },
  {
   "type": "Feature",
   "properties": {
    "origin": "Jongno-gu",
    "hub": "Jongno 3(sam)-ga"
   },
   "geometry": {
    "type": "LineString",
    "coordinates": [
     [
      127.06822545,
      37.6359805
     ],
     [
      127.06387335,
      37.6455284
     ]
    ]
   }
  },
  {
   "type": "Feature",
   "properties": {
    "origin": "Jongno-gu",
    "hub": "Jongno 3(sam)-ga"
   },
   "geometry": {
    "type": "LineString",
    "coordinates": [
     [
      126.91374195,
      37.64814335
     ],
     [
      126.89547454999999,
      37.65312725
     ]
    ]
   }
  },
  {
   "type": "Feature",
   "properties": {
    "origin": "Jongno-gu",
    "hub": "Jongno 3(sam)-ga"
   },
   "geometry": {
    "type": "LineString",
    "coordinates": [
     [
      127.128077625,
      37.5021865
     ],
     [
      127.1238319,
      37.4953088
     ]
    ]
   }
  },
  {
   "type": "Feature",
   "properties": {
    "origin": "Jongno-gu",
    "hub": "Jongno 3(sam)-ga"
   },
   "geometry": {
    "type": "LineString",
    "coordinates": [
     [
      127.07954310000001,
      37.557182225000005
     ],
     [
      127.07440324999999,
      37.5476204
     ]
    ]
   }
  },
  {
   "type": "Feature",
   "properties": {
    "origin": "Jongno-gu",
    "hub": "Jongno 3(sam)-ga"
   },
   "geometry": {
    "type": "LineString",
    "coordinates": [
     [
      127.04343015,
      37.18718805
     ],
     [
      127.06307985000001,
      37.16945165
     ]
    ]
   }
  },
  {
   "type": "Feature",
   "properties": {
    "origin": "Jongno-gu",
    "hub": "Jongno 3(sam)-ga"
   },
   "geometry": {
    "type": "LineString",
    "coordinates": [
     [
      126.98153045000001,
      37.4769541
     ],
     [
      126.9976719,
      37.48146185
     ]
    ]
   }
  },
  {
   "type": "Feature",
   "properties": {
    "origin": "Jongno-gu",
    "hub": "Jongno 3(sam)-ga"
   },
   "geometry": {
    "type": "LineString",
    "coordinates": [
     [
      126.89390025,
      37.53789915
     ],
     [
      126.8832178,
      37.544236749999996
     ]
    ]
   }
  },
  {
   "type": "Feature",
   "properties": {
    "origin": "Jongno-gu",
    "hub": "Jongno 3(sam)-ga"
   },
   "geometry": {
    "type": "LineString",
    "coordinates": [
     [
      126.8113736,
      37.506238350000004
     ],
     [
      126.7972585,
      37.5054479
     ]
    ]
   }
  },
  {
   "type": "Feature",
   "properties": {
    "origin": "Jongno-gu",
    "hub": "Jongno 3(sam)-ga"
   },
   "geometry": {
    "type": "LineString",
    "coordinates": [
     [
      126.67902043333333,
      37.4651555
     ],
     [
      126.6576604,
      37.466815
     ]
    ]
   }
  },
  {
   "type": "Feature",
   "properties": {
    "origin": "Jongno-gu",
    "hub": "Jongno 3(sam)-ga"
   },
   "geometry": {
    "type": "LineString",
    "coordinates": [
     [
      127.13808069999999,
      37.61096805
     ],
     [
      127.14977395,
      37.62432035
     ]
    ]
   }
  },
  {
   "type": "Feature",
   "properties": {
    "origin": "Jongno-gu",
    "hub": "Jongno 3(sam)-ga"
   },
   "geometry": {
    "type": "LineString",
    "coordinates": [
     [
      127.0461737,
      37.73766193333333
     ],
     [
      127.04479986666668,
      37.77416003333334
     ]
    ]
   }
  },
  {
   "type": "Feature",
   "properties": {
    "origin": "Jongno-gu",
    "hub": "Jongno 3(sam)-ga"
   },
   "geometry": {
    "type": "LineString",
    "coordinates": [
     [
      127.14408005,
      37.5519235
     ],
     [
      127.15379125000001,
      37.5549799
     ]
    ]
   }
  },
  {
   "type": "Feature",
   "properties": {
    "origin": "Jongno-gu",
    "hub": "Jongno 3(sam)-ga"
   },
   "geometry": {
    "type": "LineString",
    "coordinates": [
     [
      126.999739925,
      37.266122525
     ],
     [
      127.0331232,
      37.206827425
     ]
    ]
   }
  },
  {
   "type": "Feature",
   "properties": {
    "origin": "Jongno-gu",
    "hub": "Jongno 3(sam)-ga"
   },
   "geometry": {
    "type": "LineString",
    "coordinates": [
     [
      127.07440324999999,
      37.5476204
     ],
     [
      127.0711248,
      37.540995699999996
     ]
    ]
   }
  },
  {
   "type": "Feature",
   "properties": {
    "origin": "Jongno-gu",
    "hub": "Jongno 3(sam)-ga"
   },
   "geometry": {
    "type": "LineString",
    "coordinates": [
     [
      126.92304295,
      37.40144905
     ],
     [
      126.93565065,
      37.3843055
     ]
    ]
   }
  },
  {
   "type": "Feature",
   "properties": {
    "origin": "Jongno-gu",
    "hub": "Jongno 3(sam)-ga"
   },
   "geometry": {
    "type": "LineString",
    "coordinates": [
     [
      126.9644438,
      37.52945737499999
     ],
     [
      126.94158883333331,
      37.513936916666665
     ]
    ]
   }
  },
  {
   "type": "Feature",
   "properties": {
    "origin": "Jongno-gu",
    "hub": "Jongno 3(sam)-ga"
   },
   "geometry": {
    "type": "LineString",
    "coordinates": [
     [
      126.91689894999999,
      37.3279736
     ],
     [
      126.9038537,
      37.31243275
     ]
    ]
   }
  },
  {
   "type": "Feature",
   "properties": {
    "origin": "Jongno-gu",
    "hub": "Jongno 3(sam)-ga"
   },
   "geometry": {
    "type": "LineString",
    "coordinates": [
     [
      127.0246599,
      37.504134840000006
     ],
     [
      127.0438358,
      37.5102551
     ]
    ]
   }
  },
  {
   "type": "Feature",
   "properties": {
    "origin": "Jongno-gu",
    "hub": "Jongno 3(sam)-ga"
   },
   "geometry": {
    "type": "LineString",
    "coordinates": [
     [
      126.89151790000001,
      37.509030114285714
     ],
     [
      126.88262365,
      37.514484550000006
     ]
    ]
   }
  },
  {
   "type": "Feature",
   "properties": {
    "origin": "Jongno-gu",
    "hub": "Jongno 3(sam)-ga"
   },
   "geometry": {
    "type": "LineString",
    "coordinates": [
     [
      126.90267904999999,
      37.534194199999995
     ],
     [
      126.89390025,
      37.53789915
     ]
    ]
   }
  },
  {
   "type": "Feature",
   "properties": {
    "origin": "Jongno-gu",
    "hub": "Jongno 3(sam)-ga"
   },
   "geometry": {
    "type": "LineString",
    "coordinates": [
     [
      127.0331232,
      37.206827425
     ],
     [
      127.0666711,
      37.1448264
     ]
    ]
   }
  },
  {
   "type": "Feature",
   "properties": {
    "origin": "Jongno-gu",
    "hub": "Jongno 3(sam)-ga"
   },
   "geometry": {
    "type": "LineString",
    "coordinates": [
     [
      127.01593,
      37.5480416
     ],
     [
      127.0174475,
      37.5416892
     ]
    ]
   }
  },
  {
   "type": "Feature",
   "properties": {
    "origin": "Jongno-gu",
    "hub": "Jongno 3(sam)-ga"
   },
   "geometry": {
    "type": "LineString",
    "coordinates": [
     [
      126.99319055000001,
      37.4875448
     ],
     [
      126.98196229999999,
      37.48532035
     ]
    ]
   }
  },
  {
   "type": "Feature",
   "properties": {
    "origin": "Jongno-gu",
    "hub": "Jongno 3(sam)-ga"
   },
   "geometry": {
    "type": "LineString",
    "coordinates": [
     [
      127.0719283,
      38.024529799999996
     ],
     [
      127.0738629,
      38.1004613
     ]
    ]
   }
  },
  {
   "type": "Feature",
   "properties": {
    "origin": "Jongno-gu",
    "hub": "Jongno 3(sam)-ga"
   },
   "geometry": {
    "type": "LineString",
    "coordinates": [
     [
      126.89641230000001,
      37.524029799999994
     ],
     [
      126.8861202,
      37.5256362
     ]
    ]
   }
  },
  {
   "type": "Feature",
   "properties": {
    "origin": "Jongno-gu",
    "hub": "Jongno 3(sam)-ga"
   },
   "geometry": {
    "type": "LineString",
    "coordinates": [
     [
      127.12332384999999,
      37.538330724999994
     ],
     [
      127.13261646666666,
      37.535815533333334
     ]
    ]
   }
  },
  {
   "type": "Feature",
   "properties": {
    "origin": "Jongno-gu",
    "hub": "Jongno 3(sam)-ga"
   },
   "geometry": {
    "type": "LineString",
    "coordinates": [
     [
      126.80592225000001,
      37.3207102
     ],
     [
      126.788700425,
      37.327088575000005
     ]
    ]
   }
  },
  {
   "type": "Feature",
   "properties": {
    "origin": "Jongno-gu",
    "hub": "Jongno 3(sam)-ga"
   },
   "geometry": {
    "type": "LineString",
    "coordinates": [
     [
      126.9885185,
      37.4650423
     ],
     [
      127.00210535,
      37.451572299999995
     ]
    ]
   }
  },
  {
   "type": "Feature",
   "properties": {
    "origin": "Jongno-gu",
    "hub": "Jongno 3(sam)-ga"
   },
   "geometry": {
    "type": "LineString",
    "coordinates": [
     [
      127.0515173,
      37.2885603
     ],
     [
      127.04414025,
      37.30217675
     ]
    ]
   }
  },
  {
   "type": "Feature",
   "properties": {
    "origin": "Jongno-gu",
    "hub": "Jongno 3(sam)-ga"
   },
   "geometry": {
    "type": "LineString",
    "coordinates": [
     [
      127.014221675,
      37.493417775000005
     ],
     [
      127.01630875000001,
      37.48497865
     ]
    ]
   }
  },
  {
   "type": "Feature",
   "properties": {
    "origin": "Jongno-gu",
    "hub": "Jongno 3(sam)-ga"
   },
   "geometry": {
    "type": "LineString",
    "coordinates": [
     [
      127.1489162,
      36.83411695
     ],
     [
      127.14656635,
      36.8109339
     ]
    ]
   }
  },
  {
   "type": "Feature",
   "properties": {
    "origin": "Gangnam-gu",
    "hub": "Gangnam"
   },
   "geometry": {
    "type": "LineString",
    "coordinates": [
     [
      127.0631799,
      37.494503
     ],
     [
      127.0698874,
      37.4965268
     ]
    ]
   }
  },
  {
   "type": "Feature",
   "properties": {
    "origin": "Gangnam-gu",
    "hub": "Gangnam"
   },
   "geometry": {
    "type": "LineString",
    "coordinates": [
     [
      126.84291495,
      37.6531073
     ],
     [
      126.83262855000001,
      37.6346248
     ]
    ]
   }
  },
  {
   "type": "Feature",
   "properties": {
    "origin": "Gangnam-gu",
    "hub": "Gangnam"
   },
   "geometry": {
    "type": "LineString",
    "coordinates": [
     [
      127.1260606,
      37.478900550000006
     ],
     [
      127.12672925,
      37.47090125
     ]
    ]
   }
  },
  {
   "type": "Feature",
   "properties": {
    "origin": "Gangnam-gu",
    "hub": "Gangnam"
   },
   "geometry": {
    "type": "LineString",
    "coordinates": [
     [
      127.0057659,
      37.5590197
     ],
     [
      126.9944059,
      37.561106433333336
     ]
    ]
   }
  },
  {
   "type": "Feature",
   "properties": {
    "origin": "Gangnam-gu",
    "hub": "Gangnam"
   },
   "geometry": {
    "type": "LineString",
    "coordinates": [
     [
      126.724560725,
      37.489460875000006
     ],
     [
      126.7028595,
      37.470726125
     ]
    ]
   }
  },
  {
   "type": "Feature",
   "properties": {
    "origin": "Gangnam-gu",
    "hub": "Gangnam"
   },
   "geometry": {
    "type": "LineString",
    "coordinates": [
     [
      126.80816335,
      37.57285495
     ],
     [
      126.81273185,
      37.57739155
     ]
    ]
   }
  },
  {
   "type": "Feature",
   "properties": {
    "origin": "Gangnam-gu",
    "hub": "Gangnam"
   },
   "geometry": {
    "type": "LineString",
    "coordinates": [
     [
      126.89151790000001,
      37.509030114285714
     ],
     [
      126.8822843222222,
      37.50327466666667
     ]
    ]
   }
  },
  {
   "type": "Feature",
   "properties": {
    "origin": "Gangnam-gu",
    "hub": "Gangnam"
   },
   "geometry": {
    "type": "LineString",
    "coordinates": [
     [
      127.046312175,
      37.689562124999995
     ],
     [
      127.04726355,
      37.7239029
     ]
    ]
   }
  },
  {
   "type": "Feature",
   "properties": {
    "origin": "Gangnam-gu",
    "hub": "Gangnam"
   },
   "geometry": {
    "type": "LineString",
    "coordinates": [
     [
      127.04726355,
      37.7239029
     ],
     [
      127.0461737,
      37.73766193333333
     ]
    ]
   }
  },
  {
   "type": "Feature",
   "properties": {
    "origin": "Gangnam-gu",
    "hub": "Gangnam"
   },
   "geometry": {
    "type": "LineString",
    "coordinates": [
     [
      127.079078,
      37.67024585
     ],
     [
      127.11618745,
      37.6677962
     ]
    ]
   }
  },
  {
   "type": "Feature",
   "properties": {
    "origin": "Gangnam-gu",
    "hub": "Gangnam"
   },
   "geometry": {
    "type": "LineString",
    "coordinates": [
     [
      126.92414654999999,
      37.52167905
     ],
     [
      126.9180312,
      37.5279527
     ]
    ]
   }
  },
  {
   "type": "Feature",
   "properties": {
    "origin": "Gangnam-gu",
    "hub": "Gangnam"
   },
   "geometry": {
    "type": "LineString",
    "coordinates": [
     [
      127.10697945,
      37.505189625
     ],
     [
      127.10352075,
      37.514297799999994
     ]
    ]
   }
  },
  {
   "type": "Feature",
   "properties": {
    "origin": "Gangnam-gu",
    "hub": "Gangnam"
   },
   "geometry": {
    "type": "LineString",
    "coordinates": [
     [
      127.29996225,
      37.373357299999995
     ],
     [
      127.3462797,
      37.3505042
     ]
    ]
   }
  },
  {
   "type": "Feature",
   "properties": {
    "origin": "Gangnam-gu",
    "hub": "Gangnam"
   },
   "geometry": {
    "type": "LineString",
    "coordinates": [
     [
      127.08841535,
      37.5807183
     ],
     [
      127.0875651,
      37.588382949999996
     ]
    ]
   }
  },
  {
   "type": "Feature",
   "properties": {
    "origin": "Gangnam-gu",
    "hub": "Gangnam"
   },
   "geometry": {
    "type": "LineString",
    "coordinates": [
     [
      127.0837107,
      37.61978165
     ],
     [
      127.09109065,
      37.617416899999995
     ]
    ]
   }
  },
  {
   "type": "Feature",
   "properties": {
    "origin": "Gangnam-gu",
    "hub": "Gangnam"
   },
   "geometry": {
    "type": "LineString",
    "coordinates": [
     [
      127.10352075,
      37.514297799999994
     ],
     [
      127.11266905,
      37.5175106
     ]
    ]
   }
  },
  {
   "type": "Feature",
   "properties": {
    "origin": "Gangnam-gu",
    "hub": "Gangnam"
   },
   "geometry": {
    "type": "LineString",
    "coordinates": [
     [
      126.97134670000001,
      37.30031830000001
     ],
     [
      126.98955755,
      37.2840608
     ]
    ]
   }
  },
  {
   "type": "Feature",
   "properties": {
    "origin": "Gangnam-gu",
    "hub": "Gangnam"
   },
   "geometry": {
    "type": "LineString",
    "coordinates": [
     [
      126.90722555,
      37.515533616666666
     ],
     [
      126.89401819999999,
      37.45556295
     ]
    ]
   }
  },
  {
   "type": "Feature",
   "properties": {
    "origin": "Gangnam-gu",
    "hub": "Gangnam"
   },
   "geometry": {
    "type": "LineString",
    "coordinates": [
     [
      127.0307414,
      37.51395335
     ],
     [
      127.0413093,
      37.51717855
     ]
    ]
   }
  },
  {
   "type": "Feature",
   "properties": {
    "origin": "Gangnam-gu",
    "hub": "Gangnam"
   },
   "geometry": {
    "type": "LineString",
    "coordinates": [
     [
      126.76123989999999,
      37.670143249999995
     ],
     [
      126.74746815,
      37.6761745
     ]
    ]
   }
  },
  {
   "type": "Feature",
   "properties": {
    "origin": "Gangnam-gu",
    "hub": "Gangnam"
   },
   "geometry": {
    "type": "LineString",
    "coordinates": [
     [
      127.2043138,
      37.55281085
     ],
     [
      127.207006,
      37.54165275
     ]
    ]
   }
  },
  {
   "type": "Feature",
   "properties": {
    "origin": "Gangnam-gu",
    "hub": "Gangnam"
   },
   "geometry": {
    "type": "LineString",
    "coordinates": [
     [
      126.78272705,
      37.484111150000004
     ],
     [
      126.7537146,
      37.4876311
     ]
    ]
   }
  },
  {
   "type": "Feature",
   "properties": {
    "origin": "Gangnam-gu",
    "hub": "Gangnam"
   },
   "geometry": {
    "type": "LineString",
    "coordinates": [
     [
      127.0246599,
      37.504134840000006
     ],
     [
      127.0151398,
      37.5042952
     ]
    ]
   }
  },
  {
   "type": "Feature",
   "properties": {
    "origin": "Gangnam-gu",
    "hub": "Gangnam"
   },
   "geometry": {
    "type": "LineString",
    "coordinates": [
     [
      127.0692152,
      37.540422050000004
     ],
     [
      127.056101,
      37.5445711
     ]
    ]
   }
  },
  {
   "type": "Feature",
   "properties": {
    "origin": "Gangnam-gu",
    "hub": "Gangnam"
   },
   "geometry": {
    "type": "LineString",
    "coordinates": [
     [
      127.0438358,
      37.5102551
     ],
     [
      127.05341885,
      37.51308095
     ]
    ]
   }
  },
  {
   "type": "Feature",
   "properties": {
    "origin": "Gangnam-gu",
    "hub": "Gangnam"
   },
   "geometry": {
    "type": "LineString",
    "coordinates": [
     [
      127.1761181,
      37.5575379
     ],
     [
      127.1928227,
      37.5629465
     ]
    ]
   }
  },
  {
   "type": "Feature",
   "properties": {
    "origin": "Gangnam-gu",
    "hub": "Gangnam"
   },
   "geometry": {
    "type": "LineString",
    "coordinates": [
     [
      127.03622743333334,
      37.561098433333335
     ],
     [
      127.0436639,
      37.555725300000006
     ]
    ]
   }
  },
  {
   "type": "Feature",
   "properties": {
    "origin": "Gangnam-gu",
    "hub": "Gangnam"
   },
   "geometry": {
    "type": "LineString",
    "coordinates": [
     [
      126.90267904999999,
      37.534194199999995
     ],
     [
      126.9146599,
      37.55006055
     ]
    ]
   }
  },
  {
   "type": "Feature",
   "properties": {
    "origin": "Gangnam-gu",
    "hub": "Gangnam"
   },
   "geometry": {
    "type": "LineString",
    "coordinates": [
     [
      126.9976719,
      37.48146185
     ],
     [
      126.98153045000001,
      37.4769541
     ]
    ]
   }
  },
  {
   "type": "Feature",
   "properties": {
    "origin": "Gangnam-gu",
    "hub": "Gangnam"
   },
   "geometry": {
    "type": "LineString",
    "coordinates": [
     [
      126.90893539999999,
      37.50012825
     ],
     [
      126.8962674,
      37.49250275
     ]
    ]
   }
  },
  {
   "type": "Feature",
   "properties": {
    "origin": "Gangnam-gu",
    "hub": "Gangnam"
   },
   "geometry": {
    "type": "LineString",
    "coordinates": [
     [
      126.724560725,
      37.489460875000006
     ],
     [
      126.6801621,
      37.4650781
     ]
    ]
   }
  },
  {
   "type": "Feature",
   "properties": {
    "origin": "Gangnam-gu",
    "hub": "Gangnam"
   },
   "geometry": {
    "type": "LineString",
    "coordinates": [
     [
      126.98153045000001,
      37.4769541
     ],
     [
      126.96355224999999,
      37.4770473
     ]
    ]
   }
  },
  {
   "type": "Feature",
   "properties": {
    "origin": "Gangnam-gu",
    "hub": "Gangnam"
   },
   "geometry": {
    "type": "LineString",
    "coordinates": [
     [
      127.10697945,
      37.505189625
     ],
     [
      127.11280625,
      37.5112663
     ]
    ]
   }
  },
  {
   "type": "Feature",
   "properties": {
    "origin": "Gangnam-gu",
    "hub": "Gangnam"
   },
   "geometry": {
    "type": "LineString",
    "coordinates": [
     [
      127.49032700000001,
      37.260404449999996
     ],
     [
      127.5706498,
      37.29361915
     ]
    ]
   }
  },
  {
   "type": "Feature",
   "properties": {
    "origin": "Gangnam-gu",
    "hub": "Gangnam"
   },
   "geometry": {
    "type": "LineString",
    "coordinates": [
     [
      127.14977395,
      37.62432035
     ],
     [
      127.1273613,
      37.6424033
     ]
    ]
   }
  },
  {
   "type": "Feature",
   "properties": {
    "origin": "Gangnam-gu",
    "hub": "Gangnam"
   },
   "geometry": {
    "type": "LineString",
    "coordinates": [
     [
      126.85594660000001,
      37.52504475
     ],
     [
      126.8465805,
      37.53185633333333
     ]
    ]
   }
  },
  {
   "type": "Feature",
   "properties": {
    "origin": "Gangnam-gu",
    "hub": "Gangnam"
   },
   "geometry": {
    "type": "LineString",
    "coordinates": [
     [
      127.04432025,
      37.6674863
     ],
     [
      127.04551135,
      37.679016000000004
     ]
    ]
   }
  },
  {
   "type": "Feature",
   "properties": {
    "origin": "Gangnam-gu",
    "hub": "Gangnam"
   },
   "geometry": {
    "type": "LineString",
    "coordinates": [
     [
      127.010226875,
      37.571269725
     ],
     [
      127.0021236,
      37.5709815
     ]
    ]
   }
  },
  {
   "type": "Feature",
   "properties": {
    "origin": "Gangnam-gu",
    "hub": "Gangnam"
   },
   "geometry": {
    "type": "LineString",
    "coordinates": [
     [
      127.02494089999999,
      37.603309749999994
     ],
     [
      127.03009940000001,
      37.61316885
     ]
    ]
   }
  },
  {
   "type": "Feature",
   "properties": {
    "origin": "Gangnam-gu",
    "hub": "Gangnam"
   },
   "geometry": {
    "type": "LineString",
    "coordinates": [
     [
      127.11792632500001,
      37.492728225
     ],
     [
      127.1237831,
      37.495351
     ]
    ]
   }
  },
  {
   "type": "Feature",
   "properties": {
    "origin": "Gangnam-gu",
    "hub": "Gangnam"
   },
   "geometry": {
    "type": "LineString",
    "coordinates": [
     [
      127.04824445,
      37.606223
     ],
     [
      127.05647575,
      37.6105524
     ]
    ]
   }
  },
  {
   "type": "Feature",
   "properties": {
    "origin": "Gangnam-gu",
    "hub": "Gangnam"
   },
   "geometry": {
    "type": "LineString",
    "coordinates": [
     [
      127.08549585,
      37.5115962
     ],
     [
      127.1002885,
      37.513304899999994
     ]
    ]
   }
  },
  {
   "type": "Feature",
   "properties": {
    "origin": "Gangnam-gu",
    "hub": "Gangnam"
   },
   "geometry": {
    "type": "LineString",
    "coordinates": [
     [
      127.1406795,
      37.437440949999996
     ],
     [
      127.13032179999999,
      37.434014149999996
     ]
    ]
   }
  },
  {
   "type": "Feature",
   "properties": {
    "origin": "Gangnam-gu",
    "hub": "Gangnam"
   },
   "geometry": {
    "type": "LineString",
    "coordinates": [
     [
      127.15677604999999,
      37.44508145
     ],
     [
      127.1476359,
      37.44099535
     ]
    ]
   }
  },
  {
   "type": "Feature",
   "properties": {
    "origin": "Gangnam-gu",
    "hub": "Gangnam"
   },
   "geometry": {
    "type": "LineString",
    "coordinates": [
     [
      126.88259225,
      37.481642550000004
     ],
     [
      126.88950750000001,
      37.46602645
     ]
    ]
   }
  },
  {
   "type": "Feature",
   "properties": {
    "origin": "Gangnam-gu",
    "hub": "Gangnam"
   },
   "geometry": {
    "type": "LineString",
    "coordinates": [
     [
      127.00488916666667,
      37.50495225
     ],
     [
      126.99319055000001,
      37.4875448
     ]
    ]
   }
  },
  {
   "type": "Feature",
   "properties": {
    "origin": "Gangnam-gu",
    "hub": "Gangnam"
   },
   "geometry": {
    "type": "LineString",
    "coordinates": [
     [
      127.1910807,
      37.705207650000006
     ],
     [
      127.20323855,
      37.7200354
     ]
    ]
   }
  },
  {
   "type": "Feature",
   "properties": {
    "origin": "Gangnam-gu",
    "hub": "Gangnam"
   },
   "geometry": {
    "type": "LineString",
    "coordinates": [
     [
      127.06387335,
      37.6455284
     ],
     [
      127.0605474,
      37.6544077
     ]
    ]
   }
  },
  {
   "type": "Feature",
   "properties": {
    "origin": "Gangnam-gu",
    "hub": "Gangnam"
   },
   "geometry": {
    "type": "LineString",
    "coordinates": [
     [
      126.9357156,
      37.600943
     ],
     [
      126.930398,
      37.6098806
     ]
    ]
   }
  },
  {
   "type": "Feature",
   "properties": {
    "origin": "Gangnam-gu",
    "hub": "Gangnam"
   },
   "geometry": {
    "type": "LineString",
    "coordinates": [
     [
      126.94584105,
      37.55676595
     ],
     [
      126.93690799999999,
      37.55515495
     ]
    ]
   }
  },
  {
   "type": "Feature",
   "properties": {
    "origin": "Gangnam-gu",
    "hub": "Gangnam"
   },
   "geometry": {
    "type": "LineString",
    "coordinates": [
     [
      127.0875651,
      37.588382949999996
     ],
     [
      127.08565575,
      37.59584195
     ]
    ]
   }
  },
  {
   "type": "Feature",
   "properties": {
    "origin": "Gangnam-gu",
    "hub": "Gangnam"
   },
   "geometry": {
    "type": "LineString",
    "coordinates": [
     [
      126.8363186,
      37.54886705
     ],
     [
      126.83748539999999,
      37.55844505
     ]
    ]
   }
  },
  {
   "type": "Feature",
   "properties": {
    "origin": "Gangnam-gu",
    "hub": "Gangnam"
   },
   "geometry": {
    "type": "LineString",
    "coordinates": [
     [
      126.9509103,
      37.389907199999996
     ],
     [
      126.94337842499999,
      37.372332
     ]
    ]
   }
  },
  {
   "type": "Feature",
   "properties": {
    "origin": "Gangnam-gu",
    "hub": "Gangnam"
   },
   "geometry": {
    "type": "LineString",
    "coordinates": [
     [
      127.0565601,
      37.9025991
     ],
     [
      127.054875,
      37.9275599
     ]
    ]
   }
  },
  {
   "type": "Feature",
   "properties": {
    "origin": "Gangnam-gu",
    "hub": "Gangnam"
   },
   "geometry": {
    "type": "LineString",
    "coordinates": [
     [
      127.10697945,
      37.505189625
     ],
     [
      127.11227210000001,
      37.49963255
     ]
    ]
   }
  },
  {
   "type": "Feature",
   "properties": {
    "origin": "Gangnam-gu",
    "hub": "Gangnam"
   },
   "geometry": {
    "type": "LineString",
    "coordinates": [
     [
      126.97691345,
      37.57161265
     ],
     [
      126.96663975,
      37.565793400000004
     ]
    ]
   }
  },
  {
   "type": "Feature",
   "properties": {
    "origin": "Gangnam-gu",
    "hub": "Gangnam"
   },
   "geometry": {
    "type": "LineString",
    "coordinates": [
     [
      126.94337842499999,
      37.372332
     ],
     [
      126.93565065,
      37.3843055
     ]
    ]
   }
  },
  {
   "type": "Feature",
   "properties": {
    "origin": "Gangnam-gu",
    "hub": "Gangnam"
   },
   "geometry": {
    "type": "LineString",
    "coordinates": [
     [
      126.973578,
      37.57582
     ],
     [
      126.9578751,
      37.5745552
     ]
    ]
   }
  },
  {
   "type": "Feature",
   "properties": {
    "origin": "Gangnam-gu",
    "hub": "Gangnam"
   },
   "geometry": {
    "type": "LineString",
    "coordinates": [
     [
      127.12332384999999,
      37.538330724999994
     ],
     [
      127.10351095,
      37.5453002
     ]
    ]
   }
  },
  {
   "type": "Feature",
   "properties": {
    "origin": "Gangnam-gu",
    "hub": "Gangnam"
   },
   "geometry": {
    "type": "LineString",
    "coordinates": [
     [
      127.034487975,
      37.484172900000004
     ],
     [
      127.0469913,
      37.4870435
     ]
    ]
   }
  },
  {
   "type": "Feature",
   "properties": {
    "origin": "Gangnam-gu",
    "hub": "Gangnam"
   },
   "geometry": {
    "type": "LineString",
    "coordinates": [
     [
      126.94158883333331,
      37.513936916666665
     ],
     [
      126.9644438,
      37.52945737499999
     ]
    ]
   }
  },
  {
   "type": "Feature",
   "properties": {
    "origin": "Gangnam-gu",
    "hub": "Gangnam"
   },
   "geometry": {
    "type": "LineString",
    "coordinates": [
     [
      127.01963022499999,
      37.515947849999996
     ],
     [
      127.01109835,
      37.51273505
     ]
    ]
   }
  },
  {
   "type": "Feature",
   "properties": {
    "origin": "Gangnam-gu",
    "hub": "Gangnam"
   },
   "geometry": {
    "type": "LineString",
    "coordinates": [
     [
      127.027783275,
      37.497521625000005
     ],
     [
      127.014221675,
      37.493417775000005
     ]
    ]
   }
  },
  {
   "type": "Feature",
   "properties": {
    "origin": "Gangnam-gu",
    "hub": "Gangnam"
   },
   "geometry": {
    "type": "LineString",
    "coordinates": [
     [
      127.07510895,
      37.5112206
     ],
     [
      127.0872093,
      37.5045328
     ]
    ]
   }
  },
  {
   "type": "Feature",
   "properties": {
    "origin": "Gangnam-gu",
    "hub": "Gangnam"
   },
   "geometry": {
    "type": "LineString",
    "coordinates": [
     [
      127.11792632500001,
      37.492728225
     ],
     [
      127.1238319,
      37.4953088
     ]
    ]
   }
  },
  {
   "type": "Feature",
   "properties": {
    "origin": "Gangnam-gu",
    "hub": "Gangnam"
   },
   "geometry": {
    "type": "LineString",
    "coordinates": [
     [
      127.130605875,
      37.516118175
     ],
     [
      127.1482366,
      37.528283833333326
     ]
    ]
   }
  },
  {
   "type": "Feature",
   "properties": {
    "origin": "Gangnam-gu",
    "hub": "Gangnam"
   },
   "geometry": {
    "type": "LineString",
    "coordinates": [
     [
      126.67902043333333,
      37.4651555
     ],
     [
      126.633077325,
      37.47509785
     ]
    ]
   }
  },
  {
   "type": "Feature",
   "properties": {
    "origin": "Gangnam-gu",
    "hub": "Gangnam"
   },
   "geometry": {
    "type": "LineString",
    "coordinates": [
     [
      126.98196229999999,
      37.48532035
     ],
     [
      126.97186830000001,
      37.484363450000004
     ]
    ]
   }
  },
  {
   "type": "Feature",
   "properties": {
    "origin": "Gangnam-gu",
    "hub": "Gangnam"
   },
   "geometry": {
    "type": "LineString",
    "coordinates": [
     [
      127.0198127,
      37.56563195
     ],
     [
      127.0292055,
      37.56440925
     ]
    ]
   }
  },
  {
   "type": "Feature",
   "properties": {
    "origin": "Gangnam-gu",
    "hub": "Gangnam"
   },
   "geometry": {
    "type": "LineString",
    "coordinates": [
     [
      126.9935474,
      37.561972
     ],
     [
      126.9926834,
      37.5663661
     ]
    ]
   }
  },
  {
   "type": "Feature",
   "properties": {
    "origin": "Gangnam-gu",
    "hub": "Gangnam"
   },
   "geometry": {
    "type": "LineString",
    "coordinates": [
     [
      126.8384926,
      37.31602785
     ],
     [
      126.82301165,
      37.31686475
     ]
    ]
   }
  },
  {
   "type": "Feature",
   "properties": {
    "origin": "Gangnam-gu",
    "hub": "Gangnam"
   },
   "geometry": {
    "type": "LineString",
    "coordinates": [
     [
      126.9527503,
      37.48120715
     ],
     [
      126.9419898,
      37.482370200000005
     ]
    ]
   }
  },
  {
   "type": "Feature",
   "properties": {
    "origin": "Gangnam-gu",
    "hub": "Gangnam"
   },
   "geometry": {
    "type": "LineString",
    "coordinates": [
     [
      126.951171975,
      37.543658125
     ],
     [
      126.94233779999999,
      37.54770605
     ]
    ]
   }
  },
  {
   "type": "Feature",
   "properties": {
    "origin": "Gangnam-gu",
    "hub": "Gangnam"
   },
   "geometry": {
    "type": "LineString",
    "coordinates": [
     [
      126.88262365,
      37.514484550000006
     ],
     [
      126.8659206,
      37.51228415
     ]
    ]
   }
  },
  {
   "type": "Feature",
   "properties": {
    "origin": "Gangnam-gu",
    "hub": "Gangnam"
   },
   "geometry": {
    "type": "LineString",
    "coordinates": [
     [
      126.855077,
      37.5611624
     ],
     [
      126.82772320000001,
      37.566714149999996
     ]
    ]
   }
  },
  {
   "type": "Feature",
   "properties": {
    "origin": "Gangnam-gu",
    "hub": "Gangnam"
   },
   "geometry": {
    "type": "LineString",
    "coordinates": [
     [
      126.8822843222222,
      37.50327466666667
     ],
     [
      126.8604172,
      37.4942856
     ]
    ]
   }
  },
  {
   "type": "Feature",
   "properties": {
    "origin": "Gangnam-gu",
    "hub": "Gangnam"
   },
   "geometry": {
    "type": "LineString",
    "coordinates": [
     [
      126.94767085000001,
      37.5032044
     ],
     [
      126.93920815,
      37.50497785
     ]
    ]
   }
  },
  {
   "type": "Feature",
   "properties": {
    "origin": "Gangnam-gu",
    "hub": "Gangnam"
   },
   "geometry": {
    "type": "LineString",
    "coordinates": [
     [
      127.00636765,
      37.5885974
     ],
     [
      127.0164111,
      37.592665
     ]
    ]
   }
  },
  {
   "type": "Feature",
   "properties": {
    "origin": "Gangnam-gu",
    "hub": "Gangnam"
   },
   "geometry": {
    "type": "LineString",
    "coordinates": [
     [
      126.86459835,
      37.5512139
     ],
     [
      126.86195190000001,
      37.55743755
     ]
    ]
   }
  },
  {
   "type": "Feature",
   "properties": {
    "origin": "Gangnam-gu",
    "hub": "Gangnam"
   },
   "geometry": {
    "type": "LineString",
    "coordinates": [
     [
      127.0158595,
      37.5480153
     ],
     [
      127.0105499,
      37.5548296
     ]
    ]
   }
  },
  {
   "type": "Feature",
   "properties": {
    "origin": "Gangnam-gu",
    "hub": "Gangnam"
   },
   "geometry": {
    "type": "LineString",
    "coordinates": [
     [
      126.9209102,
      37.6194877
     ],
     [
      126.9188368,
      37.6368601
     ]
    ]
   }
  },
  {
   "type": "Feature",
   "properties": {
    "origin": "Gangnam-gu",
    "hub": "Gangnam"
   },
   "geometry": {
    "type": "LineString",
    "coordinates": [
     [
      126.933021475,
      37.358028000000004
     ],
     [
      126.92560309999999,
      37.35054165
     ]
    ]
   }
  },
  {
   "type": "Feature",
   "properties": {
    "origin": "Gangnam-gu",
    "hub": "Gangnam"
   },
   "geometry": {
    "type": "LineString",
    "coordinates": [
     [
      127.0105499,
      37.5548296
     ],
     [
      127.0057659,
      37.5590197
     ]
    ]
   }
  },
  {
   "type": "Feature",
   "properties": {
    "origin": "Gangnam-gu",
    "hub": "Gangnam"
   },
   "geometry": {
    "type": "LineString",
    "coordinates": [
     [
      126.88669185,
      37.485393650000006
     ],
     [
      126.88277049999999,
      37.48041845
     ]
    ]
   }
  },
  {
   "type": "Feature",
   "properties": {
    "origin": "Gangnam-gu",
    "hub": "Gangnam"
   },
   "geometry": {
    "type": "LineString",
    "coordinates": [
     [
      127.074925275,
      37.617910925000004
     ],
     [
      127.0730058,
      37.62561105
     ]
    ]
   }
  },
  {
   "type": "Feature",
   "properties": {
    "origin": "Gangnam-gu",
    "hub": "Gangnam"
   },
   "geometry": {
    "type": "LineString",
    "coordinates": [
     [
      126.788700425,
      37.327088575000005
     ],
     [
      126.7671307,
      37.33761945
     ]
    ]
   }
  },
  {
   "type": "Feature",
   "properties": {
    "origin": "Gangnam-gu",
    "hub": "Gangnam"
   },
   "geometry": {
    "type": "LineString",
    "coordinates": [
     [
      126.97194730000001,
      37.54513985
     ],
     [
      126.97233707999999,
      37.554326859999996
     ]
    ]
   }
  },
  {
   "type": "Feature",
   "properties": {
    "origin": "Gangnam-gu",
    "hub": "Gangnam"
   },
   "geometry": {
    "type": "LineString",
    "coordinates": [
     [
      127.04479986666668,
      37.77416003333334
     ],
     [
      127.0615646,
      37.8432631
     ]
    ]
   }
  },
  {
   "type": "Feature",
   "properties": {
    "origin": "Gangnam-gu",
    "hub": "Gangnam"
   },
   "geometry": {
    "type": "LineString",
    "coordinates": [
     [
      127.06572985,
      37.61498645
     ],
     [
      127.061764025,
      37.623803025
     ]
    ]
   }
  },
  {
   "type": "Feature",
   "properties": {
    "origin": "Gangnam-gu",
    "hub": "Gangnam"
   },
   "geometry": {
    "type": "LineString",
    "coordinates": [
     [
      127.1348279,
      37.498074
     ],
     [
      127.14374885000001,
      37.49335525
     ]
    ]
   }
  },
  {
   "type": "Feature",
   "properties": {
    "origin": "Gangnam-gu",
    "hub": "Gangnam"
   },
   "geometry": {
    "type": "LineString",
    "coordinates": [
     [
      127.0615646,
      37.8432631
     ],
     [
      127.0565601,
      37.9025991
     ]
    ]
   }
  },
  {
   "type": "Feature",
   "properties": {
    "origin": "Gangnam-gu",
    "hub": "Gangnam"
   },
   "geometry": {
    "type": "LineString",
    "coordinates": [
     [
      126.7531662,
      37.505828199999996
     ],
     [
      126.7423046,
      37.5064953
     ]
    ]
   }
  },
  {
   "type": "Feature",
   "properties": {
    "origin": "Gangnam-gu",
    "hub": "Gangnam"
   },
   "geometry": {
    "type": "LineString",
    "coordinates": [
     [
      127.207006,
      37.54165275
     ],
     [
      127.22369005,
      37.539676799999995
     ]
    ]
   }
  },
  {
   "type": "Feature",
   "properties": {
    "origin": "Gangnam-gu",
    "hub": "Gangnam"
   },
   "geometry": {
    "type": "LineString",
    "coordinates": [
     [
      126.8822843222222,
      37.50327466666667
     ],
     [
      126.85895063333334,
      37.4945512
     ]
    ]
   }
  },
  {
   "type": "Feature",
   "properties": {
    "origin": "Gangnam-gu",
    "hub": "Gangnam"
   },
   "geometry": {
    "type": "LineString",
    "coordinates": [
     [
      126.951171975,
      37.543658125
     ],
     [
      126.9459774,
      37.5396233
     ]
    ]
   }
  },
  {
   "type": "Feature",
   "properties": {
    "origin": "Gangnam-gu",
    "hub": "Gangnam"
   },
   "geometry": {
    "type": "LineString",
    "coordinates": [
     [
      126.78272705,
      37.484111150000004
     ],
     [
      126.75233173333334,
      37.487693199999995
     ]
    ]
   }
  },
  {
   "type": "Feature",
   "properties": {
    "origin": "Gangnam-gu",
    "hub": "Gangnam"
   },
   "geometry": {
    "type": "LineString",
    "coordinates": [
     [
      127.13607164999999,
      36.801399849999996
     ],
     [
      127.12136459999999,
      36.79375185
     ]
    ]
   }
  },
  {
   "type": "Feature",
   "properties": {
    "origin": "Gangnam-gu",
    "hub": "Gangnam"
   },
   "geometry": {
    "type": "LineString",
    "coordinates": [
     [
      126.90512775,
      37.522699349999996
     ],
     [
      126.89641230000001,
      37.524029799999994
     ]
    ]
   }
  },
  {
   "type": "Feature",
   "properties": {
    "origin": "Gangnam-gu",
    "hub": "Gangnam"
   },
   "geometry": {
    "type": "LineString",
    "coordinates": [
     [
      127.0436639,
      37.555725300000006
     ],
     [
      127.04739810000001,
      37.54723575
     ]
    ]
   }
  },
  {
   "type": "Feature",
   "properties": {
    "origin": "Gangnam-gu",
    "hub": "Gangnam"
   },
   "geometry": {
    "type": "LineString",
    "coordinates": [
     [
      127.0116271,
      37.5081687
     ],
     [
      127.02148299999999,
      37.511113550000005
     ]
    ]
   }
  },
  {
   "type": "Feature",
   "properties": {
    "origin": "Gangnam-gu",
    "hub": "Gangnam"
   },
   "geometry": {
    "type": "LineString",
    "coordinates": [
     [
      126.7537146,
      37.4876311
     ],
     [
      126.724560725,
      37.489460875000006
     ]
    ]
   }
  },
  {
   "type": "Feature",
   "properties": {
    "origin": "Gangnam-gu",
    "hub": "Gangnam"
   },
   "geometry": {
    "type": "LineString",
    "coordinates": [
     [
      126.94807167500001,
      37.320376
     ],
     [
      126.97134670000001,
      37.30031830000001
     ]
    ]
   }
  },
  {
   "type": "Feature",
   "properties": {
    "origin": "Gangnam-gu",
    "hub": "Gangnam"
   },
   "geometry": {
    "type": "LineString",
    "coordinates": [
     [
      126.80143015,
      37.562032125
     ],
     [
      126.80816335,
      37.57285495
     ]
    ]
   }
  },
  {
   "type": "Feature",
   "properties": {
    "origin": "Gangnam-gu",
    "hub": "Gangnam"
   },
   "geometry": {
    "type": "LineString",
    "coordinates": [
     [
      127.05647575,
      37.6105524
     ],
     [
      127.06576275,
      37.6148967
     ]
    ]
   }
  },
  {
   "type": "Feature",
   "properties": {
    "origin": "Gangnam-gu",
    "hub": "Gangnam"
   },
   "geometry": {
    "type": "LineString",
    "coordinates": [
     [
      127.1113607,
      37.394543375
     ],
     [
      127.10841984999999,
      37.3673687
     ]
    ]
   }
  },
  {
   "type": "Feature",
   "properties": {
    "origin": "Gangnam-gu",
    "hub": "Gangnam"
   },
   "geometry": {
    "type": "LineString",
    "coordinates": [
     [
      126.96783339999999,
      37.52914435
     ],
     [
      126.973423125,
      37.53502835
     ]
    ]
   }
  },
  {
   "type": "Feature",
   "properties": {
    "origin": "Gangnam-gu",
    "hub": "Gangnam"
   },
   "geometry": {
    "type": "LineString",
    "coordinates": [
     [
      127.0246599,
      37.504134840000006
     ],
     [
      127.00488916666667,
      37.50495225
     ]
    ]
   }
  },
  {
   "type": "Feature",
   "properties": {
    "origin": "Gangnam-gu",
    "hub": "Gangnam"
   },
   "geometry": {
    "type": "LineString",
    "coordinates": [
     [
      127.06674185,
      37.53154165
     ],
     [
      127.0711248,
      37.540995699999996
     ]
    ]
   }
  },
  {
   "type": "Feature",
   "properties": {
    "origin": "Gangnam-gu",
    "hub": "Gangnam"
   },
   "geometry": {
    "type": "LineString",
    "coordinates": [
     [
      127.02571385,
      37.63797905
     ],
     [
      127.03457474999999,
      37.648415549999996
     ]
    ]
   }
  },
  {
   "type": "Feature",
   "properties": {
    "origin": "Gangnam-gu",
    "hub": "Gangnam"
   },
   "geometry": {
    "type": "LineString",
    "coordinates": [
     [
      127.09472075,
      37.32251575
     ],
     [
      127.08028205,
      37.31343235
     ]
    ]
   }
  },
  {
   "type": "Feature",
   "properties": {
    "origin": "Gangnam-gu",
    "hub": "Gangnam"
   },
   "geometry": {
    "type": "LineString",
    "coordinates": [
     [
      126.89401819999999,
      37.45556295
     ],
     [
      126.92304295,
      37.40144905
     ]
    ]
   }
  },
  {
   "type": "Feature",
   "properties": {
    "origin": "Gangnam-gu",
    "hub": "Gangnam"
   },
   "geometry": {
    "type": "LineString",
    "coordinates": [
     [
      126.9228008,
      37.6060541
     ],
     [
      126.9155872,
      37.5986062
     ]
    ]
   }
  },
  {
   "type": "Feature",
   "properties": {
    "origin": "Gangnam-gu",
    "hub": "Gangnam"
   },
   "geometry": {
    "type": "LineString",
    "coordinates": [
     [
      126.72095709999999,
      37.5074886
     ],
     [
      126.70367825,
      37.50858455
     ]
    ]
   }
  },
  {
   "type": "Feature",
   "properties": {
    "origin": "Gangnam-gu",
    "hub": "Gangnam"
   },
   "geometry": {
    "type": "LineString",
    "coordinates": [
     [
      127.02148299999999,
      37.511113550000005
     ],
     [
      127.0307414,
      37.51395335
     ]
    ]
   }
  },
  {
   "type": "Feature",
   "properties": {
    "origin": "Gangnam-gu",
    "hub": "Gangnam"
   },
   "geometry": {
    "type": "LineString",
    "coordinates": [
     [
      126.98621109999999,
      37.5768519
     ],
     [
      126.973578,
      37.57582
     ]
    ]
   }
  },
  {
   "type": "Feature",
   "properties": {
    "origin": "Gangnam-gu",
    "hub": "Gangnam"
   },
   "geometry": {
    "type": "LineString",
    "coordinates": [
     [
      127.01593,
      37.5480416
     ],
     [
      127.0104261,
      37.55442283333334
     ]
    ]
   }
  },
  {
   "type": "Feature",
   "properties": {
    "origin": "Gangnam-gu",
    "hub": "Gangnam"
   },
   "geometry": {
    "type": "LineString",
    "coordinates": [
     [
      127.03831555,
      37.47013565
     ],
     [
      127.05454165,
      37.4483655
     ]
    ]
   }
  },
  {
   "type": "Feature",
   "properties": {
    "origin": "Gangnam-gu",
    "hub": "Gangnam"
   },
   "geometry": {
    "type": "LineString",
    "coordinates": [
     [
      126.98153045000001,
      37.4769541
     ],
     [
      126.9885185,
      37.4650423
     ]
    ]
   }
  },
  {
   "type": "Feature",
   "properties": {
    "origin": "Gangnam-gu",
    "hub": "Gangnam"
   },
   "geometry": {
    "type": "LineString",
    "coordinates": [
     [
      126.96368195,
      37.5593423
     ],
     [
      126.95613365,
      37.55742545
     ]
    ]
   }
  },
  {
   "type": "Feature",
   "properties": {
    "origin": "Gangnam-gu",
    "hub": "Gangnam"
   },
   "geometry": {
    "type": "LineString",
    "coordinates": [
     [
      127.0066367,
      37.548266
     ],
     [
      127.00173749999999,
      37.5398225
     ]
    ]
   }
  },
  {
   "type": "Feature",
   "properties": {
    "origin": "Gangnam-gu",
    "hub": "Gangnam"
   },
   "geometry": {
    "type": "LineString",
    "coordinates": [
     [
      127.0448934,
      37.580095799999995
     ],
     [
      127.05752925,
      37.589549649999995
     ]
    ]
   }
  },
  {
   "type": "Feature",
   "properties": {
    "origin": "Gangnam-gu",
    "hub": "Gangnam"
   },
   "geometry": {
    "type": "LineString",
    "coordinates": [
     [
      127.0381884,
      37.573983150000004
     ],
     [
      127.04707995000001,
      37.56974155
     ]
    ]
   }
  },
  {
   "type": "Feature",
   "properties": {
    "origin": "Gangnam-gu",
    "hub": "Gangnam"
   },
   "geometry": {
    "type": "LineString",
    "coordinates": [
     [
      126.92414654999999,
      37.52167905
     ],
     [
      126.93252955,
      37.52685165
     ]
    ]
   }
  },
  {
   "type": "Feature",
   "properties": {
    "origin": "Gangnam-gu",
    "hub": "Gangnam"
   },
   "geometry": {
    "type": "LineString",
    "coordinates": [
     [
      127.1274373,
      37.549837249999996
     ],
     [
      127.13731045,
      37.55705595
     ]
    ]
   }
  },
  {
   "type": "Feature",
   "properties": {
    "origin": "Gangnam-gu",
    "hub": "Gangnam"
   },
   "geometry": {
    "type": "LineString",
    "coordinates": [
     [
      126.84038305,
      37.54170345
     ],
     [
      126.8363186,
      37.54886705
     ]
    ]
   }
  },
  {
   "type": "Feature",
   "properties": {
    "origin": "Gangnam-gu",
    "hub": "Gangnam"
   },
   "geometry": {
    "type": "LineString",
    "coordinates": [
     [
      126.9897244,
      37.426449
     ],
     [
      126.97694765,
      37.401366949999996
     ]
    ]
   }
  },
  {
   "type": "Feature",
   "properties": {
    "origin": "Gangnam-gu",
    "hub": "Gangnam"
   },
   "geometry": {
    "type": "LineString",
    "coordinates": [
     [
      127.03600215,
      37.590341
     ],
     [
      127.0414675,
      37.6019369
     ]
    ]
   }
  },
  {
   "type": "Feature",
   "properties": {
    "origin": "Gangnam-gu",
    "hub": "Gangnam"
   },
   "geometry": {
    "type": "LineString",
    "coordinates": [
     [
      127.00636765,
      37.5885974
     ],
     [
      127.0164183,
      37.592633
     ]
    ]
   }
  },
  {
   "type": "Feature",
   "properties": {
    "origin": "Gangnam-gu",
    "hub": "Gangnam"
   },
   "geometry": {
    "type": "LineString",
    "coordinates": [
     [
      126.811999475,
      37.485282874999996
     ],
     [
      126.7956839,
      37.4827762
     ]
    ]
   }
  },
  {
   "type": "Feature",
   "properties": {
    "origin": "Gangnam-gu",
    "hub": "Gangnam"
   },
   "geometry": {
    "type": "LineString",
    "coordinates": [
     [
      127.1044469,
      36.7920852
     ],
     [
      127.08450145,
      36.78820815
     ]
    ]
   }
  },
  {
   "type": "Feature",
   "properties": {
    "origin": "Gangnam-gu",
    "hub": "Gangnam"
   },
   "geometry": {
    "type": "LineString",
    "coordinates": [
     [
      127.16654776666667,
      37.5567598
     ],
     [
      127.1761181,
      37.5575379
     ]
    ]
   }
  },
  {
   "type": "Feature",
   "properties": {
    "origin": "Gangnam-gu",
    "hub": "Gangnam"
   },
   "geometry": {
    "type": "LineString",
    "coordinates": [
     [
      126.90145905,
      37.57620245
     ],
     [
      126.9098764,
      37.584113650000006
     ]
    ]
   }
  },
  {
   "type": "Feature",
   "properties": {
    "origin": "Gangnam-gu",
    "hub": "Gangnam"
   },
   "geometry": {
    "type": "LineString",
    "coordinates": [
     [
      127.00319809999999,
      36.78053885
     ],
     [
      126.9518605,
      36.7698103
     ]
    ]
   }
  },
  {
   "type": "Feature",
   "properties": {
    "origin": "Gangnam-gu",
    "hub": "Gangnam"
   },
   "geometry": {
    "type": "LineString",
    "coordinates": [
     [
      126.951171975,
      37.543658125
     ],
     [
      126.95670185,
      37.553438549999996
     ]
    ]
   }
  },
  {
   "type": "Feature",
   "properties": {
    "origin": "Gangnam-gu",
    "hub": "Gangnam"
   },
   "geometry": {
    "type": "LineString",
    "coordinates": [
     [
      127.10889420000001,
      37.3499872
     ],
     [
      127.10280965,
      37.337877399999996
     ]
    ]
   }
  },
  {
   "type": "Feature",
   "properties": {
    "origin": "Gangnam-gu",
    "hub": "Gangnam"
   },
   "geometry": {
    "type": "LineString",
    "coordinates": [
     [
      127.05886565,
      37.632992
     ],
     [
      127.05139825,
      37.6446067
     ]
    ]
   }
  },
  {
   "type": "Feature",
   "properties": {
    "origin": "Gangnam-gu",
    "hub": "Gangnam"
   },
   "geometry": {
    "type": "LineString",
    "coordinates": [
     [
      126.90267904999999,
      37.534194199999995
     ],
     [
      126.87543819999999,
      37.5470354
     ]
    ]
   }
  },
  {
   "type": "Feature",
   "properties": {
    "origin": "Gangnam-gu",
    "hub": "Gangnam"
   },
   "geometry": {
    "type": "LineString",
    "coordinates": [
     [
      127.010226875,
      37.571269725
     ],
     [
      127.0171379,
      37.573444800000004
     ]
    ]
   }
  },
  {
   "type": "Feature",
   "properties": {
    "origin": "Gangnam-gu",
    "hub": "Gangnam"
   },
   "geometry": {
    "type": "LineString",
    "coordinates": [
     [
      126.97941087499999,
      37.50293935
     ],
     [
      126.97362305,
      37.5226395
     ]
    ]
   }
  },
  {
   "type": "Feature",
   "properties": {
    "origin": "Gangnam-gu",
    "hub": "Gangnam"
   },
   "geometry": {
    "type": "LineString",
    "coordinates": [
     [
      127.010226875,
      37.571269725
     ],
     [
      127.00195554999999,
      37.58214475
     ]
    ]
   }
  },
  {
   "type": "Feature",
   "properties": {
    "origin": "Gangnam-gu",
    "hub": "Gangnam"
   },
   "geometry": {
    "type": "LineString",
    "coordinates": [
     [
      127.0632186,
      37.4944502
     ],
     [
      127.0699125,
      37.4964802
     ]
    ]
   }
  },
  {
   "type": "Feature",
   "properties": {
    "origin": "Gangnam-gu",
    "hub": "Gangnam"
   },
   "geometry": {
    "type": "LineString",
    "coordinates": [
     [
      127.0104261,
      37.55442283333334
     ],
     [
      127.01376707499999,
      37.56028295
     ]
    ]
   }
  },
  {
   "type": "Feature",
   "properties": {
    "origin": "Gangnam-gu",
    "hub": "Gangnam"
   },
   "geometry": {
    "type": "LineString",
    "coordinates": [
     [
      127.0861764,
      37.5371514
     ],
     [
      127.0692152,
      37.540422050000004
     ]
    ]
   }
  },
  {
   "type": "Feature",
   "properties": {
    "origin": "Gangnam-gu",
    "hub": "Gangnam"
   },
   "geometry": {
    "type": "LineString",
    "coordinates": [
     [
      127.06730005,
      37.601798450000004
     ],
     [
      127.06572985,
      37.61498645
     ]
    ]
   }
  },
  {
   "type": "Feature",
   "properties": {
    "origin": "Gangnam-gu",
    "hub": "Gangnam"
   },
   "geometry": {
    "type": "LineString",
    "coordinates": [
     [
      126.8666104,
      37.30282205
     ],
     [
      126.85362459999999,
      37.3097262
     ]
    ]
   }
  },
  {
   "type": "Feature",
   "properties": {
    "origin": "Gangnam-gu",
    "hub": "Gangnam"
   },
   "geometry": {
    "type": "LineString",
    "coordinates": [
     [
      127.12672925,
      37.47090125
     ],
     [
      127.13923265,
      37.46276445
     ]
    ]
   }
  },
  {
   "type": "Feature",
   "properties": {
    "origin": "Gangnam-gu",
    "hub": "Gangnam"
   },
   "geometry": {
    "type": "LineString",
    "coordinates": [
     [
      127.0488204,
      37.6534371
     ],
     [
      127.06344135,
      37.65635735
     ]
    ]
   }
  },
  {
   "type": "Feature",
   "properties": {
    "origin": "Gangnam-gu",
    "hub": "Gangnam"
   },
   "geometry": {
    "type": "LineString",
    "coordinates": [
     [
      126.7777566,
      37.652009899999996
     ],
     [
      126.773255,
      37.6597292
     ]
    ]
   }
  },
  {
   "type": "Feature",
   "properties": {
    "origin": "Gangnam-gu",
    "hub": "Gangnam"
   },
   "geometry": {
    "type": "LineString",
    "coordinates": [
     [
      126.86451070000001,
      37.5261224
     ],
     [
      126.85594660000001,
      37.52504475
     ]
    ]
   }
  },
  {
   "type": "Feature",
   "properties": {
    "origin": "Gangnam-gu",
    "hub": "Gangnam"
   },
   "geometry": {
    "type": "LineString",
    "coordinates": [
     [
      126.7430016,
      37.3517846
     ],
     [
      126.73850095,
      37.36194795
     ]
    ]
   }
  },
  {
   "type": "Feature",
   "properties": {
    "origin": "Gangnam-gu",
    "hub": "Gangnam"
   },
   "geometry": {
    "type": "LineString",
    "coordinates": [
     [
      127.13923265,
      37.46276445
     ],
     [
      127.1499094,
      37.4568683
     ]
    ]
   }
  },
  {
   "type": "Feature",
   "properties": {
    "origin": "Gangnam-gu",
    "hub": "Gangnam"
   },
   "geometry": {
    "type": "LineString",
    "coordinates": [
     [
      127.00173749999999,
      37.5398225
     ],
     [
      126.9943796,
      37.5345035
     ]
    ]
   }
  },
  {
   "type": "Feature",
   "properties": {
    "origin": "Gangnam-gu",
    "hub": "Gangnam"
   },
   "geometry": {
    "type": "LineString",
    "coordinates": [
     [
      127.1476359,
      37.44099535
     ],
     [
      127.1406795,
      37.437440949999996
     ]
    ]
   }
  },
  {
   "type": "Feature",
   "properties": {
    "origin": "Gangnam-gu",
    "hub": "Gangnam"
   },
   "geometry": {
    "type": "LineString",
    "coordinates": [
     [
      127.0469569,
      37.4870818
     ],
     [
      127.05547115,
      37.490908399999995
     ]
    ]
   }
  },
  {
   "type": "Feature",
   "properties": {
    "origin": "Gangnam-gu",
    "hub": "Gangnam"
   },
   "geometry": {
    "type": "LineString",
    "coordinates": [
     [
      126.78796255,
      37.6430864
     ],
     [
      126.7777566,
      37.652009899999996
     ]
    ]
   }
  },
  {
   "type": "Feature",
   "properties": {
    "origin": "Gangnam-gu",
    "hub": "Gangnam"
   },
   "geometry": {
    "type": "LineString",
    "coordinates": [
     [
      127.00777154,
      37.56494996
     ],
     [
      126.9980017,
      37.56663065
     ]
    ]
   }
  },
  {
   "type": "Feature",
   "properties": {
    "origin": "Gangnam-gu",
    "hub": "Gangnam"
   },
   "geometry": {
    "type": "LineString",
    "coordinates": [
     [
      127.10697945,
      37.505189625
     ],
     [
      127.130605875,
      37.516118175
     ]
    ]
   }
  },
  {
   "type": "Feature",
   "properties": {
    "origin": "Gangnam-gu",
    "hub": "Gangnam"
   },
   "geometry": {
    "type": "LineString",
    "coordinates": [
     [
      127.03009940000001,
      37.61316885
     ],
     [
      127.02611,
      37.626536849999994
     ]
    ]
   }
  },
  {
   "type": "Feature",
   "properties": {
    "origin": "Gangnam-gu",
    "hub": "Gangnam"
   },
   "geometry": {
    "type": "LineString",
    "coordinates": [
     [
      126.8384926,
      37.31602785
     ],
     [
      126.80592225000001,
      37.3207102
     ]
    ]
   }
  },
  {
   "type": "Feature",
   "properties": {
    "origin": "Gangnam-gu",
    "hub": "Gangnam"
   },
   "geometry": {
    "type": "LineString",
    "coordinates": [
     [
      127.11792632500001,
      37.492728225
     ],
     [
      127.1225077,
      37.4858574
     ]
    ]
   }
  },
  {
   "type": "Feature",
   "properties": {
    "origin": "Gangnam-gu",
    "hub": "Gangnam"
   },
   "geometry": {
    "type": "LineString",
    "coordinates": [
     [
      126.87543819999999,
      37.5470354
     ],
     [
      126.855077,
      37.5611624
     ]
    ]
   }
  },
  {
   "type": "Feature",
   "properties": {
    "origin": "Gangnam-gu",
    "hub": "Gangnam"
   },
   "geometry": {
    "type": "LineString",
    "coordinates": [
     [
      126.929697,
      37.4842352
     ],
     [
      126.91341105000001,
      37.487613499999995
     ]
    ]
   }
  },
  {
   "type": "Feature",
   "properties": {
    "origin": "Gangnam-gu",
    "hub": "Gangnam"
   },
   "geometry": {
    "type": "LineString",
    "coordinates": [
     [
      126.788700425,
      37.327088575000005
     ],
     [
      126.7430016,
      37.3517846
     ]
    ]
   }
  },
  {
   "type": "Feature",
   "properties": {
    "origin": "Gangnam-gu",
    "hub": "Gangnam"
   },
   "geometry": {
    "type": "LineString",
    "coordinates": [
     [
      127.12332384999999,
      37.538330724999994
     ],
     [
      127.1274373,
      37.549837249999996
     ]
    ]
   }
  },
  {
   "type": "Feature",
   "properties": {
    "origin": "Gangnam-gu",
    "hub": "Gangnam"
   },
   "geometry": {
    "type": "LineString",
    "coordinates": [
     [
      127.0331232,
      37.206827425
     ],
     [
      127.04343015,
      37.18718805
     ]
    ]
   }
  },
  {
   "type": "Feature",
   "properties": {
    "origin": "Gangnam-gu",
    "hub": "Gangnam"
   },
   "geometry": {
    "type": "LineString",
    "coordinates": [
     [
      126.99683205,
      37.433065299999996
     ],
     [
      126.9897244,
      37.426449
     ]
    ]
   }
  },
  {
   "type": "Feature",
   "properties": {
    "origin": "Gangnam-gu",
    "hub": "Gangnam"
   },
   "geometry": {
    "type": "LineString",
    "coordinates": [
     [
      126.973423125,
      37.53502835
     ],
     [
      126.98651129999999,
      37.53475175
     ]
    ]
   }
  },
  {
   "type": "Feature",
   "properties": {
    "origin": "Gangnam-gu",
    "hub": "Gangnam"
   },
   "geometry": {
    "type": "LineString",
    "coordinates": [
     [
      127.0698874,
      37.4965268
     ],
     [
      127.0795709,
      37.493673
     ]
    ]
   }
  },
  {
   "type": "Feature",
   "properties": {
    "origin": "Gangnam-gu",
    "hub": "Gangnam"
   },
   "geometry": {
    "type": "LineString",
    "coordinates": [
     [
      127.04707995000001,
      37.56974155
     ],
     [
      127.0508526,
      37.562121399999995
     ]
    ]
   }
  },
  {
   "type": "Feature",
   "properties": {
    "origin": "Gangnam-gu",
    "hub": "Gangnam"
   },
   "geometry": {
    "type": "LineString",
    "coordinates": [
     [
      127.00777154,
      37.56494996
     ],
     [
      127.010226875,
      37.571269725
     ]
    ]
   }
  },
  {
   "type": "Feature",
   "properties": {
    "origin": "Gangnam-gu",
    "hub": "Gangnam"
   },
   "geometry": {
    "type": "LineString",
    "coordinates": [
     [
      127.00210535,
      37.451572299999995
     ],
     [
      127.00789135,
      37.4438108
     ]
    ]
   }
  },
  {
   "type": "Feature",
   "properties": {
    "origin": "Gangnam-gu",
    "hub": "Gangnam"
   },
   "geometry": {
    "type": "LineString",
    "coordinates": [
     [
      127.05547115,
      37.490908399999995
     ],
     [
      127.0631799,
      37.494503
     ]
    ]
   }
  },
  {
   "type": "Feature",
   "properties": {
    "origin": "Gangnam-gu",
    "hub": "Gangnam"
   },
   "geometry": {
    "type": "LineString",
    "coordinates": [
     [
      127.1113607,
      37.394543375
     ],
     [
      127.12760195,
      37.3946471
     ]
    ]
   }
  },
  {
   "type": "Feature",
   "properties": {
    "origin": "Gangnam-gu",
    "hub": "Gangnam"
   },
   "geometry": {
    "type": "LineString",
    "coordinates": [
     [
      127.02494235,
      37.575267100000005
     ],
     [
      127.03472819999999,
      37.57828585
     ]
    ]
   }
  },
  {
   "type": "Feature",
   "properties": {
    "origin": "Gangnam-gu",
    "hub": "Gangnam"
   },
   "geometry": {
    "type": "LineString",
    "coordinates": [
     [
      126.90722555,
      37.515533616666666
     ],
     [
      126.89151790000001,
      37.509030114285714
     ]
    ]
   }
  },
  {
   "type": "Feature",
   "properties": {
    "origin": "Gangnam-gu",
    "hub": "Gangnam"
   },
   "geometry": {
    "type": "LineString",
    "coordinates": [
     [
      127.0845082,
      37.56628955
     ],
     [
      127.08650785,
      37.573884050000004
     ]
    ]
   }
  },
  {
   "type": "Feature",
   "properties": {
    "origin": "Gangnam-gu",
    "hub": "Gangnam"
   },
   "geometry": {
    "type": "LineString",
    "coordinates": [
     [
      126.77621479999999,
      37.50304175
     ],
     [
      126.76317800000001,
      37.5047652
     ]
    ]
   }
  },
  {
   "type": "Feature",
   "properties": {
    "origin": "Gangnam-gu",
    "hub": "Gangnam"
   },
   "geometry": {
    "type": "LineString",
    "coordinates": [
     [
      127.2532829,
      37.39889945
     ],
     [
      127.29996225,
      37.373357299999995
     ]
    ]
   }
  },
  {
   "type": "Feature",
   "properties": {
    "origin": "Gangnam-gu",
    "hub": "Gangnam"
   },
   "geometry": {
    "type": "LineString",
    "coordinates": [
     [
      126.94807167500001,
      37.320376
     ],
     [
      126.9697911,
      37.3003187
     ]
    ]
   }
  },
  {
   "type": "Feature",
   "properties": {
    "origin": "Gangnam-gu",
    "hub": "Gangnam"
   },
   "geometry": {
    "type": "LineString",
    "coordinates": [
     [
      126.9188368,
      37.6368601
     ],
     [
      126.91374195,
      37.64814335
     ]
    ]
   }
  },
  {
   "type": "Feature",
   "properties": {
    "origin": "Gangnam-gu",
    "hub": "Gangnam"
   },
   "geometry": {
    "type": "LineString",
    "coordinates": [
     [
      126.773255,
      37.6597292
     ],
     [
      126.76123989999999,
      37.670143249999995
     ]
    ]
   }
  },
  {
   "type": "Feature",
   "properties": {
    "origin": "Gangnam-gu",
    "hub": "Gangnam"
   },
   "geometry": {
    "type": "LineString",
    "coordinates": [
     [
      127.05581495,
      37.89235135
     ],
     [
      127.0564914,
      37.9008562
     ]
    ]
   }
  },
  {
   "type": "Feature",
   "properties": {
    "origin": "Gangnam-gu",
    "hub": "Gangnam"
   },
   "geometry": {
    "type": "LineString",
    "coordinates": [
     [
      127.0429062,
      37.566101599999996
     ],
     [
      127.0526772,
      37.56682395
     ]
    ]
   }
  },
  {
   "type": "Feature",
   "properties": {
    "origin": "Gangnam-gu",
    "hub": "Gangnam"
   },
   "geometry": {
    "type": "LineString",
    "coordinates": [
     [
      126.96355224999999,
      37.4770473
     ],
     [
      126.9527503,
      37.48120715
     ]
    ]
   }
  },
  {
   "type": "Feature",
   "properties": {
    "origin": "Gangnam-gu",
    "hub": "Gangnam"
   },
   "geometry": {
    "type": "LineString",
    "coordinates": [
     [
      127.07440324999999,
      37.5476204
     ],
     [
      127.07954310000001,
      37.557182225000005
     ]
    ]
   }
  },
  {
   "type": "Feature",
   "properties": {
    "origin": "Gangnam-gu",
    "hub": "Gangnam"
   },
   "geometry": {
    "type": "LineString",
    "coordinates": [
     [
      126.9503083,
      37.5823147
     ],
     [
      126.944199,
      37.588674
     ]
    ]
   }
  },
  {
   "type": "Feature",
   "properties": {
    "origin": "Gangnam-gu",
    "hub": "Gangnam"
   },
   "geometry": {
    "type": "LineString",
    "coordinates": [
     [
      127.0104261,
      37.55442283333334
     ],
     [
      127.0057565,
      37.5590786
     ]
    ]
   }
  },
  {
   "type": "Feature",
   "properties": {
    "origin": "Gangnam-gu",
    "hub": "Gangnam"
   },
   "geometry": {
    "type": "LineString",
    "coordinates": [
     [
      126.94158883333331,
      37.513936916666665
     ],
     [
      126.9260986,
      37.51338783333333
     ]
    ]
   }
  },
  {
   "type": "Feature",
   "properties": {
    "origin": "Gangnam-gu",
    "hub": "Gangnam"
   },
   "geometry": {
    "type": "LineString",
    "coordinates": [
     [
      126.97941087499999,
      37.50293935
     ],
     [
      126.94158883333331,
      37.513936916666665
     ]
    ]
   }
  },
  {
   "type": "Feature",
   "properties": {
    "origin": "Gangnam-gu",
    "hub": "Gangnam"
   },
   "geometry": {
    "type": "LineString",
    "coordinates": [
     [
      127.06344135,
      37.65635735
     ],
     [
      127.0734209,
      37.66069845
     ]
    ]
   }
  },
  {
   "type": "Feature",
   "properties": {
    "origin": "Gangnam-gu",
    "hub": "Gangnam"
   },
   "geometry": {
    "type": "LineString",
    "coordinates": [
     [
      127.034487975,
      37.484172900000004
     ],
     [
      127.0469569,
      37.4870818
     ]
    ]
   }
  },
  {
   "type": "Feature",
   "properties": {
    "origin": "Gangnam-gu",
    "hub": "Gangnam"
   },
   "geometry": {
    "type": "LineString",
    "coordinates": [
     [
      126.97694765,
      37.401366949999996
     ],
     [
      126.9638778,
      37.39428915
     ]
    ]
   }
  },
  {
   "type": "Feature",
   "properties": {
    "origin": "Gangnam-gu",
    "hub": "Gangnam"
   },
   "geometry": {
    "type": "LineString",
    "coordinates": [
     [
      127.0565601,
      37.9025991
     ],
     [
      127.0572249,
      37.914117950000005
     ]
    ]
   }
  },
  {
   "type": "Feature",
   "properties": {
    "origin": "Gangnam-gu",
    "hub": "Gangnam"
   },
   "geometry": {
    "type": "LineString",
    "coordinates": [
     [
      127.04479986666668,
      37.77416003333334
     ],
     [
      127.0567015,
      37.8187667
     ]
    ]
   }
  },
  {
   "type": "Feature",
   "properties": {
    "origin": "Gangnam-gu",
    "hub": "Gangnam"
   },
   "geometry": {
    "type": "LineString",
    "coordinates": [
     [
      127.0699125,
      37.4964802
     ],
     [
      127.0795056,
      37.493654
     ]
    ]
   }
  },
  {
   "type": "Feature",
   "properties": {
    "origin": "Gangnam-gu",
    "hub": "Gangnam"
   },
   "geometry": {
    "type": "LineString",
    "coordinates": [
     [
      126.8822843222222,
      37.50327466666667
     ],
     [
      126.869569775,
      37.496126725
     ]
    ]
   }
  },
  {
   "type": "Feature",
   "properties": {
    "origin": "Gangnam-gu",
    "hub": "Gangnam"
   },
   "geometry": {
    "type": "LineString",
    "coordinates": [
     [
      126.973423125,
      37.53502835
     ],
     [
      126.96137709999999,
      37.53932435
     ]
    ]
   }
  },
  {
   "type": "Feature",
   "properties": {
    "origin": "Gangnam-gu",
    "hub": "Gangnam"
   },
   "geometry": {
    "type": "LineString",
    "coordinates": [
     [
      127.0299623,
      37.55758135000001
     ],
     [
      127.03622743333334,
      37.561098433333335
     ]
    ]
   }
  },
  {
   "type": "Feature",
   "properties": {
    "origin": "Gangnam-gu",
    "hub": "Gangnam"
   },
   "geometry": {
    "type": "LineString",
    "coordinates": [
     [
      127.40524690000001,
      37.3156678
     ],
     [
      127.44218375,
      37.264238899999995
     ]
    ]
   }
  },
  {
   "type": "Feature",
   "properties": {
    "origin": "Gangnam-gu",
    "hub": "Gangnam"
   },
   "geometry": {
    "type": "LineString",
    "coordinates": [
     [
      126.96394889999999,
      37.50838225
     ],
     [
      126.9535754,
      37.5129714
     ]
    ]
   }
  },
  {
   "type": "Feature",
   "properties": {
    "origin": "Gangnam-gu",
    "hub": "Gangnam"
   },
   "geometry": {
    "type": "LineString",
    "coordinates": [
     [
      126.9578197,
      37.574513
     ],
     [
      126.9503083,
      37.5823147
     ]
    ]
   }
  },
  {
   "type": "Feature",
   "properties": {
    "origin": "Gangnam-gu",
    "hub": "Gangnam"
   },
   "geometry": {
    "type": "LineString",
    "coordinates": [
     [
      126.96137709999999,
      37.53932435
     ],
     [
      126.951171975,
      37.543658125
     ]
    ]
   }
  },
  {
   "type": "Feature",
   "properties": {
    "origin": "Gangnam-gu",
    "hub": "Gangnam"
   },
   "geometry": {
    "type": "LineString",
    "coordinates": [
     [
      126.8822843222222,
      37.50327466666667
     ],
     [
      126.88259225,
      37.481642550000004
     ]
    ]
   }
  },
  {
   "type": "Feature",
   "properties": {
    "origin": "Gangnam-gu",
    "hub": "Gangnam"
   },
   "geometry": {
    "type": "LineString",
    "coordinates": [
     [
      127.1761181,
      37.5575379
     ],
     [
      127.1927747,
      37.5630584
     ]
    ]
   }
  },
  {
   "type": "Feature",
   "properties": {
    "origin": "Gangnam-gu",
    "hub": "Gangnam"
   },
   "geometry": {
    "type": "LineString",
    "coordinates": [
     [
      127.1038398,
      37.52067075
     ],
     [
      127.09471975,
      37.53514475
     ]
    ]
   }
  },
  {
   "type": "Feature",
   "properties": {
    "origin": "Gangnam-gu",
    "hub": "Gangnam"
   },
   "geometry": {
    "type": "LineString",
    "coordinates": [
     [
      127.0666711,
      37.1448264
     ],
     [
      127.05288045,
      37.05648574999999
     ]
    ]
   }
  },
  {
   "type": "Feature",
   "properties": {
    "origin": "Gangnam-gu",
    "hub": "Gangnam"
   },
   "geometry": {
    "type": "LineString",
    "coordinates": [
     [
      127.1268624,
      36.91622415
     ],
     [
      127.14381025,
      36.87095285
     ]
    ]
   }
  },
  {
   "type": "Feature",
   "properties": {
    "origin": "Gangnam-gu",
    "hub": "Gangnam"
   },
   "geometry": {
    "type": "LineString",
    "coordinates": [
     [
      127.0246599,
      37.504134840000006
     ],
     [
      127.03387465,
      37.507321000000005
     ]
    ]
   }
  },
  {
   "type": "Feature",
   "properties": {
    "origin": "Gangnam-gu",
    "hub": "Gangnam"
   },
   "geometry": {
    "type": "LineString",
    "coordinates": [
     [
      127.06928805,
      37.29742885
     ],
     [
      127.0515173,
      37.2885603
     ]
    ]
   }
  },
  {
   "type": "Feature",
   "properties": {
    "origin": "Gangnam-gu",
    "hub": "Gangnam"
   },
   "geometry": {
    "type": "LineString",
    "coordinates": [
     [
      126.9644438,
      37.52945737499999
     ],
     [
      126.9713321,
      37.540552000000005
     ]
    ]
   }
  },
  {
   "type": "Feature",
   "properties": {
    "origin": "Gangnam-gu",
    "hub": "Gangnam"
   },
   "geometry": {
    "type": "LineString",
    "coordinates": [
     [
      126.82772320000001,
      37.566714149999996
     ],
     [
      126.8170125,
      37.56748705
     ]
    ]
   }
  },
  {
   "type": "Feature",
   "properties": {
    "origin": "Gangnam-gu",
    "hub": "Gangnam"
   },
   "geometry": {
    "type": "LineString",
    "coordinates": [
     [
      127.11266905,
      37.5175106
     ],
     [
      127.12062259999999,
      37.530676150000005
     ]
    ]
   }
  },
  {
   "type": "Feature",
   "properties": {
    "origin": "Gangnam-gu",
    "hub": "Gangnam"
   },
   "geometry": {
    "type": "LineString",
    "coordinates": [
     [
      127.01619545,
      37.5664047
     ],
     [
      127.01568155000001,
      37.5723877
     ]
    ]
   }
  },
  {
   "type": "Feature",
   "properties": {
    "origin": "Gangnam-gu",
    "hub": "Gangnam"
   },
   "geometry": {
    "type": "LineString",
    "coordinates": [
     [
      127.12760195,
      37.3946471
     ],
     [
      127.2034043,
      37.4086408
     ]
    ]
   }
  },
  {
   "type": "Feature",
   "properties": {
    "origin": "Gangnam-gu",
    "hub": "Gangnam"
   },
   "geometry": {
    "type": "LineString",
    "coordinates": [
     [
      126.9944059,
      37.561106433333336
     ],
     [
      126.99166100000001,
      37.56630906666666
     ]
    ]
   }
  },
  {
   "type": "Feature",
   "properties": {
    "origin": "Gangnam-gu",
    "hub": "Gangnam"
   },
   "geometry": {
    "type": "LineString",
    "coordinates": [
     [
      126.97362305,
      37.5226395
     ],
     [
      126.96783339999999,
      37.52914435
     ]
    ]
   }
  },
  {
   "type": "Feature",
   "properties": {
    "origin": "Gangnam-gu",
    "hub": "Gangnam"
   },
   "geometry": {
    "type": "LineString",
    "coordinates": [
     [
      126.92984775,
      37.61032965
     ],
     [
      126.9228008,
      37.6060541
     ]
    ]
   }
  },
  {
   "type": "Feature",
   "properties": {
    "origin": "Gangnam-gu",
    "hub": "Gangnam"
   },
   "geometry": {
    "type": "LineString",
    "coordinates": [
     [
      127.0438358,
      37.5102551
     ],
     [
      127.0601707,
      37.5141752
     ]
    ]
   }
  },
  {
   "type": "Feature",
   "properties": {
    "origin": "Gangnam-gu",
    "hub": "Gangnam"
   },
   "geometry": {
    "type": "LineString",
    "coordinates": [
     [
      126.9016665,
      37.48532195
     ],
     [
      126.89498635,
      37.493286499999996
     ]
    ]
   }
  },
  {
   "type": "Feature",
   "properties": {
    "origin": "Gangnam-gu",
    "hub": "Gangnam"
   },
   "geometry": {
    "type": "LineString",
    "coordinates": [
     [
      127.05761670000001,
      37.66551795
     ],
     [
      127.0553117,
      37.6778692
     ]
    ]
   }
  },
  {
   "type": "Feature",
   "properties": {
    "origin": "Gangnam-gu",
    "hub": "Gangnam"
   },
   "geometry": {
    "type": "LineString",
    "coordinates": [
     [
      126.928208,
      37.49970205
     ],
     [
      126.92028895,
      37.49992125
     ]
    ]
   }
  },
  {
   "type": "Feature",
   "properties": {
    "origin": "Gangnam-gu",
    "hub": "Gangnam"
   },
   "geometry": {
    "type": "LineString",
    "coordinates": [
     [
      127.00777154,
      37.56494996
     ],
     [
      126.99810195,
      37.56693335
     ]
    ]
   }
  },
  {
   "type": "Feature",
   "properties": {
    "origin": "Gangnam-gu",
    "hub": "Gangnam"
   },
   "geometry": {
    "type": "LineString",
    "coordinates": [
     [
      126.89931285,
      37.570154599999995
     ],
     [
      126.90145905,
      37.57620245
     ]
    ]
   }
  },
  {
   "type": "Feature",
   "properties": {
    "origin": "Gangnam-gu",
    "hub": "Gangnam"
   },
   "geometry": {
    "type": "LineString",
    "coordinates": [
     [
      127.130605875,
      37.516118175
     ],
     [
      127.12604145,
      37.5086316
     ]
    ]
   }
  },
  {
   "type": "Feature",
   "properties": {
    "origin": "Gangnam-gu",
    "hub": "Gangnam"
   },
   "geometry": {
    "type": "LineString",
    "coordinates": [
     [
      126.82772320000001,
      37.566714149999996
     ],
     [
      126.80143015,
      37.562032125
     ]
    ]
   }
  },
  {
   "type": "Feature",
   "properties": {
    "origin": "Gangnam-gu",
    "hub": "Gangnam"
   },
   "geometry": {
    "type": "LineString",
    "coordinates": [
     [
      127.06081169999999,
      37.9480142
     ],
     [
      127.07422505,
      37.99508315
     ]
    ]
   }
  },
  {
   "type": "Feature",
   "properties": {
    "origin": "Gangnam-gu",
    "hub": "Gangnam"
   },
   "geometry": {
    "type": "LineString",
    "coordinates": [
     [
      127.0872093,
      37.5045328
     ],
     [
      127.09656525,
      37.5024372
     ]
    ]
   }
  },
  {
   "type": "Feature",
   "properties": {
    "origin": "Gangnam-gu",
    "hub": "Gangnam"
   },
   "geometry": {
    "type": "LineString",
    "coordinates": [
     [
      127.0842084,
      37.48379075
     ],
     [
      127.10196395,
      37.48746015
     ]
    ]
   }
  },
  {
   "type": "Feature",
   "properties": {
    "origin": "Gangnam-gu",
    "hub": "Gangnam"
   },
   "geometry": {
    "type": "LineString",
    "coordinates": [
     [
      126.97186830000001,
      37.484363450000004
     ],
     [
      126.95412005,
      37.4956457
     ]
    ]
   }
  },
  {
   "type": "Feature",
   "properties": {
    "origin": "Gangnam-gu",
    "hub": "Gangnam"
   },
   "geometry": {
    "type": "LineString",
    "coordinates": [
     [
      127.128077625,
      37.5021865
     ],
     [
      127.1348279,
      37.498074
     ]
    ]
   }
  },
  {
   "type": "Feature",
   "properties": {
    "origin": "Gangnam-gu",
    "hub": "Gangnam"
   },
   "geometry": {
    "type": "LineString",
    "coordinates": [
     [
      126.9980017,
      37.56663065
     ],
     [
      127.0081378,
      37.5658484
     ]
    ]
   }
  },
  {
   "type": "Feature",
   "properties": {
    "origin": "Gangnam-gu",
    "hub": "Gangnam"
   },
   "geometry": {
    "type": "LineString",
    "coordinates": [
     [
      126.92984775,
      37.61032965
     ],
     [
      126.9209102,
      37.6194877
     ]
    ]
   }
  },
  {
   "type": "Feature",
   "properties": {
    "origin": "Gangnam-gu",
    "hub": "Gangnam"
   },
   "geometry": {
    "type": "LineString",
    "coordinates": [
     [
      126.92028895,
      37.49992125
     ],
     [
      126.90893539999999,
      37.50012825
     ]
    ]
   }
  },
  {
   "type": "Feature",
   "properties": {
    "origin": "Gangnam-gu",
    "hub": "Gangnam"
   },
   "geometry": {
    "type": "LineString",
    "coordinates": [
     [
      127.01376707499999,
      37.56028295
     ],
     [
      127.02026115000001,
      37.55442985
     ]
    ]
   }
  },
  {
   "type": "Feature",
   "properties": {
    "origin": "Gangnam-gu",
    "hub": "Gangnam"
   },
   "geometry": {
    "type": "LineString",
    "coordinates": [
     [
      127.12062259999999,
      37.530676150000005
     ],
     [
      127.12332384999999,
      37.538330724999994
     ]
    ]
   }
  },
  {
   "type": "Feature",
   "properties": {
    "origin": "Gangnam-gu",
    "hub": "Gangnam"
   },
   "geometry": {
    "type": "LineString",
    "coordinates": [
     [
      127.1499094,
      37.4568683
     ],
     [
      127.15982804999999,
      37.451577349999994
     ]
    ]
   }
  },
  {
   "type": "Feature",
   "properties": {
    "origin": "Gangnam-gu",
    "hub": "Gangnam"
   },
   "geometry": {
    "type": "LineString",
    "coordinates": [
     [
      127.061764025,
      37.623803025
     ],
     [
      127.05886565,
      37.632992
     ]
    ]
   }
  },
  {
   "type": "Feature",
   "properties": {
    "origin": "Gangnam-gu",
    "hub": "Gangnam"
   },
   "geometry": {
    "type": "LineString",
    "coordinates": [
     [
      126.94233779999999,
      37.54770605
     ],
     [
      126.9319957,
      37.5474678
     ]
    ]
   }
  },
  {
   "type": "Feature",
   "properties": {
    "origin": "Gangnam-gu",
    "hub": "Gangnam"
   },
   "geometry": {
    "type": "LineString",
    "coordinates": [
     [
      126.99154498333333,
      37.57166261666667
     ],
     [
      126.98317564999999,
      37.57016135
     ]
    ]
   }
  },
  {
   "type": "Feature",
   "properties": {
    "origin": "Gangnam-gu",
    "hub": "Gangnam"
   },
   "geometry": {
    "type": "LineString",
    "coordinates": [
     [
      126.80143015,
      37.562032125
     ],
     [
      126.8119978,
      37.561269949999996
     ]
    ]
   }
  },
  {
   "type": "Feature",
   "properties": {
    "origin": "Gangnam-gu",
    "hub": "Gangnam"
   },
   "geometry": {
    "type": "LineString",
    "coordinates": [
     [
      127.08028205,
      37.31343235
     ],
     [
      127.06928805,
      37.29742885
     ]
    ]
   }
  },
  {
   "type": "Feature",
   "properties": {
    "origin": "Gangnam-gu",
    "hub": "Gangnam"
   },
   "geometry": {
    "type": "LineString",
    "coordinates": [
     [
      126.973423125,
      37.53502835
     ],
     [
      126.97194730000001,
      37.54513985
     ]
    ]
   }
  },
  {
   "type": "Feature",
   "properties": {
    "origin": "Gangnam-gu",
    "hub": "Gangnam"
   },
   "geometry": {
    "type": "LineString",
    "coordinates": [
     [
      126.95613365,
      37.55742545
     ],
     [
      126.94584105,
      37.55676595
     ]
    ]
   }
  },
  {
   "type": "Feature",
   "properties": {
    "origin": "Gangnam-gu",
    "hub": "Gangnam"
   },
   "geometry": {
    "type": "LineString",
    "coordinates": [
     [
      127.11227210000001,
      37.49963255
     ],
     [
      127.11792632500001,
      37.492728225
     ]
    ]
   }
  },
  {
   "type": "Feature",
   "properties": {
    "origin": "Gangnam-gu",
    "hub": "Gangnam"
   },
   "geometry": {
    "type": "LineString",
    "coordinates": [
     [
      127.034487975,
      37.484172900000004
     ],
     [
      127.03831555,
      37.47013565
     ]
    ]
   }
  },
  {
   "type": "Feature",
   "properties": {
    "origin": "Gangnam-gu",
    "hub": "Gangnam"
   },
   "geometry": {
    "type": "LineString",
    "coordinates": [
     [
      126.97613145,
      37.564515325
     ],
     [
      126.96368195,
      37.5593423
     ]
    ]
   }
  },
  {
   "type": "Feature",
   "properties": {
    "origin": "Gangnam-gu",
    "hub": "Gangnam"
   },
   "geometry": {
    "type": "LineString",
    "coordinates": [
     [
      127.07954310000001,
      37.557182225000005
     ],
     [
      127.0845082,
      37.56628955
     ]
    ]
   }
  },
  {
   "type": "Feature",
   "properties": {
    "origin": "Gangnam-gu",
    "hub": "Gangnam"
   },
   "geometry": {
    "type": "LineString",
    "coordinates": [
     [
      127.11618745,
      37.6677962
     ],
     [
      127.1910807,
      37.705207650000006
     ]
    ]
   }
  },
  {
   "type": "Feature",
   "properties": {
    "origin": "Gangnam-gu",
    "hub": "Gangnam"
   },
   "geometry": {
    "type": "LineString",
    "coordinates": [
     [
      126.82350482,
      37.49227992
     ],
     [
      126.8113736,
      37.506238350000004
     ]
    ]
   }
  },
  {
   "type": "Feature",
   "properties": {
    "origin": "Gangnam-gu",
    "hub": "Gangnam"
   },
   "geometry": {
    "type": "LineString",
    "coordinates": [
     [
      126.83748539999999,
      37.55844505
     ],
     [
      126.82474210000001,
      37.5602483
     ]
    ]
   }
  },
  {
   "type": "Feature",
   "properties": {
    "origin": "Gangnam-gu",
    "hub": "Gangnam"
   },
   "geometry": {
    "type": "LineString",
    "coordinates": [
     [
      127.04772775,
      37.6531714
     ],
     [
      127.04432025,
      37.6674863
     ]
    ]
   }
  },
  {
   "type": "Feature",
   "properties": {
    "origin": "Gangnam-gu",
    "hub": "Gangnam"
   },
   "geometry": {
    "type": "LineString",
    "coordinates": [
     [
      126.89151790000001,
      37.509030114285714
     ],
     [
      126.89486975,
      37.51840285
     ]
    ]
   }
  },
  {
   "type": "Feature",
   "properties": {
    "origin": "Gangnam-gu",
    "hub": "Gangnam"
   },
   "geometry": {
    "type": "LineString",
    "coordinates": [
     [
      127.00488916666667,
      37.50495225
     ],
     [
      126.996418,
      37.50360135
     ]
    ]
   }
  },
  {
   "type": "Feature",
   "properties": {
    "origin": "Gangnam-gu",
    "hub": "Gangnam"
   },
   "geometry": {
    "type": "LineString",
    "coordinates": [
     [
      127.10280965,
      37.337877399999996
     ],
     [
      127.09472075,
      37.32251575
     ]
    ]
   }
  },
  {
   "type": "Feature",
   "properties": {
    "origin": "Gangnam-gu",
    "hub": "Gangnam"
   },
   "geometry": {
    "type": "LineString",
    "coordinates": [
     [
      127.13261646666666,
      37.535815533333334
     ],
     [
      127.14019295,
      37.5383463
     ]
    ]
   }
  },
  {
   "type": "Feature",
   "properties": {
    "origin": "Gangnam-gu",
    "hub": "Gangnam"
   },
   "geometry": {
    "type": "LineString",
    "coordinates": [
     [
      126.89401819999999,
      37.45556295
     ],
     [
      126.902253,
      37.4353932
     ]
    ]
   }
  },
  {
   "type": "Feature",
   "properties": {
    "origin": "Gangnam-gu",
    "hub": "Gangnam"
   },
   "geometry": {
    "type": "LineString",
    "coordinates": [
     [
      127.14374885000001,
      37.49335525
     ],
     [
      127.1527687,
      37.49497255
     ]
    ]
   }
  },
  {
   "type": "Feature",
   "properties": {
    "origin": "Gangnam-gu",
    "hub": "Gangnam"
   },
   "geometry": {
    "type": "LineString",
    "coordinates": [
     [
      127.07422505,
      37.99508315
     ],
     [
      127.0719283,
      38.024529799999996
     ]
    ]
   }
  },
  {
   "type": "Feature",
   "properties": {
    "origin": "Gangnam-gu",
    "hub": "Gangnam"
   },
   "geometry": {
    "type": "LineString",
    "coordinates": [
     [
      127.0174475,
      37.5416892
     ],
     [
      127.0158595,
      37.5480153
     ]
    ]
   }
  },
  {
   "type": "Feature",
   "properties": {
    "origin": "Gangnam-gu",
    "hub": "Gangnam"
   },
   "geometry": {
    "type": "LineString",
    "coordinates": [
     [
      126.95412005,
      37.4956457
     ],
     [
      126.94767085000001,
      37.5032044
     ]
    ]
   }
  },
  {
   "type": "Feature",
   "properties": {
    "origin": "Gangnam-gu",
    "hub": "Gangnam"
   },
   "geometry": {
    "type": "LineString",
    "coordinates": [
     [
      126.8737509,
      37.6505087
     ],
     [
      126.84291495,
      37.6531073
     ]
    ]
   }
  },
  {
   "type": "Feature",
   "properties": {
    "origin": "Gangnam-gu",
    "hub": "Gangnam"
   },
   "geometry": {
    "type": "LineString",
    "coordinates": [
     [
      127.0293324,
      37.586299100000005
     ],
     [
      127.03600215,
      37.590341
     ]
    ]
   }
  },
  {
   "type": "Feature",
   "properties": {
    "origin": "Gangnam-gu",
    "hub": "Gangnam"
   },
   "geometry": {
    "type": "LineString",
    "coordinates": [
     [
      126.73131625,
      37.50701815
     ],
     [
      126.72095709999999,
      37.5074886
     ]
    ]
   }
  },
  {
   "type": "Feature",
   "properties": {
    "origin": "Gangnam-gu",
    "hub": "Gangnam"
   },
   "geometry": {
    "type": "LineString",
    "coordinates": [
     [
      127.0174475,
      37.5416892
     ],
     [
      127.01593,
      37.5480416
     ]
    ]
   }
  },
  {
   "type": "Feature",
   "properties": {
    "origin": "Gangnam-gu",
    "hub": "Gangnam"
   },
   "geometry": {
    "type": "LineString",
    "coordinates": [
     [
      127.04890495000001,
      37.5044639
     ],
     [
      127.06315430000001,
      37.50884825
     ]
    ]
   }
  },
  {
   "type": "Feature",
   "properties": {
    "origin": "Gangnam-gu",
    "hub": "Gangnam"
   },
   "geometry": {
    "type": "LineString",
    "coordinates": [
     [
      127.01376707499999,
      37.56028295
     ],
     [
      127.00777154,
      37.56494996
     ]
    ]
   }
  },
  {
   "type": "Feature",
   "properties": {
    "origin": "Gangnam-gu",
    "hub": "Gangnam"
   },
   "geometry": {
    "type": "LineString",
    "coordinates": [
     [
      126.9146599,
      37.55006055
     ],
     [
      126.92348945,
      37.556651200000005
     ]
    ]
   }
  },
  {
   "type": "Feature",
   "properties": {
    "origin": "Gangnam-gu",
    "hub": "Gangnam"
   },
   "geometry": {
    "type": "LineString",
    "coordinates": [
     [
      127.08450145,
      36.78820815
     ],
     [
      127.0528192,
      36.77762405
     ]
    ]
   }
  },
  {
   "type": "Feature",
   "properties": {
    "origin": "Gangnam-gu",
    "hub": "Gangnam"
   },
   "geometry": {
    "type": "LineString",
    "coordinates": [
     [
      127.3462797,
      37.3505042
     ],
     [
      127.40524690000001,
      37.3156678
     ]
    ]
   }
  },
  {
   "type": "Feature",
   "properties": {
    "origin": "Gangnam-gu",
    "hub": "Gangnam"
   },
   "geometry": {
    "type": "LineString",
    "coordinates": [
     [
      127.03472819999999,
      37.57828585
     ],
     [
      127.0448934,
      37.580095799999995
     ]
    ]
   }
  },
  {
   "type": "Feature",
   "properties": {
    "origin": "Gangnam-gu",
    "hub": "Gangnam"
   },
   "geometry": {
    "type": "LineString",
    "coordinates": [
     [
      127.0246599,
      37.504134840000006
     ],
     [
      127.0218553,
      37.50993715
     ]
    ]
   }
  },
  {
   "type": "Feature",
   "properties": {
    "origin": "Gangnam-gu",
    "hub": "Gangnam"
   },
   "geometry": {
    "type": "LineString",
    "coordinates": [
     [
      127.13790955,
      37.587235899999996
     ],
     [
      127.14078645000001,
      37.602372849999995
     ]
    ]
   }
  },
  {
   "type": "Feature",
   "properties": {
    "origin": "Gangnam-gu",
    "hub": "Gangnam"
   },
   "geometry": {
    "type": "LineString",
    "coordinates": [
     [
      126.7972585,
      37.5054479
     ],
     [
      126.78718219999999,
      37.5037262
     ]
    ]
   }
  },
  {
   "type": "Feature",
   "properties": {
    "origin": "Gangnam-gu",
    "hub": "Gangnam"
   },
   "geometry": {
    "type": "LineString",
    "coordinates": [
     [
      127.1225077,
      37.4858574
     ],
     [
      127.1260606,
      37.478900550000006
     ]
    ]
   }
  },
  {
   "type": "Feature",
   "properties": {
    "origin": "Gangnam-gu",
    "hub": "Gangnam"
   },
   "geometry": {
    "type": "LineString",
    "coordinates": [
     [
      126.94158883333331,
      37.513936916666665
     ],
     [
      126.9284217,
      37.5172956
     ]
    ]
   }
  },
  {
   "type": "Feature",
   "properties": {
    "origin": "Gangnam-gu",
    "hub": "Gangnam"
   },
   "geometry": {
    "type": "LineString",
    "coordinates": [
     [
      127.09471975,
      37.53514475
     ],
     [
      127.0861764,
      37.5371514
     ]
    ]
   }
  },
  {
   "type": "Feature",
   "properties": {
    "origin": "Gangnam-gu",
    "hub": "Gangnam"
   },
   "geometry": {
    "type": "LineString",
    "coordinates": [
     [
      126.92984775,
      37.61032965
     ],
     [
      126.9330576,
      37.6184519
     ]
    ]
   }
  },
  {
   "type": "Feature",
   "properties": {
    "origin": "Gangnam-gu",
    "hub": "Gangnam"
   },
   "geometry": {
    "type": "LineString",
    "coordinates": [
     [
      126.98260535,
      37.565950799999996
     ],
     [
      126.97613145,
      37.564515325
     ]
    ]
   }
  },
  {
   "type": "Feature",
   "properties": {
    "origin": "Gangnam-gu",
    "hub": "Gangnam"
   },
   "geometry": {
    "type": "LineString",
    "coordinates": [
     [
      127.06576275,
      37.6148967
     ],
     [
      127.074925275,
      37.617910925000004
     ]
    ]
   }
  },
  {
   "type": "Feature",
   "properties": {
    "origin": "Gangnam-gu",
    "hub": "Gangnam"
   },
   "geometry": {
    "type": "LineString",
    "coordinates": [
     [
      126.98153045000001,
      37.4769541
     ],
     [
      126.98222985000001,
      37.48702505
     ]
    ]
   }
  },
  {
   "type": "Feature",
   "properties": {
    "origin": "Gangnam-gu",
    "hub": "Gangnam"
   },
   "geometry": {
    "type": "LineString",
    "coordinates": [
     [
      126.99154498333333,
      37.57166261666667
     ],
     [
      126.97691345,
      37.57161265
     ]
    ]
   }
  },
  {
   "type": "Feature",
   "properties": {
    "origin": "Gangnam-gu",
    "hub": "Gangnam"
   },
   "geometry": {
    "type": "LineString",
    "coordinates": [
     [
      126.8170125,
      37.56748705
     ],
     [
      126.8103837,
      37.56346815
     ]
    ]
   }
  },
  {
   "type": "Feature",
   "properties": {
    "origin": "Gangnam-gu",
    "hub": "Gangnam"
   },
   "geometry": {
    "type": "LineString",
    "coordinates": [
     [
      127.061764025,
      37.623803025
     ],
     [
      127.04772775,
      37.6531714
     ]
    ]
   }
  },
  {
   "type": "Feature",
   "properties": {
    "origin": "Gangnam-gu",
    "hub": "Gangnam"
   },
   "geometry": {
    "type": "LineString",
    "coordinates": [
     [
      127.07510895,
      37.5112206
     ],
     [
      127.08549585,
      37.5115962
     ]
    ]
   }
  },
  {
   "type": "Feature",
   "properties": {
    "origin": "Gangnam-gu",
    "hub": "Gangnam"
   },
   "geometry": {
    "type": "LineString",
    "coordinates": [
     [
      126.98621109999999,
      37.5768519
     ],
     [
      126.9735668,
      37.5757585
     ]
    ]
   }
  },
  {
   "type": "Feature",
   "properties": {
    "origin": "Gangnam-gu",
    "hub": "Gangnam"
   },
   "geometry": {
    "type": "LineString",
    "coordinates": [
     [
      127.00777154,
      37.56494996
     ],
     [
      127.0198127,
      37.56563195
     ]
    ]
   }
  },
  {
   "type": "Feature",
   "properties": {
    "origin": "Gangnam-gu",
    "hub": "Gangnam"
   },
   "geometry": {
    "type": "LineString",
    "coordinates": [
     [
      127.12136459999999,
      36.79375185
     ],
     [
      127.1044469,
      36.7920852
     ]
    ]
   }
  },
  {
   "type": "Feature",
   "properties": {
    "origin": "Gangnam-gu",
    "hub": "Gangnam"
   },
   "geometry": {
    "type": "LineString",
    "coordinates": [
     [
      127.05547115,
      37.490908399999995
     ],
     [
      127.0632186,
      37.4944502
     ]
    ]
   }
  },
  {
   "type": "Feature",
   "properties": {
    "origin": "Gangnam-gu",
    "hub": "Gangnam"
   },
   "geometry": {
    "type": "LineString",
    "coordinates": [
     [
      126.855077,
      37.5611624
     ],
     [
      126.8412122,
      37.568514750000006
     ]
    ]
   }
  },
  {
   "type": "Feature",
   "properties": {
    "origin": "Gangnam-gu",
    "hub": "Gangnam"
   },
   "geometry": {
    "type": "LineString",
    "coordinates": [
     [
      126.8446059,
      37.4943646
     ],
     [
      126.82350482,
      37.49227992
     ]
    ]
   }
  },
  {
   "type": "Feature",
   "properties": {
    "origin": "Gangnam-gu",
    "hub": "Gangnam"
   },
   "geometry": {
    "type": "LineString",
    "coordinates": [
     [
      127.0104261,
      37.55442283333334
     ],
     [
      127.0066367,
      37.548266
     ]
    ]
   }
  },
  {
   "type": "Feature",
   "properties": {
    "origin": "Gangnam-gu",
    "hub": "Gangnam"
   },
   "geometry": {
    "type": "LineString",
    "coordinates": [
     [
      127.02026115000001,
      37.55442985
     ],
     [
      127.0299623,
      37.55758135000001
     ]
    ]
   }
  },
  {
   "type": "Feature",
   "properties": {
    "origin": "Gangnam-gu",
    "hub": "Gangnam"
   },
   "geometry": {
    "type": "LineString",
    "coordinates": [
     [
      126.948475,
      37.354190625
     ],
     [
      126.94835635,
      37.34334405
     ]
    ]
   }
  },
  {
   "type": "Feature",
   "properties": {
    "origin": "Gangnam-gu",
    "hub": "Gangnam"
   },
   "geometry": {
    "type": "LineString",
    "coordinates": [
     [
      127.07510895,
      37.5112206
     ],
     [
      127.10697945,
      37.505189625
     ]
    ]
   }
  },
  {
   "type": "Feature",
   "properties": {
    "origin": "Gangnam-gu",
    "hub": "Gangnam"
   },
   "geometry": {
    "type": "LineString",
    "coordinates": [
     [
      127.08565575,
      37.59584195
     ],
     [
      127.0794696,
      37.601632
     ]
    ]
   }
  },
  {
   "type": "Feature",
   "properties": {
    "origin": "Gangnam-gu",
    "hub": "Gangnam"
   },
   "geometry": {
    "type": "LineString",
    "coordinates": [
     [
      127.10841984999999,
      37.3673687
     ],
     [
      127.10889420000001,
      37.3499872
     ]
    ]
   }
  },
  {
   "type": "Feature",
   "properties": {
    "origin": "Gangnam-gu",
    "hub": "Gangnam"
   },
   "geometry": {
    "type": "LineString",
    "coordinates": [
     [
      126.7423046,
      37.5064953
     ],
     [
      126.73131625,
      37.50701815
     ]
    ]
   }
  },
  {
   "type": "Feature",
   "properties": {
    "origin": "Gangnam-gu",
    "hub": "Gangnam"
   },
   "geometry": {
    "type": "LineString",
    "coordinates": [
     [
      127.1268624,
      36.91622415
     ],
     [
      127.1489162,
      36.83411695
     ]
    ]
   }
  },
  {
   "type": "Feature",
   "properties": {
    "origin": "Gangnam-gu",
    "hub": "Gangnam"
   },
   "geometry": {
    "type": "LineString",
    "coordinates": [
     [
      126.82350482,
      37.49227992
     ],
     [
      126.83893090000001,
      37.4863455
     ]
    ]
   }
  },
  {
   "type": "Feature",
   "properties": {
    "origin": "Gangnam-gu",
    "hub": "Gangnam"
   },
   "geometry": {
    "type": "LineString",
    "coordinates": [
     [
      126.76317800000001,
      37.5047652
     ],
     [
      126.7531662,
      37.505828199999996
     ]
    ]
   }
  },
  {
   "type": "Feature",
   "properties": {
    "origin": "Gangnam-gu",
    "hub": "Gangnam"
   },
   "geometry": {
    "type": "LineString",
    "coordinates": [
     [
      126.9274886,
      37.5133478
     ],
     [
      126.91801478333333,
      37.516964349999995
     ]
    ]
   }
  },
  {
   "type": "Feature",
   "properties": {
    "origin": "Gangnam-gu",
    "hub": "Gangnam"
   },
   "geometry": {
    "type": "LineString",
    "coordinates": [
     [
      127.06315430000001,
      37.50884825
     ],
     [
      127.07510895,
      37.5112206
     ]
    ]
   }
  },
  {
   "type": "Feature",
   "properties": {
    "origin": "Gangnam-gu",
    "hub": "Gangnam"
   },
   "geometry": {
    "type": "LineString",
    "coordinates": [
     [
      126.89401819999999,
      37.45556295
     ],
     [
      126.88474295,
      37.41637275
     ]
    ]
   }
  },
  {
   "type": "Feature",
   "properties": {
    "origin": "Gangnam-gu",
    "hub": "Gangnam"
   },
   "geometry": {
    "type": "LineString",
    "coordinates": [
     [
      127.0623938,
      37.110096850000005
     ],
     [
      127.05432010000001,
      37.0759581
     ]
    ]
   }
  },
  {
   "type": "Feature",
   "properties": {
    "origin": "Gangnam-gu",
    "hub": "Gangnam"
   },
   "geometry": {
    "type": "LineString",
    "coordinates": [
     [
      126.99166100000001,
      37.56630906666666
     ],
     [
      126.98260535,
      37.565950799999996
     ]
    ]
   }
  },
  {
   "type": "Feature",
   "properties": {
    "origin": "Gangnam-gu",
    "hub": "Gangnam"
   },
   "geometry": {
    "type": "LineString",
    "coordinates": [
     [
      127.08552125,
      36.99061495
     ],
     [
      127.1268624,
      36.91622415
     ]
    ]
   }
  },
  {
   "type": "Feature",
   "properties": {
    "origin": "Gangnam-gu",
    "hub": "Gangnam"
   },
   "geometry": {
    "type": "LineString",
    "coordinates": [
     [
      126.92069475,
      37.619039
     ],
     [
      126.9187721,
      37.6368537
     ]
    ]
   }
  },
  {
   "type": "Feature",
   "properties": {
    "origin": "Gangnam-gu",
    "hub": "Gangnam"
   },
   "geometry": {
    "type": "LineString",
    "coordinates": [
     [
      127.03690639999999,
      37.500806350000005
     ],
     [
      127.04890495000001,
      37.5044639
     ]
    ]
   }
  },
  {
   "type": "Feature",
   "properties": {
    "origin": "Gangnam-gu",
    "hub": "Gangnam"
   },
   "geometry": {
    "type": "LineString",
    "coordinates": [
     [
      126.9319957,
      37.5474678
     ],
     [
      126.9229235,
      37.547759049999996
     ]
    ]
   }
  },
  {
   "type": "Feature",
   "properties": {
    "origin": "Gangnam-gu",
    "hub": "Gangnam"
   },
   "geometry": {
    "type": "LineString",
    "coordinates": [
     [
      127.02494235,
      37.575267100000005
     ],
     [
      127.0381884,
      37.573983150000004
     ]
    ]
   }
  },
  {
   "type": "Feature",
   "properties": {
    "origin": "Gangnam-gu",
    "hub": "Gangnam"
   },
   "geometry": {
    "type": "LineString",
    "coordinates": [
     [
      126.999739925,
      37.266122525
     ],
     [
      127.01371209999999,
      37.244152
     ]
    ]
   }
  },
  {
   "type": "Feature",
   "properties": {
    "origin": "Gangnam-gu",
    "hub": "Gangnam"
   },
   "geometry": {
    "type": "LineString",
    "coordinates": [
     [
      126.75233173333334,
      37.487693199999995
     ],
     [
      126.74075975,
      37.488480300000006
     ]
    ]
   }
  },
  {
   "type": "Feature",
   "properties": {
    "origin": "Gangnam-gu",
    "hub": "Gangnam"
   },
   "geometry": {
    "type": "LineString",
    "coordinates": [
     [
      127.0734209,
      37.66069845
     ],
     [
      127.079078,
      37.67024585
     ]
    ]
   }
  },
  {
   "type": "Feature",
   "properties": {
    "origin": "Gangnam-gu",
    "hub": "Gangnam"
   },
   "geometry": {
    "type": "LineString",
    "coordinates": [
     [
      126.9098764,
      37.584113650000006
     ],
     [
      126.9137366,
      37.59167145
     ]
    ]
   }
  },
  {
   "type": "Feature",
   "properties": {
    "origin": "Gangnam-gu",
    "hub": "Gangnam"
   },
   "geometry": {
    "type": "LineString",
    "coordinates": [
     [
      127.0171379,
      37.573444800000004
     ],
     [
      127.02494235,
      37.575267100000005
     ]
    ]
   }
  },
  {
   "type": "Feature",
   "properties": {
    "origin": "Gangnam-gu",
    "hub": "Gangnam"
   },
   "geometry": {
    "type": "LineString",
    "coordinates": [
     [
      127.01376707499999,
      37.56028295
     ],
     [
      127.01619545,
      37.5664047
     ]
    ]
   }
  },
  {
   "type": "Feature",
   "properties": {
    "origin": "Gangnam-gu",
    "hub": "Gangnam"
   },
   "geometry": {
    "type": "LineString",
    "coordinates": [
     [
      127.0218553,
      37.50993715
     ],
     [
      127.01963022499999,
      37.515947849999996
     ]
    ]
   }
  },
  {
   "type": "Feature",
   "properties": {
    "origin": "Gangnam-gu",
    "hub": "Gangnam"
   },
   "geometry": {
    "type": "LineString",
    "coordinates": [
     [
      127.027783275,
      37.497521625000005
     ],
     [
      127.034487975,
      37.484172900000004
     ]
    ]
   }
  },
  {
   "type": "Feature",
   "properties": {
    "origin": "Gangnam-gu",
    "hub": "Gangnam"
   },
   "geometry": {
    "type": "LineString",
    "coordinates": [
     [
      127.0637886,
      37.5963116
     ],
     [
      127.06730005,
      37.601798450000004
     ]
    ]
   }
  },
  {
   "type": "Feature",
   "properties": {
    "origin": "Gangnam-gu",
    "hub": "Gangnam"
   },
   "geometry": {
    "type": "LineString",
    "coordinates": [
     [
      126.9033939,
      37.563522750000004
     ],
     [
      126.89931285,
      37.570154599999995
     ]
    ]
   }
  },
  {
   "type": "Feature",
   "properties": {
    "origin": "Gangnam-gu",
    "hub": "Gangnam"
   },
   "geometry": {
    "type": "LineString",
    "coordinates": [
     [
      126.8666104,
      37.30282205
     ],
     [
      126.8384926,
      37.31602785
     ]
    ]
   }
  },
  {
   "type": "Feature",
   "properties": {
    "origin": "Gangnam-gu",
    "hub": "Gangnam"
   },
   "geometry": {
    "type": "LineString",
    "coordinates": [
     [
      127.1113607,
      37.394543375
     ],
     [
      126.89696864999999,
      37.450512
     ]
    ]
   }
  },
  {
   "type": "Feature",
   "properties": {
    "origin": "Gangnam-gu",
    "hub": "Gangnam"
   },
   "geometry": {
    "type": "LineString",
    "coordinates": [
     [
      126.9442481,
      37.5887266
     ],
     [
      126.9357817,
      37.6009659
     ]
    ]
   }
  },
  {
   "type": "Feature",
   "properties": {
    "origin": "Gangnam-gu",
    "hub": "Gangnam"
   },
   "geometry": {
    "type": "LineString",
    "coordinates": [
     [
      126.89547454999999,
      37.65312725
     ],
     [
      126.8737509,
      37.6505087
     ]
    ]
   }
  },
  {
   "type": "Feature",
   "properties": {
    "origin": "Gangnam-gu",
    "hub": "Gangnam"
   },
   "geometry": {
    "type": "LineString",
    "coordinates": [
     [
      127.44218375,
      37.264238899999995
     ],
     [
      127.49032700000001,
      37.260404449999996
     ]
    ]
   }
  },
  {
   "type": "Feature",
   "properties": {
    "origin": "Gangnam-gu",
    "hub": "Gangnam"
   },
   "geometry": {
    "type": "LineString",
    "coordinates": [
     [
      127.0795056,
      37.493654
     ],
     [
      127.0842084,
      37.48379075
     ]
    ]
   }
  },
  {
   "type": "Feature",
   "properties": {
    "origin": "Gangnam-gu",
    "hub": "Gangnam"
   },
   "geometry": {
    "type": "LineString",
    "coordinates": [
     [
      127.05116675,
      37.518998249999996
     ],
     [
      127.06674185,
      37.53154165
     ]
    ]
   }
  },
  {
   "type": "Feature",
   "properties": {
    "origin": "Gangnam-gu",
    "hub": "Gangnam"
   },
   "geometry": {
    "type": "LineString",
    "coordinates": [
     [
      127.01568155000001,
      37.5723877
     ],
     [
      127.01524715,
      37.5797842
     ]
    ]
   }
  },
  {
   "type": "Feature",
   "properties": {
    "origin": "Gangnam-gu",
    "hub": "Gangnam"
   },
   "geometry": {
    "type": "LineString",
    "coordinates": [
     [
      127.01524715,
      37.5797842
     ],
     [
      127.0193235,
      37.585281550000005
     ]
    ]
   }
  },
  {
   "type": "Feature",
   "properties": {
    "origin": "Gangnam-gu",
    "hub": "Gangnam"
   },
   "geometry": {
    "type": "LineString",
    "coordinates": [
     [
      126.83262855000001,
      37.6346248
     ],
     [
      126.8109994,
      37.6316918
     ]
    ]
   }
  },
  {
   "type": "Feature",
   "properties": {
    "origin": "Gangnam-gu",
    "hub": "Gangnam"
   },
   "geometry": {
    "type": "LineString",
    "coordinates": [
     [
      126.87543819999999,
      37.5470354
     ],
     [
      126.86459835,
      37.5512139
     ]
    ]
   }
  },
  {
   "type": "Feature",
   "properties": {
    "origin": "Gangnam-gu",
    "hub": "Gangnam"
   },
   "geometry": {
    "type": "LineString",
    "coordinates": [
     [
      126.91015010000001,
      37.55599395
     ],
     [
      126.9033939,
      37.563522750000004
     ]
    ]
   }
  },
  {
   "type": "Feature",
   "properties": {
    "origin": "Gangnam-gu",
    "hub": "Gangnam"
   },
   "geometry": {
    "type": "LineString",
    "coordinates": [
     [
      127.00195554999999,
      37.58214475
     ],
     [
      127.00636765,
      37.5885974
     ]
    ]
   }
  },
  {
   "type": "Feature",
   "properties": {
    "origin": "Gangnam-gu",
    "hub": "Gangnam"
   },
   "geometry": {
    "type": "LineString",
    "coordinates": [
     [
      127.04772775,
      37.6531714
     ],
     [
      127.046312175,
      37.689562124999995
     ]
    ]
   }
  },
  {
   "type": "Feature",
   "properties": {
    "origin": "Gangnam-gu",
    "hub": "Gangnam"
   },
   "geometry": {
    "type": "LineString",
    "coordinates": [
     [
      126.99154498333333,
      37.57166261666667
     ],
     [
      126.98621109999999,
      37.5768519
     ]
    ]
   }
  },
  {
   "type": "Feature",
   "properties": {
    "origin": "Gangnam-gu",
    "hub": "Gangnam"
   },
   "geometry": {
    "type": "LineString",
    "coordinates": [
     [
      126.90267904999999,
      37.534194199999995
     ],
     [
      126.89656545,
      37.5253118
     ]
    ]
   }
  },
  {
   "type": "Feature",
   "properties": {
    "origin": "Gangnam-gu",
    "hub": "Gangnam"
   },
   "geometry": {
    "type": "LineString",
    "coordinates": [
     [
      127.5706498,
      37.29361915
     ],
     [
      127.6285664,
      37.2828151
     ]
    ]
   }
  },
  {
   "type": "Feature",
   "properties": {
    "origin": "Gangnam-gu",
    "hub": "Gangnam"
   },
   "geometry": {
    "type": "LineString",
    "coordinates": [
     [
      127.014221675,
      37.493417775000005
     ],
     [
      127.0076332,
      37.49182365
     ]
    ]
   }
  },
  {
   "type": "Feature",
   "properties": {
    "origin": "Gangnam-gu",
    "hub": "Gangnam"
   },
   "geometry": {
    "type": "LineString",
    "coordinates": [
     [
      126.8751531,
      37.5245537
     ],
     [
      126.86451070000001,
      37.5261224
     ]
    ]
   }
  },
  {
   "type": "Feature",
   "properties": {
    "origin": "Gangnam-gu",
    "hub": "Gangnam"
   },
   "geometry": {
    "type": "LineString",
    "coordinates": [
     [
      126.9135165,
      37.5491801
     ],
     [
      126.91015010000001,
      37.55599395
     ]
    ]
   }
  },
  {
   "type": "Feature",
   "properties": {
    "origin": "Gangnam-gu",
    "hub": "Gangnam"
   },
   "geometry": {
    "type": "LineString",
    "coordinates": [
     [
      126.67902043333333,
      37.4651555
     ],
     [
      126.6686176,
      37.46610149999999
     ]
    ]
   }
  },
  {
   "type": "Feature",
   "properties": {
    "origin": "Gangnam-gu",
    "hub": "Gangnam"
   },
   "geometry": {
    "type": "LineString",
    "coordinates": [
     [
      127.1237831,
      37.495351
     ],
     [
      127.128077625,
      37.5021865
     ]
    ]
   }
  },
  {
   "type": "Feature",
   "properties": {
    "origin": "Gangnam-gu",
    "hub": "Gangnam"
   },
   "geometry": {
    "type": "LineString",
    "coordinates": [
     [
      127.0605474,
      37.6544077
     ],
     [
      127.05761670000001,
      37.66551795
     ]
    ]
   }
  },
  {
   "type": "Feature",
   "properties": {
    "origin": "Gangnam-gu",
    "hub": "Gangnam"
   },
   "geometry": {
    "type": "LineString",
    "coordinates": [
     [
      127.15379125000001,
      37.5549799
     ],
     [
      127.16654776666667,
      37.5567598
     ]
    ]
   }
  },
  {
   "type": "Feature",
   "properties": {
    "origin": "Gangnam-gu",
    "hub": "Gangnam"
   },
   "geometry": {
    "type": "LineString",
    "coordinates": [
     [
      127.046312175,
      37.689562124999995
     ],
     [
      127.0473907,
      37.710314
     ]
    ]
   }
  },
  {
   "type": "Feature",
   "properties": {
    "origin": "Gangnam-gu",
    "hub": "Gangnam"
   },
   "geometry": {
    "type": "LineString",
    "coordinates": [
     [
      126.8962674,
      37.49250275
     ],
     [
      126.88669185,
      37.485393650000006
     ]
    ]
   }
  },
  {
   "type": "Feature",
   "properties": {
    "origin": "Gangnam-gu",
    "hub": "Gangnam"
   },
   "geometry": {
    "type": "LineString",
    "coordinates": [
     [
      127.03457474999999,
      37.648415549999996
     ],
     [
      127.0466586,
      37.6529636
     ]
    ]
   }
  },
  {
   "type": "Feature",
   "properties": {
    "origin": "Gangnam-gu",
    "hub": "Gangnam"
   },
   "geometry": {
    "type": "LineString",
    "coordinates": [
     [
      127.2034043,
      37.4086408
     ],
     [
      127.2532829,
      37.39889945
     ]
    ]
   }
  },
  {
   "type": "Feature",
   "properties": {
    "origin": "Gangnam-gu",
    "hub": "Gangnam"
   },
   "geometry": {
    "type": "LineString",
    "coordinates": [
     [
      126.8822843222222,
      37.50327466666667
     ],
     [
      126.811999475,
      37.485282874999996
     ]
    ]
   }
  },
  {
   "type": "Feature",
   "properties": {
    "origin": "Gangnam-gu",
    "hub": "Gangnam"
   },
   "geometry": {
    "type": "LineString",
    "coordinates": [
     [
      126.9862921,
      37.5608956
     ],
     [
      126.9784579,
      37.5587505
     ]
    ]
   }
  },
  {
   "type": "Feature",
   "properties": {
    "origin": "Gangnam-gu",
    "hub": "Gangnam"
   },
   "geometry": {
    "type": "LineString",
    "coordinates": [
     [
      126.94337842499999,
      37.372332
     ],
     [
      126.94807167500001,
      37.320376
     ]
    ]
   }
  },
  {
   "type": "Feature",
   "properties": {
    "origin": "Gangnam-gu",
    "hub": "Gangnam"
   },
   "geometry": {
    "type": "LineString",
    "coordinates": [
     [
      127.142957,
      37.545654
     ],
     [
      127.14408005,
      37.5519235
     ]
    ]
   }
  },
  {
   "type": "Feature",
   "properties": {
    "origin": "Gangnam-gu",
    "hub": "Gangnam"
   },
   "geometry": {
    "type": "LineString",
    "coordinates": [
     [
      127.130605875,
      37.516118175
     ],
     [
      127.1362466,
      37.527798950000005
     ]
    ]
   }
  },
  {
   "type": "Feature",
   "properties": {
    "origin": "Gangnam-gu",
    "hub": "Gangnam"
   },
   "geometry": {
    "type": "LineString",
    "coordinates": [
     [
      126.9229235,
      37.547759049999996
     ],
     [
      126.9135165,
      37.5491801
     ]
    ]
   }
  },
  {
   "type": "Feature",
   "properties": {
    "origin": "Gangnam-gu",
    "hub": "Gangnam"
   },
   "geometry": {
    "type": "LineString",
    "coordinates": [
     [
      127.027783275,
      37.497521625000005
     ],
     [
      127.03690639999999,
      37.500806350000005
     ]
    ]
   }
  },
  {
   "type": "Feature",
   "properties": {
    "origin": "Gangnam-gu",
    "hub": "Gangnam"
   },
   "geometry": {
    "type": "LineString",
    "coordinates": [
     [
      126.9944059,
      37.561106433333336
     ],
     [
      126.9862921,
      37.5608956
     ]
    ]
   }
  },
  {
   "type": "Feature",
   "properties": {
    "origin": "Gangnam-gu",
    "hub": "Gangnam"
   },
   "geometry": {
    "type": "LineString",
    "coordinates": [
     [
      126.85895063333334,
      37.4945512
     ],
     [
      126.8446059,
      37.4943646
     ]
    ]
   }
  },
  {
   "type": "Feature",
   "properties": {
    "origin": "Gangnam-gu",
    "hub": "Gangnam"
   },
   "geometry": {
    "type": "LineString",
    "coordinates": [
     [
      126.78718219999999,
      37.5037262
     ],
     [
      126.77621479999999,
      37.50304175
     ]
    ]
   }
  },
  {
   "type": "Feature",
   "properties": {
    "origin": "Gangnam-gu",
    "hub": "Gangnam"
   },
   "geometry": {
    "type": "LineString",
    "coordinates": [
     [
      126.92069475,
      37.619039
     ],
     [
      126.9170995,
      37.6110401
     ]
    ]
   }
  },
  {
   "type": "Feature",
   "properties": {
    "origin": "Gangnam-gu",
    "hub": "Gangnam"
   },
   "geometry": {
    "type": "LineString",
    "coordinates": [
     [
      126.811999475,
      37.485282874999996
     ],
     [
      126.78272705,
      37.484111150000004
     ]
    ]
   }
  },
  {
   "type": "Feature",
   "properties": {
    "origin": "Gangnam-gu",
    "hub": "Gangnam"
   },
   "geometry": {
    "type": "LineString",
    "coordinates": [
     [
      127.14078645000001,
      37.602372849999995
     ],
     [
      127.13808069999999,
      37.61096805
     ]
    ]
   }
  },
  {
   "type": "Feature",
   "properties": {
    "origin": "Gangnam-gu",
    "hub": "Gangnam"
   },
   "geometry": {
    "type": "LineString",
    "coordinates": [
     [
      127.0331232,
      37.206827425
     ],
     [
      127.05188079999999,
      37.19572315
     ]
    ]
   }
  },
  {
   "type": "Feature",
   "properties": {
    "origin": "Gangnam-gu",
    "hub": "Gangnam"
   },
   "geometry": {
    "type": "LineString",
    "coordinates": [
     [
      126.91801478333333,
      37.516964349999995
     ],
     [
      126.90512775,
      37.522699349999996
     ]
    ]
   }
  },
  {
   "type": "Feature",
   "properties": {
    "origin": "Gangnam-gu",
    "hub": "Gangnam"
   },
   "geometry": {
    "type": "LineString",
    "coordinates": [
     [
      127.0284705,
      37.5261356
     ],
     [
      127.0174475,
      37.5416892
     ]
    ]
   }
  },
  {
   "type": "Feature",
   "properties": {
    "origin": "Gangnam-gu",
    "hub": "Gangnam"
   },
   "geometry": {
    "type": "LineString",
    "coordinates": [
     [
      126.94337842499999,
      37.372332
     ],
     [
      126.948475,
      37.354190625
     ]
    ]
   }
  },
  {
   "type": "Feature",
   "properties": {
    "origin": "Gangnam-gu",
    "hub": "Gangnam"
   },
   "geometry": {
    "type": "LineString",
    "coordinates": [
     [
      126.9697911,
      37.3003187
     ],
     [
      126.999739925,
      37.266122525
     ]
    ]
   }
  },
  {
   "type": "Feature",
   "properties": {
    "origin": "Gangnam-gu",
    "hub": "Gangnam"
   },
   "geometry": {
    "type": "LineString",
    "coordinates": [
     [
      126.80143015,
      37.562032125
     ],
     [
      126.7968626,
      37.578372200000004
     ]
    ]
   }
  },
  {
   "type": "Feature",
   "properties": {
    "origin": "Gangnam-gu",
    "hub": "Gangnam"
   },
   "geometry": {
    "type": "LineString",
    "coordinates": [
     [
      127.0193235,
      37.585281550000005
     ],
     [
      127.0293324,
      37.586299100000005
     ]
    ]
   }
  },
  {
   "type": "Feature",
   "properties": {
    "origin": "Gangnam-gu",
    "hub": "Gangnam"
   },
   "geometry": {
    "type": "LineString",
    "coordinates": [
     [
      127.07954310000001,
      37.557182225000005
     ],
     [
      127.08979414999999,
      37.55168905
     ]
    ]
   }
  },
  {
   "type": "Feature",
   "properties": {
    "origin": "Gangnam-gu",
    "hub": "Gangnam"
   },
   "geometry": {
    "type": "LineString",
    "coordinates": [
     [
      126.94158883333331,
      37.513936916666665
     ],
     [
      126.92414654999999,
      37.52167905
     ]
    ]
   }
  },
  {
   "type": "Feature",
   "properties": {
    "origin": "Gangnam-gu",
    "hub": "Gangnam"
   },
   "geometry": {
    "type": "LineString",
    "coordinates": [
     [
      127.130605875,
      37.516118175
     ],
     [
      127.13834015,
      37.519871
     ]
    ]
   }
  },
  {
   "type": "Feature",
   "properties": {
    "origin": "Gangnam-gu",
    "hub": "Gangnam"
   },
   "geometry": {
    "type": "LineString",
    "coordinates": [
     [
      127.0065527,
      37.43572845
     ],
     [
      126.99683205,
      37.433065299999996
     ]
    ]
   }
  },
  {
   "type": "Feature",
   "properties": {
    "origin": "Gangnam-gu",
    "hub": "Gangnam"
   },
   "geometry": {
    "type": "LineString",
    "coordinates": [
     [
      127.05752925,
      37.589549649999995
     ],
     [
      127.0637886,
      37.5963116
     ]
    ]
   }
  },
  {
   "type": "Feature",
   "properties": {
    "origin": "Gangnam-gu",
    "hub": "Gangnam"
   },
   "geometry": {
    "type": "LineString",
    "coordinates": [
     [
      126.95670185,
      37.553438549999996
     ],
     [
      126.96214445,
      37.5594717
     ]
    ]
   }
  },
  {
   "type": "Feature",
   "properties": {
    "origin": "Gangnam-gu",
    "hub": "Gangnam"
   },
   "geometry": {
    "type": "LineString",
    "coordinates": [
     [
      127.01963022499999,
      37.515947849999996
     ],
     [
      127.0285102,
      37.5261326
     ]
    ]
   }
  },
  {
   "type": "Feature",
   "properties": {
    "origin": "Gangnam-gu",
    "hub": "Gangnam"
   },
   "geometry": {
    "type": "LineString",
    "coordinates": [
     [
      127.0057565,
      37.5590786
     ],
     [
      126.9935474,
      37.561972
     ]
    ]
   }
  },
  {
   "type": "Feature",
   "properties": {
    "origin": "Gangnam-gu",
    "hub": "Gangnam"
   },
   "geometry": {
    "type": "LineString",
    "coordinates": [
     [
      127.0461737,
      37.73766193333333
     ],
     [
      127.04440685,
      37.7483781
     ]
    ]
   }
  },
  {
   "type": "Feature",
   "properties": {
    "origin": "Gangnam-gu",
    "hub": "Gangnam"
   },
   "geometry": {
    "type": "LineString",
    "coordinates": [
     [
      126.9357817,
      37.6009659
     ],
     [
      126.92984775,
      37.61032965
     ]
    ]
   }
  },
  {
   "type": "Feature",
   "properties": {
    "origin": "Gangnam-gu",
    "hub": "Gangnam"
   },
   "geometry": {
    "type": "LineString",
    "coordinates": [
     [
      127.0414675,
      37.6019369
     ],
     [
      127.04824445,
      37.606223
     ]
    ]
   }
  },
  {
   "type": "Feature",
   "properties": {
    "origin": "Gangnam-gu",
    "hub": "Gangnam"
   },
   "geometry": {
    "type": "LineString",
    "coordinates": [
     [
      126.92414654999999,
      37.52167905
     ],
     [
      126.90267904999999,
      37.534194199999995
     ]
    ]
   }
  },
  {
   "type": "Feature",
   "properties": {
    "origin": "Gangnam-gu",
    "hub": "Gangnam"
   },
   "geometry": {
    "type": "LineString",
    "coordinates": [
     [
      126.933021475,
      37.358028000000004
     ],
     [
      126.8666104,
      37.30282205
     ]
    ]
   }
  },
  {
   "type": "Feature",
   "properties": {
    "origin": "Gangnam-gu",
    "hub": "Gangnam"
   },
   "geometry": {
    "type": "LineString",
    "coordinates": [
     [
      127.09109065,
      37.617416899999995
     ],
     [
      127.1046462,
      37.6124026
     ]
    ]
   }
  },
  {
   "type": "Feature",
   "properties": {
    "origin": "Gangnam-gu",
    "hub": "Gangnam"
   },
   "geometry": {
    "type": "LineString",
    "coordinates": [
     [
      126.94158883333331,
      37.513936916666665
     ],
     [
      126.9274886,
      37.5133478
     ]
    ]
   }
  },
  {
   "type": "Feature",
   "properties": {
    "origin": "Gangnam-gu",
    "hub": "Gangnam"
   },
   "geometry": {
    "type": "LineString",
    "coordinates": [
     [
      127.027783275,
      37.497521625000005
     ],
     [
      127.0246599,
      37.504134840000006
     ]
    ]
   }
  },
  {
   "type": "Feature",
   "properties": {
    "origin": "Gangnam-gu",
    "hub": "Gangnam"
   },
   "geometry": {
    "type": "LineString",
    "coordinates": [
     [
      126.7028595,
      37.470726125
     ],
     [
      126.6933966,
      37.4647324
     ]
    ]
   }
  },
  {
   "type": "Feature",
   "properties": {
    "origin": "Gangnam-gu",
    "hub": "Gangnam"
   },
   "geometry": {
    "type": "LineString",
    "coordinates": [
     [
      126.8861202,
      37.5256362
     ],
     [
      126.8751531,
      37.5245537
     ]
    ]
   }
  },
  {
   "type": "Feature",
   "properties": {
    "origin": "Gangnam-gu",
    "hub": "Gangnam"
   },
   "geometry": {
    "type": "LineString",
    "coordinates": [
     [
      127.0711248,
      37.540995699999996
     ],
     [
      127.07440324999999,
      37.5476204
     ]
    ]
   }
  },
  {
   "type": "Feature",
   "properties": {
    "origin": "Gangnam-gu",
    "hub": "Gangnam"
   },
   "geometry": {
    "type": "LineString",
    "coordinates": [
     [
      126.9503622,
      37.5823342
     ],
     [
      126.9442481,
      37.5887266
     ]
    ]
   }
  },
  {
   "type": "Feature",
   "properties": {
    "origin": "Gangnam-gu",
    "hub": "Gangnam"
   },
   "geometry": {
    "type": "LineString",
    "coordinates": [
     [
      126.724560725,
      37.489460875000006
     ],
     [
      126.67902043333333,
      37.4651555
     ]
    ]
   }
  },
  {
   "type": "Feature",
   "properties": {
    "origin": "Gangnam-gu",
    "hub": "Gangnam"
   },
   "geometry": {
    "type": "LineString",
    "coordinates": [
     [
      126.8465805,
      37.53185633333333
     ],
     [
      126.84038305,
      37.54170345
     ]
    ]
   }
  },
  {
   "type": "Feature",
   "properties": {
    "origin": "Gangnam-gu",
    "hub": "Gangnam"
   },
   "geometry": {
    "type": "LineString",
    "coordinates": [
     [
      126.97941087499999,
      37.50293935
     ],
     [
      126.96394889999999,
      37.50838225
     ]
    ]
   }
  },
  {
   "type": "Feature",
   "properties": {
    "origin": "Gangnam-gu",
    "hub": "Gangnam"
   },
   "geometry": {
    "type": "LineString",
    "coordinates": [
     [
      127.054875,
      37.9275599
     ],
     [
      127.06081169999999,
      37.9480142
     ]
    ]
   }
  },
  {
   "type": "Feature",
   "properties": {
    "origin": "Gangnam-gu",
    "hub": "Gangnam"
   },
   "geometry": {
    "type": "LineString",
    "coordinates": [
     [
      127.0461737,
      37.73766193333333
     ],
     [
      127.0423314,
      37.7593989
     ]
    ]
   }
  },
  {
   "type": "Feature",
   "properties": {
    "origin": "Gangnam-gu",
    "hub": "Gangnam"
   },
   "geometry": {
    "type": "LineString",
    "coordinates": [
     [
      127.0164111,
      37.592665
     ],
     [
      127.02494089999999,
      37.603309749999994
     ]
    ]
   }
  },
  {
   "type": "Feature",
   "properties": {
    "origin": "Gangnam-gu",
    "hub": "Gangnam"
   },
   "geometry": {
    "type": "LineString",
    "coordinates": [
     [
      126.9926834,
      37.5663661
     ],
     [
      126.99154498333333,
      37.57166261666667
     ]
    ]
   }
  },
  {
   "type": "Feature",
   "properties": {
    "origin": "Gangnam-gu",
    "hub": "Gangnam"
   },
   "geometry": {
    "type": "LineString",
    "coordinates": [
     [
      127.05288045,
      37.05648574999999
     ],
     [
      127.08552125,
      36.99061495
     ]
    ]
   }
  },
  {
   "type": "Feature",
   "properties": {
    "origin": "Gangnam-gu",
    "hub": "Gangnam"
   },
   "geometry": {
    "type": "LineString",
    "coordinates": [
     [
      127.07954310000001,
      37.557182225000005
     ],
     [
      127.0645931,
      37.561482350000006
     ]
    ]
   }
  },
  {
   "type": "Feature",
   "properties": {
    "origin": "Gangnam-gu",
    "hub": "Gangnam"
   },
   "geometry": {
    "type": "LineString",
    "coordinates": [
     [
      126.9578751,
      37.5745552
     ],
     [
      126.9503622,
      37.5823342
     ]
    ]
   }
  },
  {
   "type": "Feature",
   "properties": {
    "origin": "Gangnam-gu",
    "hub": "Gangnam"
   },
   "geometry": {
    "type": "LineString",
    "coordinates": [
     [
      127.0794696,
      37.601632
     ],
     [
      127.07760615000001,
      37.61143885
     ]
    ]
   }
  },
  {
   "type": "Feature",
   "properties": {
    "origin": "Gangnam-gu",
    "hub": "Gangnam"
   },
   "geometry": {
    "type": "LineString",
    "coordinates": [
     [
      127.12760195,
      37.3946471
     ],
     [
      127.2033703,
      37.4086667
     ]
    ]
   }
  },
  {
   "type": "Feature",
   "properties": {
    "origin": "Gangnam-gu",
    "hub": "Gangnam"
   },
   "geometry": {
    "type": "LineString",
    "coordinates": [
     [
      126.8677667,
      37.476040999999995
     ],
     [
      126.85431915000001,
      37.4794557
     ]
    ]
   }
  },
  {
   "type": "Feature",
   "properties": {
    "origin": "Gangnam-gu",
    "hub": "Gangnam"
   },
   "geometry": {
    "type": "LineString",
    "coordinates": [
     [
      126.78272705,
      37.484111150000004
     ],
     [
      126.7641426,
      37.48670185
     ]
    ]
   }
  },
  {
   "type": "Feature",
   "properties": {
    "origin": "Gangnam-gu",
    "hub": "Gangnam"
   },
   "geometry": {
    "type": "LineString",
    "coordinates": [
     [
      126.88277049999999,
      37.48041845
     ],
     [
      126.8677667,
      37.476040999999995
     ]
    ]
   }
  },
  {
   "type": "Feature",
   "properties": {
    "origin": "Gangnam-gu",
    "hub": "Gangnam"
   },
   "geometry": {
    "type": "LineString",
    "coordinates": [
     [
      127.15982804999999,
      37.451577349999994
     ],
     [
      127.15677604999999,
      37.44508145
     ]
    ]
   }
  },
  {
   "type": "Feature",
   "properties": {
    "origin": "Gangnam-gu",
    "hub": "Gangnam"
   },
   "geometry": {
    "type": "LineString",
    "coordinates": [
     [
      127.0615646,
      37.8432631
     ],
     [
      127.05581495,
      37.89235135
     ]
    ]
   }
  },
  {
   "type": "Feature",
   "properties": {
    "origin": "Gangnam-gu",
    "hub": "Gangnam"
   },
   "geometry": {
    "type": "LineString",
    "coordinates": [
     [
      127.14019295,
      37.5383463
     ],
     [
      127.142957,
      37.545654
     ]
    ]
   }
  },
  {
   "type": "Feature",
   "properties": {
    "origin": "Gangnam-gu",
    "hub": "Gangnam"
   },
   "geometry": {
    "type": "LineString",
    "coordinates": [
     [
      126.92560309999999,
      37.35054165
     ],
     [
      126.91689894999999,
      37.3279736
     ]
    ]
   }
  },
  {
   "type": "Feature",
   "properties": {
    "origin": "Gangnam-gu",
    "hub": "Gangnam"
   },
   "geometry": {
    "type": "LineString",
    "coordinates": [
     [
      126.91341105000001,
      37.487613499999995
     ],
     [
      126.9016665,
      37.48532195
     ]
    ]
   }
  },
  {
   "type": "Feature",
   "properties": {
    "origin": "Gangnam-gu",
    "hub": "Gangnam"
   },
   "geometry": {
    "type": "LineString",
    "coordinates": [
     [
      127.0666711,
      37.1448264
     ],
     [
      127.0623938,
      37.110096850000005
     ]
    ]
   }
  },
  {
   "type": "Feature",
   "properties": {
    "origin": "Gangnam-gu",
    "hub": "Gangnam"
   },
   "geometry": {
    "type": "LineString",
    "coordinates": [
     [
      127.1362466,
      37.527798950000005
     ],
     [
      127.13261646666666,
      37.535815533333334
     ]
    ]
   }
  },
  {
   "type": "Feature",
   "properties": {
    "origin": "Gangnam-gu",
    "hub": "Gangnam"
   },
   "geometry": {
    "type": "LineString",
    "coordinates": [
     [
      127.05288045,
      37.05648574999999
     ],
     [
      127.0704264,
      37.01900175
     ]
    ]
   }
  },
  {
   "type": "Feature",
   "properties": {
    "origin": "Gangnam-gu",
    "hub": "Gangnam"
   },
   "geometry": {
    "type": "LineString",
    "coordinates": [
     [
      127.00488916666667,
      37.50495225
     ],
     [
      126.97941087499999,
      37.50293935
     ]
    ]
   }
  },
  {
   "type": "Feature",
   "properties": {
    "origin": "Gangnam-gu",
    "hub": "Gangnam"
   },
   "geometry": {
    "type": "LineString",
    "coordinates": [
     [
      127.00789135,
      37.4438108
     ],
     [
      127.0065527,
      37.43572845
     ]
    ]
   }
  },
  {
   "type": "Feature",
   "properties": {
    "origin": "Gangnam-gu",
    "hub": "Gangnam"
   },
   "geometry": {
    "type": "LineString",
    "coordinates": [
     [
      127.1002885,
      37.513304899999994
     ],
     [
      127.1038398,
      37.52067075
     ]
    ]
   }
  },
  {
   "type": "Feature",
   "properties": {
    "origin": "Gangnam-gu",
    "hub": "Gangnam"
   },
   "geometry": {
    "type": "LineString",
    "coordinates": [
     [
      126.8659206,
      37.51228415
     ],
     [
      126.85303115,
      37.5200209
     ]
    ]
   }
  },
  {
   "type": "Feature",
   "properties": {
    "origin": "Gangnam-gu",
    "hub": "Gangnam"
   },
   "geometry": {
    "type": "LineString",
    "coordinates": [
     [
      126.930398,
      37.6098806
     ],
     [
      126.92069475,
      37.619039
     ]
    ]
   }
  },
  {
   "type": "Feature",
   "properties": {
    "origin": "Gangnam-gu",
    "hub": "Gangnam"
   },
   "geometry": {
    "type": "LineString",
    "coordinates": [
     [
      127.14656635,
      36.8109339
     ],
     [
      127.13607164999999,
      36.801399849999996
     ]
    ]
   }
  },
  {
   "type": "Feature",
   "properties": {
    "origin": "Gangnam-gu",
    "hub": "Gangnam"
   },
   "geometry": {
    "type": "LineString",
    "coordinates": [
     [
      127.074925275,
      37.617910925000004
     ],
     [
      127.0837107,
      37.61978165
     ]
    ]
   }
  },
  {
   "type": "Feature",
   "properties": {
    "origin": "Gangnam-gu",
    "hub": "Gangnam"
   },
   "geometry": {
    "type": "LineString",
    "coordinates": [
     [
      127.03457474999999,
      37.648415549999996
     ],
     [
      127.0488204,
      37.6534371
     ]
    ]
   }
  },
  {
   "type": "Feature",
   "properties": {
    "origin": "Gangnam-gu",
    "hub": "Gangnam"
   },
   "geometry": {
    "type": "LineString",
    "coordinates": [
     [
      127.11280625,
      37.5112663
     ],
     [
      127.11626145,
      37.5167248
     ]
    ]
   }
  },
  {
   "type": "Feature",
   "properties": {
    "origin": "Gangnam-gu",
    "hub": "Gangnam"
   },
   "geometry": {
    "type": "LineString",
    "coordinates": [
     [
      126.9735668,
      37.5757585
     ],
     [
      126.9578197,
      37.574513
     ]
    ]
   }
  },
  {
   "type": "Feature",
   "properties": {
    "origin": "Gangnam-gu",
    "hub": "Gangnam"
   },
   "geometry": {
    "type": "LineString",
    "coordinates": [
     [
      127.02611,
      37.626536849999994
     ],
     [
      127.02571385,
      37.63797905
     ]
    ]
   }
  },
  {
   "type": "Feature",
   "properties": {
    "origin": "Gangnam-gu",
    "hub": "Gangnam"
   },
   "geometry": {
    "type": "LineString",
    "coordinates": [
     [
      127.1489162,
      36.83411695
     ],
     [
      127.14656635,
      36.8109339
     ]
    ]
   }
  },
  {
   "type": "Feature",
   "properties": {
    "origin": "Gangnam-gu",
    "hub": "Gangnam"
   },
   "geometry": {
    "type": "LineString",
    "coordinates": [
     [
      127.00488916666667,
      37.50495225
     ],
     [
      127.0116271,
      37.5081687
     ]
    ]
   }
  },
  {
   "type": "Feature",
   "properties": {
    "origin": "Gangnam-gu",
    "hub": "Gangnam"
   },
   "geometry": {
    "type": "LineString",
    "coordinates": [
     [
      127.08650785,
      37.573884050000004
     ],
     [
      127.08841535,
      37.5807183
     ]
    ]
   }
  },
  {
   "type": "Feature",
   "properties": {
    "origin": "Gangnam-gu",
    "hub": "Gangnam"
   },
   "geometry": {
    "type": "LineString",
    "coordinates": [
     [
      126.996418,
      37.50360135
     ],
     [
      126.98678254999999,
      37.50129185
     ]
    ]
   }
  },
  {
   "type": "Feature",
   "properties": {
    "origin": "Gangnam-gu",
    "hub": "Gangnam"
   },
   "geometry": {
    "type": "LineString",
    "coordinates": [
     [
      126.944199,
      37.588674
     ],
     [
      126.9357156,
      37.600943
     ]
    ]
   }
  },
  {
   "type": "Feature",
   "properties": {
    "origin": "Gangnam-gu",
    "hub": "Gangnam"
   },
   "geometry": {
    "type": "LineString",
    "coordinates": [
     [
      127.0292055,
      37.56440925
     ],
     [
      127.0371344,
      37.561196
     ]
    ]
   }
  },
  {
   "type": "Feature",
   "properties": {
    "origin": "Gangnam-gu",
    "hub": "Gangnam"
   },
   "geometry": {
    "type": "LineString",
    "coordinates": [
     [
      126.94337842499999,
      37.372332
     ],
     [
      126.933021475,
      37.358028000000004
     ]
    ]
   }
  },
  {
   "type": "Feature",
   "properties": {
    "origin": "Gangnam-gu",
    "hub": "Gangnam"
   },
   "geometry": {
    "type": "LineString",
    "coordinates": [
     [
      127.13731045,
      37.55705595
     ],
     [
      127.13790955,
      37.587235899999996
     ]
    ]
   }
  },
  {
   "type": "Feature",
   "properties": {
    "origin": "Gangnam-gu",
    "hub": "Gangnam"
   },
   "geometry": {
    "type": "LineString",
    "coordinates": [
     [
      126.93920815,
      37.50497785
     ],
     [
      126.928208,
      37.49970205
     ]
    ]
   }
  },
  {
   "type": "Feature",
   "properties": {
    "origin": "Gangnam-gu",
    "hub": "Gangnam"
   },
   "geometry": {
    "type": "LineString",
    "coordinates": [
     [
      126.633077325,
      37.47509785
     ],
     [
      126.61704230000001,
      37.476938849999996
     ]
    ]
   }
  },
  {
   "type": "Feature",
   "properties": {
    "origin": "Gangnam-gu",
    "hub": "Gangnam"
   },
   "geometry": {
    "type": "LineString",
    "coordinates": [
     [
      127.03622743333334,
      37.561098433333335
     ],
     [
      127.0429062,
      37.566101599999996
     ]
    ]
   }
  },
  {
   "type": "Feature",
   "properties": {
    "origin": "Gangnam-gu",
    "hub": "Gangnam"
   },
   "geometry": {
    "type": "LineString",
    "coordinates": [
     [
      126.6576604,
      37.466815
     ],
     [
      126.64251645,
      37.46877
     ]
    ]
   }
  },
  {
   "type": "Feature",
   "properties": {
    "origin": "Gangnam-gu",
    "hub": "Gangnam"
   },
   "geometry": {
    "type": "LineString",
    "coordinates": [
     [
      127.0528192,
      36.77762405
     ],
     [
      127.00319809999999,
      36.78053885
     ]
    ]
   }
  },
  {
   "type": "Feature",
   "properties": {
    "origin": "Gangnam-gu",
    "hub": "Gangnam"
   },
   "geometry": {
    "type": "LineString",
    "coordinates": [
     [
      127.0413093,
      37.51717855
     ],
     [
      127.05116675,
      37.518998249999996
     ]
    ]
   }
  },
  {
   "type": "Feature",
   "properties": {
    "origin": "Gangnam-gu",
    "hub": "Gangnam"
   },
   "geometry": {
    "type": "LineString",
    "coordinates": [
     [
      127.046312175,
      37.689562124999995
     ],
     [
      127.053075,
      37.7001801
     ]
    ]
   }
  },
  {
   "type": "Feature",
   "properties": {
    "origin": "Gangnam-gu",
    "hub": "Gangnam"
   },
   "geometry": {
    "type": "LineString",
    "coordinates": [
     [
      127.1928227,
      37.5629465
     ],
     [
      127.2043138,
      37.55281085
     ]
    ]
   }
  },
  {
   "type": "Feature",
   "properties": {
    "origin": "Gangnam-gu",
    "hub": "Gangnam"
   },
   "geometry": {
    "type": "LineString",
    "coordinates": [
     [
      127.0076332,
      37.49182365
     ],
     [
      126.9976719,
      37.48146185
     ]
    ]
   }
  },
  {
   "type": "Feature",
   "properties": {
    "origin": "Gangnam-gu",
    "hub": "Gangnam"
   },
   "geometry": {
    "type": "LineString",
    "coordinates": [
     [
      126.9638778,
      37.39428915
     ],
     [
      126.9509103,
      37.389907199999996
     ]
    ]
   }
  },
  {
   "type": "Feature",
   "properties": {
    "origin": "Gangnam-gu",
    "hub": "Gangnam"
   },
   "geometry": {
    "type": "LineString",
    "coordinates": [
     [
      127.0730058,
      37.62561105
     ],
     [
      127.06822545,
      37.6359805
     ]
    ]
   }
  },
  {
   "type": "Feature",
   "properties": {
    "origin": "Gangnam-gu",
    "hub": "Gangnam"
   },
   "geometry": {
    "type": "LineString",
    "coordinates": [
     [
      127.05454165,
      37.4483655
     ],
     [
      127.1113607,
      37.394543375
     ]
    ]
   }
  },
  {
   "type": "Feature",
   "properties": {
    "origin": "Gangnam-gu",
    "hub": "Gangnam"
   },
   "geometry": {
    "type": "LineString",
    "coordinates": [
     [
      126.724560725,
      37.489460875000006
     ],
     [
      126.70695565,
      37.4830106
     ]
    ]
   }
  },
  {
   "type": "Feature",
   "properties": {
    "origin": "Gangnam-gu",
    "hub": "Gangnam"
   },
   "geometry": {
    "type": "LineString",
    "coordinates": [
     [
      126.9419898,
      37.482370200000005
     ],
     [
      126.929697,
      37.4842352
     ]
    ]
   }
  },
  {
   "type": "Feature",
   "properties": {
    "origin": "Gangnam-gu",
    "hub": "Gangnam"
   },
   "geometry": {
    "type": "LineString",
    "coordinates": [
     [
      126.902253,
      37.4353932
     ],
     [
      126.90834585,
      37.4197271
     ]
    ]
   }
  },
  {
   "type": "Feature",
   "properties": {
    "origin": "Gangnam-gu",
    "hub": "Gangnam"
   },
   "geometry": {
    "type": "LineString",
    "coordinates": [
     [
      126.8109994,
      37.6316918
     ],
     [
      126.78796255,
      37.6430864
     ]
    ]
   }
  },
  {
   "type": "Feature",
   "properties": {
    "origin": "Gangnam-gu",
    "hub": "Gangnam"
   },
   "geometry": {
    "type": "LineString",
    "coordinates": [
     [
      127.06822545,
      37.6359805
     ],
     [
      127.06387335,
      37.6455284
     ]
    ]
   }
  },
  {
   "type": "Feature",
   "properties": {
    "origin": "Gangnam-gu",
    "hub": "Gangnam"
   },
   "geometry": {
    "type": "LineString",
    "coordinates": [
     [
      126.91374195,
      37.64814335
     ],
     [
      126.89547454999999,
      37.65312725
     ]
    ]
   }
  },
  {
   "type": "Feature",
   "properties": {
    "origin": "Gangnam-gu",
    "hub": "Gangnam"
   },
   "geometry": {
    "type": "LineString",
    "coordinates": [
     [
      127.04343015,
      37.18718805
     ],
     [
      127.06307985000001,
      37.16945165
     ]
    ]
   }
  },
  {
   "type": "Feature",
   "properties": {
    "origin": "Gangnam-gu",
    "hub": "Gangnam"
   },
   "geometry": {
    "type": "LineString",
    "coordinates": [
     [
      126.89390025,
      37.53789915
     ],
     [
      126.8832178,
      37.544236749999996
     ]
    ]
   }
  },
  {
   "type": "Feature",
   "properties": {
    "origin": "Gangnam-gu",
    "hub": "Gangnam"
   },
   "geometry": {
    "type": "LineString",
    "coordinates": [
     [
      126.8113736,
      37.506238350000004
     ],
     [
      126.7972585,
      37.5054479
     ]
    ]
   }
  },
  {
   "type": "Feature",
   "properties": {
    "origin": "Gangnam-gu",
    "hub": "Gangnam"
   },
   "geometry": {
    "type": "LineString",
    "coordinates": [
     [
      127.01963022499999,
      37.515947849999996
     ],
     [
      127.0284705,
      37.5261356
     ]
    ]
   }
  },
  {
   "type": "Feature",
   "properties": {
    "origin": "Gangnam-gu",
    "hub": "Gangnam"
   },
   "geometry": {
    "type": "LineString",
    "coordinates": [
     [
      126.67902043333333,
      37.4651555
     ],
     [
      126.6576604,
      37.466815
     ]
    ]
   }
  },
  {
   "type": "Feature",
   "properties": {
    "origin": "Gangnam-gu",
    "hub": "Gangnam"
   },
   "geometry": {
    "type": "LineString",
    "coordinates": [
     [
      127.13808069999999,
      37.61096805
     ],
     [
      127.14977395,
      37.62432035
     ]
    ]
   }
  },
  {
   "type": "Feature",
   "properties": {
    "origin": "Gangnam-gu",
    "hub": "Gangnam"
   },
   "geometry": {
    "type": "LineString",
    "coordinates": [
     [
      127.0461737,
      37.73766193333333
     ],
     [
      127.04479986666668,
      37.77416003333334
     ]
    ]
   }
  },
  {
   "type": "Feature",
   "properties": {
    "origin": "Gangnam-gu",
    "hub": "Gangnam"
   },
   "geometry": {
    "type": "LineString",
    "coordinates": [
     [
      127.14408005,
      37.5519235
     ],
     [
      127.15379125000001,
      37.5549799
     ]
    ]
   }
  },
  {
   "type": "Feature",
   "properties": {
    "origin": "Gangnam-gu",
    "hub": "Gangnam"
   },
   "geometry": {
    "type": "LineString",
    "coordinates": [
     [
      126.999739925,
      37.266122525
     ],
     [
      127.0331232,
      37.206827425
     ]
    ]
   }
  },
  {
   "type": "Feature",
   "properties": {
    "origin": "Gangnam-gu",
    "hub": "Gangnam"
   },
   "geometry": {
    "type": "LineString",
    "coordinates": [
     [
      126.91689894999999,
      37.3279736
     ],
     [
      126.9038537,
      37.31243275
     ]
    ]
   }
  },
  {
   "type": "Feature",
   "properties": {
    "origin": "Gangnam-gu",
    "hub": "Gangnam"
   },
   "geometry": {
    "type": "LineString",
    "coordinates": [
     [
      127.0246599,
      37.504134840000006
     ],
     [
      127.0438358,
      37.5102551
     ]
    ]
   }
  },
  {
   "type": "Feature",
   "properties": {
    "origin": "Gangnam-gu",
    "hub": "Gangnam"
   },
   "geometry": {
    "type": "LineString",
    "coordinates": [
     [
      126.89151790000001,
      37.509030114285714
     ],
     [
      126.88262365,
      37.514484550000006
     ]
    ]
   }
  },
  {
   "type": "Feature",
   "properties": {
    "origin": "Gangnam-gu",
    "hub": "Gangnam"
   },
   "geometry": {
    "type": "LineString",
    "coordinates": [
     [
      126.90267904999999,
      37.534194199999995
     ],
     [
      126.89390025,
      37.53789915
     ]
    ]
   }
  },
  {
   "type": "Feature",
   "properties": {
    "origin": "Gangnam-gu",
    "hub": "Gangnam"
   },
   "geometry": {
    "type": "LineString",
    "coordinates": [
     [
      127.0331232,
      37.206827425
     ],
     [
      127.0666711,
      37.1448264
     ]
    ]
   }
  },
  {
   "type": "Feature",
   "properties": {
    "origin": "Gangnam-gu",
    "hub": "Gangnam"
   },
   "geometry": {
    "type": "LineString",
    "coordinates": [
     [
      126.99319055000001,
      37.4875448
     ],
     [
      126.98196229999999,
      37.48532035
     ]
    ]
   }
  },
  {
   "type": "Feature",
   "properties": {
    "origin": "Gangnam-gu",
    "hub": "Gangnam"
   },
   "geometry": {
    "type": "LineString",
    "coordinates": [
     [
      127.0719283,
      38.024529799999996
     ],
     [
      127.0738629,
      38.1004613
     ]
    ]
   }
  },
  {
   "type": "Feature",
   "properties": {
    "origin": "Gangnam-gu",
    "hub": "Gangnam"
   },
   "geometry": {
    "type": "LineString",
    "coordinates": [
     [
      126.89641230000001,
      37.524029799999994
     ],
     [
      126.8861202,
      37.5256362
     ]
    ]
   }
  },
  {
   "type": "Feature",
   "properties": {
    "origin": "Gangnam-gu",
    "hub": "Gangnam"
   },
   "geometry": {
    "type": "LineString",
    "coordinates": [
     [
      126.80592225000001,
      37.3207102
     ],
     [
      126.788700425,
      37.327088575000005
     ]
    ]
   }
  },
  {
   "type": "Feature",
   "properties": {
    "origin": "Gangnam-gu",
    "hub": "Gangnam"
   },
   "geometry": {
    "type": "LineString",
    "coordinates": [
     [
      126.9885185,
      37.4650423
     ],
     [
      127.00210535,
      37.451572299999995
     ]
    ]
   }
  },
  {
   "type": "Feature",
   "properties": {
    "origin": "Gangnam-gu",
    "hub": "Gangnam"
   },
   "geometry": {
    "type": "LineString",
    "coordinates": [
     [
      127.0515173,
      37.2885603
     ],
     [
      127.04414025,
      37.30217675
     ]
    ]
   }
  },
  {
   "type": "Feature",
   "properties": {
    "origin": "Gangnam-gu",
    "hub": "Gangnam"
   },
   "geometry": {
    "type": "LineString",
    "coordinates": [
     [
      127.014221675,
      37.493417775000005
     ],
     [
      127.01630875000001,
      37.48497865
     ]
    ]
   }
  },
  {
   "type": "Feature",
   "properties": {
    "origin": "Gangnam-gu",
    "hub": "Gangnam"
   },
   "geometry": {
    "type": "LineString",
    "coordinates": [
     [
      126.94158883333331,
      37.513936916666665
     ],
     [
      126.90722555,
      37.515533616666666
     ]
    ]
   }
  },
  {
   "type": "Feature",
   "properties": {
    "origin": "Mapo-gu",
    "hub": "Hongik University"
   },
   "geometry": {
    "type": "LineString",
    "coordinates": [
     [
      127.0631799,
      37.494503
     ],
     [
      127.0698874,
      37.4965268
     ]
    ]
   }
  },
  {
   "type": "Feature",
   "properties": {
    "origin": "Mapo-gu",
    "hub": "Hongik University"
   },
   "geometry": {
    "type": "LineString",
    "coordinates": [
     [
      127.12332384999999,
      37.538330724999994
     ],
     [
      127.12062259999999,
      37.530676150000005
     ]
    ]
   }
  },
  {
   "type": "Feature",
   "properties": {
    "origin": "Mapo-gu",
    "hub": "Hongik University"
   },
   "geometry": {
    "type": "LineString",
    "coordinates": [
     [
      126.84291495,
      37.6531073
     ],
     [
      126.83262855000001,
      37.6346248
     ]
    ]
   }
  },
  {
   "type": "Feature",
   "properties": {
    "origin": "Mapo-gu",
    "hub": "Hongik University"
   },
   "geometry": {
    "type": "LineString",
    "coordinates": [
     [
      127.1260606,
      37.478900550000006
     ],
     [
      127.12672925,
      37.47090125
     ]
    ]
   }
  },
  {
   "type": "Feature",
   "properties": {
    "origin": "Mapo-gu",
    "hub": "Hongik University"
   },
   "geometry": {
    "type": "LineString",
    "coordinates": [
     [
      126.88259225,
      37.481642550000004
     ],
     [
      126.89401819999999,
      37.45556295
     ]
    ]
   }
  },
  {
   "type": "Feature",
   "properties": {
    "origin": "Mapo-gu",
    "hub": "Hongik University"
   },
   "geometry": {
    "type": "LineString",
    "coordinates": [
     [
      126.92414654999999,
      37.52167905
     ],
     [
      126.94158883333331,
      37.513936916666665
     ]
    ]
   }
  },
  {
   "type": "Feature",
   "properties": {
    "origin": "Mapo-gu",
    "hub": "Hongik University"
   },
   "geometry": {
    "type": "LineString",
    "coordinates": [
     [
      126.724560725,
      37.489460875000006
     ],
     [
      126.7028595,
      37.470726125
     ]
    ]
   }
  },
  {
   "type": "Feature",
   "properties": {
    "origin": "Mapo-gu",
    "hub": "Hongik University"
   },
   "geometry": {
    "type": "LineString",
    "coordinates": [
     [
      126.80816335,
      37.57285495
     ],
     [
      126.81273185,
      37.57739155
     ]
    ]
   }
  },
  {
   "type": "Feature",
   "properties": {
    "origin": "Mapo-gu",
    "hub": "Hongik University"
   },
   "geometry": {
    "type": "LineString",
    "coordinates": [
     [
      126.89151790000001,
      37.509030114285714
     ],
     [
      126.8822843222222,
      37.50327466666667
     ]
    ]
   }
  },
  {
   "type": "Feature",
   "properties": {
    "origin": "Mapo-gu",
    "hub": "Hongik University"
   },
   "geometry": {
    "type": "LineString",
    "coordinates": [
     [
      127.046312175,
      37.689562124999995
     ],
     [
      127.04726355,
      37.7239029
     ]
    ]
   }
  },
  {
   "type": "Feature",
   "properties": {
    "origin": "Mapo-gu",
    "hub": "Hongik University"
   },
   "geometry": {
    "type": "LineString",
    "coordinates": [
     [
      127.04726355,
      37.7239029
     ],
     [
      127.0461737,
      37.73766193333333
     ]
    ]
   }
  },
  {
   "type": "Feature",
   "properties": {
    "origin": "Mapo-gu",
    "hub": "Hongik University"
   },
   "geometry": {
    "type": "LineString",
    "coordinates": [
     [
      126.92348945,
      37.556651200000005
     ],
     [
      126.9146599,
      37.55006055
     ]
    ]
   }
  },
  {
   "type": "Feature",
   "properties": {
    "origin": "Mapo-gu",
    "hub": "Hongik University"
   },
   "geometry": {
    "type": "LineString",
    "coordinates": [
     [
      127.079078,
      37.67024585
     ],
     [
      127.11618745,
      37.6677962
     ]
    ]
   }
  },
  {
   "type": "Feature",
   "properties": {
    "origin": "Mapo-gu",
    "hub": "Hongik University"
   },
   "geometry": {
    "type": "LineString",
    "coordinates": [
     [
      127.10697945,
      37.505189625
     ],
     [
      127.10352075,
      37.514297799999994
     ]
    ]
   }
  },
  {
   "type": "Feature",
   "properties": {
    "origin": "Mapo-gu",
    "hub": "Hongik University"
   },
   "geometry": {
    "type": "LineString",
    "coordinates": [
     [
      127.29996225,
      37.373357299999995
     ],
     [
      127.3462797,
      37.3505042
     ]
    ]
   }
  },
  {
   "type": "Feature",
   "properties": {
    "origin": "Mapo-gu",
    "hub": "Hongik University"
   },
   "geometry": {
    "type": "LineString",
    "coordinates": [
     [
      126.9926834,
      37.5663661
     ],
     [
      126.9935474,
      37.561972
     ]
    ]
   }
  },
  {
   "type": "Feature",
   "properties": {
    "origin": "Mapo-gu",
    "hub": "Hongik University"
   },
   "geometry": {
    "type": "LineString",
    "coordinates": [
     [
      127.08841535,
      37.5807183
     ],
     [
      127.0875651,
      37.588382949999996
     ]
    ]
   }
  },
  {
   "type": "Feature",
   "properties": {
    "origin": "Mapo-gu",
    "hub": "Hongik University"
   },
   "geometry": {
    "type": "LineString",
    "coordinates": [
     [
      127.0837107,
      37.61978165
     ],
     [
      127.09109065,
      37.617416899999995
     ]
    ]
   }
  },
  {
   "type": "Feature",
   "properties": {
    "origin": "Mapo-gu",
    "hub": "Hongik University"
   },
   "geometry": {
    "type": "LineString",
    "coordinates": [
     [
      126.97134670000001,
      37.30031830000001
     ],
     [
      126.98955755,
      37.2840608
     ]
    ]
   }
  },
  {
   "type": "Feature",
   "properties": {
    "origin": "Mapo-gu",
    "hub": "Hongik University"
   },
   "geometry": {
    "type": "LineString",
    "coordinates": [
     [
      127.0307414,
      37.51395335
     ],
     [
      127.0413093,
      37.51717855
     ]
    ]
   }
  },
  {
   "type": "Feature",
   "properties": {
    "origin": "Mapo-gu",
    "hub": "Hongik University"
   },
   "geometry": {
    "type": "LineString",
    "coordinates": [
     [
      126.98678254999999,
      37.50129185
     ],
     [
      126.996418,
      37.50360135
     ]
    ]
   }
  },
  {
   "type": "Feature",
   "properties": {
    "origin": "Mapo-gu",
    "hub": "Hongik University"
   },
   "geometry": {
    "type": "LineString",
    "coordinates": [
     [
      126.76123989999999,
      37.670143249999995
     ],
     [
      126.74746815,
      37.6761745
     ]
    ]
   }
  },
  {
   "type": "Feature",
   "properties": {
    "origin": "Mapo-gu",
    "hub": "Hongik University"
   },
   "geometry": {
    "type": "LineString",
    "coordinates": [
     [
      127.2043138,
      37.55281085
     ],
     [
      127.207006,
      37.54165275
     ]
    ]
   }
  },
  {
   "type": "Feature",
   "properties": {
    "origin": "Mapo-gu",
    "hub": "Hongik University"
   },
   "geometry": {
    "type": "LineString",
    "coordinates": [
     [
      126.98222985000001,
      37.48702505
     ],
     [
      126.98153045000001,
      37.4769541
     ]
    ]
   }
  },
  {
   "type": "Feature",
   "properties": {
    "origin": "Mapo-gu",
    "hub": "Hongik University"
   },
   "geometry": {
    "type": "LineString",
    "coordinates": [
     [
      126.78272705,
      37.484111150000004
     ],
     [
      126.7537146,
      37.4876311
     ]
    ]
   }
  },
  {
   "type": "Feature",
   "properties": {
    "origin": "Mapo-gu",
    "hub": "Hongik University"
   },
   "geometry": {
    "type": "LineString",
    "coordinates": [
     [
      127.0438358,
      37.5102551
     ],
     [
      127.05341885,
      37.51308095
     ]
    ]
   }
  },
  {
   "type": "Feature",
   "properties": {
    "origin": "Mapo-gu",
    "hub": "Hongik University"
   },
   "geometry": {
    "type": "LineString",
    "coordinates": [
     [
      126.9944059,
      37.561106433333336
     ],
     [
      127.0057659,
      37.5590197
     ]
    ]
   }
  },
  {
   "type": "Feature",
   "properties": {
    "origin": "Mapo-gu",
    "hub": "Hongik University"
   },
   "geometry": {
    "type": "LineString",
    "coordinates": [
     [
      127.0021236,
      37.5709815
     ],
     [
      127.010226875,
      37.571269725
     ]
    ]
   }
  },
  {
   "type": "Feature",
   "properties": {
    "origin": "Mapo-gu",
    "hub": "Hongik University"
   },
   "geometry": {
    "type": "LineString",
    "coordinates": [
     [
      127.1761181,
      37.5575379
     ],
     [
      127.1928227,
      37.5629465
     ]
    ]
   }
  },
  {
   "type": "Feature",
   "properties": {
    "origin": "Mapo-gu",
    "hub": "Hongik University"
   },
   "geometry": {
    "type": "LineString",
    "coordinates": [
     [
      126.89486975,
      37.51840285
     ],
     [
      126.89151790000001,
      37.509030114285714
     ]
    ]
   }
  },
  {
   "type": "Feature",
   "properties": {
    "origin": "Mapo-gu",
    "hub": "Hongik University"
   },
   "geometry": {
    "type": "LineString",
    "coordinates": [
     [
      127.03622743333334,
      37.561098433333335
     ],
     [
      127.0436639,
      37.555725300000006
     ]
    ]
   }
  },
  {
   "type": "Feature",
   "properties": {
    "origin": "Mapo-gu",
    "hub": "Hongik University"
   },
   "geometry": {
    "type": "LineString",
    "coordinates": [
     [
      126.96663975,
      37.565793400000004
     ],
     [
      126.96214445,
      37.5594717
     ]
    ]
   }
  },
  {
   "type": "Feature",
   "properties": {
    "origin": "Mapo-gu",
    "hub": "Hongik University"
   },
   "geometry": {
    "type": "LineString",
    "coordinates": [
     [
      126.724560725,
      37.489460875000006
     ],
     [
      126.6801621,
      37.4650781
     ]
    ]
   }
  },
  {
   "type": "Feature",
   "properties": {
    "origin": "Mapo-gu",
    "hub": "Hongik University"
   },
   "geometry": {
    "type": "LineString",
    "coordinates": [
     [
      126.98153045000001,
      37.4769541
     ],
     [
      126.96355224999999,
      37.4770473
     ]
    ]
   }
  },
  {
   "type": "Feature",
   "properties": {
    "origin": "Mapo-gu",
    "hub": "Hongik University"
   },
   "geometry": {
    "type": "LineString",
    "coordinates": [
     [
      127.10697945,
      37.505189625
     ],
     [
      127.11280625,
      37.5112663
     ]
    ]
   }
  },
  {
   "type": "Feature",
   "properties": {
    "origin": "Mapo-gu",
    "hub": "Hongik University"
   },
   "geometry": {
    "type": "LineString",
    "coordinates": [
     [
      127.49032700000001,
      37.260404449999996
     ],
     [
      127.5706498,
      37.29361915
     ]
    ]
   }
  },
  {
   "type": "Feature",
   "properties": {
    "origin": "Mapo-gu",
    "hub": "Hongik University"
   },
   "geometry": {
    "type": "LineString",
    "coordinates": [
     [
      127.0292055,
      37.56440925
     ],
     [
      127.03622743333334,
      37.561098433333335
     ]
    ]
   }
  },
  {
   "type": "Feature",
   "properties": {
    "origin": "Mapo-gu",
    "hub": "Hongik University"
   },
   "geometry": {
    "type": "LineString",
    "coordinates": [
     [
      127.14977395,
      37.62432035
     ],
     [
      127.1273613,
      37.6424033
     ]
    ]
   }
  },
  {
   "type": "Feature",
   "properties": {
    "origin": "Mapo-gu",
    "hub": "Hongik University"
   },
   "geometry": {
    "type": "LineString",
    "coordinates": [
     [
      127.04432025,
      37.6674863
     ],
     [
      127.04551135,
      37.679016000000004
     ]
    ]
   }
  },
  {
   "type": "Feature",
   "properties": {
    "origin": "Mapo-gu",
    "hub": "Hongik University"
   },
   "geometry": {
    "type": "LineString",
    "coordinates": [
     [
      127.02494089999999,
      37.603309749999994
     ],
     [
      127.03009940000001,
      37.61316885
     ]
    ]
   }
  },
  {
   "type": "Feature",
   "properties": {
    "origin": "Mapo-gu",
    "hub": "Hongik University"
   },
   "geometry": {
    "type": "LineString",
    "coordinates": [
     [
      127.11792632500001,
      37.492728225
     ],
     [
      127.1237831,
      37.495351
     ]
    ]
   }
  },
  {
   "type": "Feature",
   "properties": {
    "origin": "Mapo-gu",
    "hub": "Hongik University"
   },
   "geometry": {
    "type": "LineString",
    "coordinates": [
     [
      127.04824445,
      37.606223
     ],
     [
      127.05647575,
      37.6105524
     ]
    ]
   }
  },
  {
   "type": "Feature",
   "properties": {
    "origin": "Mapo-gu",
    "hub": "Hongik University"
   },
   "geometry": {
    "type": "LineString",
    "coordinates": [
     [
      127.1406795,
      37.437440949999996
     ],
     [
      127.13032179999999,
      37.434014149999996
     ]
    ]
   }
  },
  {
   "type": "Feature",
   "properties": {
    "origin": "Mapo-gu",
    "hub": "Hongik University"
   },
   "geometry": {
    "type": "LineString",
    "coordinates": [
     [
      127.15677604999999,
      37.44508145
     ],
     [
      127.1476359,
      37.44099535
     ]
    ]
   }
  },
  {
   "type": "Feature",
   "properties": {
    "origin": "Mapo-gu",
    "hub": "Hongik University"
   },
   "geometry": {
    "type": "LineString",
    "coordinates": [
     [
      126.88259225,
      37.481642550000004
     ],
     [
      126.88950750000001,
      37.46602645
     ]
    ]
   }
  },
  {
   "type": "Feature",
   "properties": {
    "origin": "Mapo-gu",
    "hub": "Hongik University"
   },
   "geometry": {
    "type": "LineString",
    "coordinates": [
     [
      126.9713321,
      37.540552000000005
     ],
     [
      126.9644438,
      37.52945737499999
     ]
    ]
   }
  },
  {
   "type": "Feature",
   "properties": {
    "origin": "Mapo-gu",
    "hub": "Hongik University"
   },
   "geometry": {
    "type": "LineString",
    "coordinates": [
     [
      127.00488916666667,
      37.50495225
     ],
     [
      126.99319055000001,
      37.4875448
     ]
    ]
   }
  },
  {
   "type": "Feature",
   "properties": {
    "origin": "Mapo-gu",
    "hub": "Hongik University"
   },
   "geometry": {
    "type": "LineString",
    "coordinates": [
     [
      126.85303115,
      37.5200209
     ],
     [
      126.8465805,
      37.53185633333333
     ]
    ]
   }
  },
  {
   "type": "Feature",
   "properties": {
    "origin": "Mapo-gu",
    "hub": "Hongik University"
   },
   "geometry": {
    "type": "LineString",
    "coordinates": [
     [
      126.88277049999999,
      37.48041845
     ],
     [
      126.88669185,
      37.485393650000006
     ]
    ]
   }
  },
  {
   "type": "Feature",
   "properties": {
    "origin": "Mapo-gu",
    "hub": "Hongik University"
   },
   "geometry": {
    "type": "LineString",
    "coordinates": [
     [
      127.1910807,
      37.705207650000006
     ],
     [
      127.20323855,
      37.7200354
     ]
    ]
   }
  },
  {
   "type": "Feature",
   "properties": {
    "origin": "Mapo-gu",
    "hub": "Hongik University"
   },
   "geometry": {
    "type": "LineString",
    "coordinates": [
     [
      127.06387335,
      37.6455284
     ],
     [
      127.0605474,
      37.6544077
     ]
    ]
   }
  },
  {
   "type": "Feature",
   "properties": {
    "origin": "Mapo-gu",
    "hub": "Hongik University"
   },
   "geometry": {
    "type": "LineString",
    "coordinates": [
     [
      126.9357156,
      37.600943
     ],
     [
      126.930398,
      37.6098806
     ]
    ]
   }
  },
  {
   "type": "Feature",
   "properties": {
    "origin": "Mapo-gu",
    "hub": "Hongik University"
   },
   "geometry": {
    "type": "LineString",
    "coordinates": [
     [
      127.0526772,
      37.56682395
     ],
     [
      127.0645931,
      37.561482350000006
     ]
    ]
   }
  },
  {
   "type": "Feature",
   "properties": {
    "origin": "Mapo-gu",
    "hub": "Hongik University"
   },
   "geometry": {
    "type": "LineString",
    "coordinates": [
     [
      127.0875651,
      37.588382949999996
     ],
     [
      127.08565575,
      37.59584195
     ]
    ]
   }
  },
  {
   "type": "Feature",
   "properties": {
    "origin": "Mapo-gu",
    "hub": "Hongik University"
   },
   "geometry": {
    "type": "LineString",
    "coordinates": [
     [
      126.8363186,
      37.54886705
     ],
     [
      126.83748539999999,
      37.55844505
     ]
    ]
   }
  },
  {
   "type": "Feature",
   "properties": {
    "origin": "Mapo-gu",
    "hub": "Hongik University"
   },
   "geometry": {
    "type": "LineString",
    "coordinates": [
     [
      126.9459774,
      37.5396233
     ],
     [
      126.951171975,
      37.543658125
     ]
    ]
   }
  },
  {
   "type": "Feature",
   "properties": {
    "origin": "Mapo-gu",
    "hub": "Hongik University"
   },
   "geometry": {
    "type": "LineString",
    "coordinates": [
     [
      127.0565601,
      37.9025991
     ],
     [
      127.054875,
      37.9275599
     ]
    ]
   }
  },
  {
   "type": "Feature",
   "properties": {
    "origin": "Mapo-gu",
    "hub": "Hongik University"
   },
   "geometry": {
    "type": "LineString",
    "coordinates": [
     [
      127.10697945,
      37.505189625
     ],
     [
      127.11227210000001,
      37.49963255
     ]
    ]
   }
  },
  {
   "type": "Feature",
   "properties": {
    "origin": "Mapo-gu",
    "hub": "Hongik University"
   },
   "geometry": {
    "type": "LineString",
    "coordinates": [
     [
      126.97691345,
      37.57161265
     ],
     [
      126.96663975,
      37.565793400000004
     ]
    ]
   }
  },
  {
   "type": "Feature",
   "properties": {
    "origin": "Mapo-gu",
    "hub": "Hongik University"
   },
   "geometry": {
    "type": "LineString",
    "coordinates": [
     [
      126.973578,
      37.57582
     ],
     [
      126.9578751,
      37.5745552
     ]
    ]
   }
  },
  {
   "type": "Feature",
   "properties": {
    "origin": "Mapo-gu",
    "hub": "Hongik University"
   },
   "geometry": {
    "type": "LineString",
    "coordinates": [
     [
      127.056101,
      37.5445711
     ],
     [
      127.0692152,
      37.540422050000004
     ]
    ]
   }
  },
  {
   "type": "Feature",
   "properties": {
    "origin": "Mapo-gu",
    "hub": "Hongik University"
   },
   "geometry": {
    "type": "LineString",
    "coordinates": [
     [
      127.034487975,
      37.484172900000004
     ],
     [
      127.0469913,
      37.4870435
     ]
    ]
   }
  },
  {
   "type": "Feature",
   "properties": {
    "origin": "Mapo-gu",
    "hub": "Hongik University"
   },
   "geometry": {
    "type": "LineString",
    "coordinates": [
     [
      127.0104261,
      37.55442283333334
     ],
     [
      127.01593,
      37.5480416
     ]
    ]
   }
  },
  {
   "type": "Feature",
   "properties": {
    "origin": "Mapo-gu",
    "hub": "Hongik University"
   },
   "geometry": {
    "type": "LineString",
    "coordinates": [
     [
      127.07510895,
      37.5112206
     ],
     [
      127.0872093,
      37.5045328
     ]
    ]
   }
  },
  {
   "type": "Feature",
   "properties": {
    "origin": "Mapo-gu",
    "hub": "Hongik University"
   },
   "geometry": {
    "type": "LineString",
    "coordinates": [
     [
      127.11792632500001,
      37.492728225
     ],
     [
      127.1238319,
      37.4953088
     ]
    ]
   }
  },
  {
   "type": "Feature",
   "properties": {
    "origin": "Mapo-gu",
    "hub": "Hongik University"
   },
   "geometry": {
    "type": "LineString",
    "coordinates": [
     [
      126.92414654999999,
      37.52167905
     ],
     [
      126.91801478333333,
      37.516964349999995
     ]
    ]
   }
  },
  {
   "type": "Feature",
   "properties": {
    "origin": "Mapo-gu",
    "hub": "Hongik University"
   },
   "geometry": {
    "type": "LineString",
    "coordinates": [
     [
      126.97613145,
      37.564515325
     ],
     [
      126.98317564999999,
      37.57016135
     ]
    ]
   }
  },
  {
   "type": "Feature",
   "properties": {
    "origin": "Mapo-gu",
    "hub": "Hongik University"
   },
   "geometry": {
    "type": "LineString",
    "coordinates": [
     [
      127.130605875,
      37.516118175
     ],
     [
      127.1482366,
      37.528283833333326
     ]
    ]
   }
  },
  {
   "type": "Feature",
   "properties": {
    "origin": "Mapo-gu",
    "hub": "Hongik University"
   },
   "geometry": {
    "type": "LineString",
    "coordinates": [
     [
      126.67902043333333,
      37.4651555
     ],
     [
      126.633077325,
      37.47509785
     ]
    ]
   }
  },
  {
   "type": "Feature",
   "properties": {
    "origin": "Mapo-gu",
    "hub": "Hongik University"
   },
   "geometry": {
    "type": "LineString",
    "coordinates": [
     [
      126.99154498333333,
      37.57166261666667
     ],
     [
      126.99810195,
      37.56693335
     ]
    ]
   }
  },
  {
   "type": "Feature",
   "properties": {
    "origin": "Mapo-gu",
    "hub": "Hongik University"
   },
   "geometry": {
    "type": "LineString",
    "coordinates": [
     [
      126.98196229999999,
      37.48532035
     ],
     [
      126.97186830000001,
      37.484363450000004
     ]
    ]
   }
  },
  {
   "type": "Feature",
   "properties": {
    "origin": "Mapo-gu",
    "hub": "Hongik University"
   },
   "geometry": {
    "type": "LineString",
    "coordinates": [
     [
      127.0198127,
      37.56563195
     ],
     [
      127.0292055,
      37.56440925
     ]
    ]
   }
  },
  {
   "type": "Feature",
   "properties": {
    "origin": "Mapo-gu",
    "hub": "Hongik University"
   },
   "geometry": {
    "type": "LineString",
    "coordinates": [
     [
      126.8384926,
      37.31602785
     ],
     [
      126.82301165,
      37.31686475
     ]
    ]
   }
  },
  {
   "type": "Feature",
   "properties": {
    "origin": "Mapo-gu",
    "hub": "Hongik University"
   },
   "geometry": {
    "type": "LineString",
    "coordinates": [
     [
      126.951171975,
      37.543658125
     ],
     [
      126.94233779999999,
      37.54770605
     ]
    ]
   }
  },
  {
   "type": "Feature",
   "properties": {
    "origin": "Mapo-gu",
    "hub": "Hongik University"
   },
   "geometry": {
    "type": "LineString",
    "coordinates": [
     [
      126.88262365,
      37.514484550000006
     ],
     [
      126.8659206,
      37.51228415
     ]
    ]
   }
  },
  {
   "type": "Feature",
   "properties": {
    "origin": "Mapo-gu",
    "hub": "Hongik University"
   },
   "geometry": {
    "type": "LineString",
    "coordinates": [
     [
      126.855077,
      37.5611624
     ],
     [
      126.82772320000001,
      37.566714149999996
     ]
    ]
   }
  },
  {
   "type": "Feature",
   "properties": {
    "origin": "Mapo-gu",
    "hub": "Hongik University"
   },
   "geometry": {
    "type": "LineString",
    "coordinates": [
     [
      126.8822843222222,
      37.50327466666667
     ],
     [
      126.8604172,
      37.4942856
     ]
    ]
   }
  },
  {
   "type": "Feature",
   "properties": {
    "origin": "Mapo-gu",
    "hub": "Hongik University"
   },
   "geometry": {
    "type": "LineString",
    "coordinates": [
     [
      127.00636765,
      37.5885974
     ],
     [
      127.0164111,
      37.592665
     ]
    ]
   }
  },
  {
   "type": "Feature",
   "properties": {
    "origin": "Mapo-gu",
    "hub": "Hongik University"
   },
   "geometry": {
    "type": "LineString",
    "coordinates": [
     [
      126.86459835,
      37.5512139
     ],
     [
      126.86195190000001,
      37.55743755
     ]
    ]
   }
  },
  {
   "type": "Feature",
   "properties": {
    "origin": "Mapo-gu",
    "hub": "Hongik University"
   },
   "geometry": {
    "type": "LineString",
    "coordinates": [
     [
      126.9209102,
      37.6194877
     ],
     [
      126.9188368,
      37.6368601
     ]
    ]
   }
  },
  {
   "type": "Feature",
   "properties": {
    "origin": "Mapo-gu",
    "hub": "Hongik University"
   },
   "geometry": {
    "type": "LineString",
    "coordinates": [
     [
      126.94767085000001,
      37.5032044
     ],
     [
      126.93920815,
      37.50497785
     ]
    ]
   }
  },
  {
   "type": "Feature",
   "properties": {
    "origin": "Mapo-gu",
    "hub": "Hongik University"
   },
   "geometry": {
    "type": "LineString",
    "coordinates": [
     [
      126.933021475,
      37.358028000000004
     ],
     [
      126.92560309999999,
      37.35054165
     ]
    ]
   }
  },
  {
   "type": "Feature",
   "properties": {
    "origin": "Mapo-gu",
    "hub": "Hongik University"
   },
   "geometry": {
    "type": "LineString",
    "coordinates": [
     [
      127.074925275,
      37.617910925000004
     ],
     [
      127.0730058,
      37.62561105
     ]
    ]
   }
  },
  {
   "type": "Feature",
   "properties": {
    "origin": "Mapo-gu",
    "hub": "Hongik University"
   },
   "geometry": {
    "type": "LineString",
    "coordinates": [
     [
      126.788700425,
      37.327088575000005
     ],
     [
      126.7671307,
      37.33761945
     ]
    ]
   }
  },
  {
   "type": "Feature",
   "properties": {
    "origin": "Mapo-gu",
    "hub": "Hongik University"
   },
   "geometry": {
    "type": "LineString",
    "coordinates": [
     [
      127.04479986666668,
      37.77416003333334
     ],
     [
      127.0615646,
      37.8432631
     ]
    ]
   }
  },
  {
   "type": "Feature",
   "properties": {
    "origin": "Mapo-gu",
    "hub": "Hongik University"
   },
   "geometry": {
    "type": "LineString",
    "coordinates": [
     [
      127.06572985,
      37.61498645
     ],
     [
      127.061764025,
      37.623803025
     ]
    ]
   }
  },
  {
   "type": "Feature",
   "properties": {
    "origin": "Mapo-gu",
    "hub": "Hongik University"
   },
   "geometry": {
    "type": "LineString",
    "coordinates": [
     [
      127.1348279,
      37.498074
     ],
     [
      127.14374885000001,
      37.49335525
     ]
    ]
   }
  },
  {
   "type": "Feature",
   "properties": {
    "origin": "Mapo-gu",
    "hub": "Hongik University"
   },
   "geometry": {
    "type": "LineString",
    "coordinates": [
     [
      127.0615646,
      37.8432631
     ],
     [
      127.0565601,
      37.9025991
     ]
    ]
   }
  },
  {
   "type": "Feature",
   "properties": {
    "origin": "Mapo-gu",
    "hub": "Hongik University"
   },
   "geometry": {
    "type": "LineString",
    "coordinates": [
     [
      126.7531662,
      37.505828199999996
     ],
     [
      126.7423046,
      37.5064953
     ]
    ]
   }
  },
  {
   "type": "Feature",
   "properties": {
    "origin": "Mapo-gu",
    "hub": "Hongik University"
   },
   "geometry": {
    "type": "LineString",
    "coordinates": [
     [
      127.207006,
      37.54165275
     ],
     [
      127.22369005,
      37.539676799999995
     ]
    ]
   }
  },
  {
   "type": "Feature",
   "properties": {
    "origin": "Mapo-gu",
    "hub": "Hongik University"
   },
   "geometry": {
    "type": "LineString",
    "coordinates": [
     [
      126.8822843222222,
      37.50327466666667
     ],
     [
      126.85895063333334,
      37.4945512
     ]
    ]
   }
  },
  {
   "type": "Feature",
   "properties": {
    "origin": "Mapo-gu",
    "hub": "Hongik University"
   },
   "geometry": {
    "type": "LineString",
    "coordinates": [
     [
      126.92304295,
      37.40144905
     ],
     [
      126.94337842499999,
      37.372332
     ]
    ]
   }
  },
  {
   "type": "Feature",
   "properties": {
    "origin": "Mapo-gu",
    "hub": "Hongik University"
   },
   "geometry": {
    "type": "LineString",
    "coordinates": [
     [
      127.046312175,
      37.689562124999995
     ],
     [
      127.0553117,
      37.6778692
     ]
    ]
   }
  },
  {
   "type": "Feature",
   "properties": {
    "origin": "Mapo-gu",
    "hub": "Hongik University"
   },
   "geometry": {
    "type": "LineString",
    "coordinates": [
     [
      126.96783339999999,
      37.52914435
     ],
     [
      126.97362305,
      37.5226395
     ]
    ]
   }
  },
  {
   "type": "Feature",
   "properties": {
    "origin": "Mapo-gu",
    "hub": "Hongik University"
   },
   "geometry": {
    "type": "LineString",
    "coordinates": [
     [
      126.78272705,
      37.484111150000004
     ],
     [
      126.75233173333334,
      37.487693199999995
     ]
    ]
   }
  },
  {
   "type": "Feature",
   "properties": {
    "origin": "Mapo-gu",
    "hub": "Hongik University"
   },
   "geometry": {
    "type": "LineString",
    "coordinates": [
     [
      127.13607164999999,
      36.801399849999996
     ],
     [
      127.12136459999999,
      36.79375185
     ]
    ]
   }
  },
  {
   "type": "Feature",
   "properties": {
    "origin": "Mapo-gu",
    "hub": "Hongik University"
   },
   "geometry": {
    "type": "LineString",
    "coordinates": [
     [
      126.90512775,
      37.522699349999996
     ],
     [
      126.89641230000001,
      37.524029799999994
     ]
    ]
   }
  },
  {
   "type": "Feature",
   "properties": {
    "origin": "Mapo-gu",
    "hub": "Hongik University"
   },
   "geometry": {
    "type": "LineString",
    "coordinates": [
     [
      127.0436639,
      37.555725300000006
     ],
     [
      127.04739810000001,
      37.54723575
     ]
    ]
   }
  },
  {
   "type": "Feature",
   "properties": {
    "origin": "Mapo-gu",
    "hub": "Hongik University"
   },
   "geometry": {
    "type": "LineString",
    "coordinates": [
     [
      126.70367825,
      37.50858455
     ],
     [
      126.89696864999999,
      37.450512
     ]
    ]
   }
  },
  {
   "type": "Feature",
   "properties": {
    "origin": "Mapo-gu",
    "hub": "Hongik University"
   },
   "geometry": {
    "type": "LineString",
    "coordinates": [
     [
      127.0105499,
      37.5548296
     ],
     [
      127.0158595,
      37.5480153
     ]
    ]
   }
  },
  {
   "type": "Feature",
   "properties": {
    "origin": "Mapo-gu",
    "hub": "Hongik University"
   },
   "geometry": {
    "type": "LineString",
    "coordinates": [
     [
      127.0116271,
      37.5081687
     ],
     [
      127.02148299999999,
      37.511113550000005
     ]
    ]
   }
  },
  {
   "type": "Feature",
   "properties": {
    "origin": "Mapo-gu",
    "hub": "Hongik University"
   },
   "geometry": {
    "type": "LineString",
    "coordinates": [
     [
      126.7537146,
      37.4876311
     ],
     [
      126.724560725,
      37.489460875000006
     ]
    ]
   }
  },
  {
   "type": "Feature",
   "properties": {
    "origin": "Mapo-gu",
    "hub": "Hongik University"
   },
   "geometry": {
    "type": "LineString",
    "coordinates": [
     [
      126.94807167500001,
      37.320376
     ],
     [
      126.97134670000001,
      37.30031830000001
     ]
    ]
   }
  },
  {
   "type": "Feature",
   "properties": {
    "origin": "Mapo-gu",
    "hub": "Hongik University"
   },
   "geometry": {
    "type": "LineString",
    "coordinates": [
     [
      126.80143015,
      37.562032125
     ],
     [
      126.80816335,
      37.57285495
     ]
    ]
   }
  },
  {
   "type": "Feature",
   "properties": {
    "origin": "Mapo-gu",
    "hub": "Hongik University"
   },
   "geometry": {
    "type": "LineString",
    "coordinates": [
     [
      127.05647575,
      37.6105524
     ],
     [
      127.06576275,
      37.6148967
     ]
    ]
   }
  },
  {
   "type": "Feature",
   "properties": {
    "origin": "Mapo-gu",
    "hub": "Hongik University"
   },
   "geometry": {
    "type": "LineString",
    "coordinates": [
     [
      127.1113607,
      37.394543375
     ],
     [
      127.10841984999999,
      37.3673687
     ]
    ]
   }
  },
  {
   "type": "Feature",
   "properties": {
    "origin": "Mapo-gu",
    "hub": "Hongik University"
   },
   "geometry": {
    "type": "LineString",
    "coordinates": [
     [
      127.01630875000001,
      37.48497865
     ],
     [
      127.034487975,
      37.484172900000004
     ]
    ]
   }
  },
  {
   "type": "Feature",
   "properties": {
    "origin": "Mapo-gu",
    "hub": "Hongik University"
   },
   "geometry": {
    "type": "LineString",
    "coordinates": [
     [
      127.02571385,
      37.63797905
     ],
     [
      127.03457474999999,
      37.648415549999996
     ]
    ]
   }
  },
  {
   "type": "Feature",
   "properties": {
    "origin": "Mapo-gu",
    "hub": "Hongik University"
   },
   "geometry": {
    "type": "LineString",
    "coordinates": [
     [
      127.09472075,
      37.32251575
     ],
     [
      127.08028205,
      37.31343235
     ]
    ]
   }
  },
  {
   "type": "Feature",
   "properties": {
    "origin": "Mapo-gu",
    "hub": "Hongik University"
   },
   "geometry": {
    "type": "LineString",
    "coordinates": [
     [
      126.89401819999999,
      37.45556295
     ],
     [
      126.92304295,
      37.40144905
     ]
    ]
   }
  },
  {
   "type": "Feature",
   "properties": {
    "origin": "Mapo-gu",
    "hub": "Hongik University"
   },
   "geometry": {
    "type": "LineString",
    "coordinates": [
     [
      126.9228008,
      37.6060541
     ],
     [
      126.9155872,
      37.5986062
     ]
    ]
   }
  },
  {
   "type": "Feature",
   "properties": {
    "origin": "Mapo-gu",
    "hub": "Hongik University"
   },
   "geometry": {
    "type": "LineString",
    "coordinates": [
     [
      126.72095709999999,
      37.5074886
     ],
     [
      126.70367825,
      37.50858455
     ]
    ]
   }
  },
  {
   "type": "Feature",
   "properties": {
    "origin": "Mapo-gu",
    "hub": "Hongik University"
   },
   "geometry": {
    "type": "LineString",
    "coordinates": [
     [
      126.85431915000001,
      37.4794557
     ],
     [
      126.8677667,
      37.476040999999995
     ]
    ]
   }
  },
  {
   "type": "Feature",
   "properties": {
    "origin": "Mapo-gu",
    "hub": "Hongik University"
   },
   "geometry": {
    "type": "LineString",
    "coordinates": [
     [
      127.02148299999999,
      37.511113550000005
     ],
     [
      127.0307414,
      37.51395335
     ]
    ]
   }
  },
  {
   "type": "Feature",
   "properties": {
    "origin": "Mapo-gu",
    "hub": "Hongik University"
   },
   "geometry": {
    "type": "LineString",
    "coordinates": [
     [
      126.9980017,
      37.56663065
     ],
     [
      127.00777154,
      37.56494996
     ]
    ]
   }
  },
  {
   "type": "Feature",
   "properties": {
    "origin": "Mapo-gu",
    "hub": "Hongik University"
   },
   "geometry": {
    "type": "LineString",
    "coordinates": [
     [
      126.98621109999999,
      37.5768519
     ],
     [
      126.973578,
      37.57582
     ]
    ]
   }
  },
  {
   "type": "Feature",
   "properties": {
    "origin": "Mapo-gu",
    "hub": "Hongik University"
   },
   "geometry": {
    "type": "LineString",
    "coordinates": [
     [
      126.9943796,
      37.5345035
     ],
     [
      127.00173749999999,
      37.5398225
     ]
    ]
   }
  },
  {
   "type": "Feature",
   "properties": {
    "origin": "Mapo-gu",
    "hub": "Hongik University"
   },
   "geometry": {
    "type": "LineString",
    "coordinates": [
     [
      127.03831555,
      37.47013565
     ],
     [
      127.05454165,
      37.4483655
     ]
    ]
   }
  },
  {
   "type": "Feature",
   "properties": {
    "origin": "Mapo-gu",
    "hub": "Hongik University"
   },
   "geometry": {
    "type": "LineString",
    "coordinates": [
     [
      126.98153045000001,
      37.4769541
     ],
     [
      126.9885185,
      37.4650423
     ]
    ]
   }
  },
  {
   "type": "Feature",
   "properties": {
    "origin": "Mapo-gu",
    "hub": "Hongik University"
   },
   "geometry": {
    "type": "LineString",
    "coordinates": [
     [
      127.0448934,
      37.580095799999995
     ],
     [
      127.05752925,
      37.589549649999995
     ]
    ]
   }
  },
  {
   "type": "Feature",
   "properties": {
    "origin": "Mapo-gu",
    "hub": "Hongik University"
   },
   "geometry": {
    "type": "LineString",
    "coordinates": [
     [
      127.0381884,
      37.573983150000004
     ],
     [
      127.04707995000001,
      37.56974155
     ]
    ]
   }
  },
  {
   "type": "Feature",
   "properties": {
    "origin": "Mapo-gu",
    "hub": "Hongik University"
   },
   "geometry": {
    "type": "LineString",
    "coordinates": [
     [
      126.92414654999999,
      37.52167905
     ],
     [
      126.93252955,
      37.52685165
     ]
    ]
   }
  },
  {
   "type": "Feature",
   "properties": {
    "origin": "Mapo-gu",
    "hub": "Hongik University"
   },
   "geometry": {
    "type": "LineString",
    "coordinates": [
     [
      127.00777154,
      37.56494996
     ],
     [
      127.01376707499999,
      37.56028295
     ]
    ]
   }
  },
  {
   "type": "Feature",
   "properties": {
    "origin": "Mapo-gu",
    "hub": "Hongik University"
   },
   "geometry": {
    "type": "LineString",
    "coordinates": [
     [
      127.1274373,
      37.549837249999996
     ],
     [
      127.13731045,
      37.55705595
     ]
    ]
   }
  },
  {
   "type": "Feature",
   "properties": {
    "origin": "Mapo-gu",
    "hub": "Hongik University"
   },
   "geometry": {
    "type": "LineString",
    "coordinates": [
     [
      126.84038305,
      37.54170345
     ],
     [
      126.8363186,
      37.54886705
     ]
    ]
   }
  },
  {
   "type": "Feature",
   "properties": {
    "origin": "Mapo-gu",
    "hub": "Hongik University"
   },
   "geometry": {
    "type": "LineString",
    "coordinates": [
     [
      126.9897244,
      37.426449
     ],
     [
      126.97694765,
      37.401366949999996
     ]
    ]
   }
  },
  {
   "type": "Feature",
   "properties": {
    "origin": "Mapo-gu",
    "hub": "Hongik University"
   },
   "geometry": {
    "type": "LineString",
    "coordinates": [
     [
      127.0601707,
      37.5141752
     ],
     [
      127.07510895,
      37.5112206
     ]
    ]
   }
  },
  {
   "type": "Feature",
   "properties": {
    "origin": "Mapo-gu",
    "hub": "Hongik University"
   },
   "geometry": {
    "type": "LineString",
    "coordinates": [
     [
      126.9535754,
      37.5129714
     ],
     [
      126.96394889999999,
      37.50838225
     ]
    ]
   }
  },
  {
   "type": "Feature",
   "properties": {
    "origin": "Mapo-gu",
    "hub": "Hongik University"
   },
   "geometry": {
    "type": "LineString",
    "coordinates": [
     [
      127.03600215,
      37.590341
     ],
     [
      127.0414675,
      37.6019369
     ]
    ]
   }
  },
  {
   "type": "Feature",
   "properties": {
    "origin": "Mapo-gu",
    "hub": "Hongik University"
   },
   "geometry": {
    "type": "LineString",
    "coordinates": [
     [
      126.8677667,
      37.476040999999995
     ],
     [
      126.88277049999999,
      37.48041845
     ]
    ]
   }
  },
  {
   "type": "Feature",
   "properties": {
    "origin": "Mapo-gu",
    "hub": "Hongik University"
   },
   "geometry": {
    "type": "LineString",
    "coordinates": [
     [
      127.00636765,
      37.5885974
     ],
     [
      127.0164183,
      37.592633
     ]
    ]
   }
  },
  {
   "type": "Feature",
   "properties": {
    "origin": "Mapo-gu",
    "hub": "Hongik University"
   },
   "geometry": {
    "type": "LineString",
    "coordinates": [
     [
      126.811999475,
      37.485282874999996
     ],
     [
      126.7956839,
      37.4827762
     ]
    ]
   }
  },
  {
   "type": "Feature",
   "properties": {
    "origin": "Mapo-gu",
    "hub": "Hongik University"
   },
   "geometry": {
    "type": "LineString",
    "coordinates": [
     [
      127.1044469,
      36.7920852
     ],
     [
      127.08450145,
      36.78820815
     ]
    ]
   }
  },
  {
   "type": "Feature",
   "properties": {
    "origin": "Mapo-gu",
    "hub": "Hongik University"
   },
   "geometry": {
    "type": "LineString",
    "coordinates": [
     [
      127.16654776666667,
      37.5567598
     ],
     [
      127.1761181,
      37.5575379
     ]
    ]
   }
  },
  {
   "type": "Feature",
   "properties": {
    "origin": "Mapo-gu",
    "hub": "Hongik University"
   },
   "geometry": {
    "type": "LineString",
    "coordinates": [
     [
      126.90145905,
      37.57620245
     ],
     [
      126.9098764,
      37.584113650000006
     ]
    ]
   }
  },
  {
   "type": "Feature",
   "properties": {
    "origin": "Mapo-gu",
    "hub": "Hongik University"
   },
   "geometry": {
    "type": "LineString",
    "coordinates": [
     [
      127.00319809999999,
      36.78053885
     ],
     [
      126.9518605,
      36.7698103
     ]
    ]
   }
  },
  {
   "type": "Feature",
   "properties": {
    "origin": "Mapo-gu",
    "hub": "Hongik University"
   },
   "geometry": {
    "type": "LineString",
    "coordinates": [
     [
      126.951171975,
      37.543658125
     ],
     [
      126.95670185,
      37.553438549999996
     ]
    ]
   }
  },
  {
   "type": "Feature",
   "properties": {
    "origin": "Mapo-gu",
    "hub": "Hongik University"
   },
   "geometry": {
    "type": "LineString",
    "coordinates": [
     [
      126.92304295,
      37.40144905
     ],
     [
      126.948475,
      37.354190625
     ]
    ]
   }
  },
  {
   "type": "Feature",
   "properties": {
    "origin": "Mapo-gu",
    "hub": "Hongik University"
   },
   "geometry": {
    "type": "LineString",
    "coordinates": [
     [
      127.10889420000001,
      37.3499872
     ],
     [
      127.10280965,
      37.337877399999996
     ]
    ]
   }
  },
  {
   "type": "Feature",
   "properties": {
    "origin": "Mapo-gu",
    "hub": "Hongik University"
   },
   "geometry": {
    "type": "LineString",
    "coordinates": [
     [
      127.05886565,
      37.632992
     ],
     [
      127.05139825,
      37.6446067
     ]
    ]
   }
  },
  {
   "type": "Feature",
   "properties": {
    "origin": "Mapo-gu",
    "hub": "Hongik University"
   },
   "geometry": {
    "type": "LineString",
    "coordinates": [
     [
      126.90267904999999,
      37.534194199999995
     ],
     [
      126.87543819999999,
      37.5470354
     ]
    ]
   }
  },
  {
   "type": "Feature",
   "properties": {
    "origin": "Mapo-gu",
    "hub": "Hongik University"
   },
   "geometry": {
    "type": "LineString",
    "coordinates": [
     [
      127.010226875,
      37.571269725
     ],
     [
      127.0171379,
      37.573444800000004
     ]
    ]
   }
  },
  {
   "type": "Feature",
   "properties": {
    "origin": "Mapo-gu",
    "hub": "Hongik University"
   },
   "geometry": {
    "type": "LineString",
    "coordinates": [
     [
      127.010226875,
      37.571269725
     ],
     [
      127.00195554999999,
      37.58214475
     ]
    ]
   }
  },
  {
   "type": "Feature",
   "properties": {
    "origin": "Mapo-gu",
    "hub": "Hongik University"
   },
   "geometry": {
    "type": "LineString",
    "coordinates": [
     [
      127.0632186,
      37.4944502
     ],
     [
      127.0699125,
      37.4964802
     ]
    ]
   }
  },
  {
   "type": "Feature",
   "properties": {
    "origin": "Mapo-gu",
    "hub": "Hongik University"
   },
   "geometry": {
    "type": "LineString",
    "coordinates": [
     [
      126.97233707999999,
      37.554326859999996
     ],
     [
      126.97194730000001,
      37.54513985
     ]
    ]
   }
  },
  {
   "type": "Feature",
   "properties": {
    "origin": "Mapo-gu",
    "hub": "Hongik University"
   },
   "geometry": {
    "type": "LineString",
    "coordinates": [
     [
      127.06730005,
      37.601798450000004
     ],
     [
      127.06572985,
      37.61498645
     ]
    ]
   }
  },
  {
   "type": "Feature",
   "properties": {
    "origin": "Mapo-gu",
    "hub": "Hongik University"
   },
   "geometry": {
    "type": "LineString",
    "coordinates": [
     [
      127.0174475,
      37.5416892
     ],
     [
      127.0285102,
      37.5261326
     ]
    ]
   }
  },
  {
   "type": "Feature",
   "properties": {
    "origin": "Mapo-gu",
    "hub": "Hongik University"
   },
   "geometry": {
    "type": "LineString",
    "coordinates": [
     [
      126.97941087499999,
      37.50293935
     ],
     [
      127.00488916666667,
      37.50495225
     ]
    ]
   }
  },
  {
   "type": "Feature",
   "properties": {
    "origin": "Mapo-gu",
    "hub": "Hongik University"
   },
   "geometry": {
    "type": "LineString",
    "coordinates": [
     [
      127.1038398,
      37.52067075
     ],
     [
      127.1002885,
      37.513304899999994
     ]
    ]
   }
  },
  {
   "type": "Feature",
   "properties": {
    "origin": "Mapo-gu",
    "hub": "Hongik University"
   },
   "geometry": {
    "type": "LineString",
    "coordinates": [
     [
      126.8666104,
      37.30282205
     ],
     [
      126.85362459999999,
      37.3097262
     ]
    ]
   }
  },
  {
   "type": "Feature",
   "properties": {
    "origin": "Mapo-gu",
    "hub": "Hongik University"
   },
   "geometry": {
    "type": "LineString",
    "coordinates": [
     [
      127.12672925,
      37.47090125
     ],
     [
      127.13923265,
      37.46276445
     ]
    ]
   }
  },
  {
   "type": "Feature",
   "properties": {
    "origin": "Mapo-gu",
    "hub": "Hongik University"
   },
   "geometry": {
    "type": "LineString",
    "coordinates": [
     [
      127.0488204,
      37.6534371
     ],
     [
      127.06344135,
      37.65635735
     ]
    ]
   }
  },
  {
   "type": "Feature",
   "properties": {
    "origin": "Mapo-gu",
    "hub": "Hongik University"
   },
   "geometry": {
    "type": "LineString",
    "coordinates": [
     [
      126.7777566,
      37.652009899999996
     ],
     [
      126.773255,
      37.6597292
     ]
    ]
   }
  },
  {
   "type": "Feature",
   "properties": {
    "origin": "Mapo-gu",
    "hub": "Hongik University"
   },
   "geometry": {
    "type": "LineString",
    "coordinates": [
     [
      126.86451070000001,
      37.5261224
     ],
     [
      126.85594660000001,
      37.52504475
     ]
    ]
   }
  },
  {
   "type": "Feature",
   "properties": {
    "origin": "Mapo-gu",
    "hub": "Hongik University"
   },
   "geometry": {
    "type": "LineString",
    "coordinates": [
     [
      126.7430016,
      37.3517846
     ],
     [
      126.73850095,
      37.36194795
     ]
    ]
   }
  },
  {
   "type": "Feature",
   "properties": {
    "origin": "Mapo-gu",
    "hub": "Hongik University"
   },
   "geometry": {
    "type": "LineString",
    "coordinates": [
     [
      127.13923265,
      37.46276445
     ],
     [
      127.1499094,
      37.4568683
     ]
    ]
   }
  },
  {
   "type": "Feature",
   "properties": {
    "origin": "Mapo-gu",
    "hub": "Hongik University"
   },
   "geometry": {
    "type": "LineString",
    "coordinates": [
     [
      127.1476359,
      37.44099535
     ],
     [
      127.1406795,
      37.437440949999996
     ]
    ]
   }
  },
  {
   "type": "Feature",
   "properties": {
    "origin": "Mapo-gu",
    "hub": "Hongik University"
   },
   "geometry": {
    "type": "LineString",
    "coordinates": [
     [
      127.0469569,
      37.4870818
     ],
     [
      127.05547115,
      37.490908399999995
     ]
    ]
   }
  },
  {
   "type": "Feature",
   "properties": {
    "origin": "Mapo-gu",
    "hub": "Hongik University"
   },
   "geometry": {
    "type": "LineString",
    "coordinates": [
     [
      126.78796255,
      37.6430864
     ],
     [
      126.7777566,
      37.652009899999996
     ]
    ]
   }
  },
  {
   "type": "Feature",
   "properties": {
    "origin": "Mapo-gu",
    "hub": "Hongik University"
   },
   "geometry": {
    "type": "LineString",
    "coordinates": [
     [
      127.10697945,
      37.505189625
     ],
     [
      127.130605875,
      37.516118175
     ]
    ]
   }
  },
  {
   "type": "Feature",
   "properties": {
    "origin": "Mapo-gu",
    "hub": "Hongik University"
   },
   "geometry": {
    "type": "LineString",
    "coordinates": [
     [
      127.03009940000001,
      37.61316885
     ],
     [
      127.02611,
      37.626536849999994
     ]
    ]
   }
  },
  {
   "type": "Feature",
   "properties": {
    "origin": "Mapo-gu",
    "hub": "Hongik University"
   },
   "geometry": {
    "type": "LineString",
    "coordinates": [
     [
      126.8384926,
      37.31602785
     ],
     [
      126.80592225000001,
      37.3207102
     ]
    ]
   }
  },
  {
   "type": "Feature",
   "properties": {
    "origin": "Mapo-gu",
    "hub": "Hongik University"
   },
   "geometry": {
    "type": "LineString",
    "coordinates": [
     [
      126.91801478333333,
      37.516964349999995
     ],
     [
      126.9260986,
      37.51338783333333
     ]
    ]
   }
  },
  {
   "type": "Feature",
   "properties": {
    "origin": "Mapo-gu",
    "hub": "Hongik University"
   },
   "geometry": {
    "type": "LineString",
    "coordinates": [
     [
      127.11792632500001,
      37.492728225
     ],
     [
      127.1225077,
      37.4858574
     ]
    ]
   }
  },
  {
   "type": "Feature",
   "properties": {
    "origin": "Mapo-gu",
    "hub": "Hongik University"
   },
   "geometry": {
    "type": "LineString",
    "coordinates": [
     [
      126.87543819999999,
      37.5470354
     ],
     [
      126.855077,
      37.5611624
     ]
    ]
   }
  },
  {
   "type": "Feature",
   "properties": {
    "origin": "Mapo-gu",
    "hub": "Hongik University"
   },
   "geometry": {
    "type": "LineString",
    "coordinates": [
     [
      126.788700425,
      37.327088575000005
     ],
     [
      126.7430016,
      37.3517846
     ]
    ]
   }
  },
  {
   "type": "Feature",
   "properties": {
    "origin": "Mapo-gu",
    "hub": "Hongik University"
   },
   "geometry": {
    "type": "LineString",
    "coordinates": [
     [
      127.12332384999999,
      37.538330724999994
     ],
     [
      127.1274373,
      37.549837249999996
     ]
    ]
   }
  },
  {
   "type": "Feature",
   "properties": {
    "origin": "Mapo-gu",
    "hub": "Hongik University"
   },
   "geometry": {
    "type": "LineString",
    "coordinates": [
     [
      127.0331232,
      37.206827425
     ],
     [
      127.04343015,
      37.18718805
     ]
    ]
   }
  },
  {
   "type": "Feature",
   "properties": {
    "origin": "Mapo-gu",
    "hub": "Hongik University"
   },
   "geometry": {
    "type": "LineString",
    "coordinates": [
     [
      126.99683205,
      37.433065299999996
     ],
     [
      126.9897244,
      37.426449
     ]
    ]
   }
  },
  {
   "type": "Feature",
   "properties": {
    "origin": "Mapo-gu",
    "hub": "Hongik University"
   },
   "geometry": {
    "type": "LineString",
    "coordinates": [
     [
      126.973423125,
      37.53502835
     ],
     [
      126.98651129999999,
      37.53475175
     ]
    ]
   }
  },
  {
   "type": "Feature",
   "properties": {
    "origin": "Mapo-gu",
    "hub": "Hongik University"
   },
   "geometry": {
    "type": "LineString",
    "coordinates": [
     [
      127.04707995000001,
      37.56974155
     ],
     [
      127.0508526,
      37.562121399999995
     ]
    ]
   }
  },
  {
   "type": "Feature",
   "properties": {
    "origin": "Mapo-gu",
    "hub": "Hongik University"
   },
   "geometry": {
    "type": "LineString",
    "coordinates": [
     [
      127.0698874,
      37.4965268
     ],
     [
      127.0795709,
      37.493673
     ]
    ]
   }
  },
  {
   "type": "Feature",
   "properties": {
    "origin": "Mapo-gu",
    "hub": "Hongik University"
   },
   "geometry": {
    "type": "LineString",
    "coordinates": [
     [
      127.00210535,
      37.451572299999995
     ],
     [
      127.00789135,
      37.4438108
     ]
    ]
   }
  },
  {
   "type": "Feature",
   "properties": {
    "origin": "Mapo-gu",
    "hub": "Hongik University"
   },
   "geometry": {
    "type": "LineString",
    "coordinates": [
     [
      127.05547115,
      37.490908399999995
     ],
     [
      127.0631799,
      37.494503
     ]
    ]
   }
  },
  {
   "type": "Feature",
   "properties": {
    "origin": "Mapo-gu",
    "hub": "Hongik University"
   },
   "geometry": {
    "type": "LineString",
    "coordinates": [
     [
      127.1113607,
      37.394543375
     ],
     [
      127.12760195,
      37.3946471
     ]
    ]
   }
  },
  {
   "type": "Feature",
   "properties": {
    "origin": "Mapo-gu",
    "hub": "Hongik University"
   },
   "geometry": {
    "type": "LineString",
    "coordinates": [
     [
      127.02494235,
      37.575267100000005
     ],
     [
      127.03472819999999,
      37.57828585
     ]
    ]
   }
  },
  {
   "type": "Feature",
   "properties": {
    "origin": "Mapo-gu",
    "hub": "Hongik University"
   },
   "geometry": {
    "type": "LineString",
    "coordinates": [
     [
      127.0845082,
      37.56628955
     ],
     [
      127.08650785,
      37.573884050000004
     ]
    ]
   }
  },
  {
   "type": "Feature",
   "properties": {
    "origin": "Mapo-gu",
    "hub": "Hongik University"
   },
   "geometry": {
    "type": "LineString",
    "coordinates": [
     [
      126.77621479999999,
      37.50304175
     ],
     [
      126.76317800000001,
      37.5047652
     ]
    ]
   }
  },
  {
   "type": "Feature",
   "properties": {
    "origin": "Mapo-gu",
    "hub": "Hongik University"
   },
   "geometry": {
    "type": "LineString",
    "coordinates": [
     [
      126.94807167500001,
      37.320376
     ],
     [
      126.9697911,
      37.3003187
     ]
    ]
   }
  },
  {
   "type": "Feature",
   "properties": {
    "origin": "Mapo-gu",
    "hub": "Hongik University"
   },
   "geometry": {
    "type": "LineString",
    "coordinates": [
     [
      127.2532829,
      37.39889945
     ],
     [
      127.29996225,
      37.373357299999995
     ]
    ]
   }
  },
  {
   "type": "Feature",
   "properties": {
    "origin": "Mapo-gu",
    "hub": "Hongik University"
   },
   "geometry": {
    "type": "LineString",
    "coordinates": [
     [
      126.9188368,
      37.6368601
     ],
     [
      126.91374195,
      37.64814335
     ]
    ]
   }
  },
  {
   "type": "Feature",
   "properties": {
    "origin": "Mapo-gu",
    "hub": "Hongik University"
   },
   "geometry": {
    "type": "LineString",
    "coordinates": [
     [
      126.773255,
      37.6597292
     ],
     [
      126.76123989999999,
      37.670143249999995
     ]
    ]
   }
  },
  {
   "type": "Feature",
   "properties": {
    "origin": "Mapo-gu",
    "hub": "Hongik University"
   },
   "geometry": {
    "type": "LineString",
    "coordinates": [
     [
      127.05581495,
      37.89235135
     ],
     [
      127.0564914,
      37.9008562
     ]
    ]
   }
  },
  {
   "type": "Feature",
   "properties": {
    "origin": "Mapo-gu",
    "hub": "Hongik University"
   },
   "geometry": {
    "type": "LineString",
    "coordinates": [
     [
      127.0429062,
      37.566101599999996
     ],
     [
      127.0526772,
      37.56682395
     ]
    ]
   }
  },
  {
   "type": "Feature",
   "properties": {
    "origin": "Mapo-gu",
    "hub": "Hongik University"
   },
   "geometry": {
    "type": "LineString",
    "coordinates": [
     [
      127.0692152,
      37.540422050000004
     ],
     [
      127.0861764,
      37.5371514
     ]
    ]
   }
  },
  {
   "type": "Feature",
   "properties": {
    "origin": "Mapo-gu",
    "hub": "Hongik University"
   },
   "geometry": {
    "type": "LineString",
    "coordinates": [
     [
      126.97233707999999,
      37.554326859999996
     ],
     [
      126.9713321,
      37.540552000000005
     ]
    ]
   }
  },
  {
   "type": "Feature",
   "properties": {
    "origin": "Mapo-gu",
    "hub": "Hongik University"
   },
   "geometry": {
    "type": "LineString",
    "coordinates": [
     [
      126.9503083,
      37.5823147
     ],
     [
      126.944199,
      37.588674
     ]
    ]
   }
  },
  {
   "type": "Feature",
   "properties": {
    "origin": "Mapo-gu",
    "hub": "Hongik University"
   },
   "geometry": {
    "type": "LineString",
    "coordinates": [
     [
      127.06344135,
      37.65635735
     ],
     [
      127.0734209,
      37.66069845
     ]
    ]
   }
  },
  {
   "type": "Feature",
   "properties": {
    "origin": "Mapo-gu",
    "hub": "Hongik University"
   },
   "geometry": {
    "type": "LineString",
    "coordinates": [
     [
      126.95613365,
      37.55742545
     ],
     [
      126.96368195,
      37.5593423
     ]
    ]
   }
  },
  {
   "type": "Feature",
   "properties": {
    "origin": "Mapo-gu",
    "hub": "Hongik University"
   },
   "geometry": {
    "type": "LineString",
    "coordinates": [
     [
      127.034487975,
      37.484172900000004
     ],
     [
      127.0469569,
      37.4870818
     ]
    ]
   }
  },
  {
   "type": "Feature",
   "properties": {
    "origin": "Mapo-gu",
    "hub": "Hongik University"
   },
   "geometry": {
    "type": "LineString",
    "coordinates": [
     [
      126.97694765,
      37.401366949999996
     ],
     [
      126.9638778,
      37.39428915
     ]
    ]
   }
  },
  {
   "type": "Feature",
   "properties": {
    "origin": "Mapo-gu",
    "hub": "Hongik University"
   },
   "geometry": {
    "type": "LineString",
    "coordinates": [
     [
      127.04479986666668,
      37.77416003333334
     ],
     [
      127.0567015,
      37.8187667
     ]
    ]
   }
  },
  {
   "type": "Feature",
   "properties": {
    "origin": "Mapo-gu",
    "hub": "Hongik University"
   },
   "geometry": {
    "type": "LineString",
    "coordinates": [
     [
      127.0565601,
      37.9025991
     ],
     [
      127.0572249,
      37.914117950000005
     ]
    ]
   }
  },
  {
   "type": "Feature",
   "properties": {
    "origin": "Mapo-gu",
    "hub": "Hongik University"
   },
   "geometry": {
    "type": "LineString",
    "coordinates": [
     [
      126.8822843222222,
      37.50327466666667
     ],
     [
      126.869569775,
      37.496126725
     ]
    ]
   }
  },
  {
   "type": "Feature",
   "properties": {
    "origin": "Mapo-gu",
    "hub": "Hongik University"
   },
   "geometry": {
    "type": "LineString",
    "coordinates": [
     [
      127.0699125,
      37.4964802
     ],
     [
      127.0795056,
      37.493654
     ]
    ]
   }
  },
  {
   "type": "Feature",
   "properties": {
    "origin": "Mapo-gu",
    "hub": "Hongik University"
   },
   "geometry": {
    "type": "LineString",
    "coordinates": [
     [
      126.973423125,
      37.53502835
     ],
     [
      126.96137709999999,
      37.53932435
     ]
    ]
   }
  },
  {
   "type": "Feature",
   "properties": {
    "origin": "Mapo-gu",
    "hub": "Hongik University"
   },
   "geometry": {
    "type": "LineString",
    "coordinates": [
     [
      127.00488916666667,
      37.50495225
     ],
     [
      127.01109835,
      37.51273505
     ]
    ]
   }
  },
  {
   "type": "Feature",
   "properties": {
    "origin": "Mapo-gu",
    "hub": "Hongik University"
   },
   "geometry": {
    "type": "LineString",
    "coordinates": [
     [
      127.40524690000001,
      37.3156678
     ],
     [
      127.44218375,
      37.264238899999995
     ]
    ]
   }
  },
  {
   "type": "Feature",
   "properties": {
    "origin": "Mapo-gu",
    "hub": "Hongik University"
   },
   "geometry": {
    "type": "LineString",
    "coordinates": [
     [
      126.9578197,
      37.574513
     ],
     [
      126.9503083,
      37.5823147
     ]
    ]
   }
  },
  {
   "type": "Feature",
   "properties": {
    "origin": "Mapo-gu",
    "hub": "Hongik University"
   },
   "geometry": {
    "type": "LineString",
    "coordinates": [
     [
      127.0246599,
      37.504134840000006
     ],
     [
      127.027783275,
      37.497521625000005
     ]
    ]
   }
  },
  {
   "type": "Feature",
   "properties": {
    "origin": "Mapo-gu",
    "hub": "Hongik University"
   },
   "geometry": {
    "type": "LineString",
    "coordinates": [
     [
      126.8822843222222,
      37.50327466666667
     ],
     [
      126.88259225,
      37.481642550000004
     ]
    ]
   }
  },
  {
   "type": "Feature",
   "properties": {
    "origin": "Mapo-gu",
    "hub": "Hongik University"
   },
   "geometry": {
    "type": "LineString",
    "coordinates": [
     [
      127.1761181,
      37.5575379
     ],
     [
      127.1927747,
      37.5630584
     ]
    ]
   }
  },
  {
   "type": "Feature",
   "properties": {
    "origin": "Mapo-gu",
    "hub": "Hongik University"
   },
   "geometry": {
    "type": "LineString",
    "coordinates": [
     [
      127.0666711,
      37.1448264
     ],
     [
      127.05288045,
      37.05648574999999
     ]
    ]
   }
  },
  {
   "type": "Feature",
   "properties": {
    "origin": "Mapo-gu",
    "hub": "Hongik University"
   },
   "geometry": {
    "type": "LineString",
    "coordinates": [
     [
      127.1268624,
      36.91622415
     ],
     [
      127.14381025,
      36.87095285
     ]
    ]
   }
  },
  {
   "type": "Feature",
   "properties": {
    "origin": "Mapo-gu",
    "hub": "Hongik University"
   },
   "geometry": {
    "type": "LineString",
    "coordinates": [
     [
      127.0246599,
      37.504134840000006
     ],
     [
      127.03387465,
      37.507321000000005
     ]
    ]
   }
  },
  {
   "type": "Feature",
   "properties": {
    "origin": "Mapo-gu",
    "hub": "Hongik University"
   },
   "geometry": {
    "type": "LineString",
    "coordinates": [
     [
      127.06928805,
      37.29742885
     ],
     [
      127.0515173,
      37.2885603
     ]
    ]
   }
  },
  {
   "type": "Feature",
   "properties": {
    "origin": "Mapo-gu",
    "hub": "Hongik University"
   },
   "geometry": {
    "type": "LineString",
    "coordinates": [
     [
      126.82772320000001,
      37.566714149999996
     ],
     [
      126.8170125,
      37.56748705
     ]
    ]
   }
  },
  {
   "type": "Feature",
   "properties": {
    "origin": "Mapo-gu",
    "hub": "Hongik University"
   },
   "geometry": {
    "type": "LineString",
    "coordinates": [
     [
      127.01619545,
      37.5664047
     ],
     [
      127.01568155000001,
      37.5723877
     ]
    ]
   }
  },
  {
   "type": "Feature",
   "properties": {
    "origin": "Mapo-gu",
    "hub": "Hongik University"
   },
   "geometry": {
    "type": "LineString",
    "coordinates": [
     [
      127.12760195,
      37.3946471
     ],
     [
      127.2034043,
      37.4086408
     ]
    ]
   }
  },
  {
   "type": "Feature",
   "properties": {
    "origin": "Mapo-gu",
    "hub": "Hongik University"
   },
   "geometry": {
    "type": "LineString",
    "coordinates": [
     [
      127.0057659,
      37.5590197
     ],
     [
      127.0105499,
      37.5548296
     ]
    ]
   }
  },
  {
   "type": "Feature",
   "properties": {
    "origin": "Mapo-gu",
    "hub": "Hongik University"
   },
   "geometry": {
    "type": "LineString",
    "coordinates": [
     [
      126.92984775,
      37.61032965
     ],
     [
      126.9228008,
      37.6060541
     ]
    ]
   }
  },
  {
   "type": "Feature",
   "properties": {
    "origin": "Mapo-gu",
    "hub": "Hongik University"
   },
   "geometry": {
    "type": "LineString",
    "coordinates": [
     [
      127.0438358,
      37.5102551
     ],
     [
      127.0601707,
      37.5141752
     ]
    ]
   }
  },
  {
   "type": "Feature",
   "properties": {
    "origin": "Mapo-gu",
    "hub": "Hongik University"
   },
   "geometry": {
    "type": "LineString",
    "coordinates": [
     [
      126.97941087499999,
      37.50293935
     ],
     [
      126.98222985000001,
      37.48702505
     ]
    ]
   }
  },
  {
   "type": "Feature",
   "properties": {
    "origin": "Mapo-gu",
    "hub": "Hongik University"
   },
   "geometry": {
    "type": "LineString",
    "coordinates": [
     [
      126.928208,
      37.49970205
     ],
     [
      126.92028895,
      37.49992125
     ]
    ]
   }
  },
  {
   "type": "Feature",
   "properties": {
    "origin": "Mapo-gu",
    "hub": "Hongik University"
   },
   "geometry": {
    "type": "LineString",
    "coordinates": [
     [
      126.89931285,
      37.570154599999995
     ],
     [
      126.90145905,
      37.57620245
     ]
    ]
   }
  },
  {
   "type": "Feature",
   "properties": {
    "origin": "Mapo-gu",
    "hub": "Hongik University"
   },
   "geometry": {
    "type": "LineString",
    "coordinates": [
     [
      126.96368195,
      37.5593423
     ],
     [
      126.97613145,
      37.564515325
     ]
    ]
   }
  },
  {
   "type": "Feature",
   "properties": {
    "origin": "Mapo-gu",
    "hub": "Hongik University"
   },
   "geometry": {
    "type": "LineString",
    "coordinates": [
     [
      126.94584105,
      37.55676595
     ],
     [
      126.95613365,
      37.55742545
     ]
    ]
   }
  },
  {
   "type": "Feature",
   "properties": {
    "origin": "Mapo-gu",
    "hub": "Hongik University"
   },
   "geometry": {
    "type": "LineString",
    "coordinates": [
     [
      127.130605875,
      37.516118175
     ],
     [
      127.12604145,
      37.5086316
     ]
    ]
   }
  },
  {
   "type": "Feature",
   "properties": {
    "origin": "Mapo-gu",
    "hub": "Hongik University"
   },
   "geometry": {
    "type": "LineString",
    "coordinates": [
     [
      127.01376707499999,
      37.56028295
     ],
     [
      127.0104261,
      37.55442283333334
     ]
    ]
   }
  },
  {
   "type": "Feature",
   "properties": {
    "origin": "Mapo-gu",
    "hub": "Hongik University"
   },
   "geometry": {
    "type": "LineString",
    "coordinates": [
     [
      126.82772320000001,
      37.566714149999996
     ],
     [
      126.80143015,
      37.562032125
     ]
    ]
   }
  },
  {
   "type": "Feature",
   "properties": {
    "origin": "Mapo-gu",
    "hub": "Hongik University"
   },
   "geometry": {
    "type": "LineString",
    "coordinates": [
     [
      127.06081169999999,
      37.9480142
     ],
     [
      127.07422505,
      37.99508315
     ]
    ]
   }
  },
  {
   "type": "Feature",
   "properties": {
    "origin": "Mapo-gu",
    "hub": "Hongik University"
   },
   "geometry": {
    "type": "LineString",
    "coordinates": [
     [
      127.0872093,
      37.5045328
     ],
     [
      127.09656525,
      37.5024372
     ]
    ]
   }
  },
  {
   "type": "Feature",
   "properties": {
    "origin": "Mapo-gu",
    "hub": "Hongik University"
   },
   "geometry": {
    "type": "LineString",
    "coordinates": [
     [
      127.0842084,
      37.48379075
     ],
     [
      127.10196395,
      37.48746015
     ]
    ]
   }
  },
  {
   "type": "Feature",
   "properties": {
    "origin": "Mapo-gu",
    "hub": "Hongik University"
   },
   "geometry": {
    "type": "LineString",
    "coordinates": [
     [
      126.97186830000001,
      37.484363450000004
     ],
     [
      126.95412005,
      37.4956457
     ]
    ]
   }
  },
  {
   "type": "Feature",
   "properties": {
    "origin": "Mapo-gu",
    "hub": "Hongik University"
   },
   "geometry": {
    "type": "LineString",
    "coordinates": [
     [
      126.92984775,
      37.61032965
     ],
     [
      126.9209102,
      37.6194877
     ]
    ]
   }
  },
  {
   "type": "Feature",
   "properties": {
    "origin": "Mapo-gu",
    "hub": "Hongik University"
   },
   "geometry": {
    "type": "LineString",
    "coordinates": [
     [
      126.9980017,
      37.56663065
     ],
     [
      127.0081378,
      37.5658484
     ]
    ]
   }
  },
  {
   "type": "Feature",
   "properties": {
    "origin": "Mapo-gu",
    "hub": "Hongik University"
   },
   "geometry": {
    "type": "LineString",
    "coordinates": [
     [
      127.128077625,
      37.5021865
     ],
     [
      127.1348279,
      37.498074
     ]
    ]
   }
  },
  {
   "type": "Feature",
   "properties": {
    "origin": "Mapo-gu",
    "hub": "Hongik University"
   },
   "geometry": {
    "type": "LineString",
    "coordinates": [
     [
      127.01376707499999,
      37.56028295
     ],
     [
      127.02026115000001,
      37.55442985
     ]
    ]
   }
  },
  {
   "type": "Feature",
   "properties": {
    "origin": "Mapo-gu",
    "hub": "Hongik University"
   },
   "geometry": {
    "type": "LineString",
    "coordinates": [
     [
      126.9146599,
      37.55006055
     ],
     [
      126.90267904999999,
      37.534194199999995
     ]
    ]
   }
  },
  {
   "type": "Feature",
   "properties": {
    "origin": "Mapo-gu",
    "hub": "Hongik University"
   },
   "geometry": {
    "type": "LineString",
    "coordinates": [
     [
      127.1499094,
      37.4568683
     ],
     [
      127.15982804999999,
      37.451577349999994
     ]
    ]
   }
  },
  {
   "type": "Feature",
   "properties": {
    "origin": "Mapo-gu",
    "hub": "Hongik University"
   },
   "geometry": {
    "type": "LineString",
    "coordinates": [
     [
      127.061764025,
      37.623803025
     ],
     [
      127.05886565,
      37.632992
     ]
    ]
   }
  },
  {
   "type": "Feature",
   "properties": {
    "origin": "Mapo-gu",
    "hub": "Hongik University"
   },
   "geometry": {
    "type": "LineString",
    "coordinates": [
     [
      126.94233779999999,
      37.54770605
     ],
     [
      126.9319957,
      37.5474678
     ]
    ]
   }
  },
  {
   "type": "Feature",
   "properties": {
    "origin": "Mapo-gu",
    "hub": "Hongik University"
   },
   "geometry": {
    "type": "LineString",
    "coordinates": [
     [
      126.80143015,
      37.562032125
     ],
     [
      126.8119978,
      37.561269949999996
     ]
    ]
   }
  },
  {
   "type": "Feature",
   "properties": {
    "origin": "Mapo-gu",
    "hub": "Hongik University"
   },
   "geometry": {
    "type": "LineString",
    "coordinates": [
     [
      126.99154498333333,
      37.57166261666667
     ],
     [
      127.0021236,
      37.5709815
     ]
    ]
   }
  },
  {
   "type": "Feature",
   "properties": {
    "origin": "Mapo-gu",
    "hub": "Hongik University"
   },
   "geometry": {
    "type": "LineString",
    "coordinates": [
     [
      127.08028205,
      37.31343235
     ],
     [
      127.06928805,
      37.29742885
     ]
    ]
   }
  },
  {
   "type": "Feature",
   "properties": {
    "origin": "Mapo-gu",
    "hub": "Hongik University"
   },
   "geometry": {
    "type": "LineString",
    "coordinates": [
     [
      127.11227210000001,
      37.49963255
     ],
     [
      127.11792632500001,
      37.492728225
     ]
    ]
   }
  },
  {
   "type": "Feature",
   "properties": {
    "origin": "Mapo-gu",
    "hub": "Hongik University"
   },
   "geometry": {
    "type": "LineString",
    "coordinates": [
     [
      127.034487975,
      37.484172900000004
     ],
     [
      127.03831555,
      37.47013565
     ]
    ]
   }
  },
  {
   "type": "Feature",
   "properties": {
    "origin": "Mapo-gu",
    "hub": "Hongik University"
   },
   "geometry": {
    "type": "LineString",
    "coordinates": [
     [
      127.07954310000001,
      37.557182225000005
     ],
     [
      127.0845082,
      37.56628955
     ]
    ]
   }
  },
  {
   "type": "Feature",
   "properties": {
    "origin": "Mapo-gu",
    "hub": "Hongik University"
   },
   "geometry": {
    "type": "LineString",
    "coordinates": [
     [
      127.11618745,
      37.6677962
     ],
     [
      127.1910807,
      37.705207650000006
     ]
    ]
   }
  },
  {
   "type": "Feature",
   "properties": {
    "origin": "Mapo-gu",
    "hub": "Hongik University"
   },
   "geometry": {
    "type": "LineString",
    "coordinates": [
     [
      126.93252955,
      37.52685165
     ],
     [
      126.9459774,
      37.5396233
     ]
    ]
   }
  },
  {
   "type": "Feature",
   "properties": {
    "origin": "Mapo-gu",
    "hub": "Hongik University"
   },
   "geometry": {
    "type": "LineString",
    "coordinates": [
     [
      126.82350482,
      37.49227992
     ],
     [
      126.8113736,
      37.506238350000004
     ]
    ]
   }
  },
  {
   "type": "Feature",
   "properties": {
    "origin": "Mapo-gu",
    "hub": "Hongik University"
   },
   "geometry": {
    "type": "LineString",
    "coordinates": [
     [
      126.98260535,
      37.565950799999996
     ],
     [
      126.99166100000001,
      37.56630906666666
     ]
    ]
   }
  },
  {
   "type": "Feature",
   "properties": {
    "origin": "Mapo-gu",
    "hub": "Hongik University"
   },
   "geometry": {
    "type": "LineString",
    "coordinates": [
     [
      127.0158595,
      37.5480153
     ],
     [
      127.0174475,
      37.5416892
     ]
    ]
   }
  },
  {
   "type": "Feature",
   "properties": {
    "origin": "Mapo-gu",
    "hub": "Hongik University"
   },
   "geometry": {
    "type": "LineString",
    "coordinates": [
     [
      126.99166100000001,
      37.56630906666666
     ],
     [
      126.9944059,
      37.561106433333336
     ]
    ]
   }
  },
  {
   "type": "Feature",
   "properties": {
    "origin": "Mapo-gu",
    "hub": "Hongik University"
   },
   "geometry": {
    "type": "LineString",
    "coordinates": [
     [
      127.04772775,
      37.6531714
     ],
     [
      127.04432025,
      37.6674863
     ]
    ]
   }
  },
  {
   "type": "Feature",
   "properties": {
    "origin": "Mapo-gu",
    "hub": "Hongik University"
   },
   "geometry": {
    "type": "LineString",
    "coordinates": [
     [
      127.10280965,
      37.337877399999996
     ],
     [
      127.09472075,
      37.32251575
     ]
    ]
   }
  },
  {
   "type": "Feature",
   "properties": {
    "origin": "Mapo-gu",
    "hub": "Hongik University"
   },
   "geometry": {
    "type": "LineString",
    "coordinates": [
     [
      126.89401819999999,
      37.45556295
     ],
     [
      126.902253,
      37.4353932
     ]
    ]
   }
  },
  {
   "type": "Feature",
   "properties": {
    "origin": "Mapo-gu",
    "hub": "Hongik University"
   },
   "geometry": {
    "type": "LineString",
    "coordinates": [
     [
      127.13261646666666,
      37.535815533333334
     ],
     [
      127.14019295,
      37.5383463
     ]
    ]
   }
  },
  {
   "type": "Feature",
   "properties": {
    "origin": "Mapo-gu",
    "hub": "Hongik University"
   },
   "geometry": {
    "type": "LineString",
    "coordinates": [
     [
      127.14374885000001,
      37.49335525
     ],
     [
      127.1527687,
      37.49497255
     ]
    ]
   }
  },
  {
   "type": "Feature",
   "properties": {
    "origin": "Mapo-gu",
    "hub": "Hongik University"
   },
   "geometry": {
    "type": "LineString",
    "coordinates": [
     [
      127.00488916666667,
      37.50495225
     ],
     [
      127.014221675,
      37.493417775000005
     ]
    ]
   }
  },
  {
   "type": "Feature",
   "properties": {
    "origin": "Mapo-gu",
    "hub": "Hongik University"
   },
   "geometry": {
    "type": "LineString",
    "coordinates": [
     [
      127.07422505,
      37.99508315
     ],
     [
      127.0719283,
      38.024529799999996
     ]
    ]
   }
  },
  {
   "type": "Feature",
   "properties": {
    "origin": "Mapo-gu",
    "hub": "Hongik University"
   },
   "geometry": {
    "type": "LineString",
    "coordinates": [
     [
      126.97233707999999,
      37.554326859999996
     ],
     [
      126.9784579,
      37.5587505
     ]
    ]
   }
  },
  {
   "type": "Feature",
   "properties": {
    "origin": "Mapo-gu",
    "hub": "Hongik University"
   },
   "geometry": {
    "type": "LineString",
    "coordinates": [
     [
      126.97613145,
      37.564515325
     ],
     [
      126.97233707999999,
      37.554326859999996
     ]
    ]
   }
  },
  {
   "type": "Feature",
   "properties": {
    "origin": "Mapo-gu",
    "hub": "Hongik University"
   },
   "geometry": {
    "type": "LineString",
    "coordinates": [
     [
      126.95412005,
      37.4956457
     ],
     [
      126.94767085000001,
      37.5032044
     ]
    ]
   }
  },
  {
   "type": "Feature",
   "properties": {
    "origin": "Mapo-gu",
    "hub": "Hongik University"
   },
   "geometry": {
    "type": "LineString",
    "coordinates": [
     [
      126.8737509,
      37.6505087
     ],
     [
      126.84291495,
      37.6531073
     ]
    ]
   }
  },
  {
   "type": "Feature",
   "properties": {
    "origin": "Mapo-gu",
    "hub": "Hongik University"
   },
   "geometry": {
    "type": "LineString",
    "coordinates": [
     [
      127.0293324,
      37.586299100000005
     ],
     [
      127.03600215,
      37.590341
     ]
    ]
   }
  },
  {
   "type": "Feature",
   "properties": {
    "origin": "Mapo-gu",
    "hub": "Hongik University"
   },
   "geometry": {
    "type": "LineString",
    "coordinates": [
     [
      126.73131625,
      37.50701815
     ],
     [
      126.72095709999999,
      37.5074886
     ]
    ]
   }
  },
  {
   "type": "Feature",
   "properties": {
    "origin": "Mapo-gu",
    "hub": "Hongik University"
   },
   "geometry": {
    "type": "LineString",
    "coordinates": [
     [
      127.04890495000001,
      37.5044639
     ],
     [
      127.06315430000001,
      37.50884825
     ]
    ]
   }
  },
  {
   "type": "Feature",
   "properties": {
    "origin": "Mapo-gu",
    "hub": "Hongik University"
   },
   "geometry": {
    "type": "LineString",
    "coordinates": [
     [
      127.08450145,
      36.78820815
     ],
     [
      127.0528192,
      36.77762405
     ]
    ]
   }
  },
  {
   "type": "Feature",
   "properties": {
    "origin": "Mapo-gu",
    "hub": "Hongik University"
   },
   "geometry": {
    "type": "LineString",
    "coordinates": [
     [
      127.3462797,
      37.3505042
     ],
     [
      127.40524690000001,
      37.3156678
     ]
    ]
   }
  },
  {
   "type": "Feature",
   "properties": {
    "origin": "Mapo-gu",
    "hub": "Hongik University"
   },
   "geometry": {
    "type": "LineString",
    "coordinates": [
     [
      126.97194730000001,
      37.54513985
     ],
     [
      126.973423125,
      37.53502835
     ]
    ]
   }
  },
  {
   "type": "Feature",
   "properties": {
    "origin": "Mapo-gu",
    "hub": "Hongik University"
   },
   "geometry": {
    "type": "LineString",
    "coordinates": [
     [
      126.8119978,
      37.561269949999996
     ],
     [
      126.82474210000001,
      37.5602483
     ]
    ]
   }
  },
  {
   "type": "Feature",
   "properties": {
    "origin": "Mapo-gu",
    "hub": "Hongik University"
   },
   "geometry": {
    "type": "LineString",
    "coordinates": [
     [
      127.03472819999999,
      37.57828585
     ],
     [
      127.0448934,
      37.580095799999995
     ]
    ]
   }
  },
  {
   "type": "Feature",
   "properties": {
    "origin": "Mapo-gu",
    "hub": "Hongik University"
   },
   "geometry": {
    "type": "LineString",
    "coordinates": [
     [
      127.0246599,
      37.504134840000006
     ],
     [
      127.0218553,
      37.50993715
     ]
    ]
   }
  },
  {
   "type": "Feature",
   "properties": {
    "origin": "Mapo-gu",
    "hub": "Hongik University"
   },
   "geometry": {
    "type": "LineString",
    "coordinates": [
     [
      127.13790955,
      37.587235899999996
     ],
     [
      127.14078645000001,
      37.602372849999995
     ]
    ]
   }
  },
  {
   "type": "Feature",
   "properties": {
    "origin": "Mapo-gu",
    "hub": "Hongik University"
   },
   "geometry": {
    "type": "LineString",
    "coordinates": [
     [
      126.9016665,
      37.48532195
     ],
     [
      126.91341105000001,
      37.487613499999995
     ]
    ]
   }
  },
  {
   "type": "Feature",
   "properties": {
    "origin": "Mapo-gu",
    "hub": "Hongik University"
   },
   "geometry": {
    "type": "LineString",
    "coordinates": [
     [
      126.7972585,
      37.5054479
     ],
     [
      126.78718219999999,
      37.5037262
     ]
    ]
   }
  },
  {
   "type": "Feature",
   "properties": {
    "origin": "Mapo-gu",
    "hub": "Hongik University"
   },
   "geometry": {
    "type": "LineString",
    "coordinates": [
     [
      127.1225077,
      37.4858574
     ],
     [
      127.1260606,
      37.478900550000006
     ]
    ]
   }
  },
  {
   "type": "Feature",
   "properties": {
    "origin": "Mapo-gu",
    "hub": "Hongik University"
   },
   "geometry": {
    "type": "LineString",
    "coordinates": [
     [
      126.94158883333331,
      37.513936916666665
     ],
     [
      126.97941087499999,
      37.50293935
     ]
    ]
   }
  },
  {
   "type": "Feature",
   "properties": {
    "origin": "Mapo-gu",
    "hub": "Hongik University"
   },
   "geometry": {
    "type": "LineString",
    "coordinates": [
     [
      126.92984775,
      37.61032965
     ],
     [
      126.9330576,
      37.6184519
     ]
    ]
   }
  },
  {
   "type": "Feature",
   "properties": {
    "origin": "Mapo-gu",
    "hub": "Hongik University"
   },
   "geometry": {
    "type": "LineString",
    "coordinates": [
     [
      127.09471975,
      37.53514475
     ],
     [
      127.1038398,
      37.52067075
     ]
    ]
   }
  },
  {
   "type": "Feature",
   "properties": {
    "origin": "Mapo-gu",
    "hub": "Hongik University"
   },
   "geometry": {
    "type": "LineString",
    "coordinates": [
     [
      126.8170125,
      37.56748705
     ],
     [
      126.8103837,
      37.56346815
     ]
    ]
   }
  },
  {
   "type": "Feature",
   "properties": {
    "origin": "Mapo-gu",
    "hub": "Hongik University"
   },
   "geometry": {
    "type": "LineString",
    "coordinates": [
     [
      126.99154498333333,
      37.57166261666667
     ],
     [
      126.97691345,
      37.57161265
     ]
    ]
   }
  },
  {
   "type": "Feature",
   "properties": {
    "origin": "Mapo-gu",
    "hub": "Hongik University"
   },
   "geometry": {
    "type": "LineString",
    "coordinates": [
     [
      127.06576275,
      37.6148967
     ],
     [
      127.074925275,
      37.617910925000004
     ]
    ]
   }
  },
  {
   "type": "Feature",
   "properties": {
    "origin": "Mapo-gu",
    "hub": "Hongik University"
   },
   "geometry": {
    "type": "LineString",
    "coordinates": [
     [
      127.10351095,
      37.5453002
     ],
     [
      127.12332384999999,
      37.538330724999994
     ]
    ]
   }
  },
  {
   "type": "Feature",
   "properties": {
    "origin": "Mapo-gu",
    "hub": "Hongik University"
   },
   "geometry": {
    "type": "LineString",
    "coordinates": [
     [
      127.061764025,
      37.623803025
     ],
     [
      127.04772775,
      37.6531714
     ]
    ]
   }
  },
  {
   "type": "Feature",
   "properties": {
    "origin": "Mapo-gu",
    "hub": "Hongik University"
   },
   "geometry": {
    "type": "LineString",
    "coordinates": [
     [
      127.07510895,
      37.5112206
     ],
     [
      127.08549585,
      37.5115962
     ]
    ]
   }
  },
  {
   "type": "Feature",
   "properties": {
    "origin": "Mapo-gu",
    "hub": "Hongik University"
   },
   "geometry": {
    "type": "LineString",
    "coordinates": [
     [
      126.98621109999999,
      37.5768519
     ],
     [
      126.9735668,
      37.5757585
     ]
    ]
   }
  },
  {
   "type": "Feature",
   "properties": {
    "origin": "Mapo-gu",
    "hub": "Hongik University"
   },
   "geometry": {
    "type": "LineString",
    "coordinates": [
     [
      127.12136459999999,
      36.79375185
     ],
     [
      127.1044469,
      36.7920852
     ]
    ]
   }
  },
  {
   "type": "Feature",
   "properties": {
    "origin": "Mapo-gu",
    "hub": "Hongik University"
   },
   "geometry": {
    "type": "LineString",
    "coordinates": [
     [
      127.05547115,
      37.490908399999995
     ],
     [
      127.0632186,
      37.4944502
     ]
    ]
   }
  },
  {
   "type": "Feature",
   "properties": {
    "origin": "Mapo-gu",
    "hub": "Hongik University"
   },
   "geometry": {
    "type": "LineString",
    "coordinates": [
     [
      126.855077,
      37.5611624
     ],
     [
      126.8412122,
      37.568514750000006
     ]
    ]
   }
  },
  {
   "type": "Feature",
   "properties": {
    "origin": "Mapo-gu",
    "hub": "Hongik University"
   },
   "geometry": {
    "type": "LineString",
    "coordinates": [
     [
      126.89151790000001,
      37.509030114285714
     ],
     [
      126.89498635,
      37.493286499999996
     ]
    ]
   }
  },
  {
   "type": "Feature",
   "properties": {
    "origin": "Mapo-gu",
    "hub": "Hongik University"
   },
   "geometry": {
    "type": "LineString",
    "coordinates": [
     [
      126.8446059,
      37.4943646
     ],
     [
      126.82350482,
      37.49227992
     ]
    ]
   }
  },
  {
   "type": "Feature",
   "properties": {
    "origin": "Mapo-gu",
    "hub": "Hongik University"
   },
   "geometry": {
    "type": "LineString",
    "coordinates": [
     [
      126.89498635,
      37.493286499999996
     ],
     [
      126.9016665,
      37.48532195
     ]
    ]
   }
  },
  {
   "type": "Feature",
   "properties": {
    "origin": "Mapo-gu",
    "hub": "Hongik University"
   },
   "geometry": {
    "type": "LineString",
    "coordinates": [
     [
      127.0104261,
      37.55442283333334
     ],
     [
      127.0066367,
      37.548266
     ]
    ]
   }
  },
  {
   "type": "Feature",
   "properties": {
    "origin": "Mapo-gu",
    "hub": "Hongik University"
   },
   "geometry": {
    "type": "LineString",
    "coordinates": [
     [
      126.91801478333333,
      37.516964349999995
     ],
     [
      126.90722555,
      37.515533616666666
     ]
    ]
   }
  },
  {
   "type": "Feature",
   "properties": {
    "origin": "Mapo-gu",
    "hub": "Hongik University"
   },
   "geometry": {
    "type": "LineString",
    "coordinates": [
     [
      127.02026115000001,
      37.55442985
     ],
     [
      127.0299623,
      37.55758135000001
     ]
    ]
   }
  },
  {
   "type": "Feature",
   "properties": {
    "origin": "Mapo-gu",
    "hub": "Hongik University"
   },
   "geometry": {
    "type": "LineString",
    "coordinates": [
     [
      126.948475,
      37.354190625
     ],
     [
      126.94835635,
      37.34334405
     ]
    ]
   }
  },
  {
   "type": "Feature",
   "properties": {
    "origin": "Mapo-gu",
    "hub": "Hongik University"
   },
   "geometry": {
    "type": "LineString",
    "coordinates": [
     [
      127.07510895,
      37.5112206
     ],
     [
      127.10697945,
      37.505189625
     ]
    ]
   }
  },
  {
   "type": "Feature",
   "properties": {
    "origin": "Mapo-gu",
    "hub": "Hongik University"
   },
   "geometry": {
    "type": "LineString",
    "coordinates": [
     [
      126.973423125,
      37.53502835
     ],
     [
      126.96783339999999,
      37.52914435
     ]
    ]
   }
  },
  {
   "type": "Feature",
   "properties": {
    "origin": "Mapo-gu",
    "hub": "Hongik University"
   },
   "geometry": {
    "type": "LineString",
    "coordinates": [
     [
      127.08565575,
      37.59584195
     ],
     [
      127.0794696,
      37.601632
     ]
    ]
   }
  },
  {
   "type": "Feature",
   "properties": {
    "origin": "Mapo-gu",
    "hub": "Hongik University"
   },
   "geometry": {
    "type": "LineString",
    "coordinates": [
     [
      126.99154498333333,
      37.57166261666667
     ],
     [
      126.9926834,
      37.5663661
     ]
    ]
   }
  },
  {
   "type": "Feature",
   "properties": {
    "origin": "Mapo-gu",
    "hub": "Hongik University"
   },
   "geometry": {
    "type": "LineString",
    "coordinates": [
     [
      127.10841984999999,
      37.3673687
     ],
     [
      127.10889420000001,
      37.3499872
     ]
    ]
   }
  },
  {
   "type": "Feature",
   "properties": {
    "origin": "Mapo-gu",
    "hub": "Hongik University"
   },
   "geometry": {
    "type": "LineString",
    "coordinates": [
     [
      126.7423046,
      37.5064953
     ],
     [
      126.73131625,
      37.50701815
     ]
    ]
   }
  },
  {
   "type": "Feature",
   "properties": {
    "origin": "Mapo-gu",
    "hub": "Hongik University"
   },
   "geometry": {
    "type": "LineString",
    "coordinates": [
     [
      127.1268624,
      36.91622415
     ],
     [
      127.1489162,
      36.83411695
     ]
    ]
   }
  },
  {
   "type": "Feature",
   "properties": {
    "origin": "Mapo-gu",
    "hub": "Hongik University"
   },
   "geometry": {
    "type": "LineString",
    "coordinates": [
     [
      126.82350482,
      37.49227992
     ],
     [
      126.83893090000001,
      37.4863455
     ]
    ]
   }
  },
  {
   "type": "Feature",
   "properties": {
    "origin": "Mapo-gu",
    "hub": "Hongik University"
   },
   "geometry": {
    "type": "LineString",
    "coordinates": [
     [
      126.76317800000001,
      37.5047652
     ],
     [
      126.7531662,
      37.505828199999996
     ]
    ]
   }
  },
  {
   "type": "Feature",
   "properties": {
    "origin": "Mapo-gu",
    "hub": "Hongik University"
   },
   "geometry": {
    "type": "LineString",
    "coordinates": [
     [
      126.98317564999999,
      37.57016135
     ],
     [
      126.99154498333333,
      37.57166261666667
     ]
    ]
   }
  },
  {
   "type": "Feature",
   "properties": {
    "origin": "Mapo-gu",
    "hub": "Hongik University"
   },
   "geometry": {
    "type": "LineString",
    "coordinates": [
     [
      126.89401819999999,
      37.45556295
     ],
     [
      126.88474295,
      37.41637275
     ]
    ]
   }
  },
  {
   "type": "Feature",
   "properties": {
    "origin": "Mapo-gu",
    "hub": "Hongik University"
   },
   "geometry": {
    "type": "LineString",
    "coordinates": [
     [
      126.90267904999999,
      37.534194199999995
     ],
     [
      126.9180312,
      37.5279527
     ]
    ]
   }
  },
  {
   "type": "Feature",
   "properties": {
    "origin": "Mapo-gu",
    "hub": "Hongik University"
   },
   "geometry": {
    "type": "LineString",
    "coordinates": [
     [
      127.0623938,
      37.110096850000005
     ],
     [
      127.05432010000001,
      37.0759581
     ]
    ]
   }
  },
  {
   "type": "Feature",
   "properties": {
    "origin": "Mapo-gu",
    "hub": "Hongik University"
   },
   "geometry": {
    "type": "LineString",
    "coordinates": [
     [
      127.00488916666667,
      37.50495225
     ],
     [
      127.0151398,
      37.5042952
     ]
    ]
   }
  },
  {
   "type": "Feature",
   "properties": {
    "origin": "Mapo-gu",
    "hub": "Hongik University"
   },
   "geometry": {
    "type": "LineString",
    "coordinates": [
     [
      127.08552125,
      36.99061495
     ],
     [
      127.1268624,
      36.91622415
     ]
    ]
   }
  },
  {
   "type": "Feature",
   "properties": {
    "origin": "Mapo-gu",
    "hub": "Hongik University"
   },
   "geometry": {
    "type": "LineString",
    "coordinates": [
     [
      126.92069475,
      37.619039
     ],
     [
      126.9187721,
      37.6368537
     ]
    ]
   }
  },
  {
   "type": "Feature",
   "properties": {
    "origin": "Mapo-gu",
    "hub": "Hongik University"
   },
   "geometry": {
    "type": "LineString",
    "coordinates": [
     [
      127.03690639999999,
      37.500806350000005
     ],
     [
      127.04890495000001,
      37.5044639
     ]
    ]
   }
  },
  {
   "type": "Feature",
   "properties": {
    "origin": "Mapo-gu",
    "hub": "Hongik University"
   },
   "geometry": {
    "type": "LineString",
    "coordinates": [
     [
      126.9319957,
      37.5474678
     ],
     [
      126.9229235,
      37.547759049999996
     ]
    ]
   }
  },
  {
   "type": "Feature",
   "properties": {
    "origin": "Mapo-gu",
    "hub": "Hongik University"
   },
   "geometry": {
    "type": "LineString",
    "coordinates": [
     [
      127.02494235,
      37.575267100000005
     ],
     [
      127.0381884,
      37.573983150000004
     ]
    ]
   }
  },
  {
   "type": "Feature",
   "properties": {
    "origin": "Mapo-gu",
    "hub": "Hongik University"
   },
   "geometry": {
    "type": "LineString",
    "coordinates": [
     [
      126.999739925,
      37.266122525
     ],
     [
      127.01371209999999,
      37.244152
     ]
    ]
   }
  },
  {
   "type": "Feature",
   "properties": {
    "origin": "Mapo-gu",
    "hub": "Hongik University"
   },
   "geometry": {
    "type": "LineString",
    "coordinates": [
     [
      126.75233173333334,
      37.487693199999995
     ],
     [
      126.74075975,
      37.488480300000006
     ]
    ]
   }
  },
  {
   "type": "Feature",
   "properties": {
    "origin": "Mapo-gu",
    "hub": "Hongik University"
   },
   "geometry": {
    "type": "LineString",
    "coordinates": [
     [
      127.0734209,
      37.66069845
     ],
     [
      127.079078,
      37.67024585
     ]
    ]
   }
  },
  {
   "type": "Feature",
   "properties": {
    "origin": "Mapo-gu",
    "hub": "Hongik University"
   },
   "geometry": {
    "type": "LineString",
    "coordinates": [
     [
      127.0171379,
      37.573444800000004
     ],
     [
      127.02494235,
      37.575267100000005
     ]
    ]
   }
  },
  {
   "type": "Feature",
   "properties": {
    "origin": "Mapo-gu",
    "hub": "Hongik University"
   },
   "geometry": {
    "type": "LineString",
    "coordinates": [
     [
      127.01376707499999,
      37.56028295
     ],
     [
      127.01619545,
      37.5664047
     ]
    ]
   }
  },
  {
   "type": "Feature",
   "properties": {
    "origin": "Mapo-gu",
    "hub": "Hongik University"
   },
   "geometry": {
    "type": "LineString",
    "coordinates": [
     [
      127.0861764,
      37.5371514
     ],
     [
      127.09471975,
      37.53514475
     ]
    ]
   }
  },
  {
   "type": "Feature",
   "properties": {
    "origin": "Mapo-gu",
    "hub": "Hongik University"
   },
   "geometry": {
    "type": "LineString",
    "coordinates": [
     [
      126.97941087499999,
      37.50293935
     ],
     [
      126.98678254999999,
      37.50129185
     ]
    ]
   }
  },
  {
   "type": "Feature",
   "properties": {
    "origin": "Mapo-gu",
    "hub": "Hongik University"
   },
   "geometry": {
    "type": "LineString",
    "coordinates": [
     [
      127.0637886,
      37.5963116
     ],
     [
      127.06730005,
      37.601798450000004
     ]
    ]
   }
  },
  {
   "type": "Feature",
   "properties": {
    "origin": "Mapo-gu",
    "hub": "Hongik University"
   },
   "geometry": {
    "type": "LineString",
    "coordinates": [
     [
      126.9033939,
      37.563522750000004
     ],
     [
      126.89931285,
      37.570154599999995
     ]
    ]
   }
  },
  {
   "type": "Feature",
   "properties": {
    "origin": "Mapo-gu",
    "hub": "Hongik University"
   },
   "geometry": {
    "type": "LineString",
    "coordinates": [
     [
      126.8666104,
      37.30282205
     ],
     [
      126.8384926,
      37.31602785
     ]
    ]
   }
  },
  {
   "type": "Feature",
   "properties": {
    "origin": "Mapo-gu",
    "hub": "Hongik University"
   },
   "geometry": {
    "type": "LineString",
    "coordinates": [
     [
      126.9442481,
      37.5887266
     ],
     [
      126.9357817,
      37.6009659
     ]
    ]
   }
  },
  {
   "type": "Feature",
   "properties": {
    "origin": "Mapo-gu",
    "hub": "Hongik University"
   },
   "geometry": {
    "type": "LineString",
    "coordinates": [
     [
      127.44218375,
      37.264238899999995
     ],
     [
      127.49032700000001,
      37.260404449999996
     ]
    ]
   }
  },
  {
   "type": "Feature",
   "properties": {
    "origin": "Mapo-gu",
    "hub": "Hongik University"
   },
   "geometry": {
    "type": "LineString",
    "coordinates": [
     [
      126.89547454999999,
      37.65312725
     ],
     [
      126.8737509,
      37.6505087
     ]
    ]
   }
  },
  {
   "type": "Feature",
   "properties": {
    "origin": "Mapo-gu",
    "hub": "Hongik University"
   },
   "geometry": {
    "type": "LineString",
    "coordinates": [
     [
      127.05116675,
      37.518998249999996
     ],
     [
      127.06674185,
      37.53154165
     ]
    ]
   }
  },
  {
   "type": "Feature",
   "properties": {
    "origin": "Mapo-gu",
    "hub": "Hongik University"
   },
   "geometry": {
    "type": "LineString",
    "coordinates": [
     [
      127.01524715,
      37.5797842
     ],
     [
      127.0193235,
      37.585281550000005
     ]
    ]
   }
  },
  {
   "type": "Feature",
   "properties": {
    "origin": "Mapo-gu",
    "hub": "Hongik University"
   },
   "geometry": {
    "type": "LineString",
    "coordinates": [
     [
      127.01568155000001,
      37.5723877
     ],
     [
      127.01524715,
      37.5797842
     ]
    ]
   }
  },
  {
   "type": "Feature",
   "properties": {
    "origin": "Mapo-gu",
    "hub": "Hongik University"
   },
   "geometry": {
    "type": "LineString",
    "coordinates": [
     [
      127.0795056,
      37.493654
     ],
     [
      127.0842084,
      37.48379075
     ]
    ]
   }
  },
  {
   "type": "Feature",
   "properties": {
    "origin": "Mapo-gu",
    "hub": "Hongik University"
   },
   "geometry": {
    "type": "LineString",
    "coordinates": [
     [
      126.83262855000001,
      37.6346248
     ],
     [
      126.8109994,
      37.6316918
     ]
    ]
   }
  },
  {
   "type": "Feature",
   "properties": {
    "origin": "Mapo-gu",
    "hub": "Hongik University"
   },
   "geometry": {
    "type": "LineString",
    "coordinates": [
     [
      126.87543819999999,
      37.5470354
     ],
     [
      126.86459835,
      37.5512139
     ]
    ]
   }
  },
  {
   "type": "Feature",
   "properties": {
    "origin": "Mapo-gu",
    "hub": "Hongik University"
   },
   "geometry": {
    "type": "LineString",
    "coordinates": [
     [
      126.91015010000001,
      37.55599395
     ],
     [
      126.9033939,
      37.563522750000004
     ]
    ]
   }
  },
  {
   "type": "Feature",
   "properties": {
    "origin": "Mapo-gu",
    "hub": "Hongik University"
   },
   "geometry": {
    "type": "LineString",
    "coordinates": [
     [
      127.00195554999999,
      37.58214475
     ],
     [
      127.00636765,
      37.5885974
     ]
    ]
   }
  },
  {
   "type": "Feature",
   "properties": {
    "origin": "Mapo-gu",
    "hub": "Hongik University"
   },
   "geometry": {
    "type": "LineString",
    "coordinates": [
     [
      127.04772775,
      37.6531714
     ],
     [
      127.046312175,
      37.689562124999995
     ]
    ]
   }
  },
  {
   "type": "Feature",
   "properties": {
    "origin": "Mapo-gu",
    "hub": "Hongik University"
   },
   "geometry": {
    "type": "LineString",
    "coordinates": [
     [
      126.99154498333333,
      37.57166261666667
     ],
     [
      126.98621109999999,
      37.5768519
     ]
    ]
   }
  },
  {
   "type": "Feature",
   "properties": {
    "origin": "Mapo-gu",
    "hub": "Hongik University"
   },
   "geometry": {
    "type": "LineString",
    "coordinates": [
     [
      126.90267904999999,
      37.534194199999995
     ],
     [
      126.89656545,
      37.5253118
     ]
    ]
   }
  },
  {
   "type": "Feature",
   "properties": {
    "origin": "Mapo-gu",
    "hub": "Hongik University"
   },
   "geometry": {
    "type": "LineString",
    "coordinates": [
     [
      127.5706498,
      37.29361915
     ],
     [
      127.6285664,
      37.2828151
     ]
    ]
   }
  },
  {
   "type": "Feature",
   "properties": {
    "origin": "Mapo-gu",
    "hub": "Hongik University"
   },
   "geometry": {
    "type": "LineString",
    "coordinates": [
     [
      127.014221675,
      37.493417775000005
     ],
     [
      127.0076332,
      37.49182365
     ]
    ]
   }
  },
  {
   "type": "Feature",
   "properties": {
    "origin": "Mapo-gu",
    "hub": "Hongik University"
   },
   "geometry": {
    "type": "LineString",
    "coordinates": [
     [
      126.83893090000001,
      37.4863455
     ],
     [
      126.85431915000001,
      37.4794557
     ]
    ]
   }
  },
  {
   "type": "Feature",
   "properties": {
    "origin": "Mapo-gu",
    "hub": "Hongik University"
   },
   "geometry": {
    "type": "LineString",
    "coordinates": [
     [
      126.8751531,
      37.5245537
     ],
     [
      126.86451070000001,
      37.5261224
     ]
    ]
   }
  },
  {
   "type": "Feature",
   "properties": {
    "origin": "Mapo-gu",
    "hub": "Hongik University"
   },
   "geometry": {
    "type": "LineString",
    "coordinates": [
     [
      126.9135165,
      37.5491801
     ],
     [
      126.91015010000001,
      37.55599395
     ]
    ]
   }
  },
  {
   "type": "Feature",
   "properties": {
    "origin": "Mapo-gu",
    "hub": "Hongik University"
   },
   "geometry": {
    "type": "LineString",
    "coordinates": [
     [
      127.12062259999999,
      37.530676150000005
     ],
     [
      127.11266905,
      37.5175106
     ]
    ]
   }
  },
  {
   "type": "Feature",
   "properties": {
    "origin": "Mapo-gu",
    "hub": "Hongik University"
   },
   "geometry": {
    "type": "LineString",
    "coordinates": [
     [
      126.67902043333333,
      37.4651555
     ],
     [
      126.6686176,
      37.46610149999999
     ]
    ]
   }
  },
  {
   "type": "Feature",
   "properties": {
    "origin": "Mapo-gu",
    "hub": "Hongik University"
   },
   "geometry": {
    "type": "LineString",
    "coordinates": [
     [
      126.98651129999999,
      37.53475175
     ],
     [
      126.9943796,
      37.5345035
     ]
    ]
   }
  },
  {
   "type": "Feature",
   "properties": {
    "origin": "Mapo-gu",
    "hub": "Hongik University"
   },
   "geometry": {
    "type": "LineString",
    "coordinates": [
     [
      127.1237831,
      37.495351
     ],
     [
      127.128077625,
      37.5021865
     ]
    ]
   }
  },
  {
   "type": "Feature",
   "properties": {
    "origin": "Mapo-gu",
    "hub": "Hongik University"
   },
   "geometry": {
    "type": "LineString",
    "coordinates": [
     [
      127.0605474,
      37.6544077
     ],
     [
      127.05761670000001,
      37.66551795
     ]
    ]
   }
  },
  {
   "type": "Feature",
   "properties": {
    "origin": "Mapo-gu",
    "hub": "Hongik University"
   },
   "geometry": {
    "type": "LineString",
    "coordinates": [
     [
      127.15379125000001,
      37.5549799
     ],
     [
      127.16654776666667,
      37.5567598
     ]
    ]
   }
  },
  {
   "type": "Feature",
   "properties": {
    "origin": "Mapo-gu",
    "hub": "Hongik University"
   },
   "geometry": {
    "type": "LineString",
    "coordinates": [
     [
      127.046312175,
      37.689562124999995
     ],
     [
      127.0473907,
      37.710314
     ]
    ]
   }
  },
  {
   "type": "Feature",
   "properties": {
    "origin": "Mapo-gu",
    "hub": "Hongik University"
   },
   "geometry": {
    "type": "LineString",
    "coordinates": [
     [
      127.03457474999999,
      37.648415549999996
     ],
     [
      127.0466586,
      37.6529636
     ]
    ]
   }
  },
  {
   "type": "Feature",
   "properties": {
    "origin": "Mapo-gu",
    "hub": "Hongik University"
   },
   "geometry": {
    "type": "LineString",
    "coordinates": [
     [
      127.2034043,
      37.4086408
     ],
     [
      127.2532829,
      37.39889945
     ]
    ]
   }
  },
  {
   "type": "Feature",
   "properties": {
    "origin": "Mapo-gu",
    "hub": "Hongik University"
   },
   "geometry": {
    "type": "LineString",
    "coordinates": [
     [
      126.8822843222222,
      37.50327466666667
     ],
     [
      126.811999475,
      37.485282874999996
     ]
    ]
   }
  },
  {
   "type": "Feature",
   "properties": {
    "origin": "Mapo-gu",
    "hub": "Hongik University"
   },
   "geometry": {
    "type": "LineString",
    "coordinates": [
     [
      127.142957,
      37.545654
     ],
     [
      127.14408005,
      37.5519235
     ]
    ]
   }
  },
  {
   "type": "Feature",
   "properties": {
    "origin": "Mapo-gu",
    "hub": "Hongik University"
   },
   "geometry": {
    "type": "LineString",
    "coordinates": [
     [
      126.9229235,
      37.547759049999996
     ],
     [
      126.9135165,
      37.5491801
     ]
    ]
   }
  },
  {
   "type": "Feature",
   "properties": {
    "origin": "Mapo-gu",
    "hub": "Hongik University"
   },
   "geometry": {
    "type": "LineString",
    "coordinates": [
     [
      126.90267904999999,
      37.534194199999995
     ],
     [
      126.92414654999999,
      37.52167905
     ]
    ]
   }
  },
  {
   "type": "Feature",
   "properties": {
    "origin": "Mapo-gu",
    "hub": "Hongik University"
   },
   "geometry": {
    "type": "LineString",
    "coordinates": [
     [
      127.027783275,
      37.497521625000005
     ],
     [
      127.03690639999999,
      37.500806350000005
     ]
    ]
   }
  },
  {
   "type": "Feature",
   "properties": {
    "origin": "Mapo-gu",
    "hub": "Hongik University"
   },
   "geometry": {
    "type": "LineString",
    "coordinates": [
     [
      126.91801478333333,
      37.516964349999995
     ],
     [
      126.9274886,
      37.5133478
     ]
    ]
   }
  },
  {
   "type": "Feature",
   "properties": {
    "origin": "Mapo-gu",
    "hub": "Hongik University"
   },
   "geometry": {
    "type": "LineString",
    "coordinates": [
     [
      126.85895063333334,
      37.4945512
     ],
     [
      126.8446059,
      37.4943646
     ]
    ]
   }
  },
  {
   "type": "Feature",
   "properties": {
    "origin": "Mapo-gu",
    "hub": "Hongik University"
   },
   "geometry": {
    "type": "LineString",
    "coordinates": [
     [
      127.0174475,
      37.5416892
     ],
     [
      127.0284705,
      37.5261356
     ]
    ]
   }
  },
  {
   "type": "Feature",
   "properties": {
    "origin": "Mapo-gu",
    "hub": "Hongik University"
   },
   "geometry": {
    "type": "LineString",
    "coordinates": [
     [
      126.78718219999999,
      37.5037262
     ],
     [
      126.77621479999999,
      37.50304175
     ]
    ]
   }
  },
  {
   "type": "Feature",
   "properties": {
    "origin": "Mapo-gu",
    "hub": "Hongik University"
   },
   "geometry": {
    "type": "LineString",
    "coordinates": [
     [
      126.92069475,
      37.619039
     ],
     [
      126.9170995,
      37.6110401
     ]
    ]
   }
  },
  {
   "type": "Feature",
   "properties": {
    "origin": "Mapo-gu",
    "hub": "Hongik University"
   },
   "geometry": {
    "type": "LineString",
    "coordinates": [
     [
      126.811999475,
      37.485282874999996
     ],
     [
      126.78272705,
      37.484111150000004
     ]
    ]
   }
  },
  {
   "type": "Feature",
   "properties": {
    "origin": "Mapo-gu",
    "hub": "Hongik University"
   },
   "geometry": {
    "type": "LineString",
    "coordinates": [
     [
      127.14078645000001,
      37.602372849999995
     ],
     [
      127.13808069999999,
      37.61096805
     ]
    ]
   }
  },
  {
   "type": "Feature",
   "properties": {
    "origin": "Mapo-gu",
    "hub": "Hongik University"
   },
   "geometry": {
    "type": "LineString",
    "coordinates": [
     [
      126.97613145,
      37.564515325
     ],
     [
      126.98260535,
      37.565950799999996
     ]
    ]
   }
  },
  {
   "type": "Feature",
   "properties": {
    "origin": "Mapo-gu",
    "hub": "Hongik University"
   },
   "geometry": {
    "type": "LineString",
    "coordinates": [
     [
      127.0331232,
      37.206827425
     ],
     [
      127.05188079999999,
      37.19572315
     ]
    ]
   }
  },
  {
   "type": "Feature",
   "properties": {
    "origin": "Mapo-gu",
    "hub": "Hongik University"
   },
   "geometry": {
    "type": "LineString",
    "coordinates": [
     [
      126.91801478333333,
      37.516964349999995
     ],
     [
      126.90512775,
      37.522699349999996
     ]
    ]
   }
  },
  {
   "type": "Feature",
   "properties": {
    "origin": "Mapo-gu",
    "hub": "Hongik University"
   },
   "geometry": {
    "type": "LineString",
    "coordinates": [
     [
      126.9697911,
      37.3003187
     ],
     [
      126.999739925,
      37.266122525
     ]
    ]
   }
  },
  {
   "type": "Feature",
   "properties": {
    "origin": "Mapo-gu",
    "hub": "Hongik University"
   },
   "geometry": {
    "type": "LineString",
    "coordinates": [
     [
      126.80143015,
      37.562032125
     ],
     [
      126.7968626,
      37.578372200000004
     ]
    ]
   }
  },
  {
   "type": "Feature",
   "properties": {
    "origin": "Mapo-gu",
    "hub": "Hongik University"
   },
   "geometry": {
    "type": "LineString",
    "coordinates": [
     [
      127.0193235,
      37.585281550000005
     ],
     [
      127.0293324,
      37.586299100000005
     ]
    ]
   }
  },
  {
   "type": "Feature",
   "properties": {
    "origin": "Mapo-gu",
    "hub": "Hongik University"
   },
   "geometry": {
    "type": "LineString",
    "coordinates": [
     [
      127.01109835,
      37.51273505
     ],
     [
      127.01963022499999,
      37.515947849999996
     ]
    ]
   }
  },
  {
   "type": "Feature",
   "properties": {
    "origin": "Mapo-gu",
    "hub": "Hongik University"
   },
   "geometry": {
    "type": "LineString",
    "coordinates": [
     [
      127.07954310000001,
      37.557182225000005
     ],
     [
      127.08979414999999,
      37.55168905
     ]
    ]
   }
  },
  {
   "type": "Feature",
   "properties": {
    "origin": "Mapo-gu",
    "hub": "Hongik University"
   },
   "geometry": {
    "type": "LineString",
    "coordinates": [
     [
      126.94158883333331,
      37.513936916666665
     ],
     [
      126.9535754,
      37.5129714
     ]
    ]
   }
  },
  {
   "type": "Feature",
   "properties": {
    "origin": "Mapo-gu",
    "hub": "Hongik University"
   },
   "geometry": {
    "type": "LineString",
    "coordinates": [
     [
      127.130605875,
      37.516118175
     ],
     [
      127.13834015,
      37.519871
     ]
    ]
   }
  },
  {
   "type": "Feature",
   "properties": {
    "origin": "Mapo-gu",
    "hub": "Hongik University"
   },
   "geometry": {
    "type": "LineString",
    "coordinates": [
     [
      127.0065527,
      37.43572845
     ],
     [
      126.99683205,
      37.433065299999996
     ]
    ]
   }
  },
  {
   "type": "Feature",
   "properties": {
    "origin": "Mapo-gu",
    "hub": "Hongik University"
   },
   "geometry": {
    "type": "LineString",
    "coordinates": [
     [
      127.05752925,
      37.589549649999995
     ],
     [
      127.0637886,
      37.5963116
     ]
    ]
   }
  },
  {
   "type": "Feature",
   "properties": {
    "origin": "Mapo-gu",
    "hub": "Hongik University"
   },
   "geometry": {
    "type": "LineString",
    "coordinates": [
     [
      126.929697,
      37.4842352
     ],
     [
      126.9419898,
      37.482370200000005
     ]
    ]
   }
  },
  {
   "type": "Feature",
   "properties": {
    "origin": "Mapo-gu",
    "hub": "Hongik University"
   },
   "geometry": {
    "type": "LineString",
    "coordinates": [
     [
      126.92348945,
      37.556651200000005
     ],
     [
      126.93690799999999,
      37.55515495
     ]
    ]
   }
  },
  {
   "type": "Feature",
   "properties": {
    "origin": "Mapo-gu",
    "hub": "Hongik University"
   },
   "geometry": {
    "type": "LineString",
    "coordinates": [
     [
      127.0461737,
      37.73766193333333
     ],
     [
      127.04440685,
      37.7483781
     ]
    ]
   }
  },
  {
   "type": "Feature",
   "properties": {
    "origin": "Mapo-gu",
    "hub": "Hongik University"
   },
   "geometry": {
    "type": "LineString",
    "coordinates": [
     [
      126.9357817,
      37.6009659
     ],
     [
      126.92984775,
      37.61032965
     ]
    ]
   }
  },
  {
   "type": "Feature",
   "properties": {
    "origin": "Mapo-gu",
    "hub": "Hongik University"
   },
   "geometry": {
    "type": "LineString",
    "coordinates": [
     [
      127.0414675,
      37.6019369
     ],
     [
      127.04824445,
      37.606223
     ]
    ]
   }
  },
  {
   "type": "Feature",
   "properties": {
    "origin": "Mapo-gu",
    "hub": "Hongik University"
   },
   "geometry": {
    "type": "LineString",
    "coordinates": [
     [
      127.13261646666666,
      37.535815533333334
     ],
     [
      127.1362466,
      37.527798950000005
     ]
    ]
   }
  },
  {
   "type": "Feature",
   "properties": {
    "origin": "Mapo-gu",
    "hub": "Hongik University"
   },
   "geometry": {
    "type": "LineString",
    "coordinates": [
     [
      126.933021475,
      37.358028000000004
     ],
     [
      126.8666104,
      37.30282205
     ]
    ]
   }
  },
  {
   "type": "Feature",
   "properties": {
    "origin": "Mapo-gu",
    "hub": "Hongik University"
   },
   "geometry": {
    "type": "LineString",
    "coordinates": [
     [
      127.09109065,
      37.617416899999995
     ],
     [
      127.1046462,
      37.6124026
     ]
    ]
   }
  },
  {
   "type": "Feature",
   "properties": {
    "origin": "Mapo-gu",
    "hub": "Hongik University"
   },
   "geometry": {
    "type": "LineString",
    "coordinates": [
     [
      126.7028595,
      37.470726125
     ],
     [
      126.6933966,
      37.4647324
     ]
    ]
   }
  },
  {
   "type": "Feature",
   "properties": {
    "origin": "Mapo-gu",
    "hub": "Hongik University"
   },
   "geometry": {
    "type": "LineString",
    "coordinates": [
     [
      126.8861202,
      37.5256362
     ],
     [
      126.8751531,
      37.5245537
     ]
    ]
   }
  },
  {
   "type": "Feature",
   "properties": {
    "origin": "Mapo-gu",
    "hub": "Hongik University"
   },
   "geometry": {
    "type": "LineString",
    "coordinates": [
     [
      126.9503622,
      37.5823342
     ],
     [
      126.9442481,
      37.5887266
     ]
    ]
   }
  },
  {
   "type": "Feature",
   "properties": {
    "origin": "Mapo-gu",
    "hub": "Hongik University"
   },
   "geometry": {
    "type": "LineString",
    "coordinates": [
     [
      126.724560725,
      37.489460875000006
     ],
     [
      126.67902043333333,
      37.4651555
     ]
    ]
   }
  },
  {
   "type": "Feature",
   "properties": {
    "origin": "Mapo-gu",
    "hub": "Hongik University"
   },
   "geometry": {
    "type": "LineString",
    "coordinates": [
     [
      126.8465805,
      37.53185633333333
     ],
     [
      126.84038305,
      37.54170345
     ]
    ]
   }
  },
  {
   "type": "Feature",
   "properties": {
    "origin": "Mapo-gu",
    "hub": "Hongik University"
   },
   "geometry": {
    "type": "LineString",
    "coordinates": [
     [
      127.054875,
      37.9275599
     ],
     [
      127.06081169999999,
      37.9480142
     ]
    ]
   }
  },
  {
   "type": "Feature",
   "properties": {
    "origin": "Mapo-gu",
    "hub": "Hongik University"
   },
   "geometry": {
    "type": "LineString",
    "coordinates": [
     [
      127.0461737,
      37.73766193333333
     ],
     [
      127.0423314,
      37.7593989
     ]
    ]
   }
  },
  {
   "type": "Feature",
   "properties": {
    "origin": "Mapo-gu",
    "hub": "Hongik University"
   },
   "geometry": {
    "type": "LineString",
    "coordinates": [
     [
      127.074925275,
      37.617910925000004
     ],
     [
      127.07760615000001,
      37.61143885
     ]
    ]
   }
  },
  {
   "type": "Feature",
   "properties": {
    "origin": "Mapo-gu",
    "hub": "Hongik University"
   },
   "geometry": {
    "type": "LineString",
    "coordinates": [
     [
      127.0164111,
      37.592665
     ],
     [
      127.02494089999999,
      37.603309749999994
     ]
    ]
   }
  },
  {
   "type": "Feature",
   "properties": {
    "origin": "Mapo-gu",
    "hub": "Hongik University"
   },
   "geometry": {
    "type": "LineString",
    "coordinates": [
     [
      127.05288045,
      37.05648574999999
     ],
     [
      127.08552125,
      36.99061495
     ]
    ]
   }
  },
  {
   "type": "Feature",
   "properties": {
    "origin": "Mapo-gu",
    "hub": "Hongik University"
   },
   "geometry": {
    "type": "LineString",
    "coordinates": [
     [
      126.9578751,
      37.5745552
     ],
     [
      126.9503622,
      37.5823342
     ]
    ]
   }
  },
  {
   "type": "Feature",
   "properties": {
    "origin": "Mapo-gu",
    "hub": "Hongik University"
   },
   "geometry": {
    "type": "LineString",
    "coordinates": [
     [
      126.9155872,
      37.5986062
     ],
     [
      126.9137366,
      37.59167145
     ]
    ]
   }
  },
  {
   "type": "Feature",
   "properties": {
    "origin": "Mapo-gu",
    "hub": "Hongik University"
   },
   "geometry": {
    "type": "LineString",
    "coordinates": [
     [
      127.12760195,
      37.3946471
     ],
     [
      127.2033703,
      37.4086667
     ]
    ]
   }
  },
  {
   "type": "Feature",
   "properties": {
    "origin": "Mapo-gu",
    "hub": "Hongik University"
   },
   "geometry": {
    "type": "LineString",
    "coordinates": [
     [
      126.78272705,
      37.484111150000004
     ],
     [
      126.7641426,
      37.48670185
     ]
    ]
   }
  },
  {
   "type": "Feature",
   "properties": {
    "origin": "Mapo-gu",
    "hub": "Hongik University"
   },
   "geometry": {
    "type": "LineString",
    "coordinates": [
     [
      127.15982804999999,
      37.451577349999994
     ],
     [
      127.15677604999999,
      37.44508145
     ]
    ]
   }
  },
  {
   "type": "Feature",
   "properties": {
    "origin": "Mapo-gu",
    "hub": "Hongik University"
   },
   "geometry": {
    "type": "LineString",
    "coordinates": [
     [
      127.0615646,
      37.8432631
     ],
     [
      127.05581495,
      37.89235135
     ]
    ]
   }
  },
  {
   "type": "Feature",
   "properties": {
    "origin": "Mapo-gu",
    "hub": "Hongik University"
   },
   "geometry": {
    "type": "LineString",
    "coordinates": [
     [
      126.9784579,
      37.5587505
     ],
     [
      126.9862921,
      37.5608956
     ]
    ]
   }
  },
  {
   "type": "Feature",
   "properties": {
    "origin": "Mapo-gu",
    "hub": "Hongik University"
   },
   "geometry": {
    "type": "LineString",
    "coordinates": [
     [
      127.14019295,
      37.5383463
     ],
     [
      127.142957,
      37.545654
     ]
    ]
   }
  },
  {
   "type": "Feature",
   "properties": {
    "origin": "Mapo-gu",
    "hub": "Hongik University"
   },
   "geometry": {
    "type": "LineString",
    "coordinates": [
     [
      126.92560309999999,
      37.35054165
     ],
     [
      126.91689894999999,
      37.3279736
     ]
    ]
   }
  },
  {
   "type": "Feature",
   "properties": {
    "origin": "Mapo-gu",
    "hub": "Hongik University"
   },
   "geometry": {
    "type": "LineString",
    "coordinates": [
     [
      127.0666711,
      37.1448264
     ],
     [
      127.0623938,
      37.110096850000005
     ]
    ]
   }
  },
  {
   "type": "Feature",
   "properties": {
    "origin": "Mapo-gu",
    "hub": "Hongik University"
   },
   "geometry": {
    "type": "LineString",
    "coordinates": [
     [
      127.05288045,
      37.05648574999999
     ],
     [
      127.0704264,
      37.01900175
     ]
    ]
   }
  },
  {
   "type": "Feature",
   "properties": {
    "origin": "Mapo-gu",
    "hub": "Hongik University"
   },
   "geometry": {
    "type": "LineString",
    "coordinates": [
     [
      127.00789135,
      37.4438108
     ],
     [
      127.0065527,
      37.43572845
     ]
    ]
   }
  },
  {
   "type": "Feature",
   "properties": {
    "origin": "Mapo-gu",
    "hub": "Hongik University"
   },
   "geometry": {
    "type": "LineString",
    "coordinates": [
     [
      126.8659206,
      37.51228415
     ],
     [
      126.85303115,
      37.5200209
     ]
    ]
   }
  },
  {
   "type": "Feature",
   "properties": {
    "origin": "Mapo-gu",
    "hub": "Hongik University"
   },
   "geometry": {
    "type": "LineString",
    "coordinates": [
     [
      126.930398,
      37.6098806
     ],
     [
      126.92069475,
      37.619039
     ]
    ]
   }
  },
  {
   "type": "Feature",
   "properties": {
    "origin": "Mapo-gu",
    "hub": "Hongik University"
   },
   "geometry": {
    "type": "LineString",
    "coordinates": [
     [
      127.08979414999999,
      37.55168905
     ],
     [
      127.10351095,
      37.5453002
     ]
    ]
   }
  },
  {
   "type": "Feature",
   "properties": {
    "origin": "Mapo-gu",
    "hub": "Hongik University"
   },
   "geometry": {
    "type": "LineString",
    "coordinates": [
     [
      127.14656635,
      36.8109339
     ],
     [
      127.13607164999999,
      36.801399849999996
     ]
    ]
   }
  },
  {
   "type": "Feature",
   "properties": {
    "origin": "Mapo-gu",
    "hub": "Hongik University"
   },
   "geometry": {
    "type": "LineString",
    "coordinates": [
     [
      127.03457474999999,
      37.648415549999996
     ],
     [
      127.0488204,
      37.6534371
     ]
    ]
   }
  },
  {
   "type": "Feature",
   "properties": {
    "origin": "Mapo-gu",
    "hub": "Hongik University"
   },
   "geometry": {
    "type": "LineString",
    "coordinates": [
     [
      127.074925275,
      37.617910925000004
     ],
     [
      127.0837107,
      37.61978165
     ]
    ]
   }
  },
  {
   "type": "Feature",
   "properties": {
    "origin": "Mapo-gu",
    "hub": "Hongik University"
   },
   "geometry": {
    "type": "LineString",
    "coordinates": [
     [
      127.11280625,
      37.5112663
     ],
     [
      127.11626145,
      37.5167248
     ]
    ]
   }
  },
  {
   "type": "Feature",
   "properties": {
    "origin": "Mapo-gu",
    "hub": "Hongik University"
   },
   "geometry": {
    "type": "LineString",
    "coordinates": [
     [
      126.91341105000001,
      37.487613499999995
     ],
     [
      126.929697,
      37.4842352
     ]
    ]
   }
  },
  {
   "type": "Feature",
   "properties": {
    "origin": "Mapo-gu",
    "hub": "Hongik University"
   },
   "geometry": {
    "type": "LineString",
    "coordinates": [
     [
      126.99166100000001,
      37.56630906666666
     ],
     [
      126.9980017,
      37.56663065
     ]
    ]
   }
  },
  {
   "type": "Feature",
   "properties": {
    "origin": "Mapo-gu",
    "hub": "Hongik University"
   },
   "geometry": {
    "type": "LineString",
    "coordinates": [
     [
      126.9735668,
      37.5757585
     ],
     [
      126.9578197,
      37.574513
     ]
    ]
   }
  },
  {
   "type": "Feature",
   "properties": {
    "origin": "Mapo-gu",
    "hub": "Hongik University"
   },
   "geometry": {
    "type": "LineString",
    "coordinates": [
     [
      127.0645931,
      37.561482350000006
     ],
     [
      127.07954310000001,
      37.557182225000005
     ]
    ]
   }
  },
  {
   "type": "Feature",
   "properties": {
    "origin": "Mapo-gu",
    "hub": "Hongik University"
   },
   "geometry": {
    "type": "LineString",
    "coordinates": [
     [
      127.02611,
      37.626536849999994
     ],
     [
      127.02571385,
      37.63797905
     ]
    ]
   }
  },
  {
   "type": "Feature",
   "properties": {
    "origin": "Mapo-gu",
    "hub": "Hongik University"
   },
   "geometry": {
    "type": "LineString",
    "coordinates": [
     [
      127.1489162,
      36.83411695
     ],
     [
      127.14656635,
      36.8109339
     ]
    ]
   }
  },
  {
   "type": "Feature",
   "properties": {
    "origin": "Mapo-gu",
    "hub": "Hongik University"
   },
   "geometry": {
    "type": "LineString",
    "coordinates": [
     [
      126.948475,
      37.354190625
     ],
     [
      126.94807167500001,
      37.320376
     ]
    ]
   }
  },
  {
   "type": "Feature",
   "properties": {
    "origin": "Mapo-gu",
    "hub": "Hongik University"
   },
   "geometry": {
    "type": "LineString",
    "coordinates": [
     [
      127.00488916666667,
      37.50495225
     ],
     [
      127.0116271,
      37.5081687
     ]
    ]
   }
  },
  {
   "type": "Feature",
   "properties": {
    "origin": "Mapo-gu",
    "hub": "Hongik University"
   },
   "geometry": {
    "type": "LineString",
    "coordinates": [
     [
      127.08650785,
      37.573884050000004
     ],
     [
      127.08841535,
      37.5807183
     ]
    ]
   }
  },
  {
   "type": "Feature",
   "properties": {
    "origin": "Mapo-gu",
    "hub": "Hongik University"
   },
   "geometry": {
    "type": "LineString",
    "coordinates": [
     [
      127.00488916666667,
      37.50495225
     ],
     [
      127.0246599,
      37.504134840000006
     ]
    ]
   }
  },
  {
   "type": "Feature",
   "properties": {
    "origin": "Mapo-gu",
    "hub": "Hongik University"
   },
   "geometry": {
    "type": "LineString",
    "coordinates": [
     [
      126.944199,
      37.588674
     ],
     [
      126.9357156,
      37.600943
     ]
    ]
   }
  },
  {
   "type": "Feature",
   "properties": {
    "origin": "Mapo-gu",
    "hub": "Hongik University"
   },
   "geometry": {
    "type": "LineString",
    "coordinates": [
     [
      127.04739810000001,
      37.54723575
     ],
     [
      127.056101,
      37.5445711
     ]
    ]
   }
  },
  {
   "type": "Feature",
   "properties": {
    "origin": "Mapo-gu",
    "hub": "Hongik University"
   },
   "geometry": {
    "type": "LineString",
    "coordinates": [
     [
      127.0292055,
      37.56440925
     ],
     [
      127.0371344,
      37.561196
     ]
    ]
   }
  },
  {
   "type": "Feature",
   "properties": {
    "origin": "Mapo-gu",
    "hub": "Hongik University"
   },
   "geometry": {
    "type": "LineString",
    "coordinates": [
     [
      126.94337842499999,
      37.372332
     ],
     [
      126.933021475,
      37.358028000000004
     ]
    ]
   }
  },
  {
   "type": "Feature",
   "properties": {
    "origin": "Mapo-gu",
    "hub": "Hongik University"
   },
   "geometry": {
    "type": "LineString",
    "coordinates": [
     [
      127.13731045,
      37.55705595
     ],
     [
      127.13790955,
      37.587235899999996
     ]
    ]
   }
  },
  {
   "type": "Feature",
   "properties": {
    "origin": "Mapo-gu",
    "hub": "Hongik University"
   },
   "geometry": {
    "type": "LineString",
    "coordinates": [
     [
      126.93920815,
      37.50497785
     ],
     [
      126.928208,
      37.49970205
     ]
    ]
   }
  },
  {
   "type": "Feature",
   "properties": {
    "origin": "Mapo-gu",
    "hub": "Hongik University"
   },
   "geometry": {
    "type": "LineString",
    "coordinates": [
     [
      126.633077325,
      37.47509785
     ],
     [
      126.61704230000001,
      37.476938849999996
     ]
    ]
   }
  },
  {
   "type": "Feature",
   "properties": {
    "origin": "Mapo-gu",
    "hub": "Hongik University"
   },
   "geometry": {
    "type": "LineString",
    "coordinates": [
     [
      127.03622743333334,
      37.561098433333335
     ],
     [
      127.0429062,
      37.566101599999996
     ]
    ]
   }
  },
  {
   "type": "Feature",
   "properties": {
    "origin": "Mapo-gu",
    "hub": "Hongik University"
   },
   "geometry": {
    "type": "LineString",
    "coordinates": [
     [
      126.6576604,
      37.466815
     ],
     [
      126.64251645,
      37.46877
     ]
    ]
   }
  },
  {
   "type": "Feature",
   "properties": {
    "origin": "Mapo-gu",
    "hub": "Hongik University"
   },
   "geometry": {
    "type": "LineString",
    "coordinates": [
     [
      126.93690799999999,
      37.55515495
     ],
     [
      126.94584105,
      37.55676595
     ]
    ]
   }
  },
  {
   "type": "Feature",
   "properties": {
    "origin": "Mapo-gu",
    "hub": "Hongik University"
   },
   "geometry": {
    "type": "LineString",
    "coordinates": [
     [
      127.0528192,
      36.77762405
     ],
     [
      127.00319809999999,
      36.78053885
     ]
    ]
   }
  },
  {
   "type": "Feature",
   "properties": {
    "origin": "Mapo-gu",
    "hub": "Hongik University"
   },
   "geometry": {
    "type": "LineString",
    "coordinates": [
     [
      127.0413093,
      37.51717855
     ],
     [
      127.05116675,
      37.518998249999996
     ]
    ]
   }
  },
  {
   "type": "Feature",
   "properties": {
    "origin": "Mapo-gu",
    "hub": "Hongik University"
   },
   "geometry": {
    "type": "LineString",
    "coordinates": [
     [
      126.9935474,
      37.561972
     ],
     [
      127.0057565,
      37.5590786
     ]
    ]
   }
  },
  {
   "type": "Feature",
   "properties": {
    "origin": "Mapo-gu",
    "hub": "Hongik University"
   },
   "geometry": {
    "type": "LineString",
    "coordinates": [
     [
      126.88669185,
      37.485393650000006
     ],
     [
      126.8962674,
      37.49250275
     ]
    ]
   }
  },
  {
   "type": "Feature",
   "properties": {
    "origin": "Mapo-gu",
    "hub": "Hongik University"
   },
   "geometry": {
    "type": "LineString",
    "coordinates": [
     [
      127.046312175,
      37.689562124999995
     ],
     [
      127.053075,
      37.7001801
     ]
    ]
   }
  },
  {
   "type": "Feature",
   "properties": {
    "origin": "Mapo-gu",
    "hub": "Hongik University"
   },
   "geometry": {
    "type": "LineString",
    "coordinates": [
     [
      127.1928227,
      37.5629465
     ],
     [
      127.2043138,
      37.55281085
     ]
    ]
   }
  },
  {
   "type": "Feature",
   "properties": {
    "origin": "Mapo-gu",
    "hub": "Hongik University"
   },
   "geometry": {
    "type": "LineString",
    "coordinates": [
     [
      127.0730058,
      37.62561105
     ],
     [
      127.06822545,
      37.6359805
     ]
    ]
   }
  },
  {
   "type": "Feature",
   "properties": {
    "origin": "Mapo-gu",
    "hub": "Hongik University"
   },
   "geometry": {
    "type": "LineString",
    "coordinates": [
     [
      126.724560725,
      37.489460875000006
     ],
     [
      126.70695565,
      37.4830106
     ]
    ]
   }
  },
  {
   "type": "Feature",
   "properties": {
    "origin": "Mapo-gu",
    "hub": "Hongik University"
   },
   "geometry": {
    "type": "LineString",
    "coordinates": [
     [
      127.05454165,
      37.4483655
     ],
     [
      127.1113607,
      37.394543375
     ]
    ]
   }
  },
  {
   "type": "Feature",
   "properties": {
    "origin": "Mapo-gu",
    "hub": "Hongik University"
   },
   "geometry": {
    "type": "LineString",
    "coordinates": [
     [
      126.902253,
      37.4353932
     ],
     [
      126.90834585,
      37.4197271
     ]
    ]
   }
  },
  {
   "type": "Feature",
   "properties": {
    "origin": "Mapo-gu",
    "hub": "Hongik University"
   },
   "geometry": {
    "type": "LineString",
    "coordinates": [
     [
      126.8109994,
      37.6316918
     ],
     [
      126.78796255,
      37.6430864
     ]
    ]
   }
  },
  {
   "type": "Feature",
   "properties": {
    "origin": "Mapo-gu",
    "hub": "Hongik University"
   },
   "geometry": {
    "type": "LineString",
    "coordinates": [
     [
      127.06822545,
      37.6359805
     ],
     [
      127.06387335,
      37.6455284
     ]
    ]
   }
  },
  {
   "type": "Feature",
   "properties": {
    "origin": "Mapo-gu",
    "hub": "Hongik University"
   },
   "geometry": {
    "type": "LineString",
    "coordinates": [
     [
      126.91374195,
      37.64814335
     ],
     [
      126.89547454999999,
      37.65312725
     ]
    ]
   }
  },
  {
   "type": "Feature",
   "properties": {
    "origin": "Mapo-gu",
    "hub": "Hongik University"
   },
   "geometry": {
    "type": "LineString",
    "coordinates": [
     [
      127.07954310000001,
      37.557182225000005
     ],
     [
      127.07440324999999,
      37.5476204
     ]
    ]
   }
  },
  {
   "type": "Feature",
   "properties": {
    "origin": "Mapo-gu",
    "hub": "Hongik University"
   },
   "geometry": {
    "type": "LineString",
    "coordinates": [
     [
      127.04343015,
      37.18718805
     ],
     [
      127.06307985000001,
      37.16945165
     ]
    ]
   }
  },
  {
   "type": "Feature",
   "properties": {
    "origin": "Mapo-gu",
    "hub": "Hongik University"
   },
   "geometry": {
    "type": "LineString",
    "coordinates": [
     [
      126.98153045000001,
      37.4769541
     ],
     [
      126.9976719,
      37.48146185
     ]
    ]
   }
  },
  {
   "type": "Feature",
   "properties": {
    "origin": "Mapo-gu",
    "hub": "Hongik University"
   },
   "geometry": {
    "type": "LineString",
    "coordinates": [
     [
      126.94337842499999,
      37.372332
     ],
     [
      126.9509103,
      37.389907199999996
     ]
    ]
   }
  },
  {
   "type": "Feature",
   "properties": {
    "origin": "Mapo-gu",
    "hub": "Hongik University"
   },
   "geometry": {
    "type": "LineString",
    "coordinates": [
     [
      126.89390025,
      37.53789915
     ],
     [
      126.8832178,
      37.544236749999996
     ]
    ]
   }
  },
  {
   "type": "Feature",
   "properties": {
    "origin": "Mapo-gu",
    "hub": "Hongik University"
   },
   "geometry": {
    "type": "LineString",
    "coordinates": [
     [
      126.8113736,
      37.506238350000004
     ],
     [
      126.7972585,
      37.5054479
     ]
    ]
   }
  },
  {
   "type": "Feature",
   "properties": {
    "origin": "Mapo-gu",
    "hub": "Hongik University"
   },
   "geometry": {
    "type": "LineString",
    "coordinates": [
     [
      126.67902043333333,
      37.4651555
     ],
     [
      126.6576604,
      37.466815
     ]
    ]
   }
  },
  {
   "type": "Feature",
   "properties": {
    "origin": "Mapo-gu",
    "hub": "Hongik University"
   },
   "geometry": {
    "type": "LineString",
    "coordinates": [
     [
      127.13808069999999,
      37.61096805
     ],
     [
      127.14977395,
      37.62432035
     ]
    ]
   }
  },
  {
   "type": "Feature",
   "properties": {
    "origin": "Mapo-gu",
    "hub": "Hongik University"
   },
   "geometry": {
    "type": "LineString",
    "coordinates": [
     [
      126.8962674,
      37.49250275
     ],
     [
      126.90893539999999,
      37.50012825
     ]
    ]
   }
  },
  {
   "type": "Feature",
   "properties": {
    "origin": "Mapo-gu",
    "hub": "Hongik University"
   },
   "geometry": {
    "type": "LineString",
    "coordinates": [
     [
      127.0461737,
      37.73766193333333
     ],
     [
      127.04479986666668,
      37.77416003333334
     ]
    ]
   }
  },
  {
   "type": "Feature",
   "properties": {
    "origin": "Mapo-gu",
    "hub": "Hongik University"
   },
   "geometry": {
    "type": "LineString",
    "coordinates": [
     [
      127.14408005,
      37.5519235
     ],
     [
      127.15379125000001,
      37.5549799
     ]
    ]
   }
  },
  {
   "type": "Feature",
   "properties": {
    "origin": "Mapo-gu",
    "hub": "Hongik University"
   },
   "geometry": {
    "type": "LineString",
    "coordinates": [
     [
      126.999739925,
      37.266122525
     ],
     [
      127.0331232,
      37.206827425
     ]
    ]
   }
  },
  {
   "type": "Feature",
   "properties": {
    "origin": "Mapo-gu",
    "hub": "Hongik University"
   },
   "geometry": {
    "type": "LineString",
    "coordinates": [
     [
      127.07440324999999,
      37.5476204
     ],
     [
      127.0711248,
      37.540995699999996
     ]
    ]
   }
  },
  {
   "type": "Feature",
   "properties": {
    "origin": "Mapo-gu",
    "hub": "Hongik University"
   },
   "geometry": {
    "type": "LineString",
    "coordinates": [
     [
      126.92414654999999,
      37.52167905
     ],
     [
      126.9284217,
      37.5172956
     ]
    ]
   }
  },
  {
   "type": "Feature",
   "properties": {
    "origin": "Mapo-gu",
    "hub": "Hongik University"
   },
   "geometry": {
    "type": "LineString",
    "coordinates": [
     [
      126.92304295,
      37.40144905
     ],
     [
      126.93565065,
      37.3843055
     ]
    ]
   }
  },
  {
   "type": "Feature",
   "properties": {
    "origin": "Mapo-gu",
    "hub": "Hongik University"
   },
   "geometry": {
    "type": "LineString",
    "coordinates": [
     [
      126.91689894999999,
      37.3279736
     ],
     [
      126.9038537,
      37.31243275
     ]
    ]
   }
  },
  {
   "type": "Feature",
   "properties": {
    "origin": "Mapo-gu",
    "hub": "Hongik University"
   },
   "geometry": {
    "type": "LineString",
    "coordinates": [
     [
      127.0246599,
      37.504134840000006
     ],
     [
      127.0438358,
      37.5102551
     ]
    ]
   }
  },
  {
   "type": "Feature",
   "properties": {
    "origin": "Mapo-gu",
    "hub": "Hongik University"
   },
   "geometry": {
    "type": "LineString",
    "coordinates": [
     [
      126.89151790000001,
      37.509030114285714
     ],
     [
      126.88262365,
      37.514484550000006
     ]
    ]
   }
  },
  {
   "type": "Feature",
   "properties": {
    "origin": "Mapo-gu",
    "hub": "Hongik University"
   },
   "geometry": {
    "type": "LineString",
    "coordinates": [
     [
      126.90267904999999,
      37.534194199999995
     ],
     [
      126.89390025,
      37.53789915
     ]
    ]
   }
  },
  {
   "type": "Feature",
   "properties": {
    "origin": "Mapo-gu",
    "hub": "Hongik University"
   },
   "geometry": {
    "type": "LineString",
    "coordinates": [
     [
      127.0331232,
      37.206827425
     ],
     [
      127.0666711,
      37.1448264
     ]
    ]
   }
  },
  {
   "type": "Feature",
   "properties": {
    "origin": "Mapo-gu",
    "hub": "Hongik University"
   },
   "geometry": {
    "type": "LineString",
    "coordinates": [
     [
      126.99319055000001,
      37.4875448
     ],
     [
      126.98196229999999,
      37.48532035
     ]
    ]
   }
  },
  {
   "type": "Feature",
   "properties": {
    "origin": "Mapo-gu",
    "hub": "Hongik University"
   },
   "geometry": {
    "type": "LineString",
    "coordinates": [
     [
      127.0719283,
      38.024529799999996
     ],
     [
      127.0738629,
      38.1004613
     ]
    ]
   }
  },
  {
   "type": "Feature",
   "properties": {
    "origin": "Mapo-gu",
    "hub": "Hongik University"
   },
   "geometry": {
    "type": "LineString",
    "coordinates": [
     [
      126.89641230000001,
      37.524029799999994
     ],
     [
      126.8861202,
      37.5256362
     ]
    ]
   }
  },
  {
   "type": "Feature",
   "properties": {
    "origin": "Mapo-gu",
    "hub": "Hongik University"
   },
   "geometry": {
    "type": "LineString",
    "coordinates": [
     [
      127.12332384999999,
      37.538330724999994
     ],
     [
      127.13261646666666,
      37.535815533333334
     ]
    ]
   }
  },
  {
   "type": "Feature",
   "properties": {
    "origin": "Mapo-gu",
    "hub": "Hongik University"
   },
   "geometry": {
    "type": "LineString",
    "coordinates": [
     [
      126.9419898,
      37.482370200000005
     ],
     [
      126.9527503,
      37.48120715
     ]
    ]
   }
  },
  {
   "type": "Feature",
   "properties": {
    "origin": "Mapo-gu",
    "hub": "Hongik University"
   },
   "geometry": {
    "type": "LineString",
    "coordinates": [
     [
      126.80592225000001,
      37.3207102
     ],
     [
      126.788700425,
      37.327088575000005
     ]
    ]
   }
  },
  {
   "type": "Feature",
   "properties": {
    "origin": "Mapo-gu",
    "hub": "Hongik University"
   },
   "geometry": {
    "type": "LineString",
    "coordinates": [
     [
      126.9885185,
      37.4650423
     ],
     [
      127.00210535,
      37.451572299999995
     ]
    ]
   }
  },
  {
   "type": "Feature",
   "properties": {
    "origin": "Mapo-gu",
    "hub": "Hongik University"
   },
   "geometry": {
    "type": "LineString",
    "coordinates": [
     [
      127.0515173,
      37.2885603
     ],
     [
      127.04414025,
      37.30217675
     ]
    ]
   }
  },
  {
   "type": "Feature",
   "properties": {
    "origin": "Mapo-gu",
    "hub": "Hongik University"
   },
   "geometry": {
    "type": "LineString",
    "coordinates": [
     [
      127.014221675,
      37.493417775000005
     ],
     [
      127.01630875000001,
      37.48497865
     ]
    ]
   }
  },
  {
   "type": "Feature",
   "properties": {
    "origin": "Mapo-gu",
    "hub": "Hongik University"
   },
   "geometry": {
    "type": "LineString",
    "coordinates": [
     [
      127.0081378,
      37.5658484
     ],
     [
      127.0198127,
      37.56563195
     ]
    ]
   }
  },
  {
   "type": "Feature",
   "properties": {
    "origin": "Mapo-gu",
    "hub": "Hongik University"
   },
   "geometry": {
    "type": "LineString",
    "coordinates": [
     [
      126.89656545,
      37.5253118
     ],
     [
      126.89486975,
      37.51840285
     ]
    ]
   }
  }
 ]
}