{"type": "FeatureCollection", "features": [{"type": "Feature", "geometry": {"type": "Point", "coordinates": [126.90723, 37.51553]}, "properties": {"name": "Yeongdeungpo", "maplabel": "Yeongdeungpo", "conn_score": 100.0, "conn_tier": "very-high", "district": "Yeongdeungpo-gu", "minutes_from_origin": 13.6, "tt_band": "0–15", "minutes_from_origin_ebt": 17.6, "tt_band_ebt": "15–30", "minutes_from_origin_jongno": 20.2, "tt_band_jongno": "15–30", "minutes_from_origin_gangnam": 23.2, "tt_band_gangnam": "15–30", "minutes_from_origin_hongik": 15.6, "tt_band_hongik": "15–30", "reach45": 315, "reach_band": "very-high"}}, {"type": "Feature", "geometry": {"type": "Point", "coordinates": [127.00489, 37.50495]}, "properties": {"name": "Express Bus Terminal", "maplabel": "Express Bus Terminal", "conn_score": 91.0, "conn_tier": "very-high", "district": "Seocho-gu", "minutes_from_origin": 18.2, "tt_band": "15–30", "minutes_from_origin_ebt": 0, "tt_band_ebt": "0–15", "minutes_from_origin_jongno": 22.6, "tt_band_jongno": "15–30", "minutes_from_origin_gangnam": 5.6, "tt_band_gangnam": "0–15", "minutes_from_origin_hongik": 26.7, "tt_band_hongik": "15–30", "reach45": 330, "reach_band": "very-high"}}, {"type": "Feature", "geometry": {"type": "Point", "coordinates": [126.97941, 37.50294]}, "properties": {"name": "Dongjak", "maplabel": "Dongjak", "conn_score": 94.2, "conn_tier": "very-high", "district": "Dongjak-gu", "minutes_from_origin": 13.6, "tt_band": "0–15", "minutes_from_origin_ebt": 4.6, "tt_band_ebt": "0–15", "minutes_from_origin_jongno": 20.2, "tt_band_jongno": "15–30", "minutes_from_origin_gangnam": 10.2, "tt_band_gangnam": "0–15", "minutes_from_origin_hongik": 22.1, "tt_band_hongik": "15–30", "reach45": 328, "reach_band": "very-high"}}, {"type": "Feature", "geometry": {"type": "Point", "coordinates": [126.94159, 37.51394]}, "properties": {"name": "Noryangjin", "maplabel": "Noryangjin", "conn_score": 97.8, "conn_tier": "very-high", "district": "Dongjak-gu", "minutes_from_origin": 11.6, "tt_band": "0–15", "minutes_from_origin_ebt": 11.6, "tt_band_ebt": "0–15", "minutes_from_origin_jongno": 18.2, "tt_band_jongno": "15–30", "minutes_from_origin_gangnam": 17.2, "tt_band_gangnam": "15–30", "minutes_from_origin_hongik": 15.2, "tt_band_hongik": "15–30", "reach45": 326, "reach_band": "very-high"}}, {"type": "Feature", "geometry": {"type": "Point", "coordinates": [126.97234, 37.55433]}, "properties": {"name": "Seoul Station", "maplabel": "Seoul Station", "conn_score": 96.5, "conn_tier": "very-high", "district": "Yongsan-gu", "minutes_from_origin": 0, "tt_band": "0–15", "minutes_from_origin_ebt": 18.2, "tt_band_ebt": "15–30", "minutes_from_origin_jongno": 6.6, "tt_band_jongno": "0–15", "minutes_from_origin_gangnam": 23.8, "tt_band_gangnam": "15–30", "minutes_from_origin_hongik": 14.0, "tt_band_hongik": "0–15", "reach45": 330, "reach_band": "very-high"}}, {"type": "Feature", "geometry": {"type": "Point", "coordinates": [127.02466, 37.50413]}, "properties": {"name": "Sinnonhyeon", "maplabel": "Sinnonhyeon", "conn_score": 86.6, "conn_tier": "very-high", "district": "Gangnam-gu", "minutes_from_origin": 21.9, "tt_band": "15–30", "minutes_from_origin_ebt": 3.7, "tt_band_ebt": "0–15", "minutes_from_origin_jongno": 21.7, "tt_band_jongno": "15–30", "minutes_from_origin_gangnam": 1.9, "tt_band_gangnam": "0–15", "minutes_from_origin_hongik": 30.4, "tt_band_hongik": "30–45", "reach45": 329, "reach_band": "very-high"}}, {"type": "Feature", "geometry": {"type": "Point", "coordinates": [126.99154, 37.57166]}, "properties": {"name": "Jongno 3(sam)-ga", "maplabel": "Jongno 3(sam)-ga", "conn_score": 84.4, "conn_tier": "very-high", "district": "Jongno-gu", "minutes_from_origin": 6.6, "tt_band": "0–15", "minutes_from_origin_ebt": 22.6, "tt_band_ebt": "15–30", "minutes_from_origin_jongno": 0, "tt_band_jongno": "0–15", "minutes_from_origin_gangnam": 23.7, "tt_band_gangnam": "15–30", "minutes_from_origin_hongik": 15.3, "tt_band_hongik": "15–30", "reach45": 324, "reach_band": "very-high"}}, {"type": "Feature", "geometry": {"type": "Point", "coordinates": [126.89402, 37.45556]}, "properties": {"name": "Geumcheon-gu Office", "maplabel": "Geumcheon-gu Office", "conn_score": 90.3, "conn_tier": "very-high", "district": "Geumcheon-gu", "minutes_from_origin": 26.4, "tt_band": "15–30", "minutes_from_origin_ebt": 30.4, "tt_band_ebt": "30–45", "minutes_from_origin_jongno": 33.0, "tt_band_jongno": "30–45", "minutes_from_origin_gangnam": 36.0, "tt_band_gangnam": "30–45", "minutes_from_origin_hongik": 27.0, "tt_band_hongik": "15–30", "reach45": 241, "reach_band": "mid"}}, {"type": "Feature", "geometry": {"type": "Point", "coordinates": [127.00777, 37.56495]}, "properties": {"name": "Dongdaemun History & Culture Park Station (DDP)", "maplabel": "Dongdaemun History & Culture Park Station (DDP)", "conn_score": 82.6, "conn_tier": "very-high", "district": "Jung-gu", "minutes_from_origin": 8.2, "tt_band": "0–15", "minutes_from_origin_ebt": 19.0, "tt_band_ebt": "15–30", "minutes_from_origin_jongno": 4.0, "tt_band_jongno": "0–15", "minutes_from_origin_gangnam": 20.1, "tt_band_gangnam": "15–30", "minutes_from_origin_hongik": 18.5, "tt_band_hongik": "15–30", "reach45": 329, "reach_band": "very-high"}}, {"type": "Feature", "geometry": {"type": "Point", "coordinates": [126.92304, 37.40145]}, "properties": {"name": "Anyang", "maplabel": "Anyang", "conn_score": 80.5, "conn_tier": "very-high", "district": null, "minutes_from_origin": 38.8, "tt_band": "30–45", "minutes_from_origin_ebt": 42.8, "tt_band_ebt": "30–45", "minutes_from_origin_jongno": 45.4, "tt_band_jongno": "45–60", "minutes_from_origin_gangnam": 48.4, "tt_band_gangnam": "45–60", "minutes_from_origin_hongik": 39.4, "tt_band_hongik": "30–45", "reach45": 130, "reach_band": "low"}}, {"type": "Feature", "geometry": {"type": "Point", "coordinates": [127.01023, 37.57127]}, "properties": {"name": "Dongdaemun", "maplabel": "Dongdaemun", "conn_score": 75.7, "conn_tier": "very-high", "district": "Jongno-gu", "minutes_from_origin": 10.1, "tt_band": "0–15", "minutes_from_origin_ebt": 20.8, "tt_band_ebt": "15–30", "minutes_from_origin_jongno": 4.0, "tt_band_jongno": "0–15", "minutes_from_origin_gangnam": 21.9, "tt_band_gangnam": "15–30", "minutes_from_origin_hongik": 19.3, "tt_band_hongik": "15–30", "reach45": 321, "reach_band": "very-high"}}, {"type": "Feature", "geometry": {"type": "Point", "coordinates": [127.07511, 37.51122]}, "properties": {"name": "Sports Complex", "maplabel": "Sports Complex", "conn_score": 68.8, "conn_tier": "high", "district": "Songpa-gu", "minutes_from_origin": 31.9, "tt_band": "30–45", "minutes_from_origin_ebt": 13.7, "tt_band_ebt": "0–15", "minutes_from_origin_jongno": 31.8, "tt_band_jongno": "30–45", "minutes_from_origin_gangnam": 10.1, "tt_band_gangnam": "0–15", "minutes_from_origin_hongik": 40.4, "tt_band_hongik": "30–45", "reach45": 284, "reach_band": "high"}}, {"type": "Feature", "geometry": {"type": "Point", "coordinates": [126.89152, 37.50903]}, "properties": {"name": "Sindorim", "maplabel": "Sindorim", "conn_score": 89.8, "conn_tier": "very-high", "district": "Guro-gu", "minutes_from_origin": 16.9, "tt_band": "15–30", "minutes_from_origin_ebt": 20.9, "tt_band_ebt": "15–30", "minutes_from_origin_jongno": 23.5, "tt_band_jongno": "15–30", "minutes_from_origin_gangnam": 26.5, "tt_band_gangnam": "15–30", "minutes_from_origin_hongik": 13.6, "tt_band_hongik": "0–15", "reach45": 298, "reach_band": "high"}}, {"type": "Feature", "geometry": {"type": "Point", "coordinates": [126.97613, 37.56452]}, "properties": {"name": "City Hall", "maplabel": "City Hall", "conn_score": 90.6, "conn_tier": "very-high", "district": "Jung-gu", "minutes_from_origin": 2.6, "tt_band": "0–15", "minutes_from_origin_ebt": 20.9, "tt_band_ebt": "15–30", "minutes_from_origin_jongno": 4.0, "tt_band_jongno": "0–15", "minutes_from_origin_gangnam": 25.7, "tt_band_gangnam": "15–30", "minutes_from_origin_hongik": 11.3, "tt_band_hongik": "0–15", "reach45": 326, "reach_band": "very-high"}}, {"type": "Feature", "geometry": {"type": "Point", "coordinates": [127.10698, 37.50519]}, "properties": {"name": "Seokchon", "maplabel": "Seokchon", "conn_score": 63.0, "conn_tier": "high", "district": "Songpa-gu", "minutes_from_origin": 37.7, "tt_band": "30–45", "minutes_from_origin_ebt": 19.5, "tt_band_ebt": "15–30", "minutes_from_origin_jongno": 37.5, "tt_band_jongno": "30–45", "minutes_from_origin_gangnam": 15.9, "tt_band_gangnam": "15–30", "minutes_from_origin_hongik": 46.2, "tt_band_hongik": "45–60", "reach45": 253, "reach_band": "high"}}, {"type": "Feature", "geometry": {"type": "Point", "coordinates": [127.04384, 37.51026]}, "properties": {"name": "Seonjeongneung", "maplabel": "", "conn_score": 78.7, "conn_tier": "very-high", "district": "Gangnam-gu", "minutes_from_origin": 25.7, "tt_band": "15–30", "minutes_from_origin_ebt": 7.5, "tt_band_ebt": "0–15", "minutes_from_origin_jongno": 25.5, "tt_band_jongno": "15–30", "minutes_from_origin_gangnam": 5.7, "tt_band_gangnam": "0–15", "minutes_from_origin_hongik": 34.2, "tt_band_hongik": "30–45", "reach45": 307, "reach_band": "very-high"}}, {"type": "Feature", "geometry": {"type": "Point", "coordinates": [127.06017, 37.51418]}, "properties": {"name": "Bongeunsa", "maplabel": "", "conn_score": 73.0, "conn_tier": "very-high", "district": "Gangnam-gu", "minutes_from_origin": 28.9, "tt_band": "15–30", "minutes_from_origin_ebt": 10.7, "tt_band_ebt": "0–15", "minutes_from_origin_jongno": 28.8, "tt_band_jongno": "15–30", "minutes_from_origin_gangnam": 9.0, "tt_band_gangnam": "0–15", "minutes_from_origin_hongik": 37.5, "tt_band_hongik": "30–45", "reach45": 288, "reach_band": "high"}}, {"type": "Feature", "geometry": {"type": "Point", "coordinates": [126.98318, 37.57016]}, "properties": {"name": "Jonggak", "maplabel": "", "conn_score": 86.6, "conn_tier": "very-high", "district": "Jongno-gu", "minutes_from_origin": 4.8, "tt_band": "0–15", "minutes_from_origin_ebt": 23.0, "tt_band_ebt": "15–30", "minutes_from_origin_jongno": 1.9, "tt_band_jongno": "0–15", "minutes_from_origin_gangnam": 25.5, "tt_band_gangnam": "15–30", "minutes_from_origin_hongik": 13.4, "tt_band_hongik": "0–15", "reach45": 326, "reach_band": "very-high"}}, {"type": "Feature", "geometry": {"type": "Point", "coordinates": [126.88228, 37.50327]}, "properties": {"name": "Guro", "maplabel": "", "conn_score": 81.0, "conn_tier": "very-high", "district": "Guro-gu", "minutes_from_origin": 19.3, "tt_band": "15–30", "minutes_from_origin_ebt": 23.3, "tt_band_ebt": "15–30", "minutes_from_origin_jongno": 25.9, "tt_band_jongno": "15–30", "minutes_from_origin_gangnam": 28.9, "tt_band_gangnam": "15–30", "minutes_from_origin_hongik": 16.0, "tt_band_hongik": "15–30", "reach45": 286, "reach_band": "high"}}, {"type": "Feature", "geometry": {"type": "Point", "coordinates": [127.03449, 37.48417]}, "properties": {"name": "Yangjae", "maplabel": "", "conn_score": 69.0, "conn_tier": "high", "district": "Seocho-gu", "minutes_from_origin": 27.1, "tt_band": "15–30", "minutes_from_origin_ebt": 8.9, "tt_band_ebt": "0–15", "minutes_from_origin_jongno": 27.1, "tt_band_jongno": "15–30", "minutes_from_origin_gangnam": 3.4, "tt_band_gangnam": "0–15", "minutes_from_origin_hongik": 35.7, "tt_band_hongik": "30–45", "reach45": 297, "reach_band": "high"}}, {"type": "Feature", "geometry": {"type": "Point", "coordinates": [127.02494, 37.57527]}, "properties": {"name": "Sinseol-dong", "maplabel": "", "conn_score": 62.5, "conn_tier": "high", "district": "Dongdaemun-gu", "minutes_from_origin": 13.6, "tt_band": "0–15", "minutes_from_origin_ebt": 24.3, "tt_band_ebt": "15–30", "minutes_from_origin_jongno": 7.5, "tt_band_jongno": "0–15", "minutes_from_origin_gangnam": 25.4, "tt_band_gangnam": "15–30", "minutes_from_origin_hongik": 22.8, "tt_band_hongik": "15–30", "reach45": 306, "reach_band": "very-high"}}, {"type": "Feature", "geometry": {"type": "Point", "coordinates": [126.98621, 37.57685]}, "properties": {"name": "Anguk", "maplabel": "", "conn_score": 74.7, "conn_tier": "very-high", "district": "Jongno-gu", "minutes_from_origin": 8.5, "tt_band": "0–15", "minutes_from_origin_ebt": 24.4, "tt_band_ebt": "15–30", "minutes_from_origin_jongno": 1.9, "tt_band_jongno": "0–15", "minutes_from_origin_gangnam": 25.5, "tt_band_gangnam": "15–30", "minutes_from_origin_hongik": 17.2, "tt_band_hongik": "15–30", "reach45": 315, "reach_band": "very-high"}}, {"type": "Feature", "geometry": {"type": "Point", "coordinates": [126.94338, 37.37233]}, "properties": {"name": "Geumjeong", "maplabel": "", "conn_score": 72.0, "conn_tier": "very-high", "district": null, "minutes_from_origin": 46.0, "tt_band": "45–60", "minutes_from_origin_ebt": 42.9, "tt_band_ebt": "30–45", "minutes_from_origin_jongno": 52.6, "tt_band_jongno": "45–60", "minutes_from_origin_gangnam": 42.9, "tt_band_gangnam": "30–45", "minutes_from_origin_hongik": 46.6, "tt_band_hongik": "45–60", "reach45": 98, "reach_band": "low"}}, {"type": "Feature", "geometry": {"type": "Point", "coordinates": [126.812, 37.48528]}, "properties": {"name": "Yeokgok", "maplabel": "", "conn_score": 72.0, "conn_tier": "very-high", "district": null, "minutes_from_origin": 31.6, "tt_band": "30–45", "minutes_from_origin_ebt": 35.7, "tt_band_ebt": "30–45", "minutes_from_origin_jongno": 38.3, "tt_band_jongno": "30–45", "minutes_from_origin_gangnam": 41.3, "tt_band_gangnam": "30–45", "minutes_from_origin_hongik": 28.4, "tt_band_hongik": "15–30", "reach45": 197, "reach_band": "mid"}}, {"type": "Feature", "geometry": {"type": "Point", "coordinates": [127.01714, 37.57344]}, "properties": {"name": "Dongmyo", "maplabel": "", "conn_score": 68.3, "conn_tier": "high", "district": "Jongno-gu", "minutes_from_origin": 11.8, "tt_band": "0–15", "minutes_from_origin_ebt": 22.5, "tt_band_ebt": "15–30", "minutes_from_origin_jongno": 5.7, "tt_band_jongno": "0–15", "minutes_from_origin_gangnam": 23.6, "tt_band_gangnam": "15–30", "minutes_from_origin_hongik": 21.0, "tt_band_hongik": "15–30", "reach45": 311, "reach_band": "very-high"}}, {"type": "Feature", "geometry": {"type": "Point", "coordinates": [127.03473, 37.57829]}, "properties": {"name": "Jegidong", "maplabel": "", "conn_score": 55.7, "conn_tier": "high", "district": "Dongdaemun-gu", "minutes_from_origin": 15.8, "tt_band": "15–30", "minutes_from_origin_ebt": 26.5, "tt_band_ebt": "15–30", "minutes_from_origin_jongno": 9.7, "tt_band_jongno": "0–15", "minutes_from_origin_gangnam": 27.6, "tt_band_gangnam": "15–30", "minutes_from_origin_hongik": 25.0, "tt_band_hongik": "15–30", "reach45": 293, "reach_band": "high"}}, {"type": "Feature", "geometry": {"type": "Point", "coordinates": [127.02778, 37.49752]}, "properties": {"name": "Gangnam", "maplabel": "", "conn_score": 77.4, "conn_tier": "very-high", "district": "Gangnam-gu", "minutes_from_origin": 23.8, "tt_band": "15–30", "minutes_from_origin_ebt": 5.6, "tt_band_ebt": "0–15", "minutes_from_origin_jongno": 23.7, "tt_band_jongno": "15–30", "minutes_from_origin_gangnam": 0, "tt_band_gangnam": "0–15", "minutes_from_origin_hongik": 32.3, "tt_band_hongik": "30–45", "reach45": 322, "reach_band": "very-high"}}, {"type": "Feature", "geometry": {"type": "Point", "coordinates": [127.04489, 37.5801]}, "properties": {"name": "Cheongnyangni (University of Seoul)", "maplabel": "", "conn_score": 49.9, "conn_tier": "mid", "district": "Dongdaemun-gu", "minutes_from_origin": 17.9, "tt_band": "15–30", "minutes_from_origin_ebt": 28.7, "tt_band_ebt": "15–30", "minutes_from_origin_jongno": 11.8, "tt_band_jongno": "0–15", "minutes_from_origin_gangnam": 29.8, "tt_band_gangnam": "15–30", "minutes_from_origin_hongik": 27.1, "tt_band_hongik": "15–30", "reach45": 281, "reach_band": "high"}}, {"type": "Feature", "geometry": {"type": "Point", "coordinates": [127.01377, 37.56028]}, "properties": {"name": "청구", "maplabel": "", "conn_score": 78.8, "conn_tier": "very-high", "district": "Jung-gu", "minutes_from_origin": 10.1, "tt_band": "0–15", "minutes_from_origin_ebt": 17.2, "tt_band_ebt": "15–30", "minutes_from_origin_jongno": 5.9, "tt_band_jongno": "0–15", "minutes_from_origin_gangnam": 18.2, "tt_band_gangnam": "15–30", "minutes_from_origin_hongik": 20.3, "tt_band_hongik": "15–30", "reach45": 324, "reach_band": "very-high"}}, {"type": "Feature", "geometry": {"type": "Point", "coordinates": [126.99441, 37.56111]}, "properties": {"name": "Chungmuro", "maplabel": "", "conn_score": 84.1, "conn_tier": "very-high", "district": "Jung-gu", "minutes_from_origin": 5.5, "tt_band": "0–15", "minutes_from_origin_ebt": 19.4, "tt_band_ebt": "15–30", "minutes_from_origin_jongno": 3.2, "tt_band_jongno": "0–15", "minutes_from_origin_gangnam": 20.5, "tt_band_gangnam": "15–30", "minutes_from_origin_hongik": 16.5, "tt_band_hongik": "15–30", "reach45": 331, "reach_band": "very-high"}}, {"type": "Feature", "geometry": {"type": "Point", "coordinates": [127.05753, 37.58955]}, "properties": {"name": "Hoegi", "maplabel": "", "conn_score": 44.7, "conn_tier": "mid", "district": "Dongdaemun-gu", "minutes_from_origin": 21.2, "tt_band": "15–30", "minutes_from_origin_ebt": 32.0, "tt_band_ebt": "30–45", "minutes_from_origin_jongno": 15.1, "tt_band_jongno": "15–30", "minutes_from_origin_gangnam": 33.0, "tt_band_gangnam": "30–45", "minutes_from_origin_hongik": 30.4, "tt_band_hongik": "30–45", "reach45": 254, "reach_band": "high"}}, {"type": "Feature", "geometry": {"type": "Point", "coordinates": [126.94807, 37.32038]}, "properties": {"name": "Uiwang", "maplabel": "", "conn_score": 63.7, "conn_tier": "high", "district": null, "minutes_from_origin": 57.0, "tt_band": "45–60", "minutes_from_origin_ebt": 54.0, "tt_band_ebt": "45–60", "minutes_from_origin_jongno": 63.6, "tt_band_jongno": "60+", "minutes_from_origin_gangnam": 53.9, "tt_band_gangnam": "45–60", "minutes_from_origin_hongik": 57.6, "tt_band_hongik": "45–60", "reach45": 44, "reach_band": "very-low"}}, {"type": "Feature", "geometry": {"type": "Point", "coordinates": [126.97846, 37.55875]}, "properties": {"name": "Hoehyeon (Namdaemun Market)", "maplabel": "", "conn_score": 89.6, "conn_tier": "very-high", "district": "Jung-gu", "minutes_from_origin": 1.8, "tt_band": "0–15", "minutes_from_origin_ebt": 20.0, "tt_band_ebt": "15–30", "minutes_from_origin_jongno": 6.9, "tt_band_jongno": "0–15", "minutes_from_origin_gangnam": 24.1, "tt_band_gangnam": "15–30", "minutes_from_origin_hongik": 15.8, "tt_band_hongik": "15–30", "reach45": 328, "reach_band": "very-high"}}, {"type": "Feature", "geometry": {"type": "Point", "coordinates": [127.06379, 37.59631]}, "properties": {"name": "Hankuk University of Foreign Studies", "maplabel": "", "conn_score": 40.0, "conn_tier": "low", "district": "Dongdaemun-gu", "minutes_from_origin": 23.4, "tt_band": "15–30", "minutes_from_origin_ebt": 34.2, "tt_band_ebt": "30–45", "minutes_from_origin_jongno": 17.3, "tt_band_jongno": "15–30", "minutes_from_origin_gangnam": 35.2, "tt_band_gangnam": "30–45", "minutes_from_origin_hongik": 32.6, "tt_band_hongik": "30–45", "reach45": 234, "reach_band": "mid"}}, {"type": "Feature", "geometry": {"type": "Point", "coordinates": [126.98629, 37.5609]}, "properties": {"name": "Myeong-dong", "maplabel": "", "conn_score": 86.3, "conn_tier": "very-high", "district": "Jung-gu", "minutes_from_origin": 3.7, "tt_band": "0–15", "minutes_from_origin_ebt": 21.2, "tt_band_ebt": "15–30", "minutes_from_origin_jongno": 5.0, "tt_band_jongno": "0–15", "minutes_from_origin_gangnam": 22.3, "tt_band_gangnam": "15–30", "minutes_from_origin_hongik": 17.6, "tt_band_hongik": "15–30", "reach45": 327, "reach_band": "very-high"}}, {"type": "Feature", "geometry": {"type": "Point", "coordinates": [126.92415, 37.52168]}, "properties": {"name": "여의도", "maplabel": "", "conn_score": 86.9, "conn_tier": "very-high", "district": "Yeongdeungpo-gu", "minutes_from_origin": 15.3, "tt_band": "15–30", "minutes_from_origin_ebt": 15.3, "tt_band_ebt": "15–30", "minutes_from_origin_jongno": 19.7, "tt_band_jongno": "15–30", "minutes_from_origin_gangnam": 20.9, "tt_band_gangnam": "15–30", "minutes_from_origin_hongik": 11.5, "tt_band_hongik": "0–15", "reach45": 316, "reach_band": "very-high"}}, {"type": "Feature", "geometry": {"type": "Point", "coordinates": [127.0673, 37.6018]}, "properties": {"name": "Sinimun (Korea National University of Arts)", "maplabel": "", "conn_score": 35.8, "conn_tier": "low", "district": "Dongdaemun-gu", "minutes_from_origin": 25.1, "tt_band": "15–30", "minutes_from_origin_ebt": 35.9, "tt_band_ebt": "30–45", "minutes_from_origin_jongno": 19.1, "tt_band_jongno": "15–30", "minutes_from_origin_gangnam": 37.0, "tt_band_gangnam": "30–45", "minutes_from_origin_hongik": 34.4, "tt_band_hongik": "30–45", "reach45": 222, "reach_band": "mid"}}, {"type": "Feature", "geometry": {"type": "Point", "coordinates": [127.03832, 37.47014]}, "properties": {"name": "Yangjae Citizen's Forest", "maplabel": "", "conn_score": 61.2, "conn_tier": "high", "district": "Seocho-gu", "minutes_from_origin": 30.5, "tt_band": "30–45", "minutes_from_origin_ebt": 12.3, "tt_band_ebt": "0–15", "minutes_from_origin_jongno": 30.5, "tt_band_jongno": "30–45", "minutes_from_origin_gangnam": 6.8, "tt_band_gangnam": "0–15", "minutes_from_origin_hongik": 39.1, "tt_band_hongik": "30–45", "reach45": 278, "reach_band": "high"}}, {"type": "Feature", "geometry": {"type": "Point", "coordinates": [127.06573, 37.61499]}, "properties": {"name": "Seokgye", "maplabel": "", "conn_score": 32.0, "conn_tier": "low", "district": "Nowon-gu", "minutes_from_origin": 28.3, "tt_band": "15–30", "minutes_from_origin_ebt": 39.1, "tt_band_ebt": "30–45", "minutes_from_origin_jongno": 22.2, "tt_band_jongno": "15–30", "minutes_from_origin_gangnam": 40.2, "tt_band_gangnam": "30–45", "minutes_from_origin_hongik": 37.5, "tt_band_hongik": "30–45", "reach45": 194, "reach_band": "mid"}}, {"type": "Feature", "geometry": {"type": "Point", "coordinates": [127.05454, 37.44837]}, "properties": {"name": "Cheonggyesan", "maplabel": "", "conn_score": 54.4, "conn_tier": "high", "district": "Seocho-gu", "minutes_from_origin": 36.2, "tt_band": "30–45", "minutes_from_origin_ebt": 17.9, "tt_band_ebt": "15–30", "minutes_from_origin_jongno": 36.1, "tt_band_jongno": "30–45", "minutes_from_origin_gangnam": 12.4, "tt_band_gangnam": "0–15", "minutes_from_origin_hongik": 44.7, "tt_band_hongik": "30–45", "reach45": 241, "reach_band": "mid"}}, {"type": "Feature", "geometry": {"type": "Point", "coordinates": [127.11136, 37.39454]}, "properties": {"name": "Pangyo", "maplabel": "", "conn_score": 48.4, "conn_tier": "mid", "district": null, "minutes_from_origin": 50.9, "tt_band": "45–60", "minutes_from_origin_ebt": 32.6, "tt_band_ebt": "30–45", "minutes_from_origin_jongno": 50.8, "tt_band_jongno": "45–60", "minutes_from_origin_gangnam": 27.1, "tt_band_gangnam": "15–30", "minutes_from_origin_hongik": 59.4, "tt_band_hongik": "45–60", "reach45": 85, "reach_band": "low"}}, {"type": "Feature", "geometry": {"type": "Point", "coordinates": [127.06176, 37.6238]}, "properties": {"name": "Kwangwoon University", "maplabel": "", "conn_score": 28.6, "conn_tier": "low", "district": "Nowon-gu", "minutes_from_origin": 30.7, "tt_band": "30–45", "minutes_from_origin_ebt": 41.5, "tt_band_ebt": "30–45", "minutes_from_origin_jongno": 24.6, "tt_band_jongno": "15–30", "minutes_from_origin_gangnam": 42.6, "tt_band_gangnam": "30–45", "minutes_from_origin_hongik": 39.9, "tt_band_hongik": "30–45", "reach45": 172, "reach_band": "mid"}}, {"type": "Feature", "geometry": {"type": "Point", "coordinates": [126.99974, 37.26612]}, "properties": {"name": "Suwon", "maplabel": "", "conn_score": 49.9, "conn_tier": "mid", "district": null, "minutes_from_origin": 71.8, "tt_band": "60+", "minutes_from_origin_ebt": 68.8, "tt_band_ebt": "60+", "minutes_from_origin_jongno": 78.4, "tt_band_jongno": "60+", "minutes_from_origin_gangnam": 68.7, "tt_band_gangnam": "60+", "minutes_from_origin_hongik": 72.4, "tt_band_hongik": "60+", "reach45": 28, "reach_band": "very-low"}}, {"type": "Feature", "geometry": {"type": "Point", "coordinates": [127.04631, 37.68956]}, "properties": {"name": "Dobongsan", "maplabel": "", "conn_score": 23.4, "conn_tier": "very-low", "district": "Dobong-gu", "minutes_from_origin": 45.4, "tt_band": "45–60", "minutes_from_origin_ebt": 56.2, "tt_band_ebt": "45–60", "minutes_from_origin_jongno": 39.4, "tt_band_jongno": "30–45", "minutes_from_origin_gangnam": 57.3, "tt_band_gangnam": "45–60", "minutes_from_origin_hongik": 54.6, "tt_band_hongik": "45–60", "reach45": 104, "reach_band": "low"}}, {"type": "Feature", "geometry": {"type": "Point", "coordinates": [127.04773, 37.65317]}, "properties": {"name": "Chang-Dong", "maplabel": "", "conn_score": 25.9, "conn_tier": "very-low", "district": "Dobong-gu", "minutes_from_origin": 37.6, "tt_band": "30–45", "minutes_from_origin_ebt": 48.3, "tt_band_ebt": "45–60", "minutes_from_origin_jongno": 31.5, "tt_band_jongno": "30–45", "minutes_from_origin_gangnam": 49.4, "tt_band_gangnam": "45–60", "minutes_from_origin_hongik": 46.8, "tt_band_hongik": "45–60", "reach45": 131, "reach_band": "low"}}, {"type": "Feature", "geometry": {"type": "Point", "coordinates": [127.07954, 37.55718]}, "properties": {"name": "군자", "maplabel": "", "conn_score": 52.9, "conn_tier": "mid", "district": "Gwangjin-gu", "minutes_from_origin": 24.3, "tt_band": "15–30", "minutes_from_origin_ebt": 21.6, "tt_band_ebt": "15–30", "minutes_from_origin_jongno": 20.1, "tt_band_jongno": "15–30", "minutes_from_origin_gangnam": 27.2, "tt_band_gangnam": "15–30", "minutes_from_origin_hongik": 34.5, "tt_band_hongik": "30–45", "reach45": 290, "reach_band": "high"}}, {"type": "Feature", "geometry": {"type": "Point", "coordinates": [127.03312, 37.20683]}, "properties": {"name": "Byeongjeom", "maplabel": "", "conn_score": 44.1, "conn_tier": "mid", "district": null, "minutes_from_origin": 85.4, "tt_band": "60+", "minutes_from_origin_ebt": 82.4, "tt_band_ebt": "60+", "minutes_from_origin_jongno": 92.0, "tt_band_jongno": "60+", "minutes_from_origin_gangnam": 82.3, "tt_band_gangnam": "60+", "minutes_from_origin_hongik": 86.0, "tt_band_hongik": "60+", "reach45": 20, "reach_band": "very-low"}}, {"type": "Feature", "geometry": {"type": "Point", "coordinates": [127.13061, 37.51612]}, "properties": {"name": "올림픽공원", "maplabel": "", "conn_score": 57.4, "conn_tier": "high", "district": "Songpa-gu", "minutes_from_origin": 41.1, "tt_band": "30–45", "minutes_from_origin_ebt": 24.3, "tt_band_ebt": "15–30", "minutes_from_origin_jongno": 36.9, "tt_band_jongno": "30–45", "minutes_from_origin_gangnam": 20.7, "tt_band_gangnam": "15–30", "minutes_from_origin_hongik": 51.1, "tt_band_hongik": "45–60", "reach45": 232, "reach_band": "mid"}}, {"type": "Feature", "geometry": {"type": "Point", "coordinates": [126.90268, 37.53419]}, "properties": {"name": "Dangsan", "maplabel": "", "conn_score": 77.5, "conn_tier": "very-high", "district": "Yeongdeungpo-gu", "minutes_from_origin": 20.1, "tt_band": "15–30", "minutes_from_origin_ebt": 20.0, "tt_band_ebt": "15–30", "minutes_from_origin_jongno": 22.0, "tt_band_jongno": "15–30", "minutes_from_origin_gangnam": 25.6, "tt_band_gangnam": "15–30", "minutes_from_origin_hongik": 6.7, "tt_band_hongik": "0–15", "reach45": 291, "reach_band": "high"}}, {"type": "Feature", "geometry": {"type": "Point", "coordinates": [127.00212, 37.57098]}, "properties": {"name": "Jongno 5(o)-ga", "maplabel": "", "conn_score": 77.8, "conn_tier": "very-high", "district": "Jongno-gu", "minutes_from_origin": 8.8, "tt_band": "0–15", "minutes_from_origin_ebt": 22.6, "tt_band_ebt": "15–30", "minutes_from_origin_jongno": 2.2, "tt_band_jongno": "0–15", "minutes_from_origin_gangnam": 23.7, "tt_band_gangnam": "15–30", "minutes_from_origin_hongik": 17.5, "tt_band_hongik": "15–30", "reach45": 323, "reach_band": "very-high"}}, {"type": "Feature", "geometry": {"type": "Point", "coordinates": [127.13262, 37.53582]}, "properties": {"name": "강동", "maplabel": "", "conn_score": 51.2, "conn_tier": "mid", "district": "Gangdong-gu", "minutes_from_origin": 35.9, "tt_band": "30–45", "minutes_from_origin_ebt": 29.6, "tt_band_ebt": "15–30", "minutes_from_origin_jongno": 31.7, "tt_band_jongno": "30–45", "minutes_from_origin_gangnam": 26.0, "tt_band_gangnam": "15–30", "minutes_from_origin_hongik": 46.1, "tt_band_hongik": "45–60", "reach45": 232, "reach_band": "mid"}}, {"type": "Feature", "geometry": {"type": "Point", "coordinates": [127.01422, 37.49342]}, "properties": {"name": "Seoul Nat'l Univ. of Education (Court & Public Prosecutors' Office)", "maplabel": "", "conn_score": 81.2, "conn_tier": "very-high", "district": "Seocho-gu", "minutes_from_origin": 21.5, "tt_band": "15–30", "minutes_from_origin_ebt": 3.3, "tt_band_ebt": "0–15", "minutes_from_origin_jongno": 25.9, "tt_band_jongno": "15–30", "minutes_from_origin_gangnam": 2.8, "tt_band_gangnam": "0–15", "minutes_from_origin_hongik": 30.0, "tt_band_hongik": "15–30", "reach45": 320, "reach_band": "very-high"}}, {"type": "Feature", "geometry": {"type": "Point", "coordinates": [127.06667, 37.14483]}, "properties": {"name": "Osan", "maplabel": "", "conn_score": 38.9, "conn_tier": "low", "district": null, "minutes_from_origin": 99.5, "tt_band": "60+", "minutes_from_origin_ebt": 96.5, "tt_band_ebt": "60+", "minutes_from_origin_jongno": 106.2, "tt_band_jongno": "60+", "minutes_from_origin_gangnam": 96.5, "tt_band_gangnam": "60+", "minutes_from_origin_hongik": 100.1, "tt_band_hongik": "60+", "reach45": 15, "reach_band": "very-low"}}, {"type": "Feature", "geometry": {"type": "Point", "coordinates": [127.01043, 37.55442]}, "properties": {"name": "약수", "maplabel": "", "conn_score": 74.5, "conn_tier": "very-high", "district": "Jung-gu", "minutes_from_origin": 11.9, "tt_band": "0–15", "minutes_from_origin_ebt": 15.4, "tt_band_ebt": "15–30", "minutes_from_origin_jongno": 7.2, "tt_band_jongno": "0–15", "minutes_from_origin_gangnam": 16.4, "tt_band_gangnam": "15–30", "minutes_from_origin_hongik": 22.1, "tt_band_hongik": "15–30", "reach45": 318, "reach_band": "very-high"}}, {"type": "Feature", "geometry": {"type": "Point", "coordinates": [127.12332, 37.53833]}, "properties": {"name": "Cheonho", "maplabel": "", "conn_score": 49.3, "conn_tier": "mid", "district": "Gangdong-gu", "minutes_from_origin": 33.8, "tt_band": "30–45", "minutes_from_origin_ebt": 29.5, "tt_band_ebt": "15–30", "minutes_from_origin_jongno": 29.6, "tt_band_jongno": "15–30", "minutes_from_origin_gangnam": 25.9, "tt_band_gangnam": "15–30", "minutes_from_origin_hongik": 44.0, "tt_band_hongik": "30–45", "reach45": 238, "reach_band": "mid"}}, {"type": "Feature", "geometry": {"type": "Point", "coordinates": [127.01963, 37.51595]}, "properties": {"name": "Sinsa", "maplabel": "", "conn_score": 80.7, "conn_tier": "very-high", "district": "Gangnam-gu", "minutes_from_origin": 20.5, "tt_band": "15–30", "minutes_from_origin_ebt": 4.4, "tt_band_ebt": "0–15", "minutes_from_origin_jongno": 18.2, "tt_band_jongno": "15–30", "minutes_from_origin_gangnam": 5.5, "tt_band_gangnam": "0–15", "minutes_from_origin_hongik": 31.1, "tt_band_hongik": "30–45", "reach45": 328, "reach_band": "very-high"}}, {"type": "Feature", "geometry": {"type": "Point", "coordinates": [127.00196, 37.58214]}, "properties": {"name": "Hyehwa", "maplabel": "", "conn_score": 66.4, "conn_tier": "high", "district": "Jongno-gu", "minutes_from_origin": 13.1, "tt_band": "0–15", "minutes_from_origin_ebt": 23.9, "tt_band_ebt": "15–30", "minutes_from_origin_jongno": 7.1, "tt_band_jongno": "0–15", "minutes_from_origin_gangnam": 25.0, "tt_band_gangnam": "15–30", "minutes_from_origin_hongik": 22.4, "tt_band_hongik": "15–30", "reach45": 306, "reach_band": "very-high"}}, {"type": "Feature", "geometry": {"type": "Point", "coordinates": [126.97358, 37.57582]}, "properties": {"name": "경복궁", "maplabel": "", "conn_score": 66.0, "conn_tier": "high", "district": "Jongno-gu", "minutes_from_origin": 11.0, "tt_band": "0–15", "minutes_from_origin_ebt": 27.0, "tt_band_ebt": "15–30", "minutes_from_origin_jongno": 4.4, "tt_band_jongno": "0–15", "minutes_from_origin_gangnam": 28.0, "tt_band_gangnam": "15–30", "minutes_from_origin_hongik": 19.7, "tt_band_hongik": "15–30", "reach45": 295, "reach_band": "high"}}, {"type": "Feature", "geometry": {"type": "Point", "coordinates": [127.01745, 37.54169]}, "properties": {"name": "Oksu", "maplabel": "", "conn_score": 73.8, "conn_tier": "very-high", "district": "Seongdong-gu", "minutes_from_origin": 13.4, "tt_band": "0–15", "minutes_from_origin_ebt": 11.5, "tt_band_ebt": "0–15", "minutes_from_origin_jongno": 11.1, "tt_band_jongno": "0–15", "minutes_from_origin_gangnam": 12.6, "tt_band_gangnam": "0–15", "minutes_from_origin_hongik": 24.4, "tt_band_hongik": "15–30", "reach45": 316, "reach_band": "very-high"}}, {"type": "Feature", "geometry": {"type": "Point", "coordinates": [126.78273, 37.48411]}, "properties": {"name": "Bucheon", "maplabel": "", "conn_score": 63.3, "conn_tier": "high", "district": null, "minutes_from_origin": 36.8, "tt_band": "30–45", "minutes_from_origin_ebt": 40.9, "tt_band_ebt": "30–45", "minutes_from_origin_jongno": 43.5, "tt_band_jongno": "30–45", "minutes_from_origin_gangnam": 46.5, "tt_band_gangnam": "45–60", "minutes_from_origin_hongik": 33.6, "tt_band_hongik": "30–45", "reach45": 148, "reach_band": "low"}}, {"type": "Feature", "geometry": {"type": "Point", "coordinates": [127.00637, 37.5886]}, "properties": {"name": "Hansung Univ. (Samseongyo)", "maplabel": "", "conn_score": 58.4, "conn_tier": "high", "district": "Seongbuk-gu", "minutes_from_origin": 15.1, "tt_band": "15–30", "minutes_from_origin_ebt": 25.9, "tt_band_ebt": "15–30", "minutes_from_origin_jongno": 9.1, "tt_band_jongno": "0–15", "minutes_from_origin_gangnam": 27.0, "tt_band_gangnam": "15–30", "minutes_from_origin_hongik": 24.4, "tt_band_hongik": "15–30", "reach45": 292, "reach_band": "high"}}, {"type": "Feature", "geometry": {"type": "Point", "coordinates": [127.04726, 37.7239]}, "properties": {"name": "Hoeryong", "maplabel": "", "conn_score": 20.2, "conn_tier": "very-low", "district": null, "minutes_from_origin": 52.9, "tt_band": "45–60", "minutes_from_origin_ebt": 63.6, "tt_band_ebt": "60+", "minutes_from_origin_jongno": 46.8, "tt_band_jongno": "45–60", "minutes_from_origin_gangnam": 64.7, "tt_band_gangnam": "60+", "minutes_from_origin_hongik": 62.1, "tt_band_hongik": "60+", "reach45": 59, "reach_band": "low"}}, {"type": "Feature", "geometry": {"type": "Point", "coordinates": [126.95788, 37.57456]}, "properties": {"name": "독립문", "maplabel": "", "conn_score": 58.6, "conn_tier": "high", "district": "Jongno-gu", "minutes_from_origin": 14.0, "tt_band": "0–15", "minutes_from_origin_ebt": 30.0, "tt_band_ebt": "15–30", "minutes_from_origin_jongno": 7.4, "tt_band_jongno": "0–15", "minutes_from_origin_gangnam": 31.1, "tt_band_gangnam": "30–45", "minutes_from_origin_hongik": 22.7, "tt_band_hongik": "15–30", "reach45": 276, "reach_band": "high"}}, {"type": "Feature", "geometry": {"type": "Point", "coordinates": [127.11793, 37.49273]}, "properties": {"name": "Garak Market", "maplabel": "", "conn_score": 49.5, "conn_tier": "mid", "district": "Songpa-gu", "minutes_from_origin": 41.7, "tt_band": "30–45", "minutes_from_origin_ebt": 23.5, "tt_band_ebt": "15–30", "minutes_from_origin_jongno": 41.6, "tt_band_jongno": "30–45", "minutes_from_origin_gangnam": 19.9, "tt_band_gangnam": "15–30", "minutes_from_origin_hongik": 50.3, "tt_band_hongik": "45–60", "reach45": 220, "reach_band": "mid"}}, {"type": "Feature", "geometry": {"type": "Point", "coordinates": [127.04617, 37.73766]}, "properties": {"name": "Uijeongbu", "maplabel": "", "conn_score": 17.3, "conn_tier": "very-low", "district": null, "minutes_from_origin": 56.2, "tt_band": "45–60", "minutes_from_origin_ebt": 66.9, "tt_band_ebt": "60+", "minutes_from_origin_jongno": 50.1, "tt_band_jongno": "45–60", "minutes_from_origin_gangnam": 68.0, "tt_band_gangnam": "60+", "minutes_from_origin_hongik": 65.4, "tt_band_hongik": "60+", "reach45": 52, "reach_band": "very-low"}}, {"type": "Feature", "geometry": {"type": "Point", "coordinates": [127.11227, 37.49963]}, "properties": {"name": "Songpa", "maplabel": "", "conn_score": 55.7, "conn_tier": "high", "district": "Songpa-gu", "minutes_from_origin": 39.6, "tt_band": "30–45", "minutes_from_origin_ebt": 21.4, "tt_band_ebt": "15–30", "minutes_from_origin_jongno": 39.4, "tt_band_jongno": "30–45", "minutes_from_origin_gangnam": 17.8, "tt_band_gangnam": "15–30", "minutes_from_origin_hongik": 48.1, "tt_band_hongik": "45–60", "reach45": 238, "reach_band": "mid"}}, {"type": "Feature", "geometry": {"type": "Point", "coordinates": [126.95036, 37.58233]}, "properties": {"name": "무악재", "maplabel": "", "conn_score": 52.0, "conn_tier": "mid", "district": "Seodaemun-gu", "minutes_from_origin": 16.5, "tt_band": "15–30", "minutes_from_origin_ebt": 32.5, "tt_band_ebt": "30–45", "minutes_from_origin_jongno": 9.9, "tt_band_jongno": "0–15", "minutes_from_origin_gangnam": 33.6, "tt_band_gangnam": "30–45", "minutes_from_origin_hongik": 25.2, "tt_band_hongik": "15–30", "reach45": 255, "reach_band": "high"}}, {"type": "Feature", "geometry": {"type": "Point", "coordinates": [127.01593, 37.54804]}, "properties": {"name": "금호", "maplabel": "", "conn_score": 71.3, "conn_tier": "very-high", "district": "Seongdong-gu", "minutes_from_origin": 13.9, "tt_band": "0–15", "minutes_from_origin_ebt": 13.3, "tt_band_ebt": "0–15", "minutes_from_origin_jongno": 9.3, "tt_band_jongno": "0–15", "minutes_from_origin_gangnam": 14.4, "tt_band_gangnam": "0–15", "minutes_from_origin_hongik": 24.2, "tt_band_hongik": "15–30", "reach45": 315, "reach_band": "very-high"}}, {"type": "Feature", "geometry": {"type": "Point", "coordinates": [127.01981, 37.56563]}, "properties": {"name": "Sindang", "maplabel": "", "conn_score": 74.5, "conn_tier": "very-high", "district": "Jung-gu", "minutes_from_origin": 10.7, "tt_band": "0–15", "minutes_from_origin_ebt": 21.4, "tt_band_ebt": "15–30", "minutes_from_origin_jongno": 6.5, "tt_band_jongno": "0–15", "minutes_from_origin_gangnam": 22.5, "tt_band_gangnam": "15–30", "minutes_from_origin_hongik": 20.9, "tt_band_hongik": "15–30", "reach45": 320, "reach_band": "very-high"}}, {"type": "Feature", "geometry": {"type": "Point", "coordinates": [127.05288, 37.05649]}, "properties": {"name": "Seojeong-ri", "maplabel": "", "conn_score": 34.2, "conn_tier": "low", "district": null, "minutes_from_origin": 118.0, "tt_band": "60+", "minutes_from_origin_ebt": 115.0, "tt_band_ebt": "60+", "minutes_from_origin_jongno": 124.7, "tt_band_jongno": "60+", "minutes_from_origin_gangnam": 115.0, "tt_band_gangnam": "60+", "minutes_from_origin_hongik": 118.6, "tt_band_hongik": "60+", "reach45": 12, "reach_band": "very-low"}}, {"type": "Feature", "geometry": {"type": "Point", "coordinates": [127.03623, 37.5611]}, "properties": {"name": "Wangsimni", "maplabel": "", "conn_score": 64.7, "conn_tier": "high", "district": "Seongdong-gu", "minutes_from_origin": 14.5, "tt_band": "0–15", "minutes_from_origin_ebt": 23.1, "tt_band_ebt": "15–30", "minutes_from_origin_jongno": 10.3, "tt_band_jongno": "0–15", "minutes_from_origin_gangnam": 24.2, "tt_band_gangnam": "15–30", "minutes_from_origin_hongik": 24.7, "tt_band_hongik": "15–30", "reach45": 309, "reach_band": "very-high"}}, {"type": "Feature", "geometry": {"type": "Point", "coordinates": [126.94848, 37.35419]}, "properties": {"name": "Gunpo", "maplabel": "", "conn_score": 71.5, "conn_tier": "very-high", "district": null, "minutes_from_origin": 49.6, "tt_band": "45–60", "minutes_from_origin_ebt": 47.2, "tt_band_ebt": "45–60", "minutes_from_origin_jongno": 56.3, "tt_band_jongno": "45–60", "minutes_from_origin_gangnam": 47.1, "tt_band_gangnam": "45–60", "minutes_from_origin_hongik": 50.2, "tt_band_hongik": "45–60", "reach45": 74, "reach_band": "low"}}, {"type": "Feature", "geometry": {"type": "Point", "coordinates": [126.87544, 37.54704]}, "properties": {"name": "Yeomchang", "maplabel": "", "conn_score": 68.0, "conn_tier": "high", "district": "Yangcheon-gu", "minutes_from_origin": 25.7, "tt_band": "15–30", "minutes_from_origin_ebt": 25.6, "tt_band_ebt": "15–30", "minutes_from_origin_jongno": 27.6, "tt_band_jongno": "15–30", "minutes_from_origin_gangnam": 31.2, "tt_band_gangnam": "30–45", "minutes_from_origin_hongik": 12.3, "tt_band_hongik": "0–15", "reach45": 252, "reach_band": "high"}}, {"type": "Feature", "geometry": {"type": "Point", "coordinates": [127.13625, 37.5278]}, "properties": {"name": "둔촌동", "maplabel": "", "conn_score": 53.4, "conn_tier": "mid", "district": "Gangdong-gu", "minutes_from_origin": 38.1, "tt_band": "30–45", "minutes_from_origin_ebt": 27.4, "tt_band_ebt": "15–30", "minutes_from_origin_jongno": 33.9, "tt_band_jongno": "30–45", "minutes_from_origin_gangnam": 23.8, "tt_band_gangnam": "15–30", "minutes_from_origin_hongik": 48.3, "tt_band_hongik": "45–60", "reach45": 232, "reach_band": "mid"}}, {"type": "Feature", "geometry": {"type": "Point", "coordinates": [126.94425, 37.58873]}, "properties": {"name": "홍제", "maplabel": "", "conn_score": 46.3, "conn_tier": "mid", "district": "Seodaemun-gu", "minutes_from_origin": 18.6, "tt_band": "15–30", "minutes_from_origin_ebt": 34.6, "tt_band_ebt": "30–45", "minutes_from_origin_jongno": 12.0, "tt_band_jongno": "0–15", "minutes_from_origin_gangnam": 35.7, "tt_band_gangnam": "30–45", "minutes_from_origin_hongik": 27.3, "tt_band_hongik": "15–30", "reach45": 238, "reach_band": "mid"}}, {"type": "Feature", "geometry": {"type": "Point", "coordinates": [127.02921, 37.56441]}, "properties": {"name": "Sangwangsimni", "maplabel": "", "conn_score": 68.4, "conn_tier": "high", "district": "Seongdong-gu", "minutes_from_origin": 12.7, "tt_band": "0–15", "minutes_from_origin_ebt": 23.5, "tt_band_ebt": "15–30", "minutes_from_origin_jongno": 8.5, "tt_band_jongno": "0–15", "minutes_from_origin_gangnam": 24.5, "tt_band_gangnam": "15–30", "minutes_from_origin_hongik": 22.9, "tt_band_hongik": "15–30", "reach45": 314, "reach_band": "very-high"}}, {"type": "Feature", "geometry": {"type": "Point", "coordinates": [126.97357, 37.57576]}, "properties": {"name": "Gyeongbokgung (Government Complex Seoul)", "maplabel": "", "conn_score": 65.8, "conn_tier": "high", "district": "Jongno-gu", "minutes_from_origin": 11.0, "tt_band": "0–15", "minutes_from_origin_ebt": 27.0, "tt_band_ebt": "15–30", "minutes_from_origin_jongno": 4.4, "tt_band_jongno": "0–15", "minutes_from_origin_gangnam": 28.0, "tt_band_gangnam": "15–30", "minutes_from_origin_hongik": 19.7, "tt_band_hongik": "15–30", "reach45": 295, "reach_band": "high"}}, {"type": "Feature", "geometry": {"type": "Point", "coordinates": [126.8235, 37.49228]}, "properties": {"name": "Onsu", "maplabel": "", "conn_score": 64.1, "conn_tier": "high", "district": "Guro-gu", "minutes_from_origin": 30.6, "tt_band": "30–45", "minutes_from_origin_ebt": 34.7, "tt_band_ebt": "30–45", "minutes_from_origin_jongno": 37.3, "tt_band_jongno": "30–45", "minutes_from_origin_gangnam": 40.3, "tt_band_gangnam": "30–45", "minutes_from_origin_hongik": 27.4, "tt_band_hongik": "15–30", "reach45": 207, "reach_band": "mid"}}, {"type": "Feature", "geometry": {"type": "Point", "coordinates": [127.0162, 37.5664]}, "properties": {"name": "신당", "maplabel": "", "conn_score": 69.2, "conn_tier": "high", "district": "Jung-gu", "minutes_from_origin": 11.9, "tt_band": "0–15", "minutes_from_origin_ebt": 19.0, "tt_band_ebt": "15–30", "minutes_from_origin_jongno": 7.7, "tt_band_jongno": "0–15", "minutes_from_origin_gangnam": 20.0, "tt_band_gangnam": "15–30", "minutes_from_origin_hongik": 22.1, "tt_band_hongik": "15–30", "reach45": 315, "reach_band": "very-high"}}, {"type": "Feature", "geometry": {"type": "Point", "coordinates": [126.93578, 37.60097]}, "properties": {"name": "녹번", "maplabel": "", "conn_score": 41.2, "conn_tier": "low", "district": "Eunpyeong-gu", "minutes_from_origin": 22.0, "tt_band": "15–30", "minutes_from_origin_ebt": 37.9, "tt_band_ebt": "30–45", "minutes_from_origin_jongno": 15.3, "tt_band_jongno": "15–30", "minutes_from_origin_gangnam": 39.0, "tt_band_gangnam": "30–45", "minutes_from_origin_hongik": 30.6, "tt_band_hongik": "30–45", "reach45": 206, "reach_band": "mid"}}, {"type": "Feature", "geometry": {"type": "Point", "coordinates": [126.93302, 37.35803]}, "properties": {"name": "Sanbon", "maplabel": "", "conn_score": 63.1, "conn_tier": "high", "district": null, "minutes_from_origin": 49.8, "tt_band": "45–60", "minutes_from_origin_ebt": 46.8, "tt_band_ebt": "45–60", "minutes_from_origin_jongno": 56.5, "tt_band_jongno": "45–60", "minutes_from_origin_gangnam": 46.7, "tt_band_gangnam": "45–60", "minutes_from_origin_hongik": 50.4, "tt_band_hongik": "45–60", "reach45": 74, "reach_band": "low"}}, {"type": "Feature", "geometry": {"type": "Point", "coordinates": [127.02494, 37.60331]}, "properties": {"name": "Gireum", "maplabel": "", "conn_score": 45.3, "conn_tier": "mid", "district": "Seongbuk-gu", "minutes_from_origin": 20.5, "tt_band": "15–30", "minutes_from_origin_ebt": 31.2, "tt_band_ebt": "30–45", "minutes_from_origin_jongno": 14.4, "tt_band_jongno": "0–15", "minutes_from_origin_gangnam": 32.3, "tt_band_gangnam": "30–45", "minutes_from_origin_hongik": 29.7, "tt_band_hongik": "15–30", "reach45": 248, "reach_band": "mid"}}, {"type": "Feature", "geometry": {"type": "Point", "coordinates": [126.95782, 37.57451]}, "properties": {"name": "Dongnimmun", "maplabel": "", "conn_score": 58.3, "conn_tier": "high", "district": null, "minutes_from_origin": 14.1, "tt_band": "0–15", "minutes_from_origin_ebt": 30.0, "tt_band_ebt": "15–30", "minutes_from_origin_jongno": 7.4, "tt_band_jongno": "0–15", "minutes_from_origin_gangnam": 31.1, "tt_band_gangnam": "30–45", "minutes_from_origin_hongik": 22.7, "tt_band_hongik": "15–30", "reach45": 276, "reach_band": "high"}}, {"type": "Feature", "geometry": {"type": "Point", "coordinates": [127.02186, 37.50994]}, "properties": {"name": "Nonhyeon", "maplabel": "", "conn_score": 79.9, "conn_tier": "very-high", "district": "Gangnam-gu", "minutes_from_origin": 22.3, "tt_band": "15–30", "minutes_from_origin_ebt": 5.4, "tt_band_ebt": "0–15", "minutes_from_origin_jongno": 20.0, "tt_band_jongno": "15–30", "minutes_from_origin_gangnam": 3.7, "tt_band_gangnam": "0–15", "minutes_from_origin_hongik": 32.2, "tt_band_hongik": "30–45", "reach45": 329, "reach_band": "very-high"}}, {"type": "Feature", "geometry": {"type": "Point", "coordinates": [126.97135, 37.30032]}, "properties": {"name": "Sungkyunkwan Univ", "maplabel": "", "conn_score": 56.3, "conn_tier": "high", "district": null, "minutes_from_origin": 63.0, "tt_band": "60+", "minutes_from_origin_ebt": 60.0, "tt_band_ebt": "45–60", "minutes_from_origin_jongno": 69.6, "tt_band_jongno": "60+", "minutes_from_origin_gangnam": 59.9, "tt_band_gangnam": "45–60", "minutes_from_origin_hongik": 63.6, "tt_band_hongik": "60+", "reach45": 36, "reach_band": "very-low"}}, {"type": "Feature", "geometry": {"type": "Point", "coordinates": [126.96979, 37.30032]}, "properties": {"name": "Sungkyunkwan University", "maplabel": "", "conn_score": 56.3, "conn_tier": "high", "district": null, "minutes_from_origin": 62.8, "tt_band": "60+", "minutes_from_origin_ebt": 59.8, "tt_band_ebt": "45–60", "minutes_from_origin_jongno": 69.5, "tt_band_jongno": "60+", "minutes_from_origin_gangnam": 59.7, "tt_band_gangnam": "45–60", "minutes_from_origin_hongik": 63.4, "tt_band_hongik": "60+", "reach45": 36, "reach_band": "very-low"}}, {"type": "Feature", "geometry": {"type": "Point", "coordinates": [127.08979, 37.55169]}, "properties": {"name": "아차산", "maplabel": "", "conn_score": 48.6, "conn_tier": "mid", "district": "Gwangjin-gu", "minutes_from_origin": 26.8, "tt_band": "15–30", "minutes_from_origin_ebt": 24.1, "tt_band_ebt": "15–30", "minutes_from_origin_jongno": 22.6, "tt_band_jongno": "15–30", "minutes_from_origin_gangnam": 29.7, "tt_band_gangnam": "15–30", "minutes_from_origin_hongik": 37.0, "tt_band_hongik": "30–45", "reach45": 271, "reach_band": "high"}}, {"type": "Feature", "geometry": {"type": "Point", "coordinates": [127.10351, 37.5453]}, "properties": {"name": "광나루", "maplabel": "", "conn_score": 47.6, "conn_tier": "mid", "district": "Gwangjin-gu", "minutes_from_origin": 29.8, "tt_band": "15–30", "minutes_from_origin_ebt": 27.1, "tt_band_ebt": "15–30", "minutes_from_origin_jongno": 25.6, "tt_band_jongno": "15–30", "minutes_from_origin_gangnam": 29.9, "tt_band_gangnam": "15–30", "minutes_from_origin_hongik": 40.0, "tt_band_hongik": "30–45", "reach45": 253, "reach_band": "high"}}, {"type": "Feature", "geometry": {"type": "Point", "coordinates": [126.92985, 37.61033]}, "properties": {"name": "불광", "maplabel": "", "conn_score": 36.6, "conn_tier": "low", "district": "Eunpyeong-gu", "minutes_from_origin": 24.6, "tt_band": "15–30", "minutes_from_origin_ebt": 40.5, "tt_band_ebt": "30–45", "minutes_from_origin_jongno": 18.0, "tt_band_jongno": "15–30", "minutes_from_origin_gangnam": 41.6, "tt_band_gangnam": "30–45", "minutes_from_origin_hongik": 33.3, "tt_band_hongik": "30–45", "reach45": 184, "reach_band": "mid"}}, {"type": "Feature", "geometry": {"type": "Point", "coordinates": [127.01568, 37.57239]}, "properties": {"name": "동묘앞", "maplabel": "", "conn_score": 61.1, "conn_tier": "high", "district": "Jongno-gu", "minutes_from_origin": 13.6, "tt_band": "0–15", "minutes_from_origin_ebt": 20.7, "tt_band_ebt": "15–30", "minutes_from_origin_jongno": 9.4, "tt_band_jongno": "0–15", "minutes_from_origin_gangnam": 21.7, "tt_band_gangnam": "15–30", "minutes_from_origin_hongik": 23.8, "tt_band_hongik": "15–30", "reach45": 309, "reach_band": "very-high"}}, {"type": "Feature", "geometry": {"type": "Point", "coordinates": [127.0301, 37.61317]}, "properties": {"name": "Miasageori", "maplabel": "", "conn_score": 39.8, "conn_tier": "low", "district": "Gangbuk-gu", "minutes_from_origin": 23.1, "tt_band": "15–30", "minutes_from_origin_ebt": 33.9, "tt_band_ebt": "30–45", "minutes_from_origin_jongno": 17.1, "tt_band_jongno": "15–30", "minutes_from_origin_gangnam": 35.0, "tt_band_gangnam": "30–45", "minutes_from_origin_hongik": 32.4, "tt_band_hongik": "30–45", "reach45": 226, "reach_band": "mid"}}, {"type": "Feature", "geometry": {"type": "Point", "coordinates": [127.0448, 37.77416]}, "properties": {"name": "Yangju", "maplabel": "", "conn_score": 14.6, "conn_tier": "very-low", "district": null, "minutes_from_origin": 64.0, "tt_band": "60+", "minutes_from_origin_ebt": 74.8, "tt_band_ebt": "60+", "minutes_from_origin_jongno": 58.0, "tt_band_jongno": "45–60", "minutes_from_origin_gangnam": 75.9, "tt_band_gangnam": "60+", "minutes_from_origin_hongik": 73.3, "tt_band_hongik": "60+", "reach45": 41, "reach_band": "very-low"}}, {"type": "Feature", "geometry": {"type": "Point", "coordinates": [127.08552, 36.99061]}, "properties": {"name": "Pyeongtaek", "maplabel": "", "conn_score": 29.9, "conn_tier": "low", "district": null, "minutes_from_origin": 132.9, "tt_band": "60+", "minutes_from_origin_ebt": 129.9, "tt_band_ebt": "60+", "minutes_from_origin_jongno": 139.5, "tt_band_jongno": "60+", "minutes_from_origin_gangnam": 129.8, "tt_band_gangnam": "60+", "minutes_from_origin_hongik": 133.5, "tt_band_hongik": "60+", "reach45": 12, "reach_band": "very-low"}}, {"type": "Feature", "geometry": {"type": "Point", "coordinates": [127.04291, 37.5661]}, "properties": {"name": "마장", "maplabel": "", "conn_score": 59.3, "conn_tier": "high", "district": "Seongdong-gu", "minutes_from_origin": 16.5, "tt_band": "15–30", "minutes_from_origin_ebt": 25.1, "tt_band_ebt": "15–30", "minutes_from_origin_jongno": 12.3, "tt_band_jongno": "0–15", "minutes_from_origin_gangnam": 26.2, "tt_band_gangnam": "15–30", "minutes_from_origin_hongik": 26.7, "tt_band_hongik": "15–30", "reach45": 306, "reach_band": "very-high"}}, {"type": "Feature", "geometry": {"type": "Point", "coordinates": [126.91801, 37.51696]}, "properties": {"name": "Singil", "maplabel": "", "conn_score": 88.5, "conn_tier": "very-high", "district": "Yeongdeungpo-gu", "minutes_from_origin": 15.8, "tt_band": "15–30", "minutes_from_origin_ebt": 16.5, "tt_band_ebt": "15–30", "minutes_from_origin_jongno": 21.6, "tt_band_jongno": "15–30", "minutes_from_origin_gangnam": 22.1, "tt_band_gangnam": "15–30", "minutes_from_origin_hongik": 13.3, "tt_band_hongik": "0–15", "reach45": 312, "reach_band": "very-high"}}, {"type": "Feature", "geometry": {"type": "Point", "coordinates": [126.95031, 37.58231]}, "properties": {"name": "Muakjae", "maplabel": "", "conn_score": 51.8, "conn_tier": "mid", "district": "Seodaemun-gu", "minutes_from_origin": 16.5, "tt_band": "15–30", "minutes_from_origin_ebt": 32.5, "tt_band_ebt": "30–45", "minutes_from_origin_jongno": 9.9, "tt_band_jongno": "0–15", "minutes_from_origin_gangnam": 33.6, "tt_band_gangnam": "30–45", "minutes_from_origin_hongik": 25.2, "tt_band_hongik": "15–30", "reach45": 255, "reach_band": "high"}}, {"type": "Feature", "geometry": {"type": "Point", "coordinates": [127.07493, 37.61791]}, "properties": {"name": "태릉입구", "maplabel": "", "conn_score": 27.2, "conn_tier": "very-low", "district": "Nowon-gu", "minutes_from_origin": 32.6, "tt_band": "30–45", "minutes_from_origin_ebt": 38.6, "tt_band_ebt": "30–45", "minutes_from_origin_jongno": 28.4, "tt_band_jongno": "15–30", "minutes_from_origin_gangnam": 40.8, "tt_band_gangnam": "30–45", "minutes_from_origin_hongik": 42.9, "tt_band_hongik": "30–45", "reach45": 209, "reach_band": "mid"}}, {"type": "Feature", "geometry": {"type": "Point", "coordinates": [127.08451, 37.56629]}, "properties": {"name": "중곡", "maplabel": "", "conn_score": 47.4, "conn_tier": "mid", "district": "Gwangjin-gu", "minutes_from_origin": 26.8, "tt_band": "15–30", "minutes_from_origin_ebt": 24.1, "tt_band_ebt": "15–30", "minutes_from_origin_jongno": 22.6, "tt_band_jongno": "15–30", "minutes_from_origin_gangnam": 29.7, "tt_band_gangnam": "15–30", "minutes_from_origin_hongik": 37.0, "tt_band_hongik": "30–45", "reach45": 273, "reach_band": "high"}}, {"type": "Feature", "geometry": {"type": "Point", "coordinates": [127.05268, 37.56682]}, "properties": {"name": "답십리", "maplabel": "", "conn_score": 55.0, "conn_tier": "high", "district": "Seongdong-gu", "minutes_from_origin": 18.6, "tt_band": "15–30", "minutes_from_origin_ebt": 27.2, "tt_band_ebt": "15–30", "minutes_from_origin_jongno": 14.3, "tt_band_jongno": "0–15", "minutes_from_origin_gangnam": 28.3, "tt_band_gangnam": "15–30", "minutes_from_origin_hongik": 28.7, "tt_band_hongik": "15–30", "reach45": 299, "reach_band": "high"}}, {"type": "Feature", "geometry": {"type": "Point", "coordinates": [126.95117, 37.54366]}, "properties": {"name": "공덕", "maplabel": "", "conn_score": 69.4, "conn_tier": "high", "district": "Mapo-gu", "minutes_from_origin": 9.9, "tt_band": "0–15", "minutes_from_origin_ebt": 18.3, "tt_band_ebt": "15–30", "minutes_from_origin_jongno": 12.0, "tt_band_jongno": "0–15", "minutes_from_origin_gangnam": 23.9, "tt_band_gangnam": "15–30", "minutes_from_origin_hongik": 19.2, "tt_band_hongik": "15–30", "reach45": 319, "reach_band": "very-high"}}, {"type": "Feature", "geometry": {"type": "Point", "coordinates": [127.01525, 37.57978]}, "properties": {"name": "창신", "maplabel": "", "conn_score": 54.3, "conn_tier": "high", "district": "Jongno-gu", "minutes_from_origin": 15.6, "tt_band": "15–30", "minutes_from_origin_ebt": 22.7, "tt_band_ebt": "15–30", "minutes_from_origin_jongno": 11.4, "tt_band_jongno": "0–15", "minutes_from_origin_gangnam": 23.7, "tt_band_gangnam": "15–30", "minutes_from_origin_hongik": 25.8, "tt_band_hongik": "15–30", "reach45": 299, "reach_band": "high"}}, {"type": "Feature", "geometry": {"type": "Point", "coordinates": [126.85508, 37.56116]}, "properties": {"name": "Gayang", "maplabel": "", "conn_score": 59.8, "conn_tier": "high", "district": "Gangseo-gu", "minutes_from_origin": 30.5, "tt_band": "30–45", "minutes_from_origin_ebt": 30.5, "tt_band_ebt": "30–45", "minutes_from_origin_jongno": 32.4, "tt_band_jongno": "30–45", "minutes_from_origin_gangnam": 36.1, "tt_band_gangnam": "30–45", "minutes_from_origin_hongik": 17.1, "tt_band_hongik": "15–30", "reach45": 211, "reach_band": "mid"}}, {"type": "Feature", "geometry": {"type": "Point", "coordinates": [127.06459, 37.56148]}, "properties": {"name": "장한평", "maplabel": "", "conn_score": 53.3, "conn_tier": "mid", "district": "Dongdaemun-gu", "minutes_from_origin": 21.2, "tt_band": "15–30", "minutes_from_origin_ebt": 24.7, "tt_band_ebt": "15–30", "minutes_from_origin_jongno": 17.0, "tt_band_jongno": "15–30", "minutes_from_origin_gangnam": 30.3, "tt_band_gangnam": "30–45", "minutes_from_origin_hongik": 31.4, "tt_band_hongik": "30–45", "reach45": 294, "reach_band": "high"}}, {"type": "Feature", "geometry": {"type": "Point", "coordinates": [126.91374, 37.64814]}, "properties": {"name": "Jichuk", "maplabel": "", "conn_score": 24.6, "conn_tier": "very-low", "district": null, "minutes_from_origin": 34.4, "tt_band": "30–45", "minutes_from_origin_ebt": 50.3, "tt_band_ebt": "45–60", "minutes_from_origin_jongno": 27.8, "tt_band_jongno": "15–30", "minutes_from_origin_gangnam": 51.4, "tt_band_gangnam": "45–60", "minutes_from_origin_hongik": 43.0, "tt_band_hongik": "30–45", "reach45": 126, "reach_band": "low"}}, {"type": "Feature", "geometry": {"type": "Point", "coordinates": [126.72456, 37.48946]}, "properties": {"name": "Bupyeong", "maplabel": "", "conn_score": 48.9, "conn_tier": "mid", "district": null, "minutes_from_origin": 47.2, "tt_band": "45–60", "minutes_from_origin_ebt": 51.3, "tt_band_ebt": "45–60", "minutes_from_origin_jongno": 53.9, "tt_band_jongno": "45–60", "minutes_from_origin_gangnam": 56.9, "tt_band_gangnam": "45–60", "minutes_from_origin_hongik": 44.0, "tt_band_hongik": "30–45", "reach45": 82, "reach_band": "low"}}, {"type": "Feature", "geometry": {"type": "Point", "coordinates": [127.02611, 37.62654]}, "properties": {"name": "Mia", "maplabel": "", "conn_score": 34.9, "conn_tier": "low", "district": "Gangbuk-gu", "minutes_from_origin": 26.4, "tt_band": "15–30", "minutes_from_origin_ebt": 37.2, "tt_band_ebt": "30–45", "minutes_from_origin_jongno": 20.3, "tt_band_jongno": "15–30", "minutes_from_origin_gangnam": 38.3, "tt_band_gangnam": "30–45", "minutes_from_origin_hongik": 35.6, "tt_band_hongik": "30–45", "reach45": 194, "reach_band": "mid"}}, {"type": "Feature", "geometry": {"type": "Point", "coordinates": [127.14019, 37.53835]}, "properties": {"name": "길동", "maplabel": "", "conn_score": 45.0, "conn_tier": "mid", "district": "Gangdong-gu", "minutes_from_origin": 37.7, "tt_band": "30–45", "minutes_from_origin_ebt": 31.4, "tt_band_ebt": "30–45", "minutes_from_origin_jongno": 33.5, "tt_band_jongno": "30–45", "minutes_from_origin_gangnam": 27.8, "tt_band_gangnam": "15–30", "minutes_from_origin_hongik": 47.9, "tt_band_hongik": "45–60", "reach45": 220, "reach_band": "mid"}}, {"type": "Feature", "geometry": {"type": "Point", "coordinates": [127.1276, 37.39465]}, "properties": {"name": "Imae", "maplabel": "", "conn_score": 42.8, "conn_tier": "mid", "district": null, "minutes_from_origin": 54.0, "tt_band": "45–60", "minutes_from_origin_ebt": 35.8, "tt_band_ebt": "30–45", "minutes_from_origin_jongno": 53.9, "tt_band_jongno": "45–60", "minutes_from_origin_gangnam": 30.2, "tt_band_gangnam": "30–45", "minutes_from_origin_hongik": 62.5, "tt_band_hongik": "60+", "reach45": 71, "reach_band": "low"}}, {"type": "Feature", "geometry": {"type": "Point", "coordinates": [127.12686, 36.91622]}, "properties": {"name": "Seonghwan", "maplabel": "", "conn_score": 26.0, "conn_tier": "very-low", "district": null, "minutes_from_origin": 149.8, "tt_band": "60+", "minutes_from_origin_ebt": 146.8, "tt_band_ebt": "60+", "minutes_from_origin_jongno": 156.5, "tt_band_jongno": "60+", "minutes_from_origin_gangnam": 146.7, "tt_band_gangnam": "60+", "minutes_from_origin_hongik": 150.4, "tt_band_hongik": "60+", "reach45": 13, "reach_band": "very-low"}}, {"type": "Feature", "geometry": {"type": "Point", "coordinates": [126.9442, 37.58867]}, "properties": {"name": "Hongje (Seoul Culture Arts Univ.)", "maplabel": "", "conn_score": 46.1, "conn_tier": "mid", "district": "Seodaemun-gu", "minutes_from_origin": 18.7, "tt_band": "15–30", "minutes_from_origin_ebt": 34.6, "tt_band_ebt": "30–45", "minutes_from_origin_jongno": 12.0, "tt_band_jongno": "0–15", "minutes_from_origin_gangnam": 35.7, "tt_band_gangnam": "30–45", "minutes_from_origin_hongik": 27.3, "tt_band_hongik": "15–30", "reach45": 238, "reach_band": "mid"}}, {"type": "Feature", "geometry": {"type": "Point", "coordinates": [127.08651, 37.57388]}, "properties": {"name": "용마산", "maplabel": "", "conn_score": 42.6, "conn_tier": "mid", "district": "Jungnang-gu", "minutes_from_origin": 28.9, "tt_band": "15–30", "minutes_from_origin_ebt": 26.2, "tt_band_ebt": "15–30", "minutes_from_origin_jongno": 24.7, "tt_band_jongno": "15–30", "minutes_from_origin_gangnam": 31.8, "tt_band_gangnam": "30–45", "minutes_from_origin_hongik": 39.1, "tt_band_hongik": "30–45", "reach45": 263, "reach_band": "high"}}, {"type": "Feature", "geometry": {"type": "Point", "coordinates": [127.01932, 37.58528]}, "properties": {"name": "Bomun", "maplabel": "", "conn_score": 48.6, "conn_tier": "mid", "district": "Seongbuk-gu", "minutes_from_origin": 17.4, "tt_band": "15–30", "minutes_from_origin_ebt": 24.4, "tt_band_ebt": "15–30", "minutes_from_origin_jongno": 13.2, "tt_band_jongno": "0–15", "minutes_from_origin_gangnam": 25.5, "tt_band_gangnam": "15–30", "minutes_from_origin_hongik": 27.6, "tt_band_hongik": "15–30", "reach45": 288, "reach_band": "high"}}, {"type": "Feature", "geometry": {"type": "Point", "coordinates": [126.93572, 37.60094]}, "properties": {"name": "Nokbeon", "maplabel": "", "conn_score": 41.0, "conn_tier": "low", "district": "Eunpyeong-gu", "minutes_from_origin": 22.0, "tt_band": "15–30", "minutes_from_origin_ebt": 37.9, "tt_band_ebt": "30–45", "minutes_from_origin_jongno": 15.4, "tt_band_jongno": "15–30", "minutes_from_origin_gangnam": 39.0, "tt_band_gangnam": "30–45", "minutes_from_origin_hongik": 30.7, "tt_band_hongik": "30–45", "reach45": 204, "reach_band": "mid"}}, {"type": "Feature", "geometry": {"type": "Point", "coordinates": [126.86661, 37.30282]}, "properties": {"name": "Sangnoksu", "maplabel": "", "conn_score": 55.4, "conn_tier": "high", "district": null, "minutes_from_origin": 65.8, "tt_band": "60+", "minutes_from_origin_ebt": 62.7, "tt_band_ebt": "60+", "minutes_from_origin_jongno": 72.4, "tt_band_jongno": "60+", "minutes_from_origin_gangnam": 62.6, "tt_band_gangnam": "60+", "minutes_from_origin_hongik": 66.4, "tt_band_hongik": "60+", "reach45": 33, "reach_band": "very-low"}}, {"type": "Feature", "geometry": {"type": "Point", "coordinates": [126.89547, 37.65313]}, "properties": {"name": "Samsong", "maplabel": "", "conn_score": 21.3, "conn_tier": "very-low", "district": null, "minutes_from_origin": 38.0, "tt_band": "30–45", "minutes_from_origin_ebt": 53.9, "tt_band_ebt": "45–60", "minutes_from_origin_jongno": 31.3, "tt_band_jongno": "30–45", "minutes_from_origin_gangnam": 55.0, "tt_band_gangnam": "45–60", "minutes_from_origin_hongik": 46.6, "tt_band_hongik": "45–60", "reach45": 108, "reach_band": "low"}}, {"type": "Feature", "geometry": {"type": "Point", "coordinates": [127.02571, 37.63798]}, "properties": {"name": "Suyu (Gangbuk-gu Office)", "maplabel": "", "conn_score": 30.5, "conn_tier": "low", "district": "Gangbuk-gu", "minutes_from_origin": 29.2, "tt_band": "15–30", "minutes_from_origin_ebt": 40.0, "tt_band_ebt": "30–45", "minutes_from_origin_jongno": 23.2, "tt_band_jongno": "15–30", "minutes_from_origin_gangnam": 41.1, "tt_band_gangnam": "30–45", "minutes_from_origin_hongik": 38.5, "tt_band_hongik": "30–45", "reach45": 163, "reach_band": "low"}}, {"type": "Feature", "geometry": {"type": "Point", "coordinates": [127.12251, 37.48586]}, "properties": {"name": "Munjeong", "maplabel": "", "conn_score": 43.4, "conn_tier": "mid", "district": "Songpa-gu", "minutes_from_origin": 43.8, "tt_band": "30–45", "minutes_from_origin_ebt": 25.6, "tt_band_ebt": "15–30", "minutes_from_origin_jongno": 43.7, "tt_band_jongno": "30–45", "minutes_from_origin_gangnam": 22.0, "tt_band_gangnam": "15–30", "minutes_from_origin_hongik": 52.3, "tt_band_hongik": "45–60", "reach45": 200, "reach_band": "mid"}}, {"type": "Feature", "geometry": {"type": "Point", "coordinates": [127.14296, 37.54565]}, "properties": {"name": "굽은다리", "maplabel": "", "conn_score": 39.5, "conn_tier": "low", "district": "Gangdong-gu", "minutes_from_origin": 39.7, "tt_band": "30–45", "minutes_from_origin_ebt": 33.4, "tt_band_ebt": "30–45", "minutes_from_origin_jongno": 35.5, "tt_band_jongno": "30–45", "minutes_from_origin_gangnam": 29.8, "tt_band_gangnam": "15–30", "minutes_from_origin_hongik": 49.9, "tt_band_hongik": "45–60", "reach45": 210, "reach_band": "mid"}}, {"type": "Feature", "geometry": {"type": "Point", "coordinates": [127.06156, 37.84326]}, "properties": {"name": "Deokjeong (Seojeong College)", "maplabel": "", "conn_score": 12.0, "conn_tier": "very-low", "district": null, "minutes_from_origin": 78.8, "tt_band": "60+", "minutes_from_origin_ebt": 89.5, "tt_band_ebt": "60+", "minutes_from_origin_jongno": 72.7, "tt_band_jongno": "60+", "minutes_from_origin_gangnam": 90.6, "tt_band_gangnam": "60+", "minutes_from_origin_hongik": 88.0, "tt_band_hongik": "60+", "reach45": 25, "reach_band": "very-low"}}, {"type": "Feature", "geometry": {"type": "Point", "coordinates": [127.08842, 37.58072]}, "properties": {"name": "사가정", "maplabel": "", "conn_score": 38.2, "conn_tier": "low", "district": "Jungnang-gu", "minutes_from_origin": 30.8, "tt_band": "30–45", "minutes_from_origin_ebt": 28.1, "tt_band_ebt": "15–30", "minutes_from_origin_jongno": 26.6, "tt_band_jongno": "15–30", "minutes_from_origin_gangnam": 33.7, "tt_band_gangnam": "30–45", "minutes_from_origin_hongik": 41.0, "tt_band_hongik": "30–45", "reach45": 254, "reach_band": "high"}}, {"type": "Feature", "geometry": {"type": "Point", "coordinates": [127.01163, 37.50817]}, "properties": {"name": "반포", "maplabel": "", "conn_score": 80.0, "conn_tier": "very-high", "district": "Seocho-gu", "minutes_from_origin": 20.0, "tt_band": "15–30", "minutes_from_origin_ebt": 1.8, "tt_band_ebt": "0–15", "minutes_from_origin_jongno": 24.3, "tt_band_jongno": "15–30", "minutes_from_origin_gangnam": 7.4, "tt_band_gangnam": "0–15", "minutes_from_origin_hongik": 28.5, "tt_band_hongik": "15–30", "reach45": 322, "reach_band": "very-high"}}, {"type": "Feature", "geometry": {"type": "Point", "coordinates": [127.02933, 37.5863]}, "properties": {"name": "안암", "maplabel": "", "conn_score": 43.6, "conn_tier": "mid", "district": "Seongbuk-gu", "minutes_from_origin": 19.5, "tt_band": "15–30", "minutes_from_origin_ebt": 26.6, "tt_band_ebt": "15–30", "minutes_from_origin_jongno": 15.3, "tt_band_jongno": "15–30", "minutes_from_origin_gangnam": 27.6, "tt_band_gangnam": "15–30", "minutes_from_origin_hongik": 29.7, "tt_band_hongik": "15–30", "reach45": 274, "reach_band": "high"}}, {"type": "Feature", "geometry": {"type": "Point", "coordinates": [126.9304, 37.60988]}, "properties": {"name": "Bulgwang", "maplabel": "", "conn_score": 36.4, "conn_tier": "low", "district": "Eunpyeong-gu", "minutes_from_origin": 24.5, "tt_band": "15–30", "minutes_from_origin_ebt": 40.4, "tt_band_ebt": "30–45", "minutes_from_origin_jongno": 17.9, "tt_band_jongno": "15–30", "minutes_from_origin_gangnam": 41.5, "tt_band_gangnam": "30–45", "minutes_from_origin_hongik": 33.2, "tt_band_hongik": "30–45", "reach45": 186, "reach_band": "mid"}}, {"type": "Feature", "geometry": {"type": "Point", "coordinates": [127.08757, 37.58838]}, "properties": {"name": "면목", "maplabel": "", "conn_score": 34.3, "conn_tier": "low", "district": "Jungnang-gu", "minutes_from_origin": 32.8, "tt_band": "30–45", "minutes_from_origin_ebt": 30.2, "tt_band_ebt": "30–45", "minutes_from_origin_jongno": 28.6, "tt_band_jongno": "15–30", "minutes_from_origin_gangnam": 35.8, "tt_band_gangnam": "30–45", "minutes_from_origin_hongik": 43.0, "tt_band_hongik": "30–45", "reach45": 239, "reach_band": "mid"}}, {"type": "Feature", "geometry": {"type": "Point", "coordinates": [127.03457, 37.64842]}, "properties": {"name": "Ssangmun", "maplabel": "", "conn_score": 26.5, "conn_tier": "very-low", "district": "Dobong-gu", "minutes_from_origin": 32.3, "tt_band": "30–45", "minutes_from_origin_ebt": 43.0, "tt_band_ebt": "30–45", "minutes_from_origin_jongno": 26.2, "tt_band_jongno": "15–30", "minutes_from_origin_gangnam": 44.1, "tt_band_gangnam": "30–45", "minutes_from_origin_hongik": 41.5, "tt_band_hongik": "30–45", "reach45": 136, "reach_band": "low"}}, {"type": "Feature", "geometry": {"type": "Point", "coordinates": [126.87375, 37.65051]}, "properties": {"name": "Wonheung", "maplabel": "", "conn_score": 18.1, "conn_tier": "very-low", "district": null, "minutes_from_origin": 42.0, "tt_band": "30–45", "minutes_from_origin_ebt": 57.9, "tt_band_ebt": "45–60", "minutes_from_origin_jongno": 35.4, "tt_band_jongno": "30–45", "minutes_from_origin_gangnam": 59.0, "tt_band_gangnam": "45–60", "minutes_from_origin_hongik": 50.7, "tt_band_hongik": "45–60", "reach45": 84, "reach_band": "low"}}, {"type": "Feature", "geometry": {"type": "Point", "coordinates": [127.12606, 37.4789]}, "properties": {"name": "Jangji", "maplabel": "", "conn_score": 38.1, "conn_tier": "low", "district": "Songpa-gu", "minutes_from_origin": 45.8, "tt_band": "45–60", "minutes_from_origin_ebt": 27.6, "tt_band_ebt": "15–30", "minutes_from_origin_jongno": 45.7, "tt_band_jongno": "45–60", "minutes_from_origin_gangnam": 24.0, "tt_band_gangnam": "15–30", "minutes_from_origin_hongik": 54.3, "tt_band_hongik": "45–60", "reach45": 181, "reach_band": "mid"}}, {"type": "Feature", "geometry": {"type": "Point", "coordinates": [127.14408, 37.55192]}, "properties": {"name": "명일", "maplabel": "", "conn_score": 34.6, "conn_tier": "low", "district": "Gangdong-gu", "minutes_from_origin": 41.5, "tt_band": "30–45", "minutes_from_origin_ebt": 35.2, "tt_band_ebt": "30–45", "minutes_from_origin_jongno": 37.3, "tt_band_jongno": "30–45", "minutes_from_origin_gangnam": 31.6, "tt_band_gangnam": "30–45", "minutes_from_origin_hongik": 51.7, "tt_band_hongik": "45–60", "reach45": 201, "reach_band": "mid"}}, {"type": "Feature", "geometry": {"type": "Point", "coordinates": [127.14892, 36.83412]}, "properties": {"name": "Dujeong", "maplabel": "", "conn_score": 22.5, "conn_tier": "very-low", "district": null, "minutes_from_origin": 167.3, "tt_band": "60+", "minutes_from_origin_ebt": 164.3, "tt_band_ebt": "60+", "minutes_from_origin_jongno": 173.9, "tt_band_jongno": "60+", "minutes_from_origin_gangnam": 164.2, "tt_band_gangnam": "60+", "minutes_from_origin_hongik": 167.9, "tt_band_hongik": "60+", "reach45": 12, "reach_band": "very-low"}}, {"type": "Feature", "geometry": {"type": "Point", "coordinates": [127.02148, 37.51111]}, "properties": {"name": "논현", "maplabel": "", "conn_score": 71.0, "conn_tier": "very-high", "district": "Gangnam-gu", "minutes_from_origin": 22.2, "tt_band": "15–30", "minutes_from_origin_ebt": 4.0, "tt_band_ebt": "0–15", "minutes_from_origin_jongno": 26.5, "tt_band_jongno": "15–30", "minutes_from_origin_gangnam": 9.6, "tt_band_gangnam": "0–15", "minutes_from_origin_hongik": 30.7, "tt_band_hongik": "30–45", "reach45": 312, "reach_band": "very-high"}}, {"type": "Feature", "geometry": {"type": "Point", "coordinates": [127.036, 37.59034]}, "properties": {"name": "Korea Univ.", "maplabel": "", "conn_score": 39.1, "conn_tier": "low", "district": "Seongbuk-gu", "minutes_from_origin": 21.3, "tt_band": "15–30", "minutes_from_origin_ebt": 28.4, "tt_band_ebt": "15–30", "minutes_from_origin_jongno": 17.1, "tt_band_jongno": "15–30", "minutes_from_origin_gangnam": 29.5, "tt_band_gangnam": "15–30", "minutes_from_origin_hongik": 31.6, "tt_band_hongik": "30–45", "reach45": 257, "reach_band": "high"}}, {"type": "Feature", "geometry": {"type": "Point", "coordinates": [126.82772, 37.56671]}, "properties": {"name": "마곡나루", "maplabel": "", "conn_score": 52.7, "conn_tier": "mid", "district": "Gangseo-gu", "minutes_from_origin": 35.5, "tt_band": "30–45", "minutes_from_origin_ebt": 35.5, "tt_band_ebt": "30–45", "minutes_from_origin_jongno": 37.4, "tt_band_jongno": "30–45", "minutes_from_origin_gangnam": 41.1, "tt_band_gangnam": "30–45", "minutes_from_origin_hongik": 22.1, "tt_band_hongik": "15–30", "reach45": 166, "reach_band": "low"}}, {"type": "Feature", "geometry": {"type": "Point", "coordinates": [126.98153, 37.47695]}, "properties": {"name": "Sadang", "maplabel": "", "conn_score": 72.7, "conn_tier": "very-high", "district": "Dongjak-gu", "minutes_from_origin": 19.9, "tt_band": "15–30", "minutes_from_origin_ebt": 10.9, "tt_band_ebt": "0–15", "minutes_from_origin_jongno": 26.5, "tt_band_jongno": "15–30", "minutes_from_origin_gangnam": 10.8, "tt_band_gangnam": "0–15", "minutes_from_origin_hongik": 28.4, "tt_band_hongik": "15–30", "reach45": 304, "reach_band": "very-high"}}, {"type": "Feature", "geometry": {"type": "Point", "coordinates": [126.92069, 37.61904]}, "properties": {"name": "Yeonsinnae", "maplabel": "", "conn_score": 32.4, "conn_tier": "low", "district": "Eunpyeong-gu", "minutes_from_origin": 27.4, "tt_band": "15–30", "minutes_from_origin_ebt": 43.4, "tt_band_ebt": "30–45", "minutes_from_origin_jongno": 20.8, "tt_band_jongno": "15–30", "minutes_from_origin_gangnam": 44.4, "tt_band_gangnam": "30–45", "minutes_from_origin_hongik": 36.1, "tt_band_hongik": "30–45", "reach45": 166, "reach_band": "low"}}, {"type": "Feature", "geometry": {"type": "Point", "coordinates": [126.99319, 37.48754]}, "properties": {"name": "Naebang", "maplabel": "", "conn_score": 79.1, "conn_tier": "very-high", "district": "Seocho-gu", "minutes_from_origin": 22.7, "tt_band": "15–30", "minutes_from_origin_ebt": 4.5, "tt_band_ebt": "0–15", "minutes_from_origin_jongno": 27.1, "tt_band_jongno": "15–30", "minutes_from_origin_gangnam": 10.1, "tt_band_gangnam": "0–15", "minutes_from_origin_hongik": 31.2, "tt_band_hongik": "30–45", "reach45": 300, "reach_band": "very-high"}}, {"type": "Feature", "geometry": {"type": "Point", "coordinates": [126.97342, 37.53503]}, "properties": {"name": "Samgakji", "maplabel": "", "conn_score": 81.7, "conn_tier": "very-high", "district": "Yongsan-gu", "minutes_from_origin": 4.9, "tt_band": "0–15", "minutes_from_origin_ebt": 13.3, "tt_band_ebt": "0–15", "minutes_from_origin_jongno": 11.5, "tt_band_jongno": "0–15", "minutes_from_origin_gangnam": 18.9, "tt_band_gangnam": "15–30", "minutes_from_origin_hongik": 18.9, "tt_band_hongik": "15–30", "reach45": 325, "reach_band": "very-high"}}, {"type": "Feature", "geometry": {"type": "Point", "coordinates": [127.02847, 37.52614]}, "properties": {"name": "Apgujeong", "maplabel": "", "conn_score": 76.7, "conn_tier": "very-high", "district": "Gangnam-gu", "minutes_from_origin": 17.5, "tt_band": "15–30", "minutes_from_origin_ebt": 7.4, "tt_band_ebt": "0–15", "minutes_from_origin_jongno": 15.2, "tt_band_jongno": "15–30", "minutes_from_origin_gangnam": 8.5, "tt_band_gangnam": "0–15", "minutes_from_origin_hongik": 28.5, "tt_band_hongik": "15–30", "reach45": 321, "reach_band": "very-high"}}, {"type": "Feature", "geometry": {"type": "Point", "coordinates": [127.02851, 37.52613]}, "properties": {"name": "압구정", "maplabel": "", "conn_score": 76.7, "conn_tier": "very-high", "district": "Gangnam-gu", "minutes_from_origin": 17.5, "tt_band": "15–30", "minutes_from_origin_ebt": 7.4, "tt_band_ebt": "0–15", "minutes_from_origin_jongno": 15.2, "tt_band_jongno": "15–30", "minutes_from_origin_gangnam": 8.5, "tt_band_gangnam": "0–15", "minutes_from_origin_hongik": 28.5, "tt_band_hongik": "15–30", "reach45": 321, "reach_band": "very-high"}}, {"type": "Feature", "geometry": {"type": "Point", "coordinates": [126.98223, 37.48703]}, "properties": {"name": "Chongsin Univ. (Isu)", "maplabel": "", "conn_score": 82.0, "conn_tier": "very-high", "district": "Dongjak-gu", "minutes_from_origin": 17.4, "tt_band": "15–30", "minutes_from_origin_ebt": 8.4, "tt_band_ebt": "0–15", "minutes_from_origin_jongno": 24.0, "tt_band_jongno": "15–30", "minutes_from_origin_gangnam": 13.4, "tt_band_gangnam": "0–15", "minutes_from_origin_hongik": 25.9, "tt_band_hongik": "15–30", "reach45": 314, "reach_band": "very-high"}}, {"type": "Feature", "geometry": {"type": "Point", "coordinates": [126.94234, 37.54771]}, "properties": {"name": "대흥", "maplabel": "", "conn_score": 61.4, "conn_tier": "high", "district": "Mapo-gu", "minutes_from_origin": 12.0, "tt_band": "0–15", "minutes_from_origin_ebt": 20.4, "tt_band_ebt": "15–30", "minutes_from_origin_jongno": 14.1, "tt_band_jongno": "0–15", "minutes_from_origin_gangnam": 26.0, "tt_band_gangnam": "15–30", "minutes_from_origin_hongik": 21.3, "tt_band_hongik": "15–30", "reach45": 300, "reach_band": "very-high"}}, {"type": "Feature", "geometry": {"type": "Point", "coordinates": [127.08566, 37.59584]}, "properties": {"name": "상봉", "maplabel": "", "conn_score": 30.7, "conn_tier": "low", "district": "Jungnang-gu", "minutes_from_origin": 34.9, "tt_band": "30–45", "minutes_from_origin_ebt": 32.2, "tt_band_ebt": "30–45", "minutes_from_origin_jongno": 30.7, "tt_band_jongno": "30–45", "minutes_from_origin_gangnam": 37.8, "tt_band_gangnam": "30–45", "minutes_from_origin_hongik": 45.1, "tt_band_hongik": "45–60", "reach45": 226, "reach_band": "mid"}}, {"type": "Feature", "geometry": {"type": "Point", "coordinates": [127.04147, 37.60194]}, "properties": {"name": "월곡", "maplabel": "", "conn_score": 35.7, "conn_tier": "low", "district": "Seongbuk-gu", "minutes_from_origin": 24.3, "tt_band": "15–30", "minutes_from_origin_ebt": 31.4, "tt_band_ebt": "30–45", "minutes_from_origin_jongno": 20.1, "tt_band_jongno": "15–30", "minutes_from_origin_gangnam": 32.5, "tt_band_gangnam": "30–45", "minutes_from_origin_hongik": 34.6, "tt_band_hongik": "30–45", "reach45": 245, "reach_band": "mid"}}, {"type": "Feature", "geometry": {"type": "Point", "coordinates": [127.03074, 37.51395]}, "properties": {"name": "학동", "maplabel": "", "conn_score": 64.5, "conn_tier": "high", "district": "Gangnam-gu", "minutes_from_origin": 24.3, "tt_band": "15–30", "minutes_from_origin_ebt": 6.0, "tt_band_ebt": "0–15", "minutes_from_origin_jongno": 28.6, "tt_band_jongno": "15–30", "minutes_from_origin_gangnam": 11.6, "tt_band_gangnam": "0–15", "minutes_from_origin_hongik": 32.8, "tt_band_hongik": "30–45", "reach45": 304, "reach_band": "very-high"}}, {"type": "Feature", "geometry": {"type": "Point", "coordinates": [126.9981, 37.56693]}, "properties": {"name": "을지로4가", "maplabel": "", "conn_score": 78.5, "conn_tier": "very-high", "district": "Jung-gu", "minutes_from_origin": 8.5, "tt_band": "0–15", "minutes_from_origin_ebt": 21.1, "tt_band_ebt": "15–30", "minutes_from_origin_jongno": 1.9, "tt_band_jongno": "0–15", "minutes_from_origin_gangnam": 22.2, "tt_band_gangnam": "15–30", "minutes_from_origin_hongik": 17.2, "tt_band_hongik": "15–30", "reach45": 323, "reach_band": "very-high"}}, {"type": "Feature", "geometry": {"type": "Point", "coordinates": [126.84291, 37.65311]}, "properties": {"name": "Wondang", "maplabel": "", "conn_score": 15.3, "conn_tier": "very-low", "district": null, "minutes_from_origin": 47.5, "tt_band": "45–60", "minutes_from_origin_ebt": 63.4, "tt_band_ebt": "60+", "minutes_from_origin_jongno": 40.8, "tt_band_jongno": "30–45", "minutes_from_origin_gangnam": 64.5, "tt_band_gangnam": "60+", "minutes_from_origin_hongik": 56.1, "tt_band_hongik": "45–60", "reach45": 54, "reach_band": "very-low"}}, {"type": "Feature", "geometry": {"type": "Point", "coordinates": [127.12673, 37.4709]}, "properties": {"name": "Bokjeong", "maplabel": "", "conn_score": 33.3, "conn_tier": "low", "district": "Songpa-gu", "minutes_from_origin": 47.9, "tt_band": "45–60", "minutes_from_origin_ebt": 29.7, "tt_band_ebt": "15–30", "minutes_from_origin_jongno": 47.8, "tt_band_jongno": "45–60", "minutes_from_origin_gangnam": 26.1, "tt_band_gangnam": "15–30", "minutes_from_origin_hongik": 56.5, "tt_band_hongik": "45–60", "reach45": 159, "reach_band": "low"}}, {"type": "Feature", "geometry": {"type": "Point", "coordinates": [127.15379, 37.55498]}, "properties": {"name": "Godeok", "maplabel": "", "conn_score": 30.2, "conn_tier": "low", "district": "Gangdong-gu", "minutes_from_origin": 43.7, "tt_band": "30–45", "minutes_from_origin_ebt": 37.4, "tt_band_ebt": "30–45", "minutes_from_origin_jongno": 39.5, "tt_band_jongno": "30–45", "minutes_from_origin_gangnam": 33.8, "tt_band_gangnam": "30–45", "minutes_from_origin_hongik": 53.9, "tt_band_hongik": "45–60", "reach45": 185, "reach_band": "mid"}}, {"type": "Feature", "geometry": {"type": "Point", "coordinates": [127.10842, 37.36737]}, "properties": {"name": "Jeongja", "maplabel": "", "conn_score": 42.5, "conn_tier": "mid", "district": null, "minutes_from_origin": 56.9, "tt_band": "45–60", "minutes_from_origin_ebt": 38.7, "tt_band_ebt": "30–45", "minutes_from_origin_jongno": 56.8, "tt_band_jongno": "45–60", "minutes_from_origin_gangnam": 33.1, "tt_band_gangnam": "30–45", "minutes_from_origin_hongik": 65.4, "tt_band_hongik": "60+", "reach45": 56, "reach_band": "very-low"}}, {"type": "Feature", "geometry": {"type": "Point", "coordinates": [127.25328, 37.3989]}, "properties": {"name": "경기광주", "maplabel": "", "conn_score": 32.8, "conn_tier": "low", "district": null, "minutes_from_origin": 75.7, "tt_band": "60+", "minutes_from_origin_ebt": 57.5, "tt_band_ebt": "45–60", "minutes_from_origin_jongno": 75.6, "tt_band_jongno": "60+", "minutes_from_origin_gangnam": 52.0, "tt_band_gangnam": "45–60", "minutes_from_origin_hongik": 84.2, "tt_band_hongik": "60+", "reach45": 13, "reach_band": "very-low"}}, {"type": "Feature", "geometry": {"type": "Point", "coordinates": [127.14657, 36.81093]}, "properties": {"name": "Cheonan", "maplabel": "", "conn_score": 19.3, "conn_tier": "very-low", "district": null, "minutes_from_origin": 172.5, "tt_band": "60+", "minutes_from_origin_ebt": 169.5, "tt_band_ebt": "60+", "minutes_from_origin_jongno": 179.1, "tt_band_jongno": "60+", "minutes_from_origin_gangnam": 169.4, "tt_band_gangnam": "60+", "minutes_from_origin_hongik": 173.1, "tt_band_hongik": "60+", "reach45": 11, "reach_band": "very-low"}}, {"type": "Feature", "geometry": {"type": "Point", "coordinates": [126.88262, 37.51448]}, "properties": {"name": "Dorimcheon", "maplabel": "", "conn_score": 78.1, "conn_tier": "very-high", "district": "Guro-gu", "minutes_from_origin": 19.2, "tt_band": "15–30", "minutes_from_origin_ebt": 23.2, "tt_band_ebt": "15–30", "minutes_from_origin_jongno": 25.8, "tt_band_jongno": "15–30", "minutes_from_origin_gangnam": 28.8, "tt_band_gangnam": "15–30", "minutes_from_origin_hongik": 15.9, "tt_band_hongik": "15–30", "reach45": 281, "reach_band": "high"}}, {"type": "Feature", "geometry": {"type": "Point", "coordinates": [127.01631, 37.48498]}, "properties": {"name": "Nambu Bus Terminal (Seoul Arts Center)", "maplabel": "", "conn_score": 72.2, "conn_tier": "very-high", "district": "Seocho-gu", "minutes_from_origin": 23.7, "tt_band": "15–30", "minutes_from_origin_ebt": 5.5, "tt_band_ebt": "0–15", "minutes_from_origin_jongno": 28.1, "tt_band_jongno": "15–30", "minutes_from_origin_gangnam": 5.1, "tt_band_gangnam": "0–15", "minutes_from_origin_hongik": 32.2, "tt_band_hongik": "30–45", "reach45": 305, "reach_band": "very-high"}}, {"type": "Feature", "geometry": {"type": "Point", "coordinates": [126.98196, 37.48532]}, "properties": {"name": "Isu", "maplabel": "", "conn_score": 69.2, "conn_tier": "high", "district": "Dongjak-gu", "minutes_from_origin": 25.1, "tt_band": "15–30", "minutes_from_origin_ebt": 6.8, "tt_band_ebt": "0–15", "minutes_from_origin_jongno": 29.4, "tt_band_jongno": "15–30", "minutes_from_origin_gangnam": 12.4, "tt_band_gangnam": "0–15", "minutes_from_origin_hongik": 33.6, "tt_band_hongik": "30–45", "reach45": 288, "reach_band": "high"}}, {"type": "Feature", "geometry": {"type": "Point", "coordinates": [127.04824, 37.60622]}, "properties": {"name": "상월곡", "maplabel": "", "conn_score": 33.0, "conn_tier": "low", "district": "Seongbuk-gu", "minutes_from_origin": 26.2, "tt_band": "15–30", "minutes_from_origin_ebt": 33.3, "tt_band_ebt": "30–45", "minutes_from_origin_jongno": 22.0, "tt_band_jongno": "15–30", "minutes_from_origin_gangnam": 34.4, "tt_band_gangnam": "30–45", "minutes_from_origin_hongik": 36.5, "tt_band_hongik": "30–45", "reach45": 232, "reach_band": "mid"}}, {"type": "Feature", "geometry": {"type": "Point", "coordinates": [127.04131, 37.51718]}, "properties": {"name": "Gangnam-gu Office", "maplabel": "", "conn_score": 59.2, "conn_tier": "high", "district": "Gangnam-gu", "minutes_from_origin": 26.6, "tt_band": "15–30", "minutes_from_origin_ebt": 8.4, "tt_band_ebt": "0–15", "minutes_from_origin_jongno": 30.9, "tt_band_jongno": "30–45", "minutes_from_origin_gangnam": 14.0, "tt_band_gangnam": "0–15", "minutes_from_origin_hongik": 35.1, "tt_band_hongik": "30–45", "reach45": 293, "reach_band": "high"}}, {"type": "Feature", "geometry": {"type": "Point", "coordinates": [126.932, 37.54747]}, "properties": {"name": "광흥창", "maplabel": "", "conn_score": 54.5, "conn_tier": "high", "district": "Mapo-gu", "minutes_from_origin": 14.2, "tt_band": "0–15", "minutes_from_origin_ebt": 22.6, "tt_band_ebt": "15–30", "minutes_from_origin_jongno": 16.3, "tt_band_jongno": "15–30", "minutes_from_origin_gangnam": 28.2, "tt_band_gangnam": "15–30", "minutes_from_origin_hongik": 23.5, "tt_band_hongik": "15–30", "reach45": 284, "reach_band": "high"}}, {"type": "Feature", "geometry": {"type": "Point", "coordinates": [127.0855, 37.5116]}, "properties": {"name": "Jamsilsaenae", "maplabel": "", "conn_score": 62.2, "conn_tier": "high", "district": "Songpa-gu", "minutes_from_origin": 34.1, "tt_band": "30–45", "minutes_from_origin_ebt": 15.9, "tt_band_ebt": "15–30", "minutes_from_origin_jongno": 33.5, "tt_band_jongno": "30–45", "minutes_from_origin_gangnam": 12.3, "tt_band_gangnam": "0–15", "minutes_from_origin_hongik": 42.6, "tt_band_hongik": "30–45", "reach45": 268, "reach_band": "high"}}, {"type": "Feature", "geometry": {"type": "Point", "coordinates": [127.07947, 37.60163]}, "properties": {"name": "중화", "maplabel": "", "conn_score": 27.4, "conn_tier": "very-low", "district": "Jungnang-gu", "minutes_from_origin": 36.9, "tt_band": "30–45", "minutes_from_origin_ebt": 34.2, "tt_band_ebt": "30–45", "minutes_from_origin_jongno": 32.7, "tt_band_jongno": "30–45", "minutes_from_origin_gangnam": 39.8, "tt_band_gangnam": "30–45", "minutes_from_origin_hongik": 47.1, "tt_band_hongik": "45–60", "reach45": 214, "reach_band": "mid"}}, {"type": "Feature", "geometry": {"type": "Point", "coordinates": [126.75233, 37.48769]}, "properties": {"name": "Songnae", "maplabel": "", "conn_score": 55.6, "conn_tier": "high", "district": null, "minutes_from_origin": 42.3, "tt_band": "30–45", "minutes_from_origin_ebt": 46.3, "tt_band_ebt": "45–60", "minutes_from_origin_jongno": 48.9, "tt_band_jongno": "45–60", "minutes_from_origin_gangnam": 51.9, "tt_band_gangnam": "45–60", "minutes_from_origin_hongik": 39.0, "tt_band_hongik": "30–45", "reach45": 110, "reach_band": "low"}}, {"type": "Feature", "geometry": {"type": "Point", "coordinates": [127.01641, 37.59266]}, "properties": {"name": "Sungshin Women's Univ.", "maplabel": "", "conn_score": 51.4, "conn_tier": "mid", "district": "Seongbuk-gu", "minutes_from_origin": 17.4, "tt_band": "15–30", "minutes_from_origin_ebt": 28.2, "tt_band_ebt": "15–30", "minutes_from_origin_jongno": 11.4, "tt_band_jongno": "0–15", "minutes_from_origin_gangnam": 29.3, "tt_band_gangnam": "15–30", "minutes_from_origin_hongik": 26.7, "tt_band_hongik": "15–30", "reach45": 272, "reach_band": "high"}}, {"type": "Feature", "geometry": {"type": "Point", "coordinates": [127.01642, 37.59263]}, "properties": {"name": "Sungshin Women's University", "maplabel": "", "conn_score": 51.4, "conn_tier": "mid", "district": "Seongbuk-gu", "minutes_from_origin": 17.4, "tt_band": "15–30", "minutes_from_origin_ebt": 28.2, "tt_band_ebt": "15–30", "minutes_from_origin_jongno": 11.4, "tt_band_jongno": "0–15", "minutes_from_origin_gangnam": 29.3, "tt_band_gangnam": "15–30", "minutes_from_origin_hongik": 26.7, "tt_band_hongik": "15–30", "reach45": 272, "reach_band": "high"}}, {"type": "Feature", "geometry": {"type": "Point", "coordinates": [126.92091, 37.61949]}, "properties": {"name": "연신내", "maplabel": "", "conn_score": 32.1, "conn_tier": "low", "district": "Eunpyeong-gu", "minutes_from_origin": 27.4, "tt_band": "15–30", "minutes_from_origin_ebt": 43.4, "tt_band_ebt": "30–45", "minutes_from_origin_jongno": 20.8, "tt_band_jongno": "15–30", "minutes_from_origin_gangnam": 44.5, "tt_band_gangnam": "30–45", "minutes_from_origin_hongik": 36.1, "tt_band_hongik": "30–45", "reach45": 165, "reach_band": "low"}}, {"type": "Feature", "geometry": {"type": "Point", "coordinates": [127.07761, 37.61144]}, "properties": {"name": "먹골", "maplabel": "", "conn_score": 26.3, "conn_tier": "very-low", "district": "Jungnang-gu", "minutes_from_origin": 34.5, "tt_band": "30–45", "minutes_from_origin_ebt": 36.7, "tt_band_ebt": "30–45", "minutes_from_origin_jongno": 30.3, "tt_band_jongno": "30–45", "minutes_from_origin_gangnam": 42.3, "tt_band_gangnam": "30–45", "minutes_from_origin_hongik": 44.7, "tt_band_hongik": "30–45", "reach45": 207, "reach_band": "mid"}}, {"type": "Feature", "geometry": {"type": "Point", "coordinates": [127.05547, 37.49091]}, "properties": {"name": "Dogok", "maplabel": "", "conn_score": 54.1, "conn_tier": "mid", "district": "Gangnam-gu", "minutes_from_origin": 31.8, "tt_band": "30–45", "minutes_from_origin_ebt": 13.6, "tt_band_ebt": "0–15", "minutes_from_origin_jongno": 31.7, "tt_band_jongno": "30–45", "minutes_from_origin_gangnam": 8.1, "tt_band_gangnam": "0–15", "minutes_from_origin_hongik": 40.3, "tt_band_hongik": "30–45", "reach45": 275, "reach_band": "high"}}, {"type": "Feature", "geometry": {"type": "Point", "coordinates": [127.05648, 37.61055]}, "properties": {"name": "돌곶이", "maplabel": "", "conn_score": 30.7, "conn_tier": "low", "district": "Seongbuk-gu", "minutes_from_origin": 28.3, "tt_band": "15–30", "minutes_from_origin_ebt": 35.4, "tt_band_ebt": "30–45", "minutes_from_origin_jongno": 24.1, "tt_band_jongno": "15–30", "minutes_from_origin_gangnam": 36.5, "tt_band_gangnam": "30–45", "minutes_from_origin_hongik": 38.5, "tt_band_hongik": "30–45", "reach45": 228, "reach_band": "mid"}}, {"type": "Feature", "geometry": {"type": "Point", "coordinates": [127.05117, 37.519]}, "properties": {"name": "청담", "maplabel": "", "conn_score": 55.7, "conn_tier": "high", "district": "Gangnam-gu", "minutes_from_origin": 28.7, "tt_band": "15–30", "minutes_from_origin_ebt": 10.5, "tt_band_ebt": "0–15", "minutes_from_origin_jongno": 31.2, "tt_band_jongno": "30–45", "minutes_from_origin_gangnam": 16.1, "tt_band_gangnam": "15–30", "minutes_from_origin_hongik": 37.2, "tt_band_hongik": "30–45", "reach45": 286, "reach_band": "high"}}, {"type": "Feature", "geometry": {"type": "Point", "coordinates": [126.83263, 37.63462]}, "properties": {"name": "Hwajeong", "maplabel": "", "conn_score": 12.6, "conn_tier": "very-low", "district": null, "minutes_from_origin": 52.0, "tt_band": "45–60", "minutes_from_origin_ebt": 68.0, "tt_band_ebt": "60+", "minutes_from_origin_jongno": 45.4, "tt_band_jongno": "45–60", "minutes_from_origin_gangnam": 69.1, "tt_band_gangnam": "60+", "minutes_from_origin_hongik": 60.7, "tt_band_hongik": "60+", "reach45": 38, "reach_band": "very-low"}}, {"type": "Feature", "geometry": {"type": "Point", "coordinates": [126.83849, 37.31603]}, "properties": {"name": "Jungang", "maplabel": "", "conn_score": 48.6, "conn_tier": "mid", "district": null, "minutes_from_origin": 71.5, "tt_band": "60+", "minutes_from_origin_ebt": 68.5, "tt_band_ebt": "60+", "minutes_from_origin_jongno": 78.1, "tt_band_jongno": "60+", "minutes_from_origin_gangnam": 68.4, "tt_band_gangnam": "60+", "minutes_from_origin_hongik": 72.1, "tt_band_hongik": "60+", "reach45": 27, "reach_band": "very-low"}}, {"type": "Feature", "geometry": {"type": "Point", "coordinates": [127.12744, 37.54984]}, "properties": {"name": "Amsa", "maplabel": "", "conn_score": 43.2, "conn_tier": "mid", "district": "Gangdong-gu", "minutes_from_origin": 36.7, "tt_band": "30–45", "minutes_from_origin_ebt": 32.5, "tt_band_ebt": "30–45", "minutes_from_origin_jongno": 32.5, "tt_band_jongno": "30–45", "minutes_from_origin_gangnam": 28.9, "tt_band_gangnam": "15–30", "minutes_from_origin_hongik": 46.9, "tt_band_hongik": "45–60", "reach45": 223, "reach_band": "mid"}}, {"type": "Feature", "geometry": {"type": "Point", "coordinates": [127.13923, 37.46276]}, "properties": {"name": "Namwirye", "maplabel": "", "conn_score": 29.0, "conn_tier": "low", "district": null, "minutes_from_origin": 51.0, "tt_band": "45–60", "minutes_from_origin_ebt": 32.8, "tt_band_ebt": "30–45", "minutes_from_origin_jongno": 50.9, "tt_band_jongno": "45–60", "minutes_from_origin_gangnam": 29.2, "tt_band_gangnam": "15–30", "minutes_from_origin_hongik": 59.6, "tt_band_hongik": "45–60", "reach45": 136, "reach_band": "low"}}, {"type": "Feature", "geometry": {"type": "Point", "coordinates": [127.16655, 37.55676]}, "properties": {"name": "Sangil-dong", "maplabel": "", "conn_score": 26.2, "conn_tier": "very-low", "district": "Gangdong-gu", "minutes_from_origin": 46.3, "tt_band": "45–60", "minutes_from_origin_ebt": 40.0, "tt_band_ebt": "30–45", "minutes_from_origin_jongno": 42.1, "tt_band_jongno": "30–45", "minutes_from_origin_gangnam": 36.4, "tt_band_gangnam": "30–45", "minutes_from_origin_hongik": 56.5, "tt_band_hongik": "45–60", "reach45": 165, "reach_band": "low"}}, {"type": "Feature", "geometry": {"type": "Point", "coordinates": [127.10889, 37.34999]}, "properties": {"name": "Migeum", "maplabel": "", "conn_score": 37.2, "conn_tier": "low", "district": null, "minutes_from_origin": 60.9, "tt_band": "60+", "minutes_from_origin_ebt": 42.7, "tt_band_ebt": "30–45", "minutes_from_origin_jongno": 60.8, "tt_band_jongno": "60+", "minutes_from_origin_gangnam": 37.2, "tt_band_gangnam": "30–45", "minutes_from_origin_hongik": 69.4, "tt_band_hongik": "60+", "reach45": 43, "reach_band": "very-low"}}, {"type": "Feature", "geometry": {"type": "Point", "coordinates": [127.29996, 37.37336]}, "properties": {"name": "Chowol", "maplabel": "", "conn_score": 28.6, "conn_tier": "low", "district": null, "minutes_from_origin": 85.3, "tt_band": "60+", "minutes_from_origin_ebt": 67.1, "tt_band_ebt": "60+", "minutes_from_origin_jongno": 85.2, "tt_band_jongno": "60+", "minutes_from_origin_gangnam": 61.6, "tt_band_gangnam": "60+", "minutes_from_origin_hongik": 93.8, "tt_band_hongik": "60+", "reach45": 11, "reach_band": "very-low"}}, {"type": "Feature", "geometry": {"type": "Point", "coordinates": [127.13607, 36.8014]}, "properties": {"name": "Bongmyeong", "maplabel": "", "conn_score": 16.3, "conn_tier": "very-low", "district": null, "minutes_from_origin": 175.6, "tt_band": "60+", "minutes_from_origin_ebt": 172.6, "tt_band_ebt": "60+", "minutes_from_origin_jongno": 182.2, "tt_band_jongno": "60+", "minutes_from_origin_gangnam": 172.5, "tt_band_gangnam": "60+", "minutes_from_origin_hongik": 176.2, "tt_band_hongik": "60+", "reach45": 11, "reach_band": "very-low"}}, {"type": "Feature", "geometry": {"type": "Point", "coordinates": [127.05656, 37.9026]}, "properties": {"name": "Dongducheonjungang (Shinhan University Campus 2)", "maplabel": "", "conn_score": 9.7, "conn_tier": "very-low", "district": null, "minutes_from_origin": 91.3, "tt_band": "60+", "minutes_from_origin_ebt": 102.0, "tt_band_ebt": "60+", "minutes_from_origin_jongno": 85.2, "tt_band_jongno": "60+", "minutes_from_origin_gangnam": 103.1, "tt_band_gangnam": "60+", "minutes_from_origin_hongik": 100.5, "tt_band_hongik": "60+", "reach45": 16, "reach_band": "very-low"}}, {"type": "Feature", "geometry": {"type": "Point", "coordinates": [127.07301, 37.62561]}, "properties": {"name": "공릉", "maplabel": "", "conn_score": 24.0, "conn_tier": "very-low", "district": "Nowon-gu", "minutes_from_origin": 34.7, "tt_band": "30–45", "minutes_from_origin_ebt": 40.7, "tt_band_ebt": "30–45", "minutes_from_origin_jongno": 30.5, "tt_band_jongno": "30–45", "minutes_from_origin_gangnam": 42.9, "tt_band_gangnam": "30–45", "minutes_from_origin_hongik": 44.9, "tt_band_hongik": "30–45", "reach45": 190, "reach_band": "mid"}}, {"type": "Feature", "geometry": {"type": "Point", "coordinates": [126.81137, 37.50624]}, "properties": {"name": "까치울", "maplabel": "", "conn_score": 56.9, "conn_tier": "high", "district": null, "minutes_from_origin": 34.6, "tt_band": "30–45", "minutes_from_origin_ebt": 38.6, "tt_band_ebt": "30–45", "minutes_from_origin_jongno": 41.2, "tt_band_jongno": "30–45", "minutes_from_origin_gangnam": 44.2, "tt_band_gangnam": "30–45", "minutes_from_origin_hongik": 31.3, "tt_band_hongik": "30–45", "reach45": 173, "reach_band": "mid"}}, {"type": "Feature", "geometry": {"type": "Point", "coordinates": [127.10029, 37.5133]}, "properties": {"name": "Jamsil(Songpa-gu Office)", "maplabel": "", "conn_score": 56.9, "conn_tier": "high", "district": "Songpa-gu", "minutes_from_origin": 34.8, "tt_band": "30–45", "minutes_from_origin_ebt": 18.8, "tt_band_ebt": "15–30", "minutes_from_origin_jongno": 30.6, "tt_band_jongno": "30–45", "minutes_from_origin_gangnam": 15.2, "tt_band_gangnam": "15–30", "minutes_from_origin_hongik": 45.0, "tt_band_hongik": "30–45", "reach45": 259, "reach_band": "high"}}, {"type": "Feature", "geometry": {"type": "Point", "coordinates": [126.86592, 37.51228]}, "properties": {"name": "Yangcheon-gu Office", "maplabel": "", "conn_score": 68.4, "conn_tier": "high", "district": "Yangcheon-gu", "minutes_from_origin": 22.4, "tt_band": "15–30", "minutes_from_origin_ebt": 26.4, "tt_band_ebt": "15–30", "minutes_from_origin_jongno": 29.0, "tt_band_jongno": "15–30", "minutes_from_origin_gangnam": 32.0, "tt_band_gangnam": "30–45", "minutes_from_origin_hongik": 19.1, "tt_band_hongik": "15–30", "reach45": 257, "reach_band": "high"}}, {"type": "Feature", "geometry": {"type": "Point", "coordinates": [126.93253, 37.52685]}, "properties": {"name": "여의나루", "maplabel": "", "conn_score": 76.4, "conn_tier": "very-high", "district": "Yeongdeungpo-gu", "minutes_from_origin": 15.4, "tt_band": "15–30", "minutes_from_origin_ebt": 17.5, "tt_band_ebt": "15–30", "minutes_from_origin_jongno": 17.5, "tt_band_jongno": "15–30", "minutes_from_origin_gangnam": 23.1, "tt_band_gangnam": "15–30", "minutes_from_origin_hongik": 13.7, "tt_band_hongik": "0–15", "reach45": 311, "reach_band": "very-high"}}, {"type": "Feature", "geometry": {"type": "Point", "coordinates": [127.06674, 37.53154]}, "properties": {"name": "Jayang", "maplabel": "", "conn_score": 53.7, "conn_tier": "mid", "district": "Gwangjin-gu", "minutes_from_origin": 31.4, "tt_band": "30–45", "minutes_from_origin_ebt": 14.5, "tt_band_ebt": "0–15", "minutes_from_origin_jongno": 27.2, "tt_band_jongno": "15–30", "minutes_from_origin_gangnam": 20.1, "tt_band_gangnam": "15–30", "minutes_from_origin_hongik": 41.3, "tt_band_hongik": "30–45", "reach45": 284, "reach_band": "high"}}, {"type": "Feature", "geometry": {"type": "Point", "coordinates": [126.97187, 37.48436]}, "properties": {"name": "남성", "maplabel": "", "conn_score": 60.6, "conn_tier": "high", "district": "Dongjak-gu", "minutes_from_origin": 27.2, "tt_band": "15–30", "minutes_from_origin_ebt": 9.0, "tt_band_ebt": "0–15", "minutes_from_origin_jongno": 31.6, "tt_band_jongno": "30–45", "minutes_from_origin_gangnam": 14.6, "tt_band_gangnam": "0–15", "minutes_from_origin_hongik": 35.7, "tt_band_hongik": "30–45", "reach45": 279, "reach_band": "high"}}, {"type": "Feature", "geometry": {"type": "Point", "coordinates": [127.07112, 37.541]}, "properties": {"name": "Konkuk Univ.", "maplabel": "", "conn_score": 52.9, "conn_tier": "mid", "district": "Gwangjin-gu", "minutes_from_origin": 28.8, "tt_band": "15–30", "minutes_from_origin_ebt": 17.1, "tt_band_ebt": "15–30", "minutes_from_origin_jongno": 24.6, "tt_band_jongno": "15–30", "minutes_from_origin_gangnam": 22.7, "tt_band_gangnam": "15–30", "minutes_from_origin_hongik": 39.0, "tt_band_hongik": "30–45", "reach45": 284, "reach_band": "high"}}, {"type": "Feature", "geometry": {"type": "Point", "coordinates": [126.92292, 37.54776]}, "properties": {"name": "상수", "maplabel": "", "conn_score": 48.5, "conn_tier": "mid", "district": "Mapo-gu", "minutes_from_origin": 16.1, "tt_band": "15–30", "minutes_from_origin_ebt": 24.5, "tt_band_ebt": "15–30", "minutes_from_origin_jongno": 18.3, "tt_band_jongno": "15–30", "minutes_from_origin_gangnam": 30.1, "tt_band_gangnam": "30–45", "minutes_from_origin_hongik": 25.4, "tt_band_hongik": "15–30", "reach45": 272, "reach_band": "high"}}, {"type": "Feature", "geometry": {"type": "Point", "coordinates": [127.0744, 37.54762]}, "properties": {"name": "어린이대공원", "maplabel": "", "conn_score": 52.6, "conn_tier": "mid", "district": "Gwangjin-gu", "minutes_from_origin": 26.9, "tt_band": "15–30", "minutes_from_origin_ebt": 19.0, "tt_band_ebt": "15–30", "minutes_from_origin_jongno": 22.7, "tt_band_jongno": "15–30", "minutes_from_origin_gangnam": 24.6, "tt_band_gangnam": "15–30", "minutes_from_origin_hongik": 37.1, "tt_band_hongik": "30–45", "reach45": 286, "reach_band": "high"}}, {"type": "Feature", "geometry": {"type": "Point", "coordinates": [127.0561, 37.54457]}, "properties": {"name": "Seongsu", "maplabel": "", "conn_score": 51.8, "conn_tier": "mid", "district": "Seongdong-gu", "minutes_from_origin": 20.9, "tt_band": "15–30", "minutes_from_origin_ebt": 29.6, "tt_band_ebt": "15–30", "minutes_from_origin_jongno": 16.7, "tt_band_jongno": "15–30", "minutes_from_origin_gangnam": 29.0, "tt_band_gangnam": "15–30", "minutes_from_origin_hongik": 31.1, "tt_band_hongik": "30–45", "reach45": 281, "reach_band": "high"}}, {"type": "Feature", "geometry": {"type": "Point", "coordinates": [127.06576, 37.6149]}, "properties": {"name": "석계", "maplabel": "", "conn_score": 28.6, "conn_tier": "low", "district": "Seongbuk-gu", "minutes_from_origin": 30.5, "tt_band": "30–45", "minutes_from_origin_ebt": 37.6, "tt_band_ebt": "30–45", "minutes_from_origin_jongno": 26.3, "tt_band_jongno": "15–30", "minutes_from_origin_gangnam": 38.7, "tt_band_gangnam": "30–45", "minutes_from_origin_hongik": 40.8, "tt_band_hongik": "30–45", "reach45": 217, "reach_band": "mid"}}, {"type": "Feature", "geometry": {"type": "Point", "coordinates": [126.91877, 37.63685]}, "properties": {"name": "Gupabal", "maplabel": "", "conn_score": 28.3, "conn_tier": "low", "district": "Eunpyeong-gu", "minutes_from_origin": 31.5, "tt_band": "30–45", "minutes_from_origin_ebt": 47.5, "tt_band_ebt": "45–60", "minutes_from_origin_jongno": 24.9, "tt_band_jongno": "15–30", "minutes_from_origin_gangnam": 48.5, "tt_band_gangnam": "45–60", "minutes_from_origin_hongik": 40.2, "tt_band_hongik": "30–45", "reach45": 140, "reach_band": "low"}}, {"type": "Feature", "geometry": {"type": "Point", "coordinates": [126.80143, 37.56203]}, "properties": {"name": "Gimpo Int'l Airport", "maplabel": "", "conn_score": 46.4, "conn_tier": "mid", "district": "Gangseo-gu", "minutes_from_origin": 40.4, "tt_band": "30–45", "minutes_from_origin_ebt": 40.3, "tt_band_ebt": "30–45", "minutes_from_origin_jongno": 42.2, "tt_band_jongno": "30–45", "minutes_from_origin_gangnam": 45.9, "tt_band_gangnam": "45–60", "minutes_from_origin_hongik": 26.9, "tt_band_hongik": "15–30", "reach45": 118, "reach_band": "low"}}, {"type": "Feature", "geometry": {"type": "Point", "coordinates": [126.75371, 37.48763]}, "properties": {"name": "송내", "maplabel": "", "conn_score": 55.6, "conn_tier": "high", "district": null, "minutes_from_origin": 42.0, "tt_band": "30–45", "minutes_from_origin_ebt": 46.1, "tt_band_ebt": "45–60", "minutes_from_origin_jongno": 48.7, "tt_band_jongno": "45–60", "minutes_from_origin_gangnam": 51.7, "tt_band_gangnam": "45–60", "minutes_from_origin_hongik": 38.8, "tt_band_hongik": "30–45", "reach45": 110, "reach_band": "low"}}, {"type": "Feature", "geometry": {"type": "Point", "coordinates": [127.10384, 37.52067]}, "properties": {"name": "Jamsillaru", "maplabel": "", "conn_score": 53.5, "conn_tier": "mid", "district": "Songpa-gu", "minutes_from_origin": 32.7, "tt_band": "30–45", "minutes_from_origin_ebt": 20.9, "tt_band_ebt": "15–30", "minutes_from_origin_jongno": 28.5, "tt_band_jongno": "15–30", "minutes_from_origin_gangnam": 17.3, "tt_band_gangnam": "15–30", "minutes_from_origin_hongik": 42.9, "tt_band_hongik": "30–45", "reach45": 258, "reach_band": "high"}}, {"type": "Feature", "geometry": {"type": "Point", "coordinates": [126.91884, 37.63686]}, "properties": {"name": "구파발", "maplabel": "", "conn_score": 28.1, "conn_tier": "low", "district": "Eunpyeong-gu", "minutes_from_origin": 31.5, "tt_band": "30–45", "minutes_from_origin_ebt": 47.4, "tt_band_ebt": "45–60", "minutes_from_origin_jongno": 24.8, "tt_band_jongno": "15–30", "minutes_from_origin_gangnam": 48.5, "tt_band_gangnam": "45–60", "minutes_from_origin_hongik": 40.1, "tt_band_hongik": "30–45", "reach45": 136, "reach_band": "low"}}, {"type": "Feature", "geometry": {"type": "Point", "coordinates": [126.94598, 37.53962]}, "properties": {"name": "마포", "maplabel": "", "conn_score": 72.0, "conn_tier": "very-high", "district": "Mapo-gu", "minutes_from_origin": 11.6, "tt_band": "0–15", "minutes_from_origin_ebt": 19.9, "tt_band_ebt": "15–30", "minutes_from_origin_jongno": 13.7, "tt_band_jongno": "0–15", "minutes_from_origin_gangnam": 25.5, "tt_band_gangnam": "15–30", "minutes_from_origin_hongik": 17.5, "tt_band_hongik": "15–30", "reach45": 306, "reach_band": "very-high"}}, {"type": "Feature", "geometry": {"type": "Point", "coordinates": [126.83893, 37.48635]}, "properties": {"name": "천왕", "maplabel": "", "conn_score": 56.3, "conn_tier": "high", "district": "Guro-gu", "minutes_from_origin": 33.9, "tt_band": "30–45", "minutes_from_origin_ebt": 37.9, "tt_band_ebt": "30–45", "minutes_from_origin_jongno": 40.5, "tt_band_jongno": "30–45", "minutes_from_origin_gangnam": 43.5, "tt_band_gangnam": "30–45", "minutes_from_origin_hongik": 30.6, "tt_band_hongik": "30–45", "reach45": 177, "reach_band": "mid"}}, {"type": "Feature", "geometry": {"type": "Point", "coordinates": [127.05531, 37.67787]}, "properties": {"name": "수락산", "maplabel": "", "conn_score": 21.2, "conn_tier": "very-low", "district": "Nowon-gu", "minutes_from_origin": 48.2, "tt_band": "45–60", "minutes_from_origin_ebt": 54.2, "tt_band_ebt": "45–60", "minutes_from_origin_jongno": 42.6, "tt_band_jongno": "30–45", "minutes_from_origin_gangnam": 56.3, "tt_band_gangnam": "45–60", "minutes_from_origin_hongik": 57.9, "tt_band_hongik": "45–60", "reach45": 96, "reach_band": "low"}}, {"type": "Feature", "geometry": {"type": "Point", "coordinates": [127.09472, 37.53514]}, "properties": {"name": "Gangbyeon(Dongseoul Bus Terminal)", "maplabel": "", "conn_score": 51.1, "conn_tier": "mid", "district": "Gwangjin-gu", "minutes_from_origin": 28.9, "tt_band": "15–30", "minutes_from_origin_ebt": 24.6, "tt_band_ebt": "15–30", "minutes_from_origin_jongno": 24.7, "tt_band_jongno": "15–30", "minutes_from_origin_gangnam": 21.0, "tt_band_gangnam": "15–30", "minutes_from_origin_hongik": 39.1, "tt_band_hongik": "30–45", "reach45": 254, "reach_band": "high"}}, {"type": "Feature", "geometry": {"type": "Point", "coordinates": [127.06823, 37.63598]}, "properties": {"name": "하계", "maplabel": "", "conn_score": 21.1, "conn_tier": "very-low", "district": "Nowon-gu", "minutes_from_origin": 37.4, "tt_band": "30–45", "minutes_from_origin_ebt": 43.4, "tt_band_ebt": "30–45", "minutes_from_origin_jongno": 33.2, "tt_band_jongno": "30–45", "minutes_from_origin_gangnam": 45.6, "tt_band_gangnam": "45–60", "minutes_from_origin_hongik": 47.7, "tt_band_hongik": "45–60", "reach45": 168, "reach_band": "mid"}}, {"type": "Feature", "geometry": {"type": "Point", "coordinates": [126.811, 37.63169]}, "properties": {"name": "Daegok", "maplabel": "", "conn_score": 10.2, "conn_tier": "very-low", "district": null, "minutes_from_origin": 56.0, "tt_band": "45–60", "minutes_from_origin_ebt": 72.0, "tt_band_ebt": "60+", "minutes_from_origin_jongno": 49.4, "tt_band_jongno": "45–60", "minutes_from_origin_gangnam": 73.1, "tt_band_gangnam": "60+", "minutes_from_origin_hongik": 64.7, "tt_band_hongik": "60+", "reach45": 33, "reach_band": "very-low"}}, {"type": "Feature", "geometry": {"type": "Point", "coordinates": [127.06344, 37.65636]}, "properties": {"name": "Nowon", "maplabel": "", "conn_score": 19.6, "conn_tier": "very-low", "district": "Nowon-gu", "minutes_from_origin": 38.2, "tt_band": "30–45", "minutes_from_origin_ebt": 48.9, "tt_band_ebt": "45–60", "minutes_from_origin_jongno": 32.1, "tt_band_jongno": "30–45", "minutes_from_origin_gangnam": 50.0, "tt_band_gangnam": "45–60", "minutes_from_origin_hongik": 47.4, "tt_band_hongik": "45–60", "reach45": 98, "reach_band": "low"}}, {"type": "Feature", "geometry": {"type": "Point", "coordinates": [127.13731, 37.55706]}, "properties": {"name": "Amsa History Park", "maplabel": "", "conn_score": 37.9, "conn_tier": "low", "district": "Gangdong-gu", "minutes_from_origin": 39.4, "tt_band": "30–45", "minutes_from_origin_ebt": 35.1, "tt_band_ebt": "30–45", "minutes_from_origin_jongno": 35.2, "tt_band_jongno": "30–45", "minutes_from_origin_gangnam": 31.5, "tt_band_gangnam": "30–45", "minutes_from_origin_hongik": 49.6, "tt_band_hongik": "45–60", "reach45": 207, "reach_band": "mid"}}, {"type": "Feature", "geometry": {"type": "Point", "coordinates": [127.14991, 37.45687]}, "properties": {"name": "Sanseong", "maplabel": "", "conn_score": 25.2, "conn_tier": "very-low", "district": null, "minutes_from_origin": 53.6, "tt_band": "45–60", "minutes_from_origin_ebt": 35.4, "tt_band_ebt": "30–45", "minutes_from_origin_jongno": 53.5, "tt_band_jongno": "45–60", "minutes_from_origin_gangnam": 31.8, "tt_band_gangnam": "30–45", "minutes_from_origin_hongik": 62.1, "tt_band_hongik": "60+", "reach45": 121, "reach_band": "low"}}, {"type": "Feature", "geometry": {"type": "Point", "coordinates": [127.10281, 37.33788]}, "properties": {"name": "Dongcheon", "maplabel": "", "conn_score": 32.5, "conn_tier": "low", "district": null, "minutes_from_origin": 64.0, "tt_band": "60+", "minutes_from_origin_ebt": 45.8, "tt_band_ebt": "45–60", "minutes_from_origin_jongno": 63.9, "tt_band_jongno": "60+", "minutes_from_origin_gangnam": 40.3, "tt_band_gangnam": "30–45", "minutes_from_origin_hongik": 72.5, "tt_band_hongik": "60+", "reach45": 30, "reach_band": "very-low"}}, {"type": "Feature", "geometry": {"type": "Point", "coordinates": [127.34628, 37.3505]}, "properties": {"name": "곤지암", "maplabel": "", "conn_score": 24.7, "conn_tier": "very-low", "district": null, "minutes_from_origin": 94.6, "tt_band": "60+", "minutes_from_origin_ebt": 76.4, "tt_band_ebt": "60+", "minutes_from_origin_jongno": 94.5, "tt_band_jongno": "60+", "minutes_from_origin_gangnam": 70.8, "tt_band_gangnam": "60+", "minutes_from_origin_hongik": 103.1, "tt_band_hongik": "60+", "reach45": 9, "reach_band": "very-low"}}, {"type": "Feature", "geometry": {"type": "Point", "coordinates": [127.12136, 36.79375]}, "properties": {"name": "Ssangyong", "maplabel": "", "conn_score": 13.6, "conn_tier": "very-low", "district": null, "minutes_from_origin": 178.9, "tt_band": "60+", "minutes_from_origin_ebt": 175.9, "tt_band_ebt": "60+", "minutes_from_origin_jongno": 185.5, "tt_band_jongno": "60+", "minutes_from_origin_gangnam": 175.8, "tt_band_gangnam": "60+", "minutes_from_origin_hongik": 179.5, "tt_band_hongik": "60+", "reach45": 10, "reach_band": "very-low"}}, {"type": "Feature", "geometry": {"type": "Point", "coordinates": [127.17612, 37.55754]}, "properties": {"name": "Gangil", "maplabel": "", "conn_score": 22.6, "conn_tier": "very-low", "district": "Gangdong-gu", "minutes_from_origin": 48.3, "tt_band": "45–60", "minutes_from_origin_ebt": 42.0, "tt_band_ebt": "30–45", "minutes_from_origin_jongno": 44.1, "tt_band_jongno": "30–45", "minutes_from_origin_gangnam": 38.4, "tt_band_gangnam": "30–45", "minutes_from_origin_hongik": 58.5, "tt_band_hongik": "45–60", "reach45": 142, "reach_band": "low"}}, {"type": "Feature", "geometry": {"type": "Point", "coordinates": [126.79726, 37.50545]}, "properties": {"name": "부천종합운동장", "maplabel": "", "conn_score": 50.6, "conn_tier": "mid", "district": null, "minutes_from_origin": 37.3, "tt_band": "30–45", "minutes_from_origin_ebt": 41.4, "tt_band_ebt": "30–45", "minutes_from_origin_jongno": 44.0, "tt_band_jongno": "30–45", "minutes_from_origin_gangnam": 47.0, "tt_band_gangnam": "45–60", "minutes_from_origin_hongik": 34.1, "tt_band_hongik": "30–45", "reach45": 142, "reach_band": "low"}}, {"type": "Feature", "geometry": {"type": "Point", "coordinates": [127.10352, 37.5143]}, "properties": {"name": "잠실", "maplabel": "", "conn_score": 56.7, "conn_tier": "high", "district": "Songpa-gu", "minutes_from_origin": 40.1, "tt_band": "30–45", "minutes_from_origin_ebt": 21.9, "tt_band_ebt": "15–30", "minutes_from_origin_jongno": 37.2, "tt_band_jongno": "30–45", "minutes_from_origin_gangnam": 18.3, "tt_band_gangnam": "15–30", "minutes_from_origin_hongik": 48.6, "tt_band_hongik": "45–60", "reach45": 241, "reach_band": "mid"}}, {"type": "Feature", "geometry": {"type": "Point", "coordinates": [126.85303, 37.52002]}, "properties": {"name": "Sinjeongnegeori", "maplabel": "", "conn_score": 60.2, "conn_tier": "high", "district": "Yangcheon-gu", "minutes_from_origin": 25.5, "tt_band": "15–30", "minutes_from_origin_ebt": 29.5, "tt_band_ebt": "15–30", "minutes_from_origin_jongno": 32.1, "tt_band_jongno": "30–45", "minutes_from_origin_gangnam": 35.1, "tt_band_gangnam": "30–45", "minutes_from_origin_hongik": 22.2, "tt_band_hongik": "15–30", "reach45": 229, "reach_band": "mid"}}, {"type": "Feature", "geometry": {"type": "Point", "coordinates": [127.06922, 37.54042]}, "properties": {"name": "Konkuk University", "maplabel": "", "conn_score": 49.3, "conn_tier": "mid", "district": "Gwangjin-gu", "minutes_from_origin": 23.7, "tt_band": "15–30", "minutes_from_origin_ebt": 29.9, "tt_band_ebt": "15–30", "minutes_from_origin_jongno": 19.5, "tt_band_jongno": "15–30", "minutes_from_origin_gangnam": 26.3, "tt_band_gangnam": "15–30", "minutes_from_origin_hongik": 33.9, "tt_band_hongik": "30–45", "reach45": 266, "reach_band": "high"}}, {"type": "Feature", "geometry": {"type": "Point", "coordinates": [127.08618, 37.53715]}, "properties": {"name": "Guui(Gwangjin-gu Office)", "maplabel": "", "conn_score": 49.2, "conn_tier": "mid", "district": "Gwangjin-gu", "minutes_from_origin": 27.0, "tt_band": "15–30", "minutes_from_origin_ebt": 26.6, "tt_band_ebt": "15–30", "minutes_from_origin_jongno": 22.8, "tt_band_jongno": "15–30", "minutes_from_origin_gangnam": 23.0, "tt_band_gangnam": "15–30", "minutes_from_origin_hongik": 37.2, "tt_band_hongik": "30–45", "reach45": 254, "reach_band": "high"}}, {"type": "Feature", "geometry": {"type": "Point", "coordinates": [126.91352, 37.54918]}, "properties": {"name": "합정", "maplabel": "", "conn_score": 43.2, "conn_tier": "mid", "district": "Mapo-gu", "minutes_from_origin": 18.2, "tt_band": "15–30", "minutes_from_origin_ebt": 26.6, "tt_band_ebt": "15–30", "minutes_from_origin_jongno": 20.3, "tt_band_jongno": "15–30", "minutes_from_origin_gangnam": 32.2, "tt_band_gangnam": "30–45", "minutes_from_origin_hongik": 27.5, "tt_band_hongik": "15–30", "reach45": 258, "reach_band": "high"}}, {"type": "Feature", "geometry": {"type": "Point", "coordinates": [126.88259, 37.48164]}, "properties": {"name": "Gasan Digital Complex", "maplabel": "", "conn_score": 80.4, "conn_tier": "very-high", "district": "Geumcheon-gu", "minutes_from_origin": 24.2, "tt_band": "15–30", "minutes_from_origin_ebt": 28.2, "tt_band_ebt": "15–30", "minutes_from_origin_jongno": 30.8, "tt_band_jongno": "30–45", "minutes_from_origin_gangnam": 33.8, "tt_band_gangnam": "30–45", "minutes_from_origin_hongik": 20.9, "tt_band_hongik": "15–30", "reach45": 257, "reach_band": "high"}}, {"type": "Feature", "geometry": {"type": "Point", "coordinates": [126.95412, 37.49565]}, "properties": {"name": "숭실대입구", "maplabel": "", "conn_score": 53.2, "conn_tier": "mid", "district": "Dongjak-gu", "minutes_from_origin": 31.3, "tt_band": "30–45", "minutes_from_origin_ebt": 13.1, "tt_band_ebt": "0–15", "minutes_from_origin_jongno": 35.7, "tt_band_jongno": "30–45", "minutes_from_origin_gangnam": 18.7, "tt_band_gangnam": "15–30", "minutes_from_origin_hongik": 39.9, "tt_band_hongik": "30–45", "reach45": 253, "reach_band": "high"}}, {"type": "Feature", "geometry": {"type": "Point", "coordinates": [127.03819, 37.57398]}, "properties": {"name": "용두", "maplabel": "", "conn_score": 56.8, "conn_tier": "high", "district": "Dongdaemun-gu", "minutes_from_origin": 16.2, "tt_band": "15–30", "minutes_from_origin_ebt": 27.0, "tt_band_ebt": "15–30", "minutes_from_origin_jongno": 10.1, "tt_band_jongno": "0–15", "minutes_from_origin_gangnam": 28.0, "tt_band_gangnam": "15–30", "minutes_from_origin_hongik": 25.4, "tt_band_hongik": "15–30", "reach45": 295, "reach_band": "high"}}, {"type": "Feature", "geometry": {"type": "Point", "coordinates": [127.05762, 37.66552]}, "properties": {"name": "마들", "maplabel": "", "conn_score": 19.3, "conn_tier": "very-low", "district": "Nowon-gu", "minutes_from_origin": 45.2, "tt_band": "45–60", "minutes_from_origin_ebt": 51.2, "tt_band_ebt": "45–60", "minutes_from_origin_jongno": 41.0, "tt_band_jongno": "30–45", "minutes_from_origin_gangnam": 53.3, "tt_band_gangnam": "45–60", "minutes_from_origin_hongik": 55.4, "tt_band_hongik": "45–60", "reach45": 113, "reach_band": "low"}}, {"type": "Feature", "geometry": {"type": "Point", "coordinates": [127.0111, 37.51274]}, "properties": {"name": "Jamwon", "maplabel": "", "conn_score": 83.4, "conn_tier": "very-high", "district": "Seocho-gu", "minutes_from_origin": 20.6, "tt_band": "15–30", "minutes_from_origin_ebt": 2.4, "tt_band_ebt": "0–15", "minutes_from_origin_jongno": 20.2, "tt_band_jongno": "15–30", "minutes_from_origin_gangnam": 7.5, "tt_band_gangnam": "0–15", "minutes_from_origin_hongik": 29.1, "tt_band_hongik": "15–30", "reach45": 327, "reach_band": "very-high"}}, {"type": "Feature", "geometry": {"type": "Point", "coordinates": [127.11267, 37.51751]}, "properties": {"name": "Mongchontoseong", "maplabel": "", "conn_score": 52.7, "conn_tier": "mid", "district": "Songpa-gu", "minutes_from_origin": 39.4, "tt_band": "30–45", "minutes_from_origin_ebt": 24.0, "tt_band_ebt": "15–30", "minutes_from_origin_jongno": 35.1, "tt_band_jongno": "30–45", "minutes_from_origin_gangnam": 20.4, "tt_band_gangnam": "15–30", "minutes_from_origin_hongik": 49.6, "tt_band_hongik": "45–60", "reach45": 240, "reach_band": "mid"}}, {"type": "Feature", "geometry": {"type": "Point", "coordinates": [127.06387, 37.64553]}, "properties": {"name": "중계", "maplabel": "", "conn_score": 18.5, "conn_tier": "very-low", "district": "Nowon-gu", "minutes_from_origin": 40.0, "tt_band": "30–45", "minutes_from_origin_ebt": 46.0, "tt_band_ebt": "45–60", "minutes_from_origin_jongno": 35.8, "tt_band_jongno": "30–45", "minutes_from_origin_gangnam": 48.1, "tt_band_gangnam": "45–60", "minutes_from_origin_hongik": 50.2, "tt_band_hongik": "45–60", "reach45": 147, "reach_band": "low"}}, {"type": "Feature", "geometry": {"type": "Point", "coordinates": [126.97362, 37.52264]}, "properties": {"name": "Ichon", "maplabel": "", "conn_score": 82.8, "conn_tier": "very-high", "district": "Yongsan-gu", "minutes_from_origin": 9.0, "tt_band": "0–15", "minutes_from_origin_ebt": 9.2, "tt_band_ebt": "0–15", "minutes_from_origin_jongno": 15.6, "tt_band_jongno": "15–30", "minutes_from_origin_gangnam": 14.8, "tt_band_gangnam": "0–15", "minutes_from_origin_hongik": 23.0, "tt_band_hongik": "15–30", "reach45": 325, "reach_band": "very-high"}}, {"type": "Feature", "geometry": {"type": "Point", "coordinates": [126.85432, 37.47946]}, "properties": {"name": "광명사거리", "maplabel": "", "conn_score": 49.5, "conn_tier": "mid", "district": null, "minutes_from_origin": 37.2, "tt_band": "30–45", "minutes_from_origin_ebt": 37.2, "tt_band_ebt": "30–45", "minutes_from_origin_jongno": 43.8, "tt_band_jongno": "30–45", "minutes_from_origin_gangnam": 42.8, "tt_band_gangnam": "30–45", "minutes_from_origin_hongik": 33.9, "tt_band_hongik": "30–45", "reach45": 158, "reach_band": "low"}}, {"type": "Feature", "geometry": {"type": "Point", "coordinates": [127.04708, 37.56974]}, "properties": {"name": "신답", "maplabel": "", "conn_score": 53.0, "conn_tier": "mid", "district": "Seongdong-gu", "minutes_from_origin": 18.4, "tt_band": "15–30", "minutes_from_origin_ebt": 29.1, "tt_band_ebt": "15–30", "minutes_from_origin_jongno": 12.3, "tt_band_jongno": "0–15", "minutes_from_origin_gangnam": 30.2, "tt_band_gangnam": "30–45", "minutes_from_origin_hongik": 27.6, "tt_band_hongik": "15–30", "reach45": 291, "reach_band": "high"}}, {"type": "Feature", "geometry": {"type": "Point", "coordinates": [126.78718, 37.50373]}, "properties": {"name": "춘의", "maplabel": "", "conn_score": 45.1, "conn_tier": "mid", "district": null, "minutes_from_origin": 39.5, "tt_band": "30–45", "minutes_from_origin_ebt": 43.5, "tt_band_ebt": "30–45", "minutes_from_origin_jongno": 46.1, "tt_band_jongno": "45–60", "minutes_from_origin_gangnam": 49.1, "tt_band_gangnam": "45–60", "minutes_from_origin_hongik": 36.2, "tt_band_hongik": "30–45", "reach45": 130, "reach_band": "low"}}, {"type": "Feature", "geometry": {"type": "Point", "coordinates": [127.12604, 37.50863]}, "properties": {"name": "방이", "maplabel": "", "conn_score": 50.6, "conn_tier": "mid", "district": "Songpa-gu", "minutes_from_origin": 43.3, "tt_band": "30–45", "minutes_from_origin_ebt": 26.5, "tt_band_ebt": "15–30", "minutes_from_origin_jongno": 39.1, "tt_band_jongno": "30–45", "minutes_from_origin_gangnam": 22.9, "tt_band_gangnam": "15–30", "minutes_from_origin_hongik": 53.2, "tt_band_hongik": "45–60", "reach45": 219, "reach_band": "mid"}}, {"type": "Feature", "geometry": {"type": "Point", "coordinates": [127.06055, 37.65441]}, "properties": {"name": "노원", "maplabel": "", "conn_score": 18.1, "conn_tier": "very-low", "district": "Nowon-gu", "minutes_from_origin": 42.4, "tt_band": "30–45", "minutes_from_origin_ebt": 48.4, "tt_band_ebt": "45–60", "minutes_from_origin_jongno": 38.2, "tt_band_jongno": "30–45", "minutes_from_origin_gangnam": 50.5, "tt_band_gangnam": "45–60", "minutes_from_origin_hongik": 52.6, "tt_band_hongik": "45–60", "reach45": 129, "reach_band": "low"}}, {"type": "Feature", "geometry": {"type": "Point", "coordinates": [126.84658, 37.53186]}, "properties": {"name": "Kkachisan", "maplabel": "", "conn_score": 53.1, "conn_tier": "mid", "district": "Gangseo-gu", "minutes_from_origin": 28.6, "tt_band": "15–30", "minutes_from_origin_ebt": 32.4, "tt_band_ebt": "30–45", "minutes_from_origin_jongno": 35.2, "tt_band_jongno": "30–45", "minutes_from_origin_gangnam": 38.0, "tt_band_gangnam": "30–45", "minutes_from_origin_hongik": 25.3, "tt_band_hongik": "15–30", "reach45": 202, "reach_band": "mid"}}, {"type": "Feature", "geometry": {"type": "Point", "coordinates": [127.12062, 37.53068]}, "properties": {"name": "Gangdong-gu Office", "maplabel": "", "conn_score": 50.6, "conn_tier": "mid", "district": "Gangdong-gu", "minutes_from_origin": 35.9, "tt_band": "30–45", "minutes_from_origin_ebt": 27.4, "tt_band_ebt": "15–30", "minutes_from_origin_jongno": 31.7, "tt_band_jongno": "30–45", "minutes_from_origin_gangnam": 23.8, "tt_band_gangnam": "15–30", "minutes_from_origin_hongik": 46.1, "tt_band_hongik": "45–60", "reach45": 238, "reach_band": "mid"}}, {"type": "Feature", "geometry": {"type": "Point", "coordinates": [127.05487, 37.92756]}, "properties": {"name": "Dongducheon", "maplabel": "", "conn_score": 7.5, "conn_tier": "very-low", "district": null, "minutes_from_origin": 96.8, "tt_band": "60+", "minutes_from_origin_ebt": 107.6, "tt_band_ebt": "60+", "minutes_from_origin_jongno": 90.8, "tt_band_jongno": "60+", "minutes_from_origin_gangnam": 108.7, "tt_band_gangnam": "60+", "minutes_from_origin_hongik": 106.1, "tt_band_hongik": "60+", "reach45": 15, "reach_band": "very-low"}}, {"type": "Feature", "geometry": {"type": "Point", "coordinates": [126.78796, 37.64309]}, "properties": {"name": "Baekseok", "maplabel": "", "conn_score": 8.0, "conn_tier": "very-low", "district": null, "minutes_from_origin": 60.9, "tt_band": "60+", "minutes_from_origin_ebt": 76.9, "tt_band_ebt": "60+", "minutes_from_origin_jongno": 54.3, "tt_band_jongno": "45–60", "minutes_from_origin_gangnam": 77.9, "tt_band_gangnam": "60+", "minutes_from_origin_hongik": 69.6, "tt_band_hongik": "60+", "reach45": 28, "reach_band": "very-low"}}, {"type": "Feature", "geometry": {"type": "Point", "coordinates": [127.07342, 37.6607]}, "properties": {"name": "Sanggye", "maplabel": "", "conn_score": 16.6, "conn_tier": "very-low", "district": "Nowon-gu", "minutes_from_origin": 40.5, "tt_band": "30–45", "minutes_from_origin_ebt": 51.3, "tt_band_ebt": "45–60", "minutes_from_origin_jongno": 34.4, "tt_band_jongno": "30–45", "minutes_from_origin_gangnam": 52.3, "tt_band_gangnam": "45–60", "minutes_from_origin_hongik": 49.7, "tt_band_hongik": "45–60", "reach45": 87, "reach_band": "low"}}, {"type": "Feature", "geometry": {"type": "Point", "coordinates": [126.80592, 37.32071]}, "properties": {"name": "Choji", "maplabel": "", "conn_score": 42.5, "conn_tier": "mid", "district": null, "minutes_from_origin": 77.3, "tt_band": "60+", "minutes_from_origin_ebt": 74.3, "tt_band_ebt": "60+", "minutes_from_origin_jongno": 84.0, "tt_band_jongno": "60+", "minutes_from_origin_gangnam": 74.2, "tt_band_gangnam": "60+", "minutes_from_origin_hongik": 77.9, "tt_band_hongik": "60+", "reach45": 22, "reach_band": "very-low"}}, {"type": "Feature", "geometry": {"type": "Point", "coordinates": [127.13791, 37.58724]}, "properties": {"name": "Jangja Lake Park", "maplabel": "", "conn_score": 33.1, "conn_tier": "low", "district": null, "minutes_from_origin": 46.0, "tt_band": "45–60", "minutes_from_origin_ebt": 41.7, "tt_band_ebt": "30–45", "minutes_from_origin_jongno": 41.8, "tt_band_jongno": "30–45", "minutes_from_origin_gangnam": 38.1, "tt_band_gangnam": "30–45", "minutes_from_origin_hongik": 56.2, "tt_band_hongik": "45–60", "reach45": 163, "reach_band": "low"}}, {"type": "Feature", "geometry": {"type": "Point", "coordinates": [127.15983, 37.45158]}, "properties": {"name": "Namhansanseong", "maplabel": "", "conn_score": 21.6, "conn_tier": "very-low", "district": null, "minutes_from_origin": 56.0, "tt_band": "45–60", "minutes_from_origin_ebt": 37.8, "tt_band_ebt": "30–45", "minutes_from_origin_jongno": 55.9, "tt_band_jongno": "45–60", "minutes_from_origin_gangnam": 34.2, "tt_band_gangnam": "30–45", "minutes_from_origin_hongik": 64.6, "tt_band_hongik": "60+", "reach45": 105, "reach_band": "low"}}, {"type": "Feature", "geometry": {"type": "Point", "coordinates": [127.09472, 37.32252]}, "properties": {"name": "Suji-gu Office", "maplabel": "", "conn_score": 28.2, "conn_tier": "low", "district": null, "minutes_from_origin": 67.9, "tt_band": "60+", "minutes_from_origin_ebt": 49.7, "tt_band_ebt": "45–60", "minutes_from_origin_jongno": 67.8, "tt_band_jongno": "60+", "minutes_from_origin_gangnam": 44.2, "tt_band_gangnam": "30–45", "minutes_from_origin_hongik": 76.4, "tt_band_hongik": "60+", "reach45": 19, "reach_band": "very-low"}}, {"type": "Feature", "geometry": {"type": "Point", "coordinates": [127.40525, 37.31567]}, "properties": {"name": "신둔도예촌", "maplabel": "", "conn_score": 21.3, "conn_tier": "very-low", "district": null, "minutes_from_origin": 106.9, "tt_band": "60+", "minutes_from_origin_ebt": 88.7, "tt_band_ebt": "60+", "minutes_from_origin_jongno": 106.8, "tt_band_jongno": "60+", "minutes_from_origin_gangnam": 83.2, "tt_band_gangnam": "60+", "minutes_from_origin_hongik": 115.4, "tt_band_hongik": "60+", "reach45": 8, "reach_band": "very-low"}}, {"type": "Feature", "geometry": {"type": "Point", "coordinates": [127.10445, 36.79209]}, "properties": {"name": "Asan", "maplabel": "", "conn_score": 11.0, "conn_tier": "very-low", "district": null, "minutes_from_origin": 182.2, "tt_band": "60+", "minutes_from_origin_ebt": 179.2, "tt_band_ebt": "60+", "minutes_from_origin_jongno": 188.8, "tt_band_jongno": "60+", "minutes_from_origin_gangnam": 179.1, "tt_band_gangnam": "60+", "minutes_from_origin_hongik": 182.8, "tt_band_hongik": "60+", "reach45": 10, "reach_band": "very-low"}}, {"type": "Feature", "geometry": {"type": "Point", "coordinates": [127.20337, 37.40867]}, "properties": {"name": "Samdong", "maplabel": "", "conn_score": 37.5, "conn_tier": "low", "district": null, "minutes_from_origin": 67.0, "tt_band": "60+", "minutes_from_origin_ebt": 48.8, "tt_band_ebt": "45–60", "minutes_from_origin_jongno": 66.9, "tt_band_jongno": "60+", "minutes_from_origin_gangnam": 43.2, "tt_band_gangnam": "30–45", "minutes_from_origin_hongik": 75.5, "tt_band_hongik": "60+", "reach45": 22, "reach_band": "very-low"}}, {"type": "Feature", "geometry": {"type": "Point", "coordinates": [127.2034, 37.40864]}, "properties": {"name": "삼동", "maplabel": "", "conn_score": 37.5, "conn_tier": "low", "district": null, "minutes_from_origin": 67.0, "tt_band": "60+", "minutes_from_origin_ebt": 48.8, "tt_band_ebt": "45–60", "minutes_from_origin_jongno": 66.9, "tt_band_jongno": "60+", "minutes_from_origin_gangnam": 43.2, "tt_band_gangnam": "30–45", "minutes_from_origin_hongik": 75.5, "tt_band_hongik": "60+", "reach45": 22, "reach_band": "very-low"}}, {"type": "Feature", "geometry": {"type": "Point", "coordinates": [126.96783, 37.52914]}, "properties": {"name": "Sinyongsan", "maplabel": "", "conn_score": 79.3, "conn_tier": "very-high", "district": "Yongsan-gu", "minutes_from_origin": 6.9, "tt_band": "0–15", "minutes_from_origin_ebt": 11.3, "tt_band_ebt": "0–15", "minutes_from_origin_jongno": 13.5, "tt_band_jongno": "0–15", "minutes_from_origin_gangnam": 16.9, "tt_band_gangnam": "15–30", "minutes_from_origin_hongik": 20.9, "tt_band_hongik": "15–30", "reach45": 323, "reach_band": "very-high"}}, {"type": "Feature", "geometry": {"type": "Point", "coordinates": [126.89697, 37.45051]}, "properties": {"name": "Seongnam", "maplabel": "", "conn_score": 43.1, "conn_tier": "mid", "district": "Geumcheon-gu", "minutes_from_origin": 87.6, "tt_band": "60+", "minutes_from_origin_ebt": 69.4, "tt_band_ebt": "60+", "minutes_from_origin_jongno": 87.5, "tt_band_jongno": "60+", "minutes_from_origin_gangnam": 63.9, "tt_band_gangnam": "60+", "minutes_from_origin_hongik": 86.8, "tt_band_hongik": "60+", "reach45": 8, "reach_band": "very-low"}}, {"type": "Feature", "geometry": {"type": "Point", "coordinates": [126.91015, 37.55599]}, "properties": {"name": "망원", "maplabel": "", "conn_score": 38.4, "conn_tier": "low", "district": "Mapo-gu", "minutes_from_origin": 20.2, "tt_band": "15–30", "minutes_from_origin_ebt": 28.5, "tt_band_ebt": "15–30", "minutes_from_origin_jongno": 22.3, "tt_band_jongno": "15–30", "minutes_from_origin_gangnam": 34.1, "tt_band_gangnam": "30–45", "minutes_from_origin_hongik": 29.5, "tt_band_hongik": "15–30", "reach45": 238, "reach_band": "mid"}}, {"type": "Feature", "geometry": {"type": "Point", "coordinates": [126.90513, 37.5227]}, "properties": {"name": "영등포시장", "maplabel": "", "conn_score": 76.9, "conn_tier": "very-high", "district": "Yeongdeungpo-gu", "minutes_from_origin": 18.7, "tt_band": "15–30", "minutes_from_origin_ebt": 19.4, "tt_band_ebt": "15–30", "minutes_from_origin_jongno": 24.5, "tt_band_jongno": "15–30", "minutes_from_origin_gangnam": 25.0, "tt_band_gangnam": "15–30", "minutes_from_origin_hongik": 16.2, "tt_band_hongik": "15–30", "reach45": 296, "reach_band": "high"}}, {"type": "Feature", "geometry": {"type": "Point", "coordinates": [126.97195, 37.54514]}, "properties": {"name": "Sookmyung Women's Univ.", "maplabel": "", "conn_score": 84.4, "conn_tier": "very-high", "district": "Yongsan-gu", "minutes_from_origin": 2.4, "tt_band": "0–15", "minutes_from_origin_ebt": 15.9, "tt_band_ebt": "15–30", "minutes_from_origin_jongno": 9.0, "tt_band_jongno": "0–15", "minutes_from_origin_gangnam": 21.5, "tt_band_gangnam": "15–30", "minutes_from_origin_hongik": 16.3, "tt_band_hongik": "15–30", "reach45": 327, "reach_band": "very-high"}}, {"type": "Feature", "geometry": {"type": "Point", "coordinates": [127.05085, 37.56212]}, "properties": {"name": "용답", "maplabel": "", "conn_score": 50.7, "conn_tier": "mid", "district": "Seongdong-gu", "minutes_from_origin": 20.5, "tt_band": "15–30", "minutes_from_origin_ebt": 31.3, "tt_band_ebt": "30–45", "minutes_from_origin_jongno": 14.5, "tt_band_jongno": "0–15", "minutes_from_origin_gangnam": 32.4, "tt_band_gangnam": "30–45", "minutes_from_origin_hongik": 29.8, "tt_band_hongik": "15–30", "reach45": 281, "reach_band": "high"}}, {"type": "Feature", "geometry": {"type": "Point", "coordinates": [126.94767, 37.5032]}, "properties": {"name": "상도", "maplabel": "", "conn_score": 46.9, "conn_tier": "mid", "district": "Dongjak-gu", "minutes_from_origin": 33.7, "tt_band": "30–45", "minutes_from_origin_ebt": 15.5, "tt_band_ebt": "15–30", "minutes_from_origin_jongno": 38.1, "tt_band_jongno": "30–45", "minutes_from_origin_gangnam": 21.1, "tt_band_gangnam": "15–30", "minutes_from_origin_hongik": 42.2, "tt_band_hongik": "30–45", "reach45": 236, "reach_band": "mid"}}, {"type": "Feature", "geometry": {"type": "Point", "coordinates": [126.96138, 37.53932]}, "properties": {"name": "효창공원앞", "maplabel": "", "conn_score": 72.7, "conn_tier": "very-high", "district": "Yongsan-gu", "minutes_from_origin": 7.5, "tt_band": "0–15", "minutes_from_origin_ebt": 15.9, "tt_band_ebt": "15–30", "minutes_from_origin_jongno": 14.2, "tt_band_jongno": "0–15", "minutes_from_origin_gangnam": 21.5, "tt_band_gangnam": "15–30", "minutes_from_origin_hongik": 21.5, "tt_band_hongik": "15–30", "reach45": 319, "reach_band": "very-high"}}, {"type": "Feature", "geometry": {"type": "Point", "coordinates": [126.97691, 37.57161]}, "properties": {"name": "Gwanghwamun", "maplabel": "", "conn_score": 73.8, "conn_tier": "very-high", "district": "Jongno-gu", "minutes_from_origin": 9.5, "tt_band": "0–15", "minutes_from_origin_ebt": 25.4, "tt_band_ebt": "15–30", "minutes_from_origin_jongno": 2.8, "tt_band_jongno": "0–15", "minutes_from_origin_gangnam": 26.5, "tt_band_gangnam": "15–30", "minutes_from_origin_hongik": 18.1, "tt_band_hongik": "15–30", "reach45": 313, "reach_band": "very-high"}}, {"type": "Feature", "geometry": {"type": "Point", "coordinates": [126.98852, 37.46504]}, "properties": {"name": "Namtaeryeong", "maplabel": "", "conn_score": 63.6, "conn_tier": "high", "district": "Seocho-gu", "minutes_from_origin": 23.0, "tt_band": "15–30", "minutes_from_origin_ebt": 14.1, "tt_band_ebt": "0–15", "minutes_from_origin_jongno": 29.7, "tt_band_jongno": "15–30", "minutes_from_origin_gangnam": 14.0, "tt_band_gangnam": "0–15", "minutes_from_origin_hongik": 31.6, "tt_band_hongik": "30–45", "reach45": 282, "reach_band": "high"}}, {"type": "Feature", "geometry": {"type": "Point", "coordinates": [126.67902, 37.46516]}, "properties": {"name": "Juan", "maplabel": "", "conn_score": 42.9, "conn_tier": "mid", "district": null, "minutes_from_origin": 56.5, "tt_band": "45–60", "minutes_from_origin_ebt": 60.6, "tt_band_ebt": "60+", "minutes_from_origin_jongno": 63.2, "tt_band_jongno": "60+", "minutes_from_origin_gangnam": 66.2, "tt_band_gangnam": "60+", "minutes_from_origin_hongik": 53.3, "tt_band_hongik": "45–60", "reach45": 42, "reach_band": "very-low"}}, {"type": "Feature", "geometry": {"type": "Point", "coordinates": [126.95091, 37.38991]}, "properties": {"name": "Beomgye", "maplabel": "", "conn_score": 62.9, "conn_tier": "high", "district": null, "minutes_from_origin": 47.7, "tt_band": "45–60", "minutes_from_origin_ebt": 38.7, "tt_band_ebt": "30–45", "minutes_from_origin_jongno": 54.3, "tt_band_jongno": "45–60", "minutes_from_origin_gangnam": 38.6, "tt_band_gangnam": "30–45", "minutes_from_origin_hongik": 50.8, "tt_band_hongik": "45–60", "reach45": 99, "reach_band": "low"}}, {"type": "Feature", "geometry": {"type": "Point", "coordinates": [127.04699, 37.48704]}, "properties": {"name": "Maebong", "maplabel": "", "conn_score": 61.0, "conn_tier": "high", "district": "Gangnam-gu", "minutes_from_origin": 29.7, "tt_band": "15–30", "minutes_from_origin_ebt": 11.5, "tt_band_ebt": "0–15", "minutes_from_origin_jongno": 29.7, "tt_band_jongno": "15–30", "minutes_from_origin_gangnam": 6.0, "tt_band_gangnam": "0–15", "minutes_from_origin_hongik": 38.2, "tt_band_hongik": "30–45", "reach45": 282, "reach_band": "high"}}, {"type": "Feature", "geometry": {"type": "Point", "coordinates": [127.04696, 37.48708]}, "properties": {"name": "매봉", "maplabel": "", "conn_score": 61.0, "conn_tier": "high", "district": "Gangnam-gu", "minutes_from_origin": 29.7, "tt_band": "15–30", "minutes_from_origin_ebt": 11.5, "tt_band_ebt": "0–15", "minutes_from_origin_jongno": 29.6, "tt_band_jongno": "15–30", "minutes_from_origin_gangnam": 6.0, "tt_band_gangnam": "0–15", "minutes_from_origin_hongik": 38.2, "tt_band_hongik": "30–45", "reach45": 282, "reach_band": "high"}}, {"type": "Feature", "geometry": {"type": "Point", "coordinates": [127.03691, 37.50081]}, "properties": {"name": "Yeoksam", "maplabel": "", "conn_score": 70.4, "conn_tier": "very-high", "district": "Gangnam-gu", "minutes_from_origin": 25.9, "tt_band": "15–30", "minutes_from_origin_ebt": 7.7, "tt_band_ebt": "0–15", "minutes_from_origin_jongno": 25.8, "tt_band_jongno": "15–30", "minutes_from_origin_gangnam": 2.1, "tt_band_gangnam": "0–15", "minutes_from_origin_hongik": 34.4, "tt_band_hongik": "30–45", "reach45": 307, "reach_band": "very-high"}}, {"type": "Feature", "geometry": {"type": "Point", "coordinates": [127.12808, 37.50219]}, "properties": {"name": "Ogeum", "maplabel": "", "conn_score": 44.9, "conn_tier": "mid", "district": "Songpa-gu", "minutes_from_origin": 45.2, "tt_band": "45–60", "minutes_from_origin_ebt": 27.1, "tt_band_ebt": "15–30", "minutes_from_origin_jongno": 40.9, "tt_band_jongno": "30–45", "minutes_from_origin_gangnam": 23.5, "tt_band_gangnam": "15–30", "minutes_from_origin_hongik": 53.9, "tt_band_hongik": "45–60", "reach45": 207, "reach_band": "mid"}}, {"type": "Feature", "geometry": {"type": "Point", "coordinates": [126.77621, 37.50304]}, "properties": {"name": "신중동", "maplabel": "", "conn_score": 40.4, "conn_tier": "low", "district": null, "minutes_from_origin": 41.7, "tt_band": "30–45", "minutes_from_origin_ebt": 45.8, "tt_band_ebt": "45–60", "minutes_from_origin_jongno": 48.4, "tt_band_jongno": "45–60", "minutes_from_origin_gangnam": 51.4, "tt_band_gangnam": "45–60", "minutes_from_origin_hongik": 38.5, "tt_band_hongik": "30–45", "reach45": 109, "reach_band": "low"}}, {"type": "Feature", "geometry": {"type": "Point", "coordinates": [126.89499, 37.49329]}, "properties": {"name": "Daerim(Guro-gu Office)", "maplabel": "", "conn_score": 77.9, "conn_tier": "very-high", "district": "Guro-gu", "minutes_from_origin": 20.6, "tt_band": "15–30", "minutes_from_origin_ebt": 24.7, "tt_band_ebt": "15–30", "minutes_from_origin_jongno": 27.3, "tt_band_jongno": "15–30", "minutes_from_origin_gangnam": 29.4, "tt_band_gangnam": "15–30", "minutes_from_origin_hongik": 17.4, "tt_band_hongik": "15–30", "reach45": 274, "reach_band": "high"}}, {"type": "Feature", "geometry": {"type": "Point", "coordinates": [126.86777, 37.47604]}, "properties": {"name": "Cheolsan", "maplabel": "", "conn_score": 43.5, "conn_tier": "mid", "district": null, "minutes_from_origin": 40.0, "tt_band": "30–45", "minutes_from_origin_ebt": 34.4, "tt_band_ebt": "30–45", "minutes_from_origin_jongno": 46.6, "tt_band_jongno": "45–60", "minutes_from_origin_gangnam": 40.0, "tt_band_gangnam": "30–45", "minutes_from_origin_hongik": 36.7, "tt_band_hongik": "30–45", "reach45": 149, "reach_band": "low"}}, {"type": "Feature", "geometry": {"type": "Point", "coordinates": [126.9567, 37.55344]}, "properties": {"name": "애오개", "maplabel": "", "conn_score": 65.9, "conn_tier": "high", "district": "Mapo-gu", "minutes_from_origin": 12.6, "tt_band": "0–15", "minutes_from_origin_ebt": 20.9, "tt_band_ebt": "15–30", "minutes_from_origin_jongno": 9.3, "tt_band_jongno": "0–15", "minutes_from_origin_gangnam": 26.5, "tt_band_gangnam": "15–30", "minutes_from_origin_hongik": 21.9, "tt_band_hongik": "15–30", "reach45": 313, "reach_band": "very-high"}}, {"type": "Feature", "geometry": {"type": "Point", "coordinates": [126.70368, 37.50858]}, "properties": {"name": "Sangok", "maplabel": "", "conn_score": 38.4, "conn_tier": "low", "district": null, "minutes_from_origin": 56.4, "tt_band": "45–60", "minutes_from_origin_ebt": 60.5, "tt_band_ebt": "60+", "minutes_from_origin_jongno": 63.1, "tt_band_jongno": "60+", "minutes_from_origin_gangnam": 66.1, "tt_band_gangnam": "60+", "minutes_from_origin_hongik": 53.2, "tt_band_hongik": "45–60", "reach45": 37, "reach_band": "very-low"}}, {"type": "Feature", "geometry": {"type": "Point", "coordinates": [126.90339, 37.56352]}, "properties": {"name": "마포구청", "maplabel": "", "conn_score": 34.1, "conn_tier": "low", "district": "Mapo-gu", "minutes_from_origin": 22.5, "tt_band": "15–30", "minutes_from_origin_ebt": 30.9, "tt_band_ebt": "30–45", "minutes_from_origin_jongno": 24.6, "tt_band_jongno": "15–30", "minutes_from_origin_gangnam": 36.5, "tt_band_gangnam": "30–45", "minutes_from_origin_hongik": 31.8, "tt_band_hongik": "30–45", "reach45": 222, "reach_band": "mid"}}, {"type": "Feature", "geometry": {"type": "Point", "coordinates": [126.96664, 37.56579]}, "properties": {"name": "서대문", "maplabel": "", "conn_score": 65.8, "conn_tier": "high", "district": null, "minutes_from_origin": 12.0, "tt_band": "0–15", "minutes_from_origin_ebt": 24.9, "tt_band_ebt": "15–30", "minutes_from_origin_jongno": 5.4, "tt_band_jongno": "0–15", "minutes_from_origin_gangnam": 29.0, "tt_band_gangnam": "15–30", "minutes_from_origin_hongik": 20.7, "tt_band_hongik": "15–30", "reach45": 311, "reach_band": "very-high"}}, {"type": "Feature", "geometry": {"type": "Point", "coordinates": [126.77776, 37.65201]}, "properties": {"name": "Madu", "maplabel": "", "conn_score": 5.9, "conn_tier": "very-low", "district": null, "minutes_from_origin": 63.8, "tt_band": "60+", "minutes_from_origin_ebt": 79.8, "tt_band_ebt": "60+", "minutes_from_origin_jongno": 57.2, "tt_band_jongno": "45–60", "minutes_from_origin_gangnam": 80.9, "tt_band_gangnam": "60+", "minutes_from_origin_hongik": 72.5, "tt_band_hongik": "60+", "reach45": 23, "reach_band": "very-low"}}, {"type": "Feature", "geometry": {"type": "Point", "coordinates": [127.07908, 37.67025]}, "properties": {"name": "Buramsan", "maplabel": "", "conn_score": 13.8, "conn_tier": "very-low", "district": "Nowon-gu", "minutes_from_origin": 43.1, "tt_band": "30–45", "minutes_from_origin_ebt": 53.9, "tt_band_ebt": "45–60", "minutes_from_origin_jongno": 37.1, "tt_band_jongno": "30–45", "minutes_from_origin_gangnam": 55.0, "tt_band_gangnam": "45–60", "minutes_from_origin_hongik": 52.4, "tt_band_hongik": "45–60", "reach45": 73, "reach_band": "low"}}, {"type": "Feature", "geometry": {"type": "Point", "coordinates": [126.7887, 37.32709]}, "properties": {"name": "Ansan", "maplabel": "", "conn_score": 37.2, "conn_tier": "low", "district": null, "minutes_from_origin": 80.9, "tt_band": "60+", "minutes_from_origin_ebt": 77.9, "tt_band_ebt": "60+", "minutes_from_origin_jongno": 87.5, "tt_band_jongno": "60+", "minutes_from_origin_gangnam": 77.8, "tt_band_gangnam": "60+", "minutes_from_origin_hongik": 81.5, "tt_band_hongik": "60+", "reach45": 20, "reach_band": "very-low"}}, {"type": "Feature", "geometry": {"type": "Point", "coordinates": [127.14079, 37.60237]}, "properties": {"name": "Guri", "maplabel": "", "conn_score": 28.7, "conn_tier": "low", "district": null, "minutes_from_origin": 49.6, "tt_band": "45–60", "minutes_from_origin_ebt": 45.3, "tt_band_ebt": "45–60", "minutes_from_origin_jongno": 45.4, "tt_band_jongno": "45–60", "minutes_from_origin_gangnam": 41.7, "tt_band_gangnam": "30–45", "minutes_from_origin_hongik": 59.8, "tt_band_hongik": "45–60", "reach45": 123, "reach_band": "low"}}, {"type": "Feature", "geometry": {"type": "Point", "coordinates": [127.15678, 37.44508]}, "properties": {"name": "Dandaeogeori", "maplabel": "", "conn_score": 18.4, "conn_tier": "very-low", "district": null, "minutes_from_origin": 57.9, "tt_band": "45–60", "minutes_from_origin_ebt": 39.7, "tt_band_ebt": "30–45", "minutes_from_origin_jongno": 57.8, "tt_band_jongno": "45–60", "minutes_from_origin_gangnam": 36.1, "tt_band_gangnam": "30–45", "minutes_from_origin_hongik": 66.5, "tt_band_hongik": "60+", "reach45": 99, "reach_band": "low"}}, {"type": "Feature", "geometry": {"type": "Point", "coordinates": [127.08028, 37.31343]}, "properties": {"name": "Seongbok", "maplabel": "", "conn_score": 24.4, "conn_tier": "very-low", "district": null, "minutes_from_origin": 71.4, "tt_band": "60+", "minutes_from_origin_ebt": 53.1, "tt_band_ebt": "45–60", "minutes_from_origin_jongno": 71.3, "tt_band_jongno": "60+", "minutes_from_origin_gangnam": 47.6, "tt_band_gangnam": "45–60", "minutes_from_origin_hongik": 79.9, "tt_band_hongik": "60+", "reach45": 14, "reach_band": "very-low"}}, {"type": "Feature", "geometry": {"type": "Point", "coordinates": [127.44218, 37.26424]}, "properties": {"name": "이천", "maplabel": "", "conn_score": 18.1, "conn_tier": "very-low", "district": null, "minutes_from_origin": 119.4, "tt_band": "60+", "minutes_from_origin_ebt": 101.2, "tt_band_ebt": "60+", "minutes_from_origin_jongno": 119.3, "tt_band_jongno": "60+", "minutes_from_origin_gangnam": 95.6, "tt_band_gangnam": "60+", "minutes_from_origin_hongik": 127.9, "tt_band_hongik": "60+", "reach45": 7, "reach_band": "very-low"}}, {"type": "Feature", "geometry": {"type": "Point", "coordinates": [127.06081, 37.94801]}, "properties": {"name": "Soyosan", "maplabel": "", "conn_score": 5.4, "conn_tier": "very-low", "district": null, "minutes_from_origin": 101.6, "tt_band": "60+", "minutes_from_origin_ebt": 112.3, "tt_band_ebt": "60+", "minutes_from_origin_jongno": 95.5, "tt_band_jongno": "60+", "minutes_from_origin_gangnam": 113.4, "tt_band_gangnam": "60+", "minutes_from_origin_hongik": 110.8, "tt_band_hongik": "60+", "reach45": 13, "reach_band": "very-low"}}, {"type": "Feature", "geometry": {"type": "Point", "coordinates": [127.0845, 36.78821]}, "properties": {"name": "Tangjeong", "maplabel": "", "conn_score": 8.7, "conn_tier": "very-low", "district": null, "minutes_from_origin": 186.0, "tt_band": "60+", "minutes_from_origin_ebt": 183.0, "tt_band_ebt": "60+", "minutes_from_origin_jongno": 192.6, "tt_band_jongno": "60+", "minutes_from_origin_gangnam": 182.9, "tt_band_gangnam": "60+", "minutes_from_origin_hongik": 186.6, "tt_band_hongik": "60+", "reach45": 10, "reach_band": "very-low"}}, {"type": "Feature", "geometry": {"type": "Point", "coordinates": [127.04666, 37.65296]}, "properties": {"name": "Chang-dong", "maplabel": "", "conn_score": 22.9, "conn_tier": "very-low", "district": "Dobong-gu", "minutes_from_origin": 34.9, "tt_band": "30–45", "minutes_from_origin_ebt": 45.7, "tt_band_ebt": "45–60", "minutes_from_origin_jongno": 28.8, "tt_band_jongno": "15–30", "minutes_from_origin_gangnam": 46.8, "tt_band_gangnam": "45–60", "minutes_from_origin_hongik": 44.1, "tt_band_hongik": "30–45", "reach45": 114, "reach_band": "low"}}, {"type": "Feature", "geometry": {"type": "Point", "coordinates": [127.04882, 37.65344]}, "properties": {"name": "Changdong", "maplabel": "", "conn_score": 22.9, "conn_tier": "very-low", "district": "Dobong-gu", "minutes_from_origin": 35.3, "tt_band": "30–45", "minutes_from_origin_ebt": 46.0, "tt_band_ebt": "45–60", "minutes_from_origin_jongno": 29.2, "tt_band_jongno": "15–30", "minutes_from_origin_gangnam": 47.1, "tt_band_gangnam": "45–60", "minutes_from_origin_hongik": 44.5, "tt_band_hongik": "30–45", "reach45": 112, "reach_band": "low"}}, {"type": "Feature", "geometry": {"type": "Point", "coordinates": [127.04366, 37.55573]}, "properties": {"name": "Hanyang University", "maplabel": "", "conn_score": 58.4, "conn_tier": "high", "district": "Seongdong-gu", "minutes_from_origin": 16.6, "tt_band": "15–30", "minutes_from_origin_ebt": 25.3, "tt_band_ebt": "15–30", "minutes_from_origin_jongno": 12.4, "tt_band_jongno": "0–15", "minutes_from_origin_gangnam": 26.3, "tt_band_gangnam": "15–30", "minutes_from_origin_hongik": 26.8, "tt_band_hongik": "15–30", "reach45": 301, "reach_band": "very-high"}}, {"type": "Feature", "geometry": {"type": "Point", "coordinates": [126.93921, 37.50498]}, "properties": {"name": "장승배기", "maplabel": "", "conn_score": 41.6, "conn_tier": "low", "district": "Dongjak-gu", "minutes_from_origin": 35.6, "tt_band": "30–45", "minutes_from_origin_ebt": 17.4, "tt_band_ebt": "15–30", "minutes_from_origin_jongno": 40.0, "tt_band_jongno": "30–45", "minutes_from_origin_gangnam": 23.0, "tt_band_gangnam": "15–30", "minutes_from_origin_hongik": 44.1, "tt_band_hongik": "30–45", "reach45": 226, "reach_band": "mid"}}, {"type": "Feature", "geometry": {"type": "Point", "coordinates": [126.89641, 37.52403]}, "properties": {"name": "영등포구청", "maplabel": "", "conn_score": 67.2, "conn_tier": "high", "district": "Yeongdeungpo-gu", "minutes_from_origin": 20.6, "tt_band": "15–30", "minutes_from_origin_ebt": 21.3, "tt_band_ebt": "15–30", "minutes_from_origin_jongno": 26.4, "tt_band_jongno": "15–30", "minutes_from_origin_gangnam": 26.9, "tt_band_gangnam": "15–30", "minutes_from_origin_hongik": 18.1, "tt_band_hongik": "15–30", "reach45": 278, "reach_band": "high"}}, {"type": "Feature", "geometry": {"type": "Point", "coordinates": [127.0489, 37.50446]}, "properties": {"name": "Seolleung", "maplabel": "", "conn_score": 65.4, "conn_tier": "high", "district": "Gangnam-gu", "minutes_from_origin": 28.5, "tt_band": "15–30", "minutes_from_origin_ebt": 10.3, "tt_band_ebt": "0–15", "minutes_from_origin_jongno": 28.3, "tt_band_jongno": "15–30", "minutes_from_origin_gangnam": 4.7, "tt_band_gangnam": "0–15", "minutes_from_origin_hongik": 37.0, "tt_band_hongik": "30–45", "reach45": 293, "reach_band": "high"}}, {"type": "Feature", "geometry": {"type": "Point", "coordinates": [126.96214, 37.55947]}, "properties": {"name": "Chungjeongno", "maplabel": "", "conn_score": 63.4, "conn_tier": "high", "district": "Seodaemun-gu", "minutes_from_origin": 14.0, "tt_band": "0–15", "minutes_from_origin_ebt": 22.9, "tt_band_ebt": "15–30", "minutes_from_origin_jongno": 7.3, "tt_band_jongno": "0–15", "minutes_from_origin_gangnam": 28.5, "tt_band_gangnam": "15–30", "minutes_from_origin_hongik": 22.6, "tt_band_hongik": "15–30", "reach45": 309, "reach_band": "very-high"}}, {"type": "Feature", "geometry": {"type": "Point", "coordinates": [127.02026, 37.55443]}, "properties": {"name": "신금호", "maplabel": "", "conn_score": 70.8, "conn_tier": "very-high", "district": "Seongdong-gu", "minutes_from_origin": 12.2, "tt_band": "0–15", "minutes_from_origin_ebt": 19.2, "tt_band_ebt": "15–30", "minutes_from_origin_jongno": 7.9, "tt_band_jongno": "0–15", "minutes_from_origin_gangnam": 20.3, "tt_band_gangnam": "15–30", "minutes_from_origin_hongik": 22.4, "tt_band_hongik": "15–30", "reach45": 316, "reach_band": "very-high"}}, {"type": "Feature", "geometry": {"type": "Point", "coordinates": [126.99166, 37.56631]}, "properties": {"name": "Euljiro 3(sam)-ga", "maplabel": "", "conn_score": 81.9, "conn_tier": "very-high", "district": "Jung-gu", "minutes_from_origin": 6.2, "tt_band": "0–15", "minutes_from_origin_ebt": 21.1, "tt_band_ebt": "15–30", "minutes_from_origin_jongno": 1.6, "tt_band_jongno": "0–15", "minutes_from_origin_gangnam": 22.1, "tt_band_gangnam": "15–30", "minutes_from_origin_hongik": 14.8, "tt_band_hongik": "0–15", "reach45": 329, "reach_band": "very-high"}}, {"type": "Feature", "geometry": {"type": "Point", "coordinates": [127.06315, 37.50885]}, "properties": {"name": "Samseong(World Trade Center Seoul)", "maplabel": "", "conn_score": 61.6, "conn_tier": "high", "district": "Gangnam-gu", "minutes_from_origin": 31.4, "tt_band": "30–45", "minutes_from_origin_ebt": 13.2, "tt_band_ebt": "0–15", "minutes_from_origin_jongno": 31.3, "tt_band_jongno": "30–45", "minutes_from_origin_gangnam": 7.6, "tt_band_gangnam": "0–15", "minutes_from_origin_hongik": 39.9, "tt_band_hongik": "30–45", "reach45": 282, "reach_band": "high"}}, {"type": "Feature", "geometry": {"type": "Point", "coordinates": [126.76318, 37.50477]}, "properties": {"name": "부천시청", "maplabel": "", "conn_score": 36.9, "conn_tier": "low", "district": null, "minutes_from_origin": 44.4, "tt_band": "30–45", "minutes_from_origin_ebt": 48.4, "tt_band_ebt": "45–60", "minutes_from_origin_jongno": 51.0, "tt_band_jongno": "45–60", "minutes_from_origin_gangnam": 54.0, "tt_band_gangnam": "45–60", "minutes_from_origin_hongik": 41.1, "tt_band_hongik": "30–45", "reach45": 95, "reach_band": "low"}}, {"type": "Feature", "geometry": {"type": "Point", "coordinates": [127.00211, 37.45157]}, "properties": {"name": "Seonbawi", "maplabel": "", "conn_score": 56.3, "conn_tier": "high", "district": null, "minutes_from_origin": 27.0, "tt_band": "15–30", "minutes_from_origin_ebt": 18.0, "tt_band_ebt": "15–30", "minutes_from_origin_jongno": 33.7, "tt_band_jongno": "30–45", "minutes_from_origin_gangnam": 18.0, "tt_band_gangnam": "15–30", "minutes_from_origin_hongik": 35.6, "tt_band_hongik": "30–45", "reach45": 253, "reach_band": "high"}}, {"type": "Feature", "geometry": {"type": "Point", "coordinates": [126.89487, 37.5184]}, "properties": {"name": "Mullae", "maplabel": "", "conn_score": 79.1, "conn_tier": "very-high", "district": "Yeongdeungpo-gu", "minutes_from_origin": 19.4, "tt_band": "15–30", "minutes_from_origin_ebt": 23.4, "tt_band_ebt": "15–30", "minutes_from_origin_jongno": 26.0, "tt_band_jongno": "15–30", "minutes_from_origin_gangnam": 29.0, "tt_band_gangnam": "15–30", "minutes_from_origin_hongik": 11.2, "tt_band_hongik": "0–15", "reach45": 281, "reach_band": "high"}}, {"type": "Feature", "geometry": {"type": "Point", "coordinates": [126.96368, 37.55934]}, "properties": {"name": "Chungjeongno(Kyonggi University)", "maplabel": "", "conn_score": 78.5, "conn_tier": "very-high", "district": "Jung-gu", "minutes_from_origin": 5.4, "tt_band": "0–15", "minutes_from_origin_ebt": 23.6, "tt_band_ebt": "15–30", "minutes_from_origin_jongno": 6.7, "tt_band_jongno": "0–15", "minutes_from_origin_gangnam": 28.4, "tt_band_gangnam": "15–30", "minutes_from_origin_hongik": 8.6, "tt_band_hongik": "0–15", "reach45": 309, "reach_band": "very-high"}}, {"type": "Feature", "geometry": {"type": "Point", "coordinates": [126.96388, 37.39429]}, "properties": {"name": "Pyeongchon", "maplabel": "", "conn_score": 55.2, "conn_tier": "high", "district": null, "minutes_from_origin": 44.9, "tt_band": "30–45", "minutes_from_origin_ebt": 35.9, "tt_band_ebt": "30–45", "minutes_from_origin_jongno": 51.6, "tt_band_jongno": "45–60", "minutes_from_origin_gangnam": 35.8, "tt_band_gangnam": "30–45", "minutes_from_origin_hongik": 53.4, "tt_band_hongik": "45–60", "reach45": 109, "reach_band": "low"}}, {"type": "Feature", "geometry": {"type": "Point", "coordinates": [127.0474, 37.54724]}, "properties": {"name": "Ttukseom", "maplabel": "", "conn_score": 54.1, "conn_tier": "mid", "district": "Seongdong-gu", "minutes_from_origin": 18.9, "tt_band": "15–30", "minutes_from_origin_ebt": 27.6, "tt_band_ebt": "15–30", "minutes_from_origin_jongno": 14.7, "tt_band_jongno": "0–15", "minutes_from_origin_gangnam": 28.6, "tt_band_gangnam": "15–30", "minutes_from_origin_hongik": 29.1, "tt_band_hongik": "15–30", "reach45": 290, "reach_band": "high"}}, {"type": "Feature", "geometry": {"type": "Point", "coordinates": [127.10196, 37.48746]}, "properties": {"name": "Suseo", "maplabel": "", "conn_score": 44.3, "conn_tier": "mid", "district": "Gangnam-gu", "minutes_from_origin": 43.6, "tt_band": "30–45", "minutes_from_origin_ebt": 25.4, "tt_band_ebt": "15–30", "minutes_from_origin_jongno": 43.5, "tt_band_jongno": "30–45", "minutes_from_origin_gangnam": 19.9, "tt_band_gangnam": "15–30", "minutes_from_origin_hongik": 52.1, "tt_band_hongik": "45–60", "reach45": 200, "reach_band": "mid"}}, {"type": "Feature", "geometry": {"type": "Point", "coordinates": [126.72096, 37.50749]}, "properties": {"name": "Bupyeong-gu Office", "maplabel": "", "conn_score": 34.4, "conn_tier": "low", "district": null, "minutes_from_origin": 53.2, "tt_band": "45–60", "minutes_from_origin_ebt": 57.2, "tt_band_ebt": "45–60", "minutes_from_origin_jongno": 59.8, "tt_band_jongno": "45–60", "minutes_from_origin_gangnam": 62.8, "tt_band_gangnam": "60+", "minutes_from_origin_hongik": 49.9, "tt_band_hongik": "45–60", "reach45": 52, "reach_band": "very-low"}}, {"type": "Feature", "geometry": {"type": "Point", "coordinates": [126.90167, 37.48532]}, "properties": {"name": "Guro Digital Complex", "maplabel": "", "conn_score": 68.0, "conn_tier": "high", "district": "Guro-gu", "minutes_from_origin": 23.1, "tt_band": "15–30", "minutes_from_origin_ebt": 27.1, "tt_band_ebt": "15–30", "minutes_from_origin_jongno": 29.7, "tt_band_jongno": "15–30", "minutes_from_origin_gangnam": 27.0, "tt_band_gangnam": "15–30", "minutes_from_origin_hongik": 19.8, "tt_band_hongik": "15–30", "reach45": 264, "reach_band": "high"}}, {"type": "Feature", "geometry": {"type": "Point", "coordinates": [127.06322, 37.49445]}, "properties": {"name": "Daechi", "maplabel": "", "conn_score": 49.1, "conn_tier": "mid", "district": "Gangnam-gu", "minutes_from_origin": 33.7, "tt_band": "30–45", "minutes_from_origin_ebt": 15.5, "tt_band_ebt": "15–30", "minutes_from_origin_jongno": 33.7, "tt_band_jongno": "30–45", "minutes_from_origin_gangnam": 10.0, "tt_band_gangnam": "0–15", "minutes_from_origin_hongik": 42.2, "tt_band_hongik": "30–45", "reach45": 258, "reach_band": "high"}}, {"type": "Feature", "geometry": {"type": "Point", "coordinates": [127.06318, 37.4945]}, "properties": {"name": "대치", "maplabel": "", "conn_score": 49.1, "conn_tier": "mid", "district": "Gangnam-gu", "minutes_from_origin": 33.7, "tt_band": "30–45", "minutes_from_origin_ebt": 15.5, "tt_band_ebt": "15–30", "minutes_from_origin_jongno": 33.7, "tt_band_jongno": "30–45", "minutes_from_origin_gangnam": 10.0, "tt_band_gangnam": "0–15", "minutes_from_origin_hongik": 42.2, "tt_band_hongik": "30–45", "reach45": 258, "reach_band": "high"}}, {"type": "Feature", "geometry": {"type": "Point", "coordinates": [126.88277, 37.48042]}, "properties": {"name": "가산디지털단지", "maplabel": "", "conn_score": 38.2, "conn_tier": "low", "district": "Geumcheon-gu", "minutes_from_origin": 43.0, "tt_band": "30–45", "minutes_from_origin_ebt": 31.4, "tt_band_ebt": "30–45", "minutes_from_origin_jongno": 49.7, "tt_band_jongno": "45–60", "minutes_from_origin_gangnam": 37.0, "tt_band_gangnam": "30–45", "minutes_from_origin_hongik": 39.8, "tt_band_hongik": "30–45", "reach45": 144, "reach_band": "low"}}, {"type": "Feature", "geometry": {"type": "Point", "coordinates": [126.75317, 37.50583]}, "properties": {"name": "상동", "maplabel": "", "conn_score": 34.7, "conn_tier": "low", "district": null, "minutes_from_origin": 46.5, "tt_band": "45–60", "minutes_from_origin_ebt": 50.5, "tt_band_ebt": "45–60", "minutes_from_origin_jongno": 53.1, "tt_band_jongno": "45–60", "minutes_from_origin_gangnam": 56.1, "tt_band_gangnam": "45–60", "minutes_from_origin_hongik": 43.2, "tt_band_hongik": "30–45", "reach45": 83, "reach_band": "low"}}, {"type": "Feature", "geometry": {"type": "Point", "coordinates": [126.89931, 37.57015]}, "properties": {"name": "월드컵경기장", "maplabel": "", "conn_score": 30.3, "conn_tier": "low", "district": "Mapo-gu", "minutes_from_origin": 24.5, "tt_band": "15–30", "minutes_from_origin_ebt": 32.9, "tt_band_ebt": "30–45", "minutes_from_origin_jongno": 26.6, "tt_band_jongno": "15–30", "minutes_from_origin_gangnam": 38.5, "tt_band_gangnam": "30–45", "minutes_from_origin_hongik": 33.8, "tt_band_hongik": "30–45", "reach45": 209, "reach_band": "mid"}}, {"type": "Feature", "geometry": {"type": "Point", "coordinates": [126.9228, 37.60605]}, "properties": {"name": "역촌", "maplabel": "", "conn_score": 32.2, "conn_tier": "low", "district": "Eunpyeong-gu", "minutes_from_origin": 26.5, "tt_band": "15–30", "minutes_from_origin_ebt": 42.5, "tt_band_ebt": "30–45", "minutes_from_origin_jongno": 19.9, "tt_band_jongno": "15–30", "minutes_from_origin_gangnam": 43.5, "tt_band_gangnam": "30–45", "minutes_from_origin_hongik": 35.2, "tt_band_hongik": "30–45", "reach45": 177, "reach_band": "mid"}}, {"type": "Feature", "geometry": {"type": "Point", "coordinates": [126.98651, 37.53475]}, "properties": {"name": "녹사평", "maplabel": "", "conn_score": 74.3, "conn_tier": "very-high", "district": "Yongsan-gu", "minutes_from_origin": 7.5, "tt_band": "0–15", "minutes_from_origin_ebt": 15.9, "tt_band_ebt": "15–30", "minutes_from_origin_jongno": 14.1, "tt_band_jongno": "0–15", "minutes_from_origin_gangnam": 21.5, "tt_band_gangnam": "15–30", "minutes_from_origin_hongik": 21.5, "tt_band_hongik": "15–30", "reach45": 319, "reach_band": "very-high"}}, {"type": "Feature", "geometry": {"type": "Point", "coordinates": [127.02996, 37.55758]}, "properties": {"name": "행당", "maplabel": "", "conn_score": 64.5, "conn_tier": "high", "district": "Seongdong-gu", "minutes_from_origin": 14.3, "tt_band": "0–15", "minutes_from_origin_ebt": 21.4, "tt_band_ebt": "15–30", "minutes_from_origin_jongno": 10.1, "tt_band_jongno": "0–15", "minutes_from_origin_gangnam": 22.5, "tt_band_gangnam": "15–30", "minutes_from_origin_hongik": 24.6, "tt_band_hongik": "15–30", "reach45": 311, "reach_band": "very-high"}}, {"type": "Feature", "geometry": {"type": "Point", "coordinates": [126.84038, 37.5417]}, "properties": {"name": "Hwagok", "maplabel": "", "conn_score": 46.9, "conn_tier": "mid", "district": "Gangseo-gu", "minutes_from_origin": 31.3, "tt_band": "30–45", "minutes_from_origin_ebt": 35.2, "tt_band_ebt": "30–45", "minutes_from_origin_jongno": 38.0, "tt_band_jongno": "30–45", "minutes_from_origin_gangnam": 40.8, "tt_band_gangnam": "30–45", "minutes_from_origin_hongik": 28.1, "tt_band_hongik": "15–30", "reach45": 182, "reach_band": "mid"}}, {"type": "Feature", "geometry": {"type": "Point", "coordinates": [127.08421, 37.48379]}, "properties": {"name": "Irwon", "maplabel": "", "conn_score": 39.8, "conn_tier": "low", "district": "Gangnam-gu", "minutes_from_origin": 40.2, "tt_band": "30–45", "minutes_from_origin_ebt": 21.9, "tt_band_ebt": "15–30", "minutes_from_origin_jongno": 40.1, "tt_band_jongno": "30–45", "minutes_from_origin_gangnam": 16.4, "tt_band_gangnam": "15–30", "minutes_from_origin_hongik": 48.7, "tt_band_hongik": "45–60", "reach45": 224, "reach_band": "mid"}}, {"type": "Feature", "geometry": {"type": "Point", "coordinates": [126.92821, 37.4997]}, "properties": {"name": "신대방삼거리", "maplabel": "", "conn_score": 37.1, "conn_tier": "low", "district": "Dongjak-gu", "minutes_from_origin": 38.1, "tt_band": "30–45", "minutes_from_origin_ebt": 19.9, "tt_band_ebt": "15–30", "minutes_from_origin_jongno": 42.5, "tt_band_jongno": "30–45", "minutes_from_origin_gangnam": 25.5, "tt_band_gangnam": "15–30", "minutes_from_origin_hongik": 46.7, "tt_band_hongik": "45–60", "reach45": 196, "reach_band": "mid"}}, {"type": "Feature", "geometry": {"type": "Point", "coordinates": [126.89657, 37.52531]}, "properties": {"name": "Yeongdeungpo-gu Office", "maplabel": "", "conn_score": 73.8, "conn_tier": "very-high", "district": "Yeongdeungpo-gu", "minutes_from_origin": 21.3, "tt_band": "15–30", "minutes_from_origin_ebt": 22.6, "tt_band_ebt": "15–30", "minutes_from_origin_jongno": 24.5, "tt_band_jongno": "15–30", "minutes_from_origin_gangnam": 28.2, "tt_band_gangnam": "15–30", "minutes_from_origin_hongik": 9.2, "tt_band_hongik": "0–15", "reach45": 285, "reach_band": "high"}}, {"type": "Feature", "geometry": {"type": "Point", "coordinates": [127.20431, 37.55281]}, "properties": {"name": "하남풍산", "maplabel": "", "conn_score": 16.3, "conn_tier": "very-low", "district": null, "minutes_from_origin": 55.0, "tt_band": "45–60", "minutes_from_origin_ebt": 48.7, "tt_band_ebt": "45–60", "minutes_from_origin_jongno": 50.7, "tt_band_jongno": "45–60", "minutes_from_origin_gangnam": 45.1, "tt_band_gangnam": "45–60", "minutes_from_origin_hongik": 65.2, "tt_band_hongik": "60+", "reach45": 87, "reach_band": "low"}}, {"type": "Feature", "geometry": {"type": "Point", "coordinates": [126.77326, 37.65973]}, "properties": {"name": "Jeongbalsan", "maplabel": "", "conn_score": 3.9, "conn_tier": "very-low", "district": null, "minutes_from_origin": 66.1, "tt_band": "60+", "minutes_from_origin_ebt": 82.0, "tt_band_ebt": "60+", "minutes_from_origin_jongno": 59.4, "tt_band_jongno": "45–60", "minutes_from_origin_gangnam": 83.1, "tt_band_gangnam": "60+", "minutes_from_origin_hongik": 74.7, "tt_band_hongik": "60+", "reach45": 22, "reach_band": "very-low"}}, {"type": "Feature", "geometry": {"type": "Point", "coordinates": [127.13808, 37.61097]}, "properties": {"name": "Donggureung", "maplabel": "", "conn_score": 24.8, "conn_tier": "very-low", "district": null, "minutes_from_origin": 51.9, "tt_band": "45–60", "minutes_from_origin_ebt": 47.6, "tt_band_ebt": "45–60", "minutes_from_origin_jongno": 47.6, "tt_band_jongno": "45–60", "minutes_from_origin_gangnam": 44.0, "tt_band_gangnam": "30–45", "minutes_from_origin_hongik": 62.1, "tt_band_hongik": "60+", "reach45": 96, "reach_band": "low"}}, {"type": "Feature", "geometry": {"type": "Point", "coordinates": [127.14764, 37.441]}, "properties": {"name": "Sinheung", "maplabel": "", "conn_score": 15.5, "conn_tier": "very-low", "district": null, "minutes_from_origin": 60.1, "tt_band": "60+", "minutes_from_origin_ebt": 41.9, "tt_band_ebt": "30–45", "minutes_from_origin_jongno": 60.0, "tt_band_jongno": "45–60", "minutes_from_origin_gangnam": 38.3, "tt_band_gangnam": "30–45", "minutes_from_origin_hongik": 68.6, "tt_band_hongik": "60+", "reach45": 87, "reach_band": "low"}}, {"type": "Feature", "geometry": {"type": "Point", "coordinates": [127.08371, 37.61978]}, "properties": {"name": "화랑대", "maplabel": "", "conn_score": 23.4, "conn_tier": "very-low", "district": "Nowon-gu", "minutes_from_origin": 34.6, "tt_band": "30–45", "minutes_from_origin_ebt": 40.6, "tt_band_ebt": "30–45", "minutes_from_origin_jongno": 30.4, "tt_band_jongno": "30–45", "minutes_from_origin_gangnam": 42.7, "tt_band_gangnam": "30–45", "minutes_from_origin_hongik": 44.8, "tt_band_hongik": "30–45", "reach45": 190, "reach_band": "mid"}}, {"type": "Feature", "geometry": {"type": "Point", "coordinates": [127.13483, 37.49807]}, "properties": {"name": "개롱", "maplabel": "", "conn_score": 39.3, "conn_tier": "low", "district": "Songpa-gu", "minutes_from_origin": 47.0, "tt_band": "45–60", "minutes_from_origin_ebt": 29.0, "tt_band_ebt": "15–30", "minutes_from_origin_jongno": 42.8, "tt_band_jongno": "30–45", "minutes_from_origin_gangnam": 25.4, "tt_band_gangnam": "15–30", "minutes_from_origin_hongik": 55.7, "tt_band_hongik": "45–60", "reach45": 190, "reach_band": "mid"}}, {"type": "Feature", "geometry": {"type": "Point", "coordinates": [127.06929, 37.29743]}, "properties": {"name": "Sanghyeon", "maplabel": "", "conn_score": 20.9, "conn_tier": "very-low", "district": null, "minutes_from_origin": 75.5, "tt_band": "60+", "minutes_from_origin_ebt": 57.3, "tt_band_ebt": "45–60", "minutes_from_origin_jongno": 75.5, "tt_band_jongno": "60+", "minutes_from_origin_gangnam": 51.8, "tt_band_gangnam": "45–60", "minutes_from_origin_hongik": 84.1, "tt_band_hongik": "60+", "reach45": 13, "reach_band": "very-low"}}, {"type": "Feature", "geometry": {"type": "Point", "coordinates": [127.49033, 37.2604]}, "properties": {"name": "Bubal", "maplabel": "", "conn_score": 15.2, "conn_tier": "very-low", "district": null, "minutes_from_origin": 127.7, "tt_band": "60+", "minutes_from_origin_ebt": 109.4, "tt_band_ebt": "60+", "minutes_from_origin_jongno": 127.6, "tt_band_jongno": "60+", "minutes_from_origin_gangnam": 103.9, "tt_band_gangnam": "60+", "minutes_from_origin_hongik": 136.2, "tt_band_hongik": "60+", "reach45": 6, "reach_band": "very-low"}}, {"type": "Feature", "geometry": {"type": "Point", "coordinates": [127.05282, 36.77762]}, "properties": {"name": "Baebang", "maplabel": "", "conn_score": 6.6, "conn_tier": "very-low", "district": null, "minutes_from_origin": 192.1, "tt_band": "60+", "minutes_from_origin_ebt": 189.0, "tt_band_ebt": "60+", "minutes_from_origin_jongno": 198.7, "tt_band_jongno": "60+", "minutes_from_origin_gangnam": 189.0, "tt_band_gangnam": "60+", "minutes_from_origin_hongik": 192.7, "tt_band_hongik": "60+", "reach45": 10, "reach_band": "very-low"}}, {"type": "Feature", "geometry": {"type": "Point", "coordinates": [127.11619, 37.6678]}, "properties": {"name": "Byeollaebyeolgaram", "maplabel": "", "conn_score": 11.3, "conn_tier": "very-low", "district": null, "minutes_from_origin": 49.6, "tt_band": "45–60", "minutes_from_origin_ebt": 60.4, "tt_band_ebt": "60+", "minutes_from_origin_jongno": 43.5, "tt_band_jongno": "30–45", "minutes_from_origin_gangnam": 61.4, "tt_band_gangnam": "60+", "minutes_from_origin_hongik": 58.8, "tt_band_hongik": "45–60", "reach45": 28, "reach_band": "very-low"}}, {"type": "Feature", "geometry": {"type": "Point", "coordinates": [127.07423, 37.99508]}, "properties": {"name": "Cheongsan", "maplabel": "", "conn_score": 3.5, "conn_tier": "very-low", "district": null, "minutes_from_origin": 111.8, "tt_band": "60+", "minutes_from_origin_ebt": 122.6, "tt_band_ebt": "60+", "minutes_from_origin_jongno": 105.8, "tt_band_jongno": "60+", "minutes_from_origin_gangnam": 123.7, "tt_band_gangnam": "60+", "minutes_from_origin_hongik": 121.1, "tt_band_hongik": "60+", "reach45": 10, "reach_band": "very-low"}}, {"type": "Feature", "geometry": {"type": "Point", "coordinates": [126.98261, 37.56595]}, "properties": {"name": "Euljiro 1(il)-ga (Industrial Bank of Korea)", "maplabel": "", "conn_score": 84.2, "conn_tier": "very-high", "district": "Jung-gu", "minutes_from_origin": 4.2, "tt_band": "0–15", "minutes_from_origin_ebt": 22.4, "tt_band_ebt": "15–30", "minutes_from_origin_jongno": 3.5, "tt_band_jongno": "0–15", "minutes_from_origin_gangnam": 24.1, "tt_band_gangnam": "15–30", "minutes_from_origin_hongik": 12.9, "tt_band_hongik": "0–15", "reach45": 327, "reach_band": "very-high"}}, {"type": "Feature", "geometry": {"type": "Point", "coordinates": [126.68016, 37.46508]}, "properties": {"name": "주안", "maplabel": "", "conn_score": 42.9, "conn_tier": "mid", "district": null, "minutes_from_origin": 56.4, "tt_band": "45–60", "minutes_from_origin_ebt": 60.4, "tt_band_ebt": "60+", "minutes_from_origin_jongno": 63.0, "tt_band_jongno": "60+", "minutes_from_origin_gangnam": 66.0, "tt_band_gangnam": "60+", "minutes_from_origin_hongik": 53.1, "tt_band_hongik": "45–60", "reach45": 42, "reach_band": "very-low"}}, {"type": "Feature", "geometry": {"type": "Point", "coordinates": [126.88612, 37.52564]}, "properties": {"name": "Yangpyeong", "maplabel": "", "conn_score": 58.9, "conn_tier": "high", "district": "Yeongdeungpo-gu", "minutes_from_origin": 22.8, "tt_band": "15–30", "minutes_from_origin_ebt": 23.5, "tt_band_ebt": "15–30", "minutes_from_origin_jongno": 28.6, "tt_band_jongno": "15–30", "minutes_from_origin_gangnam": 29.1, "tt_band_gangnam": "15–30", "minutes_from_origin_hongik": 20.3, "tt_band_hongik": "15–30", "reach45": 258, "reach_band": "high"}}, {"type": "Feature", "geometry": {"type": "Point", "coordinates": [126.7423, 37.5065]}, "properties": {"name": "삼산체육관", "maplabel": "", "conn_score": 33.2, "conn_tier": "low", "district": null, "minutes_from_origin": 48.7, "tt_band": "45–60", "minutes_from_origin_ebt": 52.8, "tt_band_ebt": "45–60", "minutes_from_origin_jongno": 55.4, "tt_band_jongno": "45–60", "minutes_from_origin_gangnam": 58.4, "tt_band_gangnam": "45–60", "minutes_from_origin_hongik": 45.5, "tt_band_hongik": "45–60", "reach45": 69, "reach_band": "low"}}, {"type": "Feature", "geometry": {"type": "Point", "coordinates": [126.73132, 37.50702]}, "properties": {"name": "굴포천", "maplabel": "", "conn_score": 32.5, "conn_tier": "low", "district": null, "minutes_from_origin": 51.0, "tt_band": "45–60", "minutes_from_origin_ebt": 55.0, "tt_band_ebt": "45–60", "minutes_from_origin_jongno": 57.6, "tt_band_jongno": "45–60", "minutes_from_origin_gangnam": 60.6, "tt_band_gangnam": "60+", "minutes_from_origin_hongik": 47.7, "tt_band_hongik": "45–60", "reach45": 60, "reach_band": "low"}}, {"type": "Feature", "geometry": {"type": "Point", "coordinates": [127.00789, 37.44381]}, "properties": {"name": "Seoul Racecourse park", "maplabel": "", "conn_score": 50.7, "conn_tier": "mid", "district": null, "minutes_from_origin": 29.4, "tt_band": "15–30", "minutes_from_origin_ebt": 20.4, "tt_band_ebt": "15–30", "minutes_from_origin_jongno": 36.0, "tt_band_jongno": "30–45", "minutes_from_origin_gangnam": 20.3, "tt_band_gangnam": "15–30", "minutes_from_origin_hongik": 37.9, "tt_band_hongik": "30–45", "reach45": 230, "reach_band": "mid"}}, {"type": "Feature", "geometry": {"type": "Point", "coordinates": [126.91559, 37.59861]}, "properties": {"name": "응암", "maplabel": "", "conn_score": 28.6, "conn_tier": "low", "district": "Eunpyeong-gu", "minutes_from_origin": 28.9, "tt_band": "15–30", "minutes_from_origin_ebt": 41.3, "tt_band_ebt": "30–45", "minutes_from_origin_jongno": 22.3, "tt_band_jongno": "15–30", "minutes_from_origin_gangnam": 45.9, "tt_band_gangnam": "45–60", "minutes_from_origin_hongik": 37.6, "tt_band_hongik": "30–45", "reach45": 175, "reach_band": "mid"}}, {"type": "Feature", "geometry": {"type": "Point", "coordinates": [126.96355, 37.47705]}, "properties": {"name": "Nakseongdae", "maplabel": "", "conn_score": 63.5, "conn_tier": "high", "district": "Gwanak-gu", "minutes_from_origin": 23.3, "tt_band": "15–30", "minutes_from_origin_ebt": 14.3, "tt_band_ebt": "0–15", "minutes_from_origin_jongno": 29.9, "tt_band_jongno": "15–30", "minutes_from_origin_gangnam": 14.2, "tt_band_gangnam": "0–15", "minutes_from_origin_hongik": 31.8, "tt_band_hongik": "30–45", "reach45": 289, "reach_band": "high"}}, {"type": "Feature", "geometry": {"type": "Point", "coordinates": [126.99438, 37.5345]}, "properties": {"name": "이태원", "maplabel": "", "conn_score": 69.5, "conn_tier": "high", "district": "Yongsan-gu", "minutes_from_origin": 9.3, "tt_band": "0–15", "minutes_from_origin_ebt": 17.7, "tt_band_ebt": "15–30", "minutes_from_origin_jongno": 13.6, "tt_band_jongno": "0–15", "minutes_from_origin_gangnam": 22.8, "tt_band_gangnam": "15–30", "minutes_from_origin_hongik": 23.2, "tt_band_hongik": "15–30", "reach45": 317, "reach_band": "very-high"}}, {"type": "Feature", "geometry": {"type": "Point", "coordinates": [127.06991, 37.49648]}, "properties": {"name": "Hangnyeoul", "maplabel": "", "conn_score": 45.1, "conn_tier": "mid", "district": "Gangnam-gu", "minutes_from_origin": 35.4, "tt_band": "30–45", "minutes_from_origin_ebt": 17.2, "tt_band_ebt": "15–30", "minutes_from_origin_jongno": 35.3, "tt_band_jongno": "30–45", "minutes_from_origin_gangnam": 11.6, "tt_band_gangnam": "0–15", "minutes_from_origin_hongik": 43.9, "tt_band_hongik": "30–45", "reach45": 250, "reach_band": "high"}}, {"type": "Feature", "geometry": {"type": "Point", "coordinates": [127.06989, 37.49653]}, "properties": {"name": "학여울", "maplabel": "", "conn_score": 45.1, "conn_tier": "mid", "district": "Gangnam-gu", "minutes_from_origin": 35.4, "tt_band": "30–45", "minutes_from_origin_ebt": 17.2, "tt_band_ebt": "15–30", "minutes_from_origin_jongno": 35.3, "tt_band_jongno": "30–45", "minutes_from_origin_gangnam": 11.6, "tt_band_gangnam": "0–15", "minutes_from_origin_hongik": 43.9, "tt_band_hongik": "30–45", "reach45": 250, "reach_band": "high"}}, {"type": "Feature", "geometry": {"type": "Point", "coordinates": [126.91466, 37.55006]}, "properties": {"name": "Hapjeong", "maplabel": "", "conn_score": 67.5, "conn_tier": "high", "district": "Mapo-gu", "minutes_from_origin": 16.4, "tt_band": "15–30", "minutes_from_origin_ebt": 24.3, "tt_band_ebt": "15–30", "minutes_from_origin_jongno": 17.7, "tt_band_jongno": "15–30", "minutes_from_origin_gangnam": 29.9, "tt_band_gangnam": "15–30", "minutes_from_origin_hongik": 2.4, "tt_band_hongik": "0–15", "reach45": 283, "reach_band": "high"}}, {"type": "Feature", "geometry": {"type": "Point", "coordinates": [127.00664, 37.54827]}, "properties": {"name": "버티고개", "maplabel": "", "conn_score": 68.6, "conn_tier": "high", "district": "Jung-gu", "minutes_from_origin": 13.8, "tt_band": "0–15", "minutes_from_origin_ebt": 17.2, "tt_band_ebt": "15–30", "minutes_from_origin_jongno": 9.1, "tt_band_jongno": "0–15", "minutes_from_origin_gangnam": 18.3, "tt_band_gangnam": "15–30", "minutes_from_origin_hongik": 24.0, "tt_band_hongik": "15–30", "reach45": 314, "reach_band": "very-high"}}, {"type": "Feature", "geometry": {"type": "Point", "coordinates": [126.97695, 37.40137]}, "properties": {"name": "Indeogwon", "maplabel": "", "conn_score": 48.6, "conn_tier": "mid", "district": null, "minutes_from_origin": 41.9, "tt_band": "30–45", "minutes_from_origin_ebt": 32.9, "tt_band_ebt": "30–45", "minutes_from_origin_jongno": 48.5, "tt_band_jongno": "45–60", "minutes_from_origin_gangnam": 32.8, "tt_band_gangnam": "30–45", "minutes_from_origin_hongik": 50.4, "tt_band_hongik": "45–60", "reach45": 121, "reach_band": "low"}}, {"type": "Feature", "geometry": {"type": "Point", "coordinates": [126.95613, 37.55743]}, "properties": {"name": "Ahyeon", "maplabel": "", "conn_score": 69.1, "conn_tier": "high", "district": "Seodaemun-gu", "minutes_from_origin": 7.2, "tt_band": "0–15", "minutes_from_origin_ebt": 25.4, "tt_band_ebt": "15–30", "minutes_from_origin_jongno": 8.5, "tt_band_jongno": "0–15", "minutes_from_origin_gangnam": 30.2, "tt_band_gangnam": "30–45", "minutes_from_origin_hongik": 6.8, "tt_band_hongik": "0–15", "reach45": 301, "reach_band": "very-high"}}, {"type": "Feature", "geometry": {"type": "Point", "coordinates": [126.90146, 37.5762]}, "properties": {"name": "디지털미디어시티", "maplabel": "", "conn_score": 27.7, "conn_tier": "low", "district": "Mapo-gu", "minutes_from_origin": 26.3, "tt_band": "15–30", "minutes_from_origin_ebt": 34.7, "tt_band_ebt": "30–45", "minutes_from_origin_jongno": 28.4, "tt_band_jongno": "15–30", "minutes_from_origin_gangnam": 40.3, "tt_band_gangnam": "30–45", "minutes_from_origin_hongik": 35.6, "tt_band_hongik": "30–45", "reach45": 194, "reach_band": "mid"}}, {"type": "Feature", "geometry": {"type": "Point", "coordinates": [126.88669, 37.48539]}, "properties": {"name": "남구로", "maplabel": "", "conn_score": 34.6, "conn_tier": "low", "district": "Guro-gu", "minutes_from_origin": 44.7, "tt_band": "30–45", "minutes_from_origin_ebt": 29.7, "tt_band_ebt": "15–30", "minutes_from_origin_jongno": 51.4, "tt_band_jongno": "45–60", "minutes_from_origin_gangnam": 35.3, "tt_band_gangnam": "30–45", "minutes_from_origin_hongik": 41.5, "tt_band_hongik": "30–45", "reach45": 139, "reach_band": "low"}}, {"type": "Feature", "geometry": {"type": "Point", "coordinates": [127.00577, 37.55902]}, "properties": {"name": "Dongguk Univ.", "maplabel": "", "conn_score": 77.2, "conn_tier": "very-high", "district": "Jung-gu", "minutes_from_origin": 7.8, "tt_band": "0–15", "minutes_from_origin_ebt": 17.1, "tt_band_ebt": "15–30", "minutes_from_origin_jongno": 5.6, "tt_band_jongno": "0–15", "minutes_from_origin_gangnam": 18.1, "tt_band_gangnam": "15–30", "minutes_from_origin_hongik": 18.9, "tt_band_hongik": "15–30", "reach45": 318, "reach_band": "very-high"}}, {"type": "Feature", "geometry": {"type": "Point", "coordinates": [126.63308, 37.4751]}, "properties": {"name": "Dongincheon", "maplabel": "", "conn_score": 37.5, "conn_tier": "low", "district": null, "minutes_from_origin": 64.7, "tt_band": "60+", "minutes_from_origin_ebt": 68.7, "tt_band_ebt": "60+", "minutes_from_origin_jongno": 71.3, "tt_band_jongno": "60+", "minutes_from_origin_gangnam": 74.3, "tt_band_gangnam": "60+", "minutes_from_origin_hongik": 61.4, "tt_band_hongik": "60+", "reach45": 27, "reach_band": "very-low"}}, {"type": "Feature", "geometry": {"type": "Point", "coordinates": [127.19277, 37.56306]}, "properties": {"name": "Misa", "maplabel": "", "conn_score": 19.3, "conn_tier": "very-low", "district": null, "minutes_from_origin": 51.7, "tt_band": "45–60", "minutes_from_origin_ebt": 45.4, "tt_band_ebt": "45–60", "minutes_from_origin_jongno": 47.5, "tt_band_jongno": "45–60", "minutes_from_origin_gangnam": 41.8, "tt_band_gangnam": "30–45", "minutes_from_origin_hongik": 61.9, "tt_band_hongik": "60+", "reach45": 107, "reach_band": "low"}}, {"type": "Feature", "geometry": {"type": "Point", "coordinates": [127.19282, 37.56295]}, "properties": {"name": "미사", "maplabel": "", "conn_score": 19.3, "conn_tier": "very-low", "district": null, "minutes_from_origin": 51.7, "tt_band": "45–60", "minutes_from_origin_ebt": 45.4, "tt_band_ebt": "45–60", "minutes_from_origin_jongno": 47.5, "tt_band_jongno": "45–60", "minutes_from_origin_gangnam": 41.8, "tt_band_gangnam": "30–45", "minutes_from_origin_hongik": 61.9, "tt_band_hongik": "60+", "reach45": 107, "reach_band": "low"}}, {"type": "Feature", "geometry": {"type": "Point", "coordinates": [127.00763, 37.49182]}, "properties": {"name": "Seocho", "maplabel": "", "conn_score": 71.1, "conn_tier": "very-high", "district": "Seocho-gu", "minutes_from_origin": 23.1, "tt_band": "15–30", "minutes_from_origin_ebt": 4.9, "tt_band_ebt": "0–15", "minutes_from_origin_jongno": 27.5, "tt_band_jongno": "15–30", "minutes_from_origin_gangnam": 4.4, "tt_band_gangnam": "0–15", "minutes_from_origin_hongik": 31.6, "tt_band_hongik": "30–45", "reach45": 309, "reach_band": "very-high"}}, {"type": "Feature", "geometry": {"type": "Point", "coordinates": [127.00174, 37.53982]}, "properties": {"name": "한강진", "maplabel": "", "conn_score": 67.0, "conn_tier": "high", "district": "Yongsan-gu", "minutes_from_origin": 11.4, "tt_band": "0–15", "minutes_from_origin_ebt": 19.6, "tt_band_ebt": "15–30", "minutes_from_origin_jongno": 11.5, "tt_band_jongno": "0–15", "minutes_from_origin_gangnam": 20.7, "tt_band_gangnam": "15–30", "minutes_from_origin_hongik": 25.3, "tt_band_hongik": "15–30", "reach45": 317, "reach_band": "very-high"}}, {"type": "Feature", "geometry": {"type": "Point", "coordinates": [126.99268, 37.56637]}, "properties": {"name": "을지로3가", "maplabel": "", "conn_score": 73.7, "conn_tier": "very-high", "district": "Jung-gu", "minutes_from_origin": 8.2, "tt_band": "0–15", "minutes_from_origin_ebt": 21.0, "tt_band_ebt": "15–30", "minutes_from_origin_jongno": 1.6, "tt_band_jongno": "0–15", "minutes_from_origin_gangnam": 22.1, "tt_band_gangnam": "15–30", "minutes_from_origin_hongik": 16.9, "tt_band_hongik": "15–30", "reach45": 318, "reach_band": "very-high"}}, {"type": "Feature", "geometry": {"type": "Point", "coordinates": [126.91341, 37.48761]}, "properties": {"name": "Sindaebang", "maplabel": "", "conn_score": 59.7, "conn_tier": "high", "district": "Gwanak-gu", "minutes_from_origin": 25.5, "tt_band": "15–30", "minutes_from_origin_ebt": 24.7, "tt_band_ebt": "15–30", "minutes_from_origin_jongno": 32.1, "tt_band_jongno": "30–45", "minutes_from_origin_gangnam": 24.6, "tt_band_gangnam": "15–30", "minutes_from_origin_hongik": 22.2, "tt_band_hongik": "15–30", "reach45": 260, "reach_band": "high"}}, {"type": "Feature", "geometry": {"type": "Point", "coordinates": [126.92029, 37.49992]}, "properties": {"name": "보라매", "maplabel": "", "conn_score": 33.2, "conn_tier": "low", "district": "Yeongdeungpo-gu", "minutes_from_origin": 39.9, "tt_band": "30–45", "minutes_from_origin_ebt": 21.7, "tt_band_ebt": "15–30", "minutes_from_origin_jongno": 44.3, "tt_band_jongno": "30–45", "minutes_from_origin_gangnam": 27.3, "tt_band_gangnam": "15–30", "minutes_from_origin_hongik": 48.4, "tt_band_hongik": "45–60", "reach45": 181, "reach_band": "mid"}}, {"type": "Feature", "geometry": {"type": "Point", "coordinates": [126.998, 37.56663]}, "properties": {"name": "Euljiro 4(sa)-ga", "maplabel": "", "conn_score": 77.3, "conn_tier": "very-high", "district": "Jung-gu", "minutes_from_origin": 7.7, "tt_band": "0–15", "minutes_from_origin_ebt": 21.1, "tt_band_ebt": "15–30", "minutes_from_origin_jongno": 3.1, "tt_band_jongno": "0–15", "minutes_from_origin_gangnam": 22.2, "tt_band_gangnam": "15–30", "minutes_from_origin_hongik": 16.4, "tt_band_hongik": "15–30", "reach45": 325, "reach_band": "very-high"}}, {"type": "Feature", "geometry": {"type": "Point", "coordinates": [126.90988, 37.58411]}, "properties": {"name": "증산", "maplabel": "", "conn_score": 26.4, "conn_tier": "very-low", "district": "Eunpyeong-gu", "minutes_from_origin": 28.9, "tt_band": "15–30", "minutes_from_origin_ebt": 37.3, "tt_band_ebt": "30–45", "minutes_from_origin_jongno": 26.4, "tt_band_jongno": "15–30", "minutes_from_origin_gangnam": 42.9, "tt_band_gangnam": "30–45", "minutes_from_origin_hongik": 38.2, "tt_band_hongik": "30–45", "reach45": 188, "reach_band": "mid"}}, {"type": "Feature", "geometry": {"type": "Point", "coordinates": [126.91374, 37.59167]}, "properties": {"name": "Saejeol", "maplabel": "", "conn_score": 26.4, "conn_tier": "very-low", "district": "Eunpyeong-gu", "minutes_from_origin": 30.8, "tt_band": "30–45", "minutes_from_origin_ebt": 39.4, "tt_band_ebt": "30–45", "minutes_from_origin_jongno": 24.2, "tt_band_jongno": "15–30", "minutes_from_origin_gangnam": 45.0, "tt_band_gangnam": "30–45", "minutes_from_origin_hongik": 39.5, "tt_band_hongik": "30–45", "reach45": 184, "reach_band": "mid"}}, {"type": "Feature", "geometry": {"type": "Point", "coordinates": [126.812, 37.56127]}, "properties": {"name": "Songjeong", "maplabel": "", "conn_score": 40.8, "conn_tier": "low", "district": "Gangseo-gu", "minutes_from_origin": 41.0, "tt_band": "30–45", "minutes_from_origin_ebt": 42.5, "tt_band_ebt": "30–45", "minutes_from_origin_jongno": 44.4, "tt_band_jongno": "30–45", "minutes_from_origin_gangnam": 48.1, "tt_band_gangnam": "45–60", "minutes_from_origin_hongik": 29.1, "tt_band_hongik": "15–30", "reach45": 109, "reach_band": "low"}}, {"type": "Feature", "geometry": {"type": "Point", "coordinates": [126.83632, 37.54887]}, "properties": {"name": "Ujangsan", "maplabel": "", "conn_score": 41.4, "conn_tier": "low", "district": "Gangseo-gu", "minutes_from_origin": 33.4, "tt_band": "30–45", "minutes_from_origin_ebt": 37.2, "tt_band_ebt": "30–45", "minutes_from_origin_jongno": 40.1, "tt_band_jongno": "30–45", "minutes_from_origin_gangnam": 42.8, "tt_band_gangnam": "30–45", "minutes_from_origin_hongik": 30.2, "tt_band_hongik": "30–45", "reach45": 161, "reach_band": "low"}}, {"type": "Feature", "geometry": {"type": "Point", "coordinates": [126.89627, 37.4925]}, "properties": {"name": "대림", "maplabel": "", "conn_score": 32.8, "conn_tier": "low", "district": "Yeongdeungpo-gu", "minutes_from_origin": 45.3, "tt_band": "45–60", "minutes_from_origin_ebt": 27.1, "tt_band_ebt": "15–30", "minutes_from_origin_jongno": 49.7, "tt_band_jongno": "45–60", "minutes_from_origin_gangnam": 32.7, "tt_band_gangnam": "30–45", "minutes_from_origin_hongik": 44.1, "tt_band_hongik": "30–45", "reach45": 146, "reach_band": "low"}}, {"type": "Feature", "geometry": {"type": "Point", "coordinates": [126.99767, 37.48146]}, "properties": {"name": "Bangbae", "maplabel": "", "conn_score": 67.6, "conn_tier": "high", "district": "Seocho-gu", "minutes_from_origin": 23.1, "tt_band": "15–30", "minutes_from_origin_ebt": 8.0, "tt_band_ebt": "0–15", "minutes_from_origin_jongno": 29.8, "tt_band_jongno": "15–30", "minutes_from_origin_gangnam": 7.6, "tt_band_gangnam": "0–15", "minutes_from_origin_hongik": 31.7, "tt_band_hongik": "30–45", "reach45": 298, "reach_band": "high"}}, {"type": "Feature", "geometry": {"type": "Point", "coordinates": [127.03713, 37.5612]}, "properties": {"name": "Wangsimni(Seongdong-Gu Office)", "maplabel": "", "conn_score": 60.9, "conn_tier": "high", "district": "Seongdong-gu", "minutes_from_origin": 14.6, "tt_band": "0–15", "minutes_from_origin_ebt": 25.4, "tt_band_ebt": "15–30", "minutes_from_origin_jongno": 10.4, "tt_band_jongno": "0–15", "minutes_from_origin_gangnam": 26.5, "tt_band_gangnam": "15–30", "minutes_from_origin_hongik": 24.8, "tt_band_hongik": "15–30", "reach45": 304, "reach_band": "very-high"}}, {"type": "Feature", "geometry": {"type": "Point", "coordinates": [127.00655, 37.43573]}, "properties": {"name": "Seoul Grand park", "maplabel": "", "conn_score": 45.7, "conn_tier": "mid", "district": null, "minutes_from_origin": 31.5, "tt_band": "30–45", "minutes_from_origin_ebt": 22.5, "tt_band_ebt": "15–30", "minutes_from_origin_jongno": 38.1, "tt_band_jongno": "30–45", "minutes_from_origin_gangnam": 22.4, "tt_band_gangnam": "15–30", "minutes_from_origin_hongik": 40.0, "tt_band_hongik": "30–45", "reach45": 210, "reach_band": "mid"}}, {"type": "Feature", "geometry": {"type": "Point", "coordinates": [127.07951, 37.49365]}, "properties": {"name": "Daecheong", "maplabel": "", "conn_score": 42.1, "conn_tier": "low", "district": "Gangnam-gu", "minutes_from_origin": 37.5, "tt_band": "30–45", "minutes_from_origin_ebt": 19.3, "tt_band_ebt": "15–30", "minutes_from_origin_jongno": 37.4, "tt_band_jongno": "30–45", "minutes_from_origin_gangnam": 13.8, "tt_band_gangnam": "0–15", "minutes_from_origin_hongik": 46.0, "tt_band_hongik": "45–60", "reach45": 240, "reach_band": "mid"}}, {"type": "Feature", "geometry": {"type": "Point", "coordinates": [127.07957, 37.49367]}, "properties": {"name": "대청", "maplabel": "", "conn_score": 42.1, "conn_tier": "low", "district": "Gangnam-gu", "minutes_from_origin": 37.5, "tt_band": "30–45", "minutes_from_origin_ebt": 19.3, "tt_band_ebt": "15–30", "minutes_from_origin_jongno": 37.5, "tt_band_jongno": "30–45", "minutes_from_origin_gangnam": 13.8, "tt_band_gangnam": "0–15", "minutes_from_origin_hongik": 46.1, "tt_band_hongik": "45–60", "reach45": 240, "reach_band": "mid"}}, {"type": "Feature", "geometry": {"type": "Point", "coordinates": [127.01055, 37.55483]}, "properties": {"name": "Yaksu", "maplabel": "", "conn_score": 72.3, "conn_tier": "very-high", "district": "Jung-gu", "minutes_from_origin": 9.5, "tt_band": "0–15", "minutes_from_origin_ebt": 15.4, "tt_band_ebt": "15–30", "minutes_from_origin_jongno": 7.2, "tt_band_jongno": "0–15", "minutes_from_origin_gangnam": 16.5, "tt_band_gangnam": "15–30", "minutes_from_origin_hongik": 20.5, "tt_band_hongik": "15–30", "reach45": 319, "reach_band": "very-high"}}, {"type": "Feature", "geometry": {"type": "Point", "coordinates": [126.76124, 37.67014]}, "properties": {"name": "Juyeop", "maplabel": "", "conn_score": 2.1, "conn_tier": "very-low", "district": null, "minutes_from_origin": 69.4, "tt_band": "60+", "minutes_from_origin_ebt": 85.4, "tt_band_ebt": "60+", "minutes_from_origin_jongno": 62.8, "tt_band_jongno": "60+", "minutes_from_origin_gangnam": 86.4, "tt_band_gangnam": "60+", "minutes_from_origin_hongik": 78.1, "tt_band_hongik": "60+", "reach45": 18, "reach_band": "very-low"}}, {"type": "Feature", "geometry": {"type": "Point", "coordinates": [126.743, 37.35178]}, "properties": {"name": "Jeongwang", "maplabel": "", "conn_score": 32.4, "conn_tier": "low", "district": null, "minutes_from_origin": 90.3, "tt_band": "60+", "minutes_from_origin_ebt": 87.2, "tt_band_ebt": "60+", "minutes_from_origin_jongno": 96.9, "tt_band_jongno": "60+", "minutes_from_origin_gangnam": 87.2, "tt_band_gangnam": "60+", "minutes_from_origin_hongik": 90.9, "tt_band_hongik": "60+", "reach45": 13, "reach_band": "very-low"}}, {"type": "Feature", "geometry": {"type": "Point", "coordinates": [127.14977, 37.62432]}, "properties": {"name": "Dasan", "maplabel": "", "conn_score": 21.3, "conn_tier": "very-low", "district": null, "minutes_from_origin": 55.6, "tt_band": "45–60", "minutes_from_origin_ebt": 51.4, "tt_band_ebt": "45–60", "minutes_from_origin_jongno": 51.4, "tt_band_jongno": "45–60", "minutes_from_origin_gangnam": 47.8, "tt_band_gangnam": "45–60", "minutes_from_origin_hongik": 65.8, "tt_band_hongik": "60+", "reach45": 75, "reach_band": "low"}}, {"type": "Feature", "geometry": {"type": "Point", "coordinates": [127.14068, 37.43744]}, "properties": {"name": "Sujin", "maplabel": "", "conn_score": 12.8, "conn_tier": "very-low", "district": null, "minutes_from_origin": 62.0, "tt_band": "60+", "minutes_from_origin_ebt": 43.7, "tt_band_ebt": "30–45", "minutes_from_origin_jongno": 61.8, "tt_band_jongno": "60+", "minutes_from_origin_gangnam": 40.1, "tt_band_gangnam": "30–45", "minutes_from_origin_hongik": 70.5, "tt_band_hongik": "60+", "reach45": 77, "reach_band": "low"}}, {"type": "Feature", "geometry": {"type": "Point", "coordinates": [127.09109, 37.61742]}, "properties": {"name": "Bonghwasan", "maplabel": "", "conn_score": 20.0, "conn_tier": "very-low", "district": "Jungnang-gu", "minutes_from_origin": 36.4, "tt_band": "30–45", "minutes_from_origin_ebt": 42.3, "tt_band_ebt": "30–45", "minutes_from_origin_jongno": 32.1, "tt_band_jongno": "30–45", "minutes_from_origin_gangnam": 44.5, "tt_band_gangnam": "30–45", "minutes_from_origin_hongik": 46.6, "tt_band_hongik": "45–60", "reach45": 178, "reach_band": "mid"}}, {"type": "Feature", "geometry": {"type": "Point", "coordinates": [127.14375, 37.49336]}, "properties": {"name": "거여", "maplabel": "", "conn_score": 34.2, "conn_tier": "low", "district": "Songpa-gu", "minutes_from_origin": 49.2, "tt_band": "45–60", "minutes_from_origin_ebt": 31.2, "tt_band_ebt": "30–45", "minutes_from_origin_jongno": 45.0, "tt_band_jongno": "30–45", "minutes_from_origin_gangnam": 27.6, "tt_band_gangnam": "15–30", "minutes_from_origin_hongik": 58.0, "tt_band_hongik": "45–60", "reach45": 166, "reach_band": "low"}}, {"type": "Feature", "geometry": {"type": "Point", "coordinates": [126.80816, 37.57285]}, "properties": {"name": "Gaehwasan", "maplabel": "", "conn_score": 40.5, "conn_tier": "low", "district": "Gangseo-gu", "minutes_from_origin": 43.3, "tt_band": "30–45", "minutes_from_origin_ebt": 43.2, "tt_band_ebt": "30–45", "minutes_from_origin_jongno": 45.2, "tt_band_jongno": "45–60", "minutes_from_origin_gangnam": 48.8, "tt_band_gangnam": "45–60", "minutes_from_origin_hongik": 29.9, "tt_band_hongik": "15–30", "reach45": 93, "reach_band": "low"}}, {"type": "Feature", "geometry": {"type": "Point", "coordinates": [127.05152, 37.28856]}, "properties": {"name": "Gwanggyo Jungang", "maplabel": "", "conn_score": 17.8, "conn_tier": "very-low", "district": null, "minutes_from_origin": 79.4, "tt_band": "60+", "minutes_from_origin_ebt": 61.2, "tt_band_ebt": "60+", "minutes_from_origin_jongno": 79.3, "tt_band_jongno": "60+", "minutes_from_origin_gangnam": 55.7, "tt_band_gangnam": "45–60", "minutes_from_origin_hongik": 87.9, "tt_band_hongik": "60+", "reach45": 12, "reach_band": "very-low"}}, {"type": "Feature", "geometry": {"type": "Point", "coordinates": [127.57065, 37.29362]}, "properties": {"name": "Sejongdaewangneung", "maplabel": "", "conn_score": 12.5, "conn_tier": "very-low", "district": null, "minutes_from_origin": 142.7, "tt_band": "60+", "minutes_from_origin_ebt": 124.5, "tt_band_ebt": "60+", "minutes_from_origin_jongno": 142.6, "tt_band_jongno": "60+", "minutes_from_origin_gangnam": 119.0, "tt_band_gangnam": "60+", "minutes_from_origin_hongik": 151.2, "tt_band_hongik": "60+", "reach45": 4, "reach_band": "very-low"}}, {"type": "Feature", "geometry": {"type": "Point", "coordinates": [127.0032, 36.78054]}, "properties": {"name": "Onyangoncheon", "maplabel": "", "conn_score": 4.6, "conn_tier": "very-low", "district": null, "minutes_from_origin": 200.6, "tt_band": "60+", "minutes_from_origin_ebt": 197.6, "tt_band_ebt": "60+", "minutes_from_origin_jongno": 207.2, "tt_band_jongno": "60+", "minutes_from_origin_gangnam": 197.5, "tt_band_gangnam": "60+", "minutes_from_origin_hongik": 201.2, "tt_band_hongik": "60+", "reach45": 9, "reach_band": "very-low"}}, {"type": "Feature", "geometry": {"type": "Point", "coordinates": [127.20701, 37.54165]}, "properties": {"name": "Hanam City Hall (Deokpung·Sinjang)", "maplabel": "", "conn_score": 13.5, "conn_tier": "very-low", "district": null, "minutes_from_origin": 57.8, "tt_band": "45–60", "minutes_from_origin_ebt": 51.5, "tt_band_ebt": "45–60", "minutes_from_origin_jongno": 53.5, "tt_band_jongno": "45–60", "minutes_from_origin_gangnam": 47.9, "tt_band_gangnam": "45–60", "minutes_from_origin_hongik": 68.0, "tt_band_hongik": "60+", "reach45": 72, "reach_band": "low"}}, {"type": "Feature", "geometry": {"type": "Point", "coordinates": [127.19108, 37.70521]}, "properties": {"name": "Onam", "maplabel": "", "conn_score": 8.9, "conn_tier": "very-low", "district": null, "minutes_from_origin": 64.3, "tt_band": "60+", "minutes_from_origin_ebt": 75.0, "tt_band_ebt": "60+", "minutes_from_origin_jongno": 58.2, "tt_band_jongno": "45–60", "minutes_from_origin_gangnam": 76.1, "tt_band_gangnam": "60+", "minutes_from_origin_hongik": 73.5, "tt_band_hongik": "60+", "reach45": 12, "reach_band": "very-low"}}, {"type": "Feature", "geometry": {"type": "Point", "coordinates": [127.07193, 38.02453]}, "properties": {"name": "Jeongok", "maplabel": "", "conn_score": 1.7, "conn_tier": "very-low", "district": null, "minutes_from_origin": 118.3, "tt_band": "60+", "minutes_from_origin_ebt": 129.1, "tt_band_ebt": "60+", "minutes_from_origin_jongno": 112.2, "tt_band_jongno": "60+", "minutes_from_origin_gangnam": 130.1, "tt_band_gangnam": "60+", "minutes_from_origin_hongik": 127.5, "tt_band_hongik": "60+", "reach45": 9, "reach_band": "very-low"}}, {"type": "Feature", "geometry": {"type": "Point", "coordinates": [127.05581, 37.89235]}, "properties": {"name": "Jihaeng", "maplabel": "", "conn_score": 9.6, "conn_tier": "very-low", "district": null, "minutes_from_origin": 89.2, "tt_band": "60+", "minutes_from_origin_ebt": 100.0, "tt_band_ebt": "60+", "minutes_from_origin_jongno": 83.2, "tt_band_jongno": "60+", "minutes_from_origin_gangnam": 101.1, "tt_band_gangnam": "60+", "minutes_from_origin_hongik": 98.5, "tt_band_hongik": "60+", "reach45": 16, "reach_band": "very-low"}}, {"type": "Feature", "geometry": {"type": "Point", "coordinates": [126.9256, 37.35054]}, "properties": {"name": "Surisan", "maplabel": "", "conn_score": 55.1, "conn_tier": "high", "district": null, "minutes_from_origin": 52.3, "tt_band": "45–60", "minutes_from_origin_ebt": 49.2, "tt_band_ebt": "45–60", "minutes_from_origin_jongno": 58.9, "tt_band_jongno": "45–60", "minutes_from_origin_gangnam": 49.1, "tt_band_gangnam": "45–60", "minutes_from_origin_hongik": 52.8, "tt_band_hongik": "45–60", "reach45": 65, "reach_band": "low"}}, {"type": "Feature", "geometry": {"type": "Point", "coordinates": [126.90894, 37.50013]}, "properties": {"name": "신풍", "maplabel": "", "conn_score": 31.9, "conn_tier": "low", "district": "Yeongdeungpo-gu", "minutes_from_origin": 42.2, "tt_band": "30–45", "minutes_from_origin_ebt": 24.0, "tt_band_ebt": "15–30", "minutes_from_origin_jongno": 46.6, "tt_band_jongno": "45–60", "minutes_from_origin_gangnam": 29.6, "tt_band_gangnam": "15–30", "minutes_from_origin_hongik": 47.1, "tt_band_hongik": "45–60", "reach45": 158, "reach_band": "low"}}, {"type": "Feature", "geometry": {"type": "Point", "coordinates": [126.87515, 37.52455]}, "properties": {"name": "Omokgyo", "maplabel": "", "conn_score": 51.9, "conn_tier": "mid", "district": "Yangcheon-gu", "minutes_from_origin": 25.1, "tt_band": "15–30", "minutes_from_origin_ebt": 25.8, "tt_band_ebt": "15–30", "minutes_from_origin_jongno": 30.9, "tt_band_jongno": "30–45", "minutes_from_origin_gangnam": 31.4, "tt_band_gangnam": "30–45", "minutes_from_origin_hongik": 22.6, "tt_band_hongik": "15–30", "reach45": 238, "reach_band": "mid"}}, {"type": "Feature", "geometry": {"type": "Point", "coordinates": [126.98972, 37.42645]}, "properties": {"name": "Ansan Line", "maplabel": "", "conn_score": 45.1, "conn_tier": "mid", "district": null, "minutes_from_origin": 35.9, "tt_band": "30–45", "minutes_from_origin_ebt": 26.9, "tt_band_ebt": "15–30", "minutes_from_origin_jongno": 42.5, "tt_band_jongno": "30–45", "minutes_from_origin_gangnam": 26.8, "tt_band_gangnam": "15–30", "minutes_from_origin_hongik": 44.4, "tt_band_hongik": "30–45", "reach45": 172, "reach_band": "mid"}}, {"type": "Feature", "geometry": {"type": "Point", "coordinates": [126.92349, 37.55665]}, "properties": {"name": "Hongik University", "maplabel": "", "conn_score": 63.3, "conn_tier": "high", "district": "Mapo-gu", "minutes_from_origin": 14.0, "tt_band": "0–15", "minutes_from_origin_ebt": 26.7, "tt_band_ebt": "15–30", "minutes_from_origin_jongno": 15.3, "tt_band_jongno": "15–30", "minutes_from_origin_gangnam": 32.3, "tt_band_gangnam": "30–45", "minutes_from_origin_hongik": 0, "tt_band_hongik": "0–15", "reach45": 285, "reach_band": "high"}}, {"type": "Feature", "geometry": {"type": "Point", "coordinates": [126.99355, 37.56197]}, "properties": {"name": "충무로", "maplabel": "", "conn_score": 69.9, "conn_tier": "very-high", "district": "Jung-gu", "minutes_from_origin": 9.6, "tt_band": "0–15", "minutes_from_origin_ebt": 19.6, "tt_band_ebt": "15–30", "minutes_from_origin_jongno": 3.0, "tt_band_jongno": "0–15", "minutes_from_origin_gangnam": 20.7, "tt_band_gangnam": "15–30", "minutes_from_origin_hongik": 18.3, "tt_band_hongik": "15–30", "reach45": 316, "reach_band": "very-high"}}, {"type": "Feature", "geometry": {"type": "Point", "coordinates": [126.95275, 37.48121]}, "properties": {"name": "Seoul Nat'l University (Gwanak-gu Office)", "maplabel": "", "conn_score": 56.3, "conn_tier": "high", "district": "Gwanak-gu", "minutes_from_origin": 25.7, "tt_band": "15–30", "minutes_from_origin_ebt": 16.7, "tt_band_ebt": "15–30", "minutes_from_origin_jongno": 32.3, "tt_band_jongno": "30–45", "minutes_from_origin_gangnam": 16.6, "tt_band_gangnam": "15–30", "minutes_from_origin_hongik": 30.2, "tt_band_hongik": "30–45", "reach45": 282, "reach_band": "high"}}, {"type": "Feature", "geometry": {"type": "Point", "coordinates": [127.00576, 37.55908]}, "properties": {"name": "동대입구", "maplabel": "", "conn_score": 69.6, "conn_tier": "high", "district": "Jung-gu", "minutes_from_origin": 12.2, "tt_band": "0–15", "minutes_from_origin_ebt": 17.1, "tt_band_ebt": "15–30", "minutes_from_origin_jongno": 5.5, "tt_band_jongno": "0–15", "minutes_from_origin_gangnam": 18.1, "tt_band_gangnam": "15–30", "minutes_from_origin_hongik": 20.8, "tt_band_hongik": "15–30", "reach45": 312, "reach_band": "very-high"}}, {"type": "Feature", "geometry": {"type": "Point", "coordinates": [127.01586, 37.54802]}, "properties": {"name": "Geumho", "maplabel": "", "conn_score": 69.8, "conn_tier": "high", "district": "Seongdong-gu", "minutes_from_origin": 11.6, "tt_band": "0–15", "minutes_from_origin_ebt": 13.3, "tt_band_ebt": "0–15", "minutes_from_origin_jongno": 9.4, "tt_band_jongno": "0–15", "minutes_from_origin_gangnam": 14.4, "tt_band_gangnam": "0–15", "minutes_from_origin_hongik": 22.6, "tt_band_hongik": "15–30", "reach45": 314, "reach_band": "very-high"}}, {"type": "Feature", "geometry": {"type": "Point", "coordinates": [126.94584, 37.55677]}, "properties": {"name": "Ewha Womans University", "maplabel": "", "conn_score": 61.2, "conn_tier": "high", "district": "Seodaemun-gu", "minutes_from_origin": 9.3, "tt_band": "0–15", "minutes_from_origin_ebt": 27.5, "tt_band_ebt": "15–30", "minutes_from_origin_jongno": 10.7, "tt_band_jongno": "0–15", "minutes_from_origin_gangnam": 32.3, "tt_band_gangnam": "30–45", "minutes_from_origin_hongik": 4.6, "tt_band_hongik": "0–15", "reach45": 293, "reach_band": "high"}}, {"type": "Feature", "geometry": {"type": "Point", "coordinates": [126.99683, 37.43307]}, "properties": {"name": "Gwacheon", "maplabel": "", "conn_score": 43.9, "conn_tier": "mid", "district": null, "minutes_from_origin": 33.7, "tt_band": "30–45", "minutes_from_origin_ebt": 24.7, "tt_band_ebt": "15–30", "minutes_from_origin_jongno": 40.3, "tt_band_jongno": "30–45", "minutes_from_origin_gangnam": 24.6, "tt_band_gangnam": "15–30", "minutes_from_origin_hongik": 42.2, "tt_band_hongik": "30–45", "reach45": 195, "reach_band": "mid"}}, {"type": "Feature", "geometry": {"type": "Point", "coordinates": [126.9297, 37.48424]}, "properties": {"name": "Sillim", "maplabel": "", "conn_score": 55.4, "conn_tier": "high", "district": "Gwanak-gu", "minutes_from_origin": 28.7, "tt_band": "15–30", "minutes_from_origin_ebt": 21.5, "tt_band_ebt": "15–30", "minutes_from_origin_jongno": 35.3, "tt_band_jongno": "30–45", "minutes_from_origin_gangnam": 21.4, "tt_band_gangnam": "15–30", "minutes_from_origin_hongik": 25.4, "tt_band_hongik": "15–30", "reach45": 249, "reach_band": "high"}}, {"type": "Feature", "geometry": {"type": "Point", "coordinates": [126.93691, 37.55515]}, "properties": {"name": "Sinchon", "maplabel": "", "conn_score": 60.5, "conn_tier": "high", "district": "Seodaemun-gu", "minutes_from_origin": 11.3, "tt_band": "0–15", "minutes_from_origin_ebt": 29.4, "tt_band_ebt": "15–30", "minutes_from_origin_jongno": 12.6, "tt_band_jongno": "0–15", "minutes_from_origin_gangnam": 34.3, "tt_band_gangnam": "30–45", "minutes_from_origin_hongik": 2.7, "tt_band_hongik": "0–15", "reach45": 285, "reach_band": "high"}}, {"type": "Feature", "geometry": {"type": "Point", "coordinates": [126.94199, 37.48237]}, "properties": {"name": "Bongcheon", "maplabel": "", "conn_score": 53.6, "conn_tier": "mid", "district": "Gwanak-gu", "minutes_from_origin": 27.9, "tt_band": "15–30", "minutes_from_origin_ebt": 18.9, "tt_band_ebt": "15–30", "minutes_from_origin_jongno": 34.6, "tt_band_jongno": "30–45", "minutes_from_origin_gangnam": 18.9, "tt_band_gangnam": "15–30", "minutes_from_origin_hongik": 27.9, "tt_band_hongik": "15–30", "reach45": 266, "reach_band": "high"}}, {"type": "Feature", "geometry": {"type": "Point", "coordinates": [126.70286, 37.47073]}, "properties": {"name": "Dongam", "maplabel": "", "conn_score": 42.9, "conn_tier": "mid", "district": null, "minutes_from_origin": 52.9, "tt_band": "45–60", "minutes_from_origin_ebt": 56.9, "tt_band_ebt": "45–60", "minutes_from_origin_jongno": 59.5, "tt_band_jongno": "45–60", "minutes_from_origin_gangnam": 62.5, "tt_band_gangnam": "60+", "minutes_from_origin_hongik": 49.6, "tt_band_hongik": "45–60", "reach45": 57, "reach_band": "very-low"}}, {"type": "Feature", "geometry": {"type": "Point", "coordinates": [126.65766, 37.46681]}, "properties": {"name": "Jemulpo", "maplabel": "", "conn_score": 37.5, "conn_tier": "low", "district": null, "minutes_from_origin": 60.5, "tt_band": "60+", "minutes_from_origin_ebt": 64.5, "tt_band_ebt": "60+", "minutes_from_origin_jongno": 67.1, "tt_band_jongno": "60+", "minutes_from_origin_gangnam": 70.1, "tt_band_gangnam": "60+", "minutes_from_origin_hongik": 57.2, "tt_band_hongik": "45–60", "reach45": 32, "reach_band": "very-low"}}, {"type": "Feature", "geometry": {"type": "Point", "coordinates": [126.9261, 37.51339]}, "properties": {"name": "Daebang", "maplabel": "", "conn_score": 84.6, "conn_tier": "very-high", "district": "Dongjak-gu", "minutes_from_origin": 14.6, "tt_band": "0–15", "minutes_from_origin_ebt": 14.6, "tt_band_ebt": "0–15", "minutes_from_origin_jongno": 21.2, "tt_band_jongno": "15–30", "minutes_from_origin_gangnam": 20.2, "tt_band_gangnam": "15–30", "minutes_from_origin_hongik": 15.3, "tt_band_hongik": "15–30", "reach45": 315, "reach_band": "very-high"}}, {"type": "Feature", "geometry": {"type": "Point", "coordinates": [126.92749, 37.51335]}, "properties": {"name": "대방", "maplabel": "", "conn_score": 91.8, "conn_tier": "very-high", "district": "Dongjak-gu", "minutes_from_origin": 14.4, "tt_band": "0–15", "minutes_from_origin_ebt": 14.3, "tt_band_ebt": "0–15", "minutes_from_origin_jongno": 21.0, "tt_band_jongno": "15–30", "minutes_from_origin_gangnam": 19.9, "tt_band_gangnam": "15–30", "minutes_from_origin_hongik": 15.5, "tt_band_hongik": "15–30", "reach45": 316, "reach_band": "very-high"}}, {"type": "Feature", "geometry": {"type": "Point", "coordinates": [126.85895, 37.49455]}, "properties": {"name": "Gaebong", "maplabel": "", "conn_score": 71.2, "conn_tier": "very-high", "district": "Guro-gu", "minutes_from_origin": 23.9, "tt_band": "15–30", "minutes_from_origin_ebt": 27.9, "tt_band_ebt": "15–30", "minutes_from_origin_jongno": 30.5, "tt_band_jongno": "30–45", "minutes_from_origin_gangnam": 33.6, "tt_band_gangnam": "30–45", "minutes_from_origin_hongik": 20.6, "tt_band_hongik": "15–30", "reach45": 255, "reach_band": "high"}}, {"type": "Feature", "geometry": {"type": "Point", "coordinates": [126.86042, 37.49429]}, "properties": {"name": "개봉", "maplabel": "", "conn_score": 71.2, "conn_tier": "very-high", "district": "Guro-gu", "minutes_from_origin": 23.7, "tt_band": "15–30", "minutes_from_origin_ebt": 27.8, "tt_band_ebt": "15–30", "minutes_from_origin_jongno": 30.4, "tt_band_jongno": "30–45", "minutes_from_origin_gangnam": 33.4, "tt_band_gangnam": "30–45", "minutes_from_origin_hongik": 20.5, "tt_band_hongik": "15–30", "reach45": 260, "reach_band": "high"}}, {"type": "Feature", "geometry": {"type": "Point", "coordinates": [126.81701, 37.56749]}, "properties": {"name": "Sinbanghwa", "maplabel": "", "conn_score": 46.0, "conn_tier": "mid", "district": "Gangseo-gu", "minutes_from_origin": 37.8, "tt_band": "30–45", "minutes_from_origin_ebt": 37.7, "tt_band_ebt": "30–45", "minutes_from_origin_jongno": 39.6, "tt_band_jongno": "30–45", "minutes_from_origin_gangnam": 43.3, "tt_band_gangnam": "30–45", "minutes_from_origin_hongik": 24.3, "tt_band_hongik": "15–30", "reach45": 142, "reach_band": "low"}}, {"type": "Feature", "geometry": {"type": "Point", "coordinates": [126.8646, 37.55121]}, "properties": {"name": "Deungchon", "maplabel": "", "conn_score": 59.3, "conn_tier": "high", "district": "Gangseo-gu", "minutes_from_origin": 28.1, "tt_band": "15–30", "minutes_from_origin_ebt": 28.1, "tt_band_ebt": "15–30", "minutes_from_origin_jongno": 30.0, "tt_band_jongno": "15–30", "minutes_from_origin_gangnam": 33.7, "tt_band_gangnam": "30–45", "minutes_from_origin_hongik": 14.7, "tt_band_hongik": "0–15", "reach45": 227, "reach_band": "mid"}}, {"type": "Feature", "geometry": {"type": "Point", "coordinates": [127.06239, 37.1101]}, "properties": {"name": "Jinwi", "maplabel": "", "conn_score": 33.9, "conn_tier": "low", "district": null, "minutes_from_origin": 107.1, "tt_band": "60+", "minutes_from_origin_ebt": 104.1, "tt_band_ebt": "60+", "minutes_from_origin_jongno": 113.7, "tt_band_jongno": "60+", "minutes_from_origin_gangnam": 104.0, "tt_band_gangnam": "60+", "minutes_from_origin_hongik": 107.7, "tt_band_hongik": "60+", "reach45": 15, "reach_band": "very-low"}}, {"type": "Feature", "geometry": {"type": "Point", "coordinates": [126.8939, 37.5379]}, "properties": {"name": "Seonyudo", "maplabel": "", "conn_score": 67.4, "conn_tier": "high", "district": "Yeongdeungpo-gu", "minutes_from_origin": 22.2, "tt_band": "15–30", "minutes_from_origin_ebt": 22.1, "tt_band_ebt": "15–30", "minutes_from_origin_jongno": 24.1, "tt_band_jongno": "15–30", "minutes_from_origin_gangnam": 27.7, "tt_band_gangnam": "15–30", "minutes_from_origin_hongik": 8.8, "tt_band_hongik": "0–15", "reach45": 274, "reach_band": "high"}}, {"type": "Feature", "geometry": {"type": "Point", "coordinates": [127.04343, 37.18719]}, "properties": {"name": "Sema", "maplabel": "", "conn_score": 38.5, "conn_tier": "low", "district": null, "minutes_from_origin": 90.2, "tt_band": "60+", "minutes_from_origin_ebt": 87.2, "tt_band_ebt": "60+", "minutes_from_origin_jongno": 96.8, "tt_band_jongno": "60+", "minutes_from_origin_gangnam": 87.1, "tt_band_gangnam": "60+", "minutes_from_origin_hongik": 90.8, "tt_band_hongik": "60+", "reach45": 18, "reach_band": "very-low"}}, {"type": "Feature", "geometry": {"type": "Point", "coordinates": [126.83749, 37.55845]}, "properties": {"name": "Balsan", "maplabel": "", "conn_score": 36.9, "conn_tier": "low", "district": "Gangseo-gu", "minutes_from_origin": 35.9, "tt_band": "30–45", "minutes_from_origin_ebt": 39.7, "tt_band_ebt": "30–45", "minutes_from_origin_jongno": 42.5, "tt_band_jongno": "30–45", "minutes_from_origin_gangnam": 45.3, "tt_band_gangnam": "45–60", "minutes_from_origin_hongik": 32.6, "tt_band_hongik": "30–45", "reach45": 136, "reach_band": "low"}}, {"type": "Feature", "geometry": {"type": "Point", "coordinates": [126.9171, 37.61104]}, "properties": {"name": "구산", "maplabel": "", "conn_score": 28.3, "conn_tier": "low", "district": "Eunpyeong-gu", "minutes_from_origin": 29.6, "tt_band": "15–30", "minutes_from_origin_ebt": 44.4, "tt_band_ebt": "30–45", "minutes_from_origin_jongno": 23.0, "tt_band_jongno": "15–30", "minutes_from_origin_gangnam": 46.6, "tt_band_gangnam": "45–60", "minutes_from_origin_hongik": 38.3, "tt_band_hongik": "30–45", "reach45": 161, "reach_band": "low"}}, {"type": "Feature", "geometry": {"type": "Point", "coordinates": [126.82474, 37.56025]}, "properties": {"name": "Magok", "maplabel": "", "conn_score": 36.3, "conn_tier": "low", "district": "Gangseo-gu", "minutes_from_origin": 38.4, "tt_band": "30–45", "minutes_from_origin_ebt": 42.3, "tt_band_ebt": "30–45", "minutes_from_origin_jongno": 45.1, "tt_band_jongno": "45–60", "minutes_from_origin_gangnam": 47.9, "tt_band_gangnam": "45–60", "minutes_from_origin_hongik": 31.7, "tt_band_hongik": "30–45", "reach45": 113, "reach_band": "low"}}, {"type": "Feature", "geometry": {"type": "Point", "coordinates": [126.90225, 37.43539]}, "properties": {"name": "Seoksu", "maplabel": "", "conn_score": 78.1, "conn_tier": "very-high", "district": null, "minutes_from_origin": 31.2, "tt_band": "30–45", "minutes_from_origin_ebt": 35.2, "tt_band_ebt": "30–45", "minutes_from_origin_jongno": 37.8, "tt_band_jongno": "30–45", "minutes_from_origin_gangnam": 40.8, "tt_band_gangnam": "30–45", "minutes_from_origin_hongik": 31.7, "tt_band_hongik": "30–45", "reach45": 201, "reach_band": "mid"}}, {"type": "Feature", "geometry": {"type": "Point", "coordinates": [127.05887, 37.63299]}, "properties": {"name": "Wolgye (Induk University)", "maplabel": "", "conn_score": 24.7, "conn_tier": "very-low", "district": "Nowon-gu", "minutes_from_origin": 33.1, "tt_band": "30–45", "minutes_from_origin_ebt": 43.9, "tt_band_ebt": "30–45", "minutes_from_origin_jongno": 27.1, "tt_band_jongno": "15–30", "minutes_from_origin_gangnam": 45.0, "tt_band_gangnam": "30–45", "minutes_from_origin_hongik": 42.4, "tt_band_hongik": "30–45", "reach45": 152, "reach_band": "low"}}, {"type": "Feature", "geometry": {"type": "Point", "coordinates": [127.08721, 37.50453]}, "properties": {"name": "삼전", "maplabel": "", "conn_score": 60.0, "conn_tier": "high", "district": "Songpa-gu", "minutes_from_origin": 34.8, "tt_band": "30–45", "minutes_from_origin_ebt": 16.6, "tt_band_ebt": "15–30", "minutes_from_origin_jongno": 34.6, "tt_band_jongno": "30–45", "minutes_from_origin_gangnam": 13.0, "tt_band_gangnam": "0–15", "minutes_from_origin_hongik": 43.3, "tt_band_hongik": "30–45", "reach45": 267, "reach_band": "high"}}, {"type": "Feature", "geometry": {"type": "Point", "coordinates": [127.04432, 37.66749]}, "properties": {"name": "Banghak (Dobong-gu Office)", "maplabel": "", "conn_score": 22.2, "conn_tier": "very-low", "district": "Dobong-gu", "minutes_from_origin": 41.0, "tt_band": "30–45", "minutes_from_origin_ebt": 51.8, "tt_band_ebt": "45–60", "minutes_from_origin_jongno": 34.9, "tt_band_jongno": "30–45", "minutes_from_origin_gangnam": 52.8, "tt_band_gangnam": "45–60", "minutes_from_origin_hongik": 50.2, "tt_band_hongik": "45–60", "reach45": 122, "reach_band": "low"}}, {"type": "Feature", "geometry": {"type": "Point", "coordinates": [127.11281, 37.51127]}, "properties": {"name": "송파나루", "maplabel": "", "conn_score": 55.0, "conn_tier": "high", "district": "Songpa-gu", "minutes_from_origin": 39.7, "tt_band": "30–45", "minutes_from_origin_ebt": 21.5, "tt_band_ebt": "15–30", "minutes_from_origin_jongno": 39.6, "tt_band_jongno": "30–45", "minutes_from_origin_gangnam": 17.9, "tt_band_gangnam": "15–30", "minutes_from_origin_hongik": 48.2, "tt_band_hongik": "45–60", "reach45": 237, "reach_band": "mid"}}, {"type": "Feature", "geometry": {"type": "Point", "coordinates": [126.96444, 37.52946]}, "properties": {"name": "Yongsan", "maplabel": "", "conn_score": 88.4, "conn_tier": "very-high", "district": "Yongsan-gu", "minutes_from_origin": 6.3, "tt_band": "0–15", "minutes_from_origin_ebt": 16.9, "tt_band_ebt": "15–30", "minutes_from_origin_jongno": 12.9, "tt_band_jongno": "0–15", "minutes_from_origin_gangnam": 22.5, "tt_band_gangnam": "15–30", "minutes_from_origin_hongik": 20.3, "tt_band_hongik": "15–30", "reach45": 323, "reach_band": "very-high"}}, {"type": "Feature", "geometry": {"type": "Point", "coordinates": [126.97133, 37.54055]}, "properties": {"name": "Namyeong", "maplabel": "", "conn_score": 87.8, "conn_tier": "very-high", "district": "Yongsan-gu", "minutes_from_origin": 3.3, "tt_band": "0–15", "minutes_from_origin_ebt": 19.9, "tt_band_ebt": "15–30", "minutes_from_origin_jongno": 9.9, "tt_band_jongno": "0–15", "minutes_from_origin_gangnam": 25.5, "tt_band_gangnam": "15–30", "minutes_from_origin_hongik": 17.3, "tt_band_hongik": "15–30", "reach45": 317, "reach_band": "very-high"}}, {"type": "Feature", "geometry": {"type": "Point", "coordinates": [126.95358, 37.51297]}, "properties": {"name": "Nodeul", "maplabel": "", "conn_score": 84.3, "conn_tier": "very-high", "district": "Dongjak-gu", "minutes_from_origin": 14.0, "tt_band": "0–15", "minutes_from_origin_ebt": 10.2, "tt_band_ebt": "0–15", "minutes_from_origin_jongno": 20.7, "tt_band_jongno": "15–30", "minutes_from_origin_gangnam": 15.8, "tt_band_gangnam": "15–30", "minutes_from_origin_hongik": 17.6, "tt_band_hongik": "15–30", "reach45": 319, "reach_band": "very-high"}}, {"type": "Feature", "geometry": {"type": "Point", "coordinates": [126.98678, 37.50129]}, "properties": {"name": "Gubanpo", "maplabel": "", "conn_score": 81.3, "conn_tier": "very-high", "district": "Seocho-gu", "minutes_from_origin": 15.3, "tt_band": "15–30", "minutes_from_origin_ebt": 4.0, "tt_band_ebt": "0–15", "minutes_from_origin_jongno": 22.0, "tt_band_jongno": "15–30", "minutes_from_origin_gangnam": 9.6, "tt_band_gangnam": "0–15", "minutes_from_origin_hongik": 23.8, "tt_band_hongik": "15–30", "reach45": 326, "reach_band": "very-high"}}, {"type": "Feature", "geometry": {"type": "Point", "coordinates": [126.85595, 37.52504]}, "properties": {"name": "Sinjeong", "maplabel": "", "conn_score": 46.8, "conn_tier": "mid", "district": "Yangcheon-gu", "minutes_from_origin": 29.2, "tt_band": "15–30", "minutes_from_origin_ebt": 29.9, "tt_band_ebt": "15–30", "minutes_from_origin_jongno": 35.0, "tt_band_jongno": "30–45", "minutes_from_origin_gangnam": 35.5, "tt_band_gangnam": "30–45", "minutes_from_origin_hongik": 26.7, "tt_band_hongik": "15–30", "reach45": 208, "reach_band": "mid"}}, {"type": "Feature", "geometry": {"type": "Point", "coordinates": [127.00814, 37.56585]}, "properties": {"name": "Dongdaemun History & Culture Park Station", "maplabel": "", "conn_score": 69.8, "conn_tier": "high", "district": "Jung-gu", "minutes_from_origin": 9.8, "tt_band": "0–15", "minutes_from_origin_ebt": 23.2, "tt_band_ebt": "15–30", "minutes_from_origin_jongno": 5.2, "tt_band_jongno": "0–15", "minutes_from_origin_gangnam": 24.3, "tt_band_gangnam": "15–30", "minutes_from_origin_hongik": 18.5, "tt_band_hongik": "15–30", "reach45": 321, "reach_band": "very-high"}}, {"type": "Feature", "geometry": {"type": "Point", "coordinates": [126.99642, 37.5036]}, "properties": {"name": "Sinbanpo", "maplabel": "", "conn_score": 78.7, "conn_tier": "very-high", "district": "Seocho-gu", "minutes_from_origin": 17.4, "tt_band": "15–30", "minutes_from_origin_ebt": 1.9, "tt_band_ebt": "0–15", "minutes_from_origin_jongno": 24.1, "tt_band_jongno": "15–30", "minutes_from_origin_gangnam": 7.5, "tt_band_gangnam": "0–15", "minutes_from_origin_hongik": 26.0, "tt_band_hongik": "15–30", "reach45": 327, "reach_band": "very-high"}}, {"type": "Feature", "geometry": {"type": "Point", "coordinates": [126.96395, 37.50838]}, "properties": {"name": "Heukseok", "maplabel": "", "conn_score": 81.3, "conn_tier": "very-high", "district": "Dongjak-gu", "minutes_from_origin": 16.5, "tt_band": "15–30", "minutes_from_origin_ebt": 7.8, "tt_band_ebt": "0–15", "minutes_from_origin_jongno": 23.1, "tt_band_jongno": "15–30", "minutes_from_origin_gangnam": 13.4, "tt_band_gangnam": "0–15", "minutes_from_origin_hongik": 20.0, "tt_band_hongik": "15–30", "reach45": 319, "reach_band": "very-high"}}, {"type": "Feature", "geometry": {"type": "Point", "coordinates": [126.86451, 37.52612]}, "properties": {"name": "Mok-dong", "maplabel": "", "conn_score": 46.3, "conn_tier": "mid", "district": "Yangcheon-gu", "minutes_from_origin": 27.3, "tt_band": "15–30", "minutes_from_origin_ebt": 28.0, "tt_band_ebt": "15–30", "minutes_from_origin_jongno": 33.1, "tt_band_jongno": "30–45", "minutes_from_origin_gangnam": 33.6, "tt_band_gangnam": "30–45", "minutes_from_origin_hongik": 24.8, "tt_band_hongik": "15–30", "reach45": 219, "reach_band": "mid"}}, {"type": "Feature", "geometry": {"type": "Point", "coordinates": [127.12383, 37.49531]}, "properties": {"name": "Nat'l Police Hospital", "maplabel": "", "conn_score": 44.1, "conn_tier": "mid", "district": "Songpa-gu", "minutes_from_origin": 43.3, "tt_band": "30–45", "minutes_from_origin_ebt": 25.1, "tt_band_ebt": "15–30", "minutes_from_origin_jongno": 43.0, "tt_band_jongno": "30–45", "minutes_from_origin_gangnam": 21.5, "tt_band_gangnam": "15–30", "minutes_from_origin_hongik": 51.8, "tt_band_hongik": "45–60", "reach45": 206, "reach_band": "mid"}}, {"type": "Feature", "geometry": {"type": "Point", "coordinates": [127.12378, 37.49535]}, "properties": {"name": "경찰병원", "maplabel": "", "conn_score": 44.1, "conn_tier": "mid", "district": "Songpa-gu", "minutes_from_origin": 43.3, "tt_band": "30–45", "minutes_from_origin_ebt": 25.1, "tt_band_ebt": "15–30", "minutes_from_origin_jongno": 43.0, "tt_band_jongno": "30–45", "minutes_from_origin_gangnam": 21.5, "tt_band_gangnam": "15–30", "minutes_from_origin_hongik": 51.8, "tt_band_hongik": "45–60", "reach45": 206, "reach_band": "mid"}}, {"type": "Feature", "geometry": {"type": "Point", "coordinates": [127.09657, 37.50244]}, "properties": {"name": "석촌고분", "maplabel": "", "conn_score": 55.0, "conn_tier": "high", "district": "Songpa-gu", "minutes_from_origin": 36.8, "tt_band": "30–45", "minutes_from_origin_ebt": 18.6, "tt_band_ebt": "15–30", "minutes_from_origin_jongno": 36.7, "tt_band_jongno": "30–45", "minutes_from_origin_gangnam": 15.0, "tt_band_gangnam": "0–15", "minutes_from_origin_hongik": 45.3, "tt_band_hongik": "45–60", "reach45": 253, "reach_band": "high"}}, {"type": "Feature", "geometry": {"type": "Point", "coordinates": [126.93306, 37.61845]}, "properties": {"name": "독바위", "maplabel": "", "conn_score": 32.2, "conn_tier": "low", "district": "Eunpyeong-gu", "minutes_from_origin": 26.8, "tt_band": "15–30", "minutes_from_origin_ebt": 42.8, "tt_band_ebt": "30–45", "minutes_from_origin_jongno": 20.2, "tt_band_jongno": "15–30", "minutes_from_origin_gangnam": 43.8, "tt_band_gangnam": "30–45", "minutes_from_origin_hongik": 35.5, "tt_band_hongik": "30–45", "reach45": 170, "reach_band": "mid"}}, {"type": "Feature", "geometry": {"type": "Point", "coordinates": [127.04551, 37.67902]}, "properties": {"name": "Dobong", "maplabel": "", "conn_score": 20.0, "conn_tier": "very-low", "district": "Dobong-gu", "minutes_from_origin": 43.8, "tt_band": "30–45", "minutes_from_origin_ebt": 54.6, "tt_band_ebt": "45–60", "minutes_from_origin_jongno": 37.8, "tt_band_jongno": "30–45", "minutes_from_origin_gangnam": 55.7, "tt_band_gangnam": "45–60", "minutes_from_origin_hongik": 53.1, "tt_band_hongik": "45–60", "reach45": 109, "reach_band": "low"}}, {"type": "Feature", "geometry": {"type": "Point", "coordinates": [127.0514, 37.64461]}, "properties": {"name": "Nokcheon", "maplabel": "", "conn_score": 22.2, "conn_tier": "very-low", "district": "Dobong-gu", "minutes_from_origin": 36.3, "tt_band": "30–45", "minutes_from_origin_ebt": 47.0, "tt_band_ebt": "45–60", "minutes_from_origin_jongno": 30.2, "tt_band_jongno": "30–45", "minutes_from_origin_gangnam": 48.1, "tt_band_gangnam": "45–60", "minutes_from_origin_hongik": 45.5, "tt_band_hongik": "45–60", "reach45": 136, "reach_band": "low"}}, {"type": "Feature", "geometry": {"type": "Point", "coordinates": [126.84461, 37.49436]}, "properties": {"name": "Oryu-dong", "maplabel": "", "conn_score": 63.0, "conn_tier": "high", "district": "Guro-gu", "minutes_from_origin": 26.7, "tt_band": "15–30", "minutes_from_origin_ebt": 30.8, "tt_band_ebt": "30–45", "minutes_from_origin_jongno": 33.3, "tt_band_jongno": "30–45", "minutes_from_origin_gangnam": 36.4, "tt_band_gangnam": "30–45", "minutes_from_origin_hongik": 23.4, "tt_band_hongik": "15–30", "reach45": 238, "reach_band": "mid"}}, {"type": "Feature", "geometry": {"type": "Point", "coordinates": [126.90835, 37.41973]}, "properties": {"name": "Gwanak", "maplabel": "", "conn_score": 69.9, "conn_tier": "very-high", "district": null, "minutes_from_origin": 35.0, "tt_band": "30–45", "minutes_from_origin_ebt": 39.0, "tt_band_ebt": "30–45", "minutes_from_origin_jongno": 41.6, "tt_band_jongno": "30–45", "minutes_from_origin_gangnam": 44.6, "tt_band_gangnam": "30–45", "minutes_from_origin_hongik": 35.6, "tt_band_hongik": "30–45", "reach45": 166, "reach_band": "low"}}, {"type": "Feature", "geometry": {"type": "Point", "coordinates": [127.11626, 37.51672]}, "properties": {"name": "한성백제", "maplabel": "", "conn_score": 50.2, "conn_tier": "mid", "district": "Songpa-gu", "minutes_from_origin": 41.4, "tt_band": "30–45", "minutes_from_origin_ebt": 23.2, "tt_band_ebt": "15–30", "minutes_from_origin_jongno": 39.7, "tt_band_jongno": "30–45", "minutes_from_origin_gangnam": 19.6, "tt_band_gangnam": "15–30", "minutes_from_origin_hongik": 50.0, "tt_band_hongik": "45–60", "reach45": 230, "reach_band": "mid"}}, {"type": "Feature", "geometry": {"type": "Point", "coordinates": [126.90385, 37.31243]}, "properties": {"name": "Banwol", "maplabel": "", "conn_score": 48.4, "conn_tier": "mid", "district": null, "minutes_from_origin": 61.8, "tt_band": "60+", "minutes_from_origin_ebt": 58.8, "tt_band_ebt": "45–60", "minutes_from_origin_jongno": 68.4, "tt_band_jongno": "60+", "minutes_from_origin_gangnam": 58.7, "tt_band_gangnam": "45–60", "minutes_from_origin_hongik": 62.4, "tt_band_hongik": "60+", "reach45": 37, "reach_band": "very-low"}}, {"type": "Feature", "geometry": {"type": "Point", "coordinates": [127.06308, 37.16945]}, "properties": {"name": "Osan College", "maplabel": "", "conn_score": 33.9, "conn_tier": "low", "district": null, "minutes_from_origin": 95.5, "tt_band": "60+", "minutes_from_origin_ebt": 92.5, "tt_band_ebt": "60+", "minutes_from_origin_jongno": 102.1, "tt_band_jongno": "60+", "minutes_from_origin_gangnam": 92.4, "tt_band_gangnam": "60+", "minutes_from_origin_hongik": 96.1, "tt_band_hongik": "60+", "reach45": 16, "reach_band": "very-low"}}, {"type": "Feature", "geometry": {"type": "Point", "coordinates": [126.88322, 37.54424]}, "properties": {"name": "Sinmokdong", "maplabel": "", "conn_score": 59.3, "conn_tier": "high", "district": "Yangcheon-gu", "minutes_from_origin": 24.8, "tt_band": "15–30", "minutes_from_origin_ebt": 24.8, "tt_band_ebt": "15–30", "minutes_from_origin_jongno": 26.7, "tt_band_jongno": "15–30", "minutes_from_origin_gangnam": 30.4, "tt_band_gangnam": "30–45", "minutes_from_origin_hongik": 11.4, "tt_band_hongik": "0–15", "reach45": 257, "reach_band": "high"}}, {"type": "Feature", "geometry": {"type": "Point", "coordinates": [126.81038, 37.56347]}, "properties": {"name": "Airport Market", "maplabel": "", "conn_score": 40.5, "conn_tier": "low", "district": "Gangseo-gu", "minutes_from_origin": 39.6, "tt_band": "30–45", "minutes_from_origin_ebt": 39.5, "tt_band_ebt": "30–45", "minutes_from_origin_jongno": 41.5, "tt_band_jongno": "30–45", "minutes_from_origin_gangnam": 45.1, "tt_band_gangnam": "45–60", "minutes_from_origin_hongik": 26.2, "tt_band_hongik": "15–30", "reach45": 127, "reach_band": "low"}}, {"type": "Feature", "geometry": {"type": "Point", "coordinates": [126.86195, 37.55744]}, "properties": {"name": "Jeungmi", "maplabel": "", "conn_score": 52.2, "conn_tier": "mid", "district": "Gangseo-gu", "minutes_from_origin": 29.9, "tt_band": "15–30", "minutes_from_origin_ebt": 29.9, "tt_band_ebt": "15–30", "minutes_from_origin_jongno": 31.8, "tt_band_jongno": "30–45", "minutes_from_origin_gangnam": 35.5, "tt_band_gangnam": "30–45", "minutes_from_origin_hongik": 16.5, "tt_band_hongik": "15–30", "reach45": 214, "reach_band": "mid"}}, {"type": "Feature", "geometry": {"type": "Point", "coordinates": [127.05432, 37.07596]}, "properties": {"name": "Songtan", "maplabel": "", "conn_score": 29.7, "conn_tier": "low", "district": null, "minutes_from_origin": 114.6, "tt_band": "60+", "minutes_from_origin_ebt": 111.6, "tt_band_ebt": "60+", "minutes_from_origin_jongno": 121.3, "tt_band_jongno": "60+", "minutes_from_origin_gangnam": 111.5, "tt_band_gangnam": "60+", "minutes_from_origin_hongik": 115.2, "tt_band_hongik": "60+", "reach45": 12, "reach_band": "very-low"}}, {"type": "Feature", "geometry": {"type": "Point", "coordinates": [127.04233, 37.7594]}, "properties": {"name": "Nogyang", "maplabel": "", "conn_score": 14.5, "conn_tier": "very-low", "district": null, "minutes_from_origin": 61.1, "tt_band": "60+", "minutes_from_origin_ebt": 71.9, "tt_band_ebt": "60+", "minutes_from_origin_jongno": 55.0, "tt_band_jongno": "45–60", "minutes_from_origin_gangnam": 72.9, "tt_band_gangnam": "60+", "minutes_from_origin_hongik": 70.3, "tt_band_hongik": "60+", "reach45": 44, "reach_band": "very-low"}}, {"type": "Feature", "geometry": {"type": "Point", "coordinates": [127.05649, 37.90086]}, "properties": {"name": "Dongducheonjungang", "maplabel": "", "conn_score": 7.4, "conn_tier": "very-low", "district": null, "minutes_from_origin": 91.4, "tt_band": "60+", "minutes_from_origin_ebt": 102.2, "tt_band_ebt": "60+", "minutes_from_origin_jongno": 85.4, "tt_band_jongno": "60+", "minutes_from_origin_gangnam": 103.3, "tt_band_gangnam": "60+", "minutes_from_origin_hongik": 100.7, "tt_band_hongik": "60+", "reach45": 16, "reach_band": "very-low"}}, {"type": "Feature", "geometry": {"type": "Point", "coordinates": [126.9169, 37.32797]}, "properties": {"name": "Daeyami", "maplabel": "", "conn_score": 48.3, "conn_tier": "mid", "district": null, "minutes_from_origin": 57.5, "tt_band": "45–60", "minutes_from_origin_ebt": 54.5, "tt_band_ebt": "45–60", "minutes_from_origin_jongno": 64.2, "tt_band_jongno": "60+", "minutes_from_origin_gangnam": 54.4, "tt_band_gangnam": "45–60", "minutes_from_origin_hongik": 58.1, "tt_band_hongik": "45–60", "reach45": 42, "reach_band": "very-low"}}, {"type": "Feature", "geometry": {"type": "Point", "coordinates": [126.74747, 37.67617]}, "properties": {"name": "Daehwa", "maplabel": "", "conn_score": 0.4, "conn_tier": "very-low", "district": null, "minutes_from_origin": 72.4, "tt_band": "60+", "minutes_from_origin_ebt": 88.4, "tt_band_ebt": "60+", "minutes_from_origin_jongno": 65.8, "tt_band_jongno": "60+", "minutes_from_origin_gangnam": 89.5, "tt_band_gangnam": "60+", "minutes_from_origin_hongik": 81.1, "tt_band_hongik": "60+", "reach45": 13, "reach_band": "very-low"}}, {"type": "Feature", "geometry": {"type": "Point", "coordinates": [126.85362, 37.30973]}, "properties": {"name": "Hanyang University at Ansan", "maplabel": "", "conn_score": 48.5, "conn_tier": "mid", "district": null, "minutes_from_origin": 68.8, "tt_band": "60+", "minutes_from_origin_ebt": 65.7, "tt_band_ebt": "60+", "minutes_from_origin_jongno": 75.4, "tt_band_jongno": "60+", "minutes_from_origin_gangnam": 65.7, "tt_band_gangnam": "60+", "minutes_from_origin_hongik": 69.4, "tt_band_hongik": "60+", "reach45": 30, "reach_band": "very-low"}}, {"type": "Feature", "geometry": {"type": "Point", "coordinates": [126.82301, 37.31686]}, "properties": {"name": "Gojan", "maplabel": "", "conn_score": 42.5, "conn_tier": "mid", "district": null, "minutes_from_origin": 74.5, "tt_band": "60+", "minutes_from_origin_ebt": 71.5, "tt_band_ebt": "60+", "minutes_from_origin_jongno": 81.1, "tt_band_jongno": "60+", "minutes_from_origin_gangnam": 71.4, "tt_band_gangnam": "60+", "minutes_from_origin_hongik": 75.1, "tt_band_hongik": "60+", "reach45": 24, "reach_band": "very-low"}}, {"type": "Feature", "geometry": {"type": "Point", "coordinates": [126.76713, 37.33762]}, "properties": {"name": "Singiloncheon", "maplabel": "", "conn_score": 32.4, "conn_tier": "low", "district": null, "minutes_from_origin": 85.5, "tt_band": "60+", "minutes_from_origin_ebt": 82.4, "tt_band_ebt": "60+", "minutes_from_origin_jongno": 92.1, "tt_band_jongno": "60+", "minutes_from_origin_gangnam": 82.3, "tt_band_gangnam": "60+", "minutes_from_origin_hongik": 86.1, "tt_band_hongik": "60+", "reach45": 16, "reach_band": "very-low"}}, {"type": "Feature", "geometry": {"type": "Point", "coordinates": [126.7385, 37.36195]}, "properties": {"name": "Oido", "maplabel": "", "conn_score": 28.1, "conn_tier": "low", "district": null, "minutes_from_origin": 93.0, "tt_band": "60+", "minutes_from_origin_ebt": 89.9, "tt_band_ebt": "60+", "minutes_from_origin_jongno": 99.6, "tt_band_jongno": "60+", "minutes_from_origin_gangnam": 89.8, "tt_band_gangnam": "60+", "minutes_from_origin_hongik": 93.6, "tt_band_hongik": "60+", "reach45": 12, "reach_band": "very-low"}}, {"type": "Feature", "geometry": {"type": "Point", "coordinates": [126.79686, 37.57837]}, "properties": {"name": "Gaehwa", "maplabel": "", "conn_score": 40.5, "conn_tier": "low", "district": "Gangseo-gu", "minutes_from_origin": 44.2, "tt_band": "30–45", "minutes_from_origin_ebt": 44.2, "tt_band_ebt": "30–45", "minutes_from_origin_jongno": 46.1, "tt_band_jongno": "45–60", "minutes_from_origin_gangnam": 49.8, "tt_band_gangnam": "45–60", "minutes_from_origin_hongik": 30.8, "tt_band_hongik": "30–45", "reach45": 90, "reach_band": "low"}}, {"type": "Feature", "geometry": {"type": "Point", "coordinates": [126.84121, 37.56851]}, "properties": {"name": "Yangcheon Hyanggyo", "maplabel": "", "conn_score": 52.4, "conn_tier": "mid", "district": "Gangseo-gu", "minutes_from_origin": 33.7, "tt_band": "30–45", "minutes_from_origin_ebt": 33.6, "tt_band_ebt": "30–45", "minutes_from_origin_jongno": 35.6, "tt_band_jongno": "30–45", "minutes_from_origin_gangnam": 39.2, "tt_band_gangnam": "30–45", "minutes_from_origin_hongik": 20.3, "tt_band_hongik": "15–30", "reach45": 180, "reach_band": "mid"}}, {"type": "Feature", "geometry": {"type": "Point", "coordinates": [126.91803, 37.52795]}, "properties": {"name": "National Assembly", "maplabel": "", "conn_score": 75.8, "conn_tier": "very-high", "district": "Yeongdeungpo-gu", "minutes_from_origin": 17.4, "tt_band": "15–30", "minutes_from_origin_ebt": 17.4, "tt_band_ebt": "15–30", "minutes_from_origin_jongno": 21.8, "tt_band_jongno": "15–30", "minutes_from_origin_gangnam": 23.0, "tt_band_gangnam": "15–30", "minutes_from_origin_hongik": 9.9, "tt_band_hongik": "0–15", "reach45": 305, "reach_band": "very-high"}}, {"type": "Feature", "geometry": {"type": "Point", "coordinates": [126.92842, 37.5173]}, "properties": {"name": "Saetgang", "maplabel": "", "conn_score": 85.6, "conn_tier": "very-high", "district": "Yeongdeungpo-gu", "minutes_from_origin": 14.3, "tt_band": "0–15", "minutes_from_origin_ebt": 14.3, "tt_band_ebt": "0–15", "minutes_from_origin_jongno": 21.0, "tt_band_jongno": "15–30", "minutes_from_origin_gangnam": 19.9, "tt_band_gangnam": "15–30", "minutes_from_origin_hongik": 13.1, "tt_band_hongik": "0–15", "reach45": 316, "reach_band": "very-high"}}, {"type": "Feature", "geometry": {"type": "Point", "coordinates": [127.01514, 37.5043]}, "properties": {"name": "Sapyeong", "maplabel": "", "conn_score": 81.4, "conn_tier": "very-high", "district": "Seocho-gu", "minutes_from_origin": 20.4, "tt_band": "15–30", "minutes_from_origin_ebt": 2.1, "tt_band_ebt": "0–15", "minutes_from_origin_jongno": 23.8, "tt_band_jongno": "15–30", "minutes_from_origin_gangnam": 4.0, "tt_band_gangnam": "0–15", "minutes_from_origin_hongik": 28.9, "tt_band_hongik": "15–30", "reach45": 326, "reach_band": "very-high"}}, {"type": "Feature", "geometry": {"type": "Point", "coordinates": [127.03387, 37.50732]}, "properties": {"name": "Eonju", "maplabel": "", "conn_score": 76.6, "conn_tier": "very-high", "district": "Gangnam-gu", "minutes_from_origin": 24.0, "tt_band": "15–30", "minutes_from_origin_ebt": 5.8, "tt_band_ebt": "0–15", "minutes_from_origin_jongno": 23.8, "tt_band_jongno": "15–30", "minutes_from_origin_gangnam": 4.0, "tt_band_gangnam": "0–15", "minutes_from_origin_hongik": 32.5, "tt_band_hongik": "30–45", "reach45": 318, "reach_band": "very-high"}}, {"type": "Feature", "geometry": {"type": "Point", "coordinates": [127.05342, 37.51308]}, "properties": {"name": "Samseong Jungang", "maplabel": "", "conn_score": 70.3, "conn_tier": "very-high", "district": "Gangnam-gu", "minutes_from_origin": 27.8, "tt_band": "15–30", "minutes_from_origin_ebt": 9.6, "tt_band_ebt": "0–15", "minutes_from_origin_jongno": 27.7, "tt_band_jongno": "15–30", "minutes_from_origin_gangnam": 7.9, "tt_band_gangnam": "0–15", "minutes_from_origin_hongik": 36.4, "tt_band_hongik": "30–45", "reach45": 293, "reach_band": "high"}}, {"type": "Feature", "geometry": {"type": "Point", "coordinates": [127.13834, 37.51987]}, "properties": {"name": "둔촌오륜", "maplabel": "", "conn_score": 50.1, "conn_tier": "mid", "district": "Gangdong-gu", "minutes_from_origin": 43.1, "tt_band": "30–45", "minutes_from_origin_ebt": 26.3, "tt_band_ebt": "15–30", "minutes_from_origin_jongno": 38.9, "tt_band_jongno": "30–45", "minutes_from_origin_gangnam": 22.7, "tt_band_gangnam": "15–30", "minutes_from_origin_hongik": 53.0, "tt_band_hongik": "45–60", "reach45": 219, "reach_band": "mid"}}, {"type": "Feature", "geometry": {"type": "Point", "coordinates": [127.14824, 37.52828]}, "properties": {"name": "VHS Medical Center", "maplabel": "", "conn_score": 50.1, "conn_tier": "mid", "district": "Gangdong-gu", "minutes_from_origin": 45.4, "tt_band": "45–60", "minutes_from_origin_ebt": 28.6, "tt_band_ebt": "15–30", "minutes_from_origin_jongno": 41.2, "tt_band_jongno": "30–45", "minutes_from_origin_gangnam": 25.0, "tt_band_gangnam": "15–30", "minutes_from_origin_hongik": 55.3, "tt_band_hongik": "45–60", "reach45": 198, "reach_band": "mid"}}, {"type": "Feature", "geometry": {"type": "Point", "coordinates": [127.12736, 37.6424]}, "properties": {"name": "Byeollae", "maplabel": "", "conn_score": 18.1, "conn_tier": "very-low", "district": null, "minutes_from_origin": 61.3, "tt_band": "60+", "minutes_from_origin_ebt": 57.0, "tt_band_ebt": "45–60", "minutes_from_origin_jongno": 57.1, "tt_band_jongno": "45–60", "minutes_from_origin_gangnam": 53.4, "tt_band_gangnam": "45–60", "minutes_from_origin_hongik": 71.5, "tt_band_hongik": "60+", "reach45": 50, "reach_band": "very-low"}}, {"type": "Feature", "geometry": {"type": "Point", "coordinates": [127.13032, 37.43401]}, "properties": {"name": "Moran", "maplabel": "", "conn_score": 10.3, "conn_tier": "very-low", "district": null, "minutes_from_origin": 64.3, "tt_band": "60+", "minutes_from_origin_ebt": 46.1, "tt_band_ebt": "45–60", "minutes_from_origin_jongno": 64.1, "tt_band_jongno": "60+", "minutes_from_origin_gangnam": 42.5, "tt_band_gangnam": "30–45", "minutes_from_origin_hongik": 72.8, "tt_band_hongik": "60+", "reach45": 68, "reach_band": "low"}}, {"type": "Feature", "geometry": {"type": "Point", "coordinates": [127.15277, 37.49497]}, "properties": {"name": "Macheon", "maplabel": "", "conn_score": 29.7, "conn_tier": "low", "district": "Songpa-gu", "minutes_from_origin": 51.2, "tt_band": "45–60", "minutes_from_origin_ebt": 33.2, "tt_band_ebt": "30–45", "minutes_from_origin_jongno": 47.0, "tt_band_jongno": "45–60", "minutes_from_origin_gangnam": 29.6, "tt_band_gangnam": "15–30", "minutes_from_origin_hongik": 59.9, "tt_band_hongik": "45–60", "reach45": 149, "reach_band": "low"}}, {"type": "Feature", "geometry": {"type": "Point", "coordinates": [126.81273, 37.57739]}, "properties": {"name": "방화", "maplabel": "", "conn_score": 35.4, "conn_tier": "low", "district": "Gangseo-gu", "minutes_from_origin": 45.0, "tt_band": "30–45", "minutes_from_origin_ebt": 44.9, "tt_band_ebt": "30–45", "minutes_from_origin_jongno": 46.9, "tt_band_jongno": "45–60", "minutes_from_origin_gangnam": 50.5, "tt_band_gangnam": "45–60", "minutes_from_origin_hongik": 31.6, "tt_band_hongik": "30–45", "reach45": 87, "reach_band": "low"}}, {"type": "Feature", "geometry": {"type": "Point", "coordinates": [126.88474, 37.41637]}, "properties": {"name": "Gwangmyeong", "maplabel": "", "conn_score": 78.0, "conn_tier": "very-high", "district": null, "minutes_from_origin": 34.9, "tt_band": "30–45", "minutes_from_origin_ebt": 39.0, "tt_band_ebt": "30–45", "minutes_from_origin_jongno": 41.6, "tt_band_jongno": "30–45", "minutes_from_origin_gangnam": 44.6, "tt_band_gangnam": "30–45", "minutes_from_origin_hongik": 35.5, "tt_band_hongik": "30–45", "reach45": 155, "reach_band": "low"}}, {"type": "Feature", "geometry": {"type": "Point", "coordinates": [126.88951, 37.46603]}, "properties": {"name": "Doksan", "maplabel": "", "conn_score": 79.0, "conn_tier": "very-high", "district": "Geumcheon-gu", "minutes_from_origin": 28.0, "tt_band": "15–30", "minutes_from_origin_ebt": 32.0, "tt_band_ebt": "30–45", "minutes_from_origin_jongno": 34.6, "tt_band_jongno": "30–45", "minutes_from_origin_gangnam": 37.6, "tt_band_gangnam": "30–45", "minutes_from_origin_hongik": 24.7, "tt_band_hongik": "15–30", "reach45": 230, "reach_band": "mid"}}, {"type": "Feature", "geometry": {"type": "Point", "coordinates": [127.04414, 37.30218]}, "properties": {"name": "Gwanggyo", "maplabel": "", "conn_score": 14.9, "conn_tier": "very-low", "district": null, "minutes_from_origin": 82.9, "tt_band": "60+", "minutes_from_origin_ebt": 64.7, "tt_band_ebt": "60+", "minutes_from_origin_jongno": 82.8, "tt_band_jongno": "60+", "minutes_from_origin_gangnam": 59.2, "tt_band_gangnam": "45–60", "minutes_from_origin_hongik": 91.4, "tt_band_hongik": "60+", "reach45": 9, "reach_band": "very-low"}}, {"type": "Feature", "geometry": {"type": "Point", "coordinates": [127.62857, 37.28282]}, "properties": {"name": "여주", "maplabel": "", "conn_score": 10.0, "conn_tier": "very-low", "district": null, "minutes_from_origin": 152.8, "tt_band": "60+", "minutes_from_origin_ebt": 134.6, "tt_band_ebt": "60+", "minutes_from_origin_jongno": 152.7, "tt_band_jongno": "60+", "minutes_from_origin_gangnam": 129.0, "tt_band_gangnam": "60+", "minutes_from_origin_hongik": 161.3, "tt_band_hongik": "60+", "reach45": 3, "reach_band": "very-low"}}, {"type": "Feature", "geometry": {"type": "Point", "coordinates": [127.05722, 37.91412]}, "properties": {"name": "Bosan", "maplabel": "", "conn_score": 7.4, "conn_tier": "very-low", "district": null, "minutes_from_origin": 94.1, "tt_band": "60+", "minutes_from_origin_ebt": 104.9, "tt_band_ebt": "60+", "minutes_from_origin_jongno": 88.0, "tt_band_jongno": "60+", "minutes_from_origin_gangnam": 106.0, "tt_band_gangnam": "60+", "minutes_from_origin_hongik": 103.3, "tt_band_hongik": "60+", "reach45": 16, "reach_band": "very-low"}}, {"type": "Feature", "geometry": {"type": "Point", "coordinates": [127.0567, 37.81877]}, "properties": {"name": "Deokgye", "maplabel": "", "conn_score": 12.0, "conn_tier": "very-low", "district": null, "minutes_from_origin": 73.8, "tt_band": "60+", "minutes_from_origin_ebt": 84.5, "tt_band_ebt": "60+", "minutes_from_origin_jongno": 67.7, "tt_band_jongno": "60+", "minutes_from_origin_gangnam": 85.6, "tt_band_gangnam": "60+", "minutes_from_origin_hongik": 83.0, "tt_band_hongik": "60+", "reach45": 27, "reach_band": "very-low"}}, {"type": "Feature", "geometry": {"type": "Point", "coordinates": [127.04441, 37.74838]}, "properties": {"name": "Ganeung", "maplabel": "", "conn_score": 14.4, "conn_tier": "very-low", "district": null, "minutes_from_origin": 58.8, "tt_band": "45–60", "minutes_from_origin_ebt": 69.6, "tt_band_ebt": "60+", "minutes_from_origin_jongno": 52.8, "tt_band_jongno": "45–60", "minutes_from_origin_gangnam": 70.7, "tt_band_gangnam": "60+", "minutes_from_origin_hongik": 68.1, "tt_band_hongik": "60+", "reach45": 48, "reach_band": "very-low"}}, {"type": "Feature", "geometry": {"type": "Point", "coordinates": [127.04739, 37.71031]}, "properties": {"name": "Mangwolsa (Shinhan University)", "maplabel": "", "conn_score": 20.1, "conn_tier": "very-low", "district": null, "minutes_from_origin": 50.1, "tt_band": "45–60", "minutes_from_origin_ebt": 60.9, "tt_band_ebt": "60+", "minutes_from_origin_jongno": 44.0, "tt_band_jongno": "30–45", "minutes_from_origin_gangnam": 62.0, "tt_band_gangnam": "60+", "minutes_from_origin_hongik": 59.3, "tt_band_hongik": "45–60", "reach45": 71, "reach_band": "low"}}, {"type": "Feature", "geometry": {"type": "Point", "coordinates": [126.86957, 37.49613]}, "properties": {"name": "Guil", "maplabel": "", "conn_score": 70.4, "conn_tier": "very-high", "district": "Guro-gu", "minutes_from_origin": 22.3, "tt_band": "15–30", "minutes_from_origin_ebt": 26.3, "tt_band_ebt": "15–30", "minutes_from_origin_jongno": 28.9, "tt_band_jongno": "15–30", "minutes_from_origin_gangnam": 31.9, "tt_band_gangnam": "30–45", "minutes_from_origin_hongik": 19.0, "tt_band_hongik": "15–30", "reach45": 268, "reach_band": "high"}}, {"type": "Feature", "geometry": {"type": "Point", "coordinates": [126.79568, 37.48278]}, "properties": {"name": "Sosa", "maplabel": "", "conn_score": 63.0, "conn_tier": "high", "district": null, "minutes_from_origin": 34.8, "tt_band": "30–45", "minutes_from_origin_ebt": 38.8, "tt_band_ebt": "30–45", "minutes_from_origin_jongno": 41.4, "tt_band_jongno": "30–45", "minutes_from_origin_gangnam": 44.4, "tt_band_gangnam": "30–45", "minutes_from_origin_hongik": 31.5, "tt_band_hongik": "30–45", "reach45": 173, "reach_band": "mid"}}, {"type": "Feature", "geometry": {"type": "Point", "coordinates": [126.76414, 37.4867]}, "properties": {"name": "Jung-dong", "maplabel": "", "conn_score": 55.4, "conn_tier": "high", "district": null, "minutes_from_origin": 40.4, "tt_band": "30–45", "minutes_from_origin_ebt": 44.4, "tt_band_ebt": "30–45", "minutes_from_origin_jongno": 47.0, "tt_band_jongno": "45–60", "minutes_from_origin_gangnam": 50.0, "tt_band_gangnam": "45–60", "minutes_from_origin_hongik": 37.1, "tt_band_hongik": "30–45", "reach45": 122, "reach_band": "low"}}, {"type": "Feature", "geometry": {"type": "Point", "coordinates": [126.74076, 37.48848]}, "properties": {"name": "Bugae", "maplabel": "", "conn_score": 48.8, "conn_tier": "mid", "district": null, "minutes_from_origin": 44.6, "tt_band": "30–45", "minutes_from_origin_ebt": 48.7, "tt_band_ebt": "45–60", "minutes_from_origin_jongno": 51.3, "tt_band_jongno": "45–60", "minutes_from_origin_gangnam": 54.3, "tt_band_gangnam": "45–60", "minutes_from_origin_hongik": 41.3, "tt_band_hongik": "30–45", "reach45": 96, "reach_band": "low"}}, {"type": "Feature", "geometry": {"type": "Point", "coordinates": [126.70696, 37.48301]}, "properties": {"name": "Baegun", "maplabel": "", "conn_score": 42.8, "conn_tier": "mid", "district": null, "minutes_from_origin": 50.8, "tt_band": "45–60", "minutes_from_origin_ebt": 54.9, "tt_band_ebt": "45–60", "minutes_from_origin_jongno": 57.5, "tt_band_jongno": "45–60", "minutes_from_origin_gangnam": 60.5, "tt_band_gangnam": "60+", "minutes_from_origin_hongik": 47.6, "tt_band_hongik": "45–60", "reach45": 65, "reach_band": "low"}}, {"type": "Feature", "geometry": {"type": "Point", "coordinates": [126.6934, 37.46473]}, "properties": {"name": "Ganseok", "maplabel": "", "conn_score": 37.5, "conn_tier": "low", "district": null, "minutes_from_origin": 55.3, "tt_band": "45–60", "minutes_from_origin_ebt": 59.3, "tt_band_ebt": "45–60", "minutes_from_origin_jongno": 61.9, "tt_band_jongno": "60+", "minutes_from_origin_gangnam": 64.9, "tt_band_gangnam": "60+", "minutes_from_origin_hongik": 52.0, "tt_band_hongik": "45–60", "reach45": 47, "reach_band": "very-low"}}, {"type": "Feature", "geometry": {"type": "Point", "coordinates": [126.66862, 37.4661]}, "properties": {"name": "Dohwa", "maplabel": "", "conn_score": 37.5, "conn_tier": "low", "district": null, "minutes_from_origin": 58.7, "tt_band": "45–60", "minutes_from_origin_ebt": 62.7, "tt_band_ebt": "60+", "minutes_from_origin_jongno": 65.3, "tt_band_jongno": "60+", "minutes_from_origin_gangnam": 68.3, "tt_band_gangnam": "60+", "minutes_from_origin_hongik": 55.4, "tt_band_hongik": "45–60", "reach45": 37, "reach_band": "very-low"}}, {"type": "Feature", "geometry": {"type": "Point", "coordinates": [126.64252, 37.46877]}, "properties": {"name": "Dowon", "maplabel": "", "conn_score": 32.7, "conn_tier": "low", "district": null, "minutes_from_origin": 63.4, "tt_band": "60+", "minutes_from_origin_ebt": 67.5, "tt_band_ebt": "60+", "minutes_from_origin_jongno": 70.1, "tt_band_jongno": "60+", "minutes_from_origin_gangnam": 73.1, "tt_band_gangnam": "60+", "minutes_from_origin_hongik": 60.2, "tt_band_hongik": "60+", "reach45": 29, "reach_band": "very-low"}}, {"type": "Feature", "geometry": {"type": "Point", "coordinates": [126.61704, 37.47694]}, "properties": {"name": "Incheon", "maplabel": "", "conn_score": 32.7, "conn_tier": "low", "district": null, "minutes_from_origin": 67.8, "tt_band": "60+", "minutes_from_origin_ebt": 71.8, "tt_band_ebt": "60+", "minutes_from_origin_jongno": 74.4, "tt_band_jongno": "60+", "minutes_from_origin_gangnam": 77.4, "tt_band_gangnam": "60+", "minutes_from_origin_hongik": 64.5, "tt_band_hongik": "60+", "reach45": 23, "reach_band": "very-low"}}, {"type": "Feature", "geometry": {"type": "Point", "coordinates": [126.93565, 37.38431]}, "properties": {"name": "Myeonghak", "maplabel": "", "conn_score": 70.9, "conn_tier": "very-high", "district": null, "minutes_from_origin": 43.3, "tt_band": "30–45", "minutes_from_origin_ebt": 46.2, "tt_band_ebt": "45–60", "minutes_from_origin_jongno": 49.9, "tt_band_jongno": "45–60", "minutes_from_origin_gangnam": 46.1, "tt_band_gangnam": "45–60", "minutes_from_origin_hongik": 43.9, "tt_band_hongik": "30–45", "reach45": 100, "reach_band": "low"}}, {"type": "Feature", "geometry": {"type": "Point", "coordinates": [126.94836, 37.34334]}, "properties": {"name": "Dangjeong", "maplabel": "", "conn_score": 62.8, "conn_tier": "high", "district": null, "minutes_from_origin": 52.3, "tt_band": "45–60", "minutes_from_origin_ebt": 49.9, "tt_band_ebt": "45–60", "minutes_from_origin_jongno": 59.0, "tt_band_jongno": "45–60", "minutes_from_origin_gangnam": 49.8, "tt_band_gangnam": "45–60", "minutes_from_origin_hongik": 52.9, "tt_band_hongik": "45–60", "reach45": 63, "reach_band": "low"}}, {"type": "Feature", "geometry": {"type": "Point", "coordinates": [126.98956, 37.28406]}, "properties": {"name": "Hwaseo", "maplabel": "", "conn_score": 49.6, "conn_tier": "mid", "district": null, "minutes_from_origin": 67.9, "tt_band": "60+", "minutes_from_origin_ebt": 64.9, "tt_band_ebt": "60+", "minutes_from_origin_jongno": 74.5, "tt_band_jongno": "60+", "minutes_from_origin_gangnam": 64.8, "tt_band_gangnam": "60+", "minutes_from_origin_hongik": 68.5, "tt_band_hongik": "60+", "reach45": 33, "reach_band": "very-low"}}, {"type": "Feature", "geometry": {"type": "Point", "coordinates": [127.01371, 37.24415]}, "properties": {"name": "Seryu", "maplabel": "", "conn_score": 43.9, "conn_tier": "mid", "district": null, "minutes_from_origin": 77.2, "tt_band": "60+", "minutes_from_origin_ebt": 74.2, "tt_band_ebt": "60+", "minutes_from_origin_jongno": 83.9, "tt_band_jongno": "60+", "minutes_from_origin_gangnam": 74.2, "tt_band_gangnam": "60+", "minutes_from_origin_hongik": 77.8, "tt_band_hongik": "60+", "reach45": 25, "reach_band": "very-low"}}, {"type": "Feature", "geometry": {"type": "Point", "coordinates": [127.07043, 37.019]}, "properties": {"name": "Pyeongtaek Jije", "maplabel": "", "conn_score": 29.8, "conn_tier": "low", "district": null, "minutes_from_origin": 126.6, "tt_band": "60+", "minutes_from_origin_ebt": 123.6, "tt_band_ebt": "60+", "minutes_from_origin_jongno": 133.3, "tt_band_jongno": "60+", "minutes_from_origin_gangnam": 123.6, "tt_band_gangnam": "60+", "minutes_from_origin_hongik": 127.2, "tt_band_hongik": "60+", "reach45": 11, "reach_band": "very-low"}}, {"type": "Feature", "geometry": {"type": "Point", "coordinates": [127.14381, 36.87095]}, "properties": {"name": "Jiksan", "maplabel": "", "conn_score": 22.4, "conn_tier": "very-low", "district": null, "minutes_from_origin": 159.9, "tt_band": "60+", "minutes_from_origin_ebt": 156.9, "tt_band_ebt": "60+", "minutes_from_origin_jongno": 166.5, "tt_band_jongno": "60+", "minutes_from_origin_gangnam": 156.8, "tt_band_gangnam": "60+", "minutes_from_origin_hongik": 160.5, "tt_band_hongik": "60+", "reach45": 12, "reach_band": "very-low"}}, {"type": "Feature", "geometry": {"type": "Point", "coordinates": [126.95186, 36.76981]}, "properties": {"name": "Sinchang", "maplabel": "", "conn_score": 2.7, "conn_tier": "very-low", "district": null, "minutes_from_origin": 209.7, "tt_band": "60+", "minutes_from_origin_ebt": 206.7, "tt_band_ebt": "60+", "minutes_from_origin_jongno": 216.3, "tt_band_jongno": "60+", "minutes_from_origin_gangnam": 206.6, "tt_band_gangnam": "60+", "minutes_from_origin_hongik": 210.3, "tt_band_hongik": "60+", "reach45": 8, "reach_band": "very-low"}}, {"type": "Feature", "geometry": {"type": "Point", "coordinates": [127.05188, 37.19572]}, "properties": {"name": "Seodongtan", "maplabel": "", "conn_score": 38.5, "conn_tier": "low", "district": null, "minutes_from_origin": 89.7, "tt_band": "60+", "minutes_from_origin_ebt": 86.7, "tt_band_ebt": "60+", "minutes_from_origin_jongno": 96.3, "tt_band_jongno": "60+", "minutes_from_origin_gangnam": 86.6, "tt_band_gangnam": "60+", "minutes_from_origin_hongik": 90.3, "tt_band_hongik": "60+", "reach45": 16, "reach_band": "very-low"}}, {"type": "Feature", "geometry": {"type": "Point", "coordinates": [127.05308, 37.70018]}, "properties": {"name": "Jangam", "maplabel": "", "conn_score": 20.0, "conn_tier": "very-low", "district": null, "minutes_from_origin": 48.3, "tt_band": "45–60", "minutes_from_origin_ebt": 59.1, "tt_band_ebt": "45–60", "minutes_from_origin_jongno": 42.3, "tt_band_jongno": "30–45", "minutes_from_origin_gangnam": 60.2, "tt_band_gangnam": "60+", "minutes_from_origin_hongik": 57.6, "tt_band_hongik": "45–60", "reach45": 80, "reach_band": "low"}}, {"type": "Feature", "geometry": {"type": "Point", "coordinates": [127.10465, 37.6124]}, "properties": {"name": "Sinnae", "maplabel": "", "conn_score": 16.9, "conn_tier": "very-low", "district": "Jungnang-gu", "minutes_from_origin": 39.3, "tt_band": "30–45", "minutes_from_origin_ebt": 45.2, "tt_band_ebt": "45–60", "minutes_from_origin_jongno": 35.0, "tt_band_jongno": "30–45", "minutes_from_origin_gangnam": 47.4, "tt_band_gangnam": "45–60", "minutes_from_origin_hongik": 49.5, "tt_band_hongik": "45–60", "reach45": 151, "reach_band": "low"}}, {"type": "Feature", "geometry": {"type": "Point", "coordinates": [127.22369, 37.53968]}, "properties": {"name": "Hanam Geomdansan", "maplabel": "", "conn_score": 11.0, "conn_tier": "very-low", "district": null, "minutes_from_origin": 61.0, "tt_band": "60+", "minutes_from_origin_ebt": 54.7, "tt_band_ebt": "45–60", "minutes_from_origin_jongno": 56.7, "tt_band_jongno": "45–60", "minutes_from_origin_gangnam": 51.1, "tt_band_gangnam": "45–60", "minutes_from_origin_hongik": 71.2, "tt_band_hongik": "60+", "reach45": 58, "reach_band": "low"}}, {"type": "Feature", "geometry": {"type": "Point", "coordinates": [127.20324, 37.72004]}, "properties": {"name": "Jinjeop", "maplabel": "", "conn_score": 6.7, "conn_tier": "very-low", "district": null, "minutes_from_origin": 68.3, "tt_band": "60+", "minutes_from_origin_ebt": 79.1, "tt_band_ebt": "60+", "minutes_from_origin_jongno": 62.3, "tt_band_jongno": "60+", "minutes_from_origin_gangnam": 80.2, "tt_band_gangnam": "60+", "minutes_from_origin_hongik": 77.6, "tt_band_hongik": "60+", "reach45": 10, "reach_band": "very-low"}}, {"type": "Feature", "geometry": {"type": "Point", "coordinates": [127.07386, 38.10046]}, "properties": {"name": "Yeoncheon", "maplabel": "", "conn_score": 0.0, "conn_tier": "very-low", "district": null, "minutes_from_origin": 134.2, "tt_band": "60+", "minutes_from_origin_ebt": 144.9, "tt_band_ebt": "60+", "minutes_from_origin_jongno": 128.1, "tt_band_jongno": "60+", "minutes_from_origin_gangnam": 146.0, "tt_band_gangnam": "60+", "minutes_from_origin_hongik": 143.4, "tt_band_hongik": "60+", "reach45": 7, "reach_band": "very-low"}}]}