{"type": "FeatureCollection", "features": [{"type": "Feature", "geometry": {"type": "MultiPolygon", "coordinates": [[[[126.9395, 37.4781], [126.9396, 37.4788], [126.9373, 37.4794], [126.9366, 37.4806], [126.9356, 37.4808], [126.9376, 37.4822], [126.937, 37.4824], [126.9378, 37.4841], [126.9417, 37.4824], [126.9527, 37.4812], [126.9522, 37.478], [126.9531, 37.4731], [126.9524, 37.4709], [126.9508, 37.4713], [126.949, 37.4728], [126.947, 37.4728], [126.9399, 37.4773], [126.9395, 37.4781]]]]}, "properties": {"dong": "Cheongnyong-dong", "dong_kr": "청룡동", "osm_id": 2424059, "conn_tier": "no-data"}}, {"type": "Feature", "geometry": {"type": "MultiPolygon", "coordinates": [[[[126.9435, 37.4926], [126.9421, 37.4922], [126.9405, 37.4929], [126.939, 37.4923], [126.9392, 37.4893], [126.9387, 37.4882], [126.9401, 37.4877], [126.9393, 37.4862], [126.9342, 37.4867], [126.9342, 37.4848], [126.9364, 37.4847], [126.9417, 37.4824], [126.9463, 37.4819], [126.947, 37.4866], [126.9459, 37.487], [126.9466, 37.4876], [126.9463, 37.4898], [126.9435, 37.4926]]]]}, "properties": {"dong": "Euncheon-dong", "dong_kr": "은천동", "osm_id": 2424060, "conn_tier": "mid"}}, {"type": "Feature", "geometry": {"type": "MultiPolygon", "coordinates": [[[[126.9378, 37.4841], [126.9347, 37.4849], [126.9262, 37.4838], [126.9318, 37.4787], [126.9305, 37.4783], [126.9302, 37.4753], [126.9314, 37.4758], [126.9346, 37.4758], [126.9352, 37.4762], [126.9349, 37.4775], [126.9369, 37.4769], [126.9395, 37.4781], [126.9396, 37.4788], [126.9373, 37.4794], [126.9366, 37.4806], [126.9356, 37.4808], [126.9376, 37.4822], [126.937, 37.4824], [126.9378, 37.4841]]]]}, "properties": {"dong": "Seowon-dong", "dong_kr": "서원동", "osm_id": 2424062, "conn_tier": "mid"}}, {"type": "Feature", "geometry": {"type": "MultiPolygon", "coordinates": [[[[126.9149, 37.4884], [126.913, 37.4874], [126.9145, 37.4818], [126.9259, 37.4837], [126.9203, 37.4891], [126.9181, 37.4898], [126.9149, 37.4884]]]]}, "properties": {"dong": "Sinsa-dong", "dong_kr": "신사동", "osm_id": 3775530, "conn_tier": "high"}}, {"type": "Feature", "geometry": {"type": "MultiPolygon", "coordinates": [[[[126.913, 37.4874], [126.9063, 37.4849], [126.9031, 37.485], [126.8998, 37.4809], [126.8989, 37.4789], [126.9145, 37.4818], [126.913, 37.4874]]]]}, "properties": {"dong": "Jowon-dong", "dong_kr": "조원동", "osm_id": 3775531, "conn_tier": "no-data"}}, {"type": "Feature", "geometry": {"type": "MultiPolygon", "coordinates": [[[[126.9268, 37.4743], [126.9269, 37.4729], [126.9258, 37.4713], [126.9262, 37.4681], [126.925, 37.4675], [126.9228, 37.4643], [126.9197, 37.4654], [126.92, 37.466], [126.9174, 37.4661], [126.9146, 37.4678], [126.9142, 37.4691], [126.9146, 37.4706], [126.9165, 37.4709], [126.9165, 37.4726], [126.9177, 37.4739], [126.9196, 37.4743], [126.924, 37.4771], [126.926, 37.4758], [126.9268, 37.4743]]]]}, "properties": {"dong": "Nangok-dong", "dong_kr": "난곡동", "osm_id": 3878789, "conn_tier": "no-data"}}, {"type": "Feature", "geometry": {"type": "MultiPolygon", "coordinates": [[[[126.9216, 37.4831], [126.9098, 37.4809], [126.91, 37.4803], [126.9089, 37.4801], [126.9087, 37.4791], [126.9095, 37.4781], [126.9105, 37.4784], [126.9119, 37.4778], [126.9118, 37.4768], [126.9111, 37.4738], [126.9083, 37.4724], [126.9097, 37.4706], [126.9101, 37.4687], [126.9124, 37.4658], [126.9138, 37.4653], [126.9156, 37.4669], [126.9146, 37.4678], [126.9142, 37.4697], [126.9149, 37.4708], [126.9167, 37.4712], [126.9165, 37.4726], [126.9177, 37.4739], [126.9196, 37.4743], [126.924, 37.4771], [126.9231, 37.4778], [126.9216, 37.4831]]]]}, "properties": {"dong": "Miseong-dong", "dong_kr": "미성동", "osm_id": 3878790, "conn_tier": "no-data"}}, {"type": "Feature", "geometry": {"type": "MultiPolygon", "coordinates": [[[[126.9259, 37.4837], [126.9342, 37.4848], [126.9342, 37.4867], [126.926, 37.4898], [126.9183, 37.4898], [126.9217, 37.4883], [126.9259, 37.4837]]]]}, "properties": {"dong": "Sillim-dong", "dong_kr": "신림동", "osm_id": 3878791, "conn_tier": "no-data"}}, {"type": "Feature", "geometry": {"type": "MultiPolygon", "coordinates": [[[[126.9268, 37.4743], [126.926, 37.4758], [126.9231, 37.4778], [126.9216, 37.4831], [126.9262, 37.4838], [126.9318, 37.4787], [126.9305, 37.4783], [126.9302, 37.4753], [126.9268, 37.4743]]]]}, "properties": {"dong": "Sinwon-dong", "dong_kr": "신원동", "osm_id": 3878792, "conn_tier": "no-data"}}, {"type": "Feature", "geometry": {"type": "MultiPolygon", "coordinates": [[[[126.9156, 37.4669], [126.9129, 37.4641], [126.9144, 37.4616], [126.9141, 37.4579], [126.9149, 37.4573], [126.9222, 37.4566], [126.9241, 37.4598], [126.9228, 37.4643], [126.9197, 37.4654], [126.92, 37.466], [126.9174, 37.4661], [126.9156, 37.4669]]]]}, "properties": {"dong": "Nanhyang-dong", "dong_kr": "난향동", "osm_id": 3878843, "conn_tier": "no-data"}}, {"type": "Feature", "geometry": {"type": "MultiPolygon", "coordinates": [[[[126.934, 37.4716], [126.9394, 37.4706], [126.9433, 37.4707], [126.9482, 37.4673], [126.9508, 37.4681], [126.9524, 37.4709], [126.9533, 37.4708], [126.9544, 37.4679], [126.9563, 37.4655], [126.9555, 37.4625], [126.9572, 37.4596], [126.9616, 37.4561], [126.9655, 37.4549], [126.9667, 37.456], [126.9678, 37.4556], [126.9688, 37.4527], [126.9705, 37.4508], [126.9708, 37.4476], [126.9647, 37.4459], [126.964, 37.4437], [126.9647, 37.4421], [126.9637, 37.441], [126.9594, 37.4408], [126.9584, 37.4395], [126.9558, 37.439], [126.9527, 37.4395], [126.9509, 37.4389], [126.9477, 37.4389], [126.9456, 37.4377], [126.9422, 37.4375], [126.9413, 37.436], [126.9398, 37.4361], [126.9389, 37.4354], [126.938, 37.4384], [126.9383, 37.4405], [126.937, 37.4422], [126.9317, 37.4454], [126.9303, 37.4492], [126.9291, 37.4502], [126.9323, 37.4522], [126.9346, 37.4509], [126.936, 37.4521], [126.9371, 37.4556], [126.9384, 37.4573], [126.9384, 37.4599], [126.9395, 37.4599], [126.9389, 37.4614], [126.9374, 37.461], [126.9334, 37.4661], [126.9314, 37.4657], [126.9315, 37.467], [126.934, 37.4716]]]]}, "properties": {"dong": "Daehak-dong", "dong_kr": "대학동", "osm_id": 3878844, "conn_tier": "no-data"}}, {"type": "Feature", "geometry": {"type": "MultiPolygon", "coordinates": [[[[126.9291, 37.4502], [126.9323, 37.4522], [126.9346, 37.4509], [126.936, 37.4521], [126.9371, 37.4556], [126.9384, 37.4573], [126.9384, 37.4599], [126.9395, 37.4599], [126.9389, 37.4614], [126.9374, 37.461], [126.9334, 37.4661], [126.9314, 37.4657], [126.9315, 37.467], [126.934, 37.4716], [126.9333, 37.4727], [126.9337, 37.4738], [126.9332, 37.4743], [126.932, 37.4738], [126.9312, 37.4748], [126.9308, 37.474], [126.9293, 37.4749], [126.9268, 37.4743], [126.9269, 37.4729], [126.9258, 37.4713], [126.9262, 37.4681], [126.925, 37.4675], [126.9228, 37.4643], [126.9241, 37.4598], [126.9222, 37.4566], [126.9232, 37.4543], [126.9248, 37.4528], [126.9259, 37.4527], [126.9273, 37.451], [126.9286, 37.4509], [126.9291, 37.4502]]]]}, "properties": {"dong": "Samseong-dong", "dong_kr": "삼성동", "osm_id": 3878845, "conn_tier": "no-data"}}, {"type": "Feature", "geometry": {"type": "MultiPolygon", "coordinates": [[[[126.9302, 37.4753], [126.9293, 37.4744], [126.9308, 37.474], [126.9312, 37.4748], [126.932, 37.4738], [126.9332, 37.4743], [126.9337, 37.4738], [126.9334, 37.4722], [126.9346, 37.4713], [126.9433, 37.4707], [126.9478, 37.4674], [126.9508, 37.4681], [126.9524, 37.4709], [126.9508, 37.4713], [126.949, 37.4728], [126.947, 37.4728], [126.9399, 37.4773], [126.9395, 37.4781], [126.9369, 37.4769], [126.9349, 37.4775], [126.9352, 37.4762], [126.9346, 37.4758], [126.9314, 37.4758], [126.9302, 37.4753]]]]}, "properties": {"dong": "Seorim-dong", "dong_kr": "서림동", "osm_id": 3878846, "conn_tier": "no-data"}}, {"type": "Feature", "geometry": {"type": "MultiPolygon", "coordinates": [[[[126.947, 37.4941], [126.9489, 37.4938], [126.9539, 37.491], [126.9562, 37.4915], [126.9579, 37.4886], [126.9578, 37.4876], [126.9562, 37.4856], [126.9459, 37.487], [126.9466, 37.4876], [126.9463, 37.4898], [126.9435, 37.4926], [126.947, 37.4941]]]]}, "properties": {"dong": "Seonghyeon-dong", "dong_kr": "성현동", "osm_id": 3878883, "conn_tier": "no-data"}}, {"type": "Feature", "geometry": {"type": "MultiPolygon", "coordinates": [[[[126.9527, 37.4812], [126.9562, 37.4856], [126.947, 37.4869], [126.9463, 37.4819], [126.9527, 37.4812]]]]}, "properties": {"dong": "Jungang-dong", "dong_kr": "중앙동", "osm_id": 3878890, "conn_tier": "no-data"}}, {"type": "Feature", "geometry": {"type": "MultiPolygon", "coordinates": [[[[126.9612, 37.4929], [126.9613, 37.4915], [126.9604, 37.4901], [126.9617, 37.4888], [126.9621, 37.4854], [126.9568, 37.4864], [126.958, 37.4881], [126.9562, 37.4915], [126.9587, 37.4926], [126.959, 37.4938], [126.9611, 37.4934], [126.9612, 37.4929]]]]}, "properties": {"dong": "Cheongmin-dong", "dong_kr": "청림동", "osm_id": 3878891, "conn_tier": "no-data"}}, {"type": "Feature", "geometry": {"type": "MultiPolygon", "coordinates": [[[[126.9562, 37.4856], [126.9568, 37.4864], [126.9589, 37.4864], [126.9607, 37.4854], [126.9621, 37.4854], [126.9611, 37.4835], [126.9639, 37.481], [126.9645, 37.4797], [126.9679, 37.478], [126.9688, 37.4767], [126.9704, 37.4764], [126.9709, 37.4754], [126.9675, 37.4755], [126.9527, 37.4812], [126.9562, 37.4856]]]]}, "properties": {"dong": "Haengun-dong", "dong_kr": "행운동", "osm_id": 3878892, "conn_tier": "high"}}, {"type": "Feature", "geometry": {"type": "MultiPolygon", "coordinates": [[[[126.9527, 37.4812], [126.9522, 37.478], [126.9531, 37.4731], [126.9524, 37.4709], [126.9533, 37.4708], [126.9544, 37.4679], [126.9563, 37.4655], [126.9555, 37.4625], [126.9572, 37.4596], [126.9616, 37.4561], [126.9655, 37.4549], [126.9667, 37.456], [126.9667, 37.458], [126.9692, 37.4598], [126.9702, 37.4614], [126.9648, 37.4643], [126.9642, 37.4659], [126.9648, 37.4675], [126.9629, 37.4696], [126.9635, 37.4716], [126.962, 37.4726], [126.9629, 37.4735], [126.9612, 37.4752], [126.9623, 37.4775], [126.9527, 37.4812]]]]}, "properties": {"dong": "Nakseongdae-dong", "dong_kr": "낙성대동", "osm_id": 3878896, "conn_tier": "no-data"}}, {"type": "Feature", "geometry": {"type": "MultiPolygon", "coordinates": [[[[126.9817, 37.4765], [126.982, 37.4743], [126.9838, 37.4705], [126.9881, 37.4656], [126.9874, 37.4598], [126.9885, 37.4579], [126.9823, 37.4566], [126.9824, 37.455], [126.981, 37.4531], [126.9789, 37.4521], [126.9777, 37.4508], [126.9762, 37.4507], [126.9745, 37.4477], [126.9708, 37.4476], [126.9705, 37.4508], [126.9688, 37.4527], [126.9678, 37.4556], [126.9667, 37.456], [126.9667, 37.458], [126.9692, 37.4598], [126.971, 37.4622], [126.9742, 37.4642], [126.9741, 37.465], [126.973, 37.4656], [126.973, 37.467], [126.9717, 37.4678], [126.9711, 37.4693], [126.9711, 37.4722], [126.9717, 37.4731], [126.9709, 37.4754], [126.9767, 37.4766], [126.9817, 37.4765]]]]}, "properties": {"dong": "Namhyeon-dong", "dong_kr": "남현동", "osm_id": 3878897, "conn_tier": "no-data"}}, {"type": "Feature", "geometry": {"type": "MultiPolygon", "coordinates": [[[[126.9702, 37.4614], [126.9742, 37.4642], [126.9741, 37.465], [126.973, 37.4656], [126.973, 37.467], [126.9717, 37.4678], [126.9711, 37.4693], [126.9711, 37.4722], [126.9717, 37.4731], [126.9709, 37.4741], [126.971, 37.4752], [126.9675, 37.4755], [126.9623, 37.4775], [126.9612, 37.4752], [126.9629, 37.4735], [126.962, 37.4726], [126.9635, 37.4716], [126.9629, 37.4696], [126.9648, 37.4675], [126.9642, 37.4659], [126.9648, 37.4643], [126.9702, 37.4614]]]]}, "properties": {"dong": "Inheon-dong", "dong_kr": "인헌동", "osm_id": 3878898, "conn_tier": "no-data"}}, {"type": "Feature", "geometry": {"type": "MultiPolygon", "coordinates": [[[[126.9242, 37.49], [126.9286, 37.4891], [126.9349, 37.4864], [126.9393, 37.4862], [126.9401, 37.4877], [126.9387, 37.4882], [126.9392, 37.4893], [126.939, 37.4923], [126.9372, 37.4919], [126.9346, 37.493], [126.9323, 37.4929], [126.9282, 37.495], [126.9274, 37.495], [126.9254, 37.4928], [126.9242, 37.49]]]]}, "properties": {"dong": "Boramae-dong", "dong_kr": "보라매동", "osm_id": 3878901, "conn_tier": "no-data"}}, {"type": "Feature", "geometry": {"type": "MultiPolygon", "coordinates": [[[[126.939, 37.5169], [126.9391, 37.5145], [126.9397, 37.5145], [126.9402, 37.5135], [126.9401, 37.5083], [126.9431, 37.5105], [126.9439, 37.5094], [126.9436, 37.5087], [126.943, 37.5088], [126.9431, 37.5075], [126.9421, 37.5067], [126.9409, 37.507], [126.9402, 37.5062], [126.9406, 37.5059], [126.9395, 37.5054], [126.9461, 37.5074], [126.9473, 37.5062], [126.948, 37.507], [126.9531, 37.509], [126.9538, 37.5077], [126.9547, 37.5076], [126.9555, 37.5086], [126.9553, 37.5094], [126.9577, 37.5101], [126.9581, 37.5112], [126.9601, 37.5117], [126.9617, 37.5142], [126.9489, 37.5197], [126.939, 37.5169]]]]}, "properties": {"dong": "Noryangjin 1(il)-dong", "dong_kr": "노량진1동", "osm_id": 3879474, "conn_tier": "very-high"}}, {"type": "Feature", "geometry": {"type": "MultiPolygon", "coordinates": [[[[126.9395, 37.5054], [126.9383, 37.5054], [126.9371, 37.5066], [126.9354, 37.5069], [126.9349, 37.5077], [126.9348, 37.5123], [126.9324, 37.5147], [126.9322, 37.5156], [126.939, 37.5169], [126.9391, 37.5145], [126.9397, 37.5145], [126.9402, 37.5135], [126.9401, 37.5083], [126.9431, 37.5105], [126.9439, 37.5094], [126.9436, 37.5087], [126.943, 37.5088], [126.9431, 37.5075], [126.9421, 37.5067], [126.9409, 37.507], [126.9402, 37.5062], [126.9406, 37.5059], [126.9395, 37.5054]]]]}, "properties": {"dong": "Noryangjin 2(i)-dong", "dong_kr": "노량진2동", "osm_id": 3879477, "conn_tier": "no-data"}}, {"type": "Feature", "geometry": {"type": "MultiPolygon", "coordinates": [[[[126.9322, 37.5156], [126.9324, 37.5147], [126.9348, 37.5123], [126.9349, 37.5077], [126.9354, 37.5069], [126.9346, 37.5056], [126.9328, 37.5061], [126.9327, 37.5039], [126.9303, 37.5034], [126.9292, 37.5044], [126.9284, 37.5039], [126.9286, 37.5012], [126.9301, 37.4996], [126.9285, 37.4988], [126.9262, 37.4991], [126.9221, 37.4978], [126.9202, 37.4985], [126.9203, 37.5], [126.9252, 37.5123], [126.9277, 37.5157], [126.9322, 37.5156]]]]}, "properties": {"dong": "Daebang-dong", "dong_kr": "대방동", "osm_id": 3879506, "conn_tier": "high"}}, {"type": "Feature", "geometry": {"type": "MultiPolygon", "coordinates": [[[[126.9817, 37.4765], [126.9767, 37.4766], [126.9709, 37.4754], [126.9699, 37.4765], [126.9747, 37.4804], [126.9756, 37.4815], [126.9757, 37.4833], [126.9822, 37.4854], [126.9817, 37.4765]]]]}, "properties": {"dong": "Sadang 1(il)-dong", "dong_kr": "사당1동", "osm_id": 3879507, "conn_tier": "high"}}, {"type": "Feature", "geometry": {"type": "MultiPolygon", "coordinates": [[[[126.9808, 37.5065], [126.9809, 37.5028], [126.9852, 37.4998], [126.9829, 37.4969], [126.9822, 37.4854], [126.9794, 37.4844], [126.979, 37.4849], [126.9801, 37.4872], [126.977, 37.4871], [126.9735, 37.4902], [126.9729, 37.4917], [126.9741, 37.4926], [126.976, 37.4922], [126.9744, 37.4932], [126.968, 37.4941], [126.965, 37.4933], [126.963, 37.4949], [126.9621, 37.4973], [126.9635, 37.4995], [126.9668, 37.502], [126.9668, 37.5028], [126.9718, 37.5046], [126.9733, 37.5071], [126.9808, 37.5065]]]]}, "properties": {"dong": "Sadang 2(i)-dong", "dong_kr": "사당2동", "osm_id": 3879508, "conn_tier": "very-high"}}, {"type": "Feature", "geometry": {"type": "MultiPolygon", "coordinates": [[[[126.9621, 37.494], [126.963, 37.4949], [126.965, 37.4933], [126.968, 37.4941], [126.9744, 37.4932], [126.976, 37.4922], [126.9741, 37.4926], [126.9729, 37.4917], [126.9735, 37.4902], [126.977, 37.4871], [126.9801, 37.4872], [126.979, 37.4849], [126.9795, 37.4847], [126.9743, 37.4832], [126.9697, 37.4852], [126.9663, 37.488], [126.9621, 37.494]]]]}, "properties": {"dong": "Sadang 3(sam)-dong", "dong_kr": "사당3동", "osm_id": 3879509, "conn_tier": "high"}}, {"type": "Feature", "geometry": {"type": "MultiPolygon", "coordinates": [[[[126.971, 37.4847], [126.9737, 37.4833], [126.9757, 37.4833], [126.9756, 37.4815], [126.9724, 37.4781], [126.9699, 37.4765], [126.9688, 37.4767], [126.9681, 37.4777], [126.9696, 37.4792], [126.9667, 37.4809], [126.9696, 37.482], [126.971, 37.4847]]]]}, "properties": {"dong": "Sadang 4(sa)-dong", "dong_kr": "사당4동", "osm_id": 3879510, "conn_tier": "no-data"}}, {"type": "Feature", "geometry": {"type": "MultiPolygon", "coordinates": [[[[126.9612, 37.4929], [126.9621, 37.494], [126.9663, 37.488], [126.971, 37.4847], [126.9696, 37.482], [126.9667, 37.4809], [126.9696, 37.4792], [126.9681, 37.4777], [126.9645, 37.4797], [126.9639, 37.481], [126.9611, 37.4835], [126.9621, 37.4854], [126.9617, 37.4888], [126.9604, 37.4901], [126.9613, 37.4915], [126.9612, 37.4929]]]]}, "properties": {"dong": "Sadang 5(o)-dong", "dong_kr": "사당5동", "osm_id": 3879511, "conn_tier": "no-data"}}, {"type": "Feature", "geometry": {"type": "MultiPolygon", "coordinates": [[[[126.9547, 37.5076], [126.9555, 37.5086], [126.9553, 37.5094], [126.9577, 37.5101], [126.9581, 37.5112], [126.9601, 37.5117], [126.9617, 37.5142], [126.9651, 37.5127], [126.9676, 37.5104], [126.9733, 37.5071], [126.9718, 37.5046], [126.9668, 37.5028], [126.9668, 37.502], [126.9635, 37.4995], [126.9621, 37.4973], [126.9566, 37.4988], [126.9565, 37.5006], [126.955, 37.5023], [126.9553, 37.5037], [126.9536, 37.5044], [126.9547, 37.5076]]]]}, "properties": {"dong": "Heukseok-dong", "dong_kr": "흑석동", "osm_id": 3879512, "conn_tier": "very-high"}}, {"type": "Feature", "geometry": {"type": "MultiPolygon", "coordinates": [[[[126.963, 37.4949], [126.9621, 37.4973], [126.9566, 37.4988], [126.9565, 37.5006], [126.955, 37.5023], [126.9553, 37.5037], [126.9536, 37.5044], [126.9547, 37.5076], [126.9538, 37.5077], [126.9531, 37.509], [126.9515, 37.5081], [126.9518, 37.5072], [126.9496, 37.505], [126.9456, 37.503], [126.9479, 37.5003], [126.9481, 37.4972], [126.947, 37.4945], [126.9474, 37.4939], [126.9489, 37.4938], [126.9539, 37.491], [126.9587, 37.4926], [126.959, 37.4938], [126.9611, 37.4934], [126.9612, 37.4929], [126.963, 37.4949]]]]}, "properties": {"dong": "Sangdo 1(il)-dong", "dong_kr": "상도1동", "osm_id": 3879531, "conn_tier": "mid"}}, {"type": "Feature", "geometry": {"type": "MultiPolygon", "coordinates": [[[[126.9515, 37.5081], [126.9518, 37.5072], [126.9496, 37.505], [126.9456, 37.503], [126.9478, 37.5005], [126.9478, 37.4994], [126.9447, 37.5001], [126.944, 37.4991], [126.9428, 37.4999], [126.9394, 37.5005], [126.9372, 37.5018], [126.9365, 37.5036], [126.9345, 37.5028], [126.9327, 37.5039], [126.9326, 37.5046], [126.9328, 37.5061], [126.9346, 37.5056], [126.9354, 37.5069], [126.9371, 37.5066], [126.9383, 37.5054], [126.9395, 37.5054], [126.9461, 37.5074], [126.9473, 37.5062], [126.948, 37.507], [126.9515, 37.5081]]]]}, "properties": {"dong": "Sangdo 2(i)-dong", "dong_kr": "상도2동", "osm_id": 3879532, "conn_tier": "low"}}, {"type": "Feature", "geometry": {"type": "MultiPolygon", "coordinates": [[[[126.9395, 37.4925], [126.9366, 37.4919], [126.9346, 37.493], [126.9323, 37.4929], [126.9298, 37.494], [126.9293, 37.4954], [126.9298, 37.4978], [126.9285, 37.4988], [126.9301, 37.4996], [126.9286, 37.5012], [126.9284, 37.5039], [126.9292, 37.5044], [126.9303, 37.5034], [126.9327, 37.5039], [126.9345, 37.5028], [126.9365, 37.5036], [126.9319, 37.5005], [126.9346, 37.4978], [126.9347, 37.4971], [126.9396, 37.4933], [126.9395, 37.4925]]]]}, "properties": {"dong": "Sangdo 3(sam)-dong", "dong_kr": "상도3동", "osm_id": 3879533, "conn_tier": "no-data"}}, {"type": "Feature", "geometry": {"type": "MultiPolygon", "coordinates": [[[[126.9478, 37.4994], [126.9481, 37.4972], [126.947, 37.4941], [126.9421, 37.4922], [126.9405, 37.4929], [126.9395, 37.4925], [126.9396, 37.4933], [126.9347, 37.4971], [126.9346, 37.4978], [126.9319, 37.5005], [126.9364, 37.5033], [126.9372, 37.5018], [126.9394, 37.5005], [126.9428, 37.4999], [126.944, 37.4991], [126.9447, 37.5001], [126.9478, 37.4994]]]]}, "properties": {"dong": "Sangdo 4(sa)-dong", "dong_kr": "상도4동", "osm_id": 3879534, "conn_tier": "no-data"}}, {"type": "Feature", "geometry": {"type": "MultiPolygon", "coordinates": [[[[126.9149, 37.4884], [126.9118, 37.4867], [126.9063, 37.4849], [126.9031, 37.485], [126.9128, 37.4964], [126.9143, 37.4966], [126.9148, 37.495], [126.9146, 37.4925], [126.9133, 37.4909], [126.9149, 37.4884]]]]}, "properties": {"dong": "Sindaebang 1(il)-dong", "dong_kr": "신대방1동", "osm_id": 3879537, "conn_tier": "no-data"}}, {"type": "Feature", "geometry": {"type": "MultiPolygon", "coordinates": [[[[126.9183, 37.4898], [126.9242, 37.49], [126.9254, 37.4928], [126.9274, 37.495], [126.9298, 37.494], [126.9293, 37.4954], [126.9298, 37.4978], [126.9285, 37.4988], [126.9267, 37.4992], [126.9221, 37.4978], [126.9202, 37.4985], [126.919, 37.4975], [126.9143, 37.4966], [126.9148, 37.4933], [126.9134, 37.4904], [126.9149, 37.4884], [126.9183, 37.4898]]]]}, "properties": {"dong": "Sindaebang 2(i)-dong", "dong_kr": "신대방2동", "osm_id": 3879538, "conn_tier": "no-data"}}, {"type": "Feature", "geometry": {"type": "MultiPolygon", "coordinates": [[[[126.8728, 37.4825], [126.8734, 37.4824], [126.878, 37.4738], [126.8816, 37.4694], [126.8816, 37.4685], [126.8861, 37.4643], [126.8898, 37.4659], [126.887, 37.472], [126.8938, 37.4722], [126.894, 37.4735], [126.8946, 37.4739], [126.8941, 37.4745], [126.8967, 37.4758], [126.8958, 37.4785], [126.8885, 37.4799], [126.8829, 37.4846], [126.8791, 37.4863], [126.8742, 37.4852], [126.8725, 37.4861], [126.8718, 37.4852], [126.8733, 37.4841], [126.8728, 37.4825]]]]}, "properties": {"dong": "Gasan-dong", "dong_kr": "가산동", "osm_id": 3879573, "conn_tier": "high"}}, {"type": "Feature", "geometry": {"type": "MultiPolygon", "coordinates": [[[[126.8829, 37.4643], [126.8849, 37.4625], [126.8871, 37.4629], [126.8889, 37.4609], [126.8861, 37.4609], [126.8853, 37.4596], [126.8863, 37.459], [126.8859, 37.4576], [126.8863, 37.4564], [126.8892, 37.4547], [126.8896, 37.4523], [126.8926, 37.4519], [126.8934, 37.4528], [126.8954, 37.4528], [126.8928, 37.458], [126.895, 37.4571], [126.8973, 37.4579], [126.8969, 37.4589], [126.8987, 37.4594], [126.8974, 37.4635], [126.8989, 37.4789], [126.8958, 37.4785], [126.8967, 37.4758], [126.8941, 37.4745], [126.8946, 37.4739], [126.894, 37.4735], [126.8938, 37.4722], [126.887, 37.472], [126.8898, 37.4659], [126.8861, 37.4643], [126.8848, 37.4659], [126.8829, 37.465], [126.8829, 37.4643]]]]}, "properties": {"dong": "Doksan 1(il)-dong", "dong_kr": "독산1동", "osm_id": 3879574, "conn_tier": "no-data"}}, {"type": "Feature", "geometry": {"type": "MultiPolygon", "coordinates": [[[[126.8987, 37.4594], [126.8974, 37.4632], [126.8977, 37.4665], [126.9018, 37.4665], [126.9068, 37.4674], [126.9124, 37.4662], [126.9114, 37.4653], [126.9095, 37.4655], [126.9081, 37.4643], [126.9052, 37.4636], [126.9049, 37.4627], [126.9041, 37.4627], [126.9044, 37.4623], [126.9026, 37.4622], [126.9018, 37.4594], [126.9006, 37.459], [126.9002, 37.4582], [126.8993, 37.4579], [126.8987, 37.4594]]]]}, "properties": {"dong": "Doksan 2(i)-dong", "dong_kr": "독산2동", "osm_id": 3879575, "conn_tier": "no-data"}}, {"type": "Feature", "geometry": {"type": "MultiPolygon", "coordinates": [[[[126.8989, 37.4789], [126.8982, 37.4714], [126.9029, 37.4707], [126.9032, 37.4724], [126.9074, 37.4719], [126.9111, 37.4738], [126.9119, 37.4778], [126.9105, 37.4784], [126.9095, 37.4781], [126.9087, 37.4791], [126.9089, 37.4801], [126.91, 37.4803], [126.9098, 37.4809], [126.8989, 37.4789]]]]}, "properties": {"dong": "Doksan 3(sam)-dong", "dong_kr": "독산3동", "osm_id": 3879576, "conn_tier": "no-data"}}, {"type": "Feature", "geometry": {"type": "MultiPolygon", "coordinates": [[[[126.9117, 37.4667], [126.9102, 37.4664], [126.9091, 37.4672], [126.9082, 37.4667], [126.9067, 37.4674], [126.9018, 37.4665], [126.8977, 37.4665], [126.8982, 37.4714], [126.9029, 37.4707], [126.9032, 37.4724], [126.9074, 37.4719], [126.9083, 37.4727], [126.9117, 37.4667]]]]}, "properties": {"dong": "Doksan 4(sa)-dong", "dong_kr": "독산4동", "osm_id": 3879577, "conn_tier": "no-data"}}, {"type": "Feature", "geometry": {"type": "MultiPolygon", "coordinates": [[[[126.894, 37.4527], [126.896, 37.448], [126.895, 37.4482], [126.8946, 37.4467], [126.8958, 37.4456], [126.8973, 37.4454], [126.8978, 37.4441], [126.9006, 37.4443], [126.901, 37.4454], [126.9021, 37.4456], [126.902, 37.4462], [126.9037, 37.4464], [126.903, 37.4485], [126.9057, 37.4498], [126.9062, 37.4537], [126.9044, 37.4623], [126.9026, 37.4622], [126.9018, 37.4594], [126.9006, 37.459], [126.9002, 37.4582], [126.8993, 37.4579], [126.8987, 37.4594], [126.8969, 37.4589], [126.8973, 37.4579], [126.895, 37.4571], [126.8928, 37.458], [126.8954, 37.4528], [126.894, 37.4527]]]]}, "properties": {"dong": "Siheung 1(il)-dong", "dong_kr": "시흥1동", "osm_id": 3879578, "conn_tier": "high"}}, {"type": "Feature", "geometry": {"type": "MultiPolygon", "coordinates": [[[[126.9222, 37.4566], [126.9232, 37.4543], [126.9248, 37.4528], [126.9259, 37.4527], [126.9273, 37.451], [126.9286, 37.4509], [126.9291, 37.4502], [126.9231, 37.4463], [126.9211, 37.4439], [126.9201, 37.4449], [126.9118, 37.4487], [126.9132, 37.4518], [126.9145, 37.4523], [126.9135, 37.4527], [126.9149, 37.4534], [126.9158, 37.4574], [126.9222, 37.4566]]]]}, "properties": {"dong": "Siheung 2(i)-dong", "dong_kr": "시흥2동", "osm_id": 3879579, "conn_tier": "no-data"}}, {"type": "Feature", "geometry": {"type": "MultiPolygon", "coordinates": [[[[126.8978, 37.4441], [126.8999, 37.4396], [126.8988, 37.4394], [126.899, 37.4387], [126.9028, 37.4359], [126.903, 37.4341], [126.9088, 37.4337], [126.9109, 37.4361], [126.9114, 37.4377], [126.9135, 37.4395], [126.9126, 37.4418], [126.9071, 37.4454], [126.907, 37.4469], [126.9046, 37.4465], [126.9042, 37.4476], [126.9034, 37.4474], [126.9037, 37.4464], [126.902, 37.4462], [126.9021, 37.4456], [126.901, 37.4454], [126.9006, 37.4443], [126.8978, 37.4441]]]]}, "properties": {"dong": "Siheung 3(sam)-dong", "dong_kr": "시흥3동", "osm_id": 3879580, "conn_tier": "no-data"}}, {"type": "Feature", "geometry": {"type": "MultiPolygon", "coordinates": [[[[126.9044, 37.4623], [126.9041, 37.4627], [126.9049, 37.4627], [126.9052, 37.4636], [126.9081, 37.4643], [126.9095, 37.4655], [126.9114, 37.4653], [126.9124, 37.4658], [126.9138, 37.4653], [126.9129, 37.4641], [126.9144, 37.4616], [126.9141, 37.4579], [126.9126, 37.4576], [126.9114, 37.4562], [126.9096, 37.4561], [126.9088, 37.4532], [126.9062, 37.4537], [126.9044, 37.4623]]]]}, "properties": {"dong": "Siheung 4(sa)-dong", "dong_kr": "시흥4동", "osm_id": 3879581, "conn_tier": "no-data"}}, {"type": "Feature", "geometry": {"type": "MultiPolygon", "coordinates": [[[[126.9141, 37.4579], [126.9126, 37.4576], [126.9114, 37.4562], [126.9096, 37.4561], [126.9088, 37.4532], [126.9062, 37.4537], [126.9057, 37.4498], [126.903, 37.4485], [126.9034, 37.4474], [126.9042, 37.4476], [126.9046, 37.4465], [126.907, 37.4469], [126.9071, 37.4454], [126.9126, 37.4418], [126.9135, 37.4395], [126.9149, 37.4402], [126.9186, 37.4403], [126.92, 37.4414], [126.9211, 37.4439], [126.9201, 37.4449], [126.9118, 37.4487], [126.9132, 37.4518], [126.9145, 37.4523], [126.9135, 37.4523], [126.9135, 37.4528], [126.9148, 37.4532], [126.9159, 37.4569], [126.9141, 37.4579]]]]}, "properties": {"dong": "Siheung 5(o)-dong", "dong_kr": "시흥5동", "osm_id": 3879582, "conn_tier": "no-data"}}, {"type": "Feature", "geometry": {"type": "MultiPolygon", "coordinates": [[[[126.9028, 37.5262], [126.8943, 37.5292], [126.8928, 37.5275], [126.8914, 37.5218], [126.8923, 37.5206], [126.9012, 37.519], [126.901, 37.5205], [126.9028, 37.5262]]]]}, "properties": {"dong": "Dangsan 1(il)-dong", "dong_kr": "당산1동", "osm_id": 3879657, "conn_tier": "high"}}, {"type": "Feature", "geometry": {"type": "MultiPolygon", "coordinates": [[[[126.8943, 37.5292], [126.9028, 37.5262], [126.9054, 37.5322], [126.907, 37.5328], [126.9064, 37.5284], [126.9071, 37.5258], [126.9109, 37.5271], [126.9093, 37.5323], [126.9048, 37.5414], [126.9018, 37.545], [126.9005, 37.5435], [126.9006, 37.5428], [126.8997, 37.5425], [126.8963, 37.5436], [126.8952, 37.5425], [126.893, 37.5428], [126.9005, 37.5379], [126.8943, 37.5292]]]]}, "properties": {"dong": "Dangsan 2(i)-dong", "dong_kr": "당산2동", "osm_id": 3879658, "conn_tier": "very-high"}}, {"type": "Feature", "geometry": {"type": "MultiPolygon", "coordinates": [[[[126.9, 37.4948], [126.9038, 37.4903], [126.9063, 37.4888], [126.9094, 37.4926], [126.9082, 37.4974], [126.9037, 37.4973], [126.9, 37.4948]]]]}, "properties": {"dong": "Daerim 1(il)-dong", "dong_kr": "대림1동", "osm_id": 3879659, "conn_tier": "no-data"}}, {"type": "Feature", "geometry": {"type": "MultiPolygon", "coordinates": [[[[126.9, 37.4948], [126.8955, 37.492], [126.8968, 37.4885], [126.898, 37.4872], [126.9004, 37.4857], [126.9031, 37.485], [126.9063, 37.4888], [126.9038, 37.4903], [126.9, 37.4948]]]]}, "properties": {"dong": "Daerim 2(i)-dong", "dong_kr": "대림2동", "osm_id": 3879660, "conn_tier": "no-data"}}, {"type": "Feature", "geometry": {"type": "MultiPolygon", "coordinates": [[[[126.893, 37.5085], [126.8925, 37.5088], [126.8935, 37.5069], [126.8933, 37.4993], [126.8955, 37.492], [126.9037, 37.4973], [126.9011, 37.4997], [126.902, 37.5013], [126.8948, 37.508], [126.893, 37.5085]]]]}, "properties": {"dong": "Daerim 3(sam)-dong", "dong_kr": "대림3동", "osm_id": 3879661, "conn_tier": "very-low"}}, {"type": "Feature", "geometry": {"type": "MultiPolygon", "coordinates": [[[[126.9104, 37.5106], [126.9101, 37.5124], [126.9064, 37.5121], [126.9038, 37.5096], [126.902, 37.5096], [126.9006, 37.5122], [126.8982, 37.5113], [126.8978, 37.512], [126.8929, 37.5099], [126.893, 37.5085], [126.8948, 37.508], [126.8995, 37.5039], [126.8983, 37.5054], [126.9104, 37.5106]]]]}, "properties": {"dong": "Dorim-dong", "dong_kr": "도림동", "osm_id": 3879662, "conn_tier": "no-data"}}, {"type": "Feature", "geometry": {"type": "MultiPolygon", "coordinates": [[[[126.879, 37.5225], [126.8794, 37.5205], [126.8783, 37.5194], [126.8784, 37.5182], [126.8817, 37.5165], [126.8823, 37.5154], [126.8893, 37.5123], [126.893, 37.5085], [126.8929, 37.5099], [126.9041, 37.5146], [126.9021, 37.5162], [126.9012, 37.519], [126.9003, 37.5194], [126.8853, 37.5217], [126.885, 37.5205], [126.8818, 37.5211], [126.8817, 37.5224], [126.879, 37.5225]]]]}, "properties": {"dong": "Mullae-dong", "dong_kr": "문래동", "osm_id": 3879663, "conn_tier": "very-high"}}, {"type": "Feature", "geometry": {"type": "MultiPolygon", "coordinates": [[[[126.9138, 37.5114], [126.917, 37.5122], [126.9188, 37.5142], [126.9174, 37.5155], [126.9168, 37.5177], [126.9178, 37.519], [126.926, 37.516], [126.9221, 37.5098], [126.9221, 37.5081], [126.9203, 37.5077], [126.9206, 37.5072], [126.9198, 37.5075], [126.92, 37.509], [126.9176, 37.5089], [126.9174, 37.5069], [126.916, 37.5059], [126.9154, 37.508], [126.9146, 37.5079], [126.9138, 37.5114]]]]}, "properties": {"dong": "Singil 1(il)-dong", "dong_kr": "신길1동", "osm_id": 3879664, "conn_tier": "very-high"}}, {"type": "Feature", "geometry": {"type": "MultiPolygon", "coordinates": [[[[126.8995, 37.5039], [126.8983, 37.5054], [126.9104, 37.5106], [126.9111, 37.506], [126.9102, 37.5038], [126.9073, 37.5044], [126.9038, 37.5031], [126.9031, 37.5042], [126.9003, 37.5028], [126.8995, 37.5039]]]]}, "properties": {"dong": "Singil 3(sam)-dong", "dong_kr": "신길3동", "osm_id": 3879665, "conn_tier": "no-data"}}, {"type": "Feature", "geometry": {"type": "MultiPolygon", "coordinates": [[[[126.9102, 37.5038], [126.9111, 37.506], [126.9104, 37.5106], [126.9138, 37.5114], [126.9146, 37.5079], [126.9157, 37.5076], [126.916, 37.5049], [126.9149, 37.5037], [126.9135, 37.504], [126.912, 37.5025], [126.9103, 37.5031], [126.9102, 37.5038]]]]}, "properties": {"dong": "Singil 4(sa)-dong", "dong_kr": "신길4동", "osm_id": 3879666, "conn_tier": "no-data"}}, {"type": "Feature", "geometry": {"type": "MultiPolygon", "coordinates": [[[[126.9003, 37.5028], [126.902, 37.5013], [126.9012, 37.4994], [126.9042, 37.4971], [126.9056, 37.4977], [126.9082, 37.4974], [126.9089, 37.5002], [126.9104, 37.5025], [126.9102, 37.5038], [126.9073, 37.5044], [126.9038, 37.5031], [126.9031, 37.5042], [126.9003, 37.5028]]]]}, "properties": {"dong": "Singil 5(o)-dong", "dong_kr": "신길5동", "osm_id": 3879667, "conn_tier": "no-data"}}, {"type": "Feature", "geometry": {"type": "MultiPolygon", "coordinates": [[[[126.9094, 37.4926], [126.9123, 37.4963], [126.9198, 37.4978], [126.9209, 37.5014], [126.9173, 37.5016], [126.9153, 37.5001], [126.9107, 37.5002], [126.9128, 37.5021], [126.9137, 37.5018], [126.9149, 37.5037], [126.9135, 37.504], [126.912, 37.5025], [126.9103, 37.5031], [126.9082, 37.4982], [126.9094, 37.4926]]]]}, "properties": {"dong": "Singil 6(yuk)-dong", "dong_kr": "신길6동", "osm_id": 3879668, "conn_tier": "very-low"}}, {"type": "Feature", "geometry": {"type": "MultiPolygon", "coordinates": [[[[126.926, 37.516], [126.9221, 37.5098], [126.9221, 37.5081], [126.9201, 37.5072], [126.92, 37.509], [126.9176, 37.5089], [126.9174, 37.5069], [126.916, 37.5059], [126.9158, 37.5044], [126.9137, 37.5018], [126.9128, 37.5021], [126.9107, 37.5002], [126.9153, 37.5001], [126.9173, 37.5016], [126.9209, 37.5014], [126.9252, 37.5123], [126.9277, 37.5157], [126.926, 37.516]]]]}, "properties": {"dong": "Singil 7(chil)-dong", "dong_kr": "신길7동", "osm_id": 3879669, "conn_tier": "no-data"}}, {"type": "Feature", "geometry": {"type": "MultiPolygon", "coordinates": [[[[126.8895, 37.53], [126.8872, 37.5302], [126.8842, 37.5287], [126.8832, 37.5273], [126.8808, 37.5276], [126.8809, 37.5259], [126.8786, 37.5251], [126.879, 37.5226], [126.8817, 37.5224], [126.8818, 37.5211], [126.885, 37.5205], [126.8853, 37.5217], [126.8923, 37.5206], [126.8914, 37.5218], [126.8928, 37.5275], [126.8943, 37.5292], [126.8898, 37.5305], [126.8895, 37.53]]]]}, "properties": {"dong": "Yangpyeong 1(il)-dong", "dong_kr": "양평1동", "osm_id": 3879670, "conn_tier": "mid"}}, {"type": "Feature", "geometry": {"type": "MultiPolygon", "coordinates": [[[[126.8843, 37.5439], [126.8851, 37.5433], [126.8869, 37.5388], [126.8901, 37.5344], [126.8886, 37.5321], [126.8907, 37.5317], [126.8898, 37.5305], [126.8943, 37.5292], [126.9005, 37.5379], [126.893, 37.5428], [126.8952, 37.5425], [126.8963, 37.5436], [126.8997, 37.5425], [126.9006, 37.5428], [126.9005, 37.5435], [126.9018, 37.545], [126.8989, 37.548], [126.8883, 37.5522], [126.8805, 37.5563], [126.8792, 37.5547], [126.8792, 37.553], [126.878, 37.553], [126.878, 37.5517], [126.8843, 37.5439]]]]}, "properties": {"dong": "Yangpyeong 2(i)-dong", "dong_kr": "양평2동", "osm_id": 3879671, "conn_tier": "high"}}, {"type": "Feature", "geometry": {"type": "MultiPolygon", "coordinates": [[[[126.9446, 37.5338], [126.9386, 37.5378], [126.9303, 37.5414], [126.9271, 37.539], [126.9231, 37.5405], [126.9224, 37.5414], [126.9048, 37.5414], [126.9093, 37.5323], [126.9111, 37.5267], [126.9158, 37.5202], [126.9188, 37.5183], [126.9256, 37.5161], [126.9287, 37.5155], [126.9337, 37.5158], [126.9489, 37.5197], [126.9499, 37.528], [126.9485, 37.5303], [126.9446, 37.5338]]]]}, "properties": {"dong": "Yeoui-dong", "dong_kr": "여의동", "osm_id": 3879672, "conn_tier": "very-high"}}, {"type": "Feature", "geometry": {"type": "MultiPolygon", "coordinates": [[[[126.9028, 37.5262], [126.901, 37.52], [126.9028, 37.5155], [126.9049, 37.5149], [126.9065, 37.5159], [126.9064, 37.5163], [126.9086, 37.5171], [126.9173, 37.5173], [126.9168, 37.5177], [126.9178, 37.519], [126.9158, 37.5202], [126.9109, 37.5271], [126.9071, 37.5258], [126.9064, 37.5284], [126.907, 37.5328], [126.9054, 37.5322], [126.9028, 37.5262]]]]}, "properties": {"dong": "Yeongdeungpo-dong", "dong_kr": "영등포동", "osm_id": 3879673, "conn_tier": "very-high"}}, {"type": "Feature", "geometry": {"type": "MultiPolygon", "coordinates": [[[[126.8863, 37.485], [126.8835, 37.4866], [126.8808, 37.4857], [126.8856, 37.4828], [126.889, 37.4797], [126.8961, 37.4787], [126.8942, 37.4802], [126.8921, 37.4807], [126.8909, 37.4831], [126.8915, 37.4837], [126.8863, 37.485]]]]}, "properties": {"dong": "Garibong dong", "dong_kr": "가리봉동", "osm_id": 3880463, "conn_tier": "no-data"}}, {"type": "Feature", "geometry": {"type": "MultiPolygon", "coordinates": [[[[126.8453, 37.5078], [126.8484, 37.503], [126.8528, 37.4995], [126.8546, 37.5026], [126.856, 37.5023], [126.8555, 37.4993], [126.8568, 37.4987], [126.8565, 37.4973], [126.8632, 37.4967], [126.8641, 37.4942], [126.8673, 37.4956], [126.8674, 37.4951], [126.864, 37.4937], [126.8609, 37.494], [126.85, 37.4961], [126.8488, 37.4977], [126.8465, 37.4977], [126.8439, 37.4998], [126.8409, 37.5002], [126.84, 37.4997], [126.8371, 37.5002], [126.8364, 37.5009], [126.8355, 37.5006], [126.8364, 37.5031], [126.8396, 37.5045], [126.8407, 37.506], [126.8424, 37.5055], [126.8447, 37.5057], [126.8444, 37.5065], [126.8453, 37.5078]]]]}, "properties": {"dong": "Gaebong 1(il)-dong", "dong_kr": "개봉1동", "osm_id": 3880464, "conn_tier": "high"}}, {"type": "Feature", "geometry": {"type": "MultiPolygon", "coordinates": [[[[126.8674, 37.4951], [126.8676, 37.4946], [126.8668, 37.4943], [126.8678, 37.4941], [126.8675, 37.4932], [126.8608, 37.4894], [126.8589, 37.4902], [126.8533, 37.4898], [126.8489, 37.4903], [126.8492, 37.4917], [126.8475, 37.4928], [126.8475, 37.4936], [126.8483, 37.4938], [126.8484, 37.4951], [126.8504, 37.4955], [126.85, 37.4961], [126.8629, 37.4937], [126.8674, 37.4951]]]]}, "properties": {"dong": "Gaebong 2(i)-dong", "dong_kr": "개봉2동", "osm_id": 3880465, "conn_tier": "no-data"}}, {"type": "Feature", "geometry": {"type": "MultiPolygon", "coordinates": [[[[126.8489, 37.4903], [126.8533, 37.4898], [126.8589, 37.4902], [126.8608, 37.4894], [126.8577, 37.4858], [126.855, 37.4851], [126.8537, 37.4826], [126.8525, 37.4818], [126.8468, 37.4818], [126.8478, 37.4844], [126.8459, 37.4847], [126.8458, 37.4856], [126.8449, 37.4863], [126.8451, 37.4871], [126.8466, 37.4876], [126.8489, 37.4903]]]]}, "properties": {"dong": "Gaebong 3(sam)-dong", "dong_kr": "개봉3동", "osm_id": 3880466, "conn_tier": "no-data"}}, {"type": "Feature", "geometry": {"type": "MultiPolygon", "coordinates": [[[[126.8719, 37.5041], [126.871, 37.5026], [126.8703, 37.5027], [126.868, 37.4975], [126.8682, 37.4955], [126.8674, 37.4951], [126.8673, 37.4956], [126.8641, 37.4942], [126.8632, 37.4967], [126.8565, 37.4973], [126.8568, 37.4987], [126.8555, 37.4993], [126.856, 37.5023], [126.8572, 37.5021], [126.8574, 37.5032], [126.8565, 37.5038], [126.8616, 37.5043], [126.8606, 37.506], [126.8618, 37.5068], [126.8629, 37.5066], [126.8635, 37.505], [126.8654, 37.5056], [126.869, 37.5049], [126.8703, 37.5058], [126.8719, 37.5041]]]]}, "properties": {"dong": "Gocheok 1(il)-dong", "dong_kr": "고척1동", "osm_id": 3880468, "conn_tier": "no-data"}}, {"type": "Feature", "geometry": {"type": "MultiPolygon", "coordinates": [[[[126.8583, 37.5099], [126.8556, 37.5092], [126.8529, 37.5107], [126.8501, 37.5101], [126.8487, 37.5089], [126.8473, 37.5095], [126.8453, 37.5078], [126.8484, 37.503], [126.8528, 37.4995], [126.8546, 37.5026], [126.8572, 37.5021], [126.8574, 37.5032], [126.8565, 37.5038], [126.8616, 37.5043], [126.8606, 37.506], [126.8626, 37.5068], [126.8641, 37.5083], [126.8603, 37.5066], [126.8583, 37.5099]]]]}, "properties": {"dong": "Gocheok 2(i)-dong", "dong_kr": "고척2동", "osm_id": 3880469, "conn_tier": "no-data"}}, {"type": "Feature", "geometry": {"type": "MultiPolygon", "coordinates": [[[[126.8676, 37.4946], [126.8683, 37.4952], [126.8701, 37.4936], [126.8694, 37.4929], [126.87, 37.4923], [126.8694, 37.4917], [126.8704, 37.4895], [126.8714, 37.4899], [126.8717, 37.4908], [126.8741, 37.4913], [126.8747, 37.4899], [126.8736, 37.4905], [126.8729, 37.49], [126.8724, 37.4893], [126.8728, 37.4884], [126.8758, 37.489], [126.8768, 37.4885], [126.8745, 37.4853], [126.8784, 37.4863], [126.8808, 37.4857], [126.8797, 37.4897], [126.8791, 37.4975], [126.8795, 37.5003], [126.8682, 37.4955], [126.8674, 37.4951], [126.8676, 37.4946]]]]}, "properties": {"dong": "Guro 1(il)-dong", "dong_kr": "구로1동", "osm_id": 3880470, "conn_tier": "no-data"}}, {"type": "Feature", "geometry": {"type": "MultiPolygon", "coordinates": [[[[126.8682, 37.4955], [126.868, 37.4975], [126.8703, 37.5027], [126.871, 37.5026], [126.8719, 37.5041], [126.8736, 37.5036], [126.8747, 37.5075], [126.8769, 37.5054], [126.8828, 37.5034], [126.8811, 37.5019], [126.8836, 37.4997], [126.886, 37.4986], [126.8905, 37.4932], [126.8889, 37.4929], [126.8892, 37.4918], [126.8877, 37.4909], [126.888, 37.4899], [126.8841, 37.4906], [126.8858, 37.4851], [126.8835, 37.4866], [126.8808, 37.4857], [126.8797, 37.4897], [126.8791, 37.4975], [126.8795, 37.5003], [126.8682, 37.4955]]]]}, "properties": {"dong": "Guro 2(i)-dong", "dong_kr": "구로2동", "osm_id": 3880471, "conn_tier": "very-high"}}, {"type": "Feature", "geometry": {"type": "MultiPolygon", "coordinates": [[[[126.8955, 37.492], [126.8968, 37.4885], [126.898, 37.4872], [126.9004, 37.4857], [126.9031, 37.485], [126.8998, 37.4809], [126.8989, 37.4789], [126.8958, 37.4785], [126.8961, 37.4789], [126.8942, 37.4802], [126.8921, 37.4807], [126.8909, 37.4831], [126.8915, 37.4837], [126.8863, 37.485], [126.8891, 37.488], [126.8955, 37.492]]]]}, "properties": {"dong": "Guro 3(sam)-dong", "dong_kr": "구로3동", "osm_id": 3880473, "conn_tier": "mid"}}, {"type": "Feature", "geometry": {"type": "MultiPolygon", "coordinates": [[[[126.886, 37.4851], [126.8841, 37.4906], [126.888, 37.4899], [126.8877, 37.4909], [126.8892, 37.4918], [126.8889, 37.4929], [126.8905, 37.4932], [126.8888, 37.4953], [126.8923, 37.4971], [126.8933, 37.4969], [126.8955, 37.492], [126.8891, 37.488], [126.8861, 37.4848], [126.886, 37.4851]]]]}, "properties": {"dong": "Guro 4(sa)-dong", "dong_kr": "구로4동", "osm_id": 3880474, "conn_tier": "no-data"}}, {"type": "Feature", "geometry": {"type": "MultiPolygon", "coordinates": [[[[126.8828, 37.5034], [126.8898, 37.5079], [126.8925, 37.5088], [126.8935, 37.5069], [126.893, 37.5021], [126.894, 37.4964], [126.8923, 37.4971], [126.8888, 37.4953], [126.886, 37.4986], [126.8836, 37.4997], [126.8811, 37.5019], [126.8828, 37.5034]]]]}, "properties": {"dong": "Guro 5(o)-dong", "dong_kr": "구로5동", "osm_id": 3880475, "conn_tier": "no-data"}}, {"type": "Feature", "geometry": {"type": "MultiPolygon", "coordinates": [[[[126.8378, 37.4932], [126.8504, 37.4955], [126.8488, 37.4977], [126.8465, 37.4977], [126.8439, 37.4998], [126.8409, 37.5002], [126.84, 37.4997], [126.8371, 37.5002], [126.8364, 37.5009], [126.8355, 37.5006], [126.834, 37.4987], [126.8367, 37.4963], [126.8378, 37.4932]]]]}, "properties": {"dong": "Oryu 1(il)-dong", "dong_kr": "오류1동", "osm_id": 3880476, "conn_tier": "no-data"}}, {"type": "Feature", "geometry": {"type": "MultiPolygon", "coordinates": [[[[126.8191, 37.4759], [126.8193, 37.4752], [126.8183, 37.4753], [126.8186, 37.4741], [126.8177, 37.4731], [126.8147, 37.4746], [126.815, 37.4759], [126.8164, 37.4775], [126.8183, 37.4782], [126.82, 37.4816], [126.819, 37.4857], [126.8222, 37.4867], [126.8235, 37.4878], [126.823, 37.4886], [126.8279, 37.4909], [126.8268, 37.4913], [126.8269, 37.4932], [126.84, 37.4933], [126.8484, 37.4951], [126.8483, 37.4938], [126.8475, 37.4936], [126.8475, 37.4928], [126.8492, 37.4917], [126.8489, 37.4903], [126.8466, 37.4876], [126.8451, 37.4871], [126.8449, 37.4863], [126.8458, 37.4856], [126.8459, 37.4847], [126.8478, 37.4844], [126.8475, 37.4826], [126.8468, 37.4823], [126.846, 37.4803], [126.8452, 37.4733], [126.845, 37.4743], [126.8432, 37.4748], [126.8383, 37.4754], [126.8347, 37.4744], [126.8349, 37.4758], [126.8339, 37.4768], [126.8313, 37.4776], [126.8278, 37.476], [126.8239, 37.4765], [126.8218, 37.4752], [126.8217, 37.4762], [126.8191, 37.4759]]]]}, "properties": {"dong": "Oryu 2(i)-dong", "dong_kr": "오류2동", "osm_id": 3880477, "conn_tier": "mid"}}, {"type": "Feature", "geometry": {"type": "MultiPolygon", "coordinates": [[[[126.8241, 37.5105], [126.8215, 37.51], [126.8226, 37.5056], [126.8218, 37.5045], [126.8216, 37.5021], [126.8198, 37.5011], [126.819, 37.499], [126.8163, 37.4977], [126.8143, 37.4983], [126.813, 37.4964], [126.8146, 37.4932], [126.8155, 37.4933], [126.8178, 37.4916], [126.8227, 37.49], [126.823, 37.4886], [126.8279, 37.4909], [126.8268, 37.4913], [126.8269, 37.4932], [126.8378, 37.4932], [126.8367, 37.4963], [126.834, 37.4987], [126.8361, 37.5016], [126.8364, 37.5031], [126.8352, 37.5029], [126.832, 37.5047], [126.8306, 37.5064], [126.831, 37.508], [126.8281, 37.5088], [126.827, 37.5085], [126.827, 37.5092], [126.8264, 37.5094], [126.8271, 37.5104], [126.8241, 37.5105]]]]}, "properties": {"dong": "Sugung-dong", "dong_kr": "수궁동", "osm_id": 3880479, "conn_tier": "high"}}, {"type": "Feature", "geometry": {"type": "MultiPolygon", "coordinates": [[[[126.8777, 37.5144], [126.8779, 37.5133], [126.8766, 37.5137], [126.8761, 37.5124], [126.8752, 37.5124], [126.8739, 37.5112], [126.8747, 37.5108], [126.8752, 37.5118], [126.8768, 37.5108], [126.8755, 37.5111], [126.8756, 37.5097], [126.8741, 37.5094], [126.8738, 37.5088], [126.8769, 37.5054], [126.8821, 37.5033], [126.8912, 37.5086], [126.8925, 37.5088], [126.89, 37.5118], [126.8823, 37.5154], [126.8817, 37.5165], [126.8795, 37.5178], [126.8785, 37.5175], [126.879, 37.5169], [126.8786, 37.5164], [126.8773, 37.516], [126.8777, 37.5144]]]]}, "properties": {"dong": "Sindorim-dong", "dong_kr": "신도림동", "osm_id": 3880480, "conn_tier": "very-high"}}, {"type": "Feature", "geometry": {"type": "MultiPolygon", "coordinates": [[[[126.8657, 37.5226], [126.8684, 37.524], [126.8701, 37.5232], [126.879, 37.5225], [126.8786, 37.5251], [126.8809, 37.5259], [126.8807, 37.5276], [126.8833, 37.5273], [126.8842, 37.5287], [126.8872, 37.5302], [126.8895, 37.53], [126.8898, 37.5305], [126.8813, 37.5319], [126.864, 37.5298], [126.8643, 37.5261], [126.8657, 37.5226]]]]}, "properties": {"dong": "Mok 1(il)-dong", "dong_kr": "목1동", "osm_id": 3880488, "conn_tier": "low"}}, {"type": "Feature", "geometry": {"type": "MultiPolygon", "coordinates": [[[[126.8808, 37.5481], [126.878, 37.5471], [126.8744, 37.5469], [126.8708, 37.5477], [126.8701, 37.547], [126.8686, 37.5476], [126.8678, 37.5457], [126.8668, 37.5456], [126.8672, 37.5451], [126.8664, 37.5447], [126.8662, 37.5438], [126.8681, 37.5424], [126.8677, 37.5409], [126.8682, 37.5399], [126.8725, 37.5376], [126.8759, 37.541], [126.8808, 37.5425], [126.8821, 37.5439], [126.8843, 37.5439], [126.8808, 37.5481]]]]}, "properties": {"dong": "Mok 2(i)-dong", "dong_kr": "목2동", "osm_id": 3880489, "conn_tier": "high"}}, {"type": "Feature", "geometry": {"type": "MultiPolygon", "coordinates": [[[[126.8645, 37.5512], [126.8708, 37.5477], [126.8701, 37.547], [126.8686, 37.5476], [126.8678, 37.5457], [126.8668, 37.5456], [126.8672, 37.5451], [126.8662, 37.5443], [126.8681, 37.5424], [126.8677, 37.5409], [126.8685, 37.5398], [126.8637, 37.5393], [126.8637, 37.5409], [126.8621, 37.5445], [126.8645, 37.5512]]]]}, "properties": {"dong": "Mok 3(sam)-dong", "dong_kr": "목3동", "osm_id": 3880490, "conn_tier": "no-data"}}, {"type": "Feature", "geometry": {"type": "MultiPolygon", "coordinates": [[[[126.8635, 37.5356], [126.8637, 37.5393], [126.8688, 37.5397], [126.8725, 37.5376], [126.8701, 37.5355], [126.8698, 37.5334], [126.8679, 37.5318], [126.8672, 37.5301], [126.864, 37.5298], [126.8635, 37.5356]]]]}, "properties": {"dong": "Mok 4(sa)-dong", "dong_kr": "목4동", "osm_id": 3880491, "conn_tier": "no-data"}}, {"type": "Feature", "geometry": {"type": "MultiPolygon", "coordinates": [[[[126.8898, 37.5305], [126.8813, 37.5319], [126.8672, 37.5301], [126.8679, 37.5318], [126.8698, 37.5334], [126.8701, 37.5355], [126.8759, 37.541], [126.8808, 37.5425], [126.8821, 37.5439], [126.8851, 37.5433], [126.8865, 37.5394], [126.8901, 37.5344], [126.8898, 37.5334], [126.8885, 37.5326], [126.8888, 37.532], [126.8907, 37.5317], [126.8898, 37.5305]]]]}, "properties": {"dong": "Mok 5(o)-dong", "dong_kr": "목5동", "osm_id": 3880492, "conn_tier": "no-data"}}, {"type": "Feature", "geometry": {"type": "MultiPolygon", "coordinates": [[[[126.8405, 37.5265], [126.8349, 37.5256], [126.8282, 37.5359], [126.8344, 37.5365], [126.8405, 37.5265]]]]}, "properties": {"dong": "Sinwol 1(il)-dong", "dong_kr": "신월1동", "osm_id": 3880494, "conn_tier": "no-data"}}, {"type": "Feature", "geometry": {"type": "MultiPolygon", "coordinates": [[[[126.8244, 37.5414], [126.8349, 37.5256], [126.826, 37.5241], [126.8288, 37.5265], [126.8279, 37.528], [126.8282, 37.529], [126.8253, 37.53], [126.8234, 37.5326], [126.8236, 37.5338], [126.8227, 37.5338], [126.8219, 37.5349], [126.8224, 37.5365], [126.8216, 37.5397], [126.8221, 37.5407], [126.8244, 37.5414]]]]}, "properties": {"dong": "Sinwol 3(sam)-dong", "dong_kr": "신월3동", "osm_id": 3880496, "conn_tier": "no-data"}}, {"type": "Feature", "geometry": {"type": "MultiPolygon", "coordinates": [[[[126.8405, 37.5265], [126.8349, 37.5256], [126.8394, 37.5171], [126.8413, 37.5177], [126.8444, 37.5201], [126.8405, 37.5265]]]]}, "properties": {"dong": "Sinwol 4(sa)-dong", "dong_kr": "신월4동", "osm_id": 3880497, "conn_tier": "no-data"}}, {"type": "Feature", "geometry": {"type": "MultiPolygon", "coordinates": [[[[126.8337, 37.5398], [126.8331, 37.5418], [126.83, 37.5417], [126.8297, 37.5441], [126.8305, 37.5458], [126.8298, 37.5477], [126.8276, 37.5477], [126.8257, 37.5443], [126.8261, 37.543], [126.8254, 37.5417], [126.8244, 37.5414], [126.8282, 37.5359], [126.8351, 37.5367], [126.8337, 37.5398]]]]}, "properties": {"dong": "Sinwol 5(o)-dong", "dong_kr": "신월5동", "osm_id": 3880498, "conn_tier": "no-data"}}, {"type": "Feature", "geometry": {"type": "MultiPolygon", "coordinates": [[[[126.8485, 37.5171], [126.8456, 37.518], [126.8444, 37.5201], [126.8413, 37.5177], [126.8351, 37.5156], [126.8352, 37.5149], [126.8377, 37.5136], [126.8399, 37.5142], [126.8415, 37.5129], [126.847, 37.515], [126.8469, 37.5158], [126.8486, 37.516], [126.8485, 37.5171]]]]}, "properties": {"dong": "Sinwol 6(yuk)-dong", "dong_kr": "신월6동", "osm_id": 3880499, "conn_tier": "no-data"}}, {"type": "Feature", "geometry": {"type": "MultiPolygon", "coordinates": [[[[126.8241, 37.5105], [126.8243, 37.5145], [126.8234, 37.515], [126.8231, 37.5162], [126.8256, 37.5201], [126.8252, 37.5231], [126.826, 37.5241], [126.8349, 37.5256], [126.8394, 37.5171], [126.8337, 37.5152], [126.8332, 37.5161], [126.8312, 37.5145], [126.8323, 37.516], [126.832, 37.5167], [126.8302, 37.5177], [126.829, 37.5175], [126.8271, 37.5162], [126.8268, 37.5152], [126.8252, 37.5148], [126.826, 37.5132], [126.8279, 37.5122], [126.827, 37.5115], [126.827, 37.5104], [126.8241, 37.5105]]]]}, "properties": {"dong": "Sinwol 7(chil)-dong", "dong_kr": "신월7동", "osm_id": 3880500, "conn_tier": "high"}}, {"type": "Feature", "geometry": {"type": "MultiPolygon", "coordinates": [[[[126.8626, 37.5169], [126.8589, 37.5156], [126.8589, 37.5148], [126.8558, 37.5137], [126.8525, 37.5211], [126.8657, 37.5226], [126.8675, 37.5186], [126.8626, 37.5169]]]]}, "properties": {"dong": "Sinjeong 1(il)-dong", "dong_kr": "신정1동", "osm_id": 3880502, "conn_tier": "high"}}, {"type": "Feature", "geometry": {"type": "MultiPolygon", "coordinates": [[[[126.8777, 37.5144], [126.8762, 37.5146], [126.8754, 37.5155], [126.8759, 37.5165], [126.8753, 37.5171], [126.8745, 37.5166], [126.8737, 37.5173], [126.8717, 37.516], [126.87, 37.5186], [126.8711, 37.5231], [126.879, 37.5225], [126.8794, 37.5204], [126.8782, 37.5188], [126.8796, 37.5176], [126.8786, 37.5175], [126.879, 37.5169], [126.8774, 37.5161], [126.8777, 37.5144]]]]}, "properties": {"dong": "Sinjeong 2(i)-dong", "dong_kr": "신정2동", "osm_id": 3880503, "conn_tier": "no-data"}}, {"type": "Feature", "geometry": {"type": "MultiPolygon", "coordinates": [[[[126.827, 37.5104], [126.827, 37.5115], [126.8279, 37.5122], [126.826, 37.5132], [126.8252, 37.5148], [126.8268, 37.5152], [126.8271, 37.5162], [126.8292, 37.5176], [126.832, 37.5167], [126.8323, 37.516], [126.8312, 37.5145], [126.8332, 37.5161], [126.8337, 37.5152], [126.8351, 37.5156], [126.8352, 37.5149], [126.8377, 37.5136], [126.8399, 37.5142], [126.8415, 37.5129], [126.847, 37.515], [126.8469, 37.5158], [126.8486, 37.516], [126.8487, 37.5207], [126.8468, 37.5221], [126.848, 37.5225], [126.8506, 37.5223], [126.8525, 37.5211], [126.8558, 37.5137], [126.8583, 37.5099], [126.8556, 37.5092], [126.8529, 37.5107], [126.8501, 37.5101], [126.8487, 37.5089], [126.8473, 37.5095], [126.8449, 37.5073], [126.8447, 37.5057], [126.8424, 37.5055], [126.8407, 37.506], [126.8396, 37.5045], [126.8385, 37.5044], [126.8375, 37.5033], [126.8352, 37.5029], [126.832, 37.5047], [126.8306, 37.5064], [126.831, 37.508], [126.8281, 37.5088], [126.827, 37.5085], [126.827, 37.5092], [126.8264, 37.5094], [126.827, 37.5104]]]]}, "properties": {"dong": "Sinjeong 3(sam)-dong", "dong_kr": "신정3동", "osm_id": 3880504, "conn_tier": "no-data"}}, {"type": "Feature", "geometry": {"type": "MultiPolygon", "coordinates": [[[[126.864, 37.5298], [126.8489, 37.5279], [126.8525, 37.5211], [126.8657, 37.5226], [126.8643, 37.5261], [126.864, 37.5298]]]]}, "properties": {"dong": "Sinjeong 4(sa)-dong", "dong_kr": "신정4동", "osm_id": 3880505, "conn_tier": "low"}}, {"type": "Feature", "geometry": {"type": "MultiPolygon", "coordinates": [[[[126.8657, 37.5226], [126.8675, 37.5186], [126.8626, 37.5169], [126.8634, 37.5153], [126.8624, 37.515], [126.864, 37.5121], [126.8697, 37.5141], [126.8711, 37.5111], [126.8748, 37.5075], [126.8739, 37.5092], [126.8755, 37.5095], [126.8755, 37.5111], [126.8768, 37.5108], [126.8752, 37.5118], [126.8747, 37.5108], [126.8739, 37.5112], [126.8752, 37.5124], [126.8761, 37.5124], [126.8766, 37.5137], [126.8779, 37.5133], [126.8777, 37.5144], [126.8762, 37.5146], [126.8754, 37.5155], [126.8759, 37.5165], [126.8753, 37.5171], [126.8745, 37.5166], [126.8737, 37.5173], [126.8717, 37.516], [126.87, 37.5186], [126.8711, 37.5231], [126.8684, 37.524], [126.8657, 37.5226]]]]}, "properties": {"dong": "Sinwol 6(yuk)-dong", "dong_kr": "신정6동", "osm_id": 3880506, "conn_tier": "no-data"}}, {"type": "Feature", "geometry": {"type": "MultiPolygon", "coordinates": [[[[126.8747, 37.5067], [126.8736, 37.5036], [126.8719, 37.5041], [126.8703, 37.5058], [126.869, 37.5049], [126.8654, 37.5056], [126.8635, 37.505], [126.8626, 37.5068], [126.8641, 37.5083], [126.8603, 37.5066], [126.8558, 37.5137], [126.8589, 37.5148], [126.8589, 37.5156], [126.8626, 37.5169], [126.8634, 37.5153], [126.8624, 37.515], [126.864, 37.5121], [126.8697, 37.5141], [126.8711, 37.5111], [126.8747, 37.5075], [126.8742, 37.5072], [126.8747, 37.5067]]]]}, "properties": {"dong": "Sinwol 7(chil)-dong", "dong_kr": "신정7동", "osm_id": 3880507, "conn_tier": "high"}}, {"type": "Feature", "geometry": {"type": "MultiPolygon", "coordinates": [[[[126.8405, 37.5265], [126.8456, 37.518], [126.8485, 37.5171], [126.8487, 37.5207], [126.8468, 37.5221], [126.8472, 37.5223], [126.8505, 37.5223], [126.8525, 37.5211], [126.8489, 37.5279], [126.8405, 37.5265]]]]}, "properties": {"dong": "Sinwol 2(i)-dong", "dong_kr": "신월2동", "osm_id": 3880508, "conn_tier": "no-data"}}, {"type": "Feature", "geometry": {"type": "MultiPolygon", "coordinates": [[[[126.7765, 37.5643], [126.777, 37.5636], [126.7765, 37.5623], [126.7774, 37.5622], [126.7778, 37.5598], [126.7756, 37.5619], [126.7746, 37.5613], [126.7741, 37.5596], [126.7736, 37.56], [126.7718, 37.5586], [126.7731, 37.5574], [126.7723, 37.5569], [126.7698, 37.5572], [126.7673, 37.5566], [126.7664, 37.557], [126.7668, 37.5563], [126.7645, 37.5551], [126.7661, 37.5549], [126.7664, 37.5538], [126.7676, 37.5542], [126.7675, 37.552], [126.7703, 37.5511], [126.7699, 37.5503], [126.7715, 37.5484], [126.7753, 37.549], [126.7768, 37.5482], [126.7776, 37.5467], [126.7873, 37.5461], [126.7894, 37.5444], [126.7917, 37.5437], [126.7918, 37.5418], [126.7951, 37.5413], [126.7932, 37.5396], [126.7939, 37.5395], [126.7945, 37.5357], [126.7994, 37.5377], [126.7988, 37.5402], [126.8007, 37.5407], [126.8006, 37.5415], [126.7997, 37.5414], [126.8022, 37.5427], [126.8072, 37.5435], [126.8123, 37.5408], [126.8136, 37.5428], [126.8134, 37.5434], [126.8147, 37.5437], [126.8153, 37.5447], [126.8138, 37.5472], [126.8136, 37.5503], [126.8229, 37.5572], [126.8238, 37.5599], [126.827, 37.5596], [126.8273, 37.5619], [126.8166, 37.563], [126.8167, 37.5644], [126.813, 37.5644], [126.8108, 37.564], [126.8074, 37.5615], [126.8018, 37.5609], [126.8016, 37.5619], [126.7991, 37.5629], [126.7986, 37.5639], [126.7975, 37.5645], [126.799, 37.5685], [126.7875, 37.5755], [126.7822, 37.5735], [126.7813, 37.5715], [126.7825, 37.5705], [126.7804, 37.5705], [126.7816, 37.5691], [126.7801, 37.5675], [126.7791, 37.5683], [126.7789, 37.5672], [126.7765, 37.5661], [126.7763, 37.567], [126.7753, 37.5673], [126.7754, 37.5682], [126.7747, 37.5676], [126.7753, 37.5653], [126.7765, 37.5643]]]]}, "properties": {"dong": "Gonghang-dong", "dong_kr": "공항동", "osm_id": 3880524, "conn_tier": "low"}}, {"type": "Feature", "geometry": {"type": "MultiPolygon", "coordinates": [[[[126.8224, 37.5568], [126.8136, 37.5503], [126.8138, 37.5472], [126.8153, 37.5447], [126.8147, 37.5437], [126.8134, 37.5434], [126.8136, 37.5428], [126.8123, 37.5408], [126.8223, 37.5407], [126.8254, 37.5417], [126.8261, 37.543], [126.8257, 37.5443], [126.8276, 37.5477], [126.833, 37.5474], [126.8333, 37.548], [126.8363, 37.548], [126.8364, 37.5527], [126.8382, 37.5585], [126.8238, 37.5599], [126.8234, 37.5578], [126.8224, 37.5568]]]]}, "properties": {"dong": "Balsan 1(il)-dong", "dong_kr": "발산1동", "osm_id": 3880525, "conn_tier": "low"}}, {"type": "Feature", "geometry": {"type": "MultiPolygon", "coordinates": [[[[126.8229, 37.5676], [126.8229, 37.567], [126.8277, 37.5666], [126.8273, 37.5619], [126.8166, 37.563], [126.8163, 37.5645], [126.8108, 37.564], [126.8123, 37.5657], [126.8128, 37.5678], [126.8129, 37.5702], [126.8113, 37.5735], [126.8037, 37.5726], [126.8029, 37.5744], [126.8037, 37.574], [126.8074, 37.5745], [126.8077, 37.5753], [126.8167, 37.575], [126.8167, 37.5734], [126.8219, 37.5733], [126.8229, 37.5676]]]]}, "properties": {"dong": "Banghwa 1(il)-dong", "dong_kr": "방화1동", "osm_id": 3880526, "conn_tier": "low"}}, {"type": "Feature", "geometry": {"type": "MultiPolygon", "coordinates": [[[[126.8037, 37.574], [126.8074, 37.5745], [126.8077, 37.5753], [126.8167, 37.575], [126.8167, 37.5734], [126.8219, 37.5733], [126.8206, 37.5753], [126.8211, 37.5769], [126.8285, 37.5837], [126.832, 37.5857], [126.8278, 37.5875], [126.8187, 37.5937], [126.8143, 37.5873], [126.8152, 37.5868], [126.8153, 37.586], [126.8139, 37.5825], [126.8128, 37.5838], [126.8118, 37.583], [126.8094, 37.5836], [126.8063, 37.582], [126.8055, 37.5795], [126.8061, 37.5795], [126.8057, 37.5778], [126.8048, 37.5771], [126.8037, 37.574]]]]}, "properties": {"dong": "Banghwa 3(sam)-dong", "dong_kr": "방화3동", "osm_id": 3880527, "conn_tier": "low"}}, {"type": "Feature", "geometry": {"type": "MultiPolygon", "coordinates": [[[[126.7936, 37.5816], [126.7927, 37.5802], [126.7931, 37.5769], [126.7925, 37.5768], [126.7923, 37.5794], [126.7912, 37.5813], [126.7906, 37.5805], [126.7905, 37.5777], [126.7892, 37.5776], [126.7884, 37.5767], [126.7891, 37.5755], [126.7879, 37.5761], [126.7875, 37.5755], [126.799, 37.5685], [126.7975, 37.5645], [126.7986, 37.5639], [126.7991, 37.5629], [126.8016, 37.5619], [126.8018, 37.5609], [126.8074, 37.5615], [126.8123, 37.5657], [126.8129, 37.5702], [126.8113, 37.5735], [126.8037, 37.5726], [126.8029, 37.5744], [126.8037, 37.574], [126.8048, 37.5771], [126.8057, 37.5778], [126.8061, 37.5795], [126.8055, 37.5795], [126.8063, 37.582], [126.8094, 37.5836], [126.8118, 37.583], [126.8128, 37.5838], [126.8139, 37.5825], [126.8153, 37.586], [126.8152, 37.5868], [126.8143, 37.5873], [126.8187, 37.5937], [126.8175, 37.5954], [126.8026, 37.605], [126.8, 37.6025], [126.8001, 37.6014], [126.798, 37.6002], [126.797, 37.5977], [126.7973, 37.595], [126.8002, 37.5924], [126.7989, 37.5923], [126.7987, 37.5913], [126.801, 37.5893], [126.8008, 37.5881], [126.8003, 37.5877], [126.7987, 37.5881], [126.7971, 37.5853], [126.7961, 37.5848], [126.797, 37.5842], [126.7955, 37.583], [126.7954, 37.5851], [126.7948, 37.5851], [126.7946, 37.5825], [126.7944, 37.5835], [126.7933, 37.5844], [126.7936, 37.5816]]]]}, "properties": {"dong": "Banghwa 2(i)-dong", "dong_kr": "방화2동", "osm_id": 3880528, "conn_tier": "low"}}, {"type": "Feature", "geometry": {"type": "MultiPolygon", "coordinates": [[[[126.8488, 37.5643], [126.8508, 37.5673], [126.8482, 37.5692], [126.8511, 37.5737], [126.832, 37.5857], [126.8285, 37.5837], [126.8211, 37.5769], [126.8206, 37.5753], [126.8209, 37.574], [126.8222, 37.5728], [126.8229, 37.567], [126.8277, 37.5666], [126.827, 37.5596], [126.8382, 37.5585], [126.841, 37.5683], [126.8428, 37.5662], [126.8488, 37.5643]]]]}, "properties": {"dong": "Gayang 1(il)-dong", "dong_kr": "가양1동", "osm_id": 3880535, "conn_tier": "mid"}}, {"type": "Feature", "geometry": {"type": "MultiPolygon", "coordinates": [[[[126.8551, 37.561], [126.8596, 37.5672], [126.8549, 37.5702], [126.8511, 37.5737], [126.8482, 37.5692], [126.8508, 37.5673], [126.8488, 37.5643], [126.8551, 37.561]]]]}, "properties": {"dong": "Gayang 2(i)-dong", "dong_kr": "가양2동", "osm_id": 3880536, "conn_tier": "high"}}, {"type": "Feature", "geometry": {"type": "MultiPolygon", "coordinates": [[[[126.8634, 37.5566], [126.8645, 37.5582], [126.8676, 37.5601], [126.8615, 37.5633], [126.8637, 37.5645], [126.8596, 37.5672], [126.8551, 37.561], [126.8634, 37.5566]]]]}, "properties": {"dong": "Gayang 3(sam)-dong", "dong_kr": "가양3동", "osm_id": 3880537, "conn_tier": "mid"}}, {"type": "Feature", "geometry": {"type": "MultiPolygon", "coordinates": [[[[126.8805, 37.5563], [126.8637, 37.5645], [126.8615, 37.5633], [126.8676, 37.5601], [126.8633, 37.5568], [126.8672, 37.5541], [126.865, 37.551], [126.8714, 37.5474], [126.878, 37.5471], [126.8808, 37.5481], [126.878, 37.5517], [126.878, 37.553], [126.8792, 37.553], [126.8792, 37.5547], [126.8805, 37.5563]]]]}, "properties": {"dong": "Yeomchang-dong", "dong_kr": "염창동", "osm_id": 3880538, "conn_tier": "no-data"}}, {"type": "Feature", "geometry": {"type": "MultiPolygon", "coordinates": [[[[126.865, 37.551], [126.8672, 37.5541], [126.8551, 37.561], [126.8523, 37.5559], [126.865, 37.551]]]]}, "properties": {"dong": "Deungchon 1(il)-dong", "dong_kr": "등촌1동", "osm_id": 3880541, "conn_tier": "high"}}, {"type": "Feature", "geometry": {"type": "MultiPolygon", "coordinates": [[[[126.8548, 37.5452], [126.8545, 37.5436], [126.8552, 37.5429], [126.8604, 37.5414], [126.8609, 37.5371], [126.8618, 37.5363], [126.8618, 37.5355], [126.8635, 37.5356], [126.8638, 37.5407], [126.8621, 37.5445], [126.8645, 37.5512], [126.8576, 37.5538], [126.8571, 37.5531], [126.8574, 37.5515], [126.858, 37.5514], [126.8548, 37.5452]]]]}, "properties": {"dong": "Deungchon 2(i)-dong", "dong_kr": "등촌2동", "osm_id": 3880542, "conn_tier": "no-data"}}, {"type": "Feature", "geometry": {"type": "MultiPolygon", "coordinates": [[[[126.8453, 37.5578], [126.8382, 37.5585], [126.841, 37.5683], [126.8428, 37.5662], [126.8463, 37.5647], [126.8474, 37.5649], [126.8551, 37.561], [126.8523, 37.5559], [126.8453, 37.5578]]]]}, "properties": {"dong": "Deungchon 3(sam)-dong", "dong_kr": "등촌3동", "osm_id": 3880549, "conn_tier": "no-data"}}, {"type": "Feature", "geometry": {"type": "MultiPolygon", "coordinates": [[[[126.8444, 37.553], [126.8457, 37.5543], [126.8457, 37.5576], [126.8382, 37.5585], [126.8364, 37.5527], [126.8364, 37.5463], [126.8404, 37.5417], [126.8425, 37.5428], [126.8471, 37.5489], [126.8458, 37.5501], [126.8466, 37.551], [126.8445, 37.552], [126.8444, 37.553]]]]}, "properties": {"dong": "Ujangsan-dong", "dong_kr": "우장산동", "osm_id": 3880550, "conn_tier": "no-data"}}, {"type": "Feature", "geometry": {"type": "MultiPolygon", "coordinates": [[[[126.8337, 37.5398], [126.8404, 37.5417], [126.8489, 37.5279], [126.8405, 37.5265], [126.8344, 37.5365], [126.8351, 37.5367], [126.8352, 37.5375], [126.8337, 37.5398]]]]}, "properties": {"dong": "Hwagok 1(il)-dong", "dong_kr": "화곡1동", "osm_id": 3880551, "conn_tier": "no-data"}}, {"type": "Feature", "geometry": {"type": "MultiPolygon", "coordinates": [[[[126.8585, 37.5291], [126.8576, 37.5334], [126.8539, 37.5371], [126.8533, 37.5368], [126.8532, 37.5402], [126.8519, 37.5395], [126.8517, 37.5385], [126.8523, 37.5379], [126.851, 37.5355], [126.8519, 37.5283], [126.8585, 37.5291]]]]}, "properties": {"dong": "Hwagok 2(i)-dong", "dong_kr": "화곡2동", "osm_id": 3880552, "conn_tier": "no-data"}}, {"type": "Feature", "geometry": {"type": "MultiPolygon", "coordinates": [[[[126.8337, 37.5398], [126.8404, 37.5417], [126.8366, 37.5457], [126.8363, 37.548], [126.8333, 37.548], [126.833, 37.5474], [126.8298, 37.5477], [126.8305, 37.5458], [126.8297, 37.5441], [126.83, 37.5417], [126.8331, 37.5418], [126.8337, 37.5398]]]]}, "properties": {"dong": "Hwagok 3(sam)-dong", "dong_kr": "화곡3동", "osm_id": 3880553, "conn_tier": "low"}}, {"type": "Feature", "geometry": {"type": "MultiPolygon", "coordinates": [[[[126.864, 37.5298], [126.8585, 37.5291], [126.8576, 37.5334], [126.8539, 37.5371], [126.8533, 37.5368], [126.8532, 37.5402], [126.8542, 37.5405], [126.856, 37.5425], [126.8604, 37.5414], [126.8609, 37.5371], [126.8618, 37.5363], [126.8618, 37.5355], [126.8635, 37.5356], [126.864, 37.5298]]]]}, "properties": {"dong": "Hwagok 4(sa)-dong", "dong_kr": "화곡4동", "osm_id": 3880554, "conn_tier": "no-data"}}, {"type": "Feature", "geometry": {"type": "MultiPolygon", "coordinates": [[[[126.8453, 37.5578], [126.8576, 37.5538], [126.8571, 37.5531], [126.8574, 37.5515], [126.858, 37.5514], [126.8548, 37.5452], [126.852, 37.5457], [126.8491, 37.5483], [126.8463, 37.5492], [126.8458, 37.5501], [126.8466, 37.551], [126.8445, 37.552], [126.8444, 37.553], [126.8457, 37.5543], [126.8453, 37.5578]]]]}, "properties": {"dong": "Hwagok 6(yuk)-dong", "dong_kr": "화곡6동", "osm_id": 3880555, "conn_tier": "no-data"}}, {"type": "Feature", "geometry": {"type": "MultiPolygon", "coordinates": [[[[126.8489, 37.5279], [126.8435, 37.537], [126.8489, 37.5391], [126.8498, 37.5378], [126.8517, 37.5385], [126.8523, 37.5379], [126.851, 37.5355], [126.8519, 37.5283], [126.8489, 37.5279]]]]}, "properties": {"dong": "Hwagok 8(pal)-dong", "dong_kr": "화곡8동", "osm_id": 3880556, "conn_tier": "mid"}}, {"type": "Feature", "geometry": {"type": "MultiPolygon", "coordinates": [[[[126.8548, 37.5452], [126.8545, 37.5436], [126.8561, 37.5425], [126.8542, 37.5405], [126.8519, 37.5395], [126.8517, 37.5385], [126.8498, 37.5378], [126.8489, 37.5391], [126.8435, 37.537], [126.8404, 37.5417], [126.8425, 37.5428], [126.8471, 37.5489], [126.8491, 37.5483], [126.852, 37.5457], [126.8548, 37.5452]]]]}, "properties": {"dong": "Hwagokbon-dong", "dong_kr": "화곡본동", "osm_id": 3880557, "conn_tier": "no-data"}}, {"type": "Feature", "geometry": {"type": "MultiPolygon", "coordinates": [[[[127.0769, 37.475], [127.0727, 37.472], [127.0686, 37.4708], [127.067, 37.4697], [127.0555, 37.4686], [127.0508, 37.4669], [127.0511, 37.4693], [127.0488, 37.4698], [127.043, 37.4656], [127.0474, 37.4625], [127.0484, 37.4606], [127.0462, 37.4611], [127.0476, 37.4577], [127.0513, 37.4536], [127.0506, 37.4527], [127.0646, 37.4361], [127.0645, 37.4348], [127.0627, 37.4329], [127.0618, 37.43], [127.0659, 37.4291], [127.0671, 37.4303], [127.0707, 37.4302], [127.0712, 37.4319], [127.0705, 37.4326], [127.0715, 37.4344], [127.071, 37.435], [127.0714, 37.436], [127.074, 37.4372], [127.0741, 37.4381], [127.0738, 37.4392], [127.072, 37.4399], [127.0716, 37.4419], [127.075, 37.4425], [127.0811, 37.4408], [127.0823, 37.4412], [127.0842, 37.444], [127.0885, 37.4452], [127.0882, 37.449], [127.0907, 37.4528], [127.0928, 37.4539], [127.093, 37.4555], [127.0946, 37.4566], [127.0965, 37.4565], [127.0961, 37.4609], [127.0926, 37.4617], [127.0918, 37.463], [127.0921, 37.4648], [127.0912, 37.467], [127.0896, 37.4674], [127.0877, 37.4698], [127.0859, 37.4704], [127.0847, 37.4731], [127.0845, 37.4754], [127.0769, 37.475]]]]}, "properties": {"dong": "Naegok-dong", "dong_kr": "내곡동", "osm_id": 3880646, "conn_tier": "mid"}}, {"type": "Feature", "geometry": {"type": "MultiPolygon", "coordinates": [[[[127.0296, 37.4653], [127.0291, 37.4679], [127.0314, 37.4709], [127.0339, 37.473], [127.0405, 37.4752], [127.044, 37.4797], [127.0415, 37.4854], [127.034, 37.4844], [127.0344, 37.4819], [127.0334, 37.4809], [127.0306, 37.4799], [127.0283, 37.481], [127.0241, 37.4804], [127.0227, 37.4791], [127.0217, 37.477], [127.0164, 37.4761], [127.014, 37.4733], [127.0098, 37.4725], [127.0089, 37.4712], [127.0054, 37.4704], [127.0031, 37.4673], [127.0041, 37.466], [127.0051, 37.462], [127.007, 37.4593], [127.0087, 37.4584], [127.011, 37.4554], [127.0146, 37.4548], [127.0177, 37.4562], [127.0197, 37.4558], [127.0222, 37.4565], [127.0229, 37.4573], [127.0263, 37.458], [127.0266, 37.4597], [127.0285, 37.4601], [127.028, 37.4613], [127.0297, 37.4639], [127.0296, 37.4653]]]]}, "properties": {"dong": "Yangjae 1(il)-dong", "dong_kr": "양재1동", "osm_id": 3880651, "conn_tier": "high"}}, {"type": "Feature", "geometry": {"type": "MultiPolygon", "coordinates": [[[[127.044, 37.4797], [127.0451, 37.4771], [127.051, 37.4714], [127.043, 37.4656], [127.0474, 37.4625], [127.0484, 37.4606], [127.0462, 37.4611], [127.0476, 37.4577], [127.0513, 37.4536], [127.0506, 37.4527], [127.0646, 37.4361], [127.0645, 37.4348], [127.0627, 37.4329], [127.0618, 37.43], [127.0579, 37.4299], [127.0516, 37.4287], [127.0491, 37.4303], [127.0475, 37.4306], [127.0462, 37.4335], [127.045, 37.434], [127.0413, 37.438], [127.036, 37.4391], [127.0353, 37.4405], [127.0378, 37.4437], [127.0378, 37.4456], [127.0371, 37.446], [127.037, 37.4471], [127.0376, 37.449], [127.0356, 37.4532], [127.0358, 37.454], [127.0372, 37.4546], [127.0372, 37.456], [127.0351, 37.458], [127.0348, 37.4601], [127.034, 37.4602], [127.0338, 37.4613], [127.0347, 37.4641], [127.0316, 37.4657], [127.0296, 37.4653], [127.0291, 37.4679], [127.0332, 37.4726], [127.0405, 37.4752], [127.044, 37.4797]]]]}, "properties": {"dong": "Yangjae 2(i)-dong", "dong_kr": "양재2동", "osm_id": 3880652, "conn_tier": "high"}}, {"type": "Feature", "geometry": {"type": "MultiPolygon", "coordinates": [[[[127.0123, 37.4998], [127.0134, 37.4999], [127.0158, 37.5016], [127.0198, 37.5001], [127.0186, 37.503], [127.0244, 37.5044], [127.0213, 37.5111], [127.009, 37.5074], [127.0115, 37.5025], [127.0123, 37.4998]]]]}, "properties": {"dong": "Banpo 1(il)-dong", "dong_kr": "반포1동", "osm_id": 3880663, "conn_tier": "very-high"}}, {"type": "Feature", "geometry": {"type": "MultiPolygon", "coordinates": [[[[126.9887, 37.4988], [126.9913, 37.4996], [126.9919, 37.5009], [126.9946, 37.5015], [126.9941, 37.5029], [126.9929, 37.5026], [126.9912, 37.5065], [126.9924, 37.5071], [126.9918, 37.5082], [126.9933, 37.5094], [126.9905, 37.5114], [126.9975, 37.5163], [127.0009, 37.5137], [126.9977, 37.512], [127.001, 37.505], [127.0035, 37.502], [126.9932, 37.4982], [126.9893, 37.4983], [126.9887, 37.4988]]]]}, "properties": {"dong": "Banpo 2(i)-dong", "dong_kr": "반포2동", "osm_id": 3880664, "conn_tier": "very-high"}}, {"type": "Feature", "geometry": {"type": "MultiPolygon", "coordinates": [[[[126.9975, 37.5163], [127.0028, 37.5205], [127.009, 37.5159], [127.0067, 37.5135], [127.0077, 37.5128], [127.0084, 37.5134], [127.0093, 37.5126], [127.0106, 37.5104], [127.012, 37.5095], [127.0113, 37.5081], [127.001, 37.505], [126.9977, 37.512], [127.0009, 37.5137], [126.9975, 37.5163]]]]}, "properties": {"dong": "Banpo 3(sam)-dong", "dong_kr": "반포3동", "osm_id": 3880665, "conn_tier": "no-data"}}, {"type": "Feature", "geometry": {"type": "MultiPolygon", "coordinates": [[[[127.009, 37.5074], [127.001, 37.505], [127.0035, 37.502], [126.9945, 37.4986], [126.9907, 37.4979], [126.9913, 37.4968], [126.9939, 37.4965], [126.9935, 37.4957], [126.9944, 37.4954], [126.995, 37.4939], [126.9967, 37.4942], [126.9995, 37.4933], [127.0002, 37.4919], [127.0009, 37.4919], [127.0035, 37.4951], [127.0035, 37.4963], [127.0074, 37.4973], [127.0088, 37.4969], [127.0102, 37.4975], [127.009, 37.4985], [127.0125, 37.4991], [127.0115, 37.5025], [127.009, 37.5074]]]]}, "properties": {"dong": "Banpo 4(sa)-dong", "dong_kr": "반포4동", "osm_id": 3880666, "conn_tier": "very-high"}}, {"type": "Feature", "geometry": {"type": "MultiPolygon", "coordinates": [[[[126.9887, 37.4988], [126.9913, 37.4996], [126.9919, 37.5009], [126.9946, 37.5015], [126.9941, 37.5029], [126.9929, 37.5026], [126.9912, 37.5065], [126.9924, 37.5071], [126.9918, 37.5082], [126.9933, 37.5094], [126.9905, 37.5114], [126.9854, 37.5065], [126.9808, 37.5065], [126.9805, 37.5036], [126.9817, 37.502], [126.9866, 37.4986], [126.9887, 37.4988]]]]}, "properties": {"dong": "Banpobon-dong", "dong_kr": "반포본동", "osm_id": 3880667, "conn_tier": "very-high"}}, {"type": "Feature", "geometry": {"type": "MultiPolygon", "coordinates": [[[[126.9896, 37.4864], [126.9937, 37.4802], [127.0021, 37.4823], [127.0002, 37.4856], [127.0013, 37.4868], [126.9999, 37.4903], [126.9996, 37.4895], [126.9896, 37.4864]]]]}, "properties": {"dong": "Bangbae 1(il)-dong", "dong_kr": "방배1동", "osm_id": 3880668, "conn_tier": "high"}}, {"type": "Feature", "geometry": {"type": "MultiPolygon", "coordinates": [[[[126.9885, 37.4579], [126.9874, 37.4598], [126.9881, 37.4656], [126.9838, 37.4705], [126.982, 37.4743], [126.9817, 37.4765], [126.9822, 37.4854], [126.9896, 37.4864], [126.9937, 37.4802], [126.9866, 37.4772], [126.9857, 37.4757], [126.9867, 37.4755], [126.9866, 37.4749], [126.9856, 37.4744], [126.9878, 37.471], [126.9901, 37.4696], [126.9923, 37.4696], [126.9946, 37.4685], [126.9972, 37.464], [126.9965, 37.4622], [126.9932, 37.4615], [126.9921, 37.4605], [126.9911, 37.4607], [126.9885, 37.4579]]]]}, "properties": {"dong": "Bangbae 2(i)-dong", "dong_kr": "방배2동", "osm_id": 3880669, "conn_tier": "high"}}, {"type": "Feature", "geometry": {"type": "MultiPolygon", "coordinates": [[[[126.9937, 37.4802], [127.0021, 37.4823], [127.0031, 37.4815], [127.0026, 37.4809], [127.0041, 37.4786], [127.0055, 37.479], [127.0066, 37.4782], [127.0098, 37.4725], [127.0089, 37.4712], [127.0054, 37.4704], [127.0026, 37.467], [126.9978, 37.4677], [126.9966, 37.4669], [126.9964, 37.4659], [126.9946, 37.4685], [126.9923, 37.4696], [126.9901, 37.4696], [126.9878, 37.471], [126.9856, 37.4744], [126.9866, 37.4749], [126.9867, 37.4755], [126.9857, 37.4757], [126.9866, 37.4772], [126.9937, 37.4802]]]]}, "properties": {"dong": "Bangbae 3(sam)-dong", "dong_kr": "방배3동", "osm_id": 3880670, "conn_tier": "no-data"}}, {"type": "Feature", "geometry": {"type": "MultiPolygon", "coordinates": [[[[126.9907, 37.4982], [126.9866, 37.4986], [126.9852, 37.4998], [126.9829, 37.4969], [126.9827, 37.4909], [126.9853, 37.4908], [126.9921, 37.4935], [126.995, 37.4939], [126.9944, 37.4954], [126.9935, 37.4957], [126.9939, 37.4965], [126.9913, 37.4968], [126.9907, 37.4982]]]]}, "properties": {"dong": "Bangbae 4(sa)-dong", "dong_kr": "방배4동", "osm_id": 3880671, "conn_tier": "no-data"}}, {"type": "Feature", "geometry": {"type": "MultiPolygon", "coordinates": [[[[126.9896, 37.4864], [126.9996, 37.4895], [127.0001, 37.4926], [126.9995, 37.4933], [126.9967, 37.4942], [126.9921, 37.4935], [126.9853, 37.4908], [126.9827, 37.4909], [126.9822, 37.4854], [126.9896, 37.4864]]]]}, "properties": {"dong": "Bangbaebon-dong", "dong_kr": "방배본동", "osm_id": 3880672, "conn_tier": "very-high"}}, {"type": "Feature", "geometry": {"type": "MultiPolygon", "coordinates": [[[[127.0213, 37.496], [127.0137, 37.4937], [127.0147, 37.4876], [127.0195, 37.4808], [127.0166, 37.4797], [127.0159, 37.4812], [127.0152, 37.48], [127.0161, 37.4786], [127.0168, 37.4791], [127.018, 37.4766], [127.0217, 37.477], [127.0227, 37.4791], [127.0241, 37.4804], [127.0269, 37.4806], [127.0213, 37.496]]]]}, "properties": {"dong": "Seocho 1(il)-dong", "dong_kr": "서초1동", "osm_id": 3880673, "conn_tier": "very-high"}}, {"type": "Feature", "geometry": {"type": "MultiPolygon", "coordinates": [[[[127.0213, 37.496], [127.0275, 37.4979], [127.0343, 37.4839], [127.0337, 37.4841], [127.0344, 37.4819], [127.0334, 37.4809], [127.0306, 37.4799], [127.0283, 37.481], [127.0269, 37.4806], [127.0213, 37.496]]]]}, "properties": {"dong": "Seocho 2(i)-dong", "dong_kr": "서초2동", "osm_id": 3880674, "conn_tier": "no-data"}}, {"type": "Feature", "geometry": {"type": "MultiPolygon", "coordinates": [[[[127.0098, 37.4725], [127.0066, 37.4782], [127.0055, 37.479], [127.0041, 37.4786], [127.0026, 37.4809], [127.0031, 37.4815], [127.001, 37.4837], [127.0002, 37.4856], [127.0013, 37.4868], [126.9999, 37.4903], [126.9999, 37.4919], [127.0009, 37.4919], [127.0035, 37.4951], [127.0035, 37.4963], [127.0074, 37.4973], [127.0088, 37.4969], [127.0102, 37.4975], [127.009, 37.4985], [127.0125, 37.4991], [127.0147, 37.4876], [127.0195, 37.4808], [127.0166, 37.4797], [127.0159, 37.4812], [127.0152, 37.48], [127.0161, 37.4786], [127.0168, 37.4791], [127.018, 37.4766], [127.0164, 37.4761], [127.014, 37.4733], [127.0098, 37.4725]]]]}, "properties": {"dong": "Seocho 3(sam)-dong", "dong_kr": "서초3동", "osm_id": 3880675, "conn_tier": "high"}}, {"type": "Feature", "geometry": {"type": "MultiPolygon", "coordinates": [[[[127.0213, 37.496], [127.0275, 37.4979], [127.0244, 37.5044], [127.0186, 37.503], [127.0198, 37.5001], [127.0158, 37.5016], [127.0134, 37.4999], [127.0123, 37.4998], [127.0137, 37.4937], [127.0213, 37.496]]]]}, "properties": {"dong": "Seocho 4(sa)-dong", "dong_kr": "서초4동", "osm_id": 3880676, "conn_tier": "no-data"}}, {"type": "Feature", "geometry": {"type": "MultiPolygon", "coordinates": [[[[127.0028, 37.5205], [127.009, 37.5159], [127.0067, 37.5135], [127.0077, 37.5128], [127.0084, 37.5134], [127.0093, 37.5126], [127.0106, 37.5104], [127.012, 37.5095], [127.0114, 37.5089], [127.0118, 37.5083], [127.0213, 37.5111], [127.0181, 37.5212], [127.0151, 37.5247], [127.0132, 37.5226], [127.0084, 37.5259], [127.0028, 37.5205]]]]}, "properties": {"dong": "Jamwon-dong", "dong_kr": "잠원동", "osm_id": 3880677, "conn_tier": "very-high"}}, {"type": "Feature", "geometry": {"type": "MultiPolygon", "coordinates": [[[[127.0666, 37.5249], [127.0668, 37.5233], [127.0572, 37.5201], [127.0413, 37.5172], [127.0391, 37.5231], [127.0407, 37.5278], [127.0438, 37.527], [127.0461, 37.5346], [127.0556, 37.5309], [127.0666, 37.5249]]]]}, "properties": {"dong": "Cheongdam-dong", "dong_kr": "청담동", "osm_id": 3880711, "conn_tier": "no-data"}}, {"type": "Feature", "geometry": {"type": "MultiPolygon", "coordinates": [[[[127.0627, 37.4691], [127.067, 37.4697], [127.0686, 37.4708], [127.0727, 37.472], [127.0688, 37.4767], [127.0648, 37.4792], [127.058, 37.4848], [127.0565, 37.4876], [127.0517, 37.4848], [127.0538, 37.481], [127.0588, 37.476], [127.0627, 37.4691]]]]}, "properties": {"dong": "Gaepo 1(il)-dong", "dong_kr": "개포1동", "osm_id": 3880712, "conn_tier": "no-data"}}, {"type": "Feature", "geometry": {"type": "MultiPolygon", "coordinates": [[[[127.0488, 37.4698], [127.051, 37.4714], [127.0451, 37.4771], [127.044, 37.4797], [127.0517, 37.4848], [127.0538, 37.481], [127.0588, 37.476], [127.0627, 37.4691], [127.0555, 37.4686], [127.0508, 37.4669], [127.0511, 37.4693], [127.0488, 37.4698]]]]}, "properties": {"dong": "Gaepo 4(sa)-dong", "dong_kr": "개포4동", "osm_id": 3880714, "conn_tier": "no-data"}}, {"type": "Feature", "geometry": {"type": "MultiPolygon", "coordinates": [[[[127.0529, 37.4963], [127.0565, 37.4876], [127.0588, 37.4888], [127.0656, 37.49], [127.0609, 37.4989], [127.0529, 37.4963]]]]}, "properties": {"dong": "Daechi 1(il)-dong", "dong_kr": "대치1동", "osm_id": 3880715, "conn_tier": "mid"}}, {"type": "Feature", "geometry": {"type": "MultiPolygon", "coordinates": [[[[127.0687, 37.5103], [127.0696, 37.5048], [127.0708, 37.5031], [127.0729, 37.5022], [127.0738, 37.497], [127.0732, 37.4952], [127.0701, 37.4921], [127.0656, 37.49], [127.0567, 37.5069], [127.0687, 37.5103]]]]}, "properties": {"dong": "Daechi 2(i)-dong", "dong_kr": "대치2동", "osm_id": 3880716, "conn_tier": "low"}}, {"type": "Feature", "geometry": {"type": "MultiPolygon", "coordinates": [[[[127.0489, 37.5044], [127.0529, 37.4963], [127.0609, 37.4989], [127.0567, 37.5069], [127.0489, 37.5044]]]]}, "properties": {"dong": "Daechi 4(sa)-dong", "dong_kr": "대치4동", "osm_id": 3880717, "conn_tier": "no-data"}}, {"type": "Feature", "geometry": {"type": "MultiPolygon", "coordinates": [[[[127.0467, 37.4943], [127.0315, 37.4896], [127.034, 37.4844], [127.0449, 37.486], [127.0499, 37.4883], [127.0467, 37.4943]]]]}, "properties": {"dong": "Dogok 1(il)-dong", "dong_kr": "도곡1동", "osm_id": 3880718, "conn_tier": "high"}}, {"type": "Feature", "geometry": {"type": "MultiPolygon", "coordinates": [[[[127.0467, 37.4943], [127.0499, 37.4883], [127.0449, 37.486], [127.0415, 37.4854], [127.044, 37.4797], [127.0565, 37.4876], [127.0529, 37.4963], [127.0467, 37.4943]]]]}, "properties": {"dong": "Dogok 2(i)-dong", "dong_kr": "도곡2동", "osm_id": 3880719, "conn_tier": "no-data"}}, {"type": "Feature", "geometry": {"type": "MultiPolygon", "coordinates": [[[[127.0213, 37.5111], [127.0244, 37.5044], [127.0338, 37.5073], [127.0281, 37.5197], [127.0196, 37.516], [127.0213, 37.5111]]]]}, "properties": {"dong": "Nonhyeon 1(il)-dong", "dong_kr": "논현1동", "osm_id": 3880728, "conn_tier": "very-high"}}, {"type": "Feature", "geometry": {"type": "MultiPolygon", "coordinates": [[[[127.0413, 37.5172], [127.0439, 37.5103], [127.0338, 37.5073], [127.0281, 37.5197], [127.0391, 37.5231], [127.0413, 37.5172]]]]}, "properties": {"dong": "Nonhyeon 2(i)-dong", "dong_kr": "논현2동", "osm_id": 3880729, "conn_tier": "no-data"}}, {"type": "Feature", "geometry": {"type": "MultiPolygon", "coordinates": [[[[127.0567, 37.5069], [127.0503, 37.5188], [127.0572, 37.5201], [127.0668, 37.5233], [127.0687, 37.5103], [127.0567, 37.5069]]]]}, "properties": {"dong": "Samseong 1(il)-dong", "dong_kr": "삼성1동", "osm_id": 3880730, "conn_tier": "high"}}, {"type": "Feature", "geometry": {"type": "MultiPolygon", "coordinates": [[[[127.0439, 37.5103], [127.0448, 37.5085], [127.0481, 37.5062], [127.0489, 37.5044], [127.0567, 37.5069], [127.0503, 37.5188], [127.0413, 37.5172], [127.0439, 37.5103]]]]}, "properties": {"dong": "Samseong 2(i)-dong", "dong_kr": "삼성2동", "osm_id": 3880731, "conn_tier": "high"}}, {"type": "Feature", "geometry": {"type": "MultiPolygon", "coordinates": [[[[127.0965, 37.4962], [127.0919, 37.4976], [127.0796, 37.4936], [127.0818, 37.4886], [127.0906, 37.4913], [127.1019, 37.4935], [127.0965, 37.4962]]]]}, "properties": {"dong": "Irwon 1(il)-dong", "dong_kr": "일원1동", "osm_id": 3880732, "conn_tier": "no-data"}}, {"type": "Feature", "geometry": {"type": "MultiPolygon", "coordinates": [[[[127.0769, 37.475], [127.0845, 37.4754], [127.093, 37.4776], [127.099, 37.4781], [127.0991, 37.4802], [127.0985, 37.4809], [127.0959, 37.4802], [127.0963, 37.4831], [127.0948, 37.485], [127.0943, 37.4873], [127.0924, 37.4884], [127.0922, 37.4897], [127.0906, 37.4913], [127.0782, 37.4872], [127.0782, 37.4846], [127.0761, 37.4831], [127.0758, 37.4811], [127.073, 37.4793], [127.0747, 37.4762], [127.0769, 37.475]]]]}, "properties": {"dong": "Irwon bon-dong", "dong_kr": "일원본동", "osm_id": 3880734, "conn_tier": "low"}}, {"type": "Feature", "geometry": {"type": "MultiPolygon", "coordinates": [[[[127.0845, 37.4754], [127.093, 37.4776], [127.099, 37.4781], [127.0985, 37.4815], [127.1032, 37.4851], [127.1043, 37.4852], [127.1073, 37.4828], [127.1123, 37.4834], [127.123, 37.4678], [127.1225, 37.4664], [127.1201, 37.4639], [127.1156, 37.4627], [127.1138, 37.461], [127.104, 37.4627], [127.1045, 37.4613], [127.1038, 37.4599], [127.1018, 37.4594], [127.1017, 37.4584], [127.1004, 37.4575], [127.0965, 37.4565], [127.0961, 37.4609], [127.0926, 37.4617], [127.0918, 37.463], [127.0921, 37.4648], [127.0912, 37.467], [127.0896, 37.4674], [127.0877, 37.4698], [127.0859, 37.4704], [127.0847, 37.4731], [127.0845, 37.4754]]]]}, "properties": {"dong": "Segok-dong", "dong_kr": "세곡동", "osm_id": 3880739, "conn_tier": "no-data"}}, {"type": "Feature", "geometry": {"type": "MultiPolygon", "coordinates": [[[[127.0985, 37.4809], [127.1, 37.483], [127.1016, 37.4834], [127.1032, 37.4851], [127.1043, 37.4852], [127.1073, 37.4828], [127.1123, 37.4834], [127.1122, 37.484], [127.1063, 37.4914], [127.1019, 37.4935], [127.0906, 37.4913], [127.0922, 37.4897], [127.0924, 37.4884], [127.0943, 37.4873], [127.0948, 37.485], [127.0963, 37.4831], [127.0959, 37.4802], [127.0985, 37.4809]]]]}, "properties": {"dong": "Suseo-dong", "dong_kr": "수서동", "osm_id": 3880740, "conn_tier": "low"}}, {"type": "Feature", "geometry": {"type": "MultiPolygon", "coordinates": [[[[127.049, 37.5046], [127.0369, 37.5007], [127.0408, 37.4925], [127.0315, 37.4896], [127.0244, 37.5044], [127.0439, 37.5103], [127.0446, 37.5087], [127.0479, 37.5064], [127.049, 37.5046]]]]}, "properties": {"dong": "Yeoksam 1(il)-dong", "dong_kr": "역삼1동", "osm_id": 3880743, "conn_tier": "very-high"}}, {"type": "Feature", "geometry": {"type": "MultiPolygon", "coordinates": [[[[127.0489, 37.5044], [127.0529, 37.4963], [127.0408, 37.4925], [127.0369, 37.5007], [127.0489, 37.5044]]]]}, "properties": {"dong": "Yeoksam 2(i)-dong", "dong_kr": "역삼2동", "osm_id": 3880744, "conn_tier": "no-data"}}, {"type": "Feature", "geometry": {"type": "MultiPolygon", "coordinates": [[[[127.0973, 37.5065], [127.0908, 37.5075], [127.0852, 37.5009], [127.0832, 37.5002], [127.0965, 37.4962], [127.0973, 37.5065]]]]}, "properties": {"dong": "Samjeon-dong", "dong_kr": "삼전동", "osm_id": 3880774, "conn_tier": "mid"}}, {"type": "Feature", "geometry": {"type": "MultiPolygon", "coordinates": [[[[127.0966, 37.4977], [127.0973, 37.5065], [127.0994, 37.5065], [127.104, 37.5087], [127.1101, 37.502], [127.0966, 37.4977]]]]}, "properties": {"dong": "Seokchon-dong", "dong_kr": "석촌동", "osm_id": 3880775, "conn_tier": "high"}}, {"type": "Feature", "geometry": {"type": "MultiPolygon", "coordinates": [[[[127.1436, 37.5045], [127.1412, 37.5054], [127.1408, 37.506], [127.1415, 37.5067], [127.1403, 37.5083], [127.1397, 37.5071], [127.128, 37.5117], [127.1237, 37.505], [127.1393, 37.4956], [127.1436, 37.5045]]]]}, "properties": {"dong": "Ogeum-dong", "dong_kr": "오금동", "osm_id": 3880777, "conn_tier": "mid"}}, {"type": "Feature", "geometry": {"type": "MultiPolygon", "coordinates": [[[[127.1166, 37.5238], [127.1127, 37.5174], [127.1397, 37.5071], [127.1414, 37.5124], [127.1435, 37.5127], [127.1434, 37.5139], [127.1406, 37.5156], [127.1454, 37.5161], [127.1451, 37.5168], [127.1191, 37.528], [127.1166, 37.5238]]]]}, "properties": {"dong": "Oryun-dong", "dong_kr": "오륜동", "osm_id": 3880778, "conn_tier": "mid"}}, {"type": "Feature", "geometry": {"type": "MultiPolygon", "coordinates": [[[[127.1266, 37.4735], [127.134, 37.4786], [127.1374, 37.4796], [127.1385, 37.4805], [127.139, 37.4817], [127.1359, 37.4815], [127.1375, 37.4893], [127.137, 37.4894], [127.1375, 37.4906], [127.1365, 37.4908], [127.1372, 37.4915], [127.1373, 37.4938], [127.1296, 37.4871], [127.1266, 37.4864], [127.1264, 37.4829], [127.1242, 37.4825], [127.1267, 37.4769], [127.1266, 37.4735]]]]}, "properties": {"dong": "Jangji-dong", "dong_kr": "장지동", "osm_id": 3880780, "conn_tier": "low"}}, {"type": "Feature", "geometry": {"type": "MultiPolygon", "coordinates": [[[[127.0965, 37.4962], [127.1063, 37.4914], [127.1121, 37.4843], [127.1128, 37.4846], [127.1092, 37.4896], [127.1186, 37.4925], [127.1101, 37.502], [127.0966, 37.4977], [127.0965, 37.4962]]]]}, "properties": {"dong": "Garak 1(il)-dong", "dong_kr": "가락1동", "osm_id": 3880782, "conn_tier": "mid"}}, {"type": "Feature", "geometry": {"type": "MultiPolygon", "coordinates": [[[[127.1262, 37.4915], [127.1232, 37.4949], [127.1247, 37.4961], [127.1282, 37.502], [127.1393, 37.4956], [127.1336, 37.4907], [127.1297, 37.4933], [127.1262, 37.4915]]]]}, "properties": {"dong": "Garak 2(i)-dong", "dong_kr": "가락2동", "osm_id": 3880783, "conn_tier": "low"}}, {"type": "Feature", "geometry": {"type": "MultiPolygon", "coordinates": [[[[127.1262, 37.4915], [127.121, 37.4887], [127.1196, 37.4916], [127.114, 37.4978], [127.1211, 37.502], [127.1237, 37.505], [127.1282, 37.502], [127.1247, 37.4961], [127.1232, 37.4949], [127.1262, 37.4915]]]]}, "properties": {"dong": "Garakbon-dong", "dong_kr": "가락본동", "osm_id": 3880784, "conn_tier": "no-data"}}, {"type": "Feature", "geometry": {"type": "MultiPolygon", "coordinates": [[[[127.1373, 37.4938], [127.1393, 37.4956], [127.1416, 37.4999], [127.144, 37.4997], [127.1466, 37.498], [127.1429, 37.489], [127.1414, 37.4922], [127.1414, 37.4917], [127.1381, 37.4906], [127.1375, 37.4893], [127.137, 37.4894], [127.1375, 37.4906], [127.1365, 37.4908], [127.1372, 37.4915], [127.1373, 37.4938]]]]}, "properties": {"dong": "Geoyeo 1(il)-dong", "dong_kr": "거여1동", "osm_id": 3880785, "conn_tier": "very-low"}}, {"type": "Feature", "geometry": {"type": "MultiPolygon", "coordinates": [[[[127.1429, 37.489], [127.1466, 37.498], [127.1506, 37.4951], [127.1525, 37.4929], [127.1509, 37.4924], [127.1503, 37.4919], [127.1506, 37.4912], [127.1473, 37.489], [127.1468, 37.4873], [127.1442, 37.4872], [127.144, 37.4882], [127.1429, 37.489]]]]}, "properties": {"dong": "Geoyeo 2(i)-dong", "dong_kr": "거여2동", "osm_id": 3880786, "conn_tier": "no-data"}}, {"type": "Feature", "geometry": {"type": "MultiPolygon", "coordinates": [[[[127.1571, 37.4988], [127.1557, 37.4979], [127.1519, 37.4972], [127.1503, 37.4975], [127.1491, 37.4963], [127.1525, 37.4929], [127.1577, 37.4902], [127.16, 37.4944], [127.1598, 37.4968], [127.161, 37.4992], [127.1585, 37.5003], [127.1571, 37.4988]]]]}, "properties": {"dong": "Macheon 1(il)-dong", "dong_kr": "마천1동", "osm_id": 3880787, "conn_tier": "very-low"}}, {"type": "Feature", "geometry": {"type": "MultiPolygon", "coordinates": [[[[127.1518, 37.5035], [127.1565, 37.5019], [127.1577, 37.5032], [127.1615, 37.4997], [127.161, 37.4992], [127.1585, 37.5003], [127.1557, 37.4979], [127.1519, 37.4972], [127.1503, 37.4975], [127.1491, 37.4963], [127.144, 37.4997], [127.1416, 37.4999], [127.1436, 37.5045], [127.1442, 37.5046], [127.1455, 37.5033], [127.1477, 37.5032], [127.1503, 37.5047], [127.1518, 37.5035]]]]}, "properties": {"dong": "Macheon 2(i)-dong", "dong_kr": "마천2동", "osm_id": 3880788, "conn_tier": "no-data"}}, {"type": "Feature", "geometry": {"type": "MultiPolygon", "coordinates": [[[[127.121, 37.4887], [127.1297, 37.4933], [127.1336, 37.4907], [127.1296, 37.4871], [127.1266, 37.4864], [127.1264, 37.4829], [127.1242, 37.4825], [127.121, 37.4887]]]]}, "properties": {"dong": "Munjeong 1(il)-dong", "dong_kr": "문정1동", "osm_id": 3880789, "conn_tier": "low"}}, {"type": "Feature", "geometry": {"type": "MultiPolygon", "coordinates": [[[[127.1123, 37.4834], [127.1226, 37.4688], [127.1228, 37.467], [127.1253, 37.4673], [127.1247, 37.4697], [127.1262, 37.4687], [127.1267, 37.4769], [127.1254, 37.4803], [127.1186, 37.4925], [127.1092, 37.4896], [127.1128, 37.4846], [127.1121, 37.4843], [127.1123, 37.4834]]]]}, "properties": {"dong": "Munjeong 2(i)-dong", "dong_kr": "문정2동", "osm_id": 3880790, "conn_tier": "no-data"}}, {"type": "Feature", "geometry": {"type": "MultiPolygon", "coordinates": [[[[127.1167, 37.5078], [127.1209, 37.5144], [127.128, 37.5117], [127.1237, 37.505], [127.1167, 37.5078]]]]}, "properties": {"dong": "Bangi 1(il)-dong", "dong_kr": "방이1동", "osm_id": 3880791, "conn_tier": "no-data"}}, {"type": "Feature", "geometry": {"type": "MultiPolygon", "coordinates": [[[[127.1082, 37.512], [127.1066, 37.5154], [127.1127, 37.5174], [127.1209, 37.5144], [127.1167, 37.5078], [127.1082, 37.512]]]]}, "properties": {"dong": "Bangi 2(i)-dong", "dong_kr": "방이2동", "osm_id": 3880792, "conn_tier": "mid"}}, {"type": "Feature", "geometry": {"type": "MultiPolygon", "coordinates": [[[[127.1167, 37.5078], [127.1082, 37.512], [127.104, 37.5087], [127.1101, 37.502], [127.1138, 37.5038], [127.1167, 37.5078]]]]}, "properties": {"dong": "Songpa 1(il)-dong", "dong_kr": "송파1동", "osm_id": 3880793, "conn_tier": "no-data"}}, {"type": "Feature", "geometry": {"type": "MultiPolygon", "coordinates": [[[[127.1237, 37.505], [127.1211, 37.502], [127.114, 37.4978], [127.1101, 37.502], [127.1138, 37.5038], [127.1167, 37.5078], [127.1237, 37.505]]]]}, "properties": {"dong": "Songpa 2(i)-dong", "dong_kr": "송파2동", "osm_id": 3880794, "conn_tier": "no-data"}}, {"type": "Feature", "geometry": {"type": "MultiPolygon", "coordinates": [[[[127.0687, 37.5103], [127.0785, 37.5118], [127.0925, 37.5119], [127.0894, 37.5209], [127.0671, 37.5204], [127.0687, 37.5103]]]]}, "properties": {"dong": "Jamsil 2(i)-dong", "dong_kr": "잠실2동", "osm_id": 3880795, "conn_tier": "no-data"}}, {"type": "Feature", "geometry": {"type": "MultiPolygon", "coordinates": [[[[127.0856, 37.5116], [127.0925, 37.5119], [127.0894, 37.5209], [127.0938, 37.5215], [127.104, 37.5087], [127.0988, 37.5064], [127.0908, 37.5075], [127.0871, 37.5086], [127.0856, 37.5116]]]]}, "properties": {"dong": "Jamsil 3(sam)-dong", "dong_kr": "잠실3동", "osm_id": 3880796, "conn_tier": "mid"}}, {"type": "Feature", "geometry": {"type": "MultiPolygon", "coordinates": [[[[127.1085, 37.5369], [127.1083, 37.5421], [127.105, 37.5379], [127.097, 37.5315], [127.1026, 37.5229], [127.1016, 37.5224], [127.1024, 37.5214], [127.1032, 37.5217], [127.1066, 37.5154], [127.1127, 37.5174], [127.1166, 37.5238], [127.1026, 37.5239], [127.1082, 37.5287], [127.1085, 37.5369]]]]}, "properties": {"dong": "Jamsil 4(sa)-dong", "dong_kr": "행정4동", "osm_id": 3880797, "conn_tier": "mid"}}, {"type": "Feature", "geometry": {"type": "MultiPolygon", "coordinates": [[[[127.102, 37.5238], [127.1026, 37.5229], [127.1016, 37.5224], [127.1024, 37.5214], [127.1032, 37.5217], [127.1082, 37.512], [127.104, 37.5087], [127.0938, 37.5215], [127.0894, 37.5209], [127.0671, 37.5204], [127.0666, 37.5249], [127.0718, 37.5234], [127.0795, 37.5228], [127.0872, 37.5251], [127.097, 37.5315], [127.102, 37.5238]]]]}, "properties": {"dong": "Jamsil 6(yuk)-dong", "dong_kr": "잠실6동", "osm_id": 3880798, "conn_tier": "mid"}}, {"type": "Feature", "geometry": {"type": "MultiPolygon", "coordinates": [[[[127.0729, 37.5022], [127.0699, 37.504], [127.0687, 37.5103], [127.0785, 37.5118], [127.0797, 37.5067], [127.0729, 37.5022]]]]}, "properties": {"dong": "Jamsil 7(chil)-dong", "dong_kr": "잠실7동", "osm_id": 3880799, "conn_tier": "high"}}, {"type": "Feature", "geometry": {"type": "MultiPolygon", "coordinates": [[[[127.0908, 37.5075], [127.0871, 37.5086], [127.0856, 37.5116], [127.0785, 37.5118], [127.0797, 37.5067], [127.0735, 37.5021], [127.0832, 37.5002], [127.0846, 37.5006], [127.0908, 37.5075]]]]}, "properties": {"dong": "Jamsilbon-dong", "dong_kr": "잠실본동", "osm_id": 3880800, "conn_tier": "high"}}, {"type": "Feature", "geometry": {"type": "MultiPolygon", "coordinates": [[[[127.1085, 37.5369], [127.1214, 37.5331], [127.1234, 37.5386], [127.1189, 37.5411], [127.1095, 37.544], [127.1083, 37.5421], [127.1085, 37.5369]]]]}, "properties": {"dong": "Pungnap 1(il)-dong", "dong_kr": "풍납1동", "osm_id": 3880801, "conn_tier": "no-data"}}, {"type": "Feature", "geometry": {"type": "MultiPolygon", "coordinates": [[[[127.1152, 37.5565], [127.1133, 37.5569], [127.1141, 37.5587], [127.1131, 37.5602], [127.1098, 37.5598], [127.1083, 37.5575], [127.1063, 37.5567], [127.1025, 37.5532], [127.101, 37.5532], [127.0991, 37.5521], [127.0993, 37.5512], [127.098, 37.5494], [127.0982, 37.5472], [127.0969, 37.5456], [127.0936, 37.5435], [127.1022, 37.5356], [127.105, 37.5379], [127.1115, 37.547], [127.1116, 37.5505], [127.1152, 37.5565]]]]}, "properties": {"dong": "Gwangjang-dong", "dong_kr": "광장동", "osm_id": 3881559, "conn_tier": "low"}}, {"type": "Feature", "geometry": {"type": "MultiPolygon", "coordinates": [[[[127.0675, 37.5483], [127.0738, 37.5594], [127.0795, 37.5572], [127.0742, 37.5473], [127.0675, 37.5483]]]]}, "properties": {"dong": "Gunja-dong", "dong_kr": "군자동", "osm_id": 3881561, "conn_tier": "no-data"}}, {"type": "Feature", "geometry": {"type": "MultiPolygon", "coordinates": [[[[127.0853, 37.5451], [127.0796, 37.5454], [127.0742, 37.5473], [127.0795, 37.5572], [127.0878, 37.5539], [127.0896, 37.5523], [127.0898, 37.5518], [127.0867, 37.5485], [127.0855, 37.5488], [127.0862, 37.5464], [127.0853, 37.5451]]]]}, "properties": {"dong": "Neung-dong", "dong_kr": "능동", "osm_id": 3881562, "conn_tier": "mid"}}, {"type": "Feature", "geometry": {"type": "MultiPolygon", "coordinates": [[[[127.0706, 37.5399], [127.075, 37.5386], [127.0753, 37.5393], [127.0799, 37.5387], [127.0808, 37.539], [127.081, 37.5404], [127.0824, 37.5401], [127.083, 37.5414], [127.0814, 37.542], [127.0813, 37.5432], [127.0795, 37.5433], [127.0802, 37.545], [127.0815, 37.5453], [127.0774, 37.5459], [127.0721, 37.5478], [127.0675, 37.5483], [127.064, 37.5422], [127.0706, 37.5399]]]]}, "properties": {"dong": "Hwayang-dong", "dong_kr": "화양동", "osm_id": 3881565, "conn_tier": "mid"}}, {"type": "Feature", "geometry": {"type": "MultiPolygon", "coordinates": [[[[127.0906, 37.5447], [127.0815, 37.5453], [127.0802, 37.545], [127.0795, 37.5433], [127.0813, 37.5432], [127.0814, 37.542], [127.0836, 37.5412], [127.0832, 37.5401], [127.0836, 37.5366], [127.0891, 37.5379], [127.0906, 37.5447]]]]}, "properties": {"dong": "Guui 1(il)-dong", "dong_kr": "구의1동", "osm_id": 3881566, "conn_tier": "no-data"}}, {"type": "Feature", "geometry": {"type": "MultiPolygon", "coordinates": [[[[127.0853, 37.5451], [127.0862, 37.5464], [127.0855, 37.5488], [127.0867, 37.5485], [127.0898, 37.5518], [127.0896, 37.5523], [127.0908, 37.5527], [127.0953, 37.5564], [127.1026, 37.5593], [127.1032, 37.5572], [127.1045, 37.5556], [127.1054, 37.5557], [127.1025, 37.5532], [127.101, 37.5532], [127.0991, 37.5521], [127.0993, 37.5512], [127.098, 37.5494], [127.0982, 37.5472], [127.0969, 37.5456], [127.0936, 37.5435], [127.0906, 37.5447], [127.0853, 37.5451]]]]}, "properties": {"dong": "Guui 2(i)-dong", "dong_kr": "구의2동", "osm_id": 3881567, "conn_tier": "low"}}, {"type": "Feature", "geometry": {"type": "MultiPolygon", "coordinates": [[[[127.0891, 37.5379], [127.0906, 37.5447], [127.0936, 37.5435], [127.1022, 37.5356], [127.0937, 37.5292], [127.0919, 37.5309], [127.0916, 37.5337], [127.0902, 37.5333], [127.0892, 37.5364], [127.0895, 37.538], [127.0891, 37.5379]]]]}, "properties": {"dong": "Guui 3(sam)-dong", "dong_kr": "구의3동", "osm_id": 3881568, "conn_tier": "mid"}}, {"type": "Feature", "geometry": {"type": "MultiPolygon", "coordinates": [[[[127.0836, 37.5366], [127.0832, 37.5401], [127.0836, 37.5412], [127.083, 37.5414], [127.0824, 37.5401], [127.081, 37.5404], [127.0808, 37.539], [127.0753, 37.5393], [127.075, 37.5386], [127.0771, 37.5381], [127.0757, 37.5332], [127.0815, 37.5315], [127.0855, 37.5325], [127.0836, 37.5366]]]]}, "properties": {"dong": "Jayang 1(il)-dong", "dong_kr": "자양1동", "osm_id": 3881569, "conn_tier": "no-data"}}, {"type": "Feature", "geometry": {"type": "MultiPolygon", "coordinates": [[[[127.0836, 37.5366], [127.0895, 37.538], [127.0892, 37.5364], [127.0902, 37.5333], [127.0916, 37.5337], [127.0919, 37.5309], [127.0937, 37.5292], [127.0872, 37.5251], [127.0795, 37.5228], [127.0728, 37.5233], [127.0757, 37.5332], [127.0815, 37.5315], [127.0855, 37.5325], [127.0836, 37.5366]]]]}, "properties": {"dong": "Jayang 2(i)-dong", "dong_kr": "자양2동", "osm_id": 3881570, "conn_tier": "low"}}, {"type": "Feature", "geometry": {"type": "MultiPolygon", "coordinates": [[[[127.075, 37.5386], [127.0771, 37.5381], [127.0728, 37.5233], [127.0641, 37.526], [127.0706, 37.5399], [127.075, 37.5386]]]]}, "properties": {"dong": "Jayang 3(sam)-dong", "dong_kr": "자양3동", "osm_id": 3881571, "conn_tier": "mid"}}, {"type": "Feature", "geometry": {"type": "MultiPolygon", "coordinates": [[[[127.0641, 37.526], [127.0572, 37.5301], [127.064, 37.5422], [127.0706, 37.5399], [127.0641, 37.526]]]]}, "properties": {"dong": "Jayang 4(sa)-dong", "dong_kr": "자양4동", "osm_id": 3881572, "conn_tier": "no-data"}}, {"type": "Feature", "geometry": {"type": "MultiPolygon", "coordinates": [[[[127.0723, 37.56], [127.0795, 37.5572], [127.0834, 37.5642], [127.076, 37.5668], [127.0723, 37.56]]]]}, "properties": {"dong": "Junggok 1(il)-dong", "dong_kr": "중곡1동", "osm_id": 3881573, "conn_tier": "no-data"}}, {"type": "Feature", "geometry": {"type": "MultiPolygon", "coordinates": [[[[127.0887, 37.5533], [127.0869, 37.5635], [127.0834, 37.5642], [127.0795, 37.5572], [127.0887, 37.5533]]]]}, "properties": {"dong": "Junggok 2(i)-dong", "dong_kr": "중곡2동", "osm_id": 3881574, "conn_tier": "no-data"}}, {"type": "Feature", "geometry": {"type": "MultiPolygon", "coordinates": [[[[127.076, 37.5668], [127.0869, 37.5635], [127.0861, 37.5708], [127.0784, 37.5718], [127.076, 37.5668]]]]}, "properties": {"dong": "Junggok 3(sam)-dong", "dong_kr": "중곡3동", "osm_id": 3881575, "conn_tier": "low"}}, {"type": "Feature", "geometry": {"type": "MultiPolygon", "coordinates": [[[[127.101, 37.5734], [127.0918, 37.5695], [127.0885, 37.5702], [127.0882, 37.5708], [127.0861, 37.5708], [127.0887, 37.5533], [127.0896, 37.5523], [127.0908, 37.5527], [127.0953, 37.5564], [127.1026, 37.5593], [127.1012, 37.5609], [127.104, 37.5712], [127.1038, 37.5719], [127.101, 37.5734]]]]}, "properties": {"dong": "Junggok 4(sa)-dong", "dong_kr": "중곡4동", "osm_id": 3881576, "conn_tier": "no-data"}}, {"type": "Feature", "geometry": {"type": "MultiPolygon", "coordinates": [[[[127.0494, 37.5636], [127.0488, 37.5627], [127.0474, 37.5652], [127.0467, 37.565], [127.0451, 37.562], [127.043, 37.5625], [127.0392, 37.5618], [127.0378, 37.5659], [127.0348, 37.5662], [127.0328, 37.5681], [127.0336, 37.5684], [127.0335, 37.569], [127.0322, 37.5701], [127.035, 37.5717], [127.0382, 37.5723], [127.0382, 37.573], [127.0419, 37.573], [127.0425, 37.5716], [127.046, 37.5699], [127.0494, 37.5636]]]]}, "properties": {"dong": "Majang-dong", "dong_kr": "마장동", "osm_id": 3882064, "conn_tier": "high"}}, {"type": "Feature", "geometry": {"type": "MultiPolygon", "coordinates": [[[[127.0408, 37.5523], [127.0501, 37.5529], [127.0518, 37.5545], [127.052, 37.5582], [127.0494, 37.5636], [127.0488, 37.5627], [127.0474, 37.5652], [127.0467, 37.565], [127.0451, 37.562], [127.043, 37.5625], [127.0392, 37.5618], [127.0395, 37.5551], [127.0387, 37.5534], [127.0401, 37.5532], [127.0408, 37.5523]]]]}, "properties": {"dong": "Sageun-dong", "dong_kr": "사근동", "osm_id": 3882065, "conn_tier": "mid"}}, {"type": "Feature", "geometry": {"type": "MultiPolygon", "coordinates": [[[[127.0738, 37.5594], [127.0675, 37.5483], [127.0601, 37.5484], [127.0521, 37.5509], [127.0527, 37.5522], [127.0606, 37.5498], [127.0632, 37.5501], [127.0723, 37.56], [127.0738, 37.5594]]]]}, "properties": {"dong": "Songjeong-dong", "dong_kr": "송정동", "osm_id": 3882067, "conn_tier": "no-data"}}, {"type": "Feature", "geometry": {"type": "MultiPolygon", "coordinates": [[[[127.0211, 37.5383], [127.0239, 37.5397], [127.0218, 37.5426], [127.0203, 37.5417], [127.0196, 37.5432], [127.0198, 37.5443], [127.0191, 37.5449], [127.0155, 37.5452], [127.0149, 37.5476], [127.0154, 37.5482], [127.0141, 37.5503], [127.0093, 37.5472], [127.0094, 37.5461], [127.0083, 37.5451], [127.009, 37.5444], [127.0087, 37.5419], [127.0096, 37.5395], [127.0115, 37.539], [127.0133, 37.5395], [127.0156, 37.5385], [127.0172, 37.5374], [127.0175, 37.535], [127.0211, 37.5383]]]]}, "properties": {"dong": "Oksu-dong", "dong_kr": "옥수동", "osm_id": 3882068, "conn_tier": "very-high"}}, {"type": "Feature", "geometry": {"type": "MultiPolygon", "coordinates": [[[[127.0419, 37.573], [127.0485, 37.57], [127.0591, 37.5623], [127.0723, 37.56], [127.0632, 37.5501], [127.0606, 37.5498], [127.0501, 37.5529], [127.0518, 37.5545], [127.052, 37.5582], [127.0464, 37.5693], [127.0425, 37.5716], [127.0419, 37.573]]]]}, "properties": {"dong": "Yongdap-dong", "dong_kr": "용답동", "osm_id": 3882070, "conn_tier": "mid"}}, {"type": "Feature", "geometry": {"type": "MultiPolygon", "coordinates": [[[[127.0317, 37.5459], [127.0384, 37.5512], [127.0408, 37.5523], [127.0401, 37.5532], [127.037, 37.5537], [127.036, 37.5548], [127.0332, 37.5543], [127.0321, 37.5529], [127.0295, 37.554], [127.0287, 37.5493], [127.0317, 37.5459]]]]}, "properties": {"dong": "Eungbong-dong", "dong_kr": "응봉동", "osm_id": 3882071, "conn_tier": "no-data"}}, {"type": "Feature", "geometry": {"type": "MultiPolygon", "coordinates": [[[[127.0521, 37.5509], [127.0496, 37.5442], [127.0459, 37.5459], [127.0438, 37.5461], [127.0436, 37.5457], [127.0362, 37.5477], [127.036, 37.5494], [127.0384, 37.5512], [127.0431, 37.5528], [127.0501, 37.5529], [127.0527, 37.5522], [127.0521, 37.5509]]]]}, "properties": {"dong": "Seongsu 1(il)-ga 1(il)-dong", "dong_kr": "성수1가2동", "osm_id": 3882073, "conn_tier": "mid"}}, {"type": "Feature", "geometry": {"type": "MultiPolygon", "coordinates": [[[[127.0295, 37.554], [127.026, 37.5549], [127.0246, 37.5558], [127.0243, 37.5578], [127.0194, 37.5574], [127.02, 37.5546], [127.0208, 37.5538], [127.0251, 37.5524], [127.026, 37.55], [127.0257, 37.548], [127.0289, 37.549], [127.0295, 37.5515], [127.0289, 37.5527], [127.0295, 37.554]]]]}, "properties": {"dong": "Geumho 1(il)-ga-dong", "dong_kr": "금호1가동", "osm_id": 3882074, "conn_tier": "high"}}, {"type": "Feature", "geometry": {"type": "MultiPolygon", "coordinates": [[[[127.0194, 37.5574], [127.0178, 37.5565], [127.0168, 37.5535], [127.0136, 37.5503], [127.0141, 37.5503], [127.0154, 37.5482], [127.0257, 37.548], [127.026, 37.55], [127.0251, 37.5524], [127.0208, 37.5538], [127.02, 37.5546], [127.0194, 37.5574]]]]}, "properties": {"dong": "Geumho 2·3(i·sam)-ga-dong", "dong_kr": "금호2·3가동", "osm_id": 3882075, "conn_tier": "no-data"}}, {"type": "Feature", "geometry": {"type": "MultiPolygon", "coordinates": [[[[127.0289, 37.549], [127.0317, 37.5459], [127.0268, 37.5424], [127.0259, 37.54], [127.0239, 37.5397], [127.0218, 37.5426], [127.0203, 37.5417], [127.0196, 37.5432], [127.0198, 37.5443], [127.0191, 37.5449], [127.0155, 37.5452], [127.0149, 37.5476], [127.0168, 37.5483], [127.0267, 37.548], [127.0289, 37.549]]]]}, "properties": {"dong": "Geumho 4(sa)-ga-dong", "dong_kr": "금호4가동", "osm_id": 3882076, "conn_tier": "no-data"}}, {"type": "Feature", "geometry": {"type": "MultiPolygon", "coordinates": [[[[127.0461, 37.5346], [127.0493, 37.5335], [127.0503, 37.5366], [127.052, 37.5384], [127.0511, 37.5391], [127.0515, 37.5397], [127.0504, 37.54], [127.0519, 37.5435], [127.0459, 37.5459], [127.0438, 37.5461], [127.0436, 37.5457], [127.0362, 37.5477], [127.036, 37.5494], [127.0268, 37.5424], [127.0259, 37.54], [127.0461, 37.5346]]]]}, "properties": {"dong": "Seongsu 1(il)-ga 1(il)-dong", "dong_kr": "성수1가1동", "osm_id": 3882077, "conn_tier": "mid"}}, {"type": "Feature", "geometry": {"type": "MultiPolygon", "coordinates": [[[[127.0629, 37.5402], [127.0519, 37.5435], [127.0504, 37.54], [127.0515, 37.5397], [127.0511, 37.5391], [127.052, 37.5384], [127.0503, 37.5366], [127.0493, 37.5335], [127.0572, 37.5301], [127.0629, 37.5402]]]]}, "properties": {"dong": "Seongsu 2(i)-ga 1(il)-dong", "dong_kr": "성수2가1동", "osm_id": 3882078, "conn_tier": "no-data"}}, {"type": "Feature", "geometry": {"type": "MultiPolygon", "coordinates": [[[[127.0629, 37.5402], [127.0496, 37.5442], [127.0521, 37.5509], [127.0601, 37.5484], [127.0675, 37.5483], [127.0629, 37.5402]]]]}, "properties": {"dong": "Seongsu 2(i)-ga 3(sam)-dong", "dong_kr": "성수2가3동", "osm_id": 3882079, "conn_tier": "mid"}}, {"type": "Feature", "geometry": {"type": "MultiPolygon", "coordinates": [[[[127.0233, 37.5607], [127.0262, 37.563], [127.0268, 37.5651], [127.0336, 37.5624], [127.0324, 37.561], [127.0296, 37.56], [127.0279, 37.5601], [127.0255, 37.5581], [127.0243, 37.5578], [127.0229, 37.5579], [127.0224, 37.5591], [127.0233, 37.5607]]]]}, "properties": {"dong": "Wangsimni 2(i)-dong", "dong_kr": "왕십리2동", "osm_id": 3882080, "conn_tier": "no-data"}}, {"type": "Feature", "geometry": {"type": "MultiPolygon", "coordinates": [[[[127.0344, 37.5619], [127.0355, 37.5612], [127.0365, 37.566], [127.0348, 37.5662], [127.0328, 37.5681], [127.0336, 37.5684], [127.0335, 37.569], [127.0322, 37.5701], [127.0304, 37.5698], [127.0262, 37.5713], [127.0253, 37.5708], [127.0234, 37.5719], [127.0236, 37.5652], [127.0291, 37.5645], [127.0344, 37.5619]]]]}, "properties": {"dong": "WangsimniDoseon-dong", "dong_kr": "왕십리도선동", "osm_id": 3882081, "conn_tier": "no-data"}}, {"type": "Feature", "geometry": {"type": "MultiPolygon", "coordinates": [[[[127.0387, 37.5534], [127.037, 37.5537], [127.036, 37.5548], [127.0344, 37.5547], [127.034, 37.5585], [127.0307, 37.5582], [127.0314, 37.5592], [127.0307, 37.5603], [127.033, 37.5614], [127.0336, 37.5624], [127.0355, 37.5612], [127.0365, 37.566], [127.0378, 37.5659], [127.0392, 37.5618], [127.0395, 37.5551], [127.0387, 37.5534]]]]}, "properties": {"dong": "Haengdang 1(il)-dong", "dong_kr": "행당1동", "osm_id": 3882082, "conn_tier": "high"}}, {"type": "Feature", "geometry": {"type": "MultiPolygon", "coordinates": [[[[127.0295, 37.554], [127.026, 37.5549], [127.0246, 37.5558], [127.0242, 37.558], [127.0255, 37.5581], [127.0279, 37.5601], [127.0303, 37.5604], [127.0314, 37.5592], [127.0307, 37.559], [127.0307, 37.5578], [127.034, 37.5585], [127.0344, 37.5547], [127.0332, 37.5543], [127.0321, 37.5529], [127.0295, 37.554]]]]}, "properties": {"dong": "Haengdang 2(i)-dong", "dong_kr": "행당2동", "osm_id": 3882083, "conn_tier": "high"}}, {"type": "Feature", "geometry": {"type": "MultiPolygon", "coordinates": [[[[127.0425, 37.5793], [127.0389, 37.5782], [127.0328, 37.5784], [127.0317, 37.5814], [127.0297, 37.5814], [127.0295, 37.5827], [127.0233, 37.5784], [127.0234, 37.5719], [127.0253, 37.5708], [127.0262, 37.5713], [127.0314, 37.5698], [127.0359, 37.5721], [127.0382, 37.5723], [127.0382, 37.573], [127.0426, 37.5727], [127.0453, 37.5772], [127.0425, 37.5793]]]]}, "properties": {"dong": "Yongsin-dong", "dong_kr": "용신동", "osm_id": 3882160, "conn_tier": "mid"}}, {"type": "Feature", "geometry": {"type": "MultiPolygon", "coordinates": [[[[127.0425, 37.5793], [127.0389, 37.5782], [127.0328, 37.5784], [127.0317, 37.5814], [127.0297, 37.5814], [127.0295, 37.5827], [127.0363, 37.5899], [127.0362, 37.5912], [127.0405, 37.5914], [127.0399, 37.5907], [127.0415, 37.5908], [127.0398, 37.5885], [127.0405, 37.5876], [127.0402, 37.5868], [127.0424, 37.5867], [127.0441, 37.5814], [127.0429, 37.5814], [127.0435, 37.5796], [127.0425, 37.5793]]]]}, "properties": {"dong": "Jegi-dong", "dong_kr": "제기동", "osm_id": 3882164, "conn_tier": "no-data"}}, {"type": "Feature", "geometry": {"type": "MultiPolygon", "coordinates": [[[[127.0473, 37.5962], [127.0455, 37.5953], [127.0448, 37.5964], [127.0437, 37.5963], [127.043, 37.597], [127.0418, 37.5965], [127.0402, 37.5948], [127.0388, 37.5914], [127.0405, 37.5914], [127.0399, 37.5907], [127.041, 37.5904], [127.0415, 37.5908], [127.0398, 37.5885], [127.0405, 37.5876], [127.0402, 37.5868], [127.0424, 37.5867], [127.0441, 37.5814], [127.0429, 37.5814], [127.0435, 37.5796], [127.0451, 37.5801], [127.0502, 37.584], [127.0534, 37.5878], [127.051, 37.5892], [127.0471, 37.5888], [127.0481, 37.5908], [127.0472, 37.5913], [127.0478, 37.5932], [127.0472, 37.5941], [127.0477, 37.5954], [127.0473, 37.5962]]]]}, "properties": {"dong": "Cheongnyangni-dong", "dong_kr": "청량리동", "osm_id": 3882165, "conn_tier": "mid"}}, {"type": "Feature", "geometry": {"type": "MultiPolygon", "coordinates": [[[[127.0514, 37.6011], [127.0535, 37.5987], [127.0532, 37.5981], [127.0548, 37.5956], [127.0544, 37.5943], [127.056, 37.5929], [127.0558, 37.5911], [127.0568, 37.5914], [127.0559, 37.5902], [127.0565, 37.5891], [127.0557, 37.5893], [127.0559, 37.5899], [127.0534, 37.5878], [127.051, 37.5892], [127.0471, 37.5888], [127.0481, 37.5907], [127.0472, 37.5913], [127.0478, 37.5932], [127.0472, 37.5941], [127.0474, 37.5965], [127.0505, 37.6006], [127.0514, 37.6011]]]]}, "properties": {"dong": "Hoegi-dong", "dong_kr": "회기동", "osm_id": 3882166, "conn_tier": "no-data"}}, {"type": "Feature", "geometry": {"type": "MultiPolygon", "coordinates": [[[[127.0426, 37.5727], [127.0485, 37.57], [127.0567, 37.5639], [127.0574, 37.5652], [127.0568, 37.5657], [127.0587, 37.5669], [127.057, 37.568], [127.0576, 37.5754], [127.0553, 37.5757], [127.0546, 37.5752], [127.0553, 37.5743], [127.0539, 37.5739], [127.0534, 37.5744], [127.0535, 37.5739], [127.0521, 37.5736], [127.0492, 37.5752], [127.0472, 37.5728], [127.0452, 37.5746], [127.0454, 37.5767], [127.0426, 37.5727]]]]}, "properties": {"dong": "Dapsimni 1(il)-dong", "dong_kr": "답십리1동", "osm_id": 3882168, "conn_tier": "no-data"}}, {"type": "Feature", "geometry": {"type": "MultiPolygon", "coordinates": [[[[127.0578, 37.563], [127.0612, 37.5656], [127.0645, 37.5699], [127.0668, 37.5737], [127.0676, 37.5763], [127.063, 37.5765], [127.0576, 37.5748], [127.057, 37.568], [127.0587, 37.5669], [127.0568, 37.5657], [127.0574, 37.5652], [127.0567, 37.5639], [127.0578, 37.563]]]]}, "properties": {"dong": "Dapsimni 2(i)-dong", "dong_kr": "답십리2동", "osm_id": 3882169, "conn_tier": "no-data"}}, {"type": "Feature", "geometry": {"type": "MultiPolygon", "coordinates": [[[[127.0609, 37.6035], [127.062, 37.6027], [127.0619, 37.6002], [127.0645, 37.6004], [127.065, 37.5993], [127.0657, 37.5995], [127.0656, 37.5989], [127.0676, 37.5992], [127.0678, 37.5971], [127.069, 37.5988], [127.0703, 37.5982], [127.0724, 37.6007], [127.0718, 37.6068], [127.068, 37.6068], [127.0663, 37.6055], [127.0623, 37.6051], [127.0609, 37.6035]]]]}, "properties": {"dong": "Imun 1(il)-dong", "dong_kr": "이문1동", "osm_id": 3882170, "conn_tier": "low"}}, {"type": "Feature", "geometry": {"type": "MultiPolygon", "coordinates": [[[[127.0703, 37.5982], [127.0697, 37.5974], [127.0696, 37.5953], [127.0678, 37.5944], [127.0653, 37.5953], [127.0645, 37.5947], [127.0631, 37.5951], [127.061, 37.5926], [127.0607, 37.593], [127.0579, 37.5927], [127.0571, 37.5915], [127.0558, 37.5911], [127.056, 37.5929], [127.0544, 37.5943], [127.0548, 37.5956], [127.0532, 37.5981], [127.0535, 37.5987], [127.052, 37.6], [127.0551, 37.6013], [127.0592, 37.601], [127.0606, 37.602], [127.06, 37.6025], [127.0609, 37.6035], [127.062, 37.6027], [127.0619, 37.6002], [127.0645, 37.6004], [127.065, 37.5993], [127.0657, 37.5995], [127.0656, 37.5989], [127.0676, 37.5992], [127.0678, 37.5971], [127.069, 37.5988], [127.0703, 37.5982]]]]}, "properties": {"dong": "Imun 2(i)-dong", "dong_kr": "이문2동", "osm_id": 3882171, "conn_tier": "low"}}, {"type": "Feature", "geometry": {"type": "MultiPolygon", "coordinates": [[[[127.076, 37.5668], [127.0784, 37.5718], [127.0745, 37.5721], [127.0725, 37.5678], [127.0687, 37.5676], [127.0717, 37.5723], [127.0663, 37.5727], [127.0612, 37.5656], [127.0578, 37.563], [127.0591, 37.5623], [127.0723, 37.56], [127.076, 37.5668]]]]}, "properties": {"dong": "Jangan 1(il)-dong", "dong_kr": "장안1동", "osm_id": 3882172, "conn_tier": "mid"}}, {"type": "Feature", "geometry": {"type": "MultiPolygon", "coordinates": [[[[127.0663, 37.5727], [127.0717, 37.5723], [127.0687, 37.5676], [127.0725, 37.5678], [127.0745, 37.5721], [127.0784, 37.5718], [127.0773, 37.5808], [127.0683, 37.5823], [127.0683, 37.5799], [127.067, 37.5765], [127.0676, 37.5763], [127.0663, 37.5727]]]]}, "properties": {"dong": "Jangan 2(i)-dong", "dong_kr": "장안2동", "osm_id": 3882173, "conn_tier": "no-data"}}, {"type": "Feature", "geometry": {"type": "MultiPolygon", "coordinates": [[[[127.0534, 37.5878], [127.0538, 37.5873], [127.0548, 37.5877], [127.0552, 37.5857], [127.0544, 37.5843], [127.0549, 37.5834], [127.0535, 37.5836], [127.0578, 37.5775], [127.0576, 37.5754], [127.0553, 37.5757], [127.0546, 37.5752], [127.0553, 37.5743], [127.0539, 37.5739], [127.0534, 37.5744], [127.0535, 37.5739], [127.0521, 37.5736], [127.0492, 37.5752], [127.0472, 37.5728], [127.0452, 37.5746], [127.0457, 37.5765], [127.045, 37.5768], [127.0453, 37.5772], [127.0425, 37.5793], [127.0451, 37.5801], [127.0502, 37.584], [127.0534, 37.5878]]]]}, "properties": {"dong": "Jeonnong 1(il)-dong", "dong_kr": "전농1동", "osm_id": 3882174, "conn_tier": "no-data"}}, {"type": "Feature", "geometry": {"type": "MultiPolygon", "coordinates": [[[[127.0549, 37.5834], [127.0535, 37.5836], [127.0578, 37.5775], [127.0576, 37.5748], [127.063, 37.5765], [127.067, 37.5765], [127.0683, 37.5799], [127.0683, 37.5828], [127.0641, 37.5817], [127.0645, 37.5846], [127.0619, 37.5855], [127.058, 37.585], [127.0549, 37.5834]]]]}, "properties": {"dong": "Jeonnong 2(i)-dong", "dong_kr": "전농2동", "osm_id": 3882175, "conn_tier": "no-data"}}, {"type": "Feature", "geometry": {"type": "MultiPolygon", "coordinates": [[[[127.0548, 37.5877], [127.0704, 37.5925], [127.0696, 37.5953], [127.0678, 37.5944], [127.0653, 37.5953], [127.0645, 37.5947], [127.0631, 37.5951], [127.061, 37.5926], [127.0607, 37.593], [127.0579, 37.5927], [127.0559, 37.5902], [127.0565, 37.5891], [127.0557, 37.5893], [127.0559, 37.5899], [127.0534, 37.5878], [127.0538, 37.5873], [127.0548, 37.5877]]]]}, "properties": {"dong": "Hwigyeong 1(il)-dong", "dong_kr": "휘경1동", "osm_id": 3882176, "conn_tier": "low"}}, {"type": "Feature", "geometry": {"type": "MultiPolygon", "coordinates": [[[[127.0704, 37.5925], [127.0712, 37.5886], [127.0773, 37.5808], [127.0683, 37.5823], [127.0683, 37.5828], [127.0641, 37.5817], [127.0645, 37.5846], [127.063, 37.5853], [127.058, 37.585], [127.0552, 37.5834], [127.0544, 37.5843], [127.0552, 37.5857], [127.055, 37.5878], [127.0704, 37.5925]]]]}, "properties": {"dong": "Hwigyeong 2(i)-dong", "dong_kr": "휘경2동", "osm_id": 3882177, "conn_tier": "no-data"}}, {"type": "Feature", "geometry": {"type": "MultiPolygon", "coordinates": [[[[126.9042, 37.5149], [126.9086, 37.5171], [126.9173, 37.5173], [126.9174, 37.5155], [126.9188, 37.5142], [126.917, 37.5122], [126.9104, 37.5106], [126.9101, 37.5124], [126.9064, 37.5121], [126.9035, 37.5095], [126.902, 37.5096], [126.9006, 37.5122], [126.8982, 37.5113], [126.8978, 37.512], [126.9042, 37.5149]]]]}, "properties": {"dong": "Yeongdeungpobon-dong", "dong_kr": "영등포본동", "osm_id": 3882299, "conn_tier": "very-high"}}, {"type": "Feature", "geometry": {"type": "MultiPolygon", "coordinates": [[[[127.1168, 37.6087], [127.1013, 37.6136], [127.1012, 37.6093], [127.1034, 37.6097], [127.1038, 37.6093], [127.1038, 37.6068], [127.1021, 37.6036], [127.1005, 37.6025], [127.1005, 37.6005], [127.0955, 37.5995], [127.0953, 37.5987], [127.0928, 37.5982], [127.0932, 37.5941], [127.1, 37.5956], [127.1012, 37.5945], [127.1081, 37.5945], [127.1091, 37.5931], [127.1123, 37.5918], [127.114, 37.5935], [127.1161, 37.5944], [127.1161, 37.5975], [127.1139, 37.5993], [127.1156, 37.6019], [127.1182, 37.6038], [127.1184, 37.6076], [127.1168, 37.6087]]]]}, "properties": {"dong": "Mangubon-dong", "dong_kr": "망우본동", "osm_id": 3882927, "conn_tier": "very-low"}}, {"type": "Feature", "geometry": {"type": "MultiPolygon", "coordinates": [[[[127.1101, 37.5879], [127.1123, 37.5918], [127.1091, 37.5931], [127.1081, 37.5945], [127.1012, 37.5945], [127.1, 37.5956], [127.0932, 37.5941], [127.0937, 37.5897], [127.0975, 37.5906], [127.1021, 37.5889], [127.1023, 37.5893], [127.1059, 37.5882], [127.1101, 37.5879]]]]}, "properties": {"dong": "Mangu 3(sam)-dong", "dong_kr": "망우3동", "osm_id": 3882928, "conn_tier": "no-data"}}, {"type": "Feature", "geometry": {"type": "MultiPolygon", "coordinates": [[[[127.0865, 37.5927], [127.0845, 37.5887], [127.0835, 37.5845], [127.0937, 37.5837], [127.0949, 37.586], [127.0937, 37.5897], [127.0932, 37.5941], [127.0865, 37.5927]]]]}, "properties": {"dong": "Myeonmokbon-dong", "dong_kr": "면목본동", "osm_id": 3882929, "conn_tier": "very-low"}}, {"type": "Feature", "geometry": {"type": "MultiPolygon", "coordinates": [[[[127.0737, 37.5853], [127.0712, 37.5886], [127.0707, 37.5911], [127.0787, 37.5929], [127.0791, 37.592], [127.0802, 37.5922], [127.0801, 37.5913], [127.0865, 37.5927], [127.0841, 37.5876], [127.0737, 37.5853]]]]}, "properties": {"dong": "Myeonmok 2(i)-dong", "dong_kr": "면목2동", "osm_id": 3882930, "conn_tier": "no-data"}}, {"type": "Feature", "geometry": {"type": "MultiPolygon", "coordinates": [[[[127.1028, 37.5787], [127.0986, 37.58], [127.0975, 37.581], [127.0939, 37.5806], [127.0933, 37.5811], [127.0905, 37.5805], [127.0834, 37.5812], [127.0839, 37.583], [127.0835, 37.5845], [127.0937, 37.5837], [127.0949, 37.586], [127.0937, 37.5897], [127.0975, 37.5906], [127.1021, 37.5889], [127.1023, 37.5893], [127.1059, 37.5882], [127.1101, 37.5879], [127.1084, 37.5832], [127.1042, 37.5812], [127.1026, 37.5793], [127.1028, 37.5787]]]]}, "properties": {"dong": "Myeonmok 3·8(sam·pal)-dong", "dong_kr": "면목3·8동", "osm_id": 3882931, "conn_tier": "low"}}, {"type": "Feature", "geometry": {"type": "MultiPolygon", "coordinates": [[[[127.0861, 37.5708], [127.0784, 37.5718], [127.078, 37.5776], [127.0802, 37.5777], [127.0807, 37.5763], [127.0876, 37.5769], [127.088, 37.5765], [127.089, 37.5772], [127.0892, 37.5765], [127.0883, 37.5754], [127.0902, 37.5752], [127.0932, 37.5736], [127.0961, 37.5711], [127.0918, 37.5695], [127.0885, 37.5702], [127.0882, 37.5708], [127.0861, 37.5708]]]]}, "properties": {"dong": "Myeonmok 4(sa)-dong", "dong_kr": "면목4동", "osm_id": 3882932, "conn_tier": "low"}}, {"type": "Feature", "geometry": {"type": "MultiPolygon", "coordinates": [[[[127.0834, 37.5812], [127.0839, 37.583], [127.0835, 37.5852], [127.0841, 37.5876], [127.0737, 37.5853], [127.0777, 37.5801], [127.078, 37.5776], [127.0802, 37.5777], [127.0834, 37.5812]]]]}, "properties": {"dong": "Myeonmok 5(o)-dong", "dong_kr": "면목5동", "osm_id": 3882933, "conn_tier": "no-data"}}, {"type": "Feature", "geometry": {"type": "MultiPolygon", "coordinates": [[[[127.101, 37.5734], [127.101, 37.5754], [127.1028, 37.5787], [127.0986, 37.58], [127.0975, 37.581], [127.0939, 37.5806], [127.0933, 37.5811], [127.0905, 37.5805], [127.0834, 37.5812], [127.0802, 37.5777], [127.0807, 37.5763], [127.0876, 37.5769], [127.088, 37.5765], [127.089, 37.5772], [127.0892, 37.5765], [127.0883, 37.5754], [127.0902, 37.5752], [127.0932, 37.5736], [127.0961, 37.5711], [127.101, 37.5734]]]]}, "properties": {"dong": "Myeonmok 7(chil)-dong", "dong_kr": "면목7동", "osm_id": 3882934, "conn_tier": "no-data"}}, {"type": "Feature", "geometry": {"type": "MultiPolygon", "coordinates": [[[[127.0898, 37.618], [127.0893, 37.6183], [127.0899, 37.6195], [127.0888, 37.6202], [127.086, 37.6203], [127.0758, 37.6171], [127.0788, 37.6053], [127.0805, 37.6055], [127.0817, 37.6067], [127.0835, 37.6066], [127.0852, 37.608], [127.0876, 37.6087], [127.0864, 37.6098], [127.0855, 37.6098], [127.0849, 37.6118], [127.0862, 37.6135], [127.0862, 37.6148], [127.0887, 37.615], [127.0906, 37.6177], [127.0898, 37.618]]]]}, "properties": {"dong": "Muk 1(il)-dong", "dong_kr": "묵1동", "osm_id": 3882935, "conn_tier": "very-low"}}, {"type": "Feature", "geometry": {"type": "MultiPolygon", "coordinates": [[[[127.0714, 37.6152], [127.0717, 37.6074], [127.0732, 37.6076], [127.0738, 37.6047], [127.0788, 37.6053], [127.0758, 37.6171], [127.0714, 37.6152]]]]}, "properties": {"dong": "Muk 2(i)-dong", "dong_kr": "묵2동", "osm_id": 3882936, "conn_tier": "no-data"}}, {"type": "Feature", "geometry": {"type": "MultiPolygon", "coordinates": [[[[127.0803, 37.595], [127.0953, 37.5987], [127.0959, 37.6006], [127.0954, 37.6006], [127.0949, 37.6024], [127.0938, 37.6026], [127.0938, 37.605], [127.0891, 37.609], [127.0876, 37.6087], [127.0874, 37.6057], [127.0861, 37.6033], [127.0862, 37.6022], [127.087, 37.602], [127.0865, 37.6003], [127.0847, 37.5986], [127.0829, 37.5987], [127.0831, 37.5966], [127.0804, 37.5957], [127.0803, 37.595]]]]}, "properties": {"dong": "Sangbong 1(il)-dong", "dong_kr": "상봉1동", "osm_id": 3882937, "conn_tier": "no-data"}}, {"type": "Feature", "geometry": {"type": "MultiPolygon", "coordinates": [[[[127.0803, 37.595], [127.0928, 37.5982], [127.0932, 37.5941], [127.0801, 37.5913], [127.0802, 37.5922], [127.0791, 37.592], [127.0787, 37.5929], [127.0707, 37.5911], [127.0704, 37.5925], [127.0803, 37.595]]]]}, "properties": {"dong": "Sangbong 2(i)-dong", "dong_kr": "상봉2동", "osm_id": 3882938, "conn_tier": "very-low"}}, {"type": "Feature", "geometry": {"type": "MultiPolygon", "coordinates": [[[[127.0955, 37.5995], [127.0959, 37.6006], [127.0968, 37.6009], [127.0951, 37.6072], [127.0964, 37.6122], [127.096, 37.6146], [127.0949, 37.6157], [127.0893, 37.6183], [127.0893, 37.6191], [127.0899, 37.6195], [127.0958, 37.6174], [127.0998, 37.6181], [127.1016, 37.6198], [127.1057, 37.6209], [127.1088, 37.6205], [127.1108, 37.6211], [127.116, 37.6194], [127.117, 37.6177], [127.1168, 37.6144], [127.1174, 37.6125], [127.1168, 37.6087], [127.1013, 37.6136], [127.1012, 37.6093], [127.1034, 37.6097], [127.1038, 37.6093], [127.1038, 37.6068], [127.1021, 37.6036], [127.1005, 37.6025], [127.1005, 37.6005], [127.0955, 37.5995]]]]}, "properties": {"dong": "Sinnae 1(il)-dong", "dong_kr": "신내1동", "osm_id": 3882939, "conn_tier": "no-data"}}, {"type": "Feature", "geometry": {"type": "MultiPolygon", "coordinates": [[[[127.0898, 37.618], [127.0906, 37.6177], [127.0887, 37.615], [127.0862, 37.6148], [127.0862, 37.6135], [127.0849, 37.6112], [127.0855, 37.6098], [127.0864, 37.6098], [127.0873, 37.6087], [127.0891, 37.609], [127.0898, 37.6085], [127.0938, 37.605], [127.0938, 37.6026], [127.0949, 37.6024], [127.0954, 37.6006], [127.0968, 37.6009], [127.0951, 37.6072], [127.0964, 37.6122], [127.096, 37.6146], [127.0949, 37.6157], [127.0898, 37.618]]]]}, "properties": {"dong": "Sinnae 2(i)-dong", "dong_kr": "신내2동", "osm_id": 3882940, "conn_tier": "no-data"}}, {"type": "Feature", "geometry": {"type": "MultiPolygon", "coordinates": [[[[127.0876, 37.6087], [127.0852, 37.608], [127.0835, 37.6066], [127.0817, 37.6067], [127.0805, 37.6055], [127.0788, 37.6053], [127.08, 37.5957], [127.0831, 37.5966], [127.0829, 37.5987], [127.0847, 37.5986], [127.0865, 37.6003], [127.087, 37.602], [127.0862, 37.6022], [127.0861, 37.6033], [127.0874, 37.6057], [127.0876, 37.6087]]]]}, "properties": {"dong": "Junghwa 1(il)-dong", "dong_kr": "중화1동", "osm_id": 3882941, "conn_tier": "very-low"}}, {"type": "Feature", "geometry": {"type": "MultiPolygon", "coordinates": [[[[127.0788, 37.6053], [127.0803, 37.595], [127.0704, 37.5925], [127.0694, 37.5959], [127.0697, 37.5974], [127.0724, 37.6007], [127.0726, 37.6021], [127.0717, 37.6074], [127.0732, 37.6076], [127.0738, 37.6047], [127.0788, 37.6053]]]]}, "properties": {"dong": "Junghwa 2(i)-dong", "dong_kr": "중화2동", "osm_id": 3882942, "conn_tier": "no-data"}}, {"type": "Feature", "geometry": {"type": "MultiPolygon", "coordinates": [[[[127.07, 37.6315], [127.0644, 37.6308], [127.0653, 37.628], [127.0696, 37.6245], [127.0711, 37.62], [127.0714, 37.6152], [127.0814, 37.619], [127.0813, 37.6197], [127.0798, 37.62], [127.0781, 37.6216], [127.0773, 37.6256], [127.0756, 37.6282], [127.07, 37.6315]]]]}, "properties": {"dong": "Gongneung 1(il)-dong", "dong_kr": "공릉1동", "osm_id": 3882977, "conn_tier": "very-low"}}, {"type": "Feature", "geometry": {"type": "MultiPolygon", "coordinates": [[[[127.0837, 37.6401], [127.0859, 37.6409], [127.0907, 37.6412], [127.0915, 37.6422], [127.094, 37.6429], [127.0949, 37.6455], [127.0992, 37.6452], [127.1007, 37.6458], [127.1071, 37.6449], [127.1089, 37.6441], [127.1101, 37.6423], [127.1111, 37.6426], [127.1123, 37.6402], [127.1106, 37.6391], [127.1124, 37.6368], [127.112, 37.6325], [127.1096, 37.6298], [127.1053, 37.6271], [127.1052, 37.6252], [127.1036, 37.6231], [127.1038, 37.6219], [127.1057, 37.6209], [127.1016, 37.6198], [127.0998, 37.6181], [127.0986, 37.6182], [127.0979, 37.6175], [127.0939, 37.6178], [127.0888, 37.6202], [127.086, 37.6203], [127.0814, 37.619], [127.0813, 37.6197], [127.0798, 37.62], [127.0781, 37.6216], [127.0766, 37.6271], [127.0713, 37.6311], [127.0728, 37.6318], [127.0737, 37.6309], [127.0765, 37.6308], [127.0781, 37.6344], [127.0798, 37.6345], [127.083, 37.64], [127.0837, 37.6401]]]]}, "properties": {"dong": "Gongneung 2(i)-dong", "dong_kr": "공릉2동", "osm_id": 3882978, "conn_tier": "very-low"}}, {"type": "Feature", "geometry": {"type": "MultiPolygon", "coordinates": [[[[127.0578, 37.6645], [127.0587, 37.6611], [127.0514, 37.6619], [127.0541, 37.6547], [127.0617, 37.656], [127.0613, 37.6597], [127.0626, 37.6597], [127.0626, 37.6589], [127.0652, 37.6592], [127.0657, 37.6613], [127.0629, 37.6613], [127.0634, 37.6648], [127.062, 37.6652], [127.0578, 37.6645]]]]}, "properties": {"dong": "Sanggye 10(sip)-dong", "dong_kr": "상계10동", "osm_id": 3882979, "conn_tier": "no-data"}}, {"type": "Feature", "geometry": {"type": "MultiPolygon", "coordinates": [[[[127.0811, 37.6962], [127.0765, 37.6957], [127.0731, 37.6938], [127.0691, 37.6939], [127.0677, 37.6948], [127.0635, 37.6949], [127.0625, 37.693], [127.0597, 37.6902], [127.0551, 37.6893], [127.0518, 37.6873], [127.0515, 37.6859], [127.0521, 37.6844], [127.0488, 37.6711], [127.0563, 37.6705], [127.0582, 37.6711], [127.0596, 37.6726], [127.0612, 37.6727], [127.0609, 37.6718], [127.0618, 37.6724], [127.064, 37.6709], [127.0641, 37.6725], [127.0659, 37.672], [127.0666, 37.6738], [127.0705, 37.6743], [127.074, 37.6776], [127.0735, 37.6785], [127.0754, 37.6818], [127.0758, 37.6853], [127.079, 37.688], [127.0816, 37.6886], [127.0856, 37.6906], [127.0841, 37.694], [127.0811, 37.6962]]]]}, "properties": {"dong": "Sanggye 1(il)-dong", "dong_kr": "상계1동", "osm_id": 3882980, "conn_tier": "very-low"}}, {"type": "Feature", "geometry": {"type": "MultiPolygon", "coordinates": [[[[127.0721, 37.6551], [127.0719, 37.6585], [127.0657, 37.6616], [127.0652, 37.6592], [127.0626, 37.6589], [127.0626, 37.6597], [127.0613, 37.6597], [127.0617, 37.656], [127.0601, 37.6557], [127.0605, 37.6542], [127.067, 37.6557], [127.0685, 37.6505], [127.0712, 37.6531], [127.0721, 37.6551]]]]}, "properties": {"dong": "Sanggye 2(i)-dong", "dong_kr": "상계2동", "osm_id": 3882982, "conn_tier": "very-low"}}, {"type": "Feature", "geometry": {"type": "MultiPolygon", "coordinates": [[[[127.0659, 37.672], [127.0666, 37.6738], [127.0705, 37.6743], [127.0717, 37.6753], [127.0726, 37.6749], [127.0732, 37.6729], [127.0746, 37.6723], [127.075, 37.6705], [127.074, 37.6685], [127.0717, 37.6664], [127.0756, 37.663], [127.0719, 37.6585], [127.0657, 37.6616], [127.0667, 37.6678], [127.0684, 37.6677], [127.0681, 37.6687], [127.0661, 37.6702], [127.0659, 37.672]]]]}, "properties": {"dong": "Sanggye 5(o)-dong", "dong_kr": "상계5동", "osm_id": 3882983, "conn_tier": "very-low"}}, {"type": "Feature", "geometry": {"type": "MultiPolygon", "coordinates": [[[[127.059, 37.6375], [127.0608, 37.6415], [127.0615, 37.6454], [127.0659, 37.6495], [127.0685, 37.6505], [127.067, 37.6557], [127.0605, 37.6542], [127.0601, 37.6557], [127.0541, 37.6547], [127.0543, 37.65], [127.0559, 37.646], [127.0548, 37.6419], [127.0554, 37.6403], [127.059, 37.6375]]]]}, "properties": {"dong": "Sanggye 6·7(yuk·chil)-dong", "dong_kr": "상계6·7동", "osm_id": 3882984, "conn_tier": "no-data"}}, {"type": "Feature", "geometry": {"type": "MultiPolygon", "coordinates": [[[[127.0488, 37.669], [127.051, 37.6648], [127.0514, 37.6619], [127.0587, 37.6611], [127.0563, 37.6705], [127.0488, 37.6711], [127.0488, 37.669]]]]}, "properties": {"dong": "Sanggye 8(pal)-dong", "dong_kr": "상계8동", "osm_id": 3882985, "conn_tier": "no-data"}}, {"type": "Feature", "geometry": {"type": "MultiPolygon", "coordinates": [[[[127.0563, 37.6705], [127.0578, 37.6645], [127.062, 37.6652], [127.0634, 37.6648], [127.0629, 37.6613], [127.0657, 37.6613], [127.0667, 37.6678], [127.0684, 37.6677], [127.0681, 37.6687], [127.0661, 37.6702], [127.0659, 37.672], [127.0641, 37.6725], [127.064, 37.6709], [127.0618, 37.6724], [127.0609, 37.6718], [127.0612, 37.6727], [127.0596, 37.6726], [127.0582, 37.6711], [127.0563, 37.6705]]]]}, "properties": {"dong": "Sanggye 9(gu)-dong", "dong_kr": "상계9동", "osm_id": 3882986, "conn_tier": "very-low"}}, {"type": "Feature", "geometry": {"type": "MultiPolygon", "coordinates": [[[[127.0658, 37.615], [127.0625, 37.6237], [127.059, 37.6302], [127.05, 37.6244], [127.0533, 37.6209], [127.0607, 37.6158], [127.0611, 37.6149], [127.0625, 37.6143], [127.0658, 37.615]]]]}, "properties": {"dong": "Wolgye 1(il)-dong", "dong_kr": "월계1동", "osm_id": 3882987, "conn_tier": "very-low"}}, {"type": "Feature", "geometry": {"type": "MultiPolygon", "coordinates": [[[[127.05, 37.6244], [127.0476, 37.6272], [127.0417, 37.6312], [127.0443, 37.6338], [127.0453, 37.6375], [127.0466, 37.6391], [127.0465, 37.641], [127.0492, 37.6423], [127.0507, 37.6449], [127.0513, 37.6449], [127.0533, 37.6413], [127.0551, 37.6408], [127.059, 37.6375], [127.059, 37.6302], [127.05, 37.6244]]]]}, "properties": {"dong": "Wolgye 2(i)-dong", "dong_kr": "월계2동", "osm_id": 3882988, "conn_tier": "very-low"}}, {"type": "Feature", "geometry": {"type": "MultiPolygon", "coordinates": [[[[127.0713, 37.6161], [127.0711, 37.62], [127.0696, 37.6245], [127.0653, 37.628], [127.0635, 37.6323], [127.0612, 37.6344], [127.059, 37.6375], [127.059, 37.6302], [127.0625, 37.6237], [127.0658, 37.615], [127.0713, 37.6161]]]]}, "properties": {"dong": "Wolgye 3(sam)-dong", "dong_kr": "월계3동", "osm_id": 3882989, "conn_tier": "no-data"}}, {"type": "Feature", "geometry": {"type": "MultiPolygon", "coordinates": [[[[127.0685, 37.6505], [127.0712, 37.6531], [127.0721, 37.6551], [127.0781, 37.6545], [127.0781, 37.6527], [127.0768, 37.6513], [127.0765, 37.6444], [127.075, 37.6445], [127.0743, 37.6463], [127.0707, 37.6453], [127.0699, 37.6486], [127.0685, 37.6505]]]]}, "properties": {"dong": "Junggye 1(il)-dong", "dong_kr": "중계1동", "osm_id": 3882990, "conn_tier": "no-data"}}, {"type": "Feature", "geometry": {"type": "MultiPolygon", "coordinates": [[[[127.0707, 37.6453], [127.0699, 37.6486], [127.0685, 37.6505], [127.0659, 37.6495], [127.0615, 37.6454], [127.0596, 37.6386], [127.0606, 37.6397], [127.0614, 37.6372], [127.0693, 37.6393], [127.0688, 37.6406], [127.0703, 37.641], [127.0698, 37.6422], [127.0718, 37.643], [127.0707, 37.6453]]]]}, "properties": {"dong": "Junggye 2·3(i·sam)-dong", "dong_kr": "중계2·3동", "osm_id": 3882991, "conn_tier": "very-low"}}, {"type": "Feature", "geometry": {"type": "MultiPolygon", "coordinates": [[[[127.0928, 37.6554], [127.0915, 37.6578], [127.0919, 37.6605], [127.0946, 37.664], [127.0891, 37.6646], [127.0847, 37.6643], [127.0822, 37.6627], [127.0777, 37.6622], [127.0754, 37.6627], [127.0721, 37.6593], [127.0719, 37.6585], [127.0721, 37.6551], [127.0781, 37.6545], [127.0782, 37.6536], [127.0793, 37.6541], [127.0801, 37.6535], [127.0799, 37.6541], [127.0836, 37.6552], [127.0874, 37.6551], [127.0888, 37.6536], [127.0918, 37.6539], [127.0928, 37.6554]]]]}, "properties": {"dong": "Junggye 4(sa)-dong", "dong_kr": "중계4동", "osm_id": 3882992, "conn_tier": "no-data"}}, {"type": "Feature", "geometry": {"type": "MultiPolygon", "coordinates": [[[[127.0928, 37.6554], [127.0918, 37.6539], [127.0888, 37.6536], [127.0874, 37.6551], [127.0821, 37.655], [127.0799, 37.6541], [127.0801, 37.6535], [127.0786, 37.6541], [127.0768, 37.6513], [127.0766, 37.6463], [127.0777, 37.646], [127.0788, 37.6442], [127.0807, 37.6439], [127.0837, 37.6401], [127.0859, 37.6409], [127.0907, 37.6412], [127.0915, 37.6422], [127.0937, 37.6427], [127.0949, 37.6455], [127.0928, 37.6456], [127.092, 37.6465], [127.0923, 37.6497], [127.0943, 37.6537], [127.0928, 37.6554]]]]}, "properties": {"dong": "Junggyebon-dong", "dong_kr": "중계본동", "osm_id": 3882993, "conn_tier": "no-data"}}, {"type": "Feature", "geometry": {"type": "MultiPolygon", "coordinates": [[[[127.0713, 37.6311], [127.0728, 37.6318], [127.0737, 37.6309], [127.0765, 37.6308], [127.0781, 37.6344], [127.0798, 37.6345], [127.083, 37.64], [127.0837, 37.6401], [127.0807, 37.6439], [127.0788, 37.6442], [127.0771, 37.6462], [127.0766, 37.6463], [127.0765, 37.6444], [127.075, 37.6445], [127.0743, 37.6463], [127.0707, 37.6453], [127.0718, 37.643], [127.0698, 37.6422], [127.0703, 37.641], [127.0688, 37.6406], [127.0693, 37.6393], [127.0669, 37.6387], [127.07, 37.6315], [127.0713, 37.6311]]]]}, "properties": {"dong": "Hagye 1(il)-dong", "dong_kr": "하계1동", "osm_id": 3882994, "conn_tier": "very-low"}}, {"type": "Feature", "geometry": {"type": "MultiPolygon", "coordinates": [[[[127.07, 37.6315], [127.0669, 37.6387], [127.0614, 37.6372], [127.0604, 37.6397], [127.059, 37.6375], [127.0644, 37.6308], [127.07, 37.6315]]]]}, "properties": {"dong": "Hagye 2(i)-dong", "dong_kr": "하계2동", "osm_id": 3882995, "conn_tier": "no-data"}}, {"type": "Feature", "geometry": {"type": "MultiPolygon", "coordinates": [[[[127.0083, 37.6848], [127.0081, 37.6833], [127.0088, 37.6818], [127.0081, 37.6802], [127.0088, 37.6796], [127.0119, 37.6794], [127.0132, 37.6776], [127.0139, 37.6749], [127.0166, 37.6727], [127.018, 37.6705], [127.0208, 37.6718], [127.0226, 37.6714], [127.0264, 37.6734], [127.0286, 37.6732], [127.0317, 37.6748], [127.0328, 37.6738], [127.0356, 37.6741], [127.0372, 37.6715], [127.0399, 37.6717], [127.0396, 37.6699], [127.0436, 37.6698], [127.0461, 37.6853], [127.0451, 37.692], [127.0448, 37.693], [127.0431, 37.6936], [127.0435, 37.6941], [127.0431, 37.6952], [127.041, 37.6953], [127.0386, 37.6933], [127.0324, 37.6919], [127.0323, 37.6929], [127.0311, 37.6931], [127.0289, 37.6999], [127.0273, 37.7009], [127.0247, 37.6997], [127.0217, 37.7001], [127.0198, 37.7012], [127.0155, 37.7015], [127.0157, 37.7006], [127.0146, 37.6985], [127.0105, 37.6973], [127.0089, 37.6946], [127.0082, 37.6921], [127.0082, 37.6889], [127.009, 37.6874], [127.0088, 37.6851], [127.0083, 37.6848]]]]}, "properties": {"dong": "Dobong 1(il)-dong", "dong_kr": "도봉1동", "osm_id": 3883058, "conn_tier": "no-data"}}, {"type": "Feature", "geometry": {"type": "MultiPolygon", "coordinates": [[[[127.0436, 37.6698], [127.0488, 37.669], [127.0491, 37.6737], [127.0521, 37.6844], [127.0502, 37.6878], [127.0501, 37.691], [127.0484, 37.6939], [127.0461, 37.6924], [127.0449, 37.6924], [127.046, 37.6839], [127.0436, 37.6698]]]]}, "properties": {"dong": "Dobong 2(i)-dong", "dong_kr": "도봉2동", "osm_id": 3883059, "conn_tier": "very-low"}}, {"type": "Feature", "geometry": {"type": "MultiPolygon", "coordinates": [[[[127.0348, 37.6625], [127.0352, 37.6642], [127.0391, 37.667], [127.0396, 37.6699], [127.0436, 37.6698], [127.0488, 37.669], [127.051, 37.6648], [127.0515, 37.6606], [127.0459, 37.6622], [127.0374, 37.6617], [127.0349, 37.6604], [127.0348, 37.6625]]]]}, "properties": {"dong": "Banghak 1(il)-dong", "dong_kr": "방학1동", "osm_id": 3883060, "conn_tier": "very-low"}}, {"type": "Feature", "geometry": {"type": "MultiPolygon", "coordinates": [[[[127.0348, 37.6625], [127.0352, 37.6642], [127.0391, 37.667], [127.0399, 37.6717], [127.0372, 37.6715], [127.0356, 37.6741], [127.0328, 37.6738], [127.0317, 37.6748], [127.0286, 37.6732], [127.0264, 37.6734], [127.0249, 37.6722], [127.0263, 37.6684], [127.0275, 37.6679], [127.0283, 37.6683], [127.0309, 37.6657], [127.0304, 37.6653], [127.0312, 37.6638], [127.0308, 37.6626], [127.0314, 37.6621], [127.0348, 37.6625]]]]}, "properties": {"dong": "Banghak 2(i)-dong", "dong_kr": "방학2동", "osm_id": 3883061, "conn_tier": "no-data"}}, {"type": "Feature", "geometry": {"type": "MultiPolygon", "coordinates": [[[[127.0249, 37.6722], [127.0226, 37.6714], [127.0208, 37.6718], [127.018, 37.6705], [127.0186, 37.6696], [127.0182, 37.6688], [127.0155, 37.6661], [127.0154, 37.6636], [127.0174, 37.6619], [127.0172, 37.66], [127.0179, 37.6586], [127.0205, 37.655], [127.022, 37.6542], [127.0253, 37.6542], [127.026, 37.6568], [127.0278, 37.6569], [127.0277, 37.6588], [127.0349, 37.6604], [127.0348, 37.6625], [127.0314, 37.6621], [127.0308, 37.6626], [127.0312, 37.6638], [127.0304, 37.6653], [127.0309, 37.6657], [127.0283, 37.6683], [127.0275, 37.6679], [127.0263, 37.6684], [127.0249, 37.6722]]]]}, "properties": {"dong": "Banghak 3(sam)-dong", "dong_kr": "방학3동", "osm_id": 3883062, "conn_tier": "no-data"}}, {"type": "Feature", "geometry": {"type": "MultiPolygon", "coordinates": [[[[127.0159, 37.6491], [127.0145, 37.6504], [127.0132, 37.6504], [127.0126, 37.6523], [127.0146, 37.6604], [127.0145, 37.6619], [127.0161, 37.6614], [127.0166, 37.6617], [127.0164, 37.6624], [127.0174, 37.6619], [127.0172, 37.66], [127.0205, 37.655], [127.022, 37.6542], [127.0276, 37.6537], [127.0286, 37.6509], [127.0252, 37.6466], [127.0214, 37.6489], [127.0182, 37.6486], [127.0159, 37.6491]]]]}, "properties": {"dong": "Ssangmun 1(il)-dong", "dong_kr": "쌍문1동", "osm_id": 3883063, "conn_tier": "no-data"}}, {"type": "Feature", "geometry": {"type": "MultiPolygon", "coordinates": [[[[127.0349, 37.6604], [127.0337, 37.6602], [127.0342, 37.6581], [127.0329, 37.658], [127.033, 37.6565], [127.0344, 37.6567], [127.0345, 37.6552], [127.0329, 37.6526], [127.0333, 37.6511], [127.0363, 37.6515], [127.0424, 37.6618], [127.0374, 37.6617], [127.0349, 37.6604]]]]}, "properties": {"dong": "Ssangmun 2(i)-dong", "dong_kr": "쌍문2동", "osm_id": 3883064, "conn_tier": "no-data"}}, {"type": "Feature", "geometry": {"type": "MultiPolygon", "coordinates": [[[[127.0286, 37.6507], [127.0252, 37.6466], [127.0309, 37.6429], [127.0362, 37.6514], [127.0286, 37.6507]]]]}, "properties": {"dong": "Ssangmun 3(sam)-dong", "dong_kr": "쌍문3동", "osm_id": 3883065, "conn_tier": "no-data"}}, {"type": "Feature", "geometry": {"type": "MultiPolygon", "coordinates": [[[[127.0333, 37.6511], [127.0286, 37.6507], [127.028, 37.6532], [127.0253, 37.6542], [127.026, 37.6568], [127.0278, 37.6569], [127.0277, 37.6588], [127.0337, 37.6602], [127.0341, 37.6598], [127.0342, 37.6581], [127.0329, 37.658], [127.033, 37.6565], [127.0344, 37.6567], [127.0345, 37.6552], [127.0329, 37.6526], [127.0333, 37.6511]]]]}, "properties": {"dong": "Ssangmun 4(sa)-dong", "dong_kr": "쌍문4동", "osm_id": 3883066, "conn_tier": "no-data"}}, {"type": "Feature", "geometry": {"type": "MultiPolygon", "coordinates": [[[[127.0513, 37.6449], [127.0485, 37.6514], [127.0479, 37.6515], [127.0362, 37.6514], [127.0334, 37.6464], [127.0346, 37.646], [127.0394, 37.6466], [127.0403, 37.6448], [127.0441, 37.6434], [127.045, 37.6397], [127.0466, 37.6391], [127.0465, 37.641], [127.0485, 37.6416], [127.0507, 37.6449], [127.0513, 37.6449]]]]}, "properties": {"dong": "Chang 1(il)-dong", "dong_kr": "창1동", "osm_id": 3883067, "conn_tier": "very-low"}}, {"type": "Feature", "geometry": {"type": "MultiPolygon", "coordinates": [[[[127.0334, 37.6464], [127.0346, 37.646], [127.0394, 37.6466], [127.0403, 37.6448], [127.0434, 37.6438], [127.0365, 37.6369], [127.0346, 37.6378], [127.0329, 37.6414], [127.0309, 37.6429], [127.0334, 37.6464]]]]}, "properties": {"dong": "Chang 2(i)-dong", "dong_kr": "창2동", "osm_id": 3883068, "conn_tier": "no-data"}}, {"type": "Feature", "geometry": {"type": "MultiPolygon", "coordinates": [[[[127.0417, 37.6312], [127.0443, 37.6338], [127.0453, 37.6375], [127.0466, 37.6391], [127.045, 37.6397], [127.0445, 37.6423], [127.0434, 37.6438], [127.0365, 37.6369], [127.038, 37.6358], [127.0394, 37.6328], [127.0417, 37.6312]]]]}, "properties": {"dong": "Chang 3(sam)-dong", "dong_kr": "창3동", "osm_id": 3883069, "conn_tier": "no-data"}}, {"type": "Feature", "geometry": {"type": "MultiPolygon", "coordinates": [[[[127.0447, 37.6622], [127.0448, 37.6602], [127.0477, 37.6548], [127.049, 37.6515], [127.0485, 37.6514], [127.0526, 37.6422], [127.054, 37.6408], [127.0551, 37.6408], [127.0548, 37.6419], [127.0559, 37.646], [127.0543, 37.65], [127.0541, 37.6549], [127.0533, 37.6575], [127.0515, 37.6606], [127.0447, 37.6622]]]]}, "properties": {"dong": "Chang 4(sa)-dong", "dong_kr": "창4동", "osm_id": 3883070, "conn_tier": "very-low"}}, {"type": "Feature", "geometry": {"type": "MultiPolygon", "coordinates": [[[[127.0362, 37.6514], [127.0424, 37.6618], [127.0447, 37.6622], [127.0448, 37.6602], [127.0463, 37.6567], [127.049, 37.6515], [127.0362, 37.6514]]]]}, "properties": {"dong": "Chang 5(o)-dong", "dong_kr": "창5동", "osm_id": 3883071, "conn_tier": "very-low"}}, {"type": "Feature", "geometry": {"type": "MultiPolygon", "coordinates": [[[[127.0164, 37.6624], [127.0166, 37.6617], [127.0161, 37.6614], [127.0145, 37.6619], [127.0146, 37.6604], [127.0126, 37.6523], [127.0132, 37.6504], [127.0145, 37.6504], [127.0159, 37.6491], [127.0138, 37.6492], [127.0159, 37.6441], [127.0151, 37.6447], [127.0102, 37.645], [127.0096, 37.6445], [127.0073, 37.6449], [127.0047, 37.6442], [127.0021, 37.6423], [126.9994, 37.6415], [126.9887, 37.6413], [126.985, 37.6415], [126.9838, 37.6423], [126.9834, 37.6436], [126.9846, 37.6452], [126.9847, 37.6477], [126.9838, 37.6484], [126.984, 37.6495], [126.9805, 37.6532], [126.9797, 37.6562], [126.9829, 37.6565], [126.9872, 37.6626], [126.9927, 37.6649], [126.9942, 37.6663], [126.9941, 37.6727], [126.9935, 37.6739], [126.9942, 37.6747], [126.9932, 37.6759], [126.9928, 37.6783], [126.9912, 37.6793], [126.9939, 37.6803], [126.996, 37.6819], [126.9964, 37.6828], [126.9951, 37.6842], [126.9958, 37.6854], [126.9994, 37.684], [127.001, 37.6844], [127.0022, 37.6838], [127.0042, 37.6851], [127.0083, 37.6848], [127.0081, 37.6833], [127.0088, 37.6818], [127.0081, 37.6802], [127.0088, 37.6796], [127.0119, 37.6794], [127.0132, 37.6776], [127.0139, 37.6749], [127.0166, 37.6727], [127.0186, 37.6696], [127.0155, 37.6661], [127.0154, 37.6636], [127.0164, 37.6624]]]]}, "properties": {"dong": "Ui-dong", "dong_kr": "우이동", "osm_id": 3883106, "conn_tier": "no-data"}}, {"type": "Feature", "geometry": {"type": "MultiPolygon", "coordinates": [[[[127.0322, 37.6256], [127.0311, 37.6256], [127.0305, 37.6248], [127.0298, 37.6254], [127.0229, 37.6229], [127.0213, 37.628], [127.02, 37.6283], [127.0227, 37.6305], [127.0242, 37.6309], [127.0234, 37.6346], [127.0275, 37.6349], [127.0266, 37.6339], [127.0288, 37.6332], [127.0297, 37.6306], [127.0323, 37.6271], [127.0322, 37.6256]]]]}, "properties": {"dong": "Mia-dong", "dong_kr": "미아동", "osm_id": 3883107, "conn_tier": "low"}}, {"type": "Feature", "geometry": {"type": "MultiPolygon", "coordinates": [[[[127.0365, 37.6369], [127.0346, 37.6378], [127.0329, 37.6414], [127.0309, 37.6429], [127.0233, 37.636], [127.0234, 37.6346], [127.034, 37.6354], [127.0385, 37.634], [127.038, 37.6358], [127.0365, 37.6369]]]]}, "properties": {"dong": "Beon 1(il)-dong", "dong_kr": "번1동", "osm_id": 3883108, "conn_tier": "very-low"}}, {"type": "Feature", "geometry": {"type": "MultiPolygon", "coordinates": [[[[127.0417, 37.6312], [127.0368, 37.6266], [127.0376, 37.623], [127.037, 37.62], [127.0345, 37.6211], [127.0331, 37.625], [127.0322, 37.6256], [127.0323, 37.6271], [127.0297, 37.6306], [127.0288, 37.6332], [127.0266, 37.6339], [127.0275, 37.6349], [127.034, 37.6354], [127.0385, 37.634], [127.0417, 37.6312]]]]}, "properties": {"dong": "Beon 2(i)-dong", "dong_kr": "번2동", "osm_id": 3883109, "conn_tier": "no-data"}}, {"type": "Feature", "geometry": {"type": "MultiPolygon", "coordinates": [[[[127.037, 37.62], [127.0376, 37.623], [127.0368, 37.6266], [127.0417, 37.6312], [127.0476, 37.6272], [127.05, 37.6244], [127.0467, 37.6225], [127.0441, 37.6188], [127.0397, 37.6156], [127.0385, 37.6166], [127.0382, 37.6183], [127.0386, 37.6189], [127.037, 37.62]]]]}, "properties": {"dong": "Beon 3(sam)-dong", "dong_kr": "번3동", "osm_id": 3883110, "conn_tier": "no-data"}}, {"type": "Feature", "geometry": {"type": "MultiPolygon", "coordinates": [[[[127.0154, 37.6151], [127.022, 37.6123], [127.0222, 37.6155], [127.021, 37.6195], [127.0127, 37.6202], [127.0085, 37.6187], [127.0098, 37.6179], [127.0108, 37.6163], [127.0154, 37.6151]]]]}, "properties": {"dong": "Samgaksan-dong", "dong_kr": "삼각산동", "osm_id": 3883111, "conn_tier": "no-data"}}, {"type": "Feature", "geometry": {"type": "MultiPolygon", "coordinates": [[[[127.0081, 37.6241], [127.0088, 37.625], [127.0122, 37.6265], [127.0159, 37.6271], [127.0161, 37.6279], [127.0177, 37.6286], [127.0172, 37.6292], [127.0177, 37.6294], [127.0226, 37.6303], [127.02, 37.6283], [127.0213, 37.628], [127.022, 37.6252], [127.0184, 37.6249], [127.021, 37.6195], [127.0127, 37.6202], [127.0085, 37.6187], [127.0076, 37.6216], [127.0081, 37.6241]]]]}, "properties": {"dong": "Samyang-dong", "dong_kr": "삼양동", "osm_id": 3883112, "conn_tier": "no-data"}}, {"type": "Feature", "geometry": {"type": "MultiPolygon", "coordinates": [[[[127.0397, 37.6156], [127.0372, 37.6129], [127.0303, 37.6091], [127.0297, 37.6172], [127.027, 37.6245], [127.0298, 37.6254], [127.0305, 37.6248], [127.0311, 37.6256], [127.0327, 37.6255], [127.0345, 37.6211], [127.0386, 37.6189], [127.0382, 37.6183], [127.0385, 37.6166], [127.0397, 37.6156]]]]}, "properties": {"dong": "Songjung-dong", "dong_kr": "송중동", "osm_id": 3883113, "conn_tier": "low"}}, {"type": "Feature", "geometry": {"type": "MultiPolygon", "coordinates": [[[[127.03, 37.6123], [127.0297, 37.6172], [127.027, 37.6245], [127.0229, 37.6229], [127.022, 37.6252], [127.0184, 37.6249], [127.021, 37.6195], [127.0222, 37.6155], [127.0222, 37.6113], [127.0266, 37.6126], [127.03, 37.6123]]]]}, "properties": {"dong": "Songcheon-dong", "dong_kr": "송천동", "osm_id": 3883114, "conn_tier": "no-data"}}, {"type": "Feature", "geometry": {"type": "MultiPolygon", "coordinates": [[[[127.0169, 37.6408], [127.0138, 37.6492], [127.0182, 37.6486], [127.0205, 37.6491], [127.0248, 37.6473], [127.0252, 37.6466], [127.0237, 37.6448], [127.0247, 37.6437], [127.0234, 37.6434], [127.0204, 37.6412], [127.0169, 37.6408]]]]}, "properties": {"dong": "Suyu 2(i)-dong", "dong_kr": "수유2동", "osm_id": 3883115, "conn_tier": "no-data"}}, {"type": "Feature", "geometry": {"type": "MultiPolygon", "coordinates": [[[[127.0233, 37.636], [127.022, 37.6362], [127.0196, 37.6355], [127.0172, 37.6372], [127.0169, 37.6408], [127.0204, 37.6412], [127.0234, 37.6434], [127.0247, 37.6437], [127.0237, 37.6448], [127.0252, 37.6466], [127.0309, 37.6429], [127.0233, 37.636]]]]}, "properties": {"dong": "Suyu 3(sam)-dong", "dong_kr": "수유3동", "osm_id": 3883116, "conn_tier": "no-data"}}, {"type": "Feature", "geometry": {"type": "MultiPolygon", "coordinates": [[[[127.0159, 37.6441], [127.0151, 37.6447], [127.0102, 37.645], [127.0096, 37.6445], [127.0073, 37.6449], [127.0047, 37.6442], [127.0021, 37.6423], [126.9994, 37.6415], [126.9854, 37.6417], [126.9859, 37.6402], [126.9845, 37.6365], [126.9882, 37.6346], [126.9886, 37.6338], [126.9895, 37.634], [126.9903, 37.6326], [126.9918, 37.6321], [126.9929, 37.6325], [126.9934, 37.6314], [126.9962, 37.6294], [127.0069, 37.6338], [127.0094, 37.6339], [127.0104, 37.6333], [127.0234, 37.6346], [127.023, 37.6362], [127.0196, 37.6355], [127.0172, 37.6372], [127.0159, 37.6441]]]]}, "properties": {"dong": "Insu-dong", "dong_kr": "인수동", "osm_id": 3883117, "conn_tier": "no-data"}}, {"type": "Feature", "geometry": {"type": "MultiPolygon", "coordinates": [[[[127.0259, 37.6034], [127.0241, 37.6057], [127.022, 37.6123], [127.0154, 37.6151], [127.0146, 37.6137], [127.0147, 37.6118], [127.0167, 37.6085], [127.0166, 37.6073], [127.0189, 37.6052], [127.0198, 37.6051], [127.02, 37.6023], [127.0236, 37.6018], [127.0259, 37.6034]]]]}, "properties": {"dong": "Gireum 1(il)-dong", "dong_kr": "길음1동", "osm_id": 3883187, "conn_tier": "low"}}, {"type": "Feature", "geometry": {"type": "MultiPolygon", "coordinates": [[[[127.0131, 37.5917], [127.0114, 37.5939], [127.0135, 37.5949], [127.0125, 37.5976], [127.013, 37.5982], [127.0149, 37.5984], [127.0163, 37.5969], [127.0191, 37.5966], [127.0197, 37.5973], [127.0215, 37.5968], [127.0254, 37.5941], [127.0239, 37.5925], [127.0242, 37.5904], [127.0222, 37.59], [127.0221, 37.589], [127.0197, 37.5894], [127.0188, 37.5887], [127.0169, 37.5902], [127.0165, 37.5926], [127.0131, 37.5917]]]]}, "properties": {"dong": "Dongseon-dong", "dong_kr": "동선동", "osm_id": 3883189, "conn_tier": "mid"}}, {"type": "Feature", "geometry": {"type": "MultiPolygon", "coordinates": [[[[127.0147, 37.5822], [127.0168, 37.5816], [127.0183, 37.5791], [127.0177, 37.5781], [127.0181, 37.5777], [127.0214, 37.5789], [127.0232, 37.578], [127.0244, 37.5792], [127.0219, 37.5831], [127.0204, 37.5874], [127.0188, 37.5887], [127.0162, 37.5867], [127.0156, 37.585], [127.0147, 37.5844], [127.0147, 37.5822]]]]}, "properties": {"dong": "Bomun-dong", "dong_kr": "보문동", "osm_id": 3883190, "conn_tier": "low"}}, {"type": "Feature", "geometry": {"type": "MultiPolygon", "coordinates": [[[[127.0147, 37.5822], [127.0147, 37.5844], [127.0156, 37.585], [127.0162, 37.5867], [127.0188, 37.5887], [127.0169, 37.5902], [127.0165, 37.5926], [127.0135, 37.5919], [127.0062, 37.5885], [127.0037, 37.588], [127.0042, 37.5871], [127.0059, 37.5869], [127.0066, 37.586], [127.0073, 37.5833], [127.0067, 37.5823], [127.0089, 37.5804], [127.0105, 37.5803], [127.0116, 37.5815], [127.0129, 37.5813], [127.0147, 37.5822]]]]}, "properties": {"dong": "Samseon-dong", "dong_kr": "삼선동", "osm_id": 3883191, "conn_tier": "no-data"}}, {"type": "Feature", "geometry": {"type": "MultiPolygon", "coordinates": [[[[127.0605, 37.6129], [127.0508, 37.6076], [127.0505, 37.6068], [127.0515, 37.6057], [127.051, 37.6054], [127.0525, 37.6047], [127.0529, 37.6025], [127.0514, 37.6011], [127.0521, 37.6001], [127.0551, 37.6013], [127.0592, 37.601], [127.0606, 37.602], [127.06, 37.6022], [127.0603, 37.6031], [127.0623, 37.6051], [127.0663, 37.6055], [127.068, 37.6068], [127.0718, 37.6068], [127.0713, 37.6161], [127.0632, 37.6144], [127.0605, 37.6129]]]]}, "properties": {"dong": "Seokgwan-dong", "dong_kr": "석관동", "osm_id": 3883192, "conn_tier": "very-low"}}, {"type": "Feature", "geometry": {"type": "MultiPolygon", "coordinates": [[[[126.9772, 37.5987], [126.977, 37.5978], [126.9829, 37.5948], [126.9854, 37.5945], [126.9867, 37.5926], [126.989, 37.5914], [126.9915, 37.5914], [126.9921, 37.592], [126.9943, 37.5914], [126.9953, 37.5922], [127.0009, 37.5923], [127.0017, 37.5913], [127.0015, 37.5901], [127.0037, 37.588], [127.0062, 37.5885], [127.0131, 37.5917], [127.0114, 37.5939], [127.0095, 37.5921], [127.0069, 37.5911], [127.0084, 37.5929], [127.0081, 37.596], [127.0044, 37.5974], [127.0007, 37.6016], [126.9988, 37.6015], [126.9925, 37.6036], [126.9867, 37.604], [126.984, 37.6032], [126.9829, 37.6022], [126.9785, 37.601], [126.9772, 37.5987]]]]}, "properties": {"dong": "Seongbuk-dong", "dong_kr": "성북동", "osm_id": 3883193, "conn_tier": "mid"}}, {"type": "Feature", "geometry": {"type": "MultiPolygon", "coordinates": [[[[127.0244, 37.5792], [127.0219, 37.5831], [127.0204, 37.5874], [127.0188, 37.5887], [127.0197, 37.5894], [127.0221, 37.589], [127.0222, 37.59], [127.0242, 37.5904], [127.0239, 37.5925], [127.0254, 37.5941], [127.0256, 37.596], [127.0265, 37.5961], [127.028, 37.5944], [127.03, 37.594], [127.03, 37.5928], [127.0321, 37.5905], [127.0341, 37.5903], [127.0354, 37.589], [127.0295, 37.5827], [127.0244, 37.5792]]]]}, "properties": {"dong": "Anam-dong", "dong_kr": "안암동", "osm_id": 3883194, "conn_tier": "low"}}, {"type": "Feature", "geometry": {"type": "MultiPolygon", "coordinates": [[[[127.0354, 37.589], [127.0363, 37.5899], [127.0362, 37.5912], [127.0387, 37.5913], [127.0411, 37.5956], [127.0409, 37.5999], [127.0391, 37.6021], [127.0339, 37.6029], [127.0304, 37.6043], [127.0299, 37.6036], [127.0304, 37.6033], [127.0289, 37.6027], [127.0292, 37.6021], [127.0274, 37.6011], [127.0259, 37.5967], [127.028, 37.5944], [127.03, 37.594], [127.03, 37.5928], [127.0321, 37.5905], [127.0341, 37.5903], [127.0354, 37.589]]]]}, "properties": {"dong": "Jongam-dong", "dong_kr": "종암동", "osm_id": 3883198, "conn_tier": "low"}}, {"type": "Feature", "geometry": {"type": "MultiPolygon", "coordinates": [[[[127.0222, 37.6113], [127.0241, 37.6057], [127.0259, 37.6034], [127.0269, 37.6044], [127.0285, 37.6048], [127.0322, 37.6034], [127.0302, 37.6093], [127.03, 37.6123], [127.0266, 37.6126], [127.0222, 37.6113]]]]}, "properties": {"dong": "Gireum 2(i)-dong", "dong_kr": "길음2동", "osm_id": 3883200, "conn_tier": "no-data"}}, {"type": "Feature", "geometry": {"type": "MultiPolygon", "coordinates": [[[[127.0197, 37.5973], [127.0186, 37.5985], [127.0208, 37.6003], [127.0218, 37.6001], [127.0221, 37.6017], [127.025, 37.6024], [127.0273, 37.6046], [127.0304, 37.6043], [127.0299, 37.6036], [127.0304, 37.6033], [127.0289, 37.6027], [127.0292, 37.6021], [127.0274, 37.6011], [127.0264, 37.5993], [127.0259, 37.5969], [127.0265, 37.5961], [127.0256, 37.596], [127.0252, 37.5942], [127.0224, 37.5963], [127.0197, 37.5973]]]]}, "properties": {"dong": "Donam 1(il)-dong", "dong_kr": "돈암1동", "osm_id": 3883201, "conn_tier": "no-data"}}, {"type": "Feature", "geometry": {"type": "MultiPolygon", "coordinates": [[[[127.0197, 37.5973], [127.0182, 37.5989], [127.0141, 37.6002], [127.0133, 37.6017], [127.0125, 37.6018], [127.0115, 37.6012], [127.0113, 37.5998], [127.0121, 37.5997], [127.0129, 37.5986], [127.0111, 37.5983], [127.0095, 37.5991], [127.0074, 37.5988], [127.0056, 37.5975], [127.0064, 37.5964], [127.0081, 37.596], [127.0085, 37.5949], [127.0084, 37.5929], [127.0069, 37.5911], [127.0095, 37.5921], [127.0114, 37.5939], [127.0135, 37.5949], [127.0125, 37.5976], [127.013, 37.5982], [127.0149, 37.5984], [127.0163, 37.5969], [127.0191, 37.5966], [127.0197, 37.5973]]]]}, "properties": {"dong": "Donam 2(i)-dong", "dong_kr": "돈암2동", "osm_id": 3883202, "conn_tier": "no-data"}}, {"type": "Feature", "geometry": {"type": "MultiPolygon", "coordinates": [[[[127.044, 37.6106], [127.0426, 37.6091], [127.0425, 37.608], [127.0405, 37.6063], [127.0401, 37.6049], [127.0393, 37.6045], [127.0368, 37.6062], [127.0372, 37.6036], [127.0391, 37.6021], [127.0322, 37.6034], [127.0303, 37.6091], [127.0372, 37.6129], [127.0392, 37.6117], [127.0406, 37.612], [127.0405, 37.6111], [127.0424, 37.6113], [127.044, 37.6106]]]]}, "properties": {"dong": "Wolgok 1(il)-dong", "dong_kr": "월곡1동", "osm_id": 3883203, "conn_tier": "no-data"}}, {"type": "Feature", "geometry": {"type": "MultiPolygon", "coordinates": [[[[127.044, 37.6106], [127.0426, 37.6091], [127.0425, 37.608], [127.0405, 37.6063], [127.0401, 37.6049], [127.0393, 37.6045], [127.0368, 37.6062], [127.0372, 37.6036], [127.0407, 37.6004], [127.0412, 37.5955], [127.043, 37.597], [127.0437, 37.5963], [127.0448, 37.5964], [127.0455, 37.5953], [127.0473, 37.5962], [127.0505, 37.6006], [127.0529, 37.6025], [127.0525, 37.6047], [127.051, 37.6054], [127.0515, 37.6057], [127.0505, 37.6068], [127.0524, 37.6091], [127.0516, 37.6099], [127.0498, 37.6083], [127.0473, 37.6078], [127.0462, 37.6089], [127.0468, 37.6106], [127.0464, 37.6116], [127.044, 37.6106]]]]}, "properties": {"dong": "Wolgok 2(i)-dong", "dong_kr": "월곡2동", "osm_id": 3883204, "conn_tier": "low"}}, {"type": "Feature", "geometry": {"type": "MultiPolygon", "coordinates": [[[[127.0504, 37.6175], [127.0484, 37.6158], [127.049, 37.6135], [127.0483, 37.6112], [127.0466, 37.6116], [127.0445, 37.6105], [127.0424, 37.6113], [127.0405, 37.6111], [127.0406, 37.612], [127.0392, 37.6117], [127.0372, 37.6129], [127.0447, 37.6194], [127.0467, 37.6183], [127.0493, 37.6205], [127.0518, 37.6184], [127.0504, 37.6175]]]]}, "properties": {"dong": "Jangwi 1(il)-dong", "dong_kr": "장위1동", "osm_id": 3883205, "conn_tier": "no-data"}}, {"type": "Feature", "geometry": {"type": "MultiPolygon", "coordinates": [[[[127.0504, 37.6175], [127.0484, 37.6158], [127.049, 37.6135], [127.0483, 37.6112], [127.0464, 37.6116], [127.0468, 37.6106], [127.0462, 37.6089], [127.0473, 37.6078], [127.0498, 37.6083], [127.0516, 37.6099], [127.0524, 37.6091], [127.0518, 37.6082], [127.0605, 37.6129], [127.0582, 37.6123], [127.0527, 37.6168], [127.0504, 37.6175]]]]}, "properties": {"dong": "Jangwi 2(i)-dong", "dong_kr": "장위2동", "osm_id": 3883206, "conn_tier": "no-data"}}, {"type": "Feature", "geometry": {"type": "MultiPolygon", "coordinates": [[[[127.0504, 37.6175], [127.0527, 37.6168], [127.0582, 37.6123], [127.0632, 37.6144], [127.0611, 37.6149], [127.0607, 37.6158], [127.0574, 37.6176], [127.05, 37.6244], [127.0467, 37.6225], [127.0447, 37.6194], [127.0467, 37.6183], [127.0493, 37.6205], [127.0518, 37.6184], [127.0504, 37.6175]]]]}, "properties": {"dong": "Jangwi 3(sam)-dong", "dong_kr": "장위3동", "osm_id": 3883207, "conn_tier": "no-data"}}, {"type": "Feature", "geometry": {"type": "MultiPolygon", "coordinates": [[[[127.0185, 37.5982], [127.0151, 37.6002], [127.0141, 37.6002], [127.0142, 37.6018], [127.0134, 37.6026], [127.0134, 37.6033], [127.0149, 37.6038], [127.0149, 37.606], [127.0158, 37.6073], [127.0155, 37.6094], [127.0135, 37.6116], [127.0142, 37.6135], [127.0154, 37.6103], [127.0167, 37.6085], [127.0166, 37.6073], [127.0189, 37.6052], [127.0197, 37.6052], [127.02, 37.6023], [127.0221, 37.6017], [127.0218, 37.6001], [127.0208, 37.6003], [127.0185, 37.5982]]]]}, "properties": {"dong": "Jeongneung 1(il)-dong", "dong_kr": "정릉1동", "osm_id": 3883208, "conn_tier": "no-data"}}, {"type": "Feature", "geometry": {"type": "MultiPolygon", "coordinates": [[[[127.0089, 37.6087], [127.0093, 37.6061], [127.008, 37.6059], [127.0041, 37.6086], [127.0035, 37.608], [127.0045, 37.6053], [127.0016, 37.604], [126.9999, 37.6023], [126.9978, 37.6019], [127.001, 37.6014], [127.0021, 37.5994], [127.0047, 37.5972], [127.0057, 37.5971], [127.0074, 37.5988], [127.0095, 37.5991], [127.0111, 37.5983], [127.0129, 37.5986], [127.0121, 37.5997], [127.0113, 37.5998], [127.0115, 37.6012], [127.013, 37.6019], [127.0142, 37.6011], [127.0134, 37.6033], [127.0149, 37.6038], [127.0149, 37.606], [127.0158, 37.6073], [127.0155, 37.6094], [127.0135, 37.6116], [127.0119, 37.6102], [127.0118, 37.6081], [127.0103, 37.6077], [127.0089, 37.6087]]]]}, "properties": {"dong": "Jeongneung 2(i)-dong", "dong_kr": "정릉2동", "osm_id": 3883209, "conn_tier": "no-data"}}, {"type": "Feature", "geometry": {"type": "MultiPolygon", "coordinates": [[[[126.9867, 37.604], [126.9861, 37.6078], [126.9868, 37.6089], [126.9858, 37.6095], [126.9855, 37.6115], [126.9865, 37.614], [126.985, 37.6155], [126.9835, 37.6185], [126.9834, 37.6217], [126.9797, 37.6262], [126.98, 37.6281], [126.9814, 37.6289], [126.9844, 37.6282], [126.986, 37.626], [126.9874, 37.6256], [126.9938, 37.6205], [126.9954, 37.6201], [126.997, 37.6179], [126.999, 37.6175], [126.9993, 37.6166], [127.0026, 37.6164], [127.0057, 37.6152], [127.006, 37.6131], [127.0079, 37.6122], [127.0092, 37.6075], [127.0093, 37.6061], [127.008, 37.6059], [127.0041, 37.6086], [127.0035, 37.608], [127.0045, 37.6053], [127.0016, 37.604], [126.9999, 37.6023], [126.9978, 37.6019], [126.9925, 37.6036], [126.9867, 37.604]]]]}, "properties": {"dong": "Jeongneung 3(sam)-dong", "dong_kr": "정릉3동", "osm_id": 3883210, "conn_tier": "no-data"}}, {"type": "Feature", "geometry": {"type": "MultiPolygon", "coordinates": [[[[126.9749, 37.6288], [126.9745, 37.6298], [126.9753, 37.6316], [126.9775, 37.6337], [126.9816, 37.6347], [126.9845, 37.6365], [126.9882, 37.6346], [126.9886, 37.6338], [126.9895, 37.634], [126.9903, 37.6326], [126.9918, 37.6321], [126.9929, 37.6325], [126.9934, 37.6314], [127.0, 37.6259], [127.0033, 37.6253], [127.0046, 37.624], [127.0081, 37.6241], [127.0076, 37.6216], [127.0085, 37.6187], [127.0098, 37.6179], [127.0108, 37.6163], [127.0154, 37.6151], [127.0139, 37.6131], [127.0134, 37.6112], [127.0119, 37.6102], [127.0118, 37.6081], [127.0103, 37.6077], [127.0089, 37.6087], [127.0079, 37.6122], [127.0059, 37.6134], [127.0057, 37.6152], [127.0026, 37.6164], [126.9993, 37.6166], [126.999, 37.6175], [126.997, 37.6179], [126.9954, 37.6201], [126.9938, 37.6205], [126.9874, 37.6256], [126.986, 37.626], [126.9844, 37.6282], [126.9822, 37.629], [126.98, 37.6281], [126.9782, 37.6293], [126.9749, 37.6288]]]]}, "properties": {"dong": "Jeongneung 4(sa)-dong", "dong_kr": "정릉4동", "osm_id": 3883211, "conn_tier": "no-data"}}, {"type": "Feature", "geometry": {"type": "MultiPolygon", "coordinates": [[[[126.989, 37.5914], [126.989, 37.5906], [126.986, 37.5883], [126.9862, 37.5871], [126.9838, 37.585], [126.9838, 37.5839], [126.9829, 37.5832], [126.9831, 37.5821], [126.984, 37.5814], [126.984, 37.5784], [126.9846, 37.5773], [126.9855, 37.5774], [126.9856, 37.5766], [126.9893, 37.5775], [126.9898, 37.5825], [126.989, 37.5855], [126.9881, 37.5855], [126.9876, 37.5872], [126.988, 37.5889], [126.989, 37.5896], [126.989, 37.5914]]]]}, "properties": {"dong": "Gahoe-dong", "dong_kr": "가회동", "osm_id": 3883981, "conn_tier": "very-high"}}, {"type": "Feature", "geometry": {"type": "MultiPolygon", "coordinates": [[[[126.9629, 37.5696], [126.9667, 37.5658], [126.969, 37.5682], [126.966, 37.57], [126.9662, 37.5712], [126.9655, 37.5728], [126.9636, 37.574], [126.9629, 37.5775], [126.9618, 37.5748], [126.9607, 37.5735], [126.9594, 37.5731], [126.9629, 37.5696]]]]}, "properties": {"dong": "Gyonam-dong", "dong_kr": "교남동", "osm_id": 3883982, "conn_tier": "no-data"}}, {"type": "Feature", "geometry": {"type": "MultiPolygon", "coordinates": [[[[126.9598, 37.5732], [126.9618, 37.5748], [126.9629, 37.5775], [126.9591, 37.5805], [126.9536, 37.5788], [126.9564, 37.5757], [126.9598, 37.5732]]]]}, "properties": {"dong": "Muak-dong", "dong_kr": "무악동", "osm_id": 3883983, "conn_tier": "no-data"}}, {"type": "Feature", "geometry": {"type": "MultiPolygon", "coordinates": [[[[126.9772, 37.5987], [126.9737, 37.5935], [126.972, 37.594], [126.9667, 37.593], [126.9661, 37.5915], [126.9646, 37.591], [126.9644, 37.5893], [126.9623, 37.587], [126.9592, 37.5862], [126.9579, 37.5851], [126.9574, 37.587], [126.9575, 37.5931], [126.959, 37.5951], [126.9583, 37.5976], [126.9554, 37.5993], [126.9533, 37.5986], [126.9534, 37.6002], [126.9524, 37.6025], [126.954, 37.6048], [126.956, 37.6036], [126.9573, 37.6041], [126.9587, 37.6038], [126.9586, 37.6046], [126.9599, 37.6046], [126.9597, 37.6057], [126.9618, 37.6072], [126.9632, 37.6041], [126.9648, 37.6035], [126.9663, 37.6013], [126.9674, 37.6017], [126.9689, 37.6007], [126.9716, 37.6011], [126.9723, 37.6002], [126.9762, 37.5994], [126.9772, 37.5987]]]]}, "properties": {"dong": "Buam-dong", "dong_kr": "부암동", "osm_id": 3883984, "conn_tier": "no-data"}}, {"type": "Feature", "geometry": {"type": "MultiPolygon", "coordinates": [[[[126.9665, 37.5695], [126.9655, 37.5728], [126.9636, 37.574], [126.9631, 37.5771], [126.9612, 37.5788], [126.965, 37.5782], [126.9667, 37.5788], [126.9694, 37.5781], [126.97, 37.5793], [126.9718, 37.5781], [126.9713, 37.5795], [126.9739, 37.5793], [126.9742, 37.5759], [126.9768, 37.5759], [126.977, 37.5692], [126.973, 37.5693], [126.9726, 37.5685], [126.9711, 37.5688], [126.9693, 37.5681], [126.9665, 37.5695]]]]}, "properties": {"dong": "Sajik-dong", "dong_kr": "사직동", "osm_id": 3883985, "conn_tier": "high"}}, {"type": "Feature", "geometry": {"type": "MultiPolygon", "coordinates": [[[[126.9995, 37.576], [127.0013, 37.5761], [127.0016, 37.575], [127.0086, 37.5767], [127.0081, 37.5791], [127.0089, 37.5804], [127.0067, 37.5823], [127.0073, 37.5833], [127.0069, 37.5853], [127.0047, 37.5857], [127.0034, 37.5841], [127.0017, 37.5831], [127.002, 37.5815], [126.9979, 37.5813], [126.9976, 37.582], [126.9964, 37.581], [126.9972, 37.5769], [126.9988, 37.577], [126.9995, 37.576]]]]}, "properties": {"dong": "Ihwa-dong", "dong_kr": "이화동", "osm_id": 3883987, "conn_tier": "high"}}, {"type": "Feature", "geometry": {"type": "MultiPolygon", "coordinates": [[[[126.9792, 37.5837], [126.9805, 37.5824], [126.9796, 37.576], [126.9742, 37.5759], [126.9739, 37.5793], [126.9713, 37.5795], [126.9718, 37.5781], [126.97, 37.5793], [126.9694, 37.5781], [126.9667, 37.5788], [126.965, 37.5782], [126.9612, 37.5788], [126.9591, 37.5805], [126.9572, 37.5802], [126.9582, 37.5811], [126.9577, 37.5823], [126.9579, 37.5851], [126.9592, 37.5862], [126.9623, 37.587], [126.9644, 37.5893], [126.9646, 37.591], [126.9661, 37.5915], [126.9665, 37.5929], [126.9682, 37.5936], [126.972, 37.594], [126.9737, 37.5935], [126.9756, 37.5897], [126.9764, 37.5897], [126.977, 37.5886], [126.9791, 37.5873], [126.9796, 37.5855], [126.9791, 37.5849], [126.9792, 37.5837]]]]}, "properties": {"dong": "Cheongunhyoja-dong", "dong_kr": "청운효자동", "osm_id": 3883990, "conn_tier": "no-data"}}, {"type": "Feature", "geometry": {"type": "MultiPolygon", "coordinates": [[[[126.9504, 37.6108], [126.9499, 37.6117], [126.9508, 37.6137], [126.9507, 37.6154], [126.9489, 37.6253], [126.9541, 37.627], [126.9574, 37.6291], [126.9638, 37.6298], [126.9651, 37.6307], [126.9675, 37.6306], [126.9729, 37.6324], [126.9753, 37.6316], [126.9745, 37.6298], [126.9749, 37.6288], [126.9782, 37.6293], [126.9796, 37.6287], [126.9801, 37.6279], [126.9797, 37.6262], [126.9834, 37.6217], [126.9835, 37.6185], [126.985, 37.6155], [126.9865, 37.614], [126.9855, 37.6115], [126.9858, 37.6095], [126.9868, 37.6089], [126.9861, 37.6078], [126.9868, 37.6046], [126.9829, 37.6022], [126.9785, 37.601], [126.9772, 37.5987], [126.9762, 37.5994], [126.9723, 37.6002], [126.9716, 37.6011], [126.9689, 37.6007], [126.9674, 37.6017], [126.9663, 37.6013], [126.9648, 37.6035], [126.9632, 37.6041], [126.9618, 37.6072], [126.9597, 37.6057], [126.9599, 37.6046], [126.9586, 37.6046], [126.9587, 37.6038], [126.9555, 37.6037], [126.9527, 37.6058], [126.9515, 37.6082], [126.9506, 37.6085], [126.9504, 37.6108]]]]}, "properties": {"dong": "Pyeongchang-dong", "dong_kr": "평창동", "osm_id": 3883991, "conn_tier": "no-data"}}, {"type": "Feature", "geometry": {"type": "MultiPolygon", "coordinates": [[[[127.0147, 37.5822], [127.0157, 37.573], [127.0189, 37.5739], [127.0187, 37.5744], [127.0194, 37.5749], [127.019, 37.5773], [127.0177, 37.5781], [127.0183, 37.5791], [127.0167, 37.5817], [127.0147, 37.5822]]]]}, "properties": {"dong": "Sungin 1(il)-dong", "dong_kr": "숭인1동", "osm_id": 3883993, "conn_tier": "high"}}, {"type": "Feature", "geometry": {"type": "MultiPolygon", "coordinates": [[[[127.0232, 37.578], [127.0214, 37.5789], [127.0187, 37.5776], [127.0194, 37.5749], [127.0187, 37.5744], [127.0189, 37.5739], [127.0157, 37.573], [127.0157, 37.5712], [127.019, 37.571], [127.0203, 37.5717], [127.0234, 37.5719], [127.0232, 37.578]]]]}, "properties": {"dong": "Sungin 2(i)-dong", "dong_kr": "숭인2동", "osm_id": 3883994, "conn_tier": "no-data"}}, {"type": "Feature", "geometry": {"type": "MultiPolygon", "coordinates": [[[[127.0015, 37.5695], [126.9887, 37.5681], [126.977, 37.5692], [126.9768, 37.5759], [126.9807, 37.5761], [126.9831, 37.5755], [126.9879, 37.5775], [126.9893, 37.5775], [126.9898, 37.5825], [126.989, 37.5855], [126.9881, 37.5855], [126.9876, 37.5872], [126.9935, 37.5873], [126.9941, 37.5856], [126.9963, 37.5828], [126.9975, 37.5826], [126.9977, 37.5821], [126.9963, 37.5806], [126.9972, 37.5769], [126.9988, 37.577], [126.9996, 37.576], [126.998, 37.574], [127.0015, 37.5695]]]]}, "properties": {"dong": "Jongno 1·2·3·4(ilisamsa)-ga-dong", "dong_kr": "종로1·2·3·4가동", "osm_id": 3883995, "conn_tier": "very-high"}}, {"type": "Feature", "geometry": {"type": "MultiPolygon", "coordinates": [[[[127.003, 37.5753], [127.0086, 37.5767], [127.0088, 37.5728], [127.01, 37.5712], [127.01, 37.5698], [127.0015, 37.5695], [126.9981, 37.5737], [126.998, 37.5745], [126.9988, 37.5747], [126.9995, 37.576], [127.0013, 37.5761], [127.0014, 37.575], [127.003, 37.5753]]]]}, "properties": {"dong": "Jongno 5·6(oryuk)-ga-dong", "dong_kr": "종로5·6가동", "osm_id": 3883996, "conn_tier": "very-high"}}, {"type": "Feature", "geometry": {"type": "MultiPolygon", "coordinates": [[[[127.0105, 37.5803], [127.0121, 37.5771], [127.0113, 37.577], [127.0121, 37.5767], [127.0116, 37.5758], [127.0126, 37.5754], [127.0138, 37.5764], [127.0155, 37.5768], [127.0147, 37.5822], [127.0129, 37.5813], [127.0116, 37.5815], [127.0105, 37.5803]]]]}, "properties": {"dong": "Changsin 3(sam)-dong", "dong_kr": "창신3동", "osm_id": 3883998, "conn_tier": "no-data"}}, {"type": "Feature", "geometry": {"type": "MultiPolygon", "coordinates": [[[[127.0105, 37.5803], [127.0121, 37.5771], [127.0113, 37.577], [127.0121, 37.5767], [127.0116, 37.5758], [127.0128, 37.5756], [127.0128, 37.5746], [127.0112, 37.5736], [127.0126, 37.5721], [127.0097, 37.5716], [127.0088, 37.5728], [127.0081, 37.5791], [127.0089, 37.5804], [127.0105, 37.5803]]]]}, "properties": {"dong": "Changsin 2(i)-dong", "dong_kr": "창신2동", "osm_id": 3883999, "conn_tier": "no-data"}}, {"type": "Feature", "geometry": {"type": "MultiPolygon", "coordinates": [[[[127.0066, 37.5638], [127.0072, 37.5639], [127.0078, 37.5626], [127.01, 37.5631], [127.0102, 37.5651], [127.0115, 37.5662], [127.01, 37.5698], [127.0054, 37.5696], [127.0032, 37.5653], [127.0016, 37.5659], [126.9961, 37.5657], [126.9951, 37.5651], [126.9944, 37.5629], [126.9934, 37.5627], [126.9942, 37.5613], [127.0027, 37.5633], [127.0025, 37.5624], [127.0057, 37.5625], [127.0063, 37.562], [127.0066, 37.5638]]]]}, "properties": {"dong": "Gwanghui-dong", "dong_kr": "광희동", "osm_id": 3884088, "conn_tier": "very-high"}}, {"type": "Feature", "geometry": {"type": "MultiPolygon", "coordinates": [[[[127.0056, 37.5476], [127.006, 37.5482], [127.0047, 37.5487], [127.0041, 37.5504], [127.0045, 37.554], [127.008, 37.5566], [127.0087, 37.559], [127.0099, 37.5604], [127.0093, 37.5608], [127.0094, 37.562], [127.0104, 37.562], [127.0108, 37.5613], [127.0139, 37.5602], [127.0098, 37.5534], [127.0077, 37.5511], [127.0071, 37.5482], [127.0056, 37.5476]]]]}, "properties": {"dong": "Dasan-dong", "dong_kr": "다산동", "osm_id": 3884089, "conn_tier": "high"}}, {"type": "Feature", "geometry": {"type": "MultiPolygon", "coordinates": [[[[127.0229, 37.5579], [127.0194, 37.5574], [127.0185, 37.5599], [127.0165, 37.5594], [127.0139, 37.5602], [127.016, 37.5641], [127.0196, 37.5633], [127.021, 37.5606], [127.0233, 37.5607], [127.0224, 37.5591], [127.0229, 37.5579]]]]}, "properties": {"dong": "Donghwa-dong", "dong_kr": "동화동", "osm_id": 3884090, "conn_tier": "no-data"}}, {"type": "Feature", "geometry": {"type": "MultiPolygon", "coordinates": [[[[126.9849, 37.5563], [126.9854, 37.5537], [126.984, 37.5531], [126.983, 37.5583], [126.9809, 37.5623], [126.9822, 37.5649], [126.9777, 37.5658], [126.9757, 37.5677], [126.9757, 37.5694], [126.9909, 37.5682], [126.9909, 37.5668], [126.9897, 37.5668], [126.9898, 37.5655], [126.9885, 37.5652], [126.9888, 37.5633], [126.9903, 37.563], [126.9905, 37.5612], [126.9877, 37.5611], [126.9884, 37.5603], [126.9869, 37.5575], [126.9849, 37.5563]]]]}, "properties": {"dong": "Myeong-dong", "dong_kr": "명동", "osm_id": 3884091, "conn_tier": "very-high"}}, {"type": "Feature", "geometry": {"type": "MultiPolygon", "coordinates": [[[[126.9809, 37.5623], [126.9822, 37.5649], [126.9777, 37.5658], [126.9757, 37.5677], [126.9757, 37.5694], [126.973, 37.5693], [126.9726, 37.5685], [126.9712, 37.5688], [126.969, 37.5682], [126.9667, 37.5658], [126.9695, 37.562], [126.9681, 37.5615], [126.97, 37.5621], [126.9709, 37.5594], [126.9733, 37.56], [126.9754, 37.5593], [126.9759, 37.5604], [126.9812, 37.5618], [126.9809, 37.5623]]]]}, "properties": {"dong": "Sogong-dong", "dong_kr": "소공동", "osm_id": 3884092, "conn_tier": "very-high"}}, {"type": "Feature", "geometry": {"type": "MultiPolygon", "coordinates": [[[[127.0102, 37.5684], [127.01, 37.5698], [127.0177, 37.5702], [127.0181, 37.5656], [127.0162, 37.5654], [127.0139, 37.5602], [127.0094, 37.562], [127.0103, 37.5652], [127.0115, 37.5661], [127.0102, 37.5684]]]]}, "properties": {"dong": "Sindang-dong", "dong_kr": "신당동", "osm_id": 3884093, "conn_tier": "very-high"}}, {"type": "Feature", "geometry": {"type": "MultiPolygon", "coordinates": [[[[127.009, 37.544], [127.0083, 37.5451], [127.0094, 37.5461], [127.0093, 37.5472], [127.0116, 37.5483], [127.0161, 37.5526], [127.0154, 37.5539], [127.0145, 37.5544], [127.0135, 37.5536], [127.0126, 37.5539], [127.012, 37.5551], [127.011, 37.5554], [127.0082, 37.5519], [127.0071, 37.5482], [127.0056, 37.5476], [127.0048, 37.5464], [127.0072, 37.5439], [127.009, 37.544]]]]}, "properties": {"dong": "Yaksu-dong", "dong_kr": "약수동", "osm_id": 3884094, "conn_tier": "very-high"}}, {"type": "Feature", "geometry": {"type": "MultiPolygon", "coordinates": [[[[126.9935, 37.5631], [126.9895, 37.5629], [126.9888, 37.5633], [126.9885, 37.5652], [126.9898, 37.5655], [126.9897, 37.5668], [126.9909, 37.5668], [126.9909, 37.5682], [127.0054, 37.5696], [127.0032, 37.5653], [127.0016, 37.5659], [126.9961, 37.5657], [126.9951, 37.5651], [126.9944, 37.5629], [126.9935, 37.5631]]]]}, "properties": {"dong": "Euljiro-dong", "dong_kr": "을지로동", "osm_id": 3884095, "conn_tier": "very-high"}}, {"type": "Feature", "geometry": {"type": "MultiPolygon", "coordinates": [[[[126.995, 37.5535], [126.9948, 37.5526], [126.9922, 37.55], [126.9952, 37.5476], [126.9963, 37.548], [126.9979, 37.5499], [127.0028, 37.5496], [127.0045, 37.5505], [127.0039, 37.5518], [127.0045, 37.554], [127.0082, 37.557], [127.0081, 37.5579], [127.0099, 37.5604], [127.0093, 37.5608], [127.0096, 37.563], [127.0078, 37.5626], [127.0072, 37.5639], [127.0066, 37.5638], [127.0063, 37.562], [127.0057, 37.5625], [127.0025, 37.5624], [127.0027, 37.5633], [127.0012, 37.5628], [127.0008, 37.5605], [126.9979, 37.5604], [126.999, 37.5591], [126.9978, 37.5592], [126.9987, 37.558], [126.997, 37.5581], [126.9979, 37.5574], [126.9993, 37.5574], [126.9994, 37.5552], [126.9978, 37.5549], [126.9961, 37.5563], [126.9972, 37.5525], [126.9961, 37.5523], [126.995, 37.5535]]]]}, "properties": {"dong": "Jangchung-dong", "dong_kr": "장충동", "osm_id": 3884096, "conn_tier": "very-high"}}, {"type": "Feature", "geometry": {"type": "MultiPolygon", "coordinates": [[[[126.9655, 37.5603], [126.9616, 37.5591], [126.9616, 37.5584], [126.9631, 37.5582], [126.9634, 37.5569], [126.9617, 37.555], [126.9624, 37.5515], [126.9657, 37.5542], [126.9692, 37.5556], [126.9695, 37.5593], [126.9709, 37.5594], [126.97, 37.5621], [126.9669, 37.5613], [126.9655, 37.5603]]]]}, "properties": {"dong": "Jungnim-dong", "dong_kr": "중림동", "osm_id": 3884097, "conn_tier": "very-high"}}, {"type": "Feature", "geometry": {"type": "MultiPolygon", "coordinates": [[[[127.0163, 37.553], [127.0174, 37.556], [127.0194, 37.5574], [127.019, 37.5595], [127.0178, 37.56], [127.0165, 37.5594], [127.0139, 37.5602], [127.011, 37.5554], [127.012, 37.5551], [127.0126, 37.5539], [127.0135, 37.5536], [127.0145, 37.5544], [127.0163, 37.553]]]]}, "properties": {"dong": "Cheonggu-dong", "dong_kr": "청구동", "osm_id": 3884098, "conn_tier": "no-data"}}, {"type": "Feature", "geometry": {"type": "MultiPolygon", "coordinates": [[[[126.988, 37.5515], [126.9854, 37.5537], [126.9847, 37.5561], [126.9869, 37.5575], [126.9884, 37.5603], [126.9877, 37.5611], [126.9905, 37.5612], [126.9903, 37.5632], [126.9931, 37.5634], [126.9942, 37.5613], [127.0012, 37.5628], [127.0008, 37.5605], [126.9979, 37.5604], [126.999, 37.5591], [126.9978, 37.5592], [126.9987, 37.558], [126.997, 37.5581], [126.9979, 37.5574], [126.9993, 37.5574], [126.9994, 37.5552], [126.9978, 37.5549], [126.9961, 37.5563], [126.9972, 37.5525], [126.9961, 37.5523], [126.995, 37.5535], [126.9948, 37.5526], [126.9922, 37.55], [126.988, 37.5515]]]]}, "properties": {"dong": "Pil-dong", "dong_kr": "필동", "osm_id": 3884099, "conn_tier": "very-high"}}, {"type": "Feature", "geometry": {"type": "MultiPolygon", "coordinates": [[[[127.0236, 37.5658], [127.0234, 37.5653], [127.0181, 37.5656], [127.0174, 37.5701], [127.0203, 37.5717], [127.0234, 37.5719], [127.0236, 37.5658]]]]}, "properties": {"dong": "Hwanghak-dong", "dong_kr": "황학동", "osm_id": 3884100, "conn_tier": "very-high"}}, {"type": "Feature", "geometry": {"type": "MultiPolygon", "coordinates": [[[[126.9819, 37.5606], [126.9812, 37.5618], [126.9759, 37.5604], [126.9754, 37.5593], [126.9733, 37.56], [126.9695, 37.5593], [126.9692, 37.5549], [126.9724, 37.5549], [126.9743, 37.5536], [126.9764, 37.5531], [126.9765, 37.5552], [126.9788, 37.5539], [126.9792, 37.5528], [126.9809, 37.5539], [126.984, 37.5531], [126.983, 37.5583], [126.9819, 37.5606]]]]}, "properties": {"dong": "Hoehyeon-dong", "dong_kr": "회현동", "osm_id": 3884101, "conn_tier": "very-high"}}, {"type": "Feature", "geometry": {"type": "MultiPolygon", "coordinates": [[[[127.0236, 37.5658], [127.0234, 37.5653], [127.0162, 37.5654], [127.016, 37.5641], [127.0196, 37.5633], [127.021, 37.5606], [127.0233, 37.5607], [127.026, 37.5627], [127.0268, 37.5643], [127.0268, 37.5651], [127.0236, 37.5652], [127.0236, 37.5658]]]]}, "properties": {"dong": "Sindang 5(o)-dong", "dong_kr": "신당5동", "osm_id": 3884103, "conn_tier": "no-data"}}, {"type": "Feature", "geometry": {"type": "MultiPolygon", "coordinates": [[[[126.9743, 37.5536], [126.9724, 37.5549], [126.9692, 37.5549], [126.9699, 37.5493], [126.9709, 37.5482], [126.971, 37.54], [126.9733, 37.5404], [126.9739, 37.5376], [126.9749, 37.5377], [126.9754, 37.5348], [126.9806, 37.5348], [126.9805, 37.5391], [126.9784, 37.5459], [126.9751, 37.5455], [126.9746, 37.5465], [126.9752, 37.5472], [126.9733, 37.5479], [126.9756, 37.5502], [126.9756, 37.5518], [126.9768, 37.5522], [126.9764, 37.5531], [126.9743, 37.5536]]]]}, "properties": {"dong": "Namyeong-dong", "dong_kr": "남영동", "osm_id": 3884154, "conn_tier": "very-high"}}, {"type": "Feature", "geometry": {"type": "MultiPolygon", "coordinates": [[[[127.0028, 37.5205], [127.0071, 37.5248], [127.0042, 37.5269], [127.0038, 37.5267], [127.0035, 37.5278], [127.0028, 37.5281], [127.0038, 37.5293], [127.0034, 37.5302], [126.998, 37.5329], [126.9957, 37.5295], [126.9955, 37.5282], [126.9969, 37.5266], [126.9962, 37.5256], [126.9984, 37.5244], [126.9989, 37.523], [127.001, 37.523], [127.0028, 37.5205]]]]}, "properties": {"dong": "Bogwang-dong", "dong_kr": "보광동", "osm_id": 3884155, "conn_tier": "no-data"}}, {"type": "Feature", "geometry": {"type": "MultiPolygon", "coordinates": [[[[126.9957, 37.5287], [126.9955, 37.5282], [126.9969, 37.5266], [126.9961, 37.526], [126.9967, 37.525], [126.9984, 37.5244], [126.9989, 37.523], [127.001, 37.523], [127.0028, 37.5205], [126.9881, 37.5097], [126.9854, 37.5065], [126.9808, 37.5065], [126.9831, 37.5151], [126.9832, 37.5197], [126.9772, 37.5215], [126.9771, 37.5231], [126.978, 37.5251], [126.9799, 37.5262], [126.9845, 37.5261], [126.9915, 37.5272], [126.9913, 37.5299], [126.9921, 37.529], [126.9929, 37.5296], [126.9937, 37.5287], [126.9957, 37.5287]]]]}, "properties": {"dong": "Seobinggo-dong", "dong_kr": "서빙고동", "osm_id": 3884156, "conn_tier": "no-data"}}, {"type": "Feature", "geometry": {"type": "MultiPolygon", "coordinates": [[[[126.9605, 37.5359], [126.962, 37.5365], [126.962, 37.5371], [126.9635, 37.5374], [126.9638, 37.5384], [126.9583, 37.5398], [126.9566, 37.5408], [126.9557, 37.5395], [126.9541, 37.5389], [126.9534, 37.5375], [126.9553, 37.5373], [126.956, 37.5363], [126.9579, 37.5366], [126.9596, 37.5355], [126.9605, 37.5359]]]]}, "properties": {"dong": "Yongmun-dong", "dong_kr": "용문동", "osm_id": 3884157, "conn_tier": "no-data"}}, {"type": "Feature", "geometry": {"type": "MultiPolygon", "coordinates": [[[[126.971, 37.5417], [126.9709, 37.5482], [126.9699, 37.5493], [126.9691, 37.5525], [126.9692, 37.5556], [126.9657, 37.5542], [126.9623, 37.5515], [126.9639, 37.5498], [126.9634, 37.5466], [126.9623, 37.5452], [126.9621, 37.5418], [126.9648, 37.5426], [126.9649, 37.5415], [126.9681, 37.5415], [126.9682, 37.5422], [126.971, 37.5417]]]]}, "properties": {"dong": "Cheongpa-dong", "dong_kr": "청파동", "osm_id": 3884162, "conn_tier": "no-data"}}, {"type": "Feature", "geometry": {"type": "MultiPolygon", "coordinates": [[[[126.98, 37.5262], [126.978, 37.5251], [126.9771, 37.5231], [126.9772, 37.5215], [126.9727, 37.5228], [126.9634, 37.5223], [126.9602, 37.5233], [126.9552, 37.5272], [126.9546, 37.5282], [126.9544, 37.5314], [126.9579, 37.5329], [126.9627, 37.5333], [126.9645, 37.5345], [126.9691, 37.5338], [126.9711, 37.5372], [126.9712, 37.54], [126.9733, 37.5404], [126.9739, 37.5376], [126.9749, 37.5377], [126.9754, 37.5348], [126.9806, 37.5348], [126.98, 37.5262]]]]}, "properties": {"dong": "Hangangno-dong", "dong_kr": "한강로동", "osm_id": 3884163, "conn_tier": "very-high"}}, {"type": "Feature", "geometry": {"type": "MultiPolygon", "coordinates": [[[[127.0084, 37.5259], [127.0071, 37.5248], [127.0042, 37.5269], [127.0038, 37.5267], [127.0035, 37.5278], [127.0028, 37.5281], [127.0038, 37.5293], [127.0034, 37.5302], [126.997, 37.5332], [126.997, 37.5351], [126.9949, 37.5382], [126.9976, 37.5411], [126.9977, 37.5428], [126.9963, 37.5446], [126.9952, 37.5476], [126.9963, 37.548], [126.9976, 37.5498], [127.0028, 37.5496], [127.0041, 37.5504], [127.0047, 37.5487], [127.006, 37.5482], [127.0048, 37.5464], [127.0072, 37.5439], [127.009, 37.544], [127.0087, 37.5419], [127.0096, 37.5395], [127.0115, 37.539], [127.0133, 37.5395], [127.0172, 37.5374], [127.0175, 37.535], [127.0084, 37.5259]]]]}, "properties": {"dong": "Hannam-dong", "dong_kr": "한남동", "osm_id": 3884164, "conn_tier": "high"}}, {"type": "Feature", "geometry": {"type": "MultiPolygon", "coordinates": [[[[126.9618, 37.5477], [126.9601, 37.5461], [126.9579, 37.5455], [126.9581, 37.5444], [126.9574, 37.5432], [126.9584, 37.5428], [126.9566, 37.5408], [126.9583, 37.5398], [126.9638, 37.5384], [126.9644, 37.5388], [126.9648, 37.5426], [126.9621, 37.5418], [126.9623, 37.5452], [126.9634, 37.5466], [126.9637, 37.5488], [126.9622, 37.5486], [126.9618, 37.5477]]], [[[126.9642, 37.5436], [126.9644, 37.5429], [126.963, 37.5426], [126.963, 37.5434], [126.9642, 37.5436]]]]}, "properties": {"dong": "Hyochang-dong", "dong_kr": "효창동", "osm_id": 3884166, "conn_tier": "very-high"}}, {"type": "Feature", "geometry": {"type": "MultiPolygon", "coordinates": [[[[126.9809, 37.5539], [126.9792, 37.5528], [126.9788, 37.5539], [126.9765, 37.5552], [126.9768, 37.5522], [126.9756, 37.5518], [126.9756, 37.5502], [126.9733, 37.5479], [126.9752, 37.5472], [126.9746, 37.5465], [126.9751, 37.5455], [126.9834, 37.5465], [126.9874, 37.5482], [126.988, 37.5515], [126.9861, 37.5534], [126.9854, 37.5537], [126.984, 37.5531], [126.9809, 37.5539]]]]}, "properties": {"dong": "Huam-dong", "dong_kr": "후암동", "osm_id": 3884167, "conn_tier": "no-data"}}, {"type": "Feature", "geometry": {"type": "MultiPolygon", "coordinates": [[[[126.9784, 37.5459], [126.9834, 37.5465], [126.987, 37.5478], [126.9876, 37.5486], [126.988, 37.5515], [126.9907, 37.551], [126.9934, 37.5487], [126.9904, 37.5466], [126.9868, 37.5385], [126.9871, 37.5347], [126.9909, 37.5306], [126.9915, 37.5272], [126.9845, 37.5261], [126.98, 37.5262], [126.9805, 37.5391], [126.9784, 37.5459]]]]}, "properties": {"dong": "Yongsan 2(i)-ga-dong", "dong_kr": "용산2가동", "osm_id": 3884168, "conn_tier": "very-high"}}, {"type": "Feature", "geometry": {"type": "MultiPolygon", "coordinates": [[[[126.9605, 37.5359], [126.9608, 37.5356], [126.96, 37.5352], [126.9617, 37.5337], [126.9616, 37.5332], [126.9645, 37.5345], [126.9691, 37.5338], [126.9711, 37.5372], [126.971, 37.5417], [126.9682, 37.5422], [126.9681, 37.5415], [126.9652, 37.5417], [126.9635, 37.5374], [126.962, 37.5371], [126.962, 37.5365], [126.9605, 37.5359]]]]}, "properties": {"dong": "Wonhyoro 1(iI)-dong", "dong_kr": "원효로1동", "osm_id": 3884169, "conn_tier": "no-data"}}, {"type": "Feature", "geometry": {"type": "MultiPolygon", "coordinates": [[[[126.9534, 37.5375], [126.9509, 37.5362], [126.9475, 37.5358], [126.9474, 37.5352], [126.9463, 37.5357], [126.9451, 37.535], [126.9446, 37.5338], [126.9494, 37.5289], [126.9557, 37.5323], [126.9616, 37.5332], [126.9617, 37.5337], [126.96, 37.5352], [126.9608, 37.5356], [126.9605, 37.5359], [126.9596, 37.5355], [126.9579, 37.5366], [126.956, 37.5363], [126.9553, 37.5373], [126.9534, 37.5375]]]]}, "properties": {"dong": "Wonhyoro 2(i)-dong", "dong_kr": "원효로2동", "osm_id": 3884170, "conn_tier": "no-data"}}, {"type": "Feature", "geometry": {"type": "MultiPolygon", "coordinates": [[[[126.9878, 37.5343], [126.9898, 37.5356], [126.9896, 37.5363], [126.9904, 37.5364], [126.9906, 37.5371], [126.9932, 37.5374], [126.9955, 37.5391], [126.9949, 37.5382], [126.997, 37.5351], [126.997, 37.5332], [126.998, 37.5329], [126.9966, 37.5315], [126.9957, 37.5287], [126.9942, 37.5286], [126.9929, 37.5296], [126.9921, 37.529], [126.9878, 37.5343]]]]}, "properties": {"dong": "Itaewon 1(il)-dong", "dong_kr": "이태원1동", "osm_id": 3884171, "conn_tier": "high"}}, {"type": "Feature", "geometry": {"type": "MultiPolygon", "coordinates": [[[[126.9873, 37.5346], [126.9868, 37.5385], [126.9885, 37.5431], [126.9897, 37.5442], [126.9904, 37.5466], [126.9934, 37.5487], [126.9952, 37.5476], [126.9963, 37.5446], [126.9977, 37.5428], [126.9976, 37.5411], [126.9932, 37.5374], [126.9906, 37.5371], [126.9904, 37.5364], [126.9896, 37.5363], [126.9898, 37.5356], [126.9878, 37.5343], [126.9873, 37.5346]]]]}, "properties": {"dong": "Itaewon 2(i)-dong", "dong_kr": "이태원2동", "osm_id": 3884172, "conn_tier": "no-data"}}, {"type": "Feature", "geometry": {"type": "MultiPolygon", "coordinates": [[[[126.9617, 37.5142], [126.9651, 37.5127], [126.9676, 37.5104], [126.9733, 37.5071], [126.9808, 37.5065], [126.9831, 37.5151], [126.9832, 37.5197], [126.9727, 37.5228], [126.9661, 37.5221], [126.9622, 37.5227], [126.9578, 37.516], [126.9617, 37.5142]]]]}, "properties": {"dong": "Ichon 1(il)-dong", "dong_kr": "이촌1동", "osm_id": 3884173, "conn_tier": "no-data"}}, {"type": "Feature", "geometry": {"type": "MultiPolygon", "coordinates": [[[[126.9489, 37.5197], [126.9499, 37.5266], [126.9494, 37.5289], [126.954, 37.5313], [126.9547, 37.5312], [126.9544, 37.5293], [126.9552, 37.5272], [126.9587, 37.5242], [126.9622, 37.5227], [126.9578, 37.516], [126.9489, 37.5197]]]]}, "properties": {"dong": "Ichon 2(i)-dong", "dong_kr": "이촌2동", "osm_id": 3884174, "conn_tier": "no-data"}}, {"type": "Feature", "geometry": {"type": "MultiPolygon", "coordinates": [[[[126.9511, 37.5441], [126.9541, 37.5481], [126.9582, 37.5562], [126.9616, 37.5591], [126.9616, 37.5584], [126.9631, 37.5582], [126.9634, 37.5569], [126.9617, 37.5548], [126.9624, 37.5515], [126.9639, 37.5498], [126.9637, 37.5488], [126.9622, 37.5486], [126.9601, 37.5461], [126.9579, 37.5455], [126.9581, 37.5444], [126.9574, 37.5432], [126.9584, 37.5428], [126.9566, 37.5408], [126.9505, 37.5435], [126.9511, 37.5441]]]]}, "properties": {"dong": "Gongdeok-dong", "dong_kr": "공덕동", "osm_id": 3884273, "conn_tier": "high"}}, {"type": "Feature", "geometry": {"type": "MultiPolygon", "coordinates": [[[[126.944, 37.5567], [126.9465, 37.5568], [126.946, 37.553], [126.9465, 37.553], [126.9467, 37.5511], [126.9459, 37.5495], [126.9448, 37.5493], [126.9438, 37.5473], [126.945, 37.5456], [126.9445, 37.5451], [126.9401, 37.5467], [126.9399, 37.548], [126.9373, 37.5509], [126.9334, 37.5531], [126.9366, 37.555], [126.941, 37.5565], [126.944, 37.5567]]]]}, "properties": {"dong": "Daeheung-dong", "dong_kr": "대흥동", "osm_id": 3884274, "conn_tier": "high"}}, {"type": "Feature", "geometry": {"type": "MultiPolygon", "coordinates": [[[[126.9446, 37.5338], [126.9451, 37.535], [126.9463, 37.5357], [126.9474, 37.5352], [126.9475, 37.5358], [126.9513, 37.5363], [126.9534, 37.5375], [126.9541, 37.5389], [126.9557, 37.5395], [126.9566, 37.5408], [126.9505, 37.5435], [126.9409, 37.5364], [126.9446, 37.5338]]]]}, "properties": {"dong": "Dohwa-dong", "dong_kr": "도화동", "osm_id": 3884275, "conn_tier": "very-high"}}, {"type": "Feature", "geometry": {"type": "MultiPolygon", "coordinates": [[[[126.9013, 37.5751], [126.9021, 37.576], [126.8887, 37.5847], [126.882, 37.5908], [126.8804, 37.5896], [126.8791, 37.5868], [126.8777, 37.5861], [126.8765, 37.5844], [126.8773, 37.584], [126.8759, 37.5791], [126.8669, 37.5772], [126.8635, 37.5775], [126.8609, 37.575], [126.8593, 37.5755], [126.8584, 37.5747], [126.8536, 37.5738], [126.8536, 37.5718], [126.8549, 37.5702], [126.8662, 37.563], [126.8881, 37.5523], [126.8918, 37.5558], [126.8941, 37.5594], [126.8957, 37.5598], [126.8946, 37.5602], [126.8952, 37.563], [126.8944, 37.5666], [126.8897, 37.5705], [126.8915, 37.571], [126.8922, 37.5729], [126.8935, 37.5732], [126.8946, 37.5726], [126.8972, 37.573], [126.8977, 37.5725], [126.8994, 37.5744], [126.9006, 37.5732], [126.9013, 37.5751]]]]}, "properties": {"dong": "Sangam-dong", "dong_kr": "상암동", "osm_id": 3884277, "conn_tier": "very-low"}}, {"type": "Feature", "geometry": {"type": "MultiPolygon", "coordinates": [[[[126.9171, 37.5414], [126.9166, 37.5435], [126.9177, 37.5448], [126.9186, 37.545], [126.9202, 37.5483], [126.9242, 37.5509], [126.9242, 37.5526], [126.9288, 37.5537], [126.9303, 37.5547], [126.9321, 37.5547], [126.9339, 37.5535], [126.9331, 37.5528], [126.9324, 37.5463], [126.9289, 37.544], [126.9284, 37.5414], [126.9303, 37.5414], [126.9277, 37.5391], [126.9231, 37.5405], [126.9224, 37.5414], [126.9171, 37.5414]]]]}, "properties": {"dong": "Seogang-dong", "dong_kr": "서강동", "osm_id": 3884278, "conn_tier": "mid"}}, {"type": "Feature", "geometry": {"type": "MultiPolygon", "coordinates": [[[[126.9175, 37.559], [126.9154, 37.5579], [126.9128, 37.5584], [126.9088, 37.5574], [126.9117, 37.5542], [126.9136, 37.5496], [126.9146, 37.5506], [126.9144, 37.5498], [126.9151, 37.5492], [126.9202, 37.5483], [126.9242, 37.5509], [126.9242, 37.5526], [126.9254, 37.5532], [126.9286, 37.5536], [126.9304, 37.5547], [126.9321, 37.5547], [126.9339, 37.5535], [126.9369, 37.5551], [126.9266, 37.5589], [126.9272, 37.5618], [126.9255, 37.5604], [126.9243, 37.5612], [126.9238, 37.56], [126.9233, 37.5606], [126.9188, 37.5576], [126.9175, 37.559]]]]}, "properties": {"dong": "Seogyo-dong", "dong_kr": "서교동", "osm_id": 3884279, "conn_tier": "mid"}}, {"type": "Feature", "geometry": {"type": "MultiPolygon", "coordinates": [[[[126.9039, 37.5628], [126.9133, 37.5659], [126.9166, 37.5677], [126.918, 37.5599], [126.9171, 37.5586], [126.9154, 37.5579], [126.9128, 37.5584], [126.9088, 37.5574], [126.9039, 37.5628]]]]}, "properties": {"dong": "Seongsan 1(il)-dong", "dong_kr": "성산1동", "osm_id": 3884280, "conn_tier": "no-data"}}, {"type": "Feature", "geometry": {"type": "MultiPolygon", "coordinates": [[[[126.9326, 37.5481], [126.9334, 37.5531], [126.9365, 37.5516], [126.9399, 37.548], [126.9402, 37.5466], [126.9353, 37.5393], [126.9301, 37.5414], [126.9284, 37.5414], [126.9289, 37.544], [126.93, 37.5451], [126.9318, 37.5454], [126.9326, 37.5481]]]]}, "properties": {"dong": "Sinsu-dong", "dong_kr": "신수동", "osm_id": 3884281, "conn_tier": "no-data"}}, {"type": "Feature", "geometry": {"type": "MultiPolygon", "coordinates": [[[[126.9489, 37.557], [126.9485, 37.5566], [126.9487, 37.5555], [126.9506, 37.5539], [126.9497, 37.5523], [126.9506, 37.5519], [126.9492, 37.5496], [126.95, 37.5476], [126.9478, 37.5453], [126.9505, 37.5434], [126.9541, 37.5481], [126.9578, 37.5556], [126.9598, 37.5575], [126.9489, 37.557]]]]}, "properties": {"dong": "Ahyeon-dong", "dong_kr": "아현동", "osm_id": 3884282, "conn_tier": "high"}}, {"type": "Feature", "geometry": {"type": "MultiPolygon", "coordinates": [[[[126.9166, 37.5677], [126.918, 37.5615], [126.9176, 37.5613], [126.9182, 37.561], [126.9175, 37.559], [126.9188, 37.5576], [126.9233, 37.5606], [126.9238, 37.56], [126.9243, 37.5612], [126.9255, 37.5604], [126.9283, 37.5634], [126.9247, 37.5657], [126.9166, 37.5677]]]]}, "properties": {"dong": "Yeonnam-dong", "dong_kr": "연남동", "osm_id": 3884283, "conn_tier": "no-data"}}, {"type": "Feature", "geometry": {"type": "MultiPolygon", "coordinates": [[[[126.9465, 37.5568], [126.946, 37.553], [126.9465, 37.553], [126.9467, 37.5511], [126.9459, 37.5495], [126.9448, 37.5493], [126.9438, 37.5469], [126.945, 37.5456], [126.9445, 37.5451], [126.9478, 37.5433], [126.9491, 37.5433], [126.9496, 37.5439], [126.9478, 37.5453], [126.95, 37.5476], [126.9492, 37.5496], [126.9505, 37.5514], [126.9506, 37.5519], [126.9497, 37.5523], [126.9505, 37.554], [126.9487, 37.5555], [126.9485, 37.5566], [126.9489, 37.557], [126.9465, 37.5568]]]]}, "properties": {"dong": "Yeomni-dong", "dong_kr": "염리동", "osm_id": 3884285, "conn_tier": "no-data"}}, {"type": "Feature", "geometry": {"type": "MultiPolygon", "coordinates": [[[[126.9418, 37.5462], [126.9478, 37.5433], [126.9491, 37.5433], [126.9496, 37.5439], [126.9505, 37.5434], [126.9409, 37.5364], [126.9353, 37.5393], [126.9395, 37.5462], [126.9401, 37.5467], [126.9418, 37.5462]]]]}, "properties": {"dong": "Yonggang-dong", "dong_kr": "용강동", "osm_id": 3884286, "conn_tier": "no-data"}}, {"type": "Feature", "geometry": {"type": "MultiPolygon", "coordinates": [[[[126.8957, 37.549], [126.9117, 37.5542], [126.9136, 37.5496], [126.9146, 37.5506], [126.9144, 37.5498], [126.9151, 37.5492], [126.9202, 37.5483], [126.9186, 37.545], [126.9177, 37.5448], [126.9166, 37.5435], [126.9171, 37.5414], [126.9048, 37.5414], [126.8989, 37.548], [126.8957, 37.549]]]]}, "properties": {"dong": "Hapjeong-dong", "dong_kr": "합정동", "osm_id": 3884287, "conn_tier": "low"}}, {"type": "Feature", "geometry": {"type": "MultiPolygon", "coordinates": [[[[126.8918, 37.5558], [126.8971, 37.5557], [126.9083, 37.558], [126.9117, 37.5542], [126.8957, 37.549], [126.8881, 37.5523], [126.8918, 37.5558]]]]}, "properties": {"dong": "Mangwon 1(il)-dong", "dong_kr": "망원1동", "osm_id": 3884288, "conn_tier": "no-data"}}, {"type": "Feature", "geometry": {"type": "MultiPolygon", "coordinates": [[[[126.9083, 37.558], [126.9039, 37.5628], [126.8959, 37.5595], [126.8941, 37.5594], [126.8918, 37.5558], [126.8971, 37.5557], [126.9083, 37.558]]]]}, "properties": {"dong": "Mangwon 2(i)-dong", "dong_kr": "망원2동", "osm_id": 3884289, "conn_tier": "no-data"}}, {"type": "Feature", "geometry": {"type": "MultiPolygon", "coordinates": [[[[126.8957, 37.5598], [126.8946, 37.5602], [126.8952, 37.563], [126.8944, 37.5666], [126.8897, 37.5705], [126.8915, 37.571], [126.8922, 37.5729], [126.8972, 37.573], [126.8977, 37.5725], [126.8994, 37.5744], [126.9006, 37.5732], [126.9021, 37.576], [126.9093, 37.5711], [126.9168, 37.5679], [126.9155, 37.5668], [126.9037, 37.5631], [126.8957, 37.5598]]]]}, "properties": {"dong": "Seongsan 2(i)-dong", "dong_kr": "성산2동", "osm_id": 3884291, "conn_tier": "very-low"}}, {"type": "Feature", "geometry": {"type": "MultiPolygon", "coordinates": [[[[126.9172, 37.6112], [126.91, 37.6144], [126.907, 37.6167], [126.9049, 37.6197], [126.9046, 37.619], [126.903, 37.6183], [126.9022, 37.6164], [126.9025, 37.6158], [126.9003, 37.6112], [126.9017, 37.6057], [126.9053, 37.6047], [126.9098, 37.6054], [126.9099, 37.6076], [126.9154, 37.6074], [126.9172, 37.6112]]]]}, "properties": {"dong": "Gusan-dong", "dong_kr": "구산동", "osm_id": 3886361, "conn_tier": "very-low"}}, {"type": "Feature", "geometry": {"type": "MultiPolygon", "coordinates": [[[[126.9482, 37.6087], [126.9464, 37.6105], [126.9434, 37.6101], [126.9412, 37.6109], [126.9325, 37.6094], [126.9305, 37.6085], [126.9271, 37.609], [126.9236, 37.6072], [126.9206, 37.6017], [126.9263, 37.6024], [126.9284, 37.6015], [126.9359, 37.6008], [126.9386, 37.5975], [126.9409, 37.5988], [126.9414, 37.6007], [126.9398, 37.6019], [126.94, 37.6031], [126.9413, 37.6032], [126.9421, 37.605], [126.9437, 37.6051], [126.9437, 37.6062], [126.9482, 37.6087]]]]}, "properties": {"dong": "Nokbeon-dong", "dong_kr": "녹번동", "osm_id": 3886362, "conn_tier": "low"}}, {"type": "Feature", "geometry": {"type": "MultiPolygon", "coordinates": [[[[126.9172, 37.6112], [126.9201, 37.6095], [126.9229, 37.6062], [126.9236, 37.6072], [126.9268, 37.609], [126.9291, 37.6084], [126.9314, 37.6088], [126.9267, 37.6142], [126.9214, 37.6189], [126.9202, 37.6185], [126.918, 37.6152], [126.9172, 37.6112]]]]}, "properties": {"dong": "Daejo-dong", "dong_kr": "대조동", "osm_id": 3886363, "conn_tier": "low"}}, {"type": "Feature", "geometry": {"type": "MultiPolygon", "coordinates": [[[[126.8999, 37.5899], [126.898, 37.5896], [126.8969, 37.5886], [126.8933, 37.5892], [126.8913, 37.5885], [126.89, 37.589], [126.8868, 37.5886], [126.8856, 37.5912], [126.8878, 37.5943], [126.8871, 37.5945], [126.8851, 37.5939], [126.882, 37.5908], [126.8887, 37.5847], [126.9021, 37.576], [126.9027, 37.5764], [126.8991, 37.5792], [126.9024, 37.5808], [126.9016, 37.5813], [126.9021, 37.583], [126.9016, 37.5856], [126.9036, 37.5883], [126.8999, 37.5899]]]]}, "properties": {"dong": "Susaek-dong", "dong_kr": "수색동", "osm_id": 3886365, "conn_tier": "no-data"}}, {"type": "Feature", "geometry": {"type": "MultiPolygon", "coordinates": [[[[126.9162, 37.5991], [126.9147, 37.5988], [126.915, 37.6], [126.9132, 37.6012], [126.9103, 37.602], [126.9069, 37.6017], [126.9054, 37.6029], [126.902, 37.6038], [126.9015, 37.6054], [126.903, 37.6057], [126.9046, 37.6048], [126.9074, 37.6049], [126.9098, 37.6054], [126.9099, 37.6076], [126.9154, 37.6074], [126.9172, 37.6112], [126.9201, 37.6095], [126.9229, 37.6062], [126.9203, 37.6012], [126.9162, 37.5991]]]]}, "properties": {"dong": "Yeokchon-dong", "dong_kr": "역촌동", "osm_id": 3886367, "conn_tier": "very-low"}}, {"type": "Feature", "geometry": {"type": "MultiPolygon", "coordinates": [[[[126.9019, 37.5766], [126.9123, 37.5862], [126.9136, 37.5887], [126.9105, 37.5895], [126.9029, 37.5879], [126.9016, 37.5856], [126.9021, 37.583], [126.9016, 37.5813], [126.9024, 37.5808], [126.8991, 37.5792], [126.9019, 37.5766]]]]}, "properties": {"dong": "Jeungsan-dong", "dong_kr": "증산동", "osm_id": 3886369, "conn_tier": "very-low"}}, {"type": "Feature", "geometry": {"type": "MultiPolygon", "coordinates": [[[[126.9585, 37.6294], [126.9598, 37.6297], [126.9634, 37.6332], [126.9616, 37.638], [126.9592, 37.6423], [126.9589, 37.6471], [126.9576, 37.649], [126.9572, 37.6529], [126.9534, 37.655], [126.9511, 37.655], [126.9478, 37.6574], [126.9473, 37.659], [126.9423, 37.6578], [126.9399, 37.6565], [126.9359, 37.6509], [126.9289, 37.6502], [126.9252, 37.6472], [126.9222, 37.6458], [126.914, 37.6451], [126.9108, 37.6477], [126.8984, 37.6514], [126.8989, 37.6501], [126.9028, 37.6477], [126.9069, 37.6468], [126.9123, 37.6443], [126.9102, 37.6382], [126.9112, 37.6359], [126.9061, 37.6332], [126.9068, 37.6327], [126.9064, 37.6319], [126.907, 37.6308], [126.9084, 37.6301], [126.9088, 37.6291], [126.9121, 37.6305], [126.9151, 37.6307], [126.9172, 37.6287], [126.9196, 37.628], [126.9227, 37.628], [126.9254, 37.6293], [126.9289, 37.6287], [126.9325, 37.626], [126.9489, 37.6253], [126.9541, 37.627], [126.9554, 37.6283], [126.9585, 37.6294]]]]}, "properties": {"dong": "Jingwan-dong", "dong_kr": "진관동", "osm_id": 3886370, "conn_tier": "very-low"}}, {"type": "Feature", "geometry": {"type": "MultiPolygon", "coordinates": [[[[126.9214, 37.6189], [126.92, 37.6212], [126.9201, 37.6261], [126.9192, 37.6283], [126.9172, 37.6287], [126.9151, 37.6307], [126.9121, 37.6305], [126.9088, 37.6291], [126.9089, 37.626], [126.9072, 37.6251], [126.9077, 37.6244], [126.9099, 37.624], [126.9113, 37.6226], [126.9123, 37.6225], [126.9125, 37.6217], [126.9202, 37.6185], [126.9214, 37.6189]]]]}, "properties": {"dong": "Galhyeon 1(il)-dong", "dong_kr": "갈현1동", "osm_id": 3886371, "conn_tier": "very-low"}}, {"type": "Feature", "geometry": {"type": "MultiPolygon", "coordinates": [[[[126.9049, 37.6197], [126.907, 37.6167], [126.91, 37.6144], [126.9172, 37.6112], [126.918, 37.6152], [126.9202, 37.6185], [126.9125, 37.6217], [126.9123, 37.6225], [126.9113, 37.6226], [126.9099, 37.624], [126.9082, 37.624], [126.9071, 37.6249], [126.9063, 37.6241], [126.9072, 37.6219], [126.9055, 37.6212], [126.9049, 37.6197]]]]}, "properties": {"dong": "Galhyeon 2(i)-dong", "dong_kr": "갈현2동", "osm_id": 3886372, "conn_tier": "no-data"}}, {"type": "Feature", "geometry": {"type": "MultiPolygon", "coordinates": [[[[126.9489, 37.6253], [126.9508, 37.6137], [126.9499, 37.6117], [126.9504, 37.6108], [126.9482, 37.6087], [126.9464, 37.6105], [126.9434, 37.6101], [126.9412, 37.6109], [126.9314, 37.6088], [126.9267, 37.6142], [126.9214, 37.6189], [126.9262, 37.6213], [126.9286, 37.6212], [126.9289, 37.6201], [126.9302, 37.6197], [126.9304, 37.622], [126.9317, 37.6213], [126.9343, 37.6216], [126.9374, 37.6202], [126.9373, 37.6212], [126.939, 37.6239], [126.9419, 37.6257], [126.9489, 37.6253]]]]}, "properties": {"dong": "Bulgwang 1(il)-dong", "dong_kr": "불광1동", "osm_id": 3886373, "conn_tier": "very-low"}}, {"type": "Feature", "geometry": {"type": "MultiPolygon", "coordinates": [[[[126.9214, 37.6189], [126.92, 37.6212], [126.9201, 37.626], [126.9196, 37.628], [126.9227, 37.628], [126.9254, 37.6293], [126.9289, 37.6287], [126.9325, 37.626], [126.9419, 37.6257], [126.939, 37.6239], [126.9373, 37.6212], [126.9374, 37.6202], [126.9343, 37.6216], [126.9317, 37.6213], [126.9304, 37.622], [126.9302, 37.6197], [126.9289, 37.6201], [126.9286, 37.6212], [126.9262, 37.6213], [126.9214, 37.6189]]]]}, "properties": {"dong": "Bulgwang 2(i)-dong", "dong_kr": "불광2동", "osm_id": 3886374, "conn_tier": "no-data"}}, {"type": "Feature", "geometry": {"type": "MultiPolygon", "coordinates": [[[[126.9013, 37.5983], [126.9056, 37.5983], [126.9096, 37.5961], [126.9144, 37.5923], [126.9162, 37.5991], [126.9147, 37.5988], [126.915, 37.6], [126.9132, 37.6012], [126.9103, 37.602], [126.9069, 37.6017], [126.9054, 37.6029], [126.902, 37.6038], [126.9002, 37.6032], [126.9001, 37.6021], [126.9016, 37.5992], [126.9013, 37.5983]]]]}, "properties": {"dong": "Sinsa 1(il)-dong", "dong_kr": "신사1동", "osm_id": 3886375, "conn_tier": "very-low"}}, {"type": "Feature", "geometry": {"type": "MultiPolygon", "coordinates": [[[[126.9013, 37.5983], [126.9056, 37.5983], [126.9096, 37.5961], [126.9144, 37.5923], [126.9136, 37.5887], [126.9105, 37.5895], [126.9071, 37.5886], [126.9055, 37.5888], [126.9043, 37.5881], [126.8999, 37.5899], [126.899, 37.5928], [126.9019, 37.5952], [126.9013, 37.5983]]]]}, "properties": {"dong": "Sinsa 2(i)-dong", "dong_kr": "신사2동", "osm_id": 3886376, "conn_tier": "very-low"}}, {"type": "Feature", "geometry": {"type": "MultiPolygon", "coordinates": [[[[126.9156, 37.5971], [126.9191, 37.596], [126.9203, 37.5977], [126.9273, 37.5955], [126.9276, 37.5948], [126.9304, 37.5944], [126.9335, 37.5966], [126.9375, 37.5979], [126.9386, 37.5975], [126.9359, 37.6008], [126.9284, 37.6015], [126.9263, 37.6024], [126.9206, 37.6017], [126.9197, 37.6006], [126.9162, 37.5991], [126.9156, 37.5971]]]]}, "properties": {"dong": "Eungam 1(il)-dong", "dong_kr": "응암1동", "osm_id": 3886377, "conn_tier": "no-data"}}, {"type": "Feature", "geometry": {"type": "MultiPolygon", "coordinates": [[[[126.9229, 37.5857], [126.9239, 37.5872], [126.9258, 37.5871], [126.9278, 37.5881], [126.9278, 37.5917], [126.9304, 37.5944], [126.9276, 37.5948], [126.9273, 37.5955], [126.9203, 37.5977], [126.9183, 37.595], [126.9172, 37.5903], [126.9226, 37.589], [126.9229, 37.5857]]]]}, "properties": {"dong": "Eungam 2(i)-dong", "dong_kr": "응암2동", "osm_id": 3886378, "conn_tier": "no-data"}}, {"type": "Feature", "geometry": {"type": "MultiPolygon", "coordinates": [[[[126.9228, 37.5855], [126.9218, 37.5847], [126.9218, 37.5834], [126.9209, 37.583], [126.916, 37.5832], [126.9157, 37.5846], [126.9164, 37.5859], [126.9154, 37.5855], [126.9158, 37.5861], [126.9132, 37.5871], [126.9156, 37.5971], [126.9191, 37.596], [126.9183, 37.595], [126.9172, 37.5903], [126.9226, 37.589], [126.9228, 37.5855]]]]}, "properties": {"dong": "Eungam 3(sam)-dong", "dong_kr": "응암3동", "osm_id": 3886379, "conn_tier": "no-data"}}, {"type": "Feature", "geometry": {"type": "MultiPolygon", "coordinates": [[[[126.9489, 37.557], [126.9591, 37.5572], [126.9617, 37.5591], [126.9595, 37.5619], [126.9525, 37.5613], [126.9495, 37.5597], [126.9491, 37.5589], [126.9479, 37.5588], [126.9489, 37.557]]]]}, "properties": {"dong": "Bugahyeon-dong", "dong_kr": "북아현동", "osm_id": 3887530, "conn_tier": "high"}}, {"type": "Feature", "geometry": {"type": "MultiPolygon", "coordinates": [[[[126.9498, 37.5598], [126.9495, 37.5604], [126.9502, 37.5612], [126.9491, 37.5651], [126.9519, 37.5702], [126.949, 37.5747], [126.949, 37.5758], [126.9457, 37.5774], [126.9435, 37.5746], [126.9441, 37.5727], [126.9429, 37.5704], [126.9386, 37.5692], [126.9383, 37.5684], [126.9365, 37.5675], [126.9357, 37.5653], [126.9348, 37.5644], [126.9355, 37.5627], [126.935, 37.5614], [126.9319, 37.5625], [126.9312, 37.561], [126.9284, 37.561], [126.9272, 37.5618], [126.9266, 37.5589], [126.9369, 37.5551], [126.9414, 37.5565], [126.9489, 37.557], [126.9479, 37.5588], [126.9491, 37.5589], [126.9498, 37.5598]]]]}, "properties": {"dong": "Sinchon-dong", "dong_kr": "신촌동", "osm_id": 3887531, "conn_tier": "high"}}, {"type": "Feature", "geometry": {"type": "MultiPolygon", "coordinates": [[[[126.935, 37.5614], [126.9355, 37.5627], [126.9348, 37.5644], [126.9357, 37.5653], [126.9365, 37.5675], [126.9383, 37.5684], [126.9386, 37.5692], [126.9429, 37.5704], [126.9441, 37.5727], [126.9435, 37.5746], [126.9457, 37.5774], [126.9443, 37.5781], [126.9439, 37.5803], [126.9419, 37.5811], [126.9415, 37.5824], [126.9421, 37.5842], [126.9391, 37.5841], [126.9373, 37.5827], [126.9375, 37.5817], [126.9368, 37.5803], [126.9271, 37.576], [126.924, 37.5734], [126.9214, 37.5723], [126.9168, 37.5679], [126.926, 37.5652], [126.9283, 37.5634], [126.9272, 37.5618], [126.9284, 37.561], [126.9312, 37.561], [126.9319, 37.5625], [126.935, 37.5614]]]]}, "properties": {"dong": "Yeonhui-dong", "dong_kr": "연희동", "osm_id": 3887532, "conn_tier": "no-data"}}, {"type": "Feature", "geometry": {"type": "MultiPolygon", "coordinates": [[[[126.967, 37.5655], [126.9695, 37.562], [126.9669, 37.5613], [126.9633, 37.5592], [126.9615, 37.5591], [126.9595, 37.5619], [126.9525, 37.5613], [126.9498, 37.5598], [126.9495, 37.5604], [126.9502, 37.5612], [126.9491, 37.5651], [126.9517, 37.5694], [126.9518, 37.5704], [126.956, 37.5681], [126.9556, 37.5673], [126.9585, 37.5661], [126.959, 37.5654], [126.9631, 37.5655], [126.9629, 37.5662], [126.9648, 37.5661], [126.9657, 37.5668], [126.967, 37.5655]]]]}, "properties": {"dong": "Chunghyeon-dong", "dong_kr": "충현동", "osm_id": 3887534, "conn_tier": "high"}}, {"type": "Feature", "geometry": {"type": "MultiPolygon", "coordinates": [[[[126.9151, 37.5752], [126.9143, 37.5753], [126.9135, 37.5744], [126.9135, 37.5729], [126.9114, 37.5721], [126.9127, 37.571], [126.9137, 37.5716], [126.9136, 37.571], [126.913, 37.5705], [126.9101, 37.5718], [126.9098, 37.5708], [126.9168, 37.5679], [126.9214, 37.5723], [126.9178, 37.5751], [126.9151, 37.5752]]]]}, "properties": {"dong": "Namgajwa 1(il)-dong", "dong_kr": "남가좌1동", "osm_id": 3887537, "conn_tier": "no-data"}}, {"type": "Feature", "geometry": {"type": "MultiPolygon", "coordinates": [[[[126.9152, 37.5753], [126.9158, 37.5788], [126.9182, 37.5805], [126.9175, 37.581], [126.9195, 37.5805], [126.9202, 37.5811], [126.9216, 37.5808], [126.9209, 37.583], [126.9218, 37.5834], [126.9218, 37.5847], [126.9228, 37.5855], [126.9232, 37.584], [126.924, 37.5839], [126.9248, 37.5825], [126.9239, 37.5824], [126.925, 37.5813], [126.9252, 37.5796], [126.9272, 37.5757], [126.9214, 37.5723], [126.9178, 37.5751], [126.9152, 37.5753]]]]}, "properties": {"dong": "Namgajwa 2(i)-dong", "dong_kr": "남가좌2동", "osm_id": 3887538, "conn_tier": "no-data"}}, {"type": "Feature", "geometry": {"type": "MultiPolygon", "coordinates": [[[[126.9019, 37.5766], [126.9093, 37.5711], [126.9098, 37.5708], [126.9101, 37.5718], [126.913, 37.5705], [126.9138, 37.5715], [126.9127, 37.571], [126.9114, 37.5721], [126.9135, 37.5729], [126.9135, 37.5744], [126.9143, 37.5753], [126.9152, 37.5753], [126.9125, 37.5756], [126.9061, 37.5803], [126.9019, 37.5766]]]]}, "properties": {"dong": "Bukgajwa 1(il)-dong", "dong_kr": "북가좌1동", "osm_id": 3887539, "conn_tier": "no-data"}}, {"type": "Feature", "geometry": {"type": "MultiPolygon", "coordinates": [[[[126.9152, 37.5753], [126.9125, 37.5756], [126.9061, 37.5803], [126.9132, 37.5871], [126.9158, 37.5861], [126.9154, 37.5855], [126.9164, 37.5859], [126.9157, 37.5846], [126.916, 37.5832], [126.9209, 37.583], [126.9217, 37.5811], [126.9195, 37.5805], [126.9175, 37.581], [126.9182, 37.5805], [126.9158, 37.5788], [126.9152, 37.5753]]]]}, "properties": {"dong": "Bukgajwa 2(i)-dong", "dong_kr": "북가좌2동", "osm_id": 3887540, "conn_tier": "no-data"}}, {"type": "Feature", "geometry": {"type": "MultiPolygon", "coordinates": [[[[126.9386, 37.5975], [126.9409, 37.5942], [126.9414, 37.5914], [126.9451, 37.5923], [126.9469, 37.5945], [126.9464, 37.597], [126.9474, 37.5985], [126.95, 37.5978], [126.9515, 37.5958], [126.9535, 37.5968], [126.9552, 37.5959], [126.9561, 37.5965], [126.9563, 37.599], [126.9549, 37.5994], [126.9531, 37.5988], [126.9534, 37.6002], [126.9524, 37.6025], [126.9541, 37.6051], [126.9527, 37.6058], [126.9515, 37.6082], [126.9506, 37.6085], [126.9504, 37.6108], [126.9484, 37.6089], [126.9437, 37.6062], [126.9437, 37.6051], [126.9421, 37.605], [126.9413, 37.6032], [126.94, 37.6031], [126.9398, 37.6019], [126.9414, 37.6007], [126.9409, 37.5988], [126.9386, 37.5975]]]]}, "properties": {"dong": "Hongeun 1(il)-dong", "dong_kr": "홍은1동", "osm_id": 3887541, "conn_tier": "no-data"}}, {"type": "Feature", "geometry": {"type": "MultiPolygon", "coordinates": [[[[126.9386, 37.5975], [126.9409, 37.5942], [126.9414, 37.5914], [126.9367, 37.5888], [126.9359, 37.5875], [126.9355, 37.5858], [126.9373, 37.5827], [126.9373, 37.5811], [126.9368, 37.5803], [126.9273, 37.5761], [126.9252, 37.5796], [126.925, 37.5813], [126.9239, 37.5824], [126.9248, 37.5825], [126.924, 37.5839], [126.9232, 37.584], [126.9229, 37.5857], [126.9239, 37.5872], [126.9258, 37.5871], [126.9278, 37.5881], [126.9278, 37.5917], [126.9303, 37.5946], [126.9335, 37.5966], [126.9375, 37.5979], [126.9386, 37.5975]]]]}, "properties": {"dong": "Hongeun 2(i)-dong", "dong_kr": "홍은2동", "osm_id": 3887542, "conn_tier": "no-data"}}, {"type": "Feature", "geometry": {"type": "MultiPolygon", "coordinates": [[[[126.9414, 37.5914], [126.9469, 37.5864], [126.9536, 37.5788], [126.9507, 37.5763], [126.9484, 37.5758], [126.9473, 37.5769], [126.9448, 37.5776], [126.9439, 37.5803], [126.9419, 37.5811], [126.9415, 37.5824], [126.9421, 37.5842], [126.9393, 37.5842], [126.9373, 37.5827], [126.936, 37.5843], [126.9355, 37.5858], [126.9363, 37.5884], [126.9414, 37.5914]]]]}, "properties": {"dong": "Hongje 1(il)-dong", "dong_kr": "홍제1동", "osm_id": 3887543, "conn_tier": "low"}}, {"type": "Feature", "geometry": {"type": "MultiPolygon", "coordinates": [[[[126.9577, 37.5823], [126.9582, 37.5811], [126.9572, 37.5799], [126.9536, 37.5788], [126.945, 37.5881], [126.9465, 37.5889], [126.948, 37.5885], [126.9495, 37.5891], [126.9498, 37.5884], [126.9513, 37.5889], [126.9532, 37.5883], [126.9573, 37.5887], [126.958, 37.5845], [126.9577, 37.5823]]]]}, "properties": {"dong": "Hongje 2(i)-dong", "dong_kr": "홍제2동", "osm_id": 3887544, "conn_tier": "no-data"}}, {"type": "Feature", "geometry": {"type": "MultiPolygon", "coordinates": [[[[126.9587, 37.5964], [126.958, 37.5982], [126.9563, 37.599], [126.9561, 37.5965], [126.9552, 37.5959], [126.9535, 37.5968], [126.9515, 37.5958], [126.95, 37.5978], [126.9474, 37.5985], [126.9464, 37.597], [126.9469, 37.5945], [126.9451, 37.5923], [126.9414, 37.5914], [126.945, 37.5881], [126.9465, 37.5889], [126.948, 37.5885], [126.9495, 37.5891], [126.9498, 37.5884], [126.9513, 37.5889], [126.9532, 37.5883], [126.9573, 37.5887], [126.9575, 37.5935], [126.959, 37.5948], [126.9587, 37.5964]]]]}, "properties": {"dong": "Hongje 3(sam)-dong", "dong_kr": "홍제3동", "osm_id": 3887545, "conn_tier": "no-data"}}, {"type": "Feature", "geometry": {"type": "MultiPolygon", "coordinates": [[[[126.9856, 37.5766], [126.9855, 37.5774], [126.9846, 37.5773], [126.984, 37.5784], [126.984, 37.5814], [126.9831, 37.5821], [126.9829, 37.5832], [126.9838, 37.5839], [126.9838, 37.585], [126.9862, 37.5871], [126.986, 37.5883], [126.989, 37.5906], [126.989, 37.5914], [126.9867, 37.5926], [126.9854, 37.5945], [126.9829, 37.5948], [126.9764, 37.5981], [126.975, 37.5959], [126.9752, 37.595], [126.9737, 37.5935], [126.9756, 37.5897], [126.9764, 37.5897], [126.9792, 37.5871], [126.9796, 37.5855], [126.9791, 37.5849], [126.9792, 37.5834], [126.9805, 37.5824], [126.9796, 37.576], [126.9831, 37.5755], [126.9856, 37.5766]]]]}, "properties": {"dong": "Samcheong-dong", "dong_kr": "삼청동", "osm_id": 3888557, "conn_tier": "no-data"}}, {"type": "Feature", "geometry": {"type": "MultiPolygon", "coordinates": [[[[127.0391, 37.5231], [127.0407, 37.5278], [127.0334, 37.5291], [127.031, 37.5285], [127.0177, 37.5218], [127.0196, 37.516], [127.0281, 37.5197], [127.0391, 37.5231]]], [[[127.0084, 37.5259], [127.0132, 37.5226], [127.0164, 37.5261], [127.0122, 37.5296], [127.0084, 37.5259]]]]}, "properties": {"dong": "Sinsa-dong", "dong_kr": "신사동", "osm_id": 5598056, "conn_tier": "high"}}, {"type": "Feature", "geometry": {"type": "MultiPolygon", "coordinates": [[[[127.0239, 37.5397], [127.0293, 37.5394], [127.0461, 37.5346], [127.0438, 37.527], [127.0363, 37.5289], [127.033, 37.5291], [127.0177, 37.5218], [127.0151, 37.5247], [127.0164, 37.5261], [127.0122, 37.5296], [127.0211, 37.5383], [127.0239, 37.5397]]]]}, "properties": {"dong": "Apgujeong-dong", "dong_kr": "압구정동", "osm_id": 5598057, "conn_tier": "no-data"}}, {"type": "Feature", "geometry": {"type": "MultiPolygon", "coordinates": [[[[127.0017, 37.5831], [127.0034, 37.5841], [127.0047, 37.5857], [127.0062, 37.5853], [127.0066, 37.586], [127.0059, 37.5869], [127.0042, 37.5871], [127.0033, 37.5886], [127.0023, 37.589], [127.0009, 37.5923], [126.9953, 37.5922], [126.9943, 37.5914], [126.9921, 37.592], [126.9915, 37.5914], [126.989, 37.5914], [126.989, 37.5896], [126.988, 37.5889], [126.9876, 37.5872], [126.9935, 37.5873], [126.9941, 37.5856], [126.9963, 37.5828], [126.9974, 37.5828], [126.9979, 37.5813], [127.002, 37.5815], [127.0017, 37.5831]]]]}, "properties": {"dong": "Hyehwa-dong", "dong_kr": "혜화동", "osm_id": 8243591, "conn_tier": "no-data"}}, {"type": "Feature", "geometry": {"type": "MultiPolygon", "coordinates": [[[[126.9589, 37.5657], [126.9631, 37.5655], [126.9629, 37.5662], [126.9648, 37.5661], [126.9657, 37.5668], [126.9536, 37.5788], [126.9507, 37.5763], [126.949, 37.5758], [126.949, 37.5747], [126.951, 37.571], [126.956, 37.5681], [126.9556, 37.5673], [126.9589, 37.5657]]]]}, "properties": {"dong": "Cheonyeon-dong", "dong_kr": "천연동", "osm_id": 8855694, "conn_tier": "mid"}}, {"type": "Feature", "geometry": {"type": "MultiPolygon", "coordinates": [[[[127.0081, 37.6241], [127.0088, 37.625], [127.0122, 37.6265], [127.0159, 37.6271], [127.0161, 37.6279], [127.0177, 37.6286], [127.0172, 37.6292], [127.0177, 37.6294], [127.0242, 37.6309], [127.0234, 37.6346], [127.0104, 37.6333], [127.0094, 37.6339], [127.0069, 37.6338], [126.9962, 37.6294], [127.0, 37.6259], [127.0033, 37.6253], [127.0046, 37.624], [127.0081, 37.6241]]]]}, "properties": {"dong": "Suyu 1(il)-dong", "dong_kr": "수유1동", "osm_id": 8874359, "conn_tier": "no-data"}}, {"type": "Feature", "geometry": {"type": "MultiPolygon", "coordinates": [[[[127.0729, 37.5022], [127.0809, 37.5009], [127.0919, 37.4976], [127.0796, 37.4936], [127.0818, 37.4886], [127.0784, 37.4874], [127.0766, 37.4904], [127.0772, 37.4906], [127.0762, 37.4926], [127.0727, 37.4914], [127.0719, 37.4937], [127.0735, 37.4955], [127.0738, 37.497], [127.0729, 37.5022]]]]}, "properties": {"dong": "Gaepo 3(sam)-dong", "dong_kr": "개포3동", "osm_id": 8884978, "conn_tier": "low"}}, {"type": "Feature", "geometry": {"type": "MultiPolygon", "coordinates": [[[[127.0565, 37.4876], [127.058, 37.4848], [127.0648, 37.4792], [127.0688, 37.4767], [127.0727, 37.472], [127.0769, 37.475], [127.0747, 37.4762], [127.073, 37.4786], [127.073, 37.4793], [127.0758, 37.4811], [127.0761, 37.4831], [127.0782, 37.4846], [127.0784, 37.4874], [127.0766, 37.4904], [127.0772, 37.4906], [127.0762, 37.4926], [127.0727, 37.4914], [127.0719, 37.4937], [127.0683, 37.4908], [127.0588, 37.4888], [127.0565, 37.4876]]]]}, "properties": {"dong": "Gaepo 2(i)-dong", "dong_kr": "개포2동", "osm_id": 8884979, "conn_tier": "no-data"}}, {"type": "Feature", "geometry": {"type": "MultiPolygon", "coordinates": [[[[127.0128, 37.5756], [127.0155, 37.5768], [127.0157, 37.5712], [127.019, 37.571], [127.0164, 37.5699], [127.01, 37.5698], [127.0097, 37.5716], [127.0126, 37.5721], [127.0112, 37.5736], [127.0128, 37.5746], [127.0128, 37.5756]]]]}, "properties": {"dong": "Changsin 1(il)-dong", "dong_kr": "창신1동", "osm_id": 9623459, "conn_tier": "very-high"}}, {"type": "Feature", "geometry": {"type": "MultiPolygon", "coordinates": [[[[127.0717, 37.6753], [127.074, 37.6776], [127.0735, 37.6785], [127.0754, 37.6818], [127.0758, 37.6853], [127.079, 37.688], [127.0816, 37.6886], [127.0856, 37.6906], [127.0904, 37.6893], [127.0932, 37.6897], [127.0947, 37.6888], [127.0964, 37.6889], [127.096, 37.6848], [127.0936, 37.6825], [127.0917, 37.6786], [127.0948, 37.6751], [127.0955, 37.6717], [127.0956, 37.6681], [127.0948, 37.6669], [127.0946, 37.664], [127.0891, 37.6646], [127.0847, 37.6643], [127.0822, 37.6627], [127.0777, 37.6622], [127.0754, 37.6627], [127.0756, 37.6633], [127.0717, 37.6664], [127.0734, 37.6676], [127.075, 37.6705], [127.0743, 37.6727], [127.0732, 37.6729], [127.0726, 37.6749], [127.0717, 37.6753]]]]}, "properties": {"dong": "Sanggye 3·4(sam·sa)-dong", "dong_kr": "상계3·4동", "osm_id": 9626656, "conn_tier": "very-low"}}, {"type": "Feature", "geometry": {"type": "MultiPolygon", "coordinates": [[[[127.1266, 37.4735], [127.1262, 37.4687], [127.1304, 37.4676], [127.1331, 37.4683], [127.132, 37.4698], [127.1328, 37.4712], [127.1327, 37.4748], [127.147, 37.4739], [127.1475, 37.4818], [127.1487, 37.484], [127.1585, 37.4897], [127.1525, 37.4929], [127.1509, 37.4924], [127.1503, 37.4919], [127.1506, 37.4912], [127.1473, 37.489], [127.1468, 37.4873], [127.1456, 37.487], [127.1442, 37.4872], [127.144, 37.4882], [127.1424, 37.4894], [127.1417, 37.4921], [127.1381, 37.4906], [127.1371, 37.4882], [127.1359, 37.4815], [127.139, 37.4817], [127.1385, 37.4805], [127.1374, 37.4796], [127.134, 37.4786], [127.1266, 37.4735]]]]}, "properties": {"dong": "Wirye-dong", "dong_kr": "위례동", "osm_id": 11117000, "conn_tier": "very-low"}}, {"type": "Feature", "geometry": {"type": "MultiPolygon", "coordinates": [[[[127.1366, 37.5288], [127.1447, 37.5265], [127.1461, 37.524], [127.1458, 37.5219], [127.1478, 37.5222], [127.1495, 37.5258], [127.1532, 37.5292], [127.154, 37.5345], [127.1596, 37.541], [127.1452, 37.5349], [127.1454, 37.5353], [127.1413, 37.5338], [127.1386, 37.534], [127.1366, 37.5288]]]]}, "properties": {"dong": "Dunchon 2(i)-dong", "dong_kr": "둔촌2동", "osm_id": 13735185, "conn_tier": "mid"}}, {"type": "Feature", "geometry": {"type": "MultiPolygon", "coordinates": [[[[127.1458, 37.5219], [127.1448, 37.5196], [127.1451, 37.5168], [127.1339, 37.5214], [127.1366, 37.5288], [127.1447, 37.5265], [127.1461, 37.524], [127.1458, 37.5219]]]]}, "properties": {"dong": "Dunchon 1(il)-dong", "dong_kr": "둔촌1동", "osm_id": 13735186, "conn_tier": "mid"}}, {"type": "Feature", "geometry": {"type": "MultiPolygon", "coordinates": [[[[127.1287, 37.5237], [127.1339, 37.5214], [127.1386, 37.534], [127.1343, 37.5353], [127.1287, 37.5237]]]]}, "properties": {"dong": "Seongnae 3(sam)-dong", "dong_kr": "성내3동", "osm_id": 13735187, "conn_tier": "no-data"}}, {"type": "Feature", "geometry": {"type": "MultiPolygon", "coordinates": [[[[127.1234, 37.5386], [127.1214, 37.5331], [127.1256, 37.5319], [127.1265, 37.533], [127.1271, 37.5315], [127.1318, 37.5301], [127.1343, 37.5353], [127.1234, 37.5386]]]]}, "properties": {"dong": "Seongnae 2(i)-dong", "dong_kr": "성내2동", "osm_id": 13735188, "conn_tier": "low"}}, {"type": "Feature", "geometry": {"type": "MultiPolygon", "coordinates": [[[[127.1287, 37.5237], [127.1191, 37.528], [127.1214, 37.5331], [127.1256, 37.5319], [127.1265, 37.533], [127.1271, 37.5315], [127.1318, 37.5301], [127.1287, 37.5237]]]]}, "properties": {"dong": "Seongnae 1(il)-dong", "dong_kr": "성내1동", "osm_id": 13735189, "conn_tier": "mid"}}, {"type": "Feature", "geometry": {"type": "MultiPolygon", "coordinates": [[[[127.1265, 37.5377], [127.1287, 37.5406], [127.1311, 37.5424], [127.1381, 37.5431], [127.1417, 37.5423], [127.1412, 37.541], [127.1378, 37.5412], [127.1368, 37.5406], [127.1339, 37.5354], [127.1265, 37.5377]]]]}, "properties": {"dong": "Cheonho 3(sam)-dong", "dong_kr": "천호3동", "osm_id": 13735190, "conn_tier": "mid"}}, {"type": "Feature", "geometry": {"type": "MultiPolygon", "coordinates": [[[[127.1345, 37.5471], [127.1275, 37.5501], [127.1267, 37.5479], [127.1223, 37.5489], [127.1225, 37.5495], [127.1115, 37.5504], [127.1115, 37.547], [127.1095, 37.544], [127.1189, 37.5411], [127.1224, 37.539], [127.1265, 37.5377], [127.1287, 37.5406], [127.1305, 37.5416], [127.1345, 37.5471]]]]}, "properties": {"dong": "Cheonho 2(i)-dong", "dong_kr": "천호2동", "osm_id": 13735191, "conn_tier": "low"}}, {"type": "Feature", "geometry": {"type": "MultiPolygon", "coordinates": [[[[127.1427, 37.5451], [127.1417, 37.5423], [127.1381, 37.5431], [127.1311, 37.5424], [127.1349, 37.5477], [127.1381, 37.5503], [127.144, 37.5508], [127.1427, 37.5451]]]]}, "properties": {"dong": "Cheonho 1(il)-dong", "dong_kr": "천호1동", "osm_id": 13735192, "conn_tier": "no-data"}}, {"type": "Feature", "geometry": {"type": "MultiPolygon", "coordinates": [[[[127.1456, 37.5684], [127.1448, 37.5657], [127.1475, 37.5611], [127.1439, 37.5586], [127.1447, 37.5577], [127.1443, 37.555], [127.1292, 37.5548], [127.1323, 37.5615], [127.1338, 37.5678], [127.1377, 37.5684], [127.1456, 37.5684]]]]}, "properties": {"dong": "Amsa 3(sam)-dong", "dong_kr": "암사3동", "osm_id": 13735193, "conn_tier": "low"}}, {"type": "Feature", "geometry": {"type": "MultiPolygon", "coordinates": [[[[127.1152, 37.5565], [127.1116, 37.5504], [127.1225, 37.5495], [127.1223, 37.5489], [127.1267, 37.5479], [127.1306, 37.5586], [127.1323, 37.5615], [127.1338, 37.5678], [127.123, 37.5635], [127.1173, 37.5595], [127.1152, 37.5565]]]]}, "properties": {"dong": "Amsa 2(i)-dong", "dong_kr": "암사2동", "osm_id": 13735194, "conn_tier": "no-data"}}, {"type": "Feature", "geometry": {"type": "MultiPolygon", "coordinates": [[[[127.1345, 37.5471], [127.1377, 37.5501], [127.1415, 37.5508], [127.1403, 37.5512], [127.1434, 37.5548], [127.1292, 37.5548], [127.1275, 37.5501], [127.1345, 37.5471]]]]}, "properties": {"dong": "Amsa 1(il)-dong", "dong_kr": "암사1동", "osm_id": 13735195, "conn_tier": "no-data"}}, {"type": "Feature", "geometry": {"type": "MultiPolygon", "coordinates": [[[[127.1417, 37.5423], [127.1412, 37.541], [127.1378, 37.5412], [127.1368, 37.5406], [127.1339, 37.5354], [127.139, 37.5339], [127.142, 37.5339], [127.1601, 37.5415], [127.1594, 37.5425], [127.1566, 37.5435], [127.1538, 37.5421], [127.1535, 37.5437], [127.1523, 37.544], [127.1518, 37.545], [127.1509, 37.5448], [127.1504, 37.5457], [127.1484, 37.545], [127.1486, 37.5458], [127.1476, 37.546], [127.1456, 37.5449], [127.1458, 37.5444], [127.1427, 37.5451], [127.1417, 37.5423]]]]}, "properties": {"dong": "Gil-dong", "dong_kr": "길동", "osm_id": 13735196, "conn_tier": "low"}}, {"type": "Feature", "geometry": {"type": "MultiPolygon", "coordinates": [[[[127.1565, 37.5554], [127.1559, 37.5461], [127.1591, 37.5454], [127.1626, 37.5458], [127.1632, 37.545], [127.1596, 37.541], [127.1601, 37.5415], [127.1594, 37.5425], [127.1575, 37.5432], [127.1566, 37.5435], [127.1538, 37.5421], [127.1535, 37.5437], [127.1523, 37.544], [127.1518, 37.545], [127.1509, 37.5448], [127.1504, 37.5457], [127.1484, 37.545], [127.1502, 37.5547], [127.1565, 37.5554]]]]}, "properties": {"dong": "Myeongil 2(i)-dong", "dong_kr": "명일2동", "osm_id": 13735197, "conn_tier": "very-low"}}, {"type": "Feature", "geometry": {"type": "MultiPolygon", "coordinates": [[[[127.1444, 37.5555], [127.1403, 37.5512], [127.144, 37.5508], [127.1427, 37.5451], [127.1458, 37.5444], [127.1456, 37.5449], [127.1476, 37.546], [127.1486, 37.5458], [127.1502, 37.5547], [127.1447, 37.5549], [127.1444, 37.5555]]]]}, "properties": {"dong": "Myeongil 1(il)-dong", "dong_kr": "명일1동", "osm_id": 13735198, "conn_tier": "low"}}, {"type": "Feature", "geometry": {"type": "MultiPolygon", "coordinates": [[[[127.162, 37.5764], [127.164, 37.575], [127.164, 37.5743], [127.1657, 37.5739], [127.1675, 37.5709], [127.1672, 37.5703], [127.173, 37.5637], [127.17, 37.5621], [127.1706, 37.5617], [127.1714, 37.5573], [127.1566, 37.5554], [127.1569, 37.563], [127.1564, 37.5674], [127.1553, 37.5682], [127.1533, 37.5675], [127.1531, 37.5709], [127.162, 37.5764]]]]}, "properties": {"dong": "Godeok 2(i)-dong", "dong_kr": "고덕2동", "osm_id": 13735199, "conn_tier": "very-low"}}, {"type": "Feature", "geometry": {"type": "MultiPolygon", "coordinates": [[[[127.1566, 37.5554], [127.1514, 37.5547], [127.1446, 37.555], [127.1447, 37.5578], [127.1439, 37.5586], [127.1475, 37.5611], [127.1448, 37.5657], [127.1456, 37.5684], [127.1489, 37.5684], [127.1531, 37.5709], [127.1533, 37.5675], [127.1547, 37.5682], [127.1559, 37.568], [127.1569, 37.563], [127.1566, 37.5554]]]]}, "properties": {"dong": "Godeok 1(il)-dong", "dong_kr": "고덕1동", "osm_id": 13735200, "conn_tier": "no-data"}}, {"type": "Feature", "geometry": {"type": "MultiPolygon", "coordinates": [[[[127.1739, 37.5456], [127.1759, 37.5451], [127.1795, 37.5456], [127.1796, 37.5466], [127.1812, 37.5466], [127.1824, 37.5456], [127.1838, 37.5455], [127.1828, 37.5467], [127.183, 37.5518], [127.1814, 37.5529], [127.1818, 37.5587], [127.1715, 37.557], [127.1739, 37.5456]]]]}, "properties": {"dong": "Sangil 2(i)-dong", "dong_kr": "상일2동", "osm_id": 13735201, "conn_tier": "very-low"}}, {"type": "Feature", "geometry": {"type": "MultiPolygon", "coordinates": [[[[127.1632, 37.545], [127.1666, 37.5442], [127.1691, 37.5452], [127.1702, 37.5448], [127.1739, 37.5456], [127.1714, 37.5573], [127.1565, 37.5554], [127.1559, 37.5461], [127.1591, 37.5454], [127.1626, 37.5458], [127.1632, 37.545]]]]}, "properties": {"dong": "Sangil 1(il)-dong", "dong_kr": "상일1동", "osm_id": 13735202, "conn_tier": "no-data"}}, {"type": "Feature", "geometry": {"type": "MultiPolygon", "coordinates": [[[[127.1029, 37.5238], [127.1082, 37.5287], [127.1085, 37.5369], [127.1214, 37.5331], [127.1204, 37.5301], [127.1166, 37.5238], [127.1029, 37.5238]]]]}, "properties": {"dong": "Pungnap 2(i)-dong", "dong_kr": "풍납2동", "osm_id": 15937254, "conn_tier": "no-data"}}]}